spot_id,CD14 Mono,CD4 Naive,CD8 Naive,CD4 TCM,CD16 Mono,NK,CD8 TEM_1,CD8 TEM_2,Intermediate B,Memory B,CD4 TEM,cDC,Treg,gdT,MAIT,Naive B
spot_0000,0.23468890213151014,0.24766713234302357,0.42389502705527693,0.01729267855157398,0.00798688040332027,0.0022872781876601533,0.004206396886455681,0.0018623670585281716,0.002281022085334866,0.0028034085481999354,0.025848794515976953,0.008340590925566037,0.012896056425978934,0.0018637227919059698,0.0037196946985316444,0.0023600473911568097
spot_0001,0.019653305241142987,0.01140877903615251,0.008959058009954293,0.021355377988345543,0.6616342422207174,0.003967537427081956,0.006871934830722336,0.004493621762137198,0.004582239717159382,0.004960754289560467,0.16970576447436392,0.039347346948098924,0.027079967274479717,0.003664564606591138,0.006756110443209016,0.005559395730283203
spot_0002,0.19553331763775766,0.02513647341070364,0.42064517820149006,0.020585288415809123,0.03355220795218255,0.0018064367702337884,0.005410935766995585,0.0023313637330608056,0.09286071958544713,0.01860090645733412,0.010234311049023755,0.03737011871379017,0.010411660603998627,0.0022981927730792804,0.002544262779814139,0.12067862614927957
spot_0003,0.38679289987831456,0.012794926933453729,0.13616037657542665,0.03352775854457029,0.08055001631326364,0.0033208619188648644,0.04803802209669197,0.0035121852068794664,0.007900660396607596,0.00903842718207168,0.06041557210365586,0.05216132407647486,0.011132530900371012,0.003662907558414572,0.04944015929687703,0.10155137101806222
spot_0004,0.24148746188077838,0.08015260728827603,0.03191418755403857,0.20611452942892716,0.032758921225693294,0.13481033113297333,0.07166886429247514,0.011831450930936835,0.0024962782127873973,0.002515323071282053,0.01686619636752132,0.008378851173726408,0.05706041179717879,0.08684321941713119,0.010617591688134143,0.004483774538139937
spot_0005,0.15951176391525895,0.009866222793139397,0.2959310621127433,0.007920716254120842,0.040108582727744764,0.012260142081164794,0.09342874533787751,0.0036528245210184908,0.0015794406129468236,0.0029974833528777158,0.004990131266849088,0.34012528321700586,0.00616827212433189,0.005151625901356101,0.013890756140985347,0.0024169476405791466
spot_0006,0.0010412909885693688,0.02064470638851464,0.3194584872255529,0.011235654871135951,0.0010130292651756218,0.011413013415243804,0.06355027253350887,0.3439221913402515,0.0018578231677197248,0.0018815285655211576,0.008174231602944212,0.0010348700115733072,0.0111873998093956,0.1566795194986695,0.04498044429234988,0.0019255370238739835
spot_0007,0.9101869594358184,0.0030085141696641663,0.0028197527209155586,0.0026148931894893783,0.028040005936285268,0.0026516691787195064,0.0023971222655421722,0.0024543871069824365,0.0034692877442289802,0.003381854679088026,0.002693518009003823,0.025311458406604887,0.0028450204663036144,0.0024490586208834346,0.0024966686889817875,0.0031798293814885676
spot_0008,0.0009481345480451907,0.2518844837763425,0.02514622670274364,0.057661035036190404,0.0009311578294791603,0.010393365515152903,0.07976387875961742,0.2787443266752393,0.0012675495005259854,0.0010302201868480287,0.026569758265868413,0.0008562941169903166,0.18466489141380907,0.0613009305318078,0.01775231067851259,0.0010854364628272997
spot_0009,0.2743506075900067,0.14722673500356304,0.24055459568034776,0.057637058931637716,0.020222924600101982,0.00476085947757584,0.04413551490760642,0.024898396175722644,0.0016985488948269172,0.001636934970648331,0.08638986512380721,0.005547819169680989,0.006448173691047107,0.010774511288723367,0.07120847693546271,0.002508977559241303
spot_0010,0.0006869602393756849,0.4929175012238496,0.40289333960247786,0.06073425170259173,0.000727029741404784,0.0017455179651868944,0.0059193937194616545,0.0024537796363490413,0.000751078294441343,0.000756675314228027,0.011574138856615682,0.0006363481001084326,0.01192711218232169,0.0022823034328125443,0.0032811748345771136,0.0007133951541979418
spot_0011,0.9017869734107471,0.0029338462971081414,0.002781263814573858,0.0028556778046615644,0.023461225736013672,0.002693844569751444,0.0026786517851153896,0.0026803396559242853,0.0042889422030748196,0.004500682764270576,0.0027595209357680656,0.03430881392267985,0.003112763199325718,0.002645847112858164,0.002521242618467177,0.003990364169660235
spot_0012,0.8854454767300421,0.01874536916538421,0.054653522247224785,0.0026640098989662224,0.014032176169170666,0.0010454992313249831,0.0017318139296251163,0.0011280669020723255,0.00087651394978651,0.0009507890841657964,0.002272025198288035,0.01033109172722151,0.002771712326521639,0.0011494798156056266,0.0013193944547084976,0.0008830591698919339
spot_0013,0.6456458386276688,0.0028017871062009305,0.0027559523855700692,0.0025626495462195914,0.05047335626297257,0.22916534650866713,0.004353636446124936,0.013847534204761217,0.00489591095432927,0.003742695411343295,0.002273835933442988,0.017362562713892544,0.003104862455278256,0.011094497040062044,0.0030633710644471924,0.002856163339019179
spot_0014,0.7975054899164541,0.0032254717284796097,0.0029940013348946715,0.003010902253004716,0.016925258196970834,0.006317651083420235,0.04296389171344516,0.08173488533922889,0.0008908278982610471,0.0008582288101404147,0.002478508605010566,0.007224834981264634,0.0035273084823432984,0.022516146630348833,0.0069720414839043844,0.0008545515428286641
spot_0015,0.664124888319945,0.00281733414116033,0.0027979246255570443,0.0030689495679274374,0.18120918704566405,0.003947801429916981,0.003208432792561443,0.004101698058653091,0.0036576356283857725,0.0038689399560343702,0.003053628290330091,0.11002980292941912,0.0033273226727333397,0.00398580326268674,0.0031584859946641197,0.0036421652843611
spot_0016,0.0005519606153361414,0.27910677513865984,0.24583524692679548,0.12821311350284734,0.0006541619069203565,0.1711104959505885,0.007621636998922461,0.035548424541114496,0.001350260236901974,0.0011774058104772453,0.033795554593070036,0.0005063919735005206,0.010984308010674588,0.07336553575674341,0.008875603374272461,0.0013031246631751497
spot_0017,0.3606807974591413,0.16845634042292812,0.11842778634427475,0.11577678719622005,0.00418514762249555,0.0012302294042367443,0.022986680931004033,0.00213656231342921,0.02669272260835616,0.007802998478834932,0.03290148508996755,0.008091813490450074,0.02310825433185499,0.0016550322255207055,0.0033880313052729,0.10247933077601297
spot_0018,0.8772023046868523,0.0028095266131557715,0.002757979968226767,0.002895149051203382,0.07085660374464191,0.002733782439230734,0.002804345257514775,0.002837319264868946,0.004858135994859806,0.004411569668972928,0.0029150980040045706,0.009648558860608631,0.0035132065679031135,0.0028607578172436393,0.0027669531033525903,0.0041287089573601495
spot_0019,0.1907699357236448,0.15748623044575627,0.3194707088822422,0.011212740200393966,0.01792371267114526,0.023966375167041646,0.02235967933305821,0.06499486340922689,0.0012884836844617917,0.001108892503603093,0.009380454372008438,0.04482647063871873,0.006732243426248781,0.012830100843283754,0.1143199574774927,0.0013291512216734556
spot_0020,0.7154557226371019,0.0032904685452940967,0.0030160112655167356,0.00576801883115874,0.009955752290356366,0.0012999818925557307,0.0017459714422994842,0.0011026815087797142,0.0016055739987956628,0.0015928507546236206,0.12233110387170702,0.1127781586012451,0.0028327261830186573,0.0011783733249795955,0.01429923996996406,0.0017473648826035854
spot_0021,0.2956262318723669,0.22108278263982495,0.16430659106141018,0.008346465030252673,0.11483175977523159,0.0014108441514632509,0.002335339660074676,0.001294041907207728,0.1018265990320708,0.0307789935397992,0.006113558561144332,0.014443339726385585,0.02188193710877735,0.0012377828781706165,0.002242829753207234,0.01224090330261289
spot_0022,0.19050511627800704,0.04989093496288422,0.25525862617082995,0.29192818648190727,0.020223373204499687,0.001588573466413853,0.007093686670305779,0.002961435387485364,0.0016675183678318867,0.001708594276427682,0.009332554436829408,0.12744761972673402,0.03422689200705595,0.00257099838585593,0.0022363344973041622,0.0013595556796278116
spot_0023,0.42699664845790375,0.02764460206519482,0.006151232575412778,0.05984919104068495,0.05122169482272533,0.0020939045047016513,0.004790105361548524,0.002639809847678972,0.10167365934794582,0.017081470567770214,0.09526815294711828,0.13655128377474562,0.006491883783190856,0.0022780732513621744,0.008535744919817545,0.05073254273219871
spot_0024,0.039749999102392346,0.011575155549040097,0.009261323191992054,0.133023576580724,0.1035571948581635,0.007720359649478168,0.12694255400545057,0.09656328470412626,0.0028859777676547983,0.003073243194120496,0.13353130004336913,0.23860283295402018,0.01729794359105668,0.032896440852419294,0.040617880682573076,0.0027009332734193423
spot_0025,0.2206086136854121,0.08769938977523618,0.010471224940156471,0.26276530727123415,0.038244545633201184,0.0016132251811697648,0.005450621906162969,0.0023462152356787578,0.07626745414487925,0.021685015800060558,0.011191702658045187,0.009116391587879517,0.12168867675235848,0.001859835639021169,0.0033734551417159966,0.12561832464778824
spot_0026,0.3638505070627309,0.018373631741114966,0.15264374807715866,0.009041586263311986,0.015242165229581692,0.0013665069746878924,0.003373360579925483,0.0015389205501868347,0.01538182355977747,0.21305167678643572,0.00928073738137597,0.015002941822016839,0.01916127072242633,0.001360534366271281,0.0020855330929127557,0.15924505579008522
spot_0027,0.30996680918801695,0.03942154031839265,0.17710621708495092,0.016116473522632027,0.09782953370742403,0.2754283124909454,0.011966138109717276,0.005976277057686853,0.0008675706410894929,0.0009494912709310977,0.015821760798229587,0.0142594088245334,0.009605817081488735,0.008790018891906937,0.014960396730659025,0.0009342342813955973
spot_0028,0.44250313321137213,0.1401813269023998,0.016165775092586928,0.2758364032471305,0.032364954875481605,0.001850675022766139,0.0033821030903823657,0.001892746582748609,0.0011590209928914288,0.0013143557912516789,0.038949977671989926,0.028321906414978233,0.01141978009294357,0.00163534099246761,0.0020795525860283328,0.0009429474325811896
spot_0029,0.0006078112609479409,0.10647130837170321,0.021329033353457604,0.1648307493147662,0.0006347889455292869,0.008206675969801368,0.10363910293159628,0.28540967930305144,0.0012023568289802353,0.0009012096590235762,0.04858124144528758,0.0005891809127898167,0.19021790999696453,0.04622548109666324,0.020181409791861466,0.0009720608175761829
spot_0030,0.7407834192630096,0.0027738970249821158,0.002238100455769949,0.01844332420622359,0.009464177983609883,0.0027177952447777175,0.04823833352644662,0.038874086095944005,0.0012933563087938259,0.0015946457268966622,0.05334442100986463,0.045772185311004826,0.006182963288488714,0.004898491028321743,0.02209868351576574,0.0012821200101003226
spot_0031,0.3559745824360182,0.013364197507761317,0.0060972989412434305,0.3547709580854343,0.07239957512258204,0.0015739623558204915,0.0030925408255326483,0.001746146215575374,0.003033198694483399,0.002441231232507885,0.1370659509662225,0.018999292238460416,0.02173588985912284,0.00161583341841708,0.0037271899454141256,0.0023621521554039637
spot_0032,0.001144970603863483,0.020454976618320086,0.5186755642141538,0.008264669666332365,0.0011076765501291652,0.39099532252062247,0.00758183144904352,0.008164693371192812,0.001975442614405537,0.0017153349531540299,0.008852216648566537,0.001250164352279381,0.008215010602070869,0.010756427733785727,0.009205461317657055,0.001640236784423103
spot_0033,0.13014273882323485,0.11754656166172049,0.009196304394948812,0.07790352208181577,0.17915040591813458,0.02371140074094759,0.017805979334289256,0.04909966509319136,0.011654762060515472,0.13051178940182107,0.04726872289006874,0.017389904561098245,0.04637539551575512,0.07042505634489392,0.05070057767395899,0.021117213503605736
spot_0034,0.001553060692497962,0.045761175620035746,0.22121335981098894,0.19975528258979688,0.001855541390413974,0.004433424852114585,0.013908206360908528,0.0066006525058518555,0.002312214597937733,0.002027158923389588,0.46031477790568387,0.0013215621936257952,0.022920367683022847,0.005895074498147253,0.008230765136380672,0.0018973752392037518
spot_0035,0.3997579091294317,0.20676555094435292,0.12709584144046712,0.1107150059113698,0.00958575469245928,0.006328659186208929,0.03813025775372259,0.007207876261377375,0.001999326034660661,0.0012325906107100752,0.014674795845458626,0.012252279734936918,0.015162782904699633,0.007695698173355184,0.039390788307859005,0.0020048830689301457
spot_0036,0.5980482846371111,0.004361574930234041,0.0036946786190698443,0.004132960940247234,0.015420026383454412,0.1939782409692956,0.004476563213590371,0.022554254981598933,0.001801074647000607,0.0034737301125889026,0.004298507039362633,0.10168031045178799,0.01156027658827735,0.0251893690617249,0.0036036366322474717,0.001726510792408536
spot_0037,0.07522908004496746,0.01122898613318751,0.3530188237680524,0.00892000573303356,0.03860410096327283,0.1577268322222057,0.14264423638695453,0.05223742361371122,0.0012221672129011979,0.0015142457986474637,0.009574721919609955,0.02130397675018276,0.014073417834874442,0.049288235847969604,0.062034261457003234,0.0013794843134261189
spot_0038,0.0041854309681545535,0.3005370362612974,0.03210171523174147,0.11840202184181117,0.15189899613668878,0.043108677257810465,0.024310080194130564,0.1126903330189425,0.0018055933589384283,0.0016013149505043507,0.013365280200794546,0.009885301685896478,0.10550428050085894,0.07471801466780338,0.004424347134387433,0.0014615765902395135
spot_0039,0.4707273047090305,0.0031643243894323814,0.003362820988079117,0.004361977441974785,0.12987911982480793,0.06196587115029265,0.006070418996764,0.10922403434517783,0.002545544715234845,0.001136662504856255,0.0038948247176002547,0.00656992230575967,0.0821809294432492,0.1072870563631651,0.005206625137080992,0.002422562967494483
spot_0040,0.4282401947378064,0.0033601814911350405,0.003510013353532806,0.0029637234537762914,0.04294824052181689,0.2536567504813947,0.004140628566481323,0.006834462044450262,0.035929612228141776,0.02787100168416355,0.003114270429205534,0.13242131189740738,0.0032578903072246045,0.01320603267820969,0.00399404473313442,0.034551641392119345
spot_0041,0.20092532223156007,0.0368813382029151,0.3872138075455342,0.011447930859801917,0.006216230248873696,0.0019740188219516605,0.004502733718164523,0.0025350874450191714,0.021555580747506187,0.140583808026585,0.008151399773228464,0.006958423797495964,0.13701419022547592,0.002989581973585873,0.0025328570889278637,0.028517689293374397
spot_0042,0.2806157226567879,0.02972725149305072,0.13045308281794651,0.02359535616181492,0.0599552167894576,0.03864488581855384,0.32730557711785035,0.027406082446294194,0.005471192519207295,0.003044199038998747,0.007272663459680657,0.007797534192016256,0.02159278756619591,0.023604380871150386,0.009197830241611043,0.004316236809383628
spot_0043,0.3545326007327088,0.04222826933320254,0.3044049525792696,0.015461062610942137,0.007854852449276138,0.0067094986299038335,0.010442278513033837,0.004146794076259394,0.001319441096901235,0.001319151666525935,0.04570909620379124,0.007610976866711296,0.007173246767644489,0.0036474325562718297,0.1861930317937507,0.0012473141238069998
spot_0044,0.22013440742734283,0.10876811778577088,0.15258214193089364,0.08723554477687931,0.15423165501097552,0.01975889097457295,0.013415839699194966,0.0416830756189362,0.0011117473683831568,0.001024640149628725,0.044431010548743655,0.02601321065784915,0.019526491008556125,0.09459854109536146,0.014186525991019803,0.0012981599558916236
spot_0045,0.00042927470462590954,0.6834040062300789,0.2872518348688533,0.009065112333137818,0.0004552203046768391,0.0008392199289684631,0.001846182997473649,0.0010094775315937917,0.0006518536269215893,0.0008202361740216216,0.004876345285991105,0.00040258107581482366,0.006488023680151747,0.0008749401271699378,0.000977395694839188,0.0006082954356812906
spot_0046,0.27831526491971403,0.14064482223915392,0.08259159034008688,0.10319201342218429,0.008684021064457417,0.012446309160017741,0.18132655855477908,0.06724803883203354,0.002142079796232117,0.0017953077597780613,0.03634371720006486,0.01672968969145408,0.005229810766230496,0.01350312004150105,0.044706994739016626,0.005100661473295838
spot_0047,0.25797570945375686,0.015179263652360914,0.2313052312031287,0.01053934065125828,0.16487627759209625,0.004864894516382416,0.16066714267937662,0.06269206969873899,0.001345622231250923,0.0012341155664382924,0.006234536660062714,0.05247881748313778,0.010437467960906246,0.010698403922495119,0.008070095845889188,0.0014010108827207132
spot_0048,0.4544990074806678,0.20989667713820825,0.10117831435830116,0.006041142159838247,0.08080906294630599,0.10240496955104143,0.004937098548208747,0.005306867282394707,0.00115496709763557,0.0009938528537380672,0.004084765610936664,0.007365667968805348,0.008486102990047035,0.006938887682061451,0.003966446005316495,0.0019361703264930304
spot_0049,0.3009094478663458,0.003903049452650135,0.0035246088275789093,0.3338978558712377,0.011607969746573191,0.0927494821203909,0.01678786685476386,0.03158207155493227,0.003091911608192223,0.0025714322326286245,0.11075462564797992,0.00853821464651436,0.012169204131874188,0.05148874106361248,0.013253802721547761,0.0031697156531776574
spot_0050,0.13148185118349853,0.18949924181719532,0.43086488396432193,0.008334641531244606,0.15719212341750552,0.0019189430477160056,0.002876632445934604,0.002128202236582506,0.001257300741382119,0.0013427659009837421,0.01052497596963256,0.046248211369458156,0.009975791198679541,0.001954868552347156,0.0030099227843772233,0.0013896438391404664
spot_0051,0.29131938061532664,0.10554890942015535,0.1455256358586664,0.016132019379438638,0.03360566385183606,0.001487629050164496,0.002467705057021337,0.0014367170903707238,0.005280574317534216,0.12671107177573546,0.0071560689730606536,0.14727767055693392,0.09957311094599823,0.0013468729177590808,0.001485880796511009,0.013645089393487766
spot_0052,0.25902978939177096,0.47044458250299787,0.009577203643674316,0.025565381987154995,0.005248193082130005,0.0014174984521366594,0.002891876002896851,0.0014147864622154258,0.12217348505232535,0.05466012424007145,0.008933272871800027,0.011452182646902835,0.015820444575626577,0.0016713986439618317,0.002389550224705671,0.007310230219629161
spot_0053,0.09499341330515952,0.05400254578153201,0.0493447408079339,0.30557324628969385,0.005722047274950961,0.01550142166026866,0.036123386615927934,0.07852033751130151,0.005478589787139231,0.027089723667283055,0.1070387903739108,0.003705905496262036,0.025871256758246267,0.04508141193648362,0.12509430262773313,0.020858880106173552
spot_0054,0.000542381780611753,0.478100530524474,0.22363201373722377,0.0772177053123022,0.000483843139309253,0.007045985552268783,0.016050807937798978,0.0618561848514628,0.0006538465237717987,0.0007764284609021161,0.050612697639734756,0.0004931753425843092,0.0157658029828943,0.01236621213237006,0.053795661628325955,0.0006067224539651301
spot_0055,0.3766693439834825,0.26460223123464616,0.24488022077481303,0.008368092339299039,0.04297589386974587,0.0018279086704382091,0.0025833376820711667,0.0018710581426819358,0.0013573551959518905,0.0011473179815845766,0.004633912207114175,0.009433820459341673,0.03528680432482918,0.0014697694282739015,0.001516497139720735,0.0013764365660059704
spot_0056,0.2846488406538639,0.011254186247784313,0.009997082579395246,0.27027695337901164,0.006637116055072293,0.16434470651301955,0.02765580884708866,0.009613947420241136,0.0006966583707430912,0.0009354941632333021,0.14201090598997712,0.002461899696999244,0.04007974833350176,0.015855174511163875,0.012858047267305106,0.0006734299715997487
spot_0057,0.018471349648280653,0.05299944793324783,0.0639916490559676,0.19489454613001087,0.26636401934710047,0.019498109631108648,0.15148844234591388,0.08405142559893071,0.002113662171570659,0.001750205176295903,0.013178257353762221,0.04348885086490335,0.009073230654063673,0.06534651736353239,0.011407921096746635,0.0018823656285645403
spot_0058,0.028322441646167606,0.05350017448202351,0.21844743103050518,0.08230591687422126,0.2613498984923604,0.0014395327616587997,0.005616166333430519,0.0019800802211881415,0.005260642469112382,0.07598196687177028,0.09486706851988702,0.02589343821711,0.11813983826588531,0.0018047974707826474,0.00790762145995648,0.017182984883940475
spot_0059,0.30700623504855895,0.057886880452970225,0.23197051751833966,0.0077754451501547955,0.10183040970284088,0.021255141448307566,0.018851038428238806,0.19272168044142862,0.0018686901944748808,0.0020200143837162676,0.005162930114902144,0.018211708859013662,0.009125159329849544,0.014859477563039776,0.007078931689465149,0.0023757396746990405
spot_0060,0.35508363778912555,0.19310697692747972,0.012591327952853943,0.007986076272406281,0.39333593620451873,0.0014147645633360048,0.002241556622477755,0.0014692125716401195,0.0013717023783893759,0.0013324965193727179,0.0052687642657000735,0.014471693224108398,0.006009709389216527,0.0013812147668231208,0.0015194433503880507,0.0014154872021636055
spot_0061,0.0012694506833730254,0.5796039181579065,0.012086271342272081,0.33455460252827385,0.0013229452295270077,0.0029062499802431723,0.005206713090326284,0.00425153172303474,0.0013560554673757875,0.0013473587707113015,0.019614831088193046,0.0011415792979650571,0.026502546880037302,0.0037862157764098014,0.0037113358548788626,0.0013383941294721848
spot_0062,0.28717685875218985,0.01603626782090583,0.01790754676787617,0.2264181455826906,0.012518794669620682,0.0033584414848238054,0.038253841301737014,0.003792637214204472,0.00983533130707596,0.21110163579846702,0.09951136544341957,0.016592412399576532,0.02400099481660639,0.0036115877471462913,0.01839611057237418,0.011488028321285627
spot_0063,0.0023650386563420327,0.05378577654682154,0.21777558772284938,0.032284924393552586,0.001887642040584389,0.21771845086597483,0.21491902028170973,0.0627152372706352,0.001235228084375341,0.0013656748150908155,0.03199984369985136,0.0016232522572384813,0.016105609888001266,0.07174948408904953,0.07121381687576439,0.0012554125121591031
spot_0064,0.007085405218044104,0.2589366331036904,0.34946567907311477,0.04786087579273826,0.11406927825234323,0.013609957256555156,0.027381606492934505,0.08143599280953356,0.0016882395917093794,0.0011831153158362714,0.045049223972810165,0.006145842606842321,0.022030872828736503,0.011731824219385381,0.00923101356186595,0.0030944399038600034
spot_0065,0.3338646908956871,0.0017632798454163207,0.0017044134710823338,0.007548954830366763,0.3494731725717134,0.023743907512745965,0.005023180494595728,0.07331695555888423,0.0008942237633867514,0.00087305725451461,0.057428686264388205,0.06698953166934,0.004262399909509966,0.062233113009076114,0.01006661869367922,0.0008138142556132844
spot_0066,0.0025692864037399963,0.14322656959512883,0.04565056479683423,0.2544713442789008,0.0037385679401207832,0.001986680763706491,0.00598972598806752,0.0026156384226158165,0.21766933486636023,0.06122841288895432,0.06030349105733969,0.002967356323681647,0.0759112353630436,0.002263979443607879,0.0032340424127063534,0.11617376945519182
spot_0067,0.3664376346599014,0.274126304036125,0.12341331645013492,0.17299858058734807,0.01250183461424995,0.00249707153914801,0.007536192713032832,0.0025851740577642816,0.0015315202302163483,0.0016189166611100877,0.007952419118925785,0.005134126892184892,0.014693133249922004,0.0020219458413568425,0.003037938580401431,0.0019138907681781753
spot_0068,0.05799238543903913,0.16312124676295076,0.010558752958959777,0.033129116030654875,0.0069671282197416185,0.18467179077526064,0.006966065065583915,0.006553910390503114,0.23867343605902427,0.07200990654770975,0.1398065746643616,0.018512378535185992,0.006400266728541317,0.00717048352014518,0.02000033074635223,0.027466227555985812
spot_0069,0.22776483854420115,0.2665577057343811,0.3619383450685357,0.04256473443533611,0.012107445555455709,0.0021485350289158806,0.011397706887853971,0.0031757986040807126,0.001542651236190453,0.001242606618540106,0.007850946902971369,0.015511467526219683,0.039748998675739056,0.0028421738134009615,0.0021736404428839146,0.0014324049252940826
spot_0070,0.4030667626753166,0.00786247504773513,0.005401153478949628,0.0971718305766973,0.3823733190561056,0.0012998177295728988,0.003057569907301399,0.0016594536587430432,0.0013226265207367054,0.0010965432592203127,0.016671759569336784,0.010920078187204321,0.06337585654553494,0.0015377824737467208,0.0020608423227268095,0.0011221289910718299
spot_0071,0.12369737964019778,0.23245100994496604,0.017715880485252297,0.14983346040376197,0.014408165565244827,0.003506200735848101,0.010374390774110929,0.10076971892757171,0.06347317624061238,0.012696836668803125,0.19587864401860247,0.024050877928429384,0.007175443529314363,0.008026720628294277,0.008545784602060858,0.027396309906929466
spot_0072,0.5138639682857881,0.022807566833136533,0.15193677788525445,0.16040972988722113,0.0317013896749787,0.002122205452558234,0.029416354186442582,0.003370222592372452,0.002242767792084024,0.002108548981220395,0.04484334698982292,0.013068856192573763,0.007586900828964625,0.004098480830628945,0.005718922149766565,0.004703961437186595
spot_0073,0.2556553166803191,0.04146606326338126,0.40001205271894313,0.05826380107080003,0.07782032869061987,0.001675136354741779,0.008403157030677295,0.0026729702030612395,0.0020698242770110036,0.0019336631792520372,0.012001628819549031,0.11119195777505432,0.01424723152222195,0.0024625625964743297,0.007761535944975468,0.0023627698729181213
spot_0074,0.1963510618257524,0.6518223613230182,0.008556041725570906,0.07281560212333983,0.013061734715803321,0.0030837479746978853,0.004051215887992493,0.0023676706485866303,0.001216992119134245,0.0009795966306942008,0.005877151449693624,0.003841235771429367,0.029913519608100413,0.0031390280203449886,0.0019617686972824267,0.0009612714785591031
spot_0075,0.06930860444385897,0.2892535599257659,0.02939475300172295,0.012238482322362765,0.07663589513620606,0.29077262653207075,0.010021500403417557,0.013592126698575414,0.0012106425169215492,0.0011608443289919256,0.013139324798266473,0.025047569927367733,0.01187996041202927,0.13933535522988655,0.016054009206398177,0.000954745116157934
spot_0076,0.6378668792754649,0.003283110934497071,0.0031318584941995593,0.0030332674171197537,0.025761062334785024,0.0020554606824648458,0.0023414786985247646,0.0018440400153845145,0.12724961992536538,0.09832542388447485,0.0029355242371272437,0.05171958750112516,0.005981541110746378,0.0020452333427708313,0.0018579553303789266,0.0305679568155708
spot_0077,0.966351744919991,0.001040920576930643,0.0010761409538117869,0.001025410257085054,0.011893918487320845,0.00136076315200077,0.001130726910741906,0.001312882138931651,0.001824049679672082,0.0017310112677918355,0.0010087096843190224,0.005124029081510064,0.001304135691938456,0.0012828785073665428,0.0010239854152562472,0.0015086932753320581
spot_0078,0.12940868184414797,0.23440217478595624,0.13502868940851637,0.0353239498973541,0.011058475689076011,0.14886603200301848,0.020640092896450357,0.026626430193595688,0.001205860495690957,0.001419709575445349,0.00967577200892152,0.16129448865460932,0.0067256004667691095,0.02639673259126332,0.05073094554099108,0.001196363948194173
spot_0079,0.4599471326533266,0.0118943948492985,0.45653308793930314,0.006682875504225602,0.010702595410144976,0.0015707451268877556,0.0032570509357267327,0.0016731906994242437,0.002054183602095157,0.002851274770338196,0.004734988465572557,0.024014522530750263,0.008059151049459187,0.0016471921615443597,0.002223380043601798,0.0021542342583009237
spot_0080,0.002121028813584975,0.05844944930212427,0.8694771712713244,0.010888648341728603,0.0019365801157908919,0.0042033788368207375,0.006352298986262261,0.004409013096729384,0.0034415433157936755,0.00419349098727331,0.007004116571373824,0.001967813846752609,0.013186784175998043,0.004312612193369972,0.004317925121224623,0.0037381450238484688
spot_0081,0.605782975573955,0.238739448846473,0.017900339831270793,0.004667663812756933,0.03337978929886014,0.002550526979517658,0.002720197643237757,0.0018262309925636735,0.002273716729528133,0.0024248973877965796,0.002893869810066092,0.07397226617301128,0.005036240405317593,0.002021086802763064,0.0018068439768529352,0.0020039057360293636
spot_0082,0.011776705968398976,0.08649651335516866,0.5962575497979994,0.06575664800276511,0.1465661195470188,0.0017294955489953348,0.0069875784963242035,0.002263722849918018,0.0011527553982700314,0.0010730362137469072,0.006120751418821763,0.045637533830754404,0.022426870198501602,0.001996333703610513,0.002559556082692259,0.0011988295870139776
spot_0083,0.0010047436148976569,0.400675709320319,0.5432619906877284,0.011277327371307693,0.0010833395827478847,0.002275274351805167,0.004143402971006083,0.0030331187759975943,0.0027560192695363574,0.0027582028951181376,0.006013296924591301,0.0009797499992186532,0.012328636696998633,0.0026218176940962985,0.0036000056612417084,0.0021873641833894575
spot_0084,0.19481890740737862,0.01338170362906379,0.39468014503074944,0.029071652396139225,0.009982239353790927,0.004111854353995948,0.17020731191769167,0.005443326390007428,0.0014806594034537976,0.0015176292971953692,0.016243059822785868,0.015284691539785828,0.01102820266580387,0.007399318185742973,0.12396649513807273,0.001382803468342523
spot_0085,0.7160251723289461,0.0022582363793112515,0.0021116122378002505,0.0018421584550554896,0.0187810106982992,0.0022457316151797994,0.001683116350459793,0.002098303117302195,0.007415668414090708,0.170307605142555,0.001980516896888324,0.05346006655515247,0.002554197521714978,0.002104770635295633,0.0016386053336901656,0.013493228318258575
spot_0086,0.26154214237897144,0.5177587317665207,0.023290689859724215,0.006435692797858182,0.009659137513221968,0.035122493329964845,0.010257550144811967,0.025226526077007864,0.0015279303947612918,0.0014531016525103709,0.004669275835738797,0.0037031973383198848,0.006894051978690394,0.08594016210187905,0.004924458333466953,0.0015948584965521009
spot_0087,0.3173776112439837,0.021026080467223922,0.076060729849168,0.1223600343747618,0.009534375927950143,0.00418865406679427,0.11553007307268001,0.037485243706921,0.04974446105909177,0.009416716496766018,0.03245867907707195,0.005344638459322786,0.04043407960942711,0.005492597130598445,0.004941652819631729,0.14860437263860732
spot_0088,0.20179654135671612,0.02138768585387382,0.15432319042340548,0.00780203565797314,0.1481274368841614,0.12647845167579208,0.01586235402610854,0.010350170606747502,0.015004344590115652,0.17399416045643032,0.009509125708542,0.029997740098730127,0.0055290413343745785,0.03155389465343388,0.012068283297386257,0.03621554337620906
spot_0089,0.7393839882383999,0.0012558041761751796,0.001212080824568562,0.0015859819912866406,0.014556148592000431,0.009434070420977152,0.0027610311173310365,0.17628804414183877,0.0016096614344767095,0.0021663682967288187,0.0014026208640643808,0.018604799542064895,0.0021237922335117206,0.02358886712043303,0.002116267184092191,0.0019104738220505645
spot_0090,0.32952263076554184,0.17197838926987724,0.2090297508527158,0.056186228106827975,0.018923834199744513,0.001451275793416125,0.003724972540780139,0.0016507678417510135,0.0007547291413773468,0.0008528116970739912,0.10521265899074535,0.08111473417145298,0.014448284871583323,0.0014535660433523823,0.0029235222839688883,0.0007718434297911258
spot_0091,0.20592121150743273,0.2909271367986972,0.01916788978016339,0.010558297445368443,0.154367672255078,0.015795768961645206,0.024791863658091585,0.10052794081292804,0.0011541171614933992,0.00115881986919241,0.006356385946244166,0.009185400842304492,0.006375123196362674,0.08734544653483346,0.06512853341147716,0.0012383918186876363
spot_0092,0.0043435482566314045,0.10562347806601022,0.2267867803597032,0.007969988304742525,0.004516331129341885,0.0025360055754258624,0.002831203248624378,0.0023456588054725437,0.042507907235213666,0.3004828097452531,0.003806758058542187,0.210140801339145,0.00823359582115327,0.002281316147064799,0.0013292030026081244,0.07426461490506779
spot_0093,0.2626128729925451,0.01988458709992683,0.286287481256546,0.006128992208023981,0.18442718062168398,0.0019363991823965377,0.002734626758901309,0.001762496464477919,0.014308704167439242,0.019597365638719503,0.005091182852519406,0.08934233399094701,0.004615015621278572,0.0016492392781520535,0.0022593737317437314,0.09736214813469876
spot_0094,0.13049645528846404,0.2722140553159776,0.16409228041264756,0.005224746090639165,0.25226594377412387,0.010251790386560157,0.007566829718142742,0.11374776465649201,0.0024442345953646616,0.0022236086804095444,0.0031274614655787936,0.005998395745339451,0.00633957130287474,0.018334565235771157,0.0038940698328996212,0.0017782274987148332
spot_0095,0.31352878536366224,0.3383772024287522,0.18914820891705594,0.08409281453067932,0.012946464968791403,0.0020675697119355184,0.009491018032627177,0.0034560701627516085,0.0017378845014278319,0.0014832169346349086,0.01614181674590029,0.0065227146903724465,0.012294086926767053,0.003095013330426412,0.003732945294456624,0.001884187459759063
spot_0096,0.13266636117291458,0.3105103125440692,0.10346451183763486,0.007908692674553791,0.0821804667151365,0.0023115085117947367,0.003356331718122022,0.0023931412698619506,0.002402789667414922,0.003004056717454156,0.006185239741642343,0.32924124463325694,0.0062572569975514105,0.002121882927305027,0.0024408468844402584,0.00355535598684734
spot_0097,0.11966586759302103,0.02989534918545175,0.42986543186567805,0.020181000999332246,0.01940897298155733,0.00798157924474582,0.056971355780318846,0.0259812815240208,0.04488251837225507,0.010930773413397626,0.018028428674797075,0.021835252418514393,0.017202355491033834,0.10160517050515233,0.05992442407104781,0.015640237879675983
spot_0098,0.022990366305161113,0.44206541261012494,0.11353397268247728,0.007347237429831116,0.35738905778115576,0.001403571304083836,0.0029966343710186184,0.0016190933624150887,0.0021297842755932882,0.0021511494773229743,0.0036340969976026097,0.01016208830593545,0.027433403350901133,0.0014794258749396853,0.001665613940943646,0.0019990919304934897
spot_0099,0.11431278409319297,0.00857736812541637,0.48669606338893767,0.16378894733890245,0.0075908138913626765,0.002688099892496289,0.009874935647467218,0.0039571918444196936,0.005684567563469665,0.11470222664835314,0.02526977689905738,0.024024433194777955,0.01602626236127549,0.0034089619803715295,0.008319228224998605,0.005078338905500887
spot_0100,0.0009130951812271151,0.07811559730349746,0.181956836873626,0.0868692718402492,0.0011231261962327582,0.005385408482622175,0.1738873763302541,0.06057213044274241,0.0010820723232678607,0.001166847769193913,0.2590436402446353,0.0008128863943054777,0.03439722509238222,0.022849228959083586,0.09041205048328949,0.0014132060833909794
spot_0101,0.0005605779899277695,0.4167625932937415,0.2622601216646911,0.03563171776132915,0.0005624943320255722,0.002578192880456157,0.0753241927146183,0.006480038807630843,0.000725656801212934,0.0007154196159660766,0.02526637938137654,0.0004114833053997748,0.0317149698045868,0.005032040957955728,0.1352940959045549,0.000680024784526876
spot_0102,0.27375141383740387,0.39805357112197914,0.159664417179218,0.006925227677173179,0.01688200294521815,0.0015133532421303167,0.0033326481689702693,0.002504896817974618,0.0008071040893458924,0.00122399578200205,0.007375821608075348,0.11914796148757718,0.0037722294046623086,0.001715477666448873,0.00265635965175027,0.0006735193200704947
spot_0103,0.10730492696080017,0.23730483852752493,0.27204321799633197,0.10243232726604527,0.00543235685292365,0.13070895462896234,0.011466187924509114,0.0049143841867729954,0.007048209266289403,0.023376308124326266,0.05147937019979179,0.008185232725627059,0.00901693718995734,0.006167785236941653,0.013501972177305525,0.009616990735890538
spot_0104,0.0007650156116630201,0.15793826432515234,0.5072407822840561,0.02007449060705105,0.0007750434855196661,0.0067828398769559,0.17422163822015602,0.016517021962478493,0.0007718743025933087,0.0007943005054386018,0.024407485320138256,0.0006887330478337957,0.015431522802816879,0.006312600737287041,0.06629031323220666,0.000988073678652851
spot_0105,0.05922737756647748,0.02773682788923873,0.13286319082324055,0.01403681796692881,0.014200561268601726,0.34679677043617113,0.08234674786427595,0.018006773323544095,0.0008025687130891418,0.0008552127147182534,0.12201571655047815,0.0028785800956543438,0.0077950238581221565,0.06562263501011913,0.10406592713207502,0.0007492687872653273
spot_0106,0.0681380716080952,0.2869160616889302,0.06406456667987545,0.15976988310518905,0.013941717597133146,0.11285677901413106,0.007033464230840898,0.005776446480781472,0.0028858506822154865,0.0015727886393776067,0.010638423181273919,0.0901014078100745,0.14768128981740924,0.02388609576729929,0.0031012843527125876,0.0016358693446608713
spot_0107,0.31197020013554844,0.020304033542765724,0.00932895568955941,0.14621130378531738,0.009118618597531585,0.2050683020081169,0.008859627938816303,0.007380841831881924,0.0010809284492031132,0.0009303434900824603,0.15646141922818985,0.04173708520706638,0.014009309079011578,0.01652213791984807,0.05012881307268685,0.0008880800243740231
spot_0108,0.49466948389071697,0.025215128007822125,0.011492198909228493,0.10413750023608796,0.03177159287826209,0.06925086654252927,0.007219950986533428,0.008885323104996904,0.007877311247041167,0.1147153393284592,0.04313416311211575,0.03763888702215637,0.012373696577461393,0.009759493204131098,0.0037493957635769703,0.018109669188880802
spot_0109,0.0006549414022289801,0.12334688098266162,0.02471556023758913,0.2896455522445945,0.0006571016879124755,0.004992888681303785,0.21591273240577163,0.04909798856698572,0.0005019212441700692,0.0005583800956274636,0.10115251427733647,0.0005474860415912823,0.13802911461640108,0.012322262064544485,0.03685795776497151,0.001006717686309785
spot_0110,0.0016065324933315867,0.025562733965742736,0.4572535414337197,0.3258901132378995,0.0014234478088610031,0.005318539840642311,0.009260500648927193,0.003862102692452639,0.001321669130895953,0.0015333902775699743,0.1332949695846217,0.001328026859282778,0.01563131476530291,0.0037866340673107625,0.011713724525170473,0.0012127586682687084
spot_0111,0.001154689037336764,0.37920875682310734,0.06136513304458922,0.0337446571883351,0.0010015798520166613,0.006783738220602767,0.0102079606778724,0.01177990540282499,0.0007551525029107643,0.0007669346978738271,0.27373427414775786,0.0007686715312214233,0.012158340838856438,0.009364040476179383,0.19646721964348302,0.0007389459150320367
spot_0112,0.2853807840497174,0.005523678940786997,0.0064641058315480626,0.02958037415852823,0.2799901076334791,0.0058286069100085425,0.10033696213175887,0.028482240824261144,0.0017453037383676243,0.0017332914180726452,0.02984932404564701,0.09529582132881236,0.005882707072243019,0.011346525618182245,0.11091252867651759,0.0016476376220691505
spot_0113,0.0004575344423712238,0.41042983074702316,0.5355220816001224,0.01913550360826981,0.0004707329967673215,0.0012176035402647679,0.0031384295974648435,0.0014262047490273568,0.00046163394863398173,0.0004964899119727928,0.003837979418121673,0.0004540788515022093,0.01917526448546625,0.0013114291829591106,0.0019770516097387682,0.0004881513102943548
spot_0114,0.1662711860559973,0.029479356540865625,0.488041102229617,0.012061817287725674,0.006708333602243204,0.0024185796085717504,0.004553623647034009,0.002129877309847497,0.001045577144247539,0.001455410287055273,0.26225056029163357,0.003417453290344789,0.011796168104500812,0.0021136702168108356,0.005277782722592291,0.0009795016609128013
spot_0115,0.41811923290336633,0.0070631805601952735,0.0033634108845855435,0.03600856326483546,0.24048510248699745,0.001264771226665844,0.0026560635687571206,0.0012958446280054471,0.006456387834762346,0.1112576469509107,0.09124028278802514,0.046755166625105225,0.017870517531096322,0.0012501094847186813,0.0039482951156720085,0.010965424146301129
spot_0116,0.15549436010281115,0.3262344891532155,0.19724695772085965,0.07090971973092842,0.018167704941014835,0.0013782723199280216,0.0028528549243325664,0.001544353813343935,0.024028669540373384,0.1266959671050407,0.02556438872573989,0.004182830686138961,0.01170076839339972,0.001376994014732019,0.002069284684363684,0.03055238414377762
spot_0117,0.2669750996302498,0.06826958800486833,0.21264245663387318,0.12899932644935228,0.008215677297852601,0.0029654597190533374,0.003911340051685568,0.002723398830679474,0.038327266653021656,0.008578513426392993,0.143425023400384,0.037781952901109715,0.03998176456544177,0.003340096721453889,0.0028242499105421174,0.031038785804039258
spot_0118,0.0008441828896124589,0.016604697176908004,0.016216338149339198,0.12589467601230064,0.0008579332006097919,0.00349352834846022,0.29420717400020885,0.04279253300322605,0.001019105897871493,0.0009747139994198518,0.27071982112533116,0.0009021427504250806,0.03763833808213553,0.00904881194527985,0.1777146867414676,0.0010713166774042125
spot_0119,0.11596290062678608,0.14844205853377304,0.34270027707097983,0.12362770198987402,0.14206282417998653,0.004187251117909247,0.024226262704471403,0.00486798887067656,0.0008777643101553731,0.0009818583875906954,0.04285526231512207,0.02491717940946535,0.015453397947810626,0.0033660362450206242,0.0047035750415207345,0.0007676612488578459
spot_0120,0.0042018758650194665,0.19522585371987985,0.47555387643330405,0.059553919441373254,0.08642103239539894,0.05160874473663842,0.036812740739087566,0.014368721130281452,0.0007812890858728775,0.0010840621140910593,0.016905323177821115,0.0024388561474537876,0.042017068542849215,0.007859782619835616,0.004442819868762062,0.000724033982331282
spot_0121,0.15373582839673705,0.16798760182132463,0.06989202908539312,0.013171151775707194,0.007943914941588956,0.040116387876235705,0.31380848141264805,0.047892486280361815,0.002315724226796837,0.0023772949925620645,0.004445958097365907,0.005115227823053706,0.033836752577384804,0.1296186592504116,0.00609951301313923,0.0016429884292893336
spot_0122,0.001531411127378571,0.012535488582775476,0.011343897031822633,0.025456360801478225,0.0015013592234719077,0.002162153988581032,0.005232387171970083,0.0029289086416051683,0.0017677273059669002,0.0017853625792170424,0.8954275084574481,0.0011251672023762373,0.011012637389171194,0.002567108973022012,0.021202242213674224,0.002420279310041159
spot_0123,0.47485813217944683,0.004271700603655814,0.003987154871369463,0.004147161309782969,0.18196510797198567,0.004129854409410319,0.003897291708841984,0.004127838479394968,0.006159031915666789,0.006437080802092256,0.004065435562059512,0.2838408744437986,0.004113639844194603,0.00410147848982287,0.0037587455927203545,0.006139471815756995
spot_0124,0.41788962860290063,0.1574296654518819,0.03854421473401567,0.0388817853597538,0.143767800701091,0.0019148190095648683,0.005030338526357342,0.002692270835918184,0.0011930143903530713,0.0012208302043332907,0.05588326475344106,0.06645787341221936,0.06288060324497707,0.002177334953987641,0.002825889054063165,0.0012106667651419728
spot_0125,0.26312364681207484,0.49947615719230565,0.12245125787149648,0.058552029345045456,0.01224180859792404,0.0022866035761377975,0.005261928266779237,0.00302098735413517,0.0015966939828364398,0.0021441357191417532,0.008746593270378867,0.005376548356361258,0.007597087471219068,0.002429888263879428,0.004295391470582132,0.001399242449702377
spot_0126,0.39956695381060026,0.09796114811655715,0.06364695338547653,0.014687144148157916,0.07225024445488101,0.006563310679985028,0.01450095115793868,0.07510604331199719,0.008993482020818101,0.09518491301253963,0.008279970802833107,0.042407953106802024,0.007278072078893476,0.029375358102877194,0.051457592974810444,0.012739908834832274
spot_0127,0.35267384164579374,0.10263194591174853,0.02919987193097648,0.02195862949700487,0.013595085030818134,0.15843302272721138,0.014087511097986402,0.018393524990331155,0.0008345262965171511,0.0008825236392729489,0.0070488725682693164,0.004766118838996754,0.1281291683145029,0.13774269614405524,0.008844089587000064,0.0007785717795149204
spot_0128,0.08482078499924663,0.14748513273362396,0.018285740854141214,0.2648644074967735,0.004962789074300702,0.09026481764967503,0.11915225535010185,0.17577387360280314,0.0012916651311924788,0.0013750948763799704,0.031181920750015975,0.011162560305076752,0.01958792291939434,0.020261798585324446,0.008655976676220083,0.000873258995729946
spot_0129,0.10091199406070156,0.027663519013393836,0.20411486700275056,0.02946682605532582,0.021499712883084755,0.009201584140121583,0.041226267710265066,0.03669513735050423,0.2497472433631043,0.01796520251324745,0.032229085973756774,0.030318709449574474,0.010367707373946551,0.05553879388675491,0.08722435933816369,0.04582898988530444
spot_0130,0.04067211186834075,0.20667016823249731,0.2809720555795967,0.38296292647389507,0.006703913369449907,0.0015398190734231159,0.00390863291970905,0.0023396049162212862,0.0014568520200082247,0.0016451634717116158,0.026486214780668448,0.017409562871306995,0.020306475322397963,0.0020175362812428635,0.0034777715278207968,0.0014311912917099098
spot_0131,0.44307077107844384,0.05223060608826371,0.09249595346447893,0.1579965668237008,0.10268457322775448,0.00469947944103841,0.010335942290736085,0.00387548871788983,0.0030617130767937556,0.002662721875627401,0.04375271688155602,0.042879803795083805,0.012717221717880181,0.00434519831536396,0.02140324196625636,0.0017880012391324187
spot_0132,0.001715354129726647,0.01873597316063224,0.009314608407547602,0.3658023383461702,0.0017579309281299618,0.004154630149487477,0.011165426402023107,0.004289886402207855,0.010086869874040368,0.2047404385720638,0.2866011038217707,0.0018072500397062715,0.02894371071639047,0.0038295099222804916,0.018490291179432745,0.028564677948390075
spot_0133,0.14430353285842368,0.11807062374054923,0.06353994572467213,0.46609667143345207,0.04844535783591873,0.0010731081745336522,0.0031447536601040575,0.0015198054047969936,0.0011780099536097325,0.0012750594834988855,0.10685313489539905,0.03161775853721635,0.008915040718551901,0.001301742508567863,0.0017635387046257777,0.0009019163660798673
spot_0134,0.2093319318660288,0.20624731682991423,0.03725692412980978,0.024421141002964036,0.026640184355255454,0.0037222585290802223,0.005112611665479948,0.0030694575077878767,0.005880728009891811,0.004076870723243666,0.013662612023033803,0.4313839139936128,0.015444390121068918,0.002878108040090757,0.004170175202248738,0.00670137600048913
spot_0135,0.3326470748861629,0.012363942441779912,0.02054042076427348,0.01682323975752672,0.013376097602062155,0.004945194726814898,0.07578332192160224,0.00595750873713565,0.15651658814733213,0.022227610134164064,0.03134943183448412,0.18568957715395598,0.007745792757206084,0.005156013584645565,0.02095561359597635,0.08792257195487772
spot_0136,0.48264455953396057,0.14420420206953155,0.1407331465485737,0.005597933602108243,0.007114453085043988,0.0015696675506246037,0.0025112478291349632,0.001564963625507633,0.07757822895112008,0.01864139904898723,0.003172608314378037,0.015050704186003643,0.006075258057916794,0.001689718308188623,0.0025932151475735535,0.0892586941413468
spot_0137,0.4815517623552312,0.1632993098919483,0.012526411797439192,0.0722570727242891,0.024261357852383113,0.009792065705875265,0.034807947028893685,0.030280903963669115,0.0006368212041449983,0.0005236103228387764,0.033624725967671,0.012904142250269104,0.009345366569714695,0.053136149430127164,0.060505017170880984,0.0005473357646242766
spot_0138,0.3817958985593573,0.0021376476434909844,0.002458472641906927,0.0033369546283912245,0.008559204394722396,0.043430138276961384,0.031851867413397766,0.03855635534533775,0.010326515054510915,0.006292935156354018,0.004781061484279198,0.3152288512283821,0.0038050708136881622,0.08991703674495082,0.046537648908560915,0.010984341705708087
spot_0139,0.22012640787861493,0.14633288513576378,0.21555576110642402,0.16276040067183617,0.060435063926181525,0.0013876246964200883,0.004477569255007455,0.0022703324155544965,0.06482594094665972,0.010329424494572479,0.0656381943186003,0.01332005611710837,0.006476771782212328,0.0019175904245571618,0.0024237428388208136,0.021722233991666364
spot_0140,0.07244455269827378,0.002333711775232288,0.002870949589186315,0.004563494256133561,0.4412137492142892,0.2230284071146123,0.12759538445348967,0.02600159193040838,0.0021065735794865885,0.001643646698523046,0.007322936089084903,0.011777819293650666,0.003961931540176155,0.017743949136727673,0.05330305896878226,0.0020882436619432273
spot_0141,0.22891033350460066,0.012812794295256476,0.012206479221664035,0.076817569783143,0.03920391632419873,0.00484835580898826,0.46481824364142416,0.009259976481459802,0.0013653572592766548,0.001348663714387715,0.08121534177830733,0.021774058462275887,0.022504659119847215,0.0057230967489295785,0.016037803439306615,0.0011533504169338672
spot_0142,0.000788171227177302,0.6875527396800395,0.027667817493944657,0.03505333698755512,0.0007700319568593738,0.002179179002351324,0.004846319367901295,0.0028984915022320116,0.013322338805185541,0.17474693805088068,0.011665850300428573,0.0008872658232092364,0.020633623098268765,0.0022028664254339064,0.002557362464881539,0.012227667813651208
spot_0143,0.2071233234215779,0.09490449656563123,0.059489563489732805,0.20335047182470514,0.07147640000122929,0.007006442312124172,0.2270032780259117,0.059085164514192406,0.0016181438848458412,0.0015873697972238945,0.019796226523810016,0.00304254278990618,0.008869435728098063,0.01264270366935661,0.020427937288566195,0.002576500163088563
spot_0144,0.6326360665932198,0.04651800074468229,0.11299355606964034,0.004798371062783527,0.07971483892242648,0.0014423106821446728,0.002222663530529645,0.0015343039907076148,0.003502679956387325,0.005572579749296061,0.003822145304239013,0.09295222573701621,0.005318815849003655,0.0015429415362538232,0.00213306830375908,0.0032954319679105015
spot_0145,0.07793161453120352,0.2396292681785636,0.30263260169105666,0.04282787770141717,0.006319674921529208,0.13433314431425558,0.010386812783955363,0.00921203833386917,0.015261206136390813,0.11125164191510266,0.01141797577891496,0.009440398286318851,0.009357477367609572,0.011556765266165081,0.0038765923135906173,0.004564910480057156
spot_0146,0.0012838604957840232,0.1754894621358487,0.0385990852124799,0.07272920869707324,0.0012487583514869409,0.03129036599704147,0.04593346246308732,0.054371569759275415,0.0009203328819108308,0.0010107547810846653,0.12424549861602445,0.0011005407092557612,0.013514634018391775,0.13326369503080907,0.3040961427905911,0.0009026280598553104
spot_0147,0.30379472074399827,0.31719002482951386,0.1579741923859136,0.007240703817609632,0.01680371410789689,0.0037093543193790794,0.004350696725752598,0.0027124406282749134,0.0658192120781484,0.06530655004928468,0.006094316069406372,0.022058990629302735,0.009193895926518593,0.003018932832143102,0.003439273853627281,0.011292981003229972
spot_0148,0.33973737214450705,0.017447889769317798,0.2808941927241932,0.011138268699755127,0.2763616458796679,0.0035135750454019865,0.007884821547913867,0.003808362591316301,0.0025067724506142672,0.00281039567251916,0.00731574565563796,0.023895663243534634,0.011499292775702608,0.0034302229253381435,0.005138171214657352,0.002617607659922702
spot_0149,0.1626577618323902,0.03352820977397707,0.12159823010847712,0.1163212735532406,0.004988141434579905,0.2990880037763724,0.031802521296369,0.013528930289681251,0.0011781626730278582,0.0011329313498705245,0.10237670423813135,0.004213300755513554,0.010652217988558381,0.058025229799459906,0.03773839143475517,0.0011699896955957435
spot_0150,0.23092965347279704,0.014371444619072568,0.18452056009646953,0.009085786190967582,0.064250129244573,0.011917465926065842,0.0407926798237469,0.17679186025265903,0.0017407677418451312,0.001481082740565391,0.006302308636837377,0.06588457727773842,0.010084829247426012,0.06547259477027462,0.11465793133078492,0.0017163286281766626
spot_0151,0.0013225023129155027,0.35277080635693436,0.27468493239859004,0.007637842417792169,0.0013958107457771617,0.0016641228997126315,0.002386312497408534,0.0017715186416286332,0.013278975432483978,0.2893304894539044,0.007989724622061035,0.0012923467200811592,0.006970122466676907,0.0016559903131255994,0.002233104438177335,0.03361539828273053
spot_0152,0.2629387413245414,0.005529535643279108,0.00636729229942375,0.24781316722222352,0.1880687446940213,0.002299724698549471,0.011285344257712639,0.003145087885106584,0.001674621417541217,0.0011283456507996097,0.1731224315889011,0.009758084031166259,0.0690166668721872,0.002135589751992259,0.013555116144187125,0.0021615065183674853
spot_0153,0.2594481944776337,0.011380670197941686,0.22158066710249158,0.00551727590087419,0.4019423015384373,0.008674928461520378,0.014412554312015779,0.0047888985784716115,0.003516625451255059,0.0026967707391202327,0.0045239355411127394,0.0363931809246192,0.007592157242710924,0.010102065911930757,0.003402120396989567,0.004027653222875332
spot_0154,0.040688051482834484,0.1675984346558151,0.10526720903925081,0.05168036489095375,0.11129696655228434,0.1679825242038223,0.10715158677019365,0.11438636243360388,0.002044052812110121,0.0023558331519638416,0.016351199161494325,0.020094157252704185,0.018744052121735553,0.05556187788842863,0.017492344496837838,0.0013049830859671833
spot_0155,0.2728586147104922,0.007314532200236126,0.0038110764235411245,0.16642627414302222,0.17276817285468735,0.0013598543116578408,0.003111416444998388,0.0018604547267937544,0.000580499314041321,0.0006165842846314564,0.1267210499710163,0.2331090202809987,0.004012626769724052,0.0014064589184854352,0.003499978558070723,0.0005433860876030271
spot_0156,0.26012528291040454,0.17619938235742583,0.028316978394385205,0.33274387601244254,0.009626391116184284,0.00410060205900558,0.00834240124923296,0.006874180660919864,0.0017087126969191214,0.0017361160204203098,0.07944499362223635,0.020088215930163706,0.05710808150607408,0.004987971424025063,0.006893139836260417,0.0017036742039001499
spot_0157,0.5831773851590952,0.16145467913447217,0.012876737662297395,0.04334576129565133,0.010042040826660558,0.0015092809450272268,0.002808993633608033,0.001553545413562653,0.0009927430837724488,0.000949878012772461,0.003594997775211265,0.04632257673554302,0.12725366399502694,0.0020810161370070335,0.0012387188413209734,0.0007979813489712862
spot_0158,0.2757610427542738,0.27889806595195427,0.21775444739307911,0.005507283096535244,0.16289561269725875,0.0013334974804694259,0.002055578257508449,0.001439227626178235,0.00135768942386258,0.0014272978120707335,0.004392395195635583,0.03680093798125822,0.006055733927618185,0.0012913052615632604,0.0017461239795896497,0.0012837611611444804
spot_0159,0.19291663591677932,0.2857251880866209,0.030044891251186884,0.027361683870939436,0.007841359747807426,0.08869789370061028,0.014513332367381906,0.02156261299104922,0.09497233360062086,0.010868799918315353,0.03852616933874545,0.04016044535289916,0.013344791424021566,0.0825655111974108,0.0397241099738369,0.01117424126177455
spot_0160,0.5161763070639128,0.0811961775980655,0.017532567562970836,0.04907041292192757,0.06040734124583215,0.0027348226897032923,0.0049038131993336745,0.0025324738676384163,0.09079416640764432,0.020892761595095958,0.011557376474990541,0.049186480417167305,0.023798847637355305,0.0022262331734899062,0.004047388668567176,0.06294282947630526
spot_0161,0.38901193285579305,0.09576090425904366,0.008596368214333157,0.20087352136522316,0.18324790395982166,0.0013549279714282247,0.002376517457899654,0.0017698955445256714,0.0008274121233855194,0.0009865901980245023,0.06592197471390879,0.01862504184203301,0.026140871981597112,0.001568787711250796,0.0021514563597740564,0.0007858934419579951
spot_0162,0.04696294647223094,0.056981640770135754,0.29113879549652366,0.23096910411074675,0.07788044331167848,0.0026243611488953817,0.014117760687573392,0.005200963353684983,0.0026675605223742587,0.0022755176584027858,0.14273059191588502,0.045893511687149814,0.01774342897025796,0.004072813918626916,0.05528629231876736,0.003454267657066561
spot_0163,0.35672476566142663,0.1403091004055033,0.039444947280976396,0.08402264152539458,0.1039288743321156,0.002675267010234397,0.07463217302028992,0.039238474334400045,0.0013059841105274527,0.0012712011013666217,0.02523255350504328,0.08644872003752732,0.02244126901694893,0.006284339341939735,0.013919812005461253,0.002119877310844508
spot_0164,0.0023177458208388005,0.005320487886755245,0.004668575583407911,0.01223493025482734,0.002286044509070624,0.003206821597595497,0.003948056934209075,0.003151067662198675,0.13422575834582545,0.3128933798583048,0.36509630529262593,0.0025240682241462185,0.009588932245117643,0.003018373556091578,0.003967822494474418,0.13155162973451082
spot_0165,0.1301791824304147,0.15643370872566537,0.11551504013489768,0.07436711449479469,0.012959027161331769,0.29708485731146994,0.030124679510390048,0.007435862447011276,0.003181171750532222,0.005607058452620172,0.05291637326501772,0.01788685857562048,0.02087596814178567,0.00800895230450317,0.06356038773910183,0.0038637575548432198
spot_0166,0.04996751806061651,0.047892749913715005,0.00817395456027211,0.15293552844613773,0.00839887838500981,0.2069588841883941,0.010712039498271358,0.15403015501643902,0.14161083677540307,0.024592343606691876,0.06471475926892141,0.011584900852398489,0.022416108377916865,0.07149423625246365,0.005937027569053038,0.018580079228295965
spot_0167,0.0011899554211130836,0.0057040520779548225,0.0033628800855755076,0.023398791318747513,0.0011184628840530811,0.38375642987215125,0.015509531837953432,0.2771666887236177,0.0019970020809840037,0.0018618181294028687,0.04644799856746247,0.0011558159760516463,0.05701406466807821,0.14766079562314396,0.03050973449834619,0.002145978235364258
spot_0168,0.0008214859639080136,0.060557009130140484,0.07736752188183774,0.36418883566841037,0.0009897127645232204,0.0975028132237924,0.07093145860159956,0.016776888995892317,0.1568406781447579,0.030156936966241287,0.052456656412479985,0.0009396037177725223,0.032753981812023596,0.014301822216570349,0.01125397322362256,0.012160621276427676
spot_0169,0.1813630028168622,0.119665185609944,0.24607093909181937,0.010986529358833739,0.023229676415325782,0.07804396625708845,0.00978261981322842,0.021742878174262317,0.15798938832994394,0.010759803857459045,0.006088773517484362,0.04088984608995593,0.014113228328990209,0.05166947216292166,0.004012530022108002,0.023592160153772544
spot_0170,0.27448816791972747,0.13498882415629804,0.20574446692830498,0.02115278184715712,0.0040551600793683135,0.052952370256980706,0.019145322785763322,0.05644095304796071,0.005642321880624223,0.05758230401716319,0.03601541996341092,0.012105586673183465,0.013173849586097122,0.018323966310443716,0.08167197510025971,0.006516529447257022
spot_0171,0.4899614890428776,0.05740658212833009,0.13787410860923915,0.14351825478738306,0.06000237391017842,0.0016624378244340053,0.004788883183987894,0.002961071803007682,0.0007952784576999444,0.0007949622711897947,0.014441510827484228,0.06861959357543096,0.01059949009639003,0.0025792408415111416,0.0032282057174381506,0.0007665169234177963
spot_0172,0.1513389963866735,0.19420137840852766,0.04893775411086588,0.05039395175455468,0.01986879578907335,0.010036082627511541,0.06528966379201187,0.13259728683051336,0.021229486872959953,0.047532732383368,0.028741039750595176,0.048898711851813305,0.023851865292167495,0.05840262246284746,0.09126168524881989,0.007417946437696888
spot_0173,0.2872897646845729,0.04462819466787568,0.021107628876771426,0.16688711325702307,0.06848122948416067,0.0033378882097874897,0.010745928820664344,0.004150518156332034,0.004778170869231047,0.003138770413410607,0.29277157210302307,0.007297055861583631,0.009011683236143115,0.004280805671117253,0.06688152979047766,0.005212145897826021
spot_0174,0.0009758161177501195,0.08459534271319503,0.36614521713301207,0.0993244950443694,0.0013476577787341372,0.0021009394586666424,0.0043229645935485604,0.0023773839130581073,0.014790463861346827,0.19880592391168972,0.13561594714805159,0.0010930239443658135,0.04333256290371912,0.0022546033482357193,0.003933592460811403,0.03898406566944576
spot_0175,0.34282573561486795,0.056680169072203516,0.20112912704554586,0.006199688766673658,0.10908702884000392,0.16760174420389212,0.013806599210254572,0.006548542643235406,0.0011589693592365252,0.001464361092151146,0.006492800740023243,0.056392191320877895,0.005889059066675123,0.012777234032193913,0.010700877484778666,0.0012458715073864733
spot_0176,0.09044372716435,0.4549785469039486,0.094195721007373,0.01986555125424714,0.08490546539284055,0.02377205041804066,0.009046139385379879,0.12286948182628811,0.0015925566851236763,0.0013524650144740675,0.022024739686782323,0.024022066278643707,0.01854443560383977,0.02394749352622822,0.006731529325915704,0.0017080305265245869
spot_0177,0.39635258653016997,0.017224621451852815,0.20493194568252276,0.00664690032277168,0.03503218376711926,0.004996772998668574,0.006481554142938465,0.004714206083633324,0.2069201756386892,0.02094378558458751,0.014210077881619569,0.04545353852709762,0.005236950510732944,0.004415907333656547,0.0040465143887661965,0.022392279155173573
spot_0178,0.35832512119160187,0.009977729984833802,0.012891030811281103,0.1890190784474908,0.024862451481589238,0.1780780028571633,0.03926995338848806,0.027866744775649453,0.0011964782446723691,0.0011026576185050102,0.06384631352550324,0.01616519592711754,0.03742892263385913,0.02062671950736938,0.018080687305923476,0.0012629122989522487
spot_0179,0.3561092764092294,0.30254889494326676,0.009390685210556242,0.07573818456172504,0.018392787029655234,0.0009853892572737378,0.004478952105006837,0.0013787831951179914,0.13899459773296846,0.05082352600291774,0.0077878008412806225,0.015453500118173055,0.006666077757814191,0.0010538826306485253,0.002084884182629702,0.008112778021736457
spot_0180,0.1609743636670869,0.008896287285086098,0.08200428286691479,0.12987275238276,0.01833737822711171,0.002219519294278387,0.006471404328347751,0.003752172227694521,0.22049661723943972,0.12853249344851148,0.0885673569915783,0.04831512781278404,0.03537216669159927,0.003169201278847178,0.00658321823423976,0.0564356580237201
spot_0181,0.05358752459470364,0.13685905136051535,0.010794388940276765,0.16947658440017976,0.2775010426410287,0.06290648181644436,0.011718053367217554,0.03586382864018341,0.0014059036434362485,0.0012445073821226768,0.014718314509055277,0.038989043440198,0.10602167914032443,0.07287543692350429,0.004645839868431737,0.0013923193323778285
spot_0182,0.00202328127761484,0.27662531726563466,0.1635921549150759,0.1467782156991628,0.0033280445347011528,0.0011791679190410792,0.0035041854816398716,0.0016098462324236282,0.0014669018771844337,0.001222902905867852,0.266990223744888,0.0979789421651818,0.02388753114214088,0.0011668193327675435,0.006606520890331247,0.002039944616344298
spot_0183,0.32697361026010946,0.003989719613427259,0.005012482078578465,0.004329785457569111,0.25881396168789533,0.004609903093433174,0.010942159322903915,0.008975547666104132,0.003746668806594785,0.0038048501981461447,0.006568063995780437,0.06457951748444703,0.005084243117116943,0.004885413968724743,0.28463493220575203,0.003049141043417091
spot_0184,0.2107429061764971,0.14430631923849746,0.07415270040056965,0.07718117560823193,0.12224416550400084,0.007107217918836567,0.08370133384210146,0.11889321807457655,0.0012266558230552512,0.001255910920322225,0.014309484535849992,0.036872099231697784,0.07102583137524258,0.0201725045209349,0.015558179121131466,0.0012502977084542439
spot_0185,0.9122470642578074,0.0036165859842790388,0.0035198573751265287,0.0035556723157312074,0.024034099412731772,0.003447949563244216,0.003399293828505176,0.0034170857590563298,0.0034792131905573395,0.0036027716387016964,0.0037578772034455917,0.018214836215823677,0.0037668523789629606,0.0032560513374925667,0.00338584238097795,0.003298947157556514
spot_0186,0.0016426883229564402,0.05999128612450226,0.6808308438969345,0.07871105875079416,0.001690291286355294,0.003617945885297899,0.013690290949006733,0.00801565999264006,0.0024680023309293394,0.003168602468665837,0.09010659969601424,0.0016142354047025277,0.03562133252749412,0.006348885631229897,0.009975010921619091,0.0025072658108575923
spot_0187,0.07694903817490356,0.39921560183329935,0.14578093224147814,0.02223818765793468,0.005855788956844308,0.005770378994377018,0.12819028786229386,0.10747309900881727,0.0012701543405462346,0.0021786270204248656,0.004986680880046335,0.004226837046786215,0.04025011320902444,0.048799707442062835,0.005609752227764314,0.001204813103396555
spot_0188,0.7097651375080943,0.002523584091115152,0.0025213038883152017,0.0025573828823221498,0.1536761618173867,0.0028336101990272524,0.0025603597560959123,0.0024725257630340215,0.004032242598981295,0.0052507455600215676,0.002467638946974138,0.09793050272842845,0.002893874443738131,0.0024775166256713723,0.0023227666720383932,0.003714646518755979
spot_0189,0.0009868450046134425,0.4050984038932282,0.21237870905547096,0.3253389508197407,0.0008528788154698092,0.0018370317951161923,0.013385003907104719,0.003097878276536409,0.0008122270787320329,0.0010717820505272936,0.01027193055891713,0.0008979027419437149,0.017119984890725647,0.0026282805045884277,0.003209956641643096,0.0010122339656421847
spot_0190,0.21172571388588107,0.1130059901156882,0.14391691527002123,0.02554796959794959,0.047286493216503446,0.0979907026952249,0.01468574359409879,0.014433908763136386,0.0006352180835956237,0.0008534347522853015,0.10107845584033943,0.020208800111419168,0.019914102817299936,0.07829081605060972,0.109798464033868,0.0006272711720791893
spot_0191,0.000795976081680018,0.014316546731569358,0.25282546814665113,0.010154835524982376,0.0006771387431604485,0.18518974137859429,0.17902235698482807,0.1846417252224625,0.0013018665188164746,0.0017241681353134131,0.008792606068550275,0.0006798304417770018,0.007542659980924834,0.09411639858259305,0.0564592844713076,0.0017593969867891479
spot_0192,0.07740718703640295,0.46917055635337707,0.013663087038814017,0.1405013634176301,0.1681541252219777,0.0012707918398138472,0.002566689092398589,0.00134284455770155,0.0013439604434810858,0.0013216892091223763,0.01171235596984722,0.003682647997923127,0.10363211532557218,0.001188306144636367,0.0017420812733030973,0.0013001990779987695
spot_0193,0.04921387480971721,0.2652749902525392,0.5806763825534677,0.012032865293580662,0.005896668626078464,0.004627653930401893,0.022658240501277332,0.004966003826173068,0.004521047125153193,0.009692488583048749,0.0047342843894382335,0.009488899617177558,0.015940559917436797,0.0032023609028149283,0.003094741470760852,0.003978938200934167
spot_0194,0.004302553370508098,0.14361840812122165,0.041240885212054816,0.04061528062838164,0.002715682320379827,0.002764824065187624,0.02052367820211262,0.004911406738665462,0.01498718248185491,0.31463803729665063,0.048633756635732175,0.0026487412155631438,0.31204972224252553,0.005927380618746996,0.005414131703825338,0.03500832914658951
spot_0195,0.010382216320510448,0.04135690091333583,0.22612551354590615,0.4381422817794724,0.004328583850451367,0.03176454090548,0.025886321751029118,0.12564510950485192,0.0010409602699555758,0.001273856635935073,0.017779454065197244,0.01950318997970033,0.015849057912792047,0.03215423268940096,0.007755458318125109,0.0010123215578564432
spot_0196,0.0006318790675235394,0.6012885302842392,0.018578578511588475,0.017623954423329584,0.0006626911828881367,0.0023718623432398126,0.003312410876044453,0.0020946650510094383,0.008236686941533037,0.22328063959458155,0.009593561745846262,0.0006618625849670406,0.08262322133620037,0.0019504868527809313,0.0022098883799228186,0.024879080824305327
spot_0197,0.10957078723197641,0.05299001185223884,0.2468111060967093,0.020229991126348837,0.07424258279253357,0.008931817840943924,0.04929954687695735,0.20515350763182832,0.001315984603692751,0.0014322356154285822,0.009593304839468311,0.15942909981245845,0.005932746045215707,0.043344044161254584,0.010638925701914655,0.0010843077710303744
spot_0198,0.021151485699697086,0.025848594840744876,0.32970030017529744,0.011258953999694931,0.007509753237921238,0.2427731137078379,0.08250893945615641,0.060995106008338996,0.0009662353849898209,0.001100291153575319,0.010072739364666012,0.003999935660208862,0.014150763897399892,0.16735078259946146,0.019722559549123404,0.0008904452648863038
spot_0199,0.5749597336716774,0.0720589625284274,0.02182573899522748,0.10586987593122975,0.01933749161517728,0.010601378403834707,0.014743131547530479,0.004773453888401905,0.001574206988477423,0.002176241932729164,0.12888152014619336,0.012468032678503976,0.007020596218560811,0.004398252510327348,0.017494096906658367,0.0018172860370431559
spot_0200,0.1404364577514633,0.05997838318913835,0.12226961687802809,0.34338849089434004,0.017618653014349537,0.017490389535582313,0.017841400345194755,0.03926109962674087,0.0014007954442898632,0.0016031023718015261,0.14718680663957304,0.01505631672345385,0.04892799591213371,0.013090546303782242,0.013043934680878624,0.0014060106892498966
spot_0201,0.28035877883457494,0.35018266812155335,0.0803985698355495,0.007679909897580706,0.1790297492223747,0.0017256102727625762,0.0031045134038102783,0.0018023226275769321,0.002662926692679026,0.002987191852720889,0.0050974572924014005,0.07063704442459674,0.007716904892322176,0.001793216423074853,0.0022350354438226013,0.002588100762599339
spot_0202,0.1434152573248756,0.028126315575610315,0.13520757187586083,0.01151329437160683,0.01464704345625236,0.0035824262356298933,0.007199099630895214,0.004021868133938984,0.03682315531242756,0.11391363907974267,0.0065476545119156826,0.034253600106940646,0.010871442077708614,0.003943668448063514,0.004347340898883646,0.4415866229596477
spot_0203,0.000999110508636612,0.33859596738527287,0.01776788010551367,0.10761909088061236,0.001303143619852229,0.002811151485078201,0.007701285356476899,0.003783370487809936,0.08225855599428179,0.2570012579067393,0.13583670635066888,0.001006420578895939,0.017123247378036218,0.00433726860101849,0.0062108179704366785,0.015644725390669936
spot_0204,0.1986329343712247,0.37907560351478437,0.26420352461693286,0.048131169029251936,0.012652801478563996,0.0015413437430474796,0.0037486922298340954,0.0019736128462920794,0.0017497962818980453,0.0018739398562538736,0.014188307555460774,0.04828492330795142,0.017007394920472613,0.0017937521150579276,0.002343139361596088,0.002799064771377755
spot_0205,0.050379297502931894,0.4357477804561892,0.23808814185167884,0.08757202899835793,0.007932557845240423,0.0025509538368885176,0.005810144698493153,0.002993562536165582,0.0009621004381762145,0.001101143924263266,0.08998313060185896,0.00351410141200253,0.05599860130572818,0.002763704738456678,0.013607940370566056,0.0009948094830025723
spot_0206,0.6353774589562876,0.001444940697505487,0.0014702308005565148,0.001662474068960925,0.07537297580124462,0.00567329330099599,0.005471853203511955,0.056558451787087585,0.06446160325305886,0.02418977500864178,0.0012674576473538197,0.04062674903337977,0.0016772059431066422,0.0448898157141631,0.0036457410528017127,0.036209973731343624
spot_0207,0.21151408371815292,0.06313097966839434,0.17973766720843878,0.11030946720698051,0.015761438284329514,0.07522008518255915,0.014258273688662441,0.008448104943962245,0.08945111809292648,0.09771675358792409,0.02313747360115715,0.010553149127985936,0.025873325411983394,0.008715698509522422,0.006184380205510703,0.05998800156150991
spot_0208,0.5388266631151009,0.20012039982426985,0.17125720290154756,0.006025727907393976,0.03299989140021889,0.0019610208349207046,0.003081929569302787,0.0020548703611645716,0.0026996589505741066,0.0033920643763576284,0.0046128821287433775,0.017965000081193037,0.005802196417383065,0.001740490293470322,0.0022936164795569836,0.0051663853588022725
spot_0209,0.00048702690868657146,0.31240075293064057,0.25460805304897766,0.2081462289802196,0.00044519304285461876,0.07671902102215115,0.005732601059384245,0.01104752570051759,0.0004558027969144914,0.00048785204458817033,0.040614738532386216,0.00042350049403195813,0.009478385833104149,0.06444103128403406,0.014024061206557754,0.00048822511495122406
spot_0210,0.18376371691687707,0.026174498864811026,0.29954538208039916,0.10768662224217776,0.03063872854722637,0.1778308307451781,0.03598101961814381,0.009757196275567237,0.0011564688398936582,0.0019439662940360313,0.07324175744232439,0.007580737381684322,0.008405791014432782,0.01227521204317979,0.023009591645072852,0.0010084800489956565
spot_0211,0.16783644058085692,0.4628706773933547,0.020870950934646262,0.031119622498482057,0.018100605170117894,0.001107479248221507,0.002951139666026809,0.0012765387420845325,0.0498869091850964,0.1574738476716695,0.014420316004973534,0.024981421294162445,0.01748810394368427,0.001210946457610741,0.0020201515232164454,0.026384849685795974
spot_0212,0.0015355414684765333,0.13729553115761653,0.015982493877291695,0.03299956204323159,0.0016455612166731924,0.00379306248818093,0.005120906404230563,0.004029917450625971,0.5189492784747433,0.04790812276770515,0.015864711729165475,0.001689987847726833,0.11871984362063183,0.003791279616451593,0.00404862702905568,0.08662557280819323
spot_0213,0.013109971326682469,0.00387249038727363,0.004220422836636946,0.007972261307688253,0.006801962193337031,0.2097797732627676,0.020674229838082845,0.1758697449620124,0.08912899631420161,0.0920662578664042,0.008761251909462812,0.195922001578489,0.03327723350562689,0.07979792884620007,0.00919777396552157,0.049547699899612684
spot_0214,0.34194713376099034,0.010553953382448668,0.19667741920668858,0.0051364269592912085,0.013029746752390756,0.03564939158043752,0.015769241867455236,0.044188719654660924,0.002218527666288871,0.002618278608125703,0.004436820391085009,0.25783004717508956,0.009022453125275961,0.05265390661952829,0.0061284618902236725,0.002139471360019707
spot_0215,0.0006991025315222942,0.647096581878285,0.3234541949709557,0.006432693436733431,0.0008157272451642302,0.0016069074228301464,0.002595683829598205,0.0016515139151079806,0.0006584432082618115,0.0006571202554557385,0.003428761538664641,0.0006491320642131035,0.006162414716913459,0.0015156504009555584,0.0019088053638875893,0.0006672672214511187
spot_0216,0.40130802251891456,0.030183435521250697,0.017501439373617974,0.011864969376799317,0.025357848151562425,0.21453107703705096,0.028662767171835624,0.012697872528356337,0.09102223164997851,0.0312735182383911,0.00790792913093739,0.0821861254461283,0.01564476045903747,0.01676700249999229,0.0059561495050036726,0.007134851391143383
spot_0217,0.26480260234488234,0.36704188995854686,0.014835719992050878,0.07547900764171384,0.023125630309516264,0.001166499979950565,0.002938588777261302,0.0013651695594788986,0.009762558390286866,0.08044318050524268,0.0053874207135104,0.018817157697179076,0.12348125633728357,0.0013041990278139645,0.001565580443461147,0.008483538321821348
spot_0218,0.0010449233972207458,0.3922772175896665,0.5445798604483333,0.01437876255419404,0.0010126703992831508,0.0019060123299323747,0.003507341945690513,0.002168671434063302,0.0015409774060149161,0.001449111213241921,0.008100865858199814,0.0009200384303606493,0.021109398396037097,0.001942918381290957,0.0026526483979632852,0.0014085818185075078
spot_0219,0.7900027106144447,0.013924028056611413,0.009323853020632556,0.0317055175704561,0.018030357252517632,0.004309208424249087,0.006119608355778389,0.00416334975203414,0.004111513158133221,0.003766259093389135,0.07837981298557366,0.008721610948308242,0.012504593907220451,0.00393838008528441,0.006039378984534626,0.004959817790832275
spot_0220,0.0009969523314829272,0.30820197484900363,0.027956840792856312,0.5522262674296462,0.0010441440233930695,0.0015277749289981323,0.003068326454810817,0.0020410991629963987,0.0013996122260920485,0.0015459283743526257,0.07854529551597993,0.0008707033626308817,0.015058221318410886,0.0017931024667893656,0.002446229852544327,0.0012775269100124696
spot_0221,0.1431726838834529,0.08824021332724649,0.3118869146735424,0.04402190914806732,0.027994625127854268,0.011608919587359663,0.04889216105721684,0.017524960913121432,0.1413155467634731,0.008396704127153789,0.06247310520904165,0.026875567158642758,0.010635052524036865,0.007919941388747785,0.029465463367418954,0.019576231743623808
spot_0222,0.9402730409955392,0.001519733104894359,0.00205451906590234,0.001413370053390108,0.007103739895798398,0.0010549691402320547,0.001518827620002583,0.0011999897216079538,0.004135108393755563,0.009257217439453546,0.0013896503568322312,0.02176532628094875,0.0014511779186054412,0.0010716836574737973,0.0014321930531622114,0.0033594533024015054
spot_0223,0.4769388828906786,0.18007621705581478,0.11095008165857065,0.007907235685870897,0.011996987721841247,0.011412618487769813,0.037640152190133856,0.01960565970967874,0.0025112590608778454,0.0032857184433955147,0.006633175100253715,0.01535036799878048,0.009748649716991856,0.07977505447098368,0.024362587085855283,0.0018053527225030692
spot_0224,0.21741291233384152,0.04090630936537463,0.07705776463029258,0.02554124163562445,0.013715450129248345,0.3761108449929285,0.00991683076091175,0.005993629176374722,0.0010899623631228043,0.001698716037187028,0.12369416105335564,0.03029319017968268,0.04769963734941973,0.01440938983417202,0.013477107412004965,0.0009828527464585915
spot_0225,0.3022464370240856,0.1652152765426278,0.22111858414420146,0.016382279144785388,0.20429383860522077,0.0015583384779870107,0.0036161523430427943,0.0020092694091472124,0.0015266490424178307,0.001361577665119423,0.006414058213762484,0.057433892909693994,0.011689110425254333,0.0015022776884432466,0.0023049592597626464,0.001327299104448022
spot_0226,0.0008240251904249868,0.47651703445814486,0.4977693828562355,0.005272432982096485,0.0009272884355528666,0.001138571966755309,0.002334447145008758,0.0012033097100852476,0.0008593526425273543,0.0009875753705399768,0.0034655224546252293,0.0007960124134716816,0.004333513810279571,0.0012132252264282256,0.0016026305566680858,0.0007556747811558342
spot_0227,0.0023178586448418578,0.7047828368232559,0.08411288529737129,0.04250836803225026,0.002341892177074073,0.003214149566603143,0.005962060480101191,0.00358175749636736,0.0030428813727652526,0.0031787068099115748,0.10955111683534746,0.001962787596616745,0.02113353823643857,0.0034954728513533467,0.005372142579097148,0.0034415452006047896
spot_0228,0.2875921772585852,0.29334744075046143,0.011290906566586503,0.022275241754482186,0.04365470580642062,0.0026003680575639974,0.03818169686906185,0.005248750454631943,0.14094433283955288,0.006944488508847477,0.0035795135356835564,0.022016733438171097,0.08150325091347353,0.004294153381101357,0.0015797114230565218,0.03494652844231987
spot_0229,0.2916133173634057,0.051248199429692644,0.008161954494362161,0.08942469095633257,0.04975254763672202,0.005802088902965518,0.03963084926206757,0.006261421739489814,0.028282885590014486,0.11339267763261583,0.09608080230961749,0.0123405792239543,0.06009558468930502,0.004823121258413348,0.1216841399035258,0.021405139607515715
spot_0230,0.14143899525768674,0.016202446274228115,0.008135189152969449,0.2129680586802552,0.006039377490354374,0.1464780258697608,0.04381517046260568,0.055230442906501094,0.009506684118619265,0.12170694134996284,0.10995502225892313,0.012181022590303653,0.02714075564033913,0.041718089953081294,0.02562656930265279,0.02185720869175641
spot_0231,0.11807273601314962,0.025157062181162235,0.49818067127803983,0.006511761238155985,0.009624417771984386,0.09070757834840419,0.012513624161563989,0.049482308600294164,0.10452918628544551,0.011971728697943863,0.004336983413137569,0.005133830416289881,0.007350692242029827,0.023696233842223614,0.004616624169568834,0.02811456134060647
spot_0232,0.3859953452570721,0.06056370564110078,0.015336699782508638,0.046102111157528776,0.014687688581351058,0.15536502239415467,0.004337807040327728,0.0048881910892772575,0.03587506428716485,0.00497600297002694,0.2089649187188522,0.0289891120840026,0.01047517280041175,0.0057807559645002525,0.005229887227802911,0.012432515003917502
spot_0233,0.33820430241334554,0.26816693831643673,0.030364243552251022,0.007213319366513295,0.006862689786856282,0.0015074409179305138,0.0026316990153140967,0.00169481599588702,0.040326542922620764,0.10013747153489297,0.008344765134033353,0.1743608161328097,0.009690459495010318,0.001458306415788426,0.0016102608689424298,0.00742592813136753
spot_0234,0.1519497812434492,0.10583732338405984,0.5442293970141613,0.017116139135192665,0.005015964948061646,0.0038036276775912886,0.0035254486679075613,0.0030371428398622185,0.010902399383791091,0.09725393221646228,0.012972461670851688,0.019712969478313146,0.008775846028397684,0.004278908707991745,0.004421820045800728,0.007166837558105906
spot_0235,0.3170827365354875,0.013782866545908429,0.3254685944137547,0.06763448332858528,0.007925812247887437,0.007502299383632958,0.0070486437541140345,0.002784545120151836,0.032208634319192526,0.08313294879400167,0.01666905248603459,0.03691141629586237,0.0644171812996954,0.002594291431425951,0.0037407694045724156,0.011095724639692849
spot_0236,0.0005766928389099856,0.2614772282345887,0.541245043406141,0.02336472296957853,0.0005752677018461045,0.0020057725163729325,0.004631243413184918,0.0031126654425759274,0.0005801407407867097,0.0007654205659630316,0.1415155980072574,0.00042136261879553065,0.008916732944298126,0.002235265431325925,0.008029668687715652,0.0005471744806595555
spot_0237,0.15194146160218008,0.14455514952246842,0.13120097965234467,0.033457826575325395,0.03242745008891417,0.1898949847711713,0.015209353854916568,0.016846091407351212,0.0007639415412721785,0.0008358118286894645,0.1926108056308754,0.01042939385712687,0.01122468549703621,0.013474419933155731,0.05438609853002201,0.0007415457071502981
spot_0238,0.38589231211894565,0.016669348832732966,0.2107938192127401,0.10378945322472755,0.012990868485090425,0.004825751269952012,0.12997150218635922,0.04042971510582485,0.0012627655596303491,0.001066980401602939,0.009014134314787686,0.004853019652962012,0.058505626603245285,0.01302253644906979,0.0056207614698351215,0.0012914051124940302
spot_0239,0.3343089379170806,0.344387938316839,0.023239887548753172,0.010429686766957616,0.021274567559126593,0.06259893362445909,0.009289951659532726,0.11768735911318447,0.0005861606563528244,0.0006041375339432064,0.007444096442796701,0.010408703539341813,0.00688867052786793,0.04199627569550428,0.008309086938005405,0.0005456061602545651
spot_0240,0.1116265804162806,0.4605374093195619,0.14841078273610425,0.021045861550753178,0.007327598904332188,0.007249005085756621,0.03581429330585833,0.0778952665072009,0.0016289359249468264,0.0017233416792816108,0.013712131291246267,0.008161634881877638,0.040300539194539624,0.02395660198819302,0.039064200792774936,0.0015458164212921385
spot_0241,0.15230041911399422,0.09547519666319336,0.07257188714674864,0.09635823011412718,0.23707049368649977,0.0015737011086154906,0.0052836783547343495,0.002185175498644071,0.029531478750155833,0.14382591496049288,0.06753031928110773,0.06083383650474467,0.007523263727147589,0.0021116855513706946,0.00541386917391835,0.02041085036450519
spot_0242,0.09425551790599214,0.11665419361127177,0.3618887830865983,0.09729075253823018,0.22137862392651414,0.002599470698454181,0.0326234419158703,0.0034636309867549005,0.0015060472808222996,0.0012794630424572534,0.008246725239494096,0.005132077329707119,0.046119751083278385,0.0026897619900973393,0.0036497927987582486,0.001221966565699366
spot_0243,0.6491099963667447,0.009472988779703574,0.07887620133349278,0.0037603575547677263,0.020619438187709956,0.05117658129047572,0.006952096657835728,0.009820956914106066,0.0008411598558474641,0.0012146357245665465,0.0040156801093487685,0.1454791772497004,0.0048533009569207645,0.008192805662912367,0.004927587426727793,0.0006870359291396156
spot_0244,0.4712185097218332,0.08959964773996328,0.018202049570865117,0.02049911536497886,0.03794381490944765,0.01950063332344111,0.06915261206221969,0.0982167122819654,0.0037500469483995763,0.003070943611692197,0.019572491496057817,0.033714231987860936,0.04303568447242711,0.06302574386899665,0.00603745981523249,0.0034603028246189154
spot_0245,0.13825778569564073,0.0068504720208112475,0.005402071899049421,0.14400071862867517,0.025725269639460677,0.002216062034221222,0.006211924865097789,0.003156479395949367,0.15946593465639294,0.029154318277308654,0.21773508238338685,0.07774839505113076,0.03216856799175278,0.002815484347993011,0.010031408966529374,0.1390600241466
spot_0246,0.6786455273319838,0.0014493324230122058,0.0014175738837388708,0.002326628717764784,0.1629728830753251,0.005616270852898596,0.004595941600482073,0.07708901077799177,0.0007040224475782204,0.0006768839754505881,0.0025995929168226386,0.026307562959005094,0.004196178909054872,0.027989896939332452,0.0027836761846382952,0.0006290170049205893
spot_0247,0.23598576375504743,0.31301625905213565,0.03208558342044083,0.013415723792804556,0.14831536312398352,0.002281790559063233,0.0031384845238359806,0.0017016260946557708,0.0009921636715204136,0.0012420223650178091,0.20488561521037973,0.025347099180984545,0.005229456957067678,0.0015636980209280148,0.009545927970678119,0.0012534223014567295
spot_0248,0.10633953269870067,0.2144980734824998,0.1542866815456451,0.05507259379452603,0.07138147552358985,0.014125799751412161,0.03622440549345357,0.04737179240692219,0.0009499161591162008,0.00098817806516368,0.10612635459855832,0.011554509931306559,0.09547559672102487,0.04533083652842128,0.039421050918419555,0.0008532023812401766
spot_0249,0.0010327688425342157,0.11011784568519897,0.023701745490220374,0.07499541952058363,0.0009902189452225653,0.004572423076346219,0.3623789908734458,0.05636479328703655,0.0009830434893847385,0.0009993099344443085,0.09027391358728165,0.0009127582683524734,0.2315867697069231,0.016047584229839262,0.023973617706551775,0.001068797356634316
spot_0250,0.14743883057378013,0.09855792045141054,0.04111193879836485,0.10278362847189382,0.2337893017152625,0.00702449577869452,0.016723402874383005,0.19942885318900436,0.0007379552536063457,0.0006887001073373328,0.061794419080900304,0.00799132546266004,0.009752624566394,0.06243279396499281,0.009045474341743015,0.00069833536957243
spot_0251,0.3021368150013711,0.017043353485884326,0.5660663061676479,0.005252578491164134,0.015436112905083808,0.003077093932139591,0.003429596221569169,0.00312980756120947,0.001489916120387382,0.0012091018987616,0.0030638145722305036,0.06812392851758356,0.005004572642297363,0.002417763674424621,0.0017753293907458514,0.0013439094174996665
spot_0252,0.05331635578964265,0.15921434362396464,0.5557838435127946,0.005898835081083045,0.007696783318366633,0.0011594426953703237,0.0018334756372338022,0.001059325010533672,0.010919789750396211,0.03316039525334129,0.004984978927698427,0.028050369819666448,0.011428610771963076,0.0009740741568153933,0.0013377498940231563,0.12318162675710663
spot_0253,0.4572047198825083,0.006398096954117139,0.11398666746810082,0.006908347080885763,0.015450120750188197,0.011603187460086805,0.07964120445983162,0.0315114999883536,0.03138628564200048,0.03931386297022095,0.008548423468656306,0.06017067090303398,0.003910971764585869,0.03477763520150566,0.05181487634989697,0.047373429656027526
spot_0254,0.4363148976726859,0.11833545991229738,0.005511002537418073,0.3358958540914384,0.007150843276645731,0.0012286380617455572,0.00193938153639472,0.001235862431567861,0.0008428530682885114,0.0009531529537691322,0.03070154845260417,0.029873069576135444,0.026671943280313,0.0011486907700812765,0.0013319866012186498,0.0008648157773962058
spot_0255,0.6144971349654944,0.12799265226663445,0.22244918216376205,0.004696072759392312,0.005833539626145642,0.0009664825629919879,0.0015463131060584013,0.001034084215128559,0.0006475593034347556,0.0007306599697178174,0.005980052918988835,0.006846098117039575,0.004125710844499317,0.0009214232429873749,0.001082769311954518,0.000650264625770018
spot_0256,0.21409268686519325,0.07772905299648393,0.03224662475743682,0.1511999698722037,0.024967892898973713,0.002786386955725906,0.011710579706370643,0.004661206130725519,0.002082313658284387,0.0018390905668593236,0.18498867918559017,0.014533057767212264,0.2520069705188051,0.0036015728167318743,0.019745200908673505,0.001808714394729879
spot_0257,0.0006380083250096054,0.024808311834801068,0.4357537497563508,0.07014908228546025,0.0006397017632837159,0.017112218490300774,0.04595617530909353,0.010355086348352464,0.15669874488644187,0.05691972084011648,0.022932223976806703,0.00075221622235778,0.010550961810792956,0.03672967716251018,0.07107077822026045,0.038933342768061395
spot_0258,0.4745059484492067,0.1726263367436607,0.009973695814908166,0.0058879389968528595,0.10949829525963899,0.004093130902356377,0.00549975511119338,0.0033572517599574784,0.013739855006519924,0.1461732037299695,0.003808658764846655,0.015069422739298743,0.012953846641305713,0.003027734469795394,0.0035338734841440663,0.01625105212634534
spot_0259,0.00905252938558971,0.0029776710289958837,0.0029251546137128923,0.0051273895437864096,0.25051395565330586,0.08413682857436829,0.013973378733594133,0.07351350200353232,0.0033518371069754436,0.002724514358849561,0.007925431202943159,0.01000595428515877,0.004550466019072945,0.22105619879160548,0.3040019556226441,0.0041632330758650735
spot_0260,0.21474155707886827,0.003413321942145973,0.0037252381768731494,0.006986940724229644,0.008937179072684875,0.008088001355661336,0.00921489085821348,0.10008004560266369,0.08801892116803589,0.13633401239522766,0.2264517580850253,0.059825724559228015,0.005670350457475439,0.030055465861918523,0.07509870278178118,0.023357889879967612
spot_0261,0.2705496569433522,0.146261916340878,0.15297274549491258,0.014317785257781686,0.045644707013949626,0.019318876449456165,0.01884289186439809,0.15224014386411838,0.005563952963301473,0.0040792862329864085,0.06349189831209698,0.03139332979856749,0.009195340901398098,0.021306646470624788,0.039597795951874466,0.005223026140303559
spot_0262,0.6782873436442796,0.006000281189141974,0.003834427493127875,0.12434761142360298,0.06686548818607758,0.0015081462197059608,0.0034794303831386726,0.001886999186959171,0.00082353457271481,0.0009125632295220792,0.06137404421428705,0.03676380984584107,0.0072974642655557476,0.0015600370067734967,0.004340036616190011,0.0007187825230819524
spot_0263,0.20566907321434874,0.06061613391800543,0.031087780836358818,0.14639195334555583,0.014282122068530266,0.01162423283041594,0.16453286934114655,0.09832903559767903,0.001170063645466771,0.0012780936589289946,0.04035729406374644,0.04941140042861045,0.13312322935867357,0.03448869750926695,0.006437594528470081,0.0012004256547961188
spot_0264,0.44700558294238496,0.016982330322917318,0.14793549385330854,0.09915205553859249,0.010684870470280638,0.002756374290726373,0.057212205737681134,0.009824586227414807,0.0017217355803766819,0.002042405967797393,0.08444013123996484,0.00885212234590108,0.01768499057558291,0.004715562852262066,0.08726191679097264,0.0017276352638361434
spot_0265,0.25088615846582657,0.03862117938332362,0.015999035222584713,0.1172694627085485,0.010661596111761788,0.022156663322143576,0.07055205643594327,0.015916496562149603,0.006332647528173146,0.10498785565233898,0.0543808157780032,0.039208220720079776,0.08910536147659834,0.06387668597025037,0.08301413544244558,0.017031629219828977
spot_0266,0.17904737608529225,0.18221283661596538,0.26327329187577386,0.10387186401430445,0.05971374773947694,0.0031681438068142647,0.0056811189537071885,0.0034869326342980888,0.0011278086183618835,0.001174022093280288,0.02087325929420763,0.016130422334966508,0.15126979629992052,0.00298989380000611,0.004907009075880841,0.0010724767577437368
spot_0267,0.001104130321183618,0.014375945136780236,0.2371365224302244,0.01284992637813383,0.0011636979911958537,0.6102749064487831,0.010695601053648706,0.01256880091073642,0.0009199705547889941,0.0009827486503778328,0.05467366648354354,0.0009747261605839877,0.009638743923202398,0.023669306304449775,0.007938766940662884,0.0010325403117043374
spot_0268,0.001418937574670537,0.2677543716689382,0.17253170466081835,0.011747415534681076,0.002274083326581279,0.2231738434242586,0.0067639678815924085,0.008874351728564791,0.021256711752168575,0.02303176211665844,0.014270991800450349,0.001454414950419353,0.04424838381765839,0.00971211737280184,0.00812211212470926,0.1833648302650286
spot_0269,0.2757550666669183,0.059911487303171695,0.03603366465157488,0.26562668897755226,0.0833998851149606,0.004665286006040661,0.11152308677382526,0.06895860755012215,0.0015782892470195499,0.0016067757180196031,0.013210899754724467,0.03400223879264181,0.00853440077727876,0.01234770201671277,0.02100864531902091,0.001837275330416388
spot_0270,0.4022120050444238,0.012665581733305793,0.006030773698904298,0.06198158167525758,0.02244153126465939,0.0024893117877290865,0.004645619234764129,0.002594475181622144,0.01558262968182714,0.16199004415694457,0.18408587717435643,0.029931703507132788,0.03237066522183584,0.0026326029070326807,0.006042558531836827,0.05230303919836755
spot_0271,0.21642591054325422,0.02486312713292897,0.381661753468225,0.02303223469857422,0.011041213912741262,0.12038880689280972,0.06223449575886282,0.0063457300602860174,0.003959858974289117,0.005604965155530527,0.006314045592882702,0.05012266381354281,0.05678265086522844,0.015536110336724479,0.012356099252891484,0.003330333541228227
spot_0272,0.041957959084428176,0.009046992140004916,0.007783971644917925,0.2799403978006457,0.07905923841827062,0.003679780941109464,0.01409280070187485,0.005645118718862562,0.0027697259458331004,0.002931047325677728,0.374436324711746,0.016218952901807956,0.14346313233963892,0.005659843379715037,0.010636825985981736,0.002677887959485307
spot_0273,0.23135445849363695,0.04990642252545038,0.15178233582703488,0.16732073188009494,0.01651929911719107,0.02498044186972199,0.008098230625792763,0.02450094981883413,0.0009249447309743593,0.0008406007164754265,0.23852534357798783,0.026015002658583145,0.007150291223752931,0.023499774102517034,0.027700286739413098,0.0008808860925390846
spot_0274,0.1060753840192583,0.029247165037393674,0.5252123168055203,0.011218887654136277,0.03247001863178162,0.025823784089904857,0.15555846314514493,0.009333293136852303,0.0012739553686209118,0.0018645486040457914,0.0068145771272992975,0.049463141405876,0.009606581328181717,0.025782977078001094,0.008866990017072333,0.0013879165509106675
spot_0275,0.015193233684204487,0.010670139715883797,0.008359278905662602,0.3864241772558243,0.1992319399943165,0.0017509966167490126,0.006928941682045988,0.0021997376463148382,0.024474387497959327,0.008866320278529077,0.09338525874563254,0.009138415787558961,0.030993828071217176,0.0019972534565454096,0.005329667385035226,0.19505642327652079
spot_0276,0.0014989744112458825,0.31471370635960066,0.33423732274401385,0.01192294361558389,0.0018225390204695642,0.27947405564040384,0.010359976031041322,0.007123447966257045,0.0021633028028942595,0.0031583879044529964,0.007641057588920237,0.0013301931499997716,0.005274972944595822,0.007019089528173285,0.009966534652735186,0.0022934956396123943
spot_0277,0.2953850434535932,0.011439010429238483,0.007344036230401318,0.1373182338246613,0.18151380487477425,0.023067789677743478,0.06441972462133795,0.07976017114770553,0.0024295862556964294,0.002022870491727413,0.05782411524463661,0.009806208784207213,0.016571797657743175,0.01817727707575093,0.09093357145538133,0.0019867587754014266
spot_0278,0.5048517119234731,0.011657657661712974,0.00727142165332087,0.26992803840913804,0.0960842244995483,0.0010725186824419243,0.0028746785109183075,0.0013115950138791307,0.0011833994201226965,0.001901654117309559,0.0058323046526475,0.004620466735444174,0.08654706675569863,0.0013045143712340401,0.0020796747975551015,0.0014790727955556221
spot_0279,0.5431194338499521,0.029304549540411107,0.25636599287818285,0.10497249093960143,0.008067646964829863,0.0026562498426640816,0.010974457239853345,0.0036097277735105066,0.0012659173030625677,0.001387458923491548,0.008351598519980914,0.008885346222838415,0.01131020729398452,0.0030292720010975448,0.004830336625795809,0.0018693140807434546
spot_0280,0.0011162824211751825,0.4478998472599902,0.019143694941548828,0.09013335502586746,0.001331417787591683,0.003576748397278215,0.03646627706666498,0.008596111026274913,0.21590677540276945,0.03350492211748229,0.04260363064574068,0.0008098683969889919,0.015520337353032649,0.005434197646398641,0.007421281590337569,0.07053525292085826
spot_0281,0.301885447671473,0.1420180589354465,0.022065459262790334,0.01147768339914825,0.018495799951874448,0.0029912169710863785,0.003965787385897067,0.002371672259569544,0.29349039074360067,0.011608787409092733,0.0072512150512729,0.03430375436800128,0.006713263360374157,0.0024962995263157284,0.0033874902659656522,0.13547767343809133
spot_0282,0.46772377682217675,0.03139079400757809,0.032567811942480984,0.3210177735689386,0.013206020741634364,0.00102061862671653,0.0029115954457518407,0.0013278613362122822,0.0013295846735833275,0.0014132522395479514,0.09393560701729713,0.0210263332423632,0.0064390540841465956,0.0011247234400999183,0.0022926049676461695,0.001272587843826241
spot_0283,0.5771700685130668,0.08664980694128287,0.21796409545024156,0.018331200536451903,0.009498647929379928,0.004171792448639701,0.0054476746764490205,0.0017518671371252405,0.0015263899179382707,0.002101067632246489,0.03653254519095833,0.023778218107968825,0.006128069995938428,0.002237256362975084,0.004906473596042417,0.0018048255632950297
spot_0284,0.6752593709362937,0.001497867961841515,0.001366561775897764,0.002021612310506019,0.05800685679111916,0.026854361933911212,0.0069170036996840725,0.035709248214479496,0.0010269679855481107,0.0009106624475021127,0.0024131186809116193,0.12480617246297183,0.002775963710464829,0.027853116550517525,0.03170409657375897,0.0008770179645919806
spot_0285,0.19982903772859573,0.034591154144476,0.3016250018973101,0.0866816417782852,0.0745381406601303,0.014358344454891933,0.041367917052822584,0.10668850867305658,0.0007192186546656309,0.0009137770253263831,0.04501659200576836,0.0032496598745406276,0.009408183035908674,0.010472722055091675,0.06991840338502693,0.0006216975741032462
spot_0286,0.06966774563742016,0.18412101035218603,0.23521435105475244,0.29471791900331445,0.020218809481243848,0.0018259548197765844,0.0041209702332343804,0.002006851850632443,0.0009627856121808401,0.0009433690050694014,0.14740553939168882,0.00542559704541608,0.02639055781142832,0.0021106713984309915,0.003963477978392633,0.0009043893248325855
spot_0287,0.11762109566641252,0.13004471904510945,0.3361119018379759,0.18523729264300917,0.00431449070078012,0.0033843281331077425,0.0076355464127333,0.005847075651874758,0.0009680575551746441,0.0011336798776686355,0.132364104128416,0.002983293944510333,0.05116441722886718,0.0032862153159615836,0.017030655470709543,0.0008731263876891403
spot_0288,0.000758882398408316,0.2657423749444884,0.1731904883479192,0.01757805285250829,0.0007612363524221408,0.3865290409323139,0.019373521792931548,0.027585837488081612,0.0011765017568221895,0.001155686535903055,0.022102421983095456,0.0006642718950637714,0.015448269785877971,0.03365071280425102,0.03284887182936921,0.0014338283005439368
spot_0289,0.09762242813953695,0.016487570313809236,0.29817839539601954,0.19458645679449718,0.005184400533543826,0.02405443416946766,0.06476317198800537,0.013681105330906211,0.0006990158430096946,0.0007171586826762371,0.16239011621946803,0.005109138498987864,0.06672851290315286,0.04107628930355039,0.00795454698838478,0.0007672588949841849
spot_0290,0.0008461814807544918,0.12374599270018605,0.14561120816029918,0.06879172541330279,0.0007796304547389623,0.0058781510967075784,0.05403850331181896,0.035256702826936784,0.003027275114006639,0.0018644685548263997,0.1594086498288424,0.0008413261610850244,0.09858514333836248,0.04043570625322331,0.25866980790584565,0.002219527399063323
spot_0291,0.4524922584472716,0.0010185848771276228,0.0009478339568585692,0.0010159509796123132,0.03347257413261554,0.0009832456294857107,0.0009128392748260372,0.0008944636513279175,0.12616957295144257,0.12176536745726348,0.001012647179769394,0.024737683370281198,0.0014862292070348738,0.0008930976516263711,0.0008089123571694488,0.2313887388762874
spot_0292,0.0026201132658346233,0.3447673549716525,0.06379836988903605,0.35509826900354347,0.002645830416930604,0.007401120142497767,0.010832001181614946,0.005730592106756045,0.003694214010352034,0.004394381692529504,0.07101575456394188,0.002542547290192332,0.10723424622834851,0.005869482887965068,0.008324440130826158,0.0040312822179785195
spot_0293,0.04128205769240301,0.08647440186049501,0.6548095133842502,0.036572546453250435,0.013902926667153379,0.002627452217004094,0.014406589575782437,0.0035787375528997744,0.0010140036584994129,0.000991342102202531,0.11903360598752186,0.004426104191106991,0.004921624820468904,0.0034402207982205534,0.01159372630256771,0.000925146736173731
spot_0294,0.560171358679804,0.06792904362361865,0.08748082948028875,0.013142234571216356,0.027187911048925255,0.13238667711544164,0.01410476630839998,0.005779349471452871,0.0011166238593324313,0.0015214770392772668,0.011154062742290185,0.05416894719345077,0.008315568214262476,0.0069387564860763345,0.007570649357418468,0.001031744808744479
spot_0295,0.6783202623823608,0.020486695131819388,0.03208371745648516,0.0266806286910677,0.009947621124970354,0.0030499756011896817,0.12744079166438674,0.006964162152063133,0.002033330699388751,0.0019317783404366137,0.007597435036088781,0.05452925759121947,0.014808105180472535,0.004869211245952338,0.0067714883696657685,0.002485539332432789
spot_0296,0.003211949289485761,0.1786620336910869,0.03960771034354744,0.18493188537173685,0.005584188250503557,0.002223411860100598,0.006348797867636496,0.0032236041155063798,0.010687016828605305,0.15510962733599945,0.3651444249265086,0.005735085891184795,0.010555969277012274,0.0027819422585501825,0.012453777667508839,0.013738575025026505
spot_0297,0.29645125606053974,0.16201781995254497,0.15316732851240444,0.035769409194868755,0.2834254720955601,0.0015358286290228218,0.003412098362886441,0.001846201576611537,0.0018723800867081408,0.0017122328256166262,0.009609634990230837,0.026739273143628117,0.01719429197739175,0.0016119761829006402,0.0019434812470588347,0.0016913151620261597
spot_0298,0.32902162709765564,0.017339877079273324,0.18768934794259615,0.01486501388549219,0.11391284256810007,0.025272573102728617,0.07300578457215313,0.11483453340256422,0.0013465703492781904,0.0020807781762462864,0.020423241049728362,0.012668874232224146,0.007589389783592403,0.05882859704207203,0.01866191295633533,0.0024590367599599343
spot_0299,0.37533345993279477,0.146855634181944,0.0840448057135826,0.02442190850131793,0.006591213156930297,0.001171031666976492,0.00225998813115473,0.0011483178951602832,0.01869889888067852,0.12703517286799446,0.008951125848412624,0.006819887458862017,0.1888276775962026,0.00111692471278122,0.0015004877487727465,0.005223465706434753
spot_0300,0.00245908560459606,0.05776940369029608,0.8059621136815197,0.01572484601555891,0.002546790947671673,0.008096318614335248,0.018082682332880306,0.01175082875724042,0.0028968708376730453,0.0033850102171289207,0.021557897809128566,0.0023194179128618697,0.013055249581305854,0.010863974000090544,0.02057892617139956,0.0029505838263132207
spot_0301,0.0013191937100685597,0.11431961747234375,0.015114792287501818,0.42921463981953967,0.0013179192926420975,0.191612733805602,0.011862668406062968,0.013307631720476587,0.0013615905414832905,0.001454109825389611,0.1697113852467882,0.0011287599455669986,0.016701192720594924,0.01146318680699779,0.018695751299393007,0.0014148270995487221
spot_0302,0.0007765436875947202,0.13766309229845983,0.30805545878284957,0.05889282471033343,0.0009978605053613217,0.008978379778698977,0.0473677371448501,0.06513568243315232,0.005991142011644235,0.1909986604978185,0.051852595039872974,0.0006468420546083837,0.01994616146410376,0.009666621461776628,0.08563671629349484,0.0073936818353804
spot_0303,0.16301985397405347,0.2525621721959802,0.3091977994275045,0.008967729191790584,0.01848558089259389,0.0024566611428177123,0.004086533859551331,0.0024757990132619682,0.007023915793944703,0.19702511717772245,0.006013561891645466,0.01225206583921599,0.005442281354441457,0.0020713896067802947,0.002323275381356029,0.00659626325733995
spot_0304,0.38910720259374015,0.15039072124606595,0.40674979641560105,0.004878969148579895,0.01312547135850187,0.0018260697718780975,0.0024044305665816136,0.0015177641143493009,0.002179562583486921,0.0031860307456960217,0.0035663327206063,0.00996196381009612,0.005210736633030595,0.0015127311585017135,0.002472663000107405,0.001909554133176977
spot_0305,0.559555360361437,0.0683203500636265,0.01653398628925162,0.029382679854441863,0.11792146558963466,0.0027938300275556108,0.006108862620673602,0.0022436624175621775,0.007231201788190146,0.12466594196874052,0.010103795267743975,0.01658090409322071,0.02165315209527736,0.0023779271450458652,0.0022903900083509504,0.012236490409247397
spot_0306,0.4335311478333328,0.016690641097782732,0.013231661951009386,0.008808672252599514,0.06006193156581867,0.22810519897976608,0.01775563185493202,0.01797490960652808,0.06260478064434055,0.025829312540918595,0.00576986430155415,0.025093668684141125,0.011012368977474636,0.04816115347594548,0.006749008718948869,0.018620047514907315
spot_0307,0.17262718275112215,0.019474402896390117,0.060062315868176064,0.00630743528272834,0.010604692346163146,0.18526761554591378,0.008237234509624668,0.005524920121661398,0.1685515765601691,0.02234293482911376,0.007186827042383761,0.2509864592690408,0.0043841768905889325,0.004398917162902742,0.03297718226385059,0.041066126660170704
spot_0308,0.4191533700347825,0.20718289923176442,0.1335412403139186,0.07183805437463878,0.13295915761341884,0.0008472919126119871,0.0025116521313925115,0.0012486889169958013,0.0008381817280876787,0.0009311229322884158,0.004490053547901951,0.0071134525951852086,0.014484552400538604,0.001009449763597463,0.0010098387382016377,0.0008409937646756577
spot_0309,0.6435181240607999,0.0037707939251150385,0.003282264953128602,0.22915023451755318,0.0071800420370688395,0.0025317308442711116,0.006889578591410301,0.003790512172126148,0.002352752229886771,0.0027181795343967988,0.0330679955511514,0.03649493432200022,0.010682547009196259,0.0033882157125488606,0.007698858021864609,0.003483236517482034
spot_0310,0.21612213973270028,0.12782732775380412,0.017494317937336336,0.12913486130256394,0.023129267228107767,0.023006205026247256,0.03396112185492899,0.14616229010993045,0.004206886558630976,0.005226275011684453,0.05482637595920727,0.03282466189931743,0.026280393158961097,0.1234827888336801,0.032520833739339366,0.003794253893560166
spot_0311,0.2629445474155422,0.10356795728539045,0.23498402269026553,0.05224068095540373,0.019331470128549594,0.015338937771475073,0.04109647676064683,0.12801434177955057,0.0008248317120243083,0.0009601189330790266,0.048263350633596214,0.01389217850670897,0.009224314495867032,0.060514453580986206,0.008073493378819881,0.0007288239720944279
spot_0312,0.5363928742582763,0.05144455747634736,0.1073849939124378,0.24689160854680636,0.005716797025773048,0.0016939943552317536,0.008901908214947152,0.0027974988911708826,0.0011140437824206997,0.0009815819784980868,0.007037922626314788,0.005461404688584606,0.012391889915540468,0.0021956393014396034,0.008291718230680738,0.0013015667955303583
spot_0313,0.3889153189091938,0.00980387056640587,0.006443663529326957,0.14954955278579746,0.025370615138354705,0.006709405641516016,0.021757868849336063,0.07073048539873192,0.1031797674816893,0.026075357704961517,0.049807695831561916,0.009902724970033453,0.012520607308491824,0.006867895337045142,0.00845222228092435,0.10391294826662972
spot_0314,0.1983069183523388,0.26430651944218936,0.007651597592006334,0.17376758403576434,0.12034431095650876,0.0013361314644275857,0.0019475793865785503,0.0010885451749711758,0.12416522363548321,0.015291558094128646,0.019924444256441784,0.04012032972077248,0.00938825959351224,0.0010448852928971455,0.0020159637227762034,0.019300149279203375
spot_0315,0.24078434240850474,0.16561430894352733,0.029950343248120063,0.1599894740400101,0.014035294456504975,0.0023659532711103777,0.004880119446569347,0.0028705698490022347,0.001425277785001294,0.0015884954190196188,0.3282109398387974,0.015219238445308581,0.023987707412188832,0.0026073094684212076,0.0048650291285828665,0.0016055968393310235
spot_0316,0.0007167964096960324,0.15473022505228973,0.03953448179749176,0.08999525976349254,0.000794242949704477,0.010529069612046466,0.20238234019491969,0.04312502407950483,0.0005883311224717696,0.0005943239406400242,0.09513324912204539,0.0005569203757610694,0.17988292676593573,0.049198035601641044,0.13161963502415158,0.000619138188207832
spot_0317,0.2653542050066087,0.01834880470482348,0.2356189962808937,0.01848020607474455,0.006695027142668187,0.008248501156024959,0.006376766358748932,0.005542493956831398,0.0204697508942153,0.24866726026923716,0.08344188436452636,0.02892061036954042,0.018338640148027642,0.006642299945439032,0.0069895037231341925,0.02186504960453596
spot_0318,0.003354923022655755,0.005665967221428815,0.005599590850466193,0.0047493414521137586,0.00350768472674758,0.004071208652083213,0.004298174760321273,0.004021372529447061,0.014360225913402708,0.9109076754107193,0.004332065001392445,0.0035513478234571643,0.005799202862731799,0.003900394521801287,0.003787723668161485,0.018093101583070176
spot_0319,0.001041584260800625,0.5679735139508685,0.3835726869328608,0.011775013780474316,0.0011698068110343374,0.001515672452248139,0.0028654549426019656,0.0016823046018254527,0.0013485648461154113,0.0010238691457596955,0.005002933281672971,0.0008469528708887771,0.014716186764381146,0.0015335957380175804,0.0021144128321692436,0.001817446788281142
spot_0320,0.0011017661347034729,0.20677054648703325,0.013737488395564818,0.70026193200799,0.0011584635693823644,0.0017799752524296224,0.0036893017535088737,0.0021730490767998367,0.0013336955265538315,0.0016603542597948436,0.012803474922682785,0.0010479434602837625,0.046274606769638155,0.0021448340481091334,0.0026607915465815296,0.0014017767889437072
spot_0321,0.583772700876858,0.1290654425417983,0.18547287722254832,0.006493464040141385,0.041231803645879854,0.0016455813763624942,0.0026473104909117513,0.0013672000556538236,0.0022128553613743433,0.002210748055009055,0.005331217847226024,0.02710381725541785,0.006015948810310836,0.0012908757874511081,0.0018779069963371462,0.002260249636719781
spot_0322,0.9328602113344191,0.002017025887640035,0.002089112361936106,0.0019708975092882627,0.023945140517094596,0.0022305079517819805,0.001903651515199366,0.0021640247797240168,0.0018131465776980518,0.0019731711646466567,0.002582716074706731,0.015802528729535935,0.002381582425771024,0.002248669926287656,0.002289585618219012,0.0017280276260515084
spot_0323,0.07713002304826821,0.11955826566424815,0.3643474603770139,0.023450756054600348,0.011770022411932422,0.0030836039773397684,0.04340220820449412,0.015492256077134945,0.05207402608551411,0.07095459181706142,0.09847817811333684,0.006022451000909308,0.005463203425143924,0.005627818826867681,0.029209420000023988,0.07393571491611085
spot_0324,0.26926092394357226,0.07927241900895242,0.29144059385424326,0.17817302777729205,0.04523666651991183,0.0028168536393358423,0.009087159238906984,0.0033916282188186453,0.0021918893560807185,0.0017078812680341622,0.016090701138877846,0.07361925551456366,0.015732152006215288,0.002990718142842217,0.006495351443258855,0.0024927789290939964
spot_0325,0.162684522245475,0.4637909384112245,0.05414157884212597,0.0134660408808064,0.1410622950646708,0.08766981935122073,0.004060331142361529,0.004412252581793873,0.0005359818309199631,0.0004773941712302225,0.03183695110843006,0.01364711904716259,0.01096846365343907,0.0057425374430397375,0.005014789529919647,0.0004889846961799531
spot_0326,0.0008359880894667954,0.1147254805243989,0.21901027755724403,0.045320503790240524,0.0008743933039743769,0.019485636252050884,0.11662850910697202,0.2669007061008196,0.001367670181982694,0.0015224841043818547,0.0851885512797687,0.0007607548180123367,0.010990081729710867,0.06113995078849908,0.05374666512658164,0.0015023472458956793
spot_0327,0.06859003774611182,0.06302125845774424,0.21892368296086756,0.1028481879627153,0.018957843715503714,0.022203075971494138,0.0352717119977492,0.1321100498609249,0.0013997324987110062,0.001486819945399935,0.19151413038377452,0.06534801422437472,0.04992160506688263,0.014966263470770009,0.011818352424564681,0.0016192333124116012
spot_0328,0.3760813327244177,0.1843743188925502,0.02420008515562169,0.0038822971106345474,0.007498302601934684,0.001759988354409426,0.002309691982686761,0.001886505338557794,0.037587317717669384,0.30676719069602715,0.00278646352048275,0.013285306546520883,0.0040629721741997716,0.0016907833784683295,0.0017846260945593173,0.030042817711259606
spot_0329,0.00041536979725576603,0.30776467279736136,0.40222809271643306,0.2080300256324551,0.00040731797898190507,0.0009533749724521151,0.007169394744398004,0.0019622779737412705,0.0005714703373641551,0.0006496224675328151,0.015521012547510774,0.00029512955602553436,0.04984611924915946,0.0015671138580449172,0.002084759793720348,0.0005342455775634283
spot_0330,0.7036857523782928,0.000688494921574443,0.0006086016530078226,0.0007148755627916235,0.040523695869890915,0.0014168360129206044,0.0007016345562165399,0.0009092683864562964,0.001587425704235387,0.002086121860615443,0.0007052077224068829,0.24246810734732,0.0008979409155506022,0.0009013882526408355,0.0005959665878719009,0.0015086822682078879
spot_0331,0.43682688898075667,0.22341308473181043,0.27912044980031536,0.004400789434862637,0.026746796171324947,0.0027179025402553135,0.0033722274501936096,0.0019770273490184787,0.0013358786735341956,0.0017166223316054032,0.003312609394508345,0.0063261603778190225,0.0032317672020483502,0.0017502768917665873,0.002604988441009598,0.0011465302291710638
spot_0332,0.2620988580903929,0.3415737535634164,0.03506074932746209,0.15903555157520838,0.11395593202019119,0.002351428272605017,0.003121972597184491,0.0017564191436824261,0.0005279155002175821,0.0005395728109806623,0.014882131697311878,0.038043310840615185,0.022668156178666774,0.0019514695072158858,0.0019418686639016902,0.000490910210947479
spot_0333,0.3917116365112064,0.10843180587518436,0.02525806216673749,0.018711492499610006,0.023502277524148265,0.022370611394347806,0.012091971891995313,0.2015924821103844,0.0008657233558615542,0.0009496709076149312,0.03695351218786208,0.02735649645378386,0.004180534992366092,0.060173324652471216,0.06502424232778871,0.0008261551486375324
spot_0334,0.13226200427817622,0.15681072101045712,0.012284537134110471,0.0803742895685326,0.02972804146636123,0.003854458745708379,0.07892462995937184,0.02063772250112182,0.0019032948270522793,0.0015515594259758677,0.0277470519195983,0.41686999110331807,0.023366820861103702,0.007272067613294196,0.004652331056659366,0.0017604785291585234
spot_0335,0.35913561271735617,0.22047171291675347,0.2447521284076721,0.03716534531164897,0.008299935021204744,0.0043908064529511485,0.009200920688036471,0.002942282715672787,0.0015775656924649037,0.0016004217718070188,0.01574467183703591,0.011590131317641927,0.07333742636393142,0.003870861259444823,0.004458290816176954,0.0014618867102011556
spot_0336,0.6768184885175321,0.08925113023851819,0.09578726092945944,0.006903410289679399,0.009038468286546768,0.01002252622311013,0.00477684721364265,0.04663231027890397,0.000894305397095281,0.0009626807226949243,0.003008431981985399,0.027344701035999078,0.011961727606633383,0.013632170872507746,0.0021041582151228666,0.0008613821905686386
spot_0337,0.028758878991525846,0.048558117519612184,0.008903058463978042,0.31164475208163833,0.06538409436949373,0.022622573848592894,0.014456788942491151,0.03569124007286625,0.14508489684025624,0.027527798205153053,0.04186894609891198,0.17324195864037512,0.023364476204171293,0.026266439483589497,0.009123106297582268,0.01750287393976216
spot_0338,0.5383879202601779,0.07377164476387028,0.05264000964926204,0.025198610205327026,0.03987965466193229,0.002229774661826714,0.004965715922529888,0.0023624647206087015,0.002320504259827684,0.002823676111021804,0.20170232020313184,0.012261906523064463,0.032131870525515596,0.0020234955795623,0.00536690474537373,0.0019335272069677459
spot_0339,0.004202737539671452,0.34429433306000495,0.28602607066288543,0.008849690058953155,0.0062977121050820165,0.0022223832969850018,0.004135830818463942,0.002582729531380435,0.0016918095517051797,0.0024716825572789216,0.007566545746164153,0.3078719435096248,0.014399455119738884,0.0027330679309212538,0.0030527921607332986,0.0016012163504071355
spot_0340,0.012033181062759444,0.035866910908806296,0.3687810104764323,0.02270187868116616,0.0017077863660723293,0.005285333640169032,0.15255059705207624,0.01242893492104015,0.0034650790794968924,0.0025699604071872644,0.057883274108968576,0.0014911266368461986,0.011338790787190982,0.0073088188591529345,0.3009726033400146,0.0036147136726206053
spot_0341,0.7670652766956187,0.002797092245187295,0.002629189668087713,0.0029380999301157895,0.041740135850775725,0.003219189305551013,0.002726257907646173,0.0034019021457669055,0.0034872904308208465,0.0031952983019228765,0.0030235420848897863,0.1516795319182869,0.002885451836292217,0.003287744823603807,0.0024229726870316653,0.0035010241684024935
spot_0342,0.43126109426286346,0.20204742092337238,0.18853493514101335,0.006790697505139727,0.13181735521432866,0.0015995425838131554,0.003138458499933859,0.001756782366579658,0.0012913290805484975,0.0018314883409244578,0.005855134206703149,0.012691803581181398,0.00568449180916787,0.0015990507509286854,0.002865891327105829,0.0012345244063958567
spot_0343,0.9075856733878074,0.0034466048325994666,0.003194535106113138,0.0034518645888443264,0.02492027172575161,0.0033678338219951713,0.0036019863280400953,0.0030838036927221552,0.007101486418519401,0.005853975607626926,0.0034401107925326616,0.015242177266155567,0.00361218933338096,0.0032301835461380395,0.003182120313073813,0.0056851832386993146
spot_0344,0.27488911212060574,0.010090041444870917,0.16680394418884684,0.010229618258063244,0.0057478024292953326,0.06710610415299235,0.09814264738314155,0.10045845771503285,0.002306775321343885,0.0013906243589745396,0.011836396855210434,0.004257197267117748,0.07431894109466859,0.15757906493719434,0.011641856701563359,0.0032014157710783084
spot_0345,0.30688732836636384,0.1414644210263231,0.33993913517307234,0.005238525193486557,0.017828419102538448,0.0009840512446982188,0.0018745562697572047,0.0010892774813068547,0.001375131387168429,0.0020964220995140746,0.0026811853012293084,0.16888763237938256,0.006164024209100695,0.0009800367403833485,0.0010787575868125797,0.0014310964388624904
spot_0346,0.007785642645782572,0.042661965165939446,0.17533802768899612,0.10610256846320087,0.31179868127040083,0.0034807380226022284,0.010480366471563467,0.004420530622467329,0.0029781152463685926,0.006686075323803125,0.26734934298029933,0.02151723967486214,0.013641092147283474,0.0042230285104204335,0.0179847806547088,0.003551805111301253
spot_0347,0.23200856504359188,0.12848931852574558,0.3967303254810413,0.13023770576474317,0.007063516923593884,0.001427173139946798,0.0033870116502690813,0.0018060934558241386,0.000618443655530879,0.0005993973525371798,0.08201401577150515,0.002665884530867052,0.008181022133779945,0.0016142296780193705,0.002547927476883977,0.0006093694161206366
spot_0348,0.08867792704725448,0.5764876732941085,0.008279578184255492,0.006638417571547611,0.02848005829415006,0.0012200683377990061,0.002084547306370792,0.0012936646984107127,0.13257428746474403,0.040127011415870835,0.0031369827322568185,0.08163102324431366,0.006205563131381685,0.001265087370810699,0.0011402408146873287,0.02075786909203819
spot_0349,0.19574926403644963,0.21783726559704603,0.13036236572899992,0.03638750434460745,0.01838850733561365,0.005366743619528519,0.04648616325577482,0.05684792866843547,0.002011050861465058,0.0014480303723240684,0.03140106664024709,0.033131553914860924,0.012144982917730491,0.01974844709950679,0.191184003010454,0.0015051225969561052
spot_0350,0.15017292231060997,0.11229864575187555,0.16640669925517057,0.02052994403718774,0.14013976994305852,0.01115292972242221,0.05256574125753765,0.1356380820620383,0.04410205309207217,0.008582225088535294,0.008691144109240819,0.05191655344642073,0.02789167601276954,0.03325798511227685,0.00722948977931755,0.029424139019466534
spot_0351,0.006881781332884553,0.030408470811451316,0.04777919815793705,0.060189253730891484,0.006674449472748362,0.024839810068896396,0.19698209361484603,0.0845344077962617,0.007254653251582617,0.007304631809292578,0.16820583518104848,0.007840718627223273,0.045070823506742734,0.06636626211066445,0.23186520987673853,0.007802400650790453
spot_0352,0.16797348256332262,0.039272613680508106,0.05673971414301828,0.4770299877253055,0.08965219347880637,0.001999592165753408,0.006334111713273541,0.002465886748398363,0.0019993099347709077,0.0021114483149007515,0.05590685067484144,0.07785215704086847,0.011907284856019155,0.0021896067939415785,0.004377920257555581,0.0021878399087158946
spot_0353,0.26843731550966077,0.6216212299598893,0.0376604225398484,0.01078578774930685,0.010584295023770946,0.0021665985061635755,0.0030052103481356335,0.0022004792685275006,0.0012924003871248593,0.0013849728181072518,0.00960419502379029,0.007663711428684659,0.017995924750605883,0.002130334256054936,0.0022478592736048025,0.0012192631567242876
spot_0354,0.12365812375534628,0.1060741497849109,0.12105021852884956,0.018097002514530523,0.03233836166406841,0.03054470193107487,0.0314594563447858,0.09015318764451238,0.007804163339647959,0.08807051683932474,0.02312715560139225,0.03594999018463297,0.023659596128867443,0.14568726904172988,0.10515663616855395,0.017169470527772065
spot_0355,0.11052318865551365,0.054818037751527667,0.014766192456820135,0.008151883977847284,0.40912195718714955,0.20959321810060974,0.005951386945602517,0.006529405661430984,0.0011868790016056397,0.0012997762633435498,0.015567947438907813,0.02434444049176685,0.005149549633226173,0.011136275001830873,0.12069275077243077,0.001167110660386814
spot_0356,0.0007060091573233596,0.32438000904662156,0.10527013285456771,0.1378830975052232,0.0007375578839039349,0.011453916390532766,0.016652742444542564,0.0763042982435916,0.0008066728448217518,0.0007043628791162672,0.20283529166587302,0.0007183520222258802,0.00793399014890878,0.017044335476446324,0.0955674167624916,0.0010018146738096374
spot_0357,0.3504755460668996,0.00438412336261104,0.004877816296859932,0.006375147318396061,0.01652604978119922,0.01646005008133513,0.058785473488242555,0.3383700596564121,0.0031857010744453206,0.0027810363280298565,0.0062551027785966865,0.02252019066975375,0.005298931057295394,0.1453555815602265,0.015284808390688534,0.003064382089008296
spot_0358,0.09441127551413192,0.2645077805523563,0.13494423124178237,0.07131755847463725,0.0065188591093451745,0.09980436416006075,0.02127250012542126,0.14579728930044017,0.0011968646354051696,0.0013103331956311767,0.03074390688532023,0.008170188026432903,0.08627568170431753,0.019910241974178452,0.012446272060363217,0.0013726530401761568
spot_0359,0.20687495559030625,0.1594064717297548,0.009414234520641203,0.09939746889315727,0.29174147580580145,0.001282165148444079,0.0024934899249711684,0.0013819406637455782,0.00238303231575405,0.0017433612657736985,0.1393230162644733,0.06748381629200019,0.011136250882019109,0.0013242172098826153,0.0022833450860606226,0.0023307584072146063
spot_0360,0.20528503011082655,0.3611699188405546,0.1459449501008926,0.07622968616477664,0.004627580795616809,0.07707787485172643,0.01745373386890812,0.014218085568104378,0.0007031917391688197,0.0006476658547978243,0.009538555297367435,0.0049950089936959515,0.01636055002282442,0.016973961788430043,0.04813146846157998,0.0006427375407293596
spot_0361,0.0007818948829648567,0.8038577795246103,0.08331534590096976,0.04198662736955883,0.0007581212189282059,0.001075855350433725,0.0025105557937519507,0.0015432342579820354,0.0012146067190881532,0.001118398947611899,0.01223839481393617,0.0006341442783457472,0.04509700196983263,0.0013117825923385262,0.0016832600014011776,0.0008729963782459994
spot_0362,0.0011849080846107894,0.29008553493274,0.03857497670171945,0.2440860706049757,0.0011054618303445963,0.004513107688998295,0.036796064208315556,0.23455450277727474,0.0016797838589862322,0.0018028073338775803,0.019155102159063814,0.0011830145505086706,0.07742011012083182,0.027612345167556413,0.01871297100997161,0.0015332389702247683
spot_0363,0.3376990095567079,0.0805132179734761,0.30131156990156066,0.0038081344147435523,0.01887016650557769,0.0010501697593503874,0.0016374749273267441,0.0011564163310386424,0.05296588810192409,0.08180822441362814,0.004035057370139536,0.015477479260323604,0.003940580679101462,0.0010194502792001598,0.0014458096343063376,0.09326135089159501
spot_0364,0.3332798670908147,0.25432100852395934,0.12707812044615033,0.15871972998020636,0.011005141499668698,0.001786044120141142,0.012083656291080493,0.015518628609842346,0.0006409189739177562,0.0007355212699651551,0.009726195068836027,0.009018814147174748,0.05557461998423957,0.007603087342150021,0.002257945968097907,0.0006507006837553742
spot_0365,0.10497575690011092,0.1918195836218175,0.25965246260018615,0.009054286386493431,0.00516525566011634,0.0048680996319104206,0.08610152545583497,0.03653134241648508,0.008192861541408115,0.10389141491852076,0.00818005392449036,0.012892612552034475,0.006177823126709729,0.039235334610897926,0.11900614616523957,0.0042554404877442435
spot_0366,0.4041089981273786,0.014385694604076264,0.13074129033439458,0.11165613365034618,0.0097569155985835,0.0021644659350399833,0.005805138854809784,0.0020654267064915527,0.030094488361132314,0.03202499261450719,0.18447419124052458,0.03438000824381267,0.012210655118539292,0.0021044830539165118,0.003635484934412913,0.020391632622034098
spot_0367,0.18178921495159567,0.00718985820733718,0.009842311565950692,0.012883044323319328,0.039053767981416014,0.009664242798076901,0.13628444899146294,0.0823158940809681,0.09268241625138847,0.006729443981782142,0.012419598242993459,0.051828110177906034,0.005004720559920689,0.05621323091946173,0.26904696317215365,0.027052733794267033
spot_0368,0.0010735671031219041,0.024032325900481676,0.928519341919747,0.0052429863690133995,0.0011581646710075437,0.006173849773283746,0.005623926943742951,0.004524179537412146,0.0011964549376642499,0.0014791719255200621,0.0035181920798912207,0.0009825270399845616,0.004868201719012427,0.004402896965669538,0.006046362618307409,0.001157850496140151
spot_0369,0.21859857878163125,0.030891729742765172,0.13571074376520026,0.024128557228157047,0.012058009099960949,0.06758652568348689,0.03394818862821998,0.009371243218760745,0.005187468699383208,0.007113170105586632,0.06780855689003566,0.15190808655280627,0.06168696399833766,0.012082242049512576,0.15582287336679582,0.006097062189359916
spot_0370,0.27671034506549597,0.24816245478161797,0.23021921215234487,0.06750967473392766,0.005447796207082477,0.04466602868729683,0.02821843132179853,0.008273431383032728,0.000767376363959573,0.001104541437281326,0.01647304069102994,0.0030037218493845297,0.03249719719435787,0.00800714849412434,0.02822102174660347,0.0007185778906619068
spot_0371,0.25488285144572426,0.03646556873454631,0.2756177970878196,0.11612513575927644,0.008444744640991039,0.011056900752809035,0.06659903503331671,0.01222491194476732,0.0011847163178665295,0.001299090600113794,0.10863315206262078,0.06874200041500948,0.0049712750090294975,0.014477579914430341,0.01809151888453876,0.0011837213971401638
spot_0372,0.0032529428145838556,0.16391717670169476,0.1392882589347315,0.14619397837202344,0.003498952548979113,0.31534315511083466,0.04456150627572479,0.006682161128649813,0.0060731479034942075,0.005123103024887281,0.05976315768633066,0.006158443630561283,0.013061453854286855,0.006292614492651327,0.07400743988827432,0.006782507632292126
spot_0373,0.39155215054014825,0.028229637417597268,0.11376820215525482,0.06912206790471859,0.013010523005444481,0.005488696692419828,0.2108987418663736,0.02315802443731844,0.0011060472943000528,0.0009965864294305985,0.08800297011583169,0.01099771780472442,0.013542686548386567,0.006830791591045325,0.0222469103850692,0.0010482458119368324
spot_0374,0.263811632067273,0.1915304666367014,0.04049694232241062,0.09718536873809132,0.04646111621557674,0.0035220719603869513,0.009593126413172144,0.004942235250783021,0.19630215432590525,0.0060220576277428195,0.03590548543915509,0.035287078570741565,0.017329891864514124,0.006197959333712597,0.005657856667447131,0.03975455656638624
spot_0375,0.2515930366713612,0.10429680201337056,0.21014703154813352,0.04695961570277876,0.029988665765925477,0.05049293577023998,0.010422321500507642,0.05325896962158182,0.0012847830703048436,0.0013085317167606464,0.07028254573503695,0.04562486085059513,0.012267028273404444,0.07043015635512409,0.04039206359575644,0.0012506518091185046
spot_0376,0.3329802045274857,0.2236478266445096,0.014018514199638319,0.3354867656485622,0.016913101994926422,0.002218447284546324,0.003980669118436543,0.0023702938389222905,0.0012846011608126592,0.001170798476927062,0.01666271634509113,0.009462911446826983,0.03318268100762525,0.0024461985748042087,0.0029671929010790703,0.0012070768298061887
spot_0377,0.00122143374568545,0.05901772091206247,0.2403621560978396,0.08144352215330802,0.001256790897731523,0.3247951205604264,0.02210993071825387,0.02538768089077704,0.0015321321305047022,0.0021184040758403665,0.17732996908255738,0.0010965070045507418,0.007236956940913036,0.018402066865115377,0.03471901862383133,0.0019705893006026535
spot_0378,0.42097882786274443,0.0027672633678160422,0.0029567436569561613,0.0034593122517051064,0.008674469415629191,0.023187703342802887,0.01238446495071873,0.37052430916021234,0.0019363510296763259,0.0015636967201836304,0.003651238162456092,0.0251676850131527,0.003551698767678045,0.08937621930040689,0.02829075836875743,0.0015292586291039893
spot_0379,0.6195568343584498,0.03204041981420319,0.0067296433013522925,0.05623643168010287,0.14096408576992403,0.0025256272566484515,0.004704172487172716,0.003576465111394358,0.0014606499161717707,0.0008856440803111922,0.009870519042332162,0.07916754205220565,0.03526810332580258,0.0028661463315105057,0.002665982528696842,0.0014817329437216318
spot_0380,0.0009654486935548554,0.04775798229696788,0.04159445874926728,0.13717665276268234,0.0010347002722590432,0.015075706230315686,0.02131195875408452,0.08303600695431203,0.33858839855832057,0.03265352494997502,0.07445046954950858,0.0009767582603107904,0.09667435523294872,0.0511249155718198,0.009405812147162428,0.048172851016510476
spot_0381,0.23828050936890158,0.2770359109763642,0.09415296504273846,0.014548499739715007,0.008110096502731371,0.045868278873078594,0.06819033332287863,0.14889298677899182,0.0013698328293369065,0.0018575219882415036,0.03172282215479409,0.004885431102926158,0.016411839933161216,0.03407140504006365,0.012839967263316196,0.0017615990827605946
spot_0382,0.0043669309383246036,0.061373020508867115,0.2994650518108069,0.03792964474114709,0.006080897100519579,0.009169943735179762,0.03524714140643487,0.17320399837087702,0.0034801688604775066,0.0023030838413403876,0.014133576141160599,0.31354130073302744,0.010452685965260231,0.0189680871060682,0.006363302866191795,0.003921165874316898
spot_0383,0.3992691702222933,0.10333732721927738,0.12783840326288246,0.15871187970233358,0.11922940453918277,0.001436713449273567,0.00312028718936694,0.0022109174204690773,0.0011720296481396596,0.0015029886903334415,0.05226130260008477,0.0075567146928281195,0.01723229116366128,0.001876124841205185,0.0020115838600073504,0.001232861498661112
spot_0384,0.36060188056095116,0.1767850812867702,0.25472443304280273,0.014962471911054166,0.00516744146522113,0.0022821212058994674,0.015492569394789104,0.0027533944868493873,0.013980998309812179,0.11442683027752545,0.007355081896629216,0.005663922770395556,0.0079059574358611,0.0029929506434813145,0.006222165718911136,0.008682699593046662
spot_0385,0.3767425630468234,0.0037399917761641805,0.005914881708211865,0.0086543526758471,0.027215813454621825,0.020663052143014907,0.01967138150959236,0.15326425219526074,0.002146347395078067,0.0018766969793718885,0.019758884169485028,0.004048344072402914,0.15800093838979126,0.16613435056802278,0.029887379880927895,0.002280770035383808
spot_0386,0.3062017031328809,0.17230614946276523,0.16256894391765747,0.23156555485102395,0.008041313429162209,0.0017917536601279468,0.003702031057900338,0.0023892297126726593,0.0006226570819333268,0.0006520011837498207,0.07359090455948414,0.003915169590916628,0.02587887266440209,0.0023127028210778015,0.0038152189428104647,0.0006457939314350212
spot_0387,0.0005559509848065672,0.20073572725969638,0.34210088701127916,0.06916712796887199,0.0005523673221004113,0.0018495991109364735,0.004099681703242038,0.0023150542825492505,0.0007402020089796155,0.0008912355816855827,0.34818605486332405,0.0005114413928715321,0.0188854320796109,0.002367293143585018,0.005973269932122503,0.0010686753543385395
spot_0388,0.8743518700446501,0.0014488099632415377,0.001359301627420372,0.0014769913541499266,0.08225638930217746,0.0016776066145838121,0.0015247743491691103,0.0017418712537541345,0.0022019049374909228,0.0026482020964859604,0.0014623421607086373,0.021226671915105154,0.0016344980956567077,0.001764806217147758,0.0013720298145872682,0.0018519302536711794
spot_0389,0.08369824027354898,0.16391367084334738,0.06027000229651592,0.059605051407338926,0.03797824568658229,0.0047724244454240665,0.053799153219865656,0.007527143211211161,0.12491666101402023,0.02667065872918856,0.03781632385821518,0.12436294753570536,0.041203858618487584,0.009124662573211113,0.02407845032275864,0.14026250596457895
spot_0390,0.41208722301792106,0.12040575116370415,0.119426790390004,0.07181912706990555,0.052514788912242615,0.0022870548524313965,0.0056303104374311325,0.0020784736466194884,0.0012042852971523147,0.0012960863188197743,0.14805406925167894,0.046977303088274094,0.009673990990613252,0.0023914803143786733,0.003108248161159649,0.0010450170876639153
spot_0391,0.4317975054551953,0.07938159504998955,0.14780846343908732,0.20405102468341677,0.009656092442654363,0.004459879149551086,0.00704936086973273,0.00450636151081423,0.0019283912814514494,0.0022907676597634973,0.016211216837541315,0.012612511714970435,0.0660355957376771,0.0039770835451029265,0.006440695410174405,0.0017934552128775125
spot_0392,0.0011847381447065723,0.005062992104328779,0.003874832155366139,0.3084245453332995,0.0011744914626444685,0.005257220794955053,0.2565597981247141,0.1254328227222275,0.001260654541514998,0.0011592920579756541,0.11129628957677937,0.001155863141684565,0.034294080777486406,0.11488918714396222,0.02747233846348401,0.0015008534548707018
spot_0393,0.5883662585144194,0.07244284507859228,0.01887411068762586,0.011510461517226334,0.03282329834381903,0.007102531355431781,0.12820716592981063,0.06606994858613804,0.0020898868616867363,0.0013017183281069486,0.005765556997412419,0.01527729678768208,0.009549618195841974,0.034530066494821626,0.004200358506208908,0.0018888778151760195
spot_0394,0.0015020530395960657,0.39081774642565004,0.20164934375567892,0.03277161907112826,0.0015163016331547637,0.0016269756305941365,0.0038024642072725596,0.0021086214496804654,0.007226761625983832,0.1559254368363589,0.01207464903626079,0.0013141394902958107,0.1543297670378209,0.0019109329027817313,0.002356581679647531,0.029066606178095297
spot_0395,0.32230536934147275,0.08276651119677013,0.18863915425937652,0.07310621016251627,0.011045835713672632,0.004318430375556633,0.023171444881719964,0.005224625092512635,0.003289638327415896,0.0017284374905502304,0.11466681495471642,0.022849410584225238,0.11206554292484372,0.004913388259972547,0.027125462815914138,0.002783723618764293
spot_0396,0.3005611989243923,0.16574383625566516,0.13743307244701064,0.08122121887233173,0.2469361914595831,0.0014071457404732039,0.00313876296112418,0.0016022444190382618,0.00226220310123144,0.0019305727498619136,0.015112390370456306,0.017717817818520262,0.019938510446223905,0.0014899467091159101,0.0017928906837321361,0.0017119970412395524
spot_0397,0.020078737354959308,0.019941298658952496,0.14216856290499866,0.02288707111545667,0.053815542130224374,0.04501312372034397,0.1016290722792601,0.09659998901009348,0.0017633995643178176,0.001688089411280168,0.03423326411424175,0.15335545326602026,0.06606200486958061,0.051291474340554706,0.1879120910761,0.0015608261836156491
spot_0398,0.1398998154239825,0.023003791330713858,0.5879864165479296,0.006906939086304804,0.008267544629932838,0.0008820248828996031,0.0019225035392246707,0.0010316929249804753,0.09823048998923868,0.08508911000390397,0.006316578205983405,0.013122442787911637,0.006895562580154001,0.0009059500692122348,0.0016369952236664673,0.01790214277396127
spot_0399,0.20129335727655856,0.37721269677887104,0.21324269715380417,0.0493267289214206,0.012859452283729008,0.0018781628744115333,0.0023811622204697952,0.0017685388596581108,0.0005641011032145775,0.0008026469847404521,0.12023380107771753,0.0026942805559466224,0.01045344200263834,0.001901249458638467,0.0027713991865467914,0.000616283261634394
spot_0400,0.13310423799493504,0.0030795857153028687,0.002594437413675297,0.0026349693399132274,0.1428499317158131,0.001963430283432627,0.002143464900815568,0.001926612339717672,0.44943668876328685,0.033897666174007794,0.0024974185382739492,0.1477198024218979,0.0027596757815860217,0.0018668453800500533,0.0018792563738923788,0.06964597686339968
spot_0401,0.25212199001141433,0.27593587419319393,0.012537774173947983,0.220469768008341,0.14256589870580225,0.0038287097610278063,0.011731392327952722,0.002837392726627585,0.003347669512379973,0.0027587979471033228,0.008225816870330475,0.02597309066736062,0.027906224590611126,0.003329364008580736,0.0036975804343811836,0.0027326560609449223
spot_0402,0.0022904123403931307,0.5427860750777248,0.07853885003387978,0.014495123394008293,0.0021546138270840307,0.002829352446752584,0.004317989797442617,0.003370040118116324,0.05424842514818041,0.15793306884688627,0.01045890846739766,0.0019849596456442244,0.013676635648442603,0.0030251548662662783,0.0045475977923979515,0.10334279254938304
spot_0403,0.2920069142803109,0.5632577458802127,0.021153498653050405,0.013706133089235711,0.03211418830287134,0.004817099974394396,0.004932966217784107,0.004299954578301487,0.003382027625099541,0.0028434881539767007,0.009043732732606858,0.027651492391510924,0.009116115459864358,0.004209928759362391,0.004326484030027072,0.003138229871391148
spot_0404,0.002239288905482974,0.014335222145955813,0.41355589526304054,0.010247111980797861,0.0025447126466004327,0.0025952636915540306,0.007604967898068658,0.0035916942506419203,0.35662100614885084,0.03675885940162756,0.00988849428700378,0.002776511703769374,0.007555942283578928,0.0029091857639716293,0.004974618843313706,0.1218012247857419
spot_0405,0.07240485837771292,0.2525705871787641,0.3301889976675045,0.015901615746357168,0.014561160172468893,0.2250558247924487,0.010846684246161958,0.008416087716433195,0.0009093770710316178,0.0010736458513901962,0.024387548633217043,0.005002770310551988,0.012466113082063801,0.019111044172067663,0.006110064400069034,0.000993620581757174
spot_0406,0.03872372352799197,0.017767333364232876,0.1668501298644424,0.011668489956068015,0.22891263420638172,0.0033608972978619346,0.03039369566972076,0.007102128912260892,0.16041888841995441,0.1346582921101656,0.006764641775819199,0.02363822731512811,0.061161869620088585,0.006167244142961738,0.06403667526354367,0.03837512855337811
spot_0407,0.3386842613988881,0.09099120273362146,0.13066235804362789,0.07000420269161979,0.007718588614957941,0.004139453498353304,0.05721879746541336,0.007125254278223288,0.0012375061023876307,0.0012538558636153918,0.10432595090940124,0.0038626246555181973,0.010307959567159282,0.005373610548091944,0.1655426302372891,0.0015517433918321275
spot_0408,0.36991447010167483,0.015624773100798779,0.3618759102666488,0.01568711603389993,0.1443380552341719,0.002975496462813844,0.005818948702579904,0.003560979963600081,0.002531715698643926,0.003955685356007592,0.00774286841512329,0.040572381439208806,0.006524439046796713,0.002994483854437317,0.01342447213255127,0.0024582041910430536
spot_0409,0.2946302023930475,0.11211680195016424,0.3053804419284726,0.09778905662843823,0.0125868727459915,0.0012874726854494223,0.0052101363574291555,0.0024844343361148788,0.001378416110771826,0.0013080373361381522,0.044210450644437016,0.10211775963725105,0.012591638394787863,0.0017437475051714439,0.003894847986243841,0.0012696833600913436
spot_0410,0.2892531549401416,0.5313960088521597,0.044592877864897774,0.00813637163319585,0.017668335041827157,0.0046793550948104725,0.004361075291530007,0.003288514073393043,0.003276221538063399,0.0034621088092623596,0.007073511387880846,0.06569953361664617,0.0075764035450046575,0.002967392932709783,0.0034805350347295243,0.0030886003437477867
spot_0411,0.14904107953698026,0.1447989206119153,0.14260169518534005,0.4107586169138378,0.00828634770107421,0.0017038736879892492,0.004366552456465759,0.0023713602585796398,0.0008172029743906004,0.0007816478562777811,0.05791428273219693,0.0174446626373049,0.0513529562388873,0.0019535004506201687,0.005064446968080797,0.0007428537900592115
spot_0412,0.0006431464587697773,0.3813752856526322,0.17595146445817583,0.10339394361718308,0.0005521893612625624,0.0060907993195400125,0.07915591482527645,0.1877714817230897,0.0006610015551135857,0.0006978192027255123,0.021166527246528385,0.000490440786029263,0.009498306405959311,0.022527908129828113,0.009289367353392315,0.0007344039044939241
spot_0413,0.11624887454352191,0.1882834992140956,0.170234556207896,0.05754921226360519,0.033264950546246404,0.015239745644911908,0.047143509105223656,0.04070994136572773,0.10629392707062184,0.0830645447457836,0.033499563796828766,0.007385778926273111,0.04177705932113729,0.024183251209268276,0.009863548943817005,0.025258037095041753
spot_0414,0.46502102017646996,0.012227195478399884,0.013144217698185414,0.08173731920680918,0.01145633003722891,0.001648309706653473,0.005290125724055144,0.0019634144191580604,0.061287046982986225,0.17689736332307873,0.013038896281133288,0.013033016373301511,0.100129123860712,0.0022399499930567707,0.0030430401457707057,0.03784363059300077
spot_0415,0.42792751030695564,0.040117562268179356,0.03461861757001692,0.2638664260426368,0.034046934530429444,0.001770033492285272,0.005918039899480967,0.0023438080601579036,0.0029646776712853574,0.004903454096716286,0.06268153584281873,0.09920030838805208,0.009133642895276463,0.0019829662004016784,0.003206791426862031,0.005317691308445058
spot_0416,0.002020897547417694,0.008508708812568868,0.008932927360271096,0.02203786404350709,0.002010329091671298,0.009227447693827464,0.01825825604700031,0.006719197222268675,0.0033736373810764396,0.002771413233922527,0.8168474271516123,0.001936560720030026,0.020285305783153622,0.0069128138832121305,0.06653288735428806,0.0036243266741724373
spot_0417,0.3802080556626379,0.013645151574224352,0.18351235371106564,0.08070199035662902,0.18402342996719329,0.0015836305937212093,0.009407499235314068,0.0022285434343785153,0.006856509665360265,0.04662406941875732,0.0188092854716288,0.011313068986768154,0.03794209976086961,0.0023705511949591407,0.006119229333723055,0.014654531632769708
spot_0418,0.20209293262489714,0.19923085146585567,0.018634521510825102,0.09875678938302991,0.012359978140006993,0.0027246821815995036,0.006086077386203618,0.003779284423443744,0.0011187189169097123,0.001082530764875182,0.35842073183374573,0.011011675959732287,0.07043022470564499,0.0029931241874560145,0.01008440294505306,0.001193473570721374
spot_0419,0.3435544135615609,0.022638668119707876,0.14881606967152874,0.0613842336586263,0.1543141805910901,0.0017986009764661794,0.0061218139106429615,0.002252761003598499,0.106623071556181,0.03959545544333306,0.018697788061767202,0.01720866169034945,0.0061627717361098806,0.0019172164295826236,0.010584599255630102,0.05832969433382511
spot_0420,0.19159186394181404,0.11635857976823447,0.3907570075330391,0.00449105338538176,0.09832843699907465,0.0012146063263055432,0.0019112657386008442,0.0011363801973901454,0.03523290036795133,0.10613521494523936,0.0029075772114247234,0.008931537633054603,0.0035466775581219473,0.0010798845483162376,0.0013694769074048554,0.035007536938646396
spot_0421,0.23478567697329947,0.23798016594025054,0.023004681820393058,0.006826365755773356,0.0901968344444664,0.002393144755910801,0.0032631026417796654,0.0022594564144487023,0.21277604396692243,0.012057426810840988,0.004104311147954149,0.15014808734497936,0.006512991924130675,0.0020880213076573543,0.002127423726042023,0.009476265025151056
spot_0422,0.34343232115037037,0.019972265583566563,0.010342010453935077,0.33809321058563463,0.04132017623958918,0.003548017244832328,0.011597075383557373,0.00355365386484443,0.0017156948144117419,0.0019900933839779177,0.16898915792732988,0.008483309834547445,0.031255988884560555,0.004218040050675893,0.008894027983516625,0.002594956614649986
spot_0423,0.03566194401854179,0.1381255081472942,0.03275491144574182,0.04827331814222383,0.017311786117794794,0.04346447106908303,0.016262622457870884,0.086440794101379,0.004291450909318481,0.0054319995094888,0.014494445294412421,0.43964122535169586,0.010584048011568122,0.09221632550669027,0.00854348080730539,0.006501669109591282
spot_0424,0.20354992536348573,0.14669272790406845,0.33569569953268036,0.023082117056465328,0.007258603839623462,0.0854804145338079,0.013086152062432906,0.020202405504717216,0.0012179560000135912,0.001245630044161079,0.02077634234418346,0.01132704384498477,0.011133645873169812,0.1098577778718656,0.008248817454054683,0.0011447407702856276
spot_0425,0.361267805653606,0.009866840170067186,0.2278114722229357,0.004548306101613515,0.01565961684602951,0.0019593926942794346,0.0033243300127665004,0.001812910325905463,0.19274127862745596,0.042642609876162266,0.004196232594176044,0.04820079250491369,0.0049779290641433,0.002202528155529979,0.001870497556653305,0.07691745759376212
spot_0426,0.3610163089886798,0.14670143321550203,0.1763339351003822,0.027466030458052713,0.01395380335071889,0.015924074598037637,0.13071373385843177,0.027653495344731407,0.0012056216524135752,0.001091198773842515,0.012233454802780458,0.01570526864372314,0.014452987505945682,0.04724126399512169,0.007219552259091011,0.0010878374525454982
spot_0427,0.0024229664081817813,0.039582217761464415,0.8633148492190132,0.014428733165123468,0.002269868777052098,0.004394589755375221,0.011189833414197997,0.006383435625450458,0.003628067238614509,0.0035200019945685556,0.00990849303197613,0.0021706347733852077,0.01768277502760485,0.006282315448502574,0.008710390988766562,0.004110827370722971
spot_0428,0.4324115236552159,0.014591315394224758,0.014977121048558788,0.2930042321917459,0.031589770427660674,0.003063267549073594,0.00867607905180017,0.004274405711911324,0.0012672368986268992,0.0012786542985661097,0.11424927633303901,0.05715259541586238,0.011279131455300326,0.004276827844941475,0.006666640788786484,0.0012419219346862516
spot_0429,0.004010654891992189,0.12482778735629761,0.28379076060190694,0.013175211621468164,0.01043510059606581,0.0013846576034117362,0.003045288974960927,0.001673125930592772,0.031897629579141676,0.14488124443304998,0.22030173232217704,0.13453416364272733,0.01253925292258195,0.0015518242146163785,0.004398961046396707,0.007552604262612786
spot_0430,0.0011320122851285195,0.3452996263102916,0.2945458854581603,0.09398066585301577,0.001062374584513787,0.0019848209160678275,0.014495908856074862,0.00271037014407395,0.1366238518751656,0.03324039040036843,0.00903976840002097,0.0010937520309829282,0.013219886121811932,0.0019079227294876745,0.006683964351182376,0.042978799683653486
spot_0431,0.21983792816305223,0.22360126681720086,0.21957462622281068,0.015811359806975858,0.059659349107540484,0.013509922918032652,0.006949955374871158,0.04433030849875731,0.001065063601946645,0.0013041075971417255,0.09970680940520246,0.008174201740721636,0.014586813865466293,0.011870969551247721,0.059089520398094765,0.0009277969309375139
spot_0432,0.12821608006301757,0.16232481569428173,0.011138735459521308,0.024268538802569854,0.10600605628881961,0.002565958597359686,0.003250082178760372,0.004733365242264069,0.12920060216426335,0.014985604663029293,0.31685164621281564,0.06238164170960594,0.0185847422609783,0.0026838851692524593,0.005601789352555106,0.007206456140905722
spot_0433,0.25742787810294115,0.12027740261686047,0.030377824247685845,0.09966640038081524,0.004907909360775088,0.10872080809679992,0.05630535103761238,0.008354576053205416,0.12475086766564276,0.008884835708028118,0.05867941486646262,0.011973094752761634,0.007133578911995166,0.017546520276971827,0.0628087362766562,0.02218480164478617
spot_0434,0.9016431241732976,0.0027812428110680558,0.0026461993102464137,0.00280242017343083,0.02087809476020435,0.0031241440230001536,0.002706976153227377,0.0030584018298145973,0.003943658403093493,0.0037290467839995373,0.0028982164242559063,0.03775708502014937,0.0028643842834727797,0.002992257701457456,0.002834961876627643,0.003339786272654404
spot_0435,0.06454823480215986,0.02674097287410937,0.12568018558544833,0.035998710065655436,0.06762912172392792,0.20306427827830054,0.03358025963792344,0.014718048805979503,0.0010531624805170657,0.0010666138632722116,0.20396138970382646,0.003715972034520948,0.011776363905081588,0.08218879598221676,0.1231240266319741,0.0011538636250864947
spot_0436,0.0010994204793061788,0.4419046125591108,0.35703778760959737,0.12538116204358907,0.0010219420466875382,0.0027447110658450472,0.00800929666424946,0.003948763997422542,0.0013004471761721757,0.001435819927214822,0.014809129313384226,0.000845303437341202,0.031288202911544806,0.0032792871060760937,0.00485353564365857,0.001040578018800155
spot_0437,0.2573385468312202,0.2395065257748717,0.19261190179491947,0.03444209823601143,0.030963110663494463,0.007015448945250002,0.14597254230098405,0.024880165334813412,0.0017149068015768613,0.0014711464132464388,0.0082672223475658,0.02138364336612638,0.013949794759736393,0.009190070598533192,0.010002216602484414,0.0012906592291657888
spot_0438,0.0004705878052132518,0.47266966732663207,0.27400918277943764,0.06047089007272833,0.0005077604214453079,0.001270540941104617,0.002637741580692893,0.001604965405920953,0.0009774460528296964,0.0006358099979629448,0.14353469047573697,0.0005004751126251207,0.036441879367249526,0.0013915972937285112,0.0021417367331486585,0.0007350286335435117
spot_0439,0.3983071738425552,0.1267443529203555,0.18496015126829085,0.03079671119588491,0.023857282332694258,0.010377250482438748,0.060329924974479705,0.024483508708094456,0.0010249536384323342,0.0007563507220996056,0.029435834966984115,0.049372721609543264,0.006385581045998391,0.017047066400329186,0.035248478254499754,0.0008726576373197204
spot_0440,0.3811779481111615,0.022779392867076077,0.5092050115058198,0.00895855882755473,0.009732862038696779,0.004168051959400333,0.005568889806589817,0.0037570651635823247,0.0018920137306462207,0.0022602448657231614,0.009607200394819831,0.016702108931066426,0.006679215566449905,0.0027297376541993625,0.013069618167544601,0.001712080409669175
spot_0441,0.6532138725633054,0.0006405360360492749,0.0006139592191962577,0.0007172905184912904,0.10073422269658748,0.000651565210764463,0.0006269010079853441,0.000627728919959856,0.03720789334245597,0.08537787648292874,0.0007803001653386713,0.052504385168339524,0.0010278035585718265,0.0005715216962770924,0.0005811494651618813,0.06412299394858693
spot_0442,0.20222051159251506,0.13093018531168338,0.06460339622824456,0.17933312125429365,0.003581443798250115,0.11325662388498757,0.009285775883764108,0.0110628407106971,0.00046976548125213696,0.0004604101537283307,0.12969319740352883,0.0022171167511584686,0.02144181959413865,0.05595276574834326,0.07504901551124338,0.00044201069217138906
spot_0443,0.0007519279602595026,0.649100351141655,0.07950790110275446,0.03301720417814404,0.0007526120536285806,0.0014800935574675262,0.0029985414712019863,0.002076157498325482,0.001631317560340923,0.0013658773411893501,0.020927365259768266,0.0006749051691069866,0.20016307335839695,0.0017659355536771223,0.0021557770987552676,0.001630959695328567
spot_0444,0.5510212863760764,0.0011627800244659544,0.001165443399976338,0.0011168679274136386,0.06474657279491024,0.0015951099676646213,0.0012590375295293411,0.0012433272521396148,0.10359782635081939,0.08826587828767561,0.0010681222249371398,0.033107574661345965,0.0014203464275786128,0.0012280307665771585,0.000991899734145052,0.14700989627474498
spot_0445,0.0007731792898992667,0.24763089452887668,0.21625132338819594,0.1746009260322601,0.0007015298382046605,0.08457159151384823,0.022517666001603837,0.003285483999986492,0.0629940000633723,0.019129115929380623,0.05325434049478697,0.0007204923660481461,0.033793488435757774,0.004493642102355279,0.06972292982329709,0.005559396192126577
spot_0446,0.0028070742835067768,0.2654652691020775,0.016471806364354472,0.28078477136488705,0.003297549566621117,0.0010153738843520098,0.002292363681429791,0.0013252633029726575,0.06935181424142416,0.13443614440407245,0.019752686667331792,0.1125041366638252,0.014298345797071416,0.0010657849740394521,0.0016380321542488977,0.07349358354778528
spot_0447,0.32160307053674947,0.20959526302464657,0.005367103983825433,0.21334870751406948,0.15215776223035143,0.0009379272067698416,0.001611700618274322,0.0009735962690800036,0.000843362937136096,0.0008628243764746102,0.0551682425953491,0.020681832178848943,0.013831656972511267,0.0008208599847658164,0.0014486629677499016,0.0007474266033977324
spot_0448,0.002377476677446354,0.22690747739290262,0.34975058305898316,0.02233515394083902,0.0016841934584746914,0.2769723992754351,0.03264561379463197,0.005537897747671282,0.0028175733889127114,0.004440903585085254,0.01694221134981834,0.0057244936493773945,0.009909043968718997,0.0061567132420892795,0.03335902618200227,0.002439239287611596
spot_0449,0.2604169261239821,0.10620899522947388,0.04604607878841654,0.2634900346419503,0.05125994029341417,0.002691234090441134,0.013009519015772554,0.0029997176418450834,0.07776702121434742,0.02245165558073266,0.026529594992234996,0.07464654528031849,0.00843145748778285,0.003119307254449846,0.015283012371407523,0.02564895999343043
spot_0450,0.24262189405498782,0.12122383948019111,0.022082231749059066,0.05040042579545917,0.019088991808477427,0.006241051446518465,0.10741204701930032,0.06660653742719752,0.05200249693714537,0.0818019663166238,0.007051545773653877,0.02306033776146119,0.10421460614259997,0.026892234851809013,0.004867577878401782,0.06443221555711409
spot_0451,0.6465748277049432,0.011724656855952314,0.06223132610541097,0.032539205566361966,0.043637654306184645,0.0021681955680263026,0.060873278485336836,0.00262264076063659,0.000774906843948007,0.0007549275341025524,0.07368001530382327,0.034275785816115734,0.007365338800918287,0.002229010861605557,0.017821356388627262,0.0007268730980064389
spot_0452,0.3095167497985467,0.07156581210416768,0.17011657639981656,0.1436387200614875,0.09742895342446244,0.01958346061105008,0.009061508367843389,0.02237560687524446,0.03859290367468935,0.009288972776366398,0.016690688072785786,0.02618232751782837,0.006839636529340334,0.047155294019267435,0.005720976521230747,0.0062418132458727845
spot_0453,0.4759673436446653,0.17614259659131215,0.061310530999057075,0.035114049624158185,0.0545371729432397,0.00373279414170944,0.025044696944715828,0.10177642113847948,0.0010979217769343094,0.0012898407649678974,0.014063692368873115,0.008788942268729422,0.024276161070877024,0.011790337833134398,0.0036202029309117326,0.0014472949582349066
spot_0454,0.10890889411891354,0.004029279556502488,0.004538514449664848,0.00498214737826713,0.12938350369125576,0.010165998350677417,0.007978445707617899,0.007504447200792528,0.2580153563484904,0.14172490098970456,0.01456128167973906,0.03723341217545323,0.006484122391208655,0.007592200777419448,0.22068090797128656,0.036216587213006524
spot_0455,0.26223901519579856,0.3266637493281034,0.03156898187392719,0.16615294925479174,0.154985037226481,0.00138434989587925,0.004864414107535598,0.0019773425544764634,0.0016195511003846608,0.0020251355793828255,0.007244832256154832,0.013733576950974756,0.020696573198147987,0.0015664111356486674,0.001994799108434079,0.0012832812338789872
spot_0456,0.16885450895472295,0.1668746188877518,0.018259331552790584,0.15751686332009862,0.023660695627535477,0.004431534556723949,0.01627245144068479,0.004583323490609005,0.27053849314360673,0.038329365019973353,0.016073752791320887,0.011847516755362303,0.02301772045135554,0.003847600158484354,0.0041102931380965465,0.07178193071088311
spot_0457,0.23595571179630556,0.18958913236115532,0.0565594016645324,0.04426392097549986,0.08914383084024687,0.2549407724456354,0.016979083784781957,0.008096570511367867,0.002098743652971128,0.0024930291798066985,0.007936529566160625,0.05970495545821603,0.00875387434783627,0.011168791823751908,0.009895349936870636,0.0024203016548614543
spot_0458,0.004035592580732576,0.14806738910119743,0.09854827749154052,0.021256241624470026,0.0022384547221852348,0.37113856328541184,0.0658145363344881,0.1642264225911746,0.00217993106837182,0.002092521196504125,0.019407797565310837,0.004716062867495298,0.009584731061058787,0.023161571665727528,0.061628766119085215,0.0019031407252460288
spot_0459,0.0016552929901384383,0.03652646547861353,0.20685881623260766,0.3173854679245523,0.0018882025556078205,0.002798177680102408,0.026376493732697046,0.004423062401110818,0.013863062132900124,0.2989826507100139,0.03436857538055821,0.002000726656697794,0.008866695520048262,0.003510464847726058,0.008712072764921953,0.03178377299170363
spot_0460,0.000867268484565844,0.3683666317612404,0.40994111969941,0.1199478220602777,0.0009173903992582563,0.0025238126393632805,0.008237242903166847,0.0038766718152902094,0.0010442322842007725,0.0011311101927237437,0.03232495984850414,0.0007734275398999137,0.04021273212647241,0.0037602707335481315,0.0050135972338727795,0.0010617102782055632
spot_0461,0.054064159019004375,0.059093036742876914,0.34918855971715945,0.004430192807197475,0.14448347733678524,0.0014223516655377268,0.0035589970922437564,0.0017996501282427047,0.010211023227218792,0.3088475979997908,0.0029442119136789237,0.016482390524802763,0.00481146441190137,0.0014810666825152891,0.0017210672915131688,0.035460753439531256
spot_0462,0.12826886940099091,0.011285527515425832,0.24450600154760269,0.2953034420922584,0.005433678067224933,0.0026040675971488974,0.012098245348368182,0.007519256281757499,0.028112430863911155,0.10393828521709268,0.0808486165435187,0.034239963367167524,0.01464860439897521,0.004694425002881213,0.013375425896383056,0.0131231608592931
spot_0463,0.014925033766554479,0.041309956284692265,0.3013183457752299,0.07126026521887356,0.031117179264247508,0.0026335649372994418,0.011166059357700608,0.0028243931380174995,0.0038282537112182434,0.0032012472917303724,0.29736981789576283,0.10182044262882868,0.03698548748254004,0.002938241285085205,0.07125488434615938,0.006046827616059967
spot_0464,0.0005138176562598765,0.25480664715702894,0.16891349153080637,0.18694199939657555,0.0005449189124688006,0.0740493850511648,0.007437511759332958,0.019992178142684346,0.000937510806701033,0.0012707557302766318,0.15110749361862036,0.0005771250680801247,0.05873218371559048,0.06010081385832622,0.013258480187542844,0.0008156874085406648
spot_0465,0.11927248259823665,0.07119404081486932,0.29176329383695165,0.046752027107210624,0.007868758637584874,0.006700736699325435,0.16922716230523754,0.08851705125194678,0.0008202455860825302,0.0007705642139252355,0.013399615127094538,0.0028805504282283577,0.13605894526507287,0.030449868391319395,0.01354320858662647,0.0007814491502876962
spot_0466,0.2131546952392323,0.004595263289967989,0.004052942834092862,0.005058087029396563,0.21011672424296549,0.023685305763919015,0.011835474670014801,0.06598769369765722,0.15650615174010032,0.011218245481725994,0.0054705684719203495,0.1081506250782154,0.00598960313942567,0.06779586596776421,0.0688254546321826,0.03755729872141917
spot_0467,0.1791777995876994,0.03285567017032111,0.2182205189440809,0.048143560079748814,0.19930862918176792,0.004862420732507091,0.07846223357806888,0.035989035744039125,0.0007811790198461292,0.0007020750443893423,0.08292066542426185,0.030699598689967477,0.008915609766005805,0.007170216763673235,0.0710532680410079,0.0007375192326150552
spot_0468,0.5712646674282266,0.12819444547473957,0.01798420659207196,0.006393793217331096,0.01610473567648036,0.001172041980286874,0.0027761369244492084,0.00139752459821542,0.07193614303985155,0.018455393480129874,0.003985349856225966,0.030537296420639147,0.007145646084663124,0.0013710652789759043,0.00167776030409332,0.11960379364362007
spot_0469,0.22808255303470548,0.3544926446847746,0.21749268661168683,0.005004711917544885,0.016452451296976835,0.001321783651046,0.0020439812293156323,0.0012823562688473744,0.1201886090321406,0.023946434870466347,0.0030248299612856116,0.006771521015818723,0.008199413083640462,0.001165197169104356,0.0013778582568638612,0.009152967915782434
spot_0470,0.0007988989610694335,0.01599288400319958,0.5041975578046672,0.006062313292688162,0.0007540381431346686,0.13877282252115056,0.01707084272257326,0.010224235189322653,0.007666111208160568,0.2149278583238652,0.004384607168181288,0.0008959698295137884,0.005639323120327703,0.011384716987032356,0.016797289915695325,0.04443053080941826
spot_0471,0.04126541212766734,0.023165400030764154,0.012428896483964818,0.029368025296533144,0.028655222875412764,0.03550347588116091,0.01021976917510214,0.009779049585765339,0.00796854610975521,0.0030175320963515937,0.32147578115587955,0.3626953687422569,0.014763685904261983,0.012866123442319372,0.0833308308702402,0.0034968802225646156
spot_0472,0.32633184868903664,0.004548841201564793,0.004542626546590142,0.009745318798976013,0.030360969006596336,0.01629535841345617,0.008632970575486799,0.18653848634894266,0.0016441974766569548,0.0014469390489173699,0.018229579460103038,0.009654775732072704,0.22131538722238864,0.12950593977882674,0.029770532188660895,0.0014362295117240974
spot_0473,0.39964766987323236,0.2440673821580377,0.0892968538226254,0.12017955422852249,0.008640327565701511,0.001919973075024481,0.0030575684193402098,0.0016573683363805595,0.0007087450571619466,0.0006823612820242344,0.11163514745982953,0.00309012048323965,0.010027742049855837,0.001754729285224919,0.0030090415767506772,0.000625415327048486
spot_0474,0.4790116932815836,0.0010629689577652819,0.0009653501067391023,0.000999327831865548,0.2023220125641095,0.001015111887405193,0.0009340273559834767,0.0009611341281025306,0.21739037104641223,0.03642296825722124,0.0009229084583818528,0.040950062056309154,0.0012174901652384535,0.0009375502349029378,0.0007798809565634137,0.014107142711416453
spot_0475,0.22152758787293825,0.11624415224368692,0.1603689339354025,0.05858741294939294,0.011117998415690613,0.016029096288013914,0.11019536421531366,0.08494689872697711,0.0016629923185694665,0.001540462866184347,0.03131656299606577,0.018819705039954455,0.027488692104750204,0.02730612759677768,0.11154102553381788,0.0013069868964643008
spot_0476,0.30913477324870875,0.28534156550521395,0.2421119138897432,0.027149594057616227,0.019294589119122192,0.009276294760029887,0.013912920730915927,0.008115508430031679,0.0016914552001834717,0.0017387177491598941,0.01657373040250618,0.03635109559355609,0.01045785421561573,0.00539162943455236,0.011606281444295194,0.0018520762187492687
spot_0477,0.24625663855145763,0.45863887438509043,0.11644072152200889,0.008495264890949324,0.008796478161901622,0.00099990057017256,0.0024221549750573033,0.0011132753509215808,0.041604641994746776,0.051252261656971616,0.0028857077898930775,0.021946900843975447,0.023554289112887893,0.0010268644382420823,0.001175079044914163,0.013390946710809587
spot_0478,0.0012971922746702392,0.147662417313711,0.1917830552489229,0.02302624056911379,0.001321349807905843,0.06594178319463186,0.037873152442550156,0.28644946200569815,0.00222812502457423,0.0022004493653027617,0.009107030549636092,0.001276949081243322,0.05667522885883693,0.15519702642716401,0.015886950345211728,0.0020735874908270136
spot_0479,0.003541826846397286,0.17439610099990407,0.05459356935113206,0.39923505052823466,0.003613626406612329,0.004847390671306383,0.007594083015144398,0.004690444829630226,0.0037879757732336198,0.003004612192507676,0.2967151517260599,0.003766450600899776,0.022620948575272356,0.004571078349962539,0.009940787874010024,0.0030809022596927408
spot_0480,0.1403656437433367,0.1905036055901358,0.4849968069615738,0.08629835102557218,0.04683536667898636,0.0022805413226839786,0.002743518557870784,0.0022550714355530415,0.0006528393899000862,0.0006093716111934265,0.021864809718375983,0.00963680664260333,0.005270974432848887,0.0027119539591491672,0.0023807519311619535,0.0005935869990545147
spot_0481,0.0006888657849376024,0.27852537593044496,0.06974167215373411,0.03024686214251531,0.0007400376247157551,0.22848277107952725,0.029804989521817038,0.16518000583907935,0.0014543477793111364,0.004570850418778614,0.02011391090414809,0.0006817863291497875,0.023436005506457375,0.11824801943690007,0.024984847813277387,0.0030996517352061344
spot_0482,0.30102531385375264,0.10813853884629998,0.19114111509743936,0.09605015906213993,0.11374989306923143,0.05109306549403323,0.010006807462398926,0.0025881323560427243,0.0009640556251108305,0.0013837962223877205,0.05187652886769522,0.006047065983760901,0.014325213960525761,0.0029260023230132186,0.04739576641354549,0.001288545362622616
spot_0483,0.0013252748933977232,0.02471026106548269,0.0924654353100709,0.42396486229609204,0.0009124960121493526,0.03542301157452644,0.14583595614588835,0.01760608170746827,0.0012751786217319193,0.0008451512320302667,0.08804534997228769,0.0009645505500826936,0.029595896698561837,0.12754591474273158,0.008412165694013929,0.0010724134834843317
spot_0484,0.06502265148177196,0.06142334884122591,0.010730689764313352,0.0627048307814832,0.5124997654648141,0.001945603936327568,0.002768373299409989,0.002251733542787471,0.0025387906503998394,0.0029668557455315844,0.2313143908282527,0.025663026910190317,0.010276547719258592,0.0018674127426123303,0.003175099540758072,0.0028508787508629493
spot_0485,0.010832882497036492,0.24998573635625282,0.03194638655934411,0.009889013195078148,0.011758762007170416,0.0043058378082610795,0.0045659234025744065,0.004141697595669537,0.008613757045392727,0.008677734781892927,0.00953238037587641,0.6236774854388192,0.006071597186799325,0.004151504730944633,0.0053250239702382,0.006524277048649556
spot_0486,0.0007558038653410114,0.0879243466478187,0.04635586667381224,0.4191059089579207,0.0008530706736109892,0.02953365717274972,0.14193464581787332,0.006782608892747994,0.0063081069845151725,0.11461946955585887,0.06863836553337135,0.0007271667185020962,0.036033160590016905,0.011279954446714638,0.010467432235868284,0.018680435233278014
spot_0487,0.5339663623098847,0.05228014699161387,0.008172084205905147,0.1608512432425946,0.030205929911070656,0.0019594510860867537,0.0035613661272541276,0.0019740018694702943,0.002433446896472923,0.003239131215335448,0.15648522410502058,0.022390730787820372,0.014343625088713988,0.0018633773344286096,0.0031488848841172315,0.003124993944210712
spot_0488,0.08064869312531422,0.008565829640961435,0.004545720802444869,0.024024637068750347,0.12484874459961792,0.0017218204537186885,0.002531734041325357,0.001581263048607538,0.15168588022276844,0.4225349178645716,0.007231202906567966,0.07396683279035705,0.015192118491003583,0.0014427503479169216,0.0018316948782931815,0.07764615971778091
spot_0489,0.2584497058866356,0.048159065216534326,0.14139092678272858,0.21048797237757075,0.01207497662186529,0.009708548942793783,0.12850098166343477,0.027692826582706827,0.0014914852558671155,0.0009515873600105941,0.0328277561554737,0.006366817183863359,0.00633220138363172,0.012000819770860977,0.10163131604433946,0.0019330127716832058
spot_0490,0.0009328535632121013,0.29323289601059627,0.45189894099310274,0.009442299276021743,0.000978402743864542,0.026814113765816522,0.05463546437778446,0.08622982751907782,0.0016110978251982146,0.0019913257748755343,0.0069353420329871214,0.0010185606467841809,0.007440736010888266,0.0462249803067935,0.009068524684480859,0.0015446344685161458
spot_0491,0.18036870908680697,0.01932883529526913,0.03654392725806842,0.00960642985675964,0.07386615986476863,0.010565880990874877,0.03120076086852938,0.21835873797800473,0.16954510468828324,0.007287589217959879,0.009971369664697948,0.057620442437008895,0.012356513326585186,0.0730754181402535,0.023137543040547465,0.06716657828558212
spot_0492,0.0009884561358435697,0.10212680130538515,0.14020004889058948,0.1886814464531056,0.0009946047750188408,0.0012163303830291328,0.004145533493359348,0.001858065299774114,0.06255964654793247,0.008468425157577751,0.09418358756025978,0.0010555889600397969,0.2292774420779011,0.001671324658863124,0.003168445248818152,0.15940425305250255
spot_0493,0.3069420233464442,0.020508667970447945,0.2587734837138752,0.014366905064834522,0.03115902492051504,0.0023061806807463375,0.0050302081400398265,0.0027741514641006393,0.08375838589030883,0.020476343016978888,0.13366686724760796,0.029906132147104837,0.011585772674497428,0.0033493543546692347,0.010823323721567236,0.06457317564626185
spot_0494,0.2045495819004366,0.09129023323227628,0.03335929062961615,0.10711995687106272,0.009704164559552756,0.006409989365307669,0.015758445120656724,0.08251712379390802,0.07094504261137395,0.016913080167654023,0.02407380900778727,0.22787647942137812,0.023506114797319812,0.007676830064303183,0.02430180563020063,0.053998052827166104
spot_0495,0.29129922614729226,0.15061155141148244,0.03522586532806251,0.08784481645922163,0.05886793448867251,0.07437497302983045,0.02234886854913147,0.010062715848246319,0.0009750664343882129,0.0007719601796840368,0.159742309157181,0.03341609126225641,0.008374833653359438,0.015967715412278753,0.049133307172015965,0.0009827654668965902
spot_0496,0.10352863627178667,0.00435177057352836,0.006513599227586669,0.006771055064850405,0.09327289086726373,0.009546122730145642,0.17716750767185593,0.10644304842257053,0.023291822211462258,0.1683525607559266,0.015755201583204124,0.015761983531204758,0.0076955618525003325,0.03311964124287819,0.16523484289532,0.06319375509791576
spot_0497,0.24547925441262394,0.022825782983538802,0.45987007513940636,0.014010963108667236,0.1726466636852272,0.0026591759712408657,0.0067180644278480245,0.004246653613451768,0.0013748401851482904,0.001589648234774656,0.037229729804893544,0.004357472273728061,0.01735558301243327,0.002903109190035254,0.005344708159867984,0.0013882757971147306
spot_0498,0.1119059670249308,0.28584116090528167,0.39557854701520245,0.010643545262067306,0.02974971281045306,0.0031263959703548955,0.003954479259741252,0.003141878519649445,0.0021510580182725622,0.002576184746798127,0.006084639716939418,0.12388891152311145,0.012348340638060354,0.0045946279961249295,0.002417103398716197,0.0019974471942960734
spot_0499,0.1766372985395675,0.11751208436320291,0.04594141916578176,0.1651120968317942,0.015011645829859041,0.0023959658183760734,0.006630632158248448,0.00266080015872355,0.007966693404152176,0.2524112426855145,0.03627129116649143,0.0685796473932279,0.06162534443224164,0.0025800694566427405,0.0032840932573580564,0.03537967533881807
spot_0500,0.33595901724305605,0.2169470259396472,0.029271936597546754,0.17519589130701232,0.09342024348139218,0.002119034268196943,0.003670230286689247,0.0021645140338084406,0.00187814031439866,0.0021744991112966016,0.050021585629165276,0.048184843723016874,0.027027945397655163,0.00217315465056551,0.007934733025027618,0.0018572049915251848
spot_0501,0.21933744815130743,0.0131571403397433,0.007788778001423129,0.22391619215861097,0.011924493908252993,0.0023757387543964265,0.005516725860720491,0.0027422874012649574,0.012939842385387732,0.0432193878579789,0.11534881666487222,0.04473172859969394,0.012277872745200723,0.0024090491391414765,0.004236698589713432,0.2780777994422919
spot_0502,0.27191788530672556,0.011425427243346945,0.029610301191648866,0.4296593491934801,0.020886467608632664,0.004769056794968536,0.12453879042927511,0.04893558910309488,0.000609768949809181,0.0006282862148867336,0.01772790917598786,0.005269165406433976,0.006639691265444757,0.00952955731154648,0.017248590487738,0.0006041643169803594
spot_0503,0.0013536623858122173,0.0291785406949651,0.014465093413085972,0.2481668363878192,0.0015559466766702941,0.04708059566060515,0.06144921974481543,0.14518570402443867,0.0012851602746141997,0.0012742365394059943,0.2537918152658874,0.001068298665074492,0.015011544741241539,0.07086758551826713,0.10701358493882332,0.0012521750684738946
spot_0504,0.09489790671963784,0.0019290141503058905,0.0021064962828982563,0.002337236573891932,0.04913551298387518,0.012170123004432815,0.006331073116301027,0.25069554281380163,0.4094020368130962,0.029092258900173407,0.0025163041627080823,0.02509504046532709,0.002977139628025067,0.012349984315377299,0.004232408191935114,0.09473192187821314
spot_0505,0.14753246800808492,0.10748212680940646,0.17692176673971213,0.047255593733181334,0.054666494597139126,0.0017617708157777027,0.0034718943389148538,0.0017883852441898356,0.014394221148785023,0.2630348796662344,0.061623118301330944,0.054982209339990526,0.04511426336537088,0.0017745212264209194,0.003349502092988711,0.014846784572472214
spot_0506,0.24875706869375971,0.012360559672488499,0.08795986143883909,0.12928369379050256,0.07073146626719107,0.008597436249618885,0.10520229052770215,0.02621738425535874,0.0011860591723803938,0.000956588622986941,0.21144739976473223,0.011549359323548168,0.023992263391211882,0.02085423486991007,0.039577898282065885,0.001326435677703724
spot_0507,0.0007114263464996142,0.041976185028195334,0.340562462304991,0.2522216602926702,0.0007125140272733042,0.002620463528605705,0.25290325282272474,0.016935940710358068,0.0008805785226887031,0.0010689400485525363,0.0473385135068605,0.0007838149435546381,0.017646688533280223,0.012214892471462502,0.010479370349650699,0.0009432965626323001
spot_0508,0.3397680425173855,0.0734729532171661,0.154531474075418,0.12549944137514568,0.026004132015101242,0.0022492254035916866,0.05593150373572411,0.004932785000999946,0.11636552246172172,0.006227210893862534,0.0047292984643162094,0.00673341714449679,0.06536608751909247,0.003891002435893321,0.0050803309519568875,0.009217572788127782
spot_0509,0.005549912324693559,0.007744123238287858,0.0070942843822523706,0.0077866385537046015,0.006477239632755286,0.005716901039345857,0.006730976084662378,0.006540984041190806,0.2709572297373571,0.10574753501034174,0.007716558773549363,0.005023633258547383,0.00880324756342069,0.006092646494929727,0.006210561994299201,0.5358075278706621
spot_0510,0.5210707092209167,0.08096513614599847,0.0049290675540838,0.015105715480265824,0.01742610973123621,0.0076252854495861815,0.0043582862361197525,0.15245493694203052,0.07827889504651615,0.0046920904778106065,0.011722795999133407,0.008594817894666517,0.017874440672647273,0.02473474439337391,0.002264668278018511,0.047902300477596166
spot_0511,0.3066590298623243,0.0018759845500596459,0.0017538551457051555,0.002063706478433844,0.10708816684772804,0.0022179271008449025,0.0019210692789782984,0.0021519287650206614,0.4557465896761367,0.015448001274084454,0.0021121894801467292,0.035380849910997235,0.002373796499370699,0.0021138316996596068,0.0017614669419590346,0.05933160648855075
spot_0512,0.2765349822525179,0.08856136212786025,0.015250839578133049,0.058270249815776866,0.03475058570620422,0.002375687810295953,0.004524519308236764,0.0021792668310514143,0.11155724973550092,0.05534047347616491,0.23598069001407251,0.01162542528260141,0.009109309648711546,0.0019212561543396356,0.07480228682906401,0.01721581542946865
spot_0513,0.10708512702642564,0.018077655636568966,0.19947643366433274,0.008416176164229721,0.33756323453234677,0.002081476786586929,0.003377483172128119,0.002480070089278804,0.019575030756555145,0.08360350451874479,0.0515920440588155,0.0862703785489723,0.0059255755799623045,0.002612776687441722,0.05046692997209803,0.021396102805512494
spot_0514,0.3082533951751193,0.05300788906278154,0.4599926864383824,0.012663535974590285,0.0827264209047786,0.004361458705165783,0.009078417170729144,0.004706247440441738,0.00426445621044393,0.005174830265854561,0.009157201861686877,0.01952482627372375,0.011443018497561639,0.004809201900512037,0.0061691570223725645,0.004667257095855816
spot_0515,0.27606776728950383,0.08375022039036696,0.028257878554654323,0.104086888268361,0.037891342406305116,0.002586327971819309,0.004771287542667997,0.0032947902101810515,0.0035858945612506276,0.002850908380871115,0.12129793200189229,0.3025864553665936,0.016248136278618933,0.002304117597311819,0.006429975606302129,0.003990077573299871
spot_0516,0.3367941455581394,0.017699233715030935,0.5088473771705628,0.011312315860365666,0.04626845344430277,0.0022661446921975223,0.005696333398259444,0.0025464736498491654,0.0026722557108008423,0.0037891617293306502,0.018412967985446574,0.027060470344325,0.005008348786873081,0.002310033674307947,0.006453835427403474,0.0028624488528047106
spot_0517,0.2871439024063849,0.06456829227863169,0.2588407454674843,0.14610197215213577,0.02913452705684132,0.0028168112710106365,0.009678347501310518,0.003307829654426514,0.003250404768266211,0.0024505448863248775,0.07507849404035069,0.07867112029126574,0.022520012963460914,0.002838476016046015,0.01124196208850752,0.0023565571575524186
spot_0518,0.00047058066150541854,0.07395160387792178,0.686488050799827,0.03450835199112587,0.0004485758879502113,0.0028515285192218334,0.03472724044025312,0.007947057584776755,0.0008480605665768108,0.0007477300118944959,0.018661950478877493,0.0004272568543165256,0.009725478987419952,0.005150033577686964,0.12228031765531716,0.0007661821053286273
spot_0519,0.0017551611388171896,0.4362532551858557,0.1754849292140023,0.15848245191586335,0.0018154656528666824,0.004718190340848672,0.011756423965509197,0.00938784099812612,0.0012057939390112957,0.0012494052856014775,0.1570599931613655,0.0016094812827202934,0.022154601818382854,0.007650053885272215,0.008243243700039721,0.001173708515717395
spot_0520,0.334389212979875,0.04216458297463266,0.16427173737718453,0.23762889042708418,0.007168328953489717,0.0031509661069956795,0.00765451390228161,0.0037686953419076687,0.0013289342260797451,0.001324169937495852,0.10564002602688527,0.014332489167745443,0.06658862964129426,0.0032928425954630463,0.005959379280625134,0.0013366010609601948
spot_0521,0.000509386992497048,0.559040952091539,0.23220554242718344,0.02719404581390901,0.0005364422535944312,0.0014441961431740093,0.0031105549757081048,0.0017208131818970678,0.0006261759489883253,0.0006720217458320891,0.1594712986213937,0.0005218122228580887,0.006533707729738642,0.001621213909707993,0.004157233918255062,0.000634602023724005
spot_0522,0.2555656319098733,0.016011333539047296,0.006457841372575569,0.10970050603886533,0.15131805226914405,0.15064178643476392,0.1171467693433238,0.0709093586284791,0.0017859613303102427,0.0019132885906594844,0.028224893579531417,0.025213799338427302,0.011343627013998606,0.03513751532926959,0.017416225342372433,0.0012134099393585032
spot_0523,0.2797353486149004,0.010936184069570105,0.08443145941175144,0.06253669869796752,0.11881934110797714,0.0024649648042635065,0.011677297428698934,0.0034419419500683157,0.1625314286295868,0.006211331588286659,0.08153536978824523,0.08074532354600206,0.01495754752946345,0.0029019655052204604,0.010199211288376316,0.06687458603962167
spot_0524,0.13683916803391305,0.017295520381773243,0.4700815819279265,0.03673719097201121,0.004751764063221555,0.008707013896359257,0.1440939074358204,0.010753407318033857,0.0013387319092998556,0.0012983457010704513,0.07475516200002842,0.007032042008401371,0.010413020435161678,0.01218536147823696,0.06239729736407469,0.0013204850746675076
spot_0525,0.14241670172480786,0.010198168880139465,0.012118835962048729,0.04283317530546941,0.007928854325718377,0.15007685196507375,0.16645256944586326,0.20464916753161488,0.0013520507133874067,0.0013822931498245967,0.08902487786063755,0.011027523218433187,0.014700081950499556,0.025590437205037408,0.1189051638625775,0.0013432468988670311
spot_0526,0.22777572019168682,0.09806521778503124,0.01954560434308667,0.2864127479155287,0.10264642748455668,0.0009288165483973944,0.0021930654048307233,0.0011291298212877225,0.0008424736284515038,0.0008658104611212799,0.03684066665555411,0.2146776979549722,0.004587852066329339,0.0010156515189563117,0.001772405803824099,0.0007007124163851807
spot_0527,0.30084739901196955,0.009863723296410878,0.0825110201345857,0.013117337303545525,0.012212352379066147,0.06383402100234684,0.08945673300647755,0.011085079508464006,0.0028750625544118474,0.004429088452948319,0.06002161498735839,0.011063816868547809,0.01955776328487856,0.012423947903729046,0.30215474995549685,0.004546290349762995
spot_0528,0.5916128346970787,0.13029281947240184,0.007621225298073487,0.041564856898375926,0.022526809209851124,0.0013180999186509015,0.005462368247218302,0.0013838032888484214,0.02969956992207926,0.09671450339236512,0.0050385590809447186,0.028875511265612917,0.010357210445608719,0.0011472659156250018,0.004313401993765845,0.022071160953499657
spot_0529,0.6181679889695543,0.09045928241571531,0.24086294596690777,0.0038999272777632383,0.012514823289451513,0.0017888941219555753,0.0022240157356912525,0.0017397547609240827,0.001477595147266173,0.0014910656525641902,0.002431349860282406,0.012644768955205665,0.005591375501363689,0.001734160861937727,0.0014303272225931409,0.0015417242608239535
spot_0530,0.44758649302234454,0.016187350453234956,0.19037938209400818,0.005863316481473484,0.05508878753934134,0.0024366473069822848,0.00351563027837372,0.0023511659109046053,0.03277258664029133,0.13351092607640389,0.006041899647721191,0.058746248460807025,0.007629698153626682,0.0022234021477199966,0.0028542802557778263,0.03281218553098897
spot_0531,0.3625981795198104,0.010098059819182765,0.007110098634558784,0.03490969990581067,0.08332269933243872,0.0028785081944507985,0.006358680640722282,0.003672864497323249,0.0032270039748665204,0.0037011080419386924,0.31254712164581444,0.1368207158843708,0.010279841796896056,0.0031830606303069045,0.015300526531649742,0.003991830949859207
spot_0532,0.0019155126350498836,0.07499707885898024,0.4985350313769929,0.010074866352437992,0.0019269585228667778,0.0030008083945273953,0.006082811849699648,0.0034923798697694733,0.01758858571055318,0.31259698161161936,0.005773038623669745,0.0019621123407821722,0.026358875545079874,0.003555307083265654,0.003647462789078722,0.028492188435626974
spot_0533,0.22064063987561483,0.2771588962069084,0.07931919590707738,0.09367063487641868,0.00672408355996276,0.005304099141790615,0.05748041903043823,0.05456053139102238,0.000987540666463874,0.001107239784830979,0.11104502415262849,0.004849706911716806,0.037289400179489514,0.011646100158869637,0.0373039880544536,0.0009125001023137842
spot_0534,0.018809293587269425,0.018930833436753353,0.038779790804152954,0.18739505668554496,0.01283283560447749,0.007270947961923745,0.01818240062432973,0.010966865314118675,0.0030496430457396923,0.0029104728977412406,0.4637825635969293,0.1468675963888054,0.0185348378191984,0.010028303398087513,0.038613098142891836,0.003045460692036276
spot_0535,0.005093971263566313,0.019553227504026695,0.01343596042827173,0.03591723208971226,0.00515917586130431,0.009759700387839198,0.02351715142747936,0.019697030864469754,0.006611919188221017,0.006515506964840274,0.02219878550795059,0.004694868971850451,0.7908727262196487,0.01665126833376761,0.013002369073046069,0.007319105914005734
spot_0536,0.21986595763521022,0.009359166194869154,0.010452749414580482,0.017468474344828035,0.018041303203231603,0.003474345803065272,0.18826351960858434,0.007434060625795858,0.18054672557065657,0.19499313999116916,0.017773099792152715,0.010898005364557145,0.01712166619474786,0.006154502782955485,0.04135038723459139,0.056802896239004724
spot_0537,0.0026313942628927536,0.0043957267660699635,0.004608637088963724,0.005333485534156864,0.002484261983655814,0.025551232011671112,0.010298522242144769,0.4094708994690246,0.002583856400157781,0.0025642636469510724,0.005941573558223845,0.002552100507201942,0.0060442749819962375,0.49916881533137164,0.013604468234111086,0.0027664879814068
spot_0538,0.9132887991430867,0.0011272290094146349,0.0011016441957793217,0.0012547544671443567,0.014990072234307877,0.001200138943058379,0.0011367619866059077,0.001291666636360487,0.001728743117601285,0.0029179698997406924,0.0012138265607507441,0.05354763600753447,0.0014298280478547778,0.0011368140122143872,0.0010240891666263932,0.0016100265719195817
spot_0539,0.33874521148885905,0.15568654511786648,0.11882289660262191,0.08091130020747099,0.014658545200721252,0.007389773795454148,0.12880409914631819,0.030126005729020397,0.002589678297909254,0.0024889878510941247,0.02304764890469604,0.032130558805880394,0.022516912790409373,0.016495941025565924,0.02262438087709866,0.0029615141590138365
spot_0540,0.002334846004794499,0.05393118444909303,0.8491539043922515,0.01834141557925031,0.0023067938843390487,0.004603120403959509,0.0070410831408187205,0.005156212801066946,0.0022192583146216365,0.0023663908728260045,0.020304807471405867,0.0020814194292271887,0.01403323699454551,0.005946595379655401,0.0077959385933685016,0.002383792288776399
spot_0541,0.00042553894073176505,0.05590866525574334,0.32310898836035645,0.25267504973425997,0.00044778400702010206,0.003700545756020434,0.13990777285914008,0.08440781079870889,0.0006394426818321478,0.0006743471687023952,0.01250630104336393,0.0003832123058060559,0.08705947644744255,0.0183807852624435,0.019151537228218805,0.0006227421502095449
spot_0542,0.587460430216035,0.00581712114882248,0.00306942061595319,0.02552922944572998,0.012376276426197479,0.12894189153468144,0.008863579047524129,0.050975452121769245,0.00082580446484344,0.0008387218361841041,0.07985316545782357,0.024041308398008224,0.0065048116231382685,0.016057196239683207,0.04808577398331622,0.0007598174402900273
spot_0543,0.5340431985679027,0.07489114825923,0.0566285221378026,0.02526142588134098,0.01169861161809989,0.16536413574975486,0.006438947104630798,0.008286100008652588,0.0013333868819375998,0.0007931195977789013,0.027122632611747938,0.009603330505234979,0.027447609405132613,0.037810856090999906,0.011762885067290701,0.0015140905124628816
spot_0544,0.17947977097095374,0.024208589946983584,0.03483131450074686,0.16063159933296509,0.060082071909528106,0.0048491705200516735,0.00965739124645458,0.005218997061826886,0.0692496169544416,0.009134779382873742,0.19909407817241162,0.024588463515189896,0.01078540230491933,0.0038436553503622298,0.19252005850965548,0.011825040320635558
spot_0545,0.2064828404397614,0.17314788812660883,0.4493681456070473,0.005498883109800355,0.011182665967600564,0.0011303155249089518,0.0016224042384520782,0.0009711261652229099,0.06227498314417552,0.0412239365451931,0.003212994470920284,0.006395428170849209,0.005134731526166912,0.0008982177665073398,0.0009527195033056878,0.030502719693479556
spot_0546,0.33191388777748293,0.3086811287532524,0.01785703214896707,0.01594664978005228,0.022831266411022125,0.002720243554480716,0.0038678538063688117,0.0024162299582073006,0.013869232335008067,0.18892092626503842,0.004991545099929818,0.023937936022477273,0.02267049580351267,0.002336881798777058,0.002236922609263012,0.03480176787616005
spot_0547,0.451956137055751,0.2653507540233216,0.015664179906247255,0.00698457900892874,0.01387282190834909,0.007449240753168245,0.01319484666028749,0.1645646119937154,0.0015445484128378652,0.0012984603394224949,0.005224592545123706,0.022362119182986733,0.005991887158661008,0.019314749492204394,0.0038027088621345956,0.0014237626968604318
spot_0548,0.1231917350273827,0.051649346837859,0.052582050014205586,0.04350433501850128,0.007517813095247741,0.049001592157680324,0.01735845404281921,0.060642903730129476,0.0767286186660184,0.1544056584411378,0.17392961272635205,0.018141924082930826,0.008436616978673026,0.10127011389815053,0.04346590720243975,0.018173318080472286
spot_0549,0.3804487739491772,0.31403414798028245,0.044439410949973446,0.02962781856032182,0.005154778120128146,0.0009794192663817199,0.0028097153533946026,0.0011173456793901755,0.10829349845916006,0.02060671477599448,0.009495632409320897,0.023834927253728648,0.019358538770231942,0.001125874951979982,0.0016243857340380557,0.03704901778649638
spot_0550,0.0015441290507864215,0.005324943340842856,0.003813686606494666,0.024557872948582676,0.0017727581555159197,0.008406678259667623,0.025540010921016727,0.12963388053579405,0.21123807209044915,0.32802924756460133,0.007692873824545287,0.002484538535961071,0.02209341243878984,0.03873634158290237,0.007055656021797809,0.1820758981222522
spot_0551,0.2146746366829872,0.018497390217772424,0.620455442328936,0.0081904148794721,0.024080815898712356,0.002404748246831819,0.0034710889683485027,0.001955582035943963,0.0021326837106136667,0.004520497919726495,0.0060966824034665,0.07988951858986303,0.00707012741483057,0.0018182803007975401,0.0025530900745935983,0.002189000327104253
spot_0552,0.5242851313940825,0.045530161977771356,0.36800777016307923,0.007363026581880682,0.007837265944853766,0.0036229505055945643,0.003003064021026774,0.002624407636333717,0.0016565644676234037,0.0024562043771287905,0.007138103269902322,0.012877144604279675,0.0044794105750180615,0.0025529283865805626,0.00405025346569299,0.0025156126291515746
spot_0553,0.0031352968006647494,0.0229369784456319,0.3610289707931905,0.0071358281556925885,0.005144590578740903,0.005863087661874065,0.0145495085904831,0.012392914404085053,0.4006298202652135,0.048834157807167225,0.006364848840335816,0.005066046335661448,0.007485226396206525,0.013349632214201438,0.01015455159197503,0.0759285411188762
spot_0554,0.08331229622637995,0.02732575405260516,0.12493571252836871,0.1979272522820078,0.3739500478438354,0.003710344145271954,0.00804353564041826,0.003836298485134301,0.0018291449790727749,0.0018533786063639924,0.1214613776934605,0.009892256863083952,0.03160334127515972,0.003897772468338118,0.004354919085889068,0.002066567824610353
spot_0555,0.023513008954966504,0.01929121146047147,0.24358390008041428,0.03830527421779574,0.3879308216510755,0.003320944240717937,0.006848344932129078,0.0027635047262305782,0.0014819856144706715,0.001223574224225965,0.23254888394236248,0.010258062130237045,0.01697835476905308,0.0027018886283769325,0.007668027214614971,0.001582213212857791
spot_0556,0.35680428069737286,0.09621689338396314,0.08423964284703188,0.05439342119727409,0.03296873529274934,0.001848612780563538,0.004649521896638168,0.0023444448563569613,0.04743644143979461,0.021523740795237924,0.11138733393906852,0.046370735818765475,0.008614270031302414,0.0017216727924052192,0.003518847947614832,0.12596140428386104
spot_0557,0.1042684142416227,0.11239191383687831,0.22101715334257657,0.20299043700163835,0.007561313225358996,0.027535245316664857,0.01618602890855848,0.0406757695760229,0.0019472639411213506,0.00125614540848249,0.017916762265036173,0.002899241130810493,0.1489079660273748,0.08239904415820504,0.010554379005127186,0.0014929226145213076
spot_0558,0.010583774126692848,0.023900337021183653,0.10328086513825865,0.01989986082496548,0.027467109104555396,0.0160628468471687,0.06957434895705988,0.06967104559014038,0.2374759677366715,0.03076185527381283,0.01691064468588957,0.25944851244308287,0.017036120737368304,0.033048812618036584,0.010781719849016515,0.05409617904609684
spot_0559,0.17696279230630682,0.12362581578407328,0.12430802142433824,0.25385745919619207,0.003932736076783014,0.04001439536279161,0.01042344886404664,0.03117946544326983,0.0008204010019008437,0.0009249828358911683,0.11731667996639508,0.02208953961682254,0.007469551936068664,0.07866863710698455,0.0076248354329854695,0.000781237645150168
spot_0560,0.0007101938745204816,0.0032041728940319014,0.003816101571447344,0.0044553257958137886,0.0007355901412775382,0.506208452214463,0.07896674398764479,0.14056753439329225,0.0008525312561183891,0.0009459981169673234,0.004641181026849506,0.0005997996748602933,0.005200600861625617,0.2017289747471004,0.04641937525011846,0.0009474241938689233
spot_0561,0.6258334839423406,0.01834668432339555,0.2804012629997185,0.0040740184874157055,0.011879307676954231,0.002158228591314363,0.0031498741715869916,0.0023076627150567172,0.0020641979651356774,0.0025722534762877536,0.003162488998602245,0.03235139778712734,0.005232748809688393,0.002444592625205458,0.0020925063594018157,0.0019292910707686397
spot_0562,0.22379272851523987,0.017047507089165023,0.3770438456133158,0.03279133889229141,0.006359457309753773,0.004557768749679502,0.0828521152643389,0.010138179180514734,0.0010758749738174517,0.0011093770077227143,0.08920779240695519,0.019028736826155843,0.02268128591840566,0.00711999415857086,0.10420471433920304,0.000989283754870239
spot_0563,0.014210486343539979,0.20862058994325433,0.33814774096649786,0.17370238918324693,0.14230345766951902,0.0012681507792568886,0.004453051417533386,0.001792421227968703,0.004895102690537009,0.04040083128242087,0.04162857609797646,0.011073057621122796,0.005141678236047636,0.0014075277827713417,0.003222533034533256,0.0077324057237735345
spot_0564,0.47379739956028044,0.09518217733337311,0.037173045012605856,0.1408151738188773,0.024609620691111833,0.0014378694019988945,0.003529884687586239,0.001701163862100101,0.001879667665562425,0.0023041654824489857,0.17600828827885648,0.026182335945604877,0.009288295866195848,0.0015337943794481203,0.002655722352475034,0.0019013956614744852
spot_0565,0.46283517563178334,0.2598202953827752,0.029682336680639704,0.022459415052622656,0.03476373233455889,0.0015406522142621607,0.002994732540765152,0.00179844681368849,0.0023263817676679598,0.0023423146602744994,0.010797652505609117,0.01524638673585208,0.14727893690811922,0.001662665293616939,0.0022589078483222116,0.002191967629442433
spot_0566,0.28557000405665905,0.15406059350027224,0.1506196106003184,0.010795734907442336,0.009605781839538606,0.002680390738655187,0.005005833108625022,0.002462458211850853,0.006461520766759019,0.16084018013616258,0.08024827396283932,0.015907184874143002,0.010088271233763184,0.0030312135986078287,0.0964501873331251,0.006172761131238287
spot_0567,0.28045664132052534,0.1649257195453247,0.2457458702536234,0.01557334008801838,0.24414117514451206,0.0021191102198991445,0.005417523847408575,0.0023939857331536874,0.0015122022468193213,0.0019260974797660217,0.007806824259215062,0.007230691375752042,0.010024050552511763,0.0023889249103496678,0.0055577625070291955,0.002780080516091667
spot_0568,0.0005097923645090339,0.553606581912361,0.28443925295610334,0.0884660175650057,0.0004965743306157117,0.0014122172944258079,0.007408927930536339,0.002599234497673307,0.000601756678049179,0.0006000100557910779,0.04837623606731642,0.0005314699102894526,0.006652476780205943,0.0016558742573023867,0.0021434619598674634,0.0005001154399477873
spot_0569,0.2707431891143964,0.046109979892632005,0.23875309530315597,0.04786965267514818,0.007927919192333583,0.005337061825567298,0.006241318731432902,0.004675781423418654,0.014218770308430696,0.14640461718364586,0.09618456429931999,0.030805649594242618,0.027192064426161795,0.005768367806799932,0.006999198806267577,0.04476876941704654
spot_0570,0.5175515550740644,0.02181202042801605,0.15970559905912834,0.04776095693682853,0.06855233296796956,0.0041378546029910085,0.016182010898122528,0.0037198898925718165,0.001109428920110957,0.0012074418134225004,0.07764487061848402,0.012487278146914577,0.023207139927078877,0.0035950440024604484,0.03941478736801731,0.0019117893438191514
spot_0571,0.230774620342031,0.007470501532209435,0.009983070400002932,0.012485390987148643,0.019248642770741623,0.011463266918708004,0.21020431662692918,0.04606865555399866,0.2386817190779676,0.019240891314573003,0.009131607513365659,0.05648651040396492,0.007354691117910946,0.026455738737301674,0.04576713171161588,0.04918324499153085
spot_0572,0.35452031678197204,0.013774847727544708,0.547637082364225,0.0072610444139227705,0.018198681351701537,0.0021880848813629053,0.005573298132229564,0.002598863020582684,0.0014405333310785703,0.0015725706539770736,0.015732123164178023,0.010733977142030346,0.006550992819647739,0.0021836768864461208,0.008749935553454305,0.001283971775646552
spot_0573,0.2804670139715374,0.18239498603354967,0.05241293762085303,0.03539691386310176,0.0073849801224283,0.0030873546752689133,0.01730867551027312,0.0026490974883221934,0.016807474771302674,0.2778425633895334,0.008340207075387341,0.006006311829420051,0.01595556945355272,0.002556983370376596,0.003948731556312106,0.08744019926878076
spot_0574,0.23832490159409847,0.28712138534707404,0.02050024494015436,0.014801455132254586,0.07730666590378509,0.24383596408255737,0.011303080705300082,0.008720567165084393,0.004140947179724795,0.0033021099315111283,0.012591674122577065,0.029336013693465793,0.015475089159650167,0.011598660335185055,0.019057920143113277,0.0025833205644643356
spot_0575,0.38441446469968016,0.05047623871096907,0.18487652397180787,0.010500619965421577,0.02169096607185678,0.002686389510668491,0.09424767287658627,0.002862437730690394,0.07610541832690702,0.08805992068982513,0.0038224868334321748,0.031357769970399206,0.011433059438060625,0.0024243391260984,0.004029492277550532,0.031012199800046273
spot_0576,0.6879168441485395,0.002346151407802524,0.002430060442116296,0.0024624407352568096,0.15919944565918728,0.0029022321538493432,0.0025506563760556763,0.002795506098054697,0.003024151225693727,0.002888858627190636,0.002502786188089277,0.11871523998257506,0.002519177438571478,0.0027230832896083987,0.002303763223924748,0.002719603003484548
spot_0577,0.0070000408829760784,0.1200753081376857,0.17632362844746008,0.09170065998784357,0.24333416925958323,0.16906214863456256,0.020373834594150972,0.017088832705612334,0.0027931584053583853,0.002063627949677711,0.03862087984539434,0.03958149750693637,0.03252822792503237,0.019685822080404564,0.01730141191326203,0.002466751724059677
spot_0578,0.21487305560820655,0.11463240134801533,0.5083842328500148,0.0338085054427139,0.019288644868671455,0.003978684873040807,0.006160261947104467,0.004046859049969178,0.00203095526243296,0.002272272159466416,0.05215411507438844,0.012821127580471976,0.014468014946169597,0.0037114010147177422,0.0053184657616652635,0.0020510022129511265
spot_0579,0.018813457490283656,0.20160447595949268,0.010825128813323337,0.18116452191566676,0.20232530823506947,0.009052064577370773,0.013093866016772645,0.10087786723923226,0.08861633381082391,0.02142429971613342,0.024252549809902938,0.023395965283171963,0.016090536536522444,0.050746647078058385,0.00800572178064349,0.02971125573753187
spot_0580,0.0009893979902142027,0.19304531038006326,0.2490108745235638,0.056737214405556874,0.001800759902845721,0.014924728668268113,0.02589548028207159,0.012654986011892452,0.07457812904418731,0.04605665131593119,0.04013660699525074,0.0006480327077161517,0.2481296240977222,0.006844311260593247,0.0053839094247198965,0.02316398298940325
spot_0581,0.015703217431874316,0.06791875313406553,0.3947157030906876,0.24656088214983682,0.1056215944399474,0.0028637074895489813,0.02888470305294731,0.003889388932302264,0.005736827939538926,0.002447706786616714,0.013202071191631904,0.02506299799667249,0.07645073272827116,0.0033982220548898962,0.0051980208777839855,0.0023454707033847347
spot_0582,0.4290334070156763,0.002876592374206048,0.0024690161072709383,0.00946063596685082,0.010770624801052493,0.00536964082049061,0.09180619757407972,0.10679766356749129,0.002455179300732057,0.002050867859042244,0.029723337628408418,0.011563155500941029,0.0046355300207977295,0.01521563332417924,0.2720435840316512,0.0037289341071298316
spot_0583,0.30592275723195694,0.0085097185598906,0.3040290228492852,0.012226354711481053,0.02483327943629222,0.0031570761765867235,0.01964103844320896,0.0049341507422369785,0.09581208734682617,0.005296011406430928,0.030898591057328187,0.1475867996945178,0.004632517105509522,0.00468530674583779,0.009174435093659788,0.018660853398951148
spot_0584,0.22104691987593814,0.16481279834124785,0.09669534189838384,0.16010570397690702,0.007019357641649852,0.005436473263644525,0.11111063890866268,0.043129095496748586,0.0013433619867743475,0.001299207522482162,0.05063914270697447,0.010494862356502445,0.05756474717775339,0.01552537722234331,0.052330169739273485,0.0014468018847138815
spot_0585,0.4501213468379474,0.4123647673112383,0.06615037065309269,0.008330900235880795,0.010899574306536182,0.002904442829085363,0.004567271750933087,0.0023647742763746203,0.0022147497376653565,0.0022437702328776633,0.005347795608665814,0.017068366702252813,0.007539620704843929,0.0020813718254161,0.002857619959449767,0.0029432570277401543
spot_0586,0.1743547151408917,0.020313632808654787,0.1202610171927144,0.019314739733566903,0.008424717448021032,0.07128978781653583,0.013196815409050048,0.03254345682634243,0.06609966068392942,0.14181751923704317,0.19674686955163806,0.01771507879391971,0.016429091974232007,0.00950700543982265,0.05547186210321379,0.03651402984042407
spot_0587,0.20357042471234843,0.2752452915294528,0.1175584713295363,0.10206925597657322,0.0337596823816241,0.001562660001728123,0.003214001958819335,0.0019180664889024597,0.0019889643636923186,0.002277858997254236,0.042827165837877226,0.19820116912693944,0.00956750399927002,0.0018763161117310331,0.0024669983824395897,0.0018961688018113334
spot_0588,0.36619527606759317,0.0014521714138189196,0.0012890785937908337,0.0014527809250255055,0.02994674133282851,0.001340047406348059,0.001396893345241747,0.0013436047353901329,0.19032965803129478,0.04471328563015057,0.0012588587452230652,0.3407098021422712,0.0016634891849299411,0.001193978458318232,0.0009921451295783182,0.014722188858197061
spot_0589,0.16039550431656757,0.22866554453762436,0.04424394315182685,0.05106844516136255,0.00621625771707951,0.016773667872814826,0.102576188190234,0.11527809196908015,0.09365412571231067,0.014312576412670312,0.0244625335491316,0.044956199972821034,0.018241200340285417,0.02166366358569524,0.022469724097758152,0.03502233341273775
spot_0590,0.21209714115626382,0.213742697086123,0.3281201153315421,0.006891552232713275,0.1963746405439187,0.0013059043874231978,0.0027487858818082286,0.0014772616696725539,0.0007710728599997111,0.000985455613445116,0.010902775833716363,0.013947394935182848,0.00548843367589198,0.0014064565456235686,0.0029732147383431094,0.0007670975083323907
spot_0591,0.2990270271870446,0.4450889747417466,0.22259121024603715,0.004808460798975427,0.005998874279329176,0.001419204634230045,0.0018201710134874175,0.0011328520188585464,0.00083428295856854,0.000986843118311242,0.0030813425125546527,0.0037237523584637473,0.005297076763196968,0.0012728136745898927,0.002101587307303663,0.0008155263873023731
spot_0592,0.41215627941443794,0.16050337005690044,0.029972009621468048,0.12662269117451927,0.018942402833382978,0.013120599120819075,0.012700686943587875,0.07860677565100126,0.0011002177821257996,0.0011634741540644214,0.09957775359048468,0.009306294582361525,0.018778596702555838,0.009638752197281572,0.006748436318819129,0.0010616598561901593
spot_0593,0.1185467815019842,0.2985677408939015,0.36149942291386683,0.008258553519861503,0.053077213101366566,0.024993405820984395,0.041736453773749044,0.037903943822938414,0.0010534369191547881,0.001107525013387989,0.007039756820435024,0.008043966099273978,0.014716045941820027,0.019112083662950415,0.0034453044994856817,0.0008983656948396903
spot_0594,0.23637197697117138,0.3586670770692859,0.12405358429151271,0.05400447955947533,0.0074463552284574205,0.0032371183682485686,0.0046807810794558735,0.002710608346099773,0.09137566664769829,0.014583967877446867,0.059472187858483454,0.020069945002304964,0.007678902398087879,0.003267103652080345,0.003739067205549033,0.008641178444642187
spot_0595,0.3936462732320645,0.015069945245431956,0.3503414132698377,0.004604463187746574,0.026669923985522745,0.008828763464134927,0.00769923298779116,0.012583121988045013,0.0012822641755774265,0.001555160795269258,0.00619601638007407,0.07238058347552524,0.007115452374695427,0.006637945462695789,0.08406468589305353,0.0013247540825346623
spot_0596,0.44628578180154865,0.05652210241782272,0.02345132642045475,0.061658623925855055,0.1892214093290567,0.0030214475661782454,0.00506237156005311,0.0049153092808989236,0.0016634246799805336,0.0016023994984437498,0.09481588090922045,0.07013179986815754,0.014494494969935443,0.003449130314400882,0.022070931395195593,0.0016335660627976314
spot_0597,0.550076449591949,0.13100214719191133,0.09495463723022805,0.06105287301956994,0.027947047512611328,0.002085677576420746,0.005863832069229083,0.004314282930425029,0.0023645927259857563,0.0014875542538317706,0.02722499159724116,0.030840746214835266,0.047920382562745494,0.002968316791784044,0.007628257061685058,0.0022682116695468837
spot_0598,0.14873734482367143,0.06600454765612537,0.3119743443692876,0.010652052105602158,0.012882626603677274,0.1343923101458503,0.04527239459957879,0.04081646008117282,0.0007262879163547717,0.0007511945582031497,0.014342257749640515,0.019808750797730684,0.014409782354912084,0.023138970712453123,0.15536392790077108,0.0007267476249688402
spot_0599,0.09224407631838887,0.12033210441400802,0.33398107231204,0.0569498210553928,0.006023354897281248,0.01870613400385919,0.036158127869754676,0.03478819076116348,0.1398182281900599,0.007661247423296063,0.03848002443134708,0.02627612837964989,0.008739486513883319,0.025111243846172693,0.021724104277509565,0.03300665530619321
spot_0600,0.0002873805963275982,0.5431621597583415,0.269217029341346,0.009558236852654079,0.0002913506282732343,0.0037781241444015366,0.012472816353102207,0.0765125149941903,0.0006427083738092353,0.0006827304155479822,0.005414919952149849,0.00027892218384680933,0.015484295609795673,0.0559300659566155,0.005711116743986444,0.0005756280956121049
spot_0601,0.038069901540408436,0.0842968985368939,0.008242232457392813,0.2685245861413068,0.19736961799689112,0.0029039074276060754,0.02015994981191079,0.004117560174289822,0.03515615153213229,0.06440178824578914,0.054701535892925424,0.1739068321040046,0.024456742646046744,0.0028880036575268616,0.009401307286689803,0.011402984548185367
spot_0602,0.2748186381994981,0.05112251968801625,0.12612154854237503,0.007777182719781344,0.016005364092933,0.001731637645544421,0.003152700995006614,0.0017722306373386537,0.052065791977321696,0.1951861288238274,0.005132831296306603,0.1651118317150295,0.013063142038693954,0.0017180832325805464,0.002405681073231877,0.08281468732251504
spot_0603,0.0007904429746222752,0.03684155692516453,0.6180640644422474,0.0067578635725442865,0.0006402244962440083,0.2916444759113225,0.0066896682701474,0.006034835255350079,0.0007630476769668492,0.0008502231097424301,0.006001024917318365,0.0007815202122228446,0.005562218144140438,0.008919685615687805,0.008923040246357579,0.0007361082299212362
spot_0604,0.9246876024608651,0.0017852568500125506,0.0017210927699148268,0.0017163059701345608,0.03966375853105165,0.0016145971173039788,0.0015896078116728236,0.0015573569225471897,0.002443320727823527,0.002872475697616101,0.0016146718831028036,0.01106312673245262,0.001946269111689503,0.001547234742352696,0.001466636048593426,0.0027106866228666696
spot_0605,0.38877114965432974,0.009637362760834442,0.007951805272332914,0.016288316934541563,0.017036007412951817,0.29332840541008076,0.011739548078230282,0.020177516187070598,0.002032129417862829,0.0021094055813169867,0.05691757193635585,0.07837991496111725,0.020649995451440608,0.059302225489688984,0.01301598966429111,0.002662655787554214
spot_0606,0.0008522634902729874,0.07616121365918185,0.19262589072309624,0.2876679163410085,0.0008028280754143403,0.0039379470764975884,0.08534303243788902,0.008096233407898482,0.0008484968716092201,0.0008799622369616869,0.2003907491711572,0.0007438233368688652,0.008252306270733232,0.005725340514251997,0.12688601667944097,0.0007859797077178066
spot_0607,0.0201012174292433,0.11337177939562698,0.630631489838899,0.03912842748985398,0.06767014377453276,0.002156086000003957,0.004947828643286508,0.0034362987097164097,0.03838572740716747,0.003703722568904742,0.026066673853857605,0.026731077877479758,0.00978294123128214,0.0036054778959922844,0.0026556989017767815,0.007625408982376289
spot_0608,0.16079718940392232,0.7100583481086695,0.047361964975075777,0.006351394421999937,0.03319651363883691,0.002109301616911299,0.0024507599167558954,0.0018883281249624019,0.0026089855949619797,0.005008849534395013,0.004143722663131807,0.010406879144648296,0.007036164294544031,0.0018098740444975837,0.0021367363156784428,0.0026349882010087444
spot_0609,0.3393251385555154,0.0036741422782205673,0.0033270386692684875,0.0038124943446268275,0.022128236070348126,0.0028743186770087796,0.003163707108142983,0.0027152585560438593,0.2306582069658039,0.1776991085835999,0.004366077001991782,0.12885837145328907,0.0046624318429841285,0.0028903522998751313,0.002956983641218526,0.0668881339520625
spot_0610,0.40485705086518897,0.012706657843773828,0.012232250944401727,0.08340689859636595,0.2097231338389184,0.0032690624460183014,0.05464741598380785,0.0036092616144405413,0.004280848063349789,0.003185656189578848,0.11208680277140756,0.04447877304186606,0.02903207331987821,0.0034233354358702605,0.014214095460156879,0.004846683584976796
spot_0611,0.6314830746664823,0.019991878195886045,0.12407632633265142,0.00504538944715702,0.024021261194601795,0.0023020529348794635,0.002845997756321227,0.0019166574272028152,0.0030418961879976766,0.0033725590221132347,0.0040420767587478704,0.16344463627096278,0.007256785571401761,0.0019658591916408607,0.0023786831942231427,0.002814865847730544
spot_0612,0.13540441093146766,0.17704101281964502,0.2278440363529716,0.14231132955575762,0.13310865873585187,0.056737927249328676,0.00748645835084915,0.004465796645374592,0.0016821624388719605,0.001178550775474508,0.07856525017438086,0.005714016172015421,0.014746067027415113,0.005881788605768505,0.005728384202267595,0.0021041499625598765
spot_0613,0.17852986481737088,0.23111628280160712,0.4337141913457596,0.012547538459979565,0.00799516151649406,0.002791228251712871,0.0032467444253745895,0.0020009039609420022,0.04833233307025683,0.01313528697787481,0.011483648650459144,0.02207597474962637,0.005816109007126415,0.0020028570316687104,0.002870838409254327,0.0223410365244927
spot_0614,0.16010697734740856,0.05931870438662506,0.6283852725032439,0.010564141169380675,0.046297826584302024,0.0028922810564865923,0.005262125498344243,0.0030201439600919646,0.0026200980029858455,0.0024367944748884818,0.005695009080359641,0.04796085058762924,0.017208433283928366,0.002826455243643155,0.002852210061749935,0.0025526767589322537
spot_0615,0.011773371592090949,0.1524556625298148,0.70468827833134,0.006816548192445893,0.08287878402083954,0.0016088102030464625,0.0026465661213056287,0.0015909309791159042,0.0033573057318789824,0.0036713694668446223,0.004782755941585931,0.008405131676800626,0.009444766645992291,0.00151231729127974,0.0019049326479896366,0.002462468627629024
spot_0616,0.001703786450700685,0.42516569850866315,0.13767380233157134,0.35332677816654223,0.0012852785372409687,0.001079371048783758,0.002717125809494079,0.0014354262430052785,0.0014270456056122457,0.001069706102591407,0.03793396930370266,0.0011294280390502114,0.029411833967492185,0.0012005951897860218,0.002041510571754167,0.00139864412400964
spot_0617,0.13938356383697584,0.19711108818302409,0.19820618147519492,0.282499711797896,0.009525479155543404,0.003384976217457965,0.00955659795642274,0.004734379068392988,0.000968963865052055,0.0010438972231525262,0.0954692190945251,0.019189499196209627,0.02454012436607735,0.003332635954348664,0.01005636130879149,0.0009973213009352264
spot_0618,0.25989497247068816,0.019572980068758274,0.19325025698957182,0.008002752388748424,0.21763852456877386,0.017762970001357688,0.16474283826044045,0.046908205120897044,0.0006190273627075266,0.0006254522149483147,0.0036311534337535077,0.003207837709573257,0.007601417952838082,0.050848331176919274,0.0051511812030647225,0.0005420990769595796
spot_0619,0.0026767120174628622,0.008115512703352857,0.007512680493577659,0.011438563229844512,0.0027840618319581604,0.026792871758762892,0.019891132732030352,0.6797538114268883,0.004348507886490697,0.004452576108317614,0.011471767752515023,0.002615228997717869,0.011230818845599714,0.19091401360193008,0.012106708658131947,0.0038950319554194885
spot_0620,0.07918276069854374,0.08276649845180035,0.017227764207663865,0.03688715280402156,0.015916864631892097,0.27958242894028246,0.11732799489418862,0.018716051371437753,0.12810546413362803,0.010386778267934783,0.0182108638593276,0.03256484150486259,0.008573466533142544,0.11361611070575012,0.034721189119727325,0.006213769875796575
spot_0621,0.0007551065187653017,0.5676353836329366,0.40135882550847324,0.007262044434982938,0.0007310718398031296,0.0013304413616316746,0.0022941479117683473,0.0013829042741706386,0.0007126375066783542,0.0008275217783694435,0.00450745623289663,0.0006517016558148025,0.006837497641359666,0.0012692557464108155,0.0017520302921276096,0.0006919736638108227
spot_0622,0.49810807899192877,0.019286504415282502,0.33396089339854457,0.008407132699110382,0.029264608804891765,0.004769120842570824,0.016234582659096452,0.007457323066326624,0.0018614579810333235,0.002230708813784488,0.006461070040144247,0.040112522132470026,0.0105766585285323,0.0051777622999087365,0.014192354108107786,0.0018992212182672168
spot_0623,0.07055970409260348,0.019281577806963213,0.013471072203948387,0.08225417020193805,0.08193621428093152,0.004086269489369577,0.3174247463787035,0.03706824327571723,0.20157687311012085,0.012787288919054755,0.013108979043417663,0.03883375850242761,0.0354539353493984,0.009778512954520917,0.00936486269148098,0.05301379169940386
spot_0624,0.004041848754887195,0.013535828503010284,0.016636086665841994,0.4936338640379388,0.0031748555879878393,0.005705158662413701,0.021907972875170233,0.009708349265511007,0.0028531326339588338,0.003367491422134611,0.373332679838405,0.002928722584095671,0.016402516199399492,0.00813061709457502,0.021072278078466174,0.0035685977962041284
spot_0625,0.005347805358013122,0.019924129719967053,0.21615525230580548,0.006946658090249665,0.003551772789997589,0.002352733155500963,0.004279565618755482,0.0035781880017406696,0.5539431366935238,0.03501411102469528,0.004097397570680398,0.004996647136327338,0.00994774003931229,0.003028029753224292,0.003609911127297969,0.12322692161490861
spot_0626,0.7046663998197356,0.22191467607129042,0.02842933496807473,0.003952916374573426,0.009466686491655748,0.001254610660390753,0.002264110543070641,0.001098465923092759,0.001120483767428102,0.0012952171950910334,0.0024111883820398436,0.008768111693302537,0.00989329476867804,0.0011546567119216915,0.0011893387941612687,0.0011205078354935007
spot_0627,0.1870212261459636,0.27483473427738736,0.06145573887679008,0.01723656927384213,0.004059707938609349,0.0174693575169518,0.0674430251878681,0.20506486650515376,0.0019152462254148428,0.0020608791650506466,0.028496793531396808,0.004792065520978445,0.009977919166731603,0.03175924393818378,0.08487195121930795,0.0015406755103697667
spot_0628,0.18298894720176823,0.23150194195312954,0.022298878437364573,0.06491274968881613,0.01138090934024999,0.005008439023379489,0.007867998508997418,0.004831484116297567,0.0011592092958176683,0.0009027177566881516,0.2918935863696741,0.007461109315390391,0.025865031970065167,0.005833849880642392,0.13506198376162412,0.001031163380095102
spot_0629,0.5044529972561576,0.02184659292701289,0.07642161583841064,0.047416165390703875,0.0075837647510248185,0.009707756290889115,0.11078818473862402,0.12657052760232076,0.001279693079690849,0.0011121185325499493,0.008390692144644505,0.004521328738872493,0.01014594204583237,0.04805325893184193,0.020704939902564768,0.0010044218288594224
spot_0630,0.14518218691147067,0.002763589701390542,0.0029802734779546883,0.0027131017659649107,0.29936984439723757,0.028103860796815306,0.005015974995418334,0.28545779255993575,0.0023182110363873473,0.0018399493225305773,0.0025491561019083085,0.08169511642402913,0.003464058442049906,0.12929279555765946,0.005294879607093296,0.0019592089021542238
spot_0631,0.29428457639625477,0.02111679588154223,0.0630882019887187,0.12765496085844408,0.022871476018967024,0.004248234827969874,0.026188846172130485,0.0048963374346439395,0.03624251687948902,0.20090219936037856,0.09377507641308767,0.037135482602768256,0.012980023030550946,0.004101553992029053,0.010962894175930691,0.039550823967094674
spot_0632,0.5721245646113674,0.004052251197606102,0.003917031995043429,0.007894117615340104,0.04202411740206004,0.01708234695313534,0.048382270677827646,0.15201525833536303,0.0020510048632670147,0.00317329267980918,0.008249973965869701,0.08636851974629205,0.005931670771064259,0.03832973348994413,0.006151892672847488,0.0022519530231631304
spot_0633,0.16400722100621692,0.10700377067837735,0.29570327868623075,0.011213835330586553,0.15394963228965933,0.019728122443803914,0.00829594323544175,0.1467965719483584,0.0011805849699712664,0.001260380133313587,0.010831808108828538,0.015873646888512026,0.009236304622620387,0.0454233622778373,0.008421521698299293,0.001074015681942604
spot_0634,0.017725669652670646,0.2720893390190369,0.0749860585877446,0.04741690783534515,0.14802194253990303,0.018687752796804912,0.10176632254207545,0.04882478635475487,0.0009720002062118298,0.000860411535902404,0.14503058079098538,0.018195683844213814,0.017766264600272023,0.04667883727033434,0.040121333265246924,0.0008561091584976849
spot_0635,0.0009310937586643924,0.3164670507475807,0.03563502578783096,0.3717234759292551,0.0009170437480719687,0.0029044042159323026,0.016012499723915028,0.0040400324497049155,0.0015891711618293857,0.0018108323453092919,0.19929775495605045,0.0008567246490673792,0.03771604439171769,0.003427111831813433,0.004102147131877845,0.0025695871713791625
spot_0636,0.3505432611016753,0.12233344194871504,0.013387965255408384,0.06223831882453432,0.10874713252459088,0.001776434715521945,0.0031734819429028904,0.0016229050956516565,0.202240538364128,0.057725323653985826,0.022654850968642944,0.02646437994672798,0.007558882742071979,0.001508385718998635,0.0038126589132575694,0.014212038283186686
spot_0637,0.25871716947066964,0.3073669853540359,0.23330466821098525,0.057202308358922906,0.015499573796749749,0.002115330548433751,0.004334004160698489,0.0033086250544933716,0.0010819833316712726,0.0007799377513610331,0.09043670610254397,0.0037391244298869077,0.007123621156265619,0.002856405864651098,0.011245366179009363,0.0008881902296216877
spot_0638,0.00535753883558137,0.2256784018423485,0.035192093866322584,0.13281357175497235,0.0046954660581840875,0.006944762598687229,0.011068147016403839,0.012629540128024374,0.21342124978210467,0.07648402693042078,0.11072436455009675,0.00547556661744988,0.04760556447082041,0.007939275550608771,0.013545472082896711,0.09042495791507772
spot_0639,0.17160198059170478,0.11319966742727576,0.288580113390163,0.09669124639897261,0.005532900439047153,0.11826741410056758,0.012059353189092186,0.014492667354085461,0.001482297381553202,0.0020130544217497,0.11507348109534435,0.0026787372248348396,0.007069201242440629,0.017943412046001528,0.03185147493080843,0.0014629987663587727
spot_0640,0.38554245494167483,0.012003956229002103,0.2123872445817194,0.1594353958553028,0.012714785227568172,0.002284857980358088,0.02943439962474577,0.003759182787596319,0.0021248266868868124,0.0019261358274883927,0.06892360807003292,0.0038141865724463536,0.08834429677731993,0.002745603786303262,0.012643377505284588,0.001915687546270251
spot_0641,0.6960749964082932,0.004980772903250116,0.006158343693453638,0.008798364443926603,0.007059637677689221,0.07454899536858309,0.07834211025867885,0.010602951654172799,0.0014207667918901383,0.0015682502440560336,0.007128774117107911,0.046374285407458714,0.004239293755806615,0.010454137504636182,0.04073767939159377,0.0015106403794031985
spot_0642,0.055138772806604855,0.31342975177294863,0.2351102173890458,0.15746497816145272,0.09319148739982691,0.002900624806631489,0.006760902248230834,0.00505201538045283,0.002198450021378482,0.0031201163839775074,0.029544375866822483,0.07061611835295756,0.012037127940177179,0.005203210182660582,0.005227063554538571,0.0030047877322935917
spot_0643,0.3405609035749313,0.10939866281688013,0.0821599789960392,0.05651189749933236,0.06620113240676097,0.07041116204615731,0.03482964556542874,0.005465965664038391,0.04037382736856422,0.09327213219458302,0.01118682159944495,0.01243132455510249,0.007723868694061897,0.008136407590032417,0.02738985725433494,0.033946412174307695
spot_0644,0.18097307192616988,0.25228160143058415,0.20005150389292553,0.18344020323431415,0.008271649083940603,0.0026176366070388393,0.09789128633106542,0.010928700972416086,0.0006662859422373609,0.0006600179814300203,0.006709457093425713,0.0020073827710434056,0.039219810373908766,0.005928139514773885,0.00771253151903529,0.0006407213256908801
spot_0645,0.10996661551524291,0.40365762214778483,0.02313543483449293,0.14817385890950943,0.008487002634254878,0.0030432572227623795,0.007088670419304763,0.0026395294916644065,0.07744311308913006,0.03625652315644537,0.012938735711341263,0.02712748591120337,0.06264993801625812,0.002641414345402999,0.0037803265066115995,0.07097047208859068
spot_0646,0.24674656081920213,0.16354110603553998,0.100693737046934,0.10314468189831819,0.015291701576474729,0.006804763660229045,0.049942932560773284,0.1161701943501622,0.0014487987660606113,0.0011468674205856772,0.12267299040138392,0.004331516501459714,0.021397871390597446,0.030572821407205984,0.014897050331238785,0.0011964058338343202
spot_0647,0.03742627817835994,0.4338128886551856,0.15555894405580387,0.017777793410173753,0.03453362133528459,0.08854888626650471,0.009986380456000643,0.023205452218688784,0.0095955120552262,0.03780627201061286,0.016532216039329115,0.040416149927477024,0.03491733935599044,0.02796107103030919,0.021195999328228663,0.010725195676824626
spot_0648,0.5795230071159778,0.03348008580576703,0.04484756530372706,0.05348433386776787,0.1360066881062339,0.0016717889617102696,0.0077516066002811124,0.003915016305953393,0.0035102883950782243,0.003787993125039132,0.005283249737506176,0.013268406231020673,0.10293167797486154,0.003082728026036002,0.005457553992456234,0.001998010450583602
spot_0649,0.35938950627805105,0.0015081738232197346,0.0013864333308550776,0.001796714360914068,0.1996413444620259,0.10813997446224462,0.0030151755023297955,0.030654118847458885,0.042556852887590084,0.14277700530637838,0.0017413696892572025,0.051218389492496935,0.002956163793183579,0.04142090950250728,0.002375063194872749,0.009422805066614711
spot_0650,0.6193255636115882,0.23224719181729803,0.03993867508381944,0.0060964705269304295,0.034503099134183576,0.0029114261948217225,0.003122357592597371,0.0028642422346784263,0.0035919267194783515,0.002384884827522552,0.005236422896076518,0.03188434197029497,0.00550075534997141,0.002850326068530029,0.003689553829496205,0.0038527621427127436
spot_0651,0.0006206592338273848,0.07200627559169596,0.33930031314667025,0.15508486518574596,0.0005526229669498393,0.1177644224550944,0.062017612054189805,0.09698325049343216,0.0006519515534593465,0.0007267843445475775,0.03530157671062971,0.0007985223487805447,0.006944190680622177,0.051240374845130006,0.0592645242272062,0.0007420541620186833
spot_0652,0.0007890453491483919,0.17927568832329963,0.13240341591250335,0.3668667056065009,0.0007845952480290172,0.0013354490832209044,0.00380800771202773,0.0017302209996623874,0.004635485922452333,0.05403097275560749,0.04800862031882676,0.0007256200583418802,0.1639177037716025,0.0016795588846718844,0.003482477001337674,0.03652643305276714
spot_0653,0.13948211490840293,0.07445624857892635,0.229720307146883,0.01684530644617596,0.015051417751042802,0.15337102031736857,0.013083875559020382,0.010206107592485003,0.0018081834842593684,0.0032712029948342297,0.018745944030173323,0.18241461308040996,0.022716995834220953,0.04690695660858549,0.07028142848496502,0.0016382771822466768
spot_0654,0.5409381635879161,0.011533626597815132,0.11258815216563603,0.007490299105786109,0.06284990421957454,0.1679766652031718,0.009760976967164771,0.009432750338792725,0.001235807189328363,0.0025465258645174255,0.008633998774993367,0.03277516994236989,0.005967210207296589,0.009520474107987202,0.015435768516647035,0.0013145072110029073
spot_0655,0.000867200187637333,0.04252610515916052,0.7155241839775578,0.026701825528179388,0.000861281265331046,0.0008586171026864031,0.0022465598669163633,0.001239540960266537,0.0989198125582177,0.013397196968099323,0.026536852434714753,0.0008283117554251314,0.028597200764237884,0.0011842172869766594,0.0020636797821491637,0.037647414402443964
spot_0656,0.09655592124869213,0.39092726927289884,0.11209129136028737,0.023804854201571506,0.025615386786356872,0.05156207503024583,0.018931048100632487,0.13464681143055107,0.0012776102982446145,0.0013280603018171679,0.0185000521471116,0.01189545154999807,0.012291013864859745,0.09030252453293305,0.00903734326626719,0.0012332866075324587
spot_0657,0.046300022107374,0.23204185442242223,0.36186261785093854,0.05136335691921978,0.012240479348540194,0.0796271492769326,0.01187006831999824,0.010271645648750067,0.0009671208593984557,0.001164186675859032,0.09046542902645026,0.011817749169592358,0.01745516004136595,0.016574046166564146,0.05504451113027282,0.0009346030363213548
spot_0658,0.20677222789242145,0.16536562396512788,0.208591156815765,0.007697048128726099,0.022410867891683582,0.32157147426591165,0.008047095232097482,0.006757048275230782,0.0020005837509502297,0.0020270859430953575,0.007506410593977933,0.003901867354905592,0.006819945216161061,0.010348824097729907,0.018266176052239184,0.0019165645239767972
spot_0659,0.29018602983770514,0.07098945353394326,0.18348257125510056,0.18579845427198752,0.021195986540805605,0.0019553279002936397,0.0049373804195216465,0.0030088831243391513,0.0007067664122073612,0.0007307828736330055,0.074046120756045,0.03003275317768765,0.12529858795095966,0.002052431097034684,0.004831131350341135,0.0007473394983949588
spot_0660,0.2606422635462328,0.0008912182342928926,0.0008420698448676996,0.0008541713901595168,0.28609764272228355,0.0007351540580838579,0.00090910324844637,0.0008174131109844446,0.14511896847540098,0.05320699034848281,0.000778981999771258,0.07626397393590868,0.000995068403171898,0.0008188823511740314,0.0008135934014718755,0.1702145049292673
spot_0661,0.26762910868319273,0.3625722509961342,0.1940212452441001,0.020158254073435744,0.003729446312022664,0.0034296209622295894,0.02570403376559853,0.003721050771155392,0.002507470918608391,0.003611066519652116,0.017115381145406186,0.004105365599962838,0.029929218874617494,0.004334590667382735,0.054256876753285506,0.0031750187132157685
spot_0662,0.5056061492495821,0.296338148667337,0.018525581722439136,0.025502206209074254,0.04666862421899561,0.0016443799163981837,0.0032422127289459344,0.0016969964944093046,0.0013574198826078138,0.0014485639153057072,0.007327114081759112,0.07761930703116171,0.007807150789797266,0.0016025997771528856,0.0023906035339954536,0.0012229417810384895
spot_0663,0.002012429630275545,0.20302751608959632,0.08479988260531421,0.22655294575795498,0.0017184054321181838,0.0033272264385310287,0.05822728987644204,0.010443143258998333,0.1945802728608321,0.01033800760244786,0.10355975856785987,0.0022293723777112653,0.034570935651942594,0.005169119000858071,0.01849435559266979,0.04094933925644781
spot_0664,0.08811691071266999,0.031172550183148153,0.2278776260442874,0.11927491202110083,0.10935047427488637,0.06986148306025375,0.042124323769875724,0.02577186081323345,0.008918264642630652,0.07510448512203315,0.06216024746850053,0.0468675200763454,0.020655069158194025,0.048021628668607375,0.01650810275218109,0.008214541232052116
spot_0665,0.43812875554886904,0.2760292866681485,0.05076251552278766,0.1926306153177892,0.007786098527098667,0.0010845823889333206,0.0026760856560574253,0.0012620091734803554,0.0007033685722087038,0.0006460521369146338,0.005162865391794315,0.006001105031732106,0.014024845654187145,0.0010277354653469694,0.0013765094658382128,0.0006975694788137176
spot_0666,0.0803094913744867,0.05236255483973466,0.01806573049471176,0.10213483357989546,0.03642585525996907,0.0027214225643084006,0.005137400255572479,0.002843570343251641,0.11570410129928092,0.12913127632199048,0.32198455218056216,0.04044052664020955,0.01249481297344587,0.0026355885559426417,0.005959279942808788,0.0716490033738294
spot_0667,0.0016799789012578704,0.557401011423013,0.11205566152882727,0.009711061597223678,0.0014104785586019877,0.0022106499375676193,0.0033074495369107334,0.002441106516458838,0.21886859810129425,0.02263339062260775,0.00579297099304001,0.0011298989214458127,0.012508836584401833,0.003078133379427566,0.001920505129183992,0.043850268268737794
spot_0668,0.0009057470439540557,0.40110111729801384,0.22467093013997128,0.16568371650954558,0.0008486794668468388,0.004503312129266286,0.01909759014852297,0.004951959329746946,0.0011191592243325452,0.0012192291255409885,0.1369368057137562,0.0007781742370629693,0.019847342947127845,0.005558554091737069,0.0115432572199674,0.0012344253746072085
spot_0669,0.39811267466957423,0.18150492800208595,0.12978040159885265,0.04040528614219431,0.007257397633887984,0.0013884443196379584,0.003791271967723017,0.0014475179842540992,0.05292090691329312,0.1099129611786544,0.008246836025264322,0.03444458582478441,0.008682828299313017,0.0013488957054628669,0.0017982490672641231,0.018956814667753535
spot_0670,0.3662110505955252,0.002319088251921509,0.0024429468720613403,0.0020903589446045552,0.40562291406656453,0.047300960752891905,0.003452216453935224,0.07899438991778443,0.002174799864980724,0.0020445967841499495,0.0019490609915687677,0.008522496454203436,0.0025339643962124627,0.0696340610594956,0.002646254454715098,0.002060840139385243
spot_0671,0.12708846495180282,0.005108416455573828,0.0046158690058962365,0.019142687540732586,0.007970920436023047,0.004238499542933533,0.010239349473290681,0.006204838827264178,0.009868423215435695,0.2616526980490056,0.4757690795860075,0.018077540933431727,0.009845869098074967,0.006894996585806834,0.006816183647762723,0.026466162650958067
spot_0672,0.0007462705861344003,0.22611993140160144,0.015300564371575925,0.3359031609608906,0.00066539738863618,0.17163029967020008,0.008599389938436796,0.03670633894309885,0.0006450978904632397,0.0006514055138334949,0.130257229262501,0.0006915930022225357,0.02669316396949971,0.03127655772088665,0.013432353698036801,0.000681245681982289
spot_0673,0.15611155964039977,0.18829332408911206,0.08470048841473207,0.03212883859745043,0.025259397757489428,0.01629254456211736,0.02324462049538724,0.056076367210151974,0.16058613693930945,0.005623097538976639,0.028430417062632694,0.011881852155793706,0.03027206761664297,0.14279173310883533,0.01244694506317809,0.025860609747790777
spot_0674,0.11800979312972534,0.11472549111328115,0.34203502806965025,0.08394191296946249,0.0062860281841355,0.0019665953729423756,0.021047359756129647,0.002418988767699714,0.0016998467933763775,0.0020361415468654574,0.27678347524479396,0.013701561073017768,0.005985965510532444,0.0017265397834645023,0.006180271294469279,0.0014550013904537412
spot_0675,0.5368300102494838,0.07158729776565624,0.02494903047797019,0.011380577524252236,0.06492528360938055,0.002068540583549362,0.007290583639053657,0.0016552375575313804,0.04088300218157704,0.011768993185602471,0.003326728364092648,0.08125914478474772,0.03083178637621983,0.0023498407984347347,0.003659031859740236,0.10523491104270785
spot_0676,0.3742053845835489,0.012340044170079001,0.00774432491335033,0.03389522040222262,0.012566217740707031,0.007649557941683275,0.1519287309845441,0.06762301140206885,0.0013395323651606028,0.0009291771887262218,0.07727718049949589,0.010398859699219632,0.006229335406940165,0.06592716465636735,0.16857636543246757,0.0013698926134184906
spot_0677,0.27240178137157545,0.04233289306753509,0.3707075644128698,0.023260212448823436,0.028334945895460553,0.002576000518014497,0.04434281523366346,0.003777736544354713,0.0021162394959338576,0.002617072062042548,0.020200001940931904,0.01784452620444229,0.022744948259403285,0.003361250587558114,0.14051756508607938,0.002864446871311657
spot_0678,0.4503109861472827,0.035821031725235424,0.29264951703896047,0.01903972779661099,0.011348908965719365,0.0013752578478457914,0.0036578561370286086,0.0014089765149104486,0.0014928472857881274,0.0026705649076878704,0.10165057321355178,0.06456307240501778,0.007810254264304629,0.0013157833687330578,0.002925365180464903,0.0019592772008580647
spot_0679,0.04574476971702102,0.202073640564347,0.18684679047832037,0.01077264617090629,0.03036498999644266,0.002365256878750642,0.004421425534146888,0.0019908140701706337,0.01940102998038391,0.4282217712735084,0.006577768349992383,0.010572222400817934,0.009593689780350533,0.002334249972468387,0.0033460197682344105,0.035372915064138484
spot_0680,0.2072539482921251,0.03382977249135034,0.6334774009757153,0.022457288059119656,0.01928493629533427,0.0018307560440391421,0.007763862591422515,0.0021389388235467507,0.0006900256435754095,0.0007378126643615238,0.007338969304754126,0.03815304476742044,0.01813498691407232,0.0020258319882359593,0.0041669005480863205,0.000715524596840843
spot_0681,0.0010772260553460976,0.4566920018906629,0.49517493646380745,0.006168061560158936,0.0011428251454367556,0.0017553401601575125,0.0028532466487154414,0.0018889019572668041,0.002194649905232352,0.009156942476969404,0.003942751049831177,0.0010635505114307958,0.00955525086038383,0.0018174742247649598,0.002694135607264525,0.002822705482571117
spot_0682,0.01066852590435915,0.015046430528754576,0.07304119016581621,0.01544474506829782,0.19391174027956665,0.13225229060565588,0.10414827899615778,0.08282890731459443,0.11156397877581609,0.03549269351715291,0.015197182851525218,0.05014192306820827,0.008515166356940171,0.10453528839457775,0.02592029350454353,0.021291364668033583
spot_0683,0.2224873855796515,0.006044606856733052,0.005150998188634432,0.0110653170767115,0.07107314746004505,0.19010353715551584,0.07223429086277292,0.06895311660330046,0.03784809783368774,0.01067558514701017,0.007986059530160503,0.03147678905697618,0.021330850070218416,0.06674022798366241,0.038117347494506404,0.13871264310041342
spot_0684,0.13886273815291897,0.41061564918869914,0.13251170893304548,0.029390203373289004,0.0034487914267462795,0.20537947596465744,0.010880320143654788,0.0071799701187160005,0.0011115359628093289,0.001348050916808701,0.026227682192265837,0.003393228603317513,0.00676293478281475,0.015214140796982628,0.006663085812408838,0.0010104836308652844
spot_0685,0.0029789767224971454,0.024650818987418416,0.014429589486170437,0.26901872575224933,0.002959744794756687,0.031201810516442302,0.07195974287713823,0.0506242023379951,0.003278189421186933,0.0031247401285025536,0.15996049844706492,0.0025404452543327655,0.01836255120457091,0.03135521588243476,0.31035406548732775,0.0032006826999117846
spot_0686,0.0018647216448655181,0.3919579277447282,0.15604214171686548,0.02792838274289547,0.0016427338441931925,0.04298195850087436,0.022327025018965236,0.13153718464243633,0.0014565948757397909,0.0015896099509925864,0.049183316416091916,0.001804978561187987,0.012529715353457406,0.13797590372860274,0.017748809784235996,0.0014289954738678045
spot_0687,0.15963963759874608,0.022840462220223283,0.37565960101568335,0.023556051349271245,0.011973148331233118,0.003463679820240969,0.012634146369963534,0.004357126120800022,0.10487132089033255,0.011803784612235451,0.17516217034602644,0.01429953801555086,0.012245147304984228,0.004375310095533101,0.016354832197177444,0.04676404371199832
spot_0688,0.2691770482022526,0.22905022926643306,0.017742726287625604,0.4063990403731492,0.009483556461688943,0.001194476212311603,0.0026881547600756403,0.0015804376188132219,0.0019102861355486753,0.0014237192807816305,0.013351037180925075,0.0203870573324422,0.020723975886573237,0.0013244598959377817,0.0022150152336138083,0.0013487798718276936
spot_0689,0.07895930455558489,0.003254237737186662,0.003460871366817883,0.0031450641915703854,0.060627641271891686,0.002658374804947876,0.0031387762599270216,0.002983281410881646,0.004906334336852118,0.005323938940074916,0.003246945077773304,0.8145418096681378,0.0032271970230505847,0.0030578029016805263,0.0028744369788117827,0.004593983474810917
spot_0690,0.0005420360231854863,0.40725873897757475,0.026181660430190348,0.3344390402102769,0.0005464740209522736,0.0038775697498102785,0.0233280938213227,0.006236306885283731,0.0005685088963654366,0.0006101900101326471,0.16533498570762056,0.00043578999855401195,0.012945104718954471,0.0035530615114734874,0.013554412159910108,0.000588026878392767
spot_0691,0.0012595096459343705,0.04656655715159181,0.5576224462923668,0.019156074602215634,0.001056532957325896,0.005316793141138775,0.03438230962407074,0.22754853018049767,0.0007998195363332913,0.0008704805880927607,0.013486165241338964,0.000886035943149082,0.022584230325685867,0.016123923625953204,0.0515507239045349,0.0007898672397702182
spot_0692,0.32587732289632326,0.06008536003021492,0.07017488884520048,0.22914466817092577,0.02542660250725681,0.05650442688289342,0.113031290476395,0.0062995737979574425,0.0014988146697745004,0.0023600015980371537,0.0224267017215353,0.013703215260191281,0.028528625445145922,0.021186228309325122,0.021627313493683808,0.0021249658951398467
spot_0693,0.2103995256449422,0.1806422372653396,0.36012728018335033,0.014517420658035247,0.006972545767460573,0.0029936874707377674,0.055357101197765504,0.005413963203662798,0.0018796969843696634,0.0023189238135853055,0.017164277868583978,0.002456338130835502,0.010514707699876606,0.004604684670205244,0.12317073078147206,0.0014668786597776362
spot_0694,0.0023057224383120968,0.19458076486456463,0.7224240982966672,0.014357732051805017,0.0023065780953062604,0.003933695899178707,0.007499274091756086,0.004781188673437132,0.002637949855772861,0.002704434481514503,0.010641798152311725,0.0022037460570759524,0.017228323218137415,0.004293206948599716,0.005468679309625928,0.002632807565934765
spot_0695,0.0016013012281262593,0.28918995060594144,0.021954880271989823,0.6160397199326201,0.0017917672732870693,0.002945743040949807,0.0078303275867409,0.00403702076192358,0.0013174549874100613,0.0013025143269204047,0.020279772024019583,0.0018196294446280723,0.01928015149274639,0.003515983460850684,0.005818840221169555,0.001274943340676297
spot_0696,0.49232625800688706,0.03259106904206162,0.40293966102408785,0.003757926127026536,0.02885821470861529,0.0011816592963408644,0.0018939593909078495,0.001183680384768117,0.001239200536234335,0.001381172587859748,0.0025976900247784733,0.022126445454698256,0.004196473369497946,0.0011658244432127232,0.0012679655499918294,0.0012928000530315297
spot_0697,0.1062971503626273,0.12042354985741657,0.3435700729041404,0.06850838526494933,0.003820582923646097,0.0023908775830009184,0.10646016537071598,0.009394287502296095,0.033513724863583845,0.0801494535293148,0.026597023737336054,0.0017549080825172488,0.04728850200066591,0.005904367330936938,0.007777275320816253,0.03614967336603627
spot_0698,0.26019929943192877,0.35536388951498393,0.07652592587556233,0.042852669899627265,0.1584302593430982,0.003017479385330597,0.00951056442515309,0.005297800035917631,0.0028005733459720962,0.002547407851497566,0.013237748533845425,0.040652118168429556,0.017790990724176396,0.004104906931872506,0.0048165128223610085,0.002851853710243612
spot_0699,0.012466847847001595,0.24125417260337972,0.24202283662828883,0.017994975076468692,0.14246043350559376,0.15983414753257436,0.022690908928605768,0.022933976468888194,0.0016064091057168034,0.001518814270482117,0.011752758314139303,0.033441199083305485,0.018228267786468667,0.06107552907031462,0.00919037630144273,0.0015283474773293624
spot_0700,0.04163380897983541,0.019313244292003547,0.00781848240470926,0.02946205474487321,0.30956411423002916,0.027381221383088915,0.010917151151856846,0.01605971262321398,0.22336958168334659,0.009286034001690584,0.07602080816769852,0.07996493187593448,0.034625178013243205,0.08646846210777318,0.01407778182226027,0.014037432518442855
spot_0701,0.2608563926388166,0.026213370561511774,0.2897380301083307,0.005850231868173223,0.21039812836038954,0.1339972705861635,0.004997357493319037,0.005291799237336434,0.0021428507779557306,0.002045288189564355,0.009257143135514623,0.015637480549961842,0.004995694407574403,0.007729434391390891,0.019493966381669753,0.001355561312327535
spot_0702,0.47297623145956524,0.0018792981633303136,0.0018173600247284394,0.0020165249254352666,0.02488221880296004,0.0027432986057670254,0.0027816617699955026,0.0023506197329345685,0.12044517021594942,0.01654428461370602,0.0018576729972557776,0.02963413656460755,0.002110705425037202,0.0027207379775754897,0.0027490734337761846,0.31249100528737594
spot_0703,0.05041818094488125,0.14646535928615406,0.030313785111761422,0.09376895781827971,0.03200181200256186,0.003541877570622851,0.006895251604133854,0.003731787346749588,0.0032281889245673635,0.00325686553161957,0.2177718350520188,0.3570829542540708,0.03356801628092297,0.00374179436780624,0.009043806401930782,0.005169527501918883
spot_0704,0.31889533703463174,0.29929568091162223,0.02361132667312332,0.07044135278769476,0.15663277865850456,0.0017072531807646955,0.004791542070056129,0.00219759365460862,0.0030490195719271316,0.003775558661677688,0.09192867990520788,0.009341683336030837,0.005950980307034025,0.0018969493737943806,0.0043398382463263,0.002144425626995675
spot_0705,0.15947105176851603,0.018965232398549508,0.009010824566811364,0.05867144834068748,0.06382093517051714,0.20642950475368949,0.02068811461805674,0.007088736165157089,0.29438505672471676,0.01825118678395062,0.017090721729729877,0.02961728415537182,0.014627882840998974,0.008522688356119513,0.028575775863341167,0.04478355576378644
spot_0706,0.4128522960810761,0.03163634841125202,0.007045250991252491,0.12883070299612734,0.10857858334401338,0.0013112792636317291,0.0029732723318268203,0.0014792483021859972,0.02272113108200188,0.009151863739143737,0.13949896437501041,0.01974944374826319,0.0099717064457565,0.0013496529951635876,0.0027148586543799045,0.10013539723891492
spot_0707,0.24217331091976518,0.00887858936197375,0.005292435357131467,0.08745904805495305,0.09999749012350719,0.007550862418495779,0.007458341008445226,0.01072648717748779,0.002824037901599512,0.0023274845886316676,0.05583823597767634,0.19320835828040728,0.25685905062613057,0.012065586166057508,0.0048913617227008795,0.0024493203150368135
spot_0708,0.15158584090128033,0.18443494006407865,0.18933152760270655,0.023309604898304595,0.05870983821203337,0.0018677839459763093,0.0035268288277613465,0.0013169840171847625,0.09693609215252966,0.019541921771508243,0.007152375369716944,0.156800135556847,0.0312962645004789,0.0013527739852397685,0.0021337472820713898,0.0707033409122822
spot_0709,0.047712583668722296,0.18822200887273347,0.09938646087048696,0.011951556936256118,0.34788048699685936,0.005410616513825472,0.056310595080591656,0.06681998061633768,0.001821298711347088,0.0010344934090377106,0.006109909427794024,0.11984663026247232,0.0054477496206975905,0.021719648596430184,0.019229746748649777,0.0010962336677583094
spot_0710,0.3523339514649143,0.3033075327489763,0.03418506053953175,0.007425727906995911,0.07061648930111088,0.11474443540941316,0.006404510033603812,0.010095142183124541,0.001498934754780994,0.001568018001773706,0.005567926158151857,0.04559939074575754,0.012497168083063169,0.0184090955821792,0.014452476655621048,0.0012941404310018174
spot_0711,0.28577938100355754,0.0681334298763133,0.35305955941081557,0.018267707819402918,0.0076590917835122905,0.00194609644540991,0.07659305123565745,0.0037452232713995988,0.04718334505255486,0.056731112290983036,0.011721817566725417,0.008556004274640708,0.014709471882245802,0.002707845635803992,0.012680290324720334,0.03052657212625728
spot_0712,0.5165493150731796,0.07570444370021752,0.3368029626813632,0.012029154236137577,0.014645950165852508,0.0021156205386072143,0.004717012142568963,0.002220088118605232,0.0019417508665906529,0.001402348212378912,0.008054410502774235,0.010895589304187218,0.006383648465424393,0.0019354134328379259,0.002821730905228513,0.0017805616540462837
spot_0713,0.2927592315439262,0.07702761587547634,0.16677764670270073,0.011054909138535537,0.02713009272529542,0.003982272843334552,0.017574016410354307,0.006377467550270355,0.12256360351048667,0.17815067773750404,0.006162235231170022,0.015475514116308153,0.027750635892305964,0.005573431914173889,0.00831967346376735,0.03332097534439048
spot_0714,0.29901898304864305,0.16801841191692823,0.06767111729448651,0.04786062928850715,0.034467300290274686,0.004331982149851972,0.14185336335232027,0.17269656632667113,0.0010700442963004228,0.001077570001634771,0.007220367875578453,0.006540870783320133,0.01187384911318276,0.01644109059792778,0.01899921223076667,0.0008586414336060263
spot_0715,0.049673101935158,0.40812412602500475,0.10079980776727099,0.017167478777916894,0.01416153627742162,0.001304358289004667,0.0028673507663688693,0.001540610396395686,0.007233433994986814,0.1399490282952697,0.006493161706798906,0.22113730834612894,0.012259438297987773,0.001442651141248508,0.0015436252049502318,0.01430298277808765
spot_0716,0.0014411160343837713,0.04204166783291104,0.023362052443839883,0.08731908313861497,0.002711792716787275,0.14890842643775587,0.008259743243603967,0.01290230039926842,0.026435216252285544,0.2829974608098018,0.1761835757244641,0.002683267184677882,0.0185904202798861,0.13484281343057353,0.010842265147611243,0.020478798923534623
spot_0717,0.0015437040384192592,0.06032548895386559,0.015224392673189322,0.35738720244225497,0.0017108748486423125,0.008150942046447406,0.06262632842905548,0.31751521880637606,0.0030725188633970134,0.0027429213674607365,0.08039261521112863,0.0015483859876981006,0.0368391258330326,0.03567366951406717,0.012226219386107311,0.003020391598858031
spot_0718,0.0013339160925585703,0.44065894431489877,0.12036853237710392,0.29587492879317373,0.0010388360658214022,0.0030274761185030636,0.007351644238995715,0.003123566631313622,0.000985540840776503,0.0011979285278525072,0.10436233035618087,0.0011051719367328018,0.010043183233178583,0.0030691458424358118,0.005015021446102177,0.0014438331843719232
spot_0719,0.5264131225466623,0.01690271728174888,0.2628069618519832,0.02261291230963092,0.026357875128382068,0.0022976178610515205,0.0771617462855689,0.002990783814709101,0.001385000267759966,0.0011527866033371988,0.008376422623014189,0.005276638334278402,0.03949196753773227,0.002534973849758558,0.0028880319030625654,0.0013504418013198858
spot_0720,0.13971655616971984,0.18881163670219617,0.03813404217214374,0.0464531451288804,0.010916255038455443,0.0021930089571898354,0.005641891227419243,0.002258567450291655,0.011012867863070142,0.013341213053408947,0.12575766895334875,0.009914769147593877,0.2413877796649069,0.002083998282845431,0.003319005764972102,0.15905759442355752
spot_0721,0.02944187023288081,0.14447061101440084,0.0984458026270315,0.04637992527443109,0.08059003400965468,0.06511749507030441,0.08274070308798176,0.014719635930035634,0.24233934335717533,0.020002307725487736,0.042306688275725146,0.02262387889295997,0.007935870449370323,0.035871140370083085,0.04487146923610297,0.022143224446374732
spot_0722,0.032411906397439925,0.32318950600567176,0.0671292979031617,0.006886081139393451,0.029627248170061526,0.0019450033942185832,0.00348453862503928,0.0020547099329509605,0.003245920864726526,0.0032024680090522806,0.0051032444638671294,0.5088670627030021,0.005413464730242892,0.0019769520277501257,0.002551628443716579,0.0029109671897051994
spot_0723,0.36596756669702424,0.003933205656089138,0.0036302572700938657,0.0040643174246532635,0.00731891293110257,0.040677572869949184,0.011790064302325712,0.1420738019448234,0.004576191753645312,0.004406272438922318,0.004925833448475526,0.2147032666646504,0.004106539574837928,0.10009301935302242,0.08393019537437248,0.003802982296012219
spot_0724,0.1603601718501965,0.04713938682209532,0.1320535770906674,0.10136117044904724,0.009824105100527282,0.006420024795975918,0.027434522501244563,0.0038687250561940845,0.03775745636491436,0.06430661762356821,0.21213698270125989,0.006469373698606897,0.026339154725643788,0.004192296670395027,0.07253560669242959,0.08780082785723395
spot_0725,0.6572931383817134,0.0009919728241061473,0.000932405691946397,0.0012196309556771008,0.08283209674108845,0.17260793901757446,0.0016098663280034926,0.01148288080248152,0.0008968264982502794,0.0009718145675738019,0.001185813200677108,0.02820363019996377,0.0013974190755776247,0.035405248034328145,0.0019417645177854212,0.00102755316325287
spot_0726,0.0007173588388171843,0.6374642070165184,0.09313517239123324,0.020556731668919644,0.0006642194222621715,0.00734027222584187,0.07152030553922295,0.10787024807358174,0.0007248902922528551,0.0007434012246407554,0.015497688273185968,0.0006147778015292842,0.008809282342733302,0.020491285103110102,0.013051960163602707,0.0007981996225477888
spot_0727,0.0011572845547862583,0.231783523607864,0.2334412892907144,0.20948810881721666,0.0014179761015598116,0.0019367179512330347,0.0053978568849095895,0.002619766415570161,0.10168680309590904,0.05351867619984626,0.12217152451279896,0.0015323848291623116,0.01646916301903686,0.0022115862439197236,0.005161356153386618,0.010005982322086287
spot_0728,0.6436384705139124,0.21489988671592425,0.06311289872897927,0.008308191744219063,0.01449176097434832,0.002387754454933676,0.003762493823210797,0.0024798461016054493,0.001553391117534235,0.0012196673192415362,0.0062243757160883135,0.025735719602303583,0.004817122685588591,0.0027165828856568525,0.002787176754625021,0.0018646608618286225
spot_0729,0.3162963385262219,0.006222625413530411,0.009022740064133747,0.007300116717148315,0.017922533604262846,0.14380506475841248,0.13350381957649649,0.0747724940632755,0.0031323859984995353,0.0029570305817385348,0.005755369753116104,0.15345751366122906,0.0071159960881287615,0.1080596255739774,0.007479090009055403,0.0031972556107734917
spot_0730,0.2747353755760586,0.08992652949226101,0.46454224079929307,0.012155411457009421,0.02978085905933434,0.0024340054447976557,0.004935838453372614,0.002766765741073448,0.0029268216029435176,0.0026942521039992526,0.016914987885636633,0.07787161804966462,0.005922508081399582,0.0026545792336628697,0.0064036842885003605,0.003334522730992997
spot_0731,0.23576007076381691,0.2665048462905804,0.010945034060372708,0.12720418307529524,0.009115792280171259,0.10022873963690783,0.01770255619389278,0.10521966985631803,0.000776250313835691,0.0009122622648083045,0.010114494469237921,0.006651634884323134,0.00958504638506091,0.08196943433497761,0.016580338611083534,0.0007296465793177082
spot_0732,0.31717009686472186,0.39104558614480006,0.023815803574672518,0.04057055199899682,0.028695058501451123,0.001901533335879434,0.003537678525567932,0.0020365210159238195,0.003172614843963265,0.004261754200871581,0.08068052148063129,0.06280667305237599,0.031767691854654674,0.001980705025873596,0.0034829037511417867,0.003074305828474283
spot_0733,0.29817741774159945,0.10932560186377255,0.43376821671357974,0.013109694233554226,0.06184336559849716,0.0026246812715763875,0.005603599530819161,0.003261513548562143,0.0017529698337245625,0.0015889299202012186,0.01157047438211621,0.039877194440745924,0.00993909567974306,0.0031307812548922714,0.0028586852390832447,0.0015677787475327073
spot_0734,0.0007167065825385143,0.0759493562489766,0.46503322929425717,0.05125276096938097,0.000745590290348181,0.0036409277792377862,0.10854048896396615,0.0858870445469915,0.0010246698284803015,0.0015112294702912402,0.08885921092733666,0.0007779833272797671,0.05492716263835437,0.01795667616963501,0.04215304189862325,0.0010239210643025335
spot_0735,0.4774560687732455,0.15055064838826115,0.010182483587878426,0.02001379929762788,0.024721336113607727,0.0021073045437566074,0.007416118838563033,0.002752689158867419,0.008464032762033613,0.15850214394035184,0.007885297511808975,0.06381947396333386,0.041869118440251735,0.0025125995291329617,0.00266794806208722,0.019078937089192123
spot_0736,0.0005323904938960517,0.0209981346194551,0.11150618316134596,0.10227261683428068,0.0005116628000110141,0.150189792876884,0.20781824083469358,0.025948330241587065,0.00135902719284678,0.0013894727953763079,0.23060163451185442,0.0004485786430833367,0.015757879056749705,0.04296179906899031,0.08555725406065656,0.0021470028082891295
spot_0737,0.4224312802919439,0.014617748328352286,0.25190022116559646,0.0066660994596886465,0.012283149636840964,0.005054213938086443,0.016030272405158048,0.010187616034922641,0.15375645852485434,0.03363595303911333,0.004418711846603931,0.007264878152449407,0.004277502998671549,0.004667785354487927,0.028877131807207943,0.023930977016022235
spot_0738,0.42501190867430966,0.03136694362059206,0.1411183698794475,0.0285736895485658,0.012380006701677547,0.005478184049021316,0.030261696523976846,0.08833927188384626,0.0008188590307730524,0.0008235431220557563,0.04719331341657008,0.006326462905362993,0.14644487088646224,0.019336611164293818,0.01565385601920079,0.0008724125738442755
spot_0739,0.16758990964187012,0.1232094010008576,0.009115470347722995,0.31995454953081204,0.011205317270431626,0.07707705239322253,0.026589766091390847,0.035015447877200505,0.001556772663516848,0.0015351070830927683,0.028441496091354393,0.008673292356866995,0.02565963741559302,0.149681135567201,0.012922713918714506,0.0017729307501522247
spot_0740,0.0007498572963040579,0.12558585239335202,0.5435394196491805,0.20496635587592357,0.0008167862949437294,0.0015860905118746512,0.004876235230996207,0.002678723119703621,0.0008705333378867097,0.0009783525771169936,0.07872928783365027,0.0007461104920373856,0.02756649459287301,0.002057966235708359,0.003357045664396504,0.0008948888940523924
spot_0741,0.957821266598128,0.0012846860149996594,0.0011765318734996524,0.001002048263632394,0.018673256584409485,0.0009953692726950548,0.0008767644020971921,0.0009230898285509376,0.0014383037267831722,0.001514128796730757,0.0008872249907455005,0.009529863912538685,0.0010617791949940002,0.0008772068329911734,0.0007992323153145611,0.0011392473918896977
spot_0742,0.08709527442509189,0.43518988765217537,0.23005561019816448,0.01801293215433077,0.020250124528764596,0.002153999783665439,0.013356234083905207,0.00390765383005016,0.0022101995585762113,0.001920548756977213,0.010388773679514908,0.15123271069851543,0.006503649576212827,0.00355129585263783,0.010671603004483996,0.0034995022169336688
spot_0743,0.010446155977840143,0.008488314800577159,0.006746796342868107,0.3653775981734727,0.32890556890146827,0.0018025666712638414,0.004005883679862715,0.002333385771606917,0.00236504314284754,0.0025550540006480556,0.11531325278550365,0.13400112982326579,0.009905192062928834,0.0020714651294997657,0.003252787902899526,0.0024298048334469692
spot_0744,0.35480087943298855,0.10364911569032156,0.2390145454078008,0.027022244528627695,0.009264426316729156,0.005006439710339233,0.05782313513695484,0.04754030374116679,0.0008304039855297439,0.000859186627354356,0.04319437995306845,0.005914522186539348,0.0074785802224975086,0.009857580838659792,0.08689092902351671,0.000853327197905485
spot_0745,0.9297768169527619,0.002187024980173414,0.0019973194809939296,0.002311970441384347,0.022410878717014547,0.002366911264961432,0.0021658054122703717,0.002729794806911393,0.0019498549039143585,0.0020404360442567815,0.0022693968652064073,0.01889551097136054,0.002685996065648598,0.0024388422478527783,0.0019079446619151002,0.0018654961833741044
spot_0746,0.20543410929650802,0.06969882120828681,0.5772805866687373,0.007705264203231129,0.07740738773592158,0.005070137041602146,0.004955341417264696,0.003152530855719452,0.001813064743227504,0.0028115501715517835,0.005261737125302075,0.021500827950057397,0.009236244891688304,0.003800799666263908,0.003184974843688778,0.0016866221809491919
spot_0747,0.21594247460581983,0.20702022701033093,0.036142145603149885,0.20487431602448067,0.03410184939813495,0.005906787011438174,0.0615506039570603,0.1468956154891762,0.0009496642559610704,0.0009501643278292342,0.011494282702629543,0.006913118787574929,0.013414241493973276,0.00887725044893739,0.0439933944924646,0.0009738643910390144
spot_0748,0.002155921934918912,0.3957664711431403,0.019468320115738773,0.0317253894718013,0.0023347492749820602,0.0020456779102912444,0.00533516783784558,0.002741647787228917,0.1863547211891772,0.01665139500333369,0.03234044311329914,0.002145592409320303,0.015190911696755125,0.0029481069897131593,0.004085762221339304,0.27870972190111504
spot_0749,0.4964419690563732,0.1414529812357713,0.012085909792727204,0.004646254715895,0.016969248513384213,0.0015848383724743427,0.002026521343278511,0.001407542211181738,0.03155963280953853,0.2272357577238669,0.003018489164704075,0.033060487035914986,0.005223209337673059,0.001495574807304929,0.0013242910713558446,0.020467292808556126
spot_0750,0.14648959600413178,0.1776595727101372,0.06312223829186762,0.011536200390944143,0.033553826359002996,0.005900935987567926,0.043634494656938236,0.013609996900726989,0.25745474561847936,0.09867128361993664,0.013361035612251075,0.02376745298611815,0.02316898390139822,0.009677311554680101,0.007147068220182666,0.0712452571856369
spot_0751,0.7222415974322238,0.005685457594897262,0.005152534119699682,0.1491239317109334,0.02242442163878743,0.0022276401158337826,0.005118266337545555,0.0031100156346931976,0.001960615507769102,0.0023328162655641966,0.04695415833004481,0.01108866607658116,0.01040216035222237,0.0028721924041128083,0.007061362882381706,0.002244163596709661
spot_0752,0.3249261689544013,0.15394444463105497,0.07883311371865494,0.30084034682098226,0.0147902360385677,0.0021628855477142314,0.00960303492484365,0.00385306990557624,0.0007087713722026418,0.0007826751695655797,0.08617939915203718,0.006169742645077389,0.00957281070134203,0.002415154153238298,0.004424913317489475,0.0007932329472521316
spot_0753,0.40554101712646734,0.052119284604406665,0.1456474664534758,0.1524722020332783,0.061636902359043004,0.002566140761127972,0.01910853214813351,0.0038469707185742824,0.0012345849248260193,0.0010481581663203442,0.09690741646747937,0.020238979893933452,0.01608432317210328,0.0044437314202264025,0.015997844267809046,0.001106445482795239
spot_0754,0.047900160372113115,0.030012170938729234,0.05489865350093667,0.004680823192761183,0.2881613072861454,0.0034122917451159377,0.0038260687150020074,0.0026914093595079153,0.022732792740397623,0.41381277759788815,0.004280104271927046,0.07860999599860068,0.004863751806847114,0.0030321782634739614,0.003957759166726049,0.03312775504382793
spot_0755,0.00195404230238502,0.06229727277356057,0.8706894542101729,0.013056211441534517,0.001871926134449104,0.004239501224047569,0.006127354312530963,0.003474695184215514,0.002271384075942093,0.002506452032127071,0.007843022381551507,0.0018020529824779934,0.0123465988399919,0.0032809625613181353,0.003920109571722149,0.0023189599719730266
spot_0756,0.0009958409641228605,0.28287465958747265,0.04738104114339399,0.26062769478896824,0.0009127412358164646,0.2744305645515272,0.010893908050017814,0.008808949388445704,0.0014269652898773759,0.0018589551330613846,0.07625044783022278,0.0009253402448321408,0.011497214113918998,0.010020694095130664,0.00940996406670454,0.0016850195164872085
spot_0757,0.26551807160355223,0.0471514324495189,0.27256882498600776,0.06310086561552243,0.007782450162522462,0.13520773924157564,0.0077447971541502025,0.013425086237669538,0.001831417347198882,0.0014813007840487433,0.0775686797117717,0.011391521890622884,0.014770070908223127,0.055212340547453984,0.024231013254208362,0.0010143881059531362
spot_0758,0.5555625779697004,0.13232445080274272,0.008277825420657992,0.06172660784800296,0.022483433924349847,0.002017577256175405,0.003290708157430322,0.002255617519628732,0.000898294818594191,0.0008517982949309698,0.14551129850476288,0.024268719824804656,0.03430588044921642,0.0020579768445854805,0.003326389309343102,0.0008408430550738741
spot_0759,0.10191786027518628,0.2401415686471419,0.07739041762040123,0.14064869103617236,0.02577935299139315,0.0017299824841843186,0.002750367492118842,0.001518689895038727,0.20273883070827564,0.11696466333348232,0.016765699270783422,0.01907224386308134,0.018200283757859086,0.0013129261618364887,0.002588330768301694,0.030480091694743208
spot_0760,0.2070165970813965,0.4585290296257637,0.07260431176566355,0.02641634195559129,0.04896581702666402,0.005258960761434585,0.007568492194954423,0.004571684417395508,0.0037628256684509435,0.0027562581501014757,0.06119594509372322,0.04557932683036206,0.03388185017278162,0.003593082370779253,0.014780043383153326,0.0035194335017845442
spot_0761,0.5755680285617081,0.0010947785705432273,0.0011113200978624454,0.0012041183509975191,0.01341369432729337,0.24026051430660703,0.001668678645294943,0.0063209916626365435,0.0009297942082359938,0.0008386698227771484,0.0012423044600777375,0.1440997855815307,0.0016077595702304796,0.008394718312366163,0.001372742933276968,0.0008721005885616479
spot_0762,0.0010946260074149923,0.01730556076856866,0.0874197890917764,0.07522310677852614,0.0010897882296790114,0.010474259533220457,0.16696967766377177,0.02189996099055457,0.0026914327570748157,0.002421550839524522,0.15550704724210318,0.0010100315714359266,0.0237351124056312,0.019753148300372468,0.4100742734754371,0.0033306343449087655
spot_0763,0.22846760049000997,0.016074892283019802,0.5390318853312314,0.014208115542796568,0.004684685655643192,0.028220278973909132,0.07181780705377587,0.006542849374112243,0.002124678593838686,0.00873166252709231,0.010790551685287027,0.015586526968836395,0.012047605501137024,0.005414727993585088,0.033823037891452856,0.0024330941342725174
spot_0764,0.1665985586616434,0.005550901711953683,0.00375396738524562,0.30979181685425605,0.02519882055126969,0.0025162024733672538,0.03276971023917737,0.015675334000018977,0.02560783826434225,0.0506983836523881,0.27940424622879145,0.007865144399060046,0.018645444533381468,0.006720201301651714,0.03661405488630547,0.012589374857147466
spot_0765,0.002766389450693871,0.08416555657868345,0.16331219583315448,0.015503737555013355,0.0027627645343229613,0.08989213816853564,0.08348664830396044,0.2132883601846007,0.0021033319674608328,0.001846488833622555,0.013862590765127468,0.0026002598245073553,0.023361958363257482,0.09047927322893524,0.20909160777775845,0.0014766986303656933
spot_0766,0.3549953765725671,0.49632212888444127,0.024318605375330794,0.07213490137703372,0.008897562316474653,0.0012446048788034988,0.002735498796138505,0.0013653532362082126,0.0008694242127660026,0.0010718642921989409,0.00653400538652556,0.016993552617905604,0.008167816005989167,0.0012515733537694967,0.002155322769206205,0.0009424099246412528
spot_0767,0.6704790709797142,0.003825643529238599,0.003487653943495407,0.003716767010971677,0.040652986616000454,0.0037926677805954,0.0035050107746776513,0.0038378116646247216,0.00433249015833078,0.00403976459611532,0.0036518932471661233,0.23955360783261442,0.003856686871226602,0.003747990757874229,0.0034937626652223443,0.004026191572132163
spot_0768,0.001497056373447642,0.4523840349485574,0.03443711728198701,0.14565160967269744,0.001193262606999609,0.002460532555735578,0.005909755006588522,0.0029242977313522624,0.0021923820044750324,0.0023896259302024713,0.2880833163478848,0.0013311143312928467,0.03845255090523199,0.0024678720869465314,0.01616215384059327,0.0024633183760075813
spot_0769,0.2489377468112668,0.008194237845121792,0.2010916064085149,0.006069017029334766,0.16902808808385078,0.18175028261210646,0.022757786128628135,0.01949882312640829,0.0014462058376788953,0.0024388496321102672,0.011661412128019156,0.0149176630225913,0.004680206262715621,0.022614817894585297,0.08370841420052834,0.0012048429765392217
spot_0770,0.17033750793028166,0.2602011735540668,0.0943237914547768,0.01820809048983604,0.01263307982914801,0.001970547643008687,0.003230692125712407,0.0019893932473084726,0.021092512282601936,0.17339066585299173,0.006617628139343191,0.015981562246305075,0.1734689714719835,0.0017693374943239003,0.0024352211024608397,0.04234982513585092
spot_0771,0.24407504487642104,0.07920733686372644,0.008386424180553232,0.044413452484296734,0.19221392269253212,0.3184667462553536,0.00642451653617729,0.009422979506898473,0.0009603469142781314,0.001175792686505846,0.023677103742170667,0.029377487099847232,0.012270468398812115,0.02386255631757515,0.005035783958879228,0.0010300374859726958
spot_0772,0.0009027602760021145,0.18234610702911297,0.23047801403246151,0.47850230976476493,0.0008349722099862277,0.002471550819563935,0.021714956983758048,0.0033067541697852643,0.0009400789591402974,0.0009918360012268455,0.024230006951512867,0.0006597129828423374,0.04592613345487611,0.00269774032146866,0.003063487709253493,0.0009335783342443548
spot_0773,0.5214750884943115,0.2085035223528138,0.005097466493924768,0.031057322797942863,0.011275682397606498,0.02042828413869509,0.008109679020869509,0.0038434851170164115,0.12006927089120101,0.005540193339061341,0.006403213666642885,0.016634409645158166,0.018065227053532872,0.0045832604931266814,0.00727701760655174,0.011636876491544924
spot_0774,0.3288176968090803,0.35669045129029625,0.26078399028145366,0.0060219071988940115,0.013265588576844232,0.0016405172046982722,0.0029481715328206187,0.0019560394081141286,0.0020970861454017568,0.0035852953143600146,0.0036029610176639523,0.0060387522393936304,0.006243393533536321,0.0019159510516950733,0.0022429026021500093,0.002149295793597807
spot_0775,0.0006544195994237293,0.03734821370195321,0.3358667154584755,0.49495835375795555,0.0006734525196414586,0.0014805135539918465,0.011884142788253548,0.002640581527755586,0.0008310353380536676,0.0009310283794167746,0.06855182476022012,0.0005861116127853753,0.03434562834716082,0.0020234599572182526,0.0063191816959335696,0.0009053370017610156
spot_0776,0.09054661913615042,0.44373641689620974,0.20990368297846526,0.1853857581533859,0.0032531999540059233,0.0022935103331904604,0.0054481907429091165,0.0024015996956140047,0.0011221503334307695,0.0008899107325997131,0.04182380654459023,0.001703299158518284,0.005468447621107628,0.0020005988049106057,0.003228380699352394,0.0007944282155595355
spot_0777,0.003048326625108897,0.06930747526064841,0.8195164195414468,0.012489207734350846,0.0028199934039887884,0.009197350241279118,0.013816429454409798,0.01055329384506446,0.002482942627874059,0.0024701169878577557,0.008806751037015201,0.002890443272724428,0.021090686842815096,0.011535504007243357,0.007501088913985808,0.002473970204187133
spot_0778,0.6418935952086847,0.003592015995875806,0.0032891258479041743,0.005642852856931275,0.02480454663640089,0.004619821124192157,0.01652988853534223,0.0050577772001282675,0.008556613107985075,0.004137395376121879,0.030354295556919424,0.020904012233783385,0.0045466087242851064,0.006919801475890433,0.21544107589874895,0.0037105742208062326
spot_0779,0.16265692636500395,0.006626570760074926,0.00811259356049427,0.010672814692592068,0.012980550851598101,0.38734138203199814,0.0790210918992302,0.1556096900233966,0.0009578109649646639,0.0009888014248287612,0.017677165972899055,0.012022683244019452,0.014958237101423456,0.0748086050221717,0.054602773760676696,0.0009623023246279161
spot_0780,0.31103471362917284,0.005022662292755174,0.012670466910148222,0.013238957382505615,0.1404036782925365,0.05249801811645331,0.07920904982145074,0.14703305314535986,0.0014137823355690154,0.0010144353294838414,0.01695014742963498,0.01655353840493409,0.007867570813154267,0.13319960843286893,0.060600624688090764,0.0012896929758818571
spot_0781,0.0004354264682231681,0.40371349010188423,0.2252325883720691,0.13233280518458837,0.0004614102963707936,0.0017013415720622152,0.015085145550076519,0.003069244626668244,0.004551427846980048,0.1433396092891873,0.02865695449735105,0.00041757199238424145,0.011112935992852806,0.002324828801339884,0.015780514329045377,0.01178470507891662
spot_0782,0.3878902070517422,0.2978735782606554,0.009226902556524225,0.0411540092936912,0.17779795565920406,0.0010519393952649332,0.0018537696327039974,0.0011729540061142833,0.0011228917644427495,0.0011346872201015317,0.012248575974619924,0.047705037178798634,0.015629122831392412,0.0011233351704859605,0.001998073955703539,0.0010169600485549154
spot_0783,0.20238964235655713,0.30898837761736025,0.3031893285470063,0.016143060936650407,0.009184197795139657,0.07646458780562145,0.009247344894186325,0.005097935054522522,0.0036840164840303093,0.0037910945342856783,0.011484482318913494,0.009001604601437107,0.015064903581220361,0.009721487529190389,0.00822943498168511,0.008318500962193484
spot_0784,0.19684198917739254,0.30815256538199853,0.40937235514544507,0.011196576144190406,0.02266729101305606,0.0022242829877579372,0.003931689314776852,0.0022926677771735633,0.003185680717551102,0.003155006280245653,0.007464158610942973,0.008692841556396344,0.012923985965327187,0.00226920245837673,0.00295165879266883,0.002678048676700247
spot_0785,0.3745788612872316,0.14483428110502244,0.12049424604439346,0.13972286606811923,0.04977368955404387,0.008465782718900363,0.0628937069071799,0.0034989502127529175,0.00120999052186169,0.0015459843191461546,0.04271661772411035,0.027272064745117373,0.006873384392454196,0.004853077516980208,0.009836580491576256,0.0014299163911100081
spot_0786,0.17963727535759053,0.19958150266309216,0.4023264506158018,0.10732794887347936,0.01590575024267201,0.0015023124544946336,0.0048270098300183355,0.0019059369551680675,0.0013241993844364645,0.0015146996523587746,0.010856730521549462,0.031138829544247605,0.03644543564922721,0.0015775315840139668,0.002727777397444674,0.0014006092744049386
spot_0787,0.4570370962822877,0.34482427438087676,0.04903477999124332,0.01245610651774835,0.030811393772753434,0.0028868333734556897,0.00464585330161119,0.0028634978504277486,0.00492228050924311,0.00526561858142853,0.0077730244851479295,0.05134134745508508,0.013461297120499273,0.002802478695533571,0.003746900784853922,0.0061272168978043495
spot_0788,0.2658706987173299,0.02792367921780219,0.3847720847844541,0.006804936371680468,0.011820164633951346,0.002073959165249675,0.0028252069483573413,0.0017689560793557881,0.010463041113621573,0.22974239572252722,0.005929417558302202,0.011075184435925473,0.004657586006174166,0.0016870164057166488,0.0024715975858766817,0.030114075253675203
spot_0789,0.15993590872345884,0.13126514502945255,0.1972876382185679,0.006407322514133012,0.027070184496543515,0.05124627358591,0.004441536489551876,0.004555301734701522,0.03715587930936499,0.1275221862965623,0.004757855141740552,0.1991945758316139,0.011573033606159605,0.011155172731126152,0.003872399730145599,0.022559586560967685
spot_0790,0.0011706992605764136,0.07873696903671384,0.062185876002157386,0.11831689259477679,0.0015930947226584524,0.05240250566614417,0.04135069679787546,0.3830568929246158,0.0010758891082554192,0.0010876202104552945,0.13969959189759804,0.0010222594651097337,0.029158103586789465,0.07846448391263698,0.009683911989381818,0.0009945128242549155
spot_0791,0.2681950459166373,0.02250671258350569,0.008759032207117925,0.16788903172259198,0.016267339770861425,0.20077638699798728,0.019184936739617568,0.013210244894964458,0.06865846846995698,0.04090827767638569,0.07013119601908845,0.035818591319622985,0.033161418659369744,0.015440140554826636,0.009650783211455962,0.009442393256009958
spot_0792,0.04583817536876967,0.00167892242403466,0.001798474364843904,0.0019656358242839717,0.2635406218103561,0.16385721572829867,0.0030241843531187483,0.03311431214602133,0.04985473477559393,0.24272821019860163,0.0020004714998742936,0.03557331376086914,0.0026897523849005152,0.13565649878034353,0.0029106606055335437,0.013768815974556394
spot_0793,0.26890099354746844,0.1100794444916727,0.11475190587584232,0.17385918452673216,0.03475314663201273,0.0017000022539972995,0.004646669346171598,0.0025129403817026356,0.0029204248368099876,0.0024616543153459266,0.04823082920043156,0.21517013409369706,0.007459262597904882,0.002487501499052892,0.005920720156146389,0.004145186245011441
spot_0794,0.37977398351996344,0.02066704095499021,0.263507505849109,0.035135630645108204,0.015537684254572621,0.0043749865849749825,0.16811470283803928,0.017913880204397045,0.0009012889631187502,0.0010585372401771232,0.015355497650500082,0.007445596576235268,0.018675481852946728,0.007407943294941349,0.04327274097606848,0.0008574985948574492
spot_0795,0.03110456183788442,0.13695799615677337,0.07992081997820276,0.029619884352400278,0.35029689949888915,0.0014452061806683385,0.0035612524723938124,0.0016839263743602222,0.13035681151988665,0.01730890897121463,0.05253939839369189,0.03320549053890312,0.039293237408986985,0.0017404720318187083,0.0024774921092606907,0.08848764217466498
spot_0796,0.010403276473264398,0.3447538920407145,0.2900783544904977,0.04095459496431025,0.1894037106036897,0.004574260801404761,0.004887976409839328,0.002881747979488024,0.0021845133571668277,0.0024300739522747374,0.008278745446844125,0.0749631882020089,0.017288089884180916,0.00237801180385829,0.0026113885782390956,0.001928175012218509
spot_0797,0.00239669351037315,0.01964539712873652,0.18927139575498556,0.491530223255027,0.0019726795331539244,0.003116362682159899,0.011588158567600334,0.004587407233627743,0.0018857464373669935,0.0020560446453754917,0.24080389484247464,0.0019923442687012818,0.01717358854192548,0.0036642211974930224,0.006230562316053606,0.0020852800849453577
spot_0798,0.08597425134875175,0.08306216766527764,0.4034960817400794,0.14852425762692142,0.06344837468440853,0.001768591850518814,0.029210706807652774,0.003885568349896861,0.005517141386384014,0.05880043069373863,0.01416857887196346,0.021846663405543157,0.04508778333384236,0.0024428778696467942,0.026030751292674924,0.0067357730726994875
spot_0799,0.1415390689466833,0.0023564947562474173,0.002291933410205549,0.002423109341762275,0.32298846344328336,0.0020079817461613123,0.002012231680947605,0.001816851932610477,0.08808185989733647,0.2888042910141434,0.0021733134917848204,0.09375040565321821,0.002552999352339666,0.001660288610630071,0.001705410431924717,0.04383529629072132
spot_0800,0.3093404907188852,0.03131525325284421,0.13766399606505048,0.06360522063755705,0.0078906127610837,0.0035258912160674137,0.04342921006664925,0.0052940463571293245,0.06692386874313588,0.04254382803221854,0.09579695632242183,0.0606183847121834,0.023047754060552685,0.0048836948686043,0.007830372408146994,0.09629041977746976
spot_0801,0.2038959342077988,0.28278161919183087,0.015181737701969707,0.013222229069530338,0.14362705509588275,0.010539284103432547,0.06199124955760604,0.15372579344121884,0.0020151724301859606,0.0018078512935662963,0.005312581055995289,0.0140726981276429,0.011380569554451504,0.07416701435943118,0.00436319355419874,0.0019160172552581884
spot_0802,0.3386975692431904,0.1215720549954594,0.05561623234459927,0.0785382921718667,0.013040519061087441,0.0021852996456751864,0.004956869033212761,0.0025627181711451786,0.06947033812251162,0.01635849335686555,0.013010360907241274,0.03564759018162333,0.10828620517042158,0.0026535528925139156,0.004216731460570089,0.13318717324201632
spot_0803,0.3966029923771912,0.06699296552521508,0.2225888382610907,0.13300524708699635,0.013325840544116386,0.00836141221721665,0.018554048895089895,0.06813583402655321,0.0009869779720543478,0.001216857166344031,0.017818510534267418,0.017776041516031744,0.011473113341992023,0.01848746766511799,0.0037287437056274584,0.0009451091650955309
spot_0804,0.10815577315756973,0.26552024913761046,0.021359343580465418,0.010397866120026444,0.18309318577478234,0.07069915586853001,0.035395629002025496,0.023181918897587563,0.0370362044337874,0.012816512473729915,0.010375934588594395,0.0214854498861997,0.01640655463598754,0.041819330564363606,0.0204443737553755,0.1218125181233645
spot_0805,0.43826258496861553,0.36724697916846216,0.09646812997692618,0.02394824111338992,0.01495129628222789,0.0029523548725059966,0.00455480022965239,0.0030302613064110404,0.0020044882037470926,0.002259672758903813,0.014938234284086693,0.011360506825491312,0.00837356836035858,0.003133221484864778,0.004214920486946483,0.00230073967741011
spot_0806,0.6447739369627725,0.010321760650188732,0.0069761551858594575,0.09159731486158451,0.13363952352082287,0.002274694560882602,0.02758469964077815,0.0024574724427343826,0.011274756355231405,0.00510151966241606,0.008317287124968653,0.032785618545619545,0.01320240100394067,0.002344524175117118,0.0026080790981121435,0.004740256208971149
spot_0807,0.06525983070704798,0.12287973176838486,0.0848924708247535,0.06776839404909618,0.025976761836918418,0.007754097023802745,0.05440523761455803,0.015861371351009044,0.11503718665706004,0.0837324132454084,0.038613762872889,0.04108455121402746,0.01743338958575939,0.007537696691813801,0.0044296093033774865,0.24733349525409365
spot_0808,0.5667236261802496,0.05216257622707006,0.19571363509748893,0.03268609928943614,0.06571013079140754,0.0017715470619834185,0.0043934312694029224,0.003438001897189381,0.0009504439125518173,0.0009087407231968915,0.014033052116791324,0.014693703606258837,0.04084139476844977,0.002304765499664625,0.0026955817252977774,0.000973269833560962
spot_0809,0.426175567692807,0.010368608130987226,0.006223739105859485,0.10634930600040854,0.035761513259777895,0.005640708145308457,0.08088985807290457,0.030254757526451445,0.0010391265096059282,0.0009289548119068282,0.21522707770675417,0.03152390121297578,0.004901392863161635,0.006568455747819201,0.037144090284774084,0.0010029429284977296
spot_0810,0.025671649983638044,0.37444827841930045,0.08430286443667838,0.21017192985532562,0.1490511737029698,0.0026289573455626812,0.005594641436898961,0.0022724269843712574,0.006332033687725,0.06955210499474097,0.009501150660294916,0.022494215939092354,0.021705195467359287,0.00215871703709359,0.0021186117222948522,0.011996048326653854
spot_0811,0.1340036053084527,0.01801046685259613,0.35080731559141554,0.03001562569066658,0.02395436845047847,0.007926028346447105,0.09315241709424185,0.009012538537745892,0.0037147230489848297,0.005449589382032031,0.016573300246409583,0.14665014551132075,0.13690529998075815,0.006104733816330513,0.014562774494684464,0.0031570676474354077
spot_0812,0.4158155061241699,0.2537450938466894,0.16376934634578907,0.011929277969110393,0.012704619315175003,0.0012905493398646978,0.0023776716714210906,0.0018776486358228497,0.03438665187368516,0.03354784024672076,0.00612613700568952,0.022284049424534165,0.022071562311245702,0.0015634194341271378,0.0018407031376591414,0.014669923318295962
spot_0813,0.13276272891671498,0.1005831653158396,0.14728998000983473,0.14629638716544202,0.03696209059106949,0.13206175417987354,0.045477271858852024,0.014665978177728052,0.0009076441236840548,0.0009683503038410889,0.16856003330168898,0.005179768487061222,0.02389717375981087,0.0165430347280176,0.02703970636089977,0.0008049327196420186
spot_0814,0.6131752941112295,0.00697372741984639,0.0822111348978436,0.014125526571223604,0.009893522274794517,0.002628817735727684,0.04201892164379643,0.004060377679754406,0.002102873091494224,0.00168225308642077,0.154586634301812,0.010705165736365584,0.030359982411139803,0.003947591544850764,0.01896993088879489,0.002558246604905849
spot_0815,0.3129620786666684,0.0034621835943962898,0.003776487582812278,0.004271585980665428,0.3310999129519843,0.0076647029899581266,0.02496359247606784,0.18003989653811855,0.0023363775460845584,0.0022426231351059538,0.003711823781639742,0.03866158996282983,0.008163390090980573,0.06946641667739678,0.005128689424159071,0.00204864860113224
spot_0816,0.28756242743978705,0.30166390595061515,0.022393978821990373,0.02752622179427895,0.02723875071966714,0.14712723595082058,0.011036983951383283,0.03344146819524592,0.0009318269107322915,0.0010628316044179074,0.009137345929209032,0.048857523714762915,0.011258501269314507,0.06321018672199033,0.006490325282965228,0.0010604857428193183
spot_0817,0.0006861044806538375,0.018504570054032495,0.2782531478318427,0.09339733944984631,0.0007189524145091044,0.0035866498309078507,0.22794901492575256,0.1212753817969106,0.00903387772256684,0.04545852834375651,0.05702921448268967,0.0006318208600860291,0.04121473992857326,0.021774549305003877,0.06265019481065827,0.017835913762210085
spot_0818,0.0010393130219079167,0.5150308813137434,0.038471785802906895,0.01719766243186734,0.0008937670445912887,0.12776159855058583,0.019705091618817328,0.006917401480504625,0.014990712107833653,0.16536761363217742,0.008145807084110493,0.0014808336805796664,0.01803977112984223,0.014157041004442622,0.020734070104913,0.03006664999117623
spot_0819,0.3031367174050483,0.2724796756389554,0.02660045629659978,0.11679852561807448,0.20971258892694516,0.0008979673808536253,0.0020136558610566067,0.0010634198441759012,0.0011296702537252458,0.0014482117184850115,0.005042065584474443,0.04256197584921845,0.01345337718515848,0.0009717372930139811,0.0011249130416678612,0.0015650421025472517
spot_0820,0.37293647202596136,0.5384918719726124,0.020016837273242445,0.013140111573853152,0.014409039158779289,0.0020787077321058056,0.0031824464031303414,0.0025931310480150553,0.0019145864700973532,0.0018238449802603035,0.005515475291161729,0.005992784178274936,0.010611968295130248,0.0024695268875747694,0.0028567806324965215,0.0019664160773042363
spot_0821,0.0786564322669555,0.16023445160229016,0.25811265074012013,0.04861572760995605,0.0837111630206184,0.018706488391483443,0.017753190661040315,0.08163611093025287,0.0020975068227676668,0.0019512934255598786,0.031692367550698916,0.011024931968113914,0.057837839740324484,0.08921718577473708,0.0566132596061671,0.002139399888914112
spot_0822,0.32599431413522517,0.013100632088995838,0.0960363086193796,0.022671760421355866,0.0075785878381372275,0.005019259808592286,0.20651478019905656,0.1296807062058213,0.006680593221543111,0.0470419443852661,0.05317270754270402,0.026869492030657343,0.010966388294065987,0.02051169278192389,0.019733986015699846,0.00842684641157587
spot_0823,0.4236740015450721,0.007931453510423184,0.19913248802030095,0.020916723406740237,0.012476088203355195,0.0030943803202280276,0.014780533010299019,0.0048926198609488625,0.0008920664408463111,0.0009946817025054087,0.21067914916667932,0.010297490906867782,0.007235450767733194,0.003641608674079294,0.07839995112677381,0.0009613133371473115
spot_0824,0.44912099957397134,0.29457643255945803,0.12372139543437674,0.011196627294875918,0.017826317211807826,0.003989361648392968,0.005603862082045137,0.0036171009473377393,0.002274943495751175,0.0021669233760537206,0.01202160798297357,0.056961389051691444,0.006391190041280049,0.0036242415262578843,0.0046293465415650015,0.0022782612321614465
spot_0825,0.25736323725349236,0.01672357304574505,0.290515245229825,0.023651876786514155,0.020922782833376355,0.006796458528274501,0.2820545653997437,0.012272907415315589,0.002457641755699221,0.001830098609872628,0.01807561725107918,0.02603968615489672,0.008145238457758521,0.006999837276999055,0.02284191445484779,0.0033093195465601095
spot_0826,0.22154775357522333,0.055049664592342416,0.30185657868097,0.12981910942818442,0.0134697084854819,0.0023609742880352867,0.015561566623723364,0.004746704661814537,0.0015649088135706744,0.0012169452597555344,0.07233214986849233,0.015289965144379067,0.1519479290019018,0.0032519195673251225,0.008748026912220921,0.0012360950965793515
spot_0827,0.5071055516731064,0.09610497054418946,0.034663010462984305,0.13197731767251505,0.0235593465742417,0.0024908061114039207,0.006412733228549742,0.003284944774837837,0.002383418552149583,0.0022666109898775142,0.03733956867567594,0.13162221121630785,0.013128422275133505,0.002775586536380991,0.0026281622319916263,0.0022573384806545377
spot_0828,0.4872484862084994,0.009063023850223614,0.006856024288359516,0.14466146457087026,0.16723564824016984,0.002213933427588951,0.0043172401510964175,0.0023057054596039694,0.0011826648783517467,0.0014796126254623741,0.04575006252705594,0.11139211716385285,0.0051148028294877865,0.0017012288461693845,0.008230424791474907,0.0012475601417330294
spot_0829,0.2316706505584171,0.0326202320008876,0.01986814382348351,0.052886574461838254,0.006824318955383515,0.03737399485831358,0.2961105251850429,0.17343945690287943,0.003346763781236675,0.004567623513349276,0.020299480405838403,0.02388169733650161,0.020857702702770688,0.04334063374564135,0.028897985135395328,0.004014216633020809
spot_0830,0.3499584197667663,0.11376136815731883,0.014290869262667961,0.24615331227459467,0.017306375233947898,0.002089965373712637,0.005158246072127228,0.0031276619741249104,0.0016156495073394608,0.0015442349312147312,0.020231792646644067,0.012603802830570585,0.20385645030462565,0.0029556850314372664,0.0036789068507671577,0.001667259782140673
spot_0831,0.05641227733302805,0.005344815811792555,0.005130935395203219,0.011955258265749717,0.010289015773013945,0.1868371216745035,0.07786470134740053,0.11769391287383799,0.0027961604038635912,0.0021344934427152567,0.008664454230513709,0.2758490000692366,0.008367997387769395,0.195496175000449,0.03345277569067456,0.0017109053002483487
spot_0832,0.6108996388425071,0.14597065380561178,0.05960071998368099,0.03683981295421838,0.02600838023406492,0.0012596461965798684,0.0025355478123754945,0.0014944981672459325,0.003588164257886294,0.0027492100366992003,0.05041945472095599,0.03256800876164832,0.019353299930121057,0.001398862581275413,0.0017647987467435866,0.003549302968385677
spot_0833,0.41060533793883297,0.01027197950261643,0.1271587830777414,0.035125447347301206,0.01946866286739013,0.004443886273452996,0.007106303635163011,0.003171636549010856,0.06274974951026453,0.005203878935897804,0.01949890328143799,0.1961565056243298,0.01360110032265849,0.003412886850792761,0.005997059761095552,0.0760278785220141
spot_0834,0.1911719640678886,0.2311162510773532,0.06902830613511914,0.04400182770380348,0.07118994830393624,0.028919203897312142,0.020735450597064397,0.018049048948203687,0.09032721005896444,0.04044186554749841,0.060048647850598734,0.047036730486249144,0.010598497362042991,0.024098754082937598,0.03580100686179967,0.017435287019228116
spot_0835,0.22897105380498872,0.011048110303570243,0.031554971126487134,0.1373573916275884,0.051112662570808605,0.0015429127234605573,0.009074689766325307,0.0020940696792827967,0.14037640427725037,0.008896639051791241,0.22511833877524381,0.027209917703713546,0.09517385288641646,0.0018660539048559479,0.012919862019144315,0.015683069779072557
spot_0836,0.08228534973691562,0.009188949551345794,0.03016262387142871,0.10768117817433616,0.09734428764687296,0.010374493685098707,0.2107326218768717,0.028762138942312946,0.009644258342398116,0.09451860336312408,0.018098971459459316,0.01827130497713393,0.008266989419591551,0.0529047818963399,0.2160862220319519,0.005677225024818617
spot_0837,0.0007469767504769242,0.2571998185124305,0.08784255692265128,0.3996074259229756,0.0008035148010864544,0.16964571369360082,0.012283101751592626,0.004644357597419496,0.001310164882461852,0.002155064908068602,0.01326207460257351,0.0006117258165950795,0.03822709036087212,0.00545027072977551,0.004899741119090866,0.0013104016283287435
spot_0838,0.0009186255406259158,0.4014581472183794,0.026777442199438544,0.03038690323472624,0.0009519567581923233,0.19057128534881063,0.025331810178394434,0.007453673090914866,0.18374536284450887,0.014434115817038197,0.008259110131963886,0.0007230935825419965,0.025765283610318754,0.006881729017353396,0.018223819774139546,0.058117641652652964
spot_0839,0.0012001930212153038,0.18691070388116307,0.3893655320975344,0.12544740333632867,0.0013207431412263781,0.17616619882829307,0.010135723388728089,0.013370913025029801,0.0007081829284540048,0.0006569857115940262,0.05558096081193999,0.0018030354987649876,0.021049961884467634,0.010648365136236893,0.004868891099266764,0.0007662062097569633
spot_0840,0.013067814313033792,0.0793216427136468,0.06324007229974335,0.06080949571113442,0.024680612877161077,0.012444343926736282,0.10864967844675978,0.018916049738399162,0.05590297632301716,0.2309735850980098,0.01129568845195471,0.1313438263991381,0.026098784809296047,0.019945113930047637,0.07144839789914768,0.07186191706277414
spot_0841,0.0023215033280717086,0.9080504063711345,0.024040104739553092,0.013137447680771464,0.0022799335959127203,0.003119801676028658,0.0048082834930882005,0.00367984264658302,0.003021446352827819,0.002867174740085325,0.007754277036652694,0.002200605684326372,0.0131937858162948,0.003244055354725515,0.0035705126883488836,0.0027108187955952254
spot_0842,0.07610928178469635,0.05113466663227005,0.18055536149455712,0.009479822061005894,0.10055075170240568,0.26412413462361795,0.0084063155120772,0.00748352462468972,0.04786050487795218,0.1517675877717994,0.010452844245815227,0.015142002822437094,0.013025733166433464,0.011565646078846753,0.00603203204713237,0.046309790554263576
spot_0843,0.08777782641063911,0.27803906006374685,0.3371315731423254,0.032095351459071705,0.02086373661462215,0.0022449560606783263,0.02263114536814732,0.0028540591385861577,0.014128270234386713,0.15610220682470516,0.011763084213849695,0.010360608251501783,0.008701925631858657,0.0029429190520806276,0.005085492055750071,0.0072777854780502966
spot_0844,0.44520822583635605,0.05285512932685005,0.18138601037071314,0.012254302371055464,0.04587983795271015,0.14190722897373417,0.022993157087934903,0.004482278422531299,0.0021137435918338514,0.002426536995144153,0.011768952191606065,0.035413772071465184,0.01441457253757748,0.007652006517980148,0.0163183196037062,0.00292592614880168
spot_0845,0.40144931497591635,0.009165382912395352,0.04152778326500643,0.13129102172604862,0.14099949644831838,0.002706243727879795,0.026935314745492583,0.0034320534778563266,0.0011792760985967414,0.0011393837192796407,0.11983770547713635,0.0589338434294135,0.02767453821615825,0.003400102896937543,0.029285098600703593,0.00104344028286053
spot_0846,0.002825333383532871,0.03761259028054268,0.12362605577362605,0.015568181731082324,0.0033953593222697605,0.004972951112537405,0.011945051191205482,0.0049176577929842605,0.2592304888009679,0.07031641874092694,0.0738419371959433,0.22819002414878262,0.009550671524010868,0.003897047526672923,0.11231106619672729,0.03779916527818738
spot_0847,0.08649771872761249,0.1616083440843445,0.19227991097918573,0.017705310986266185,0.010248021013343446,0.002396257209824684,0.0038422616788622126,0.002082523000393292,0.018966094974951934,0.10326064241615322,0.15651152972357918,0.059105966300403524,0.007402013714524326,0.0019710717766753057,0.07936349790525227,0.0967588355086277
spot_0848,0.4415470902682557,0.244635673255501,0.27822358057391383,0.0035805288470315833,0.009416552864815436,0.0023243161469129357,0.0024667303930123808,0.0018876627894901781,0.0009366494930220987,0.0008384463216417793,0.002853755410156052,0.0030294225111787993,0.003461333419276072,0.0016737475353838585,0.0023278155747863643,0.000796694595621913
spot_0849,0.3449679437153053,0.02166736784474554,0.11805614766084316,0.02385682576234269,0.012649002546729361,0.061247514268099094,0.13322979470601284,0.06466318948482752,0.0011148566786611585,0.0015732462503329318,0.09399796756835457,0.02846654870034498,0.0216310387138358,0.047092609981518374,0.024716647254936632,0.0010692988631100368
spot_0850,0.09370784753231834,0.017285233598725365,0.285483085389864,0.022625154601994494,0.00921682328622892,0.0807746081312711,0.022604477548770274,0.253224798721044,0.0011098337650564465,0.0010022646551736355,0.07652274044955049,0.014232650324884905,0.0284623345283233,0.07959074571640777,0.013208386999486637,0.0009490147509003791
spot_0851,0.0008646038392848004,0.12756279047987207,0.36545703008719077,0.025957445226182804,0.0008765508456396592,0.009733725300035778,0.049641661810334185,0.021385789038994477,0.002262377665384541,0.0017848593857050902,0.02004213442360382,0.0008809547421244419,0.010392501964878707,0.017743760777984407,0.3434158052853306,0.001998009127453848
spot_0852,0.3729127078467091,0.14932292461541966,0.2894423590202338,0.021117678576988617,0.011975327580365716,0.0020697864842442225,0.004107087894401103,0.0022589341804971526,0.0013202456164349264,0.0018048620361694977,0.009989716703211386,0.11902776724705894,0.007992843628249187,0.002124412985314222,0.0032391239909000977,0.0012942215938023772
spot_0853,0.1824285009026728,0.1737663346779286,0.021517279294012603,0.03876110895114719,0.02457813920281598,0.008658206947095971,0.01597578547367489,0.0308684807812269,0.030310644073837788,0.2461307269380227,0.02714403648923197,0.018365575224220082,0.06661103078376168,0.028575732075398066,0.00862750411908978,0.07768091406586301
spot_0854,0.13574347260949782,0.132678555436049,0.15535352346371253,0.08237738858790188,0.08580183874812541,0.0030921500780576893,0.054264892516470695,0.056874867896146285,0.06357720987831958,0.07417821050322522,0.013985650312949117,0.014772077780886952,0.011267939349505788,0.009427265111716364,0.004375585385849736,0.10222937234158594
spot_0855,0.2509100247781719,0.13089153626517064,0.021913319424520007,0.0251146112954867,0.014529877664916072,0.1458434255097198,0.022086647582327864,0.03311724039856002,0.0175938301950299,0.11038832215764376,0.017435034735184075,0.017787627127610135,0.019071888096683417,0.03713015564411414,0.13096847704545464,0.005217982079406914
spot_0856,0.01833369098574033,0.3243182438611768,0.05424013174234072,0.13772221066801432,0.012676947445404877,0.0014765610172313116,0.04135966566942149,0.0019836937227521324,0.09473713474121953,0.1311967817750885,0.004806173826921568,0.002117775872199892,0.056210331893665116,0.0021534740274540168,0.0018894956169725207,0.11477768713439687
spot_0857,0.4379690240082668,0.004360429535119624,0.022223464083031153,0.003905294012749839,0.09791962182820015,0.24277477251532226,0.018078005467607006,0.0030425287494053434,0.003480384028242648,0.0040548823160229406,0.004241705974882137,0.12353027938355352,0.0035224257303036357,0.00422299168843975,0.023135525960980105,0.0035386647178731103
spot_0858,0.4800944957203978,0.029618836932418655,0.10973119088466206,0.01714003733165273,0.01494591449552277,0.003650127514334756,0.026302838223522546,0.00685502435401321,0.0012772510281820466,0.00129916131204676,0.08007639125485605,0.02055789648663283,0.038247168800839886,0.004319688454517195,0.16461983263992738,0.0012641445664733505
spot_0859,0.13726955727909068,0.13916056048463374,0.1285068460625403,0.09772899916044545,0.11119417757853477,0.017648139932020575,0.09038047890276481,0.04273677612653501,0.017213259605290174,0.08805706048186966,0.014812238441392843,0.04021150816510717,0.040175709528078696,0.02171637991744192,0.006573842024767407,0.006614466309486805
spot_0860,0.35810597466017746,0.043801279917815815,0.032119471660044856,0.042794786159553226,0.11911393502041047,0.03466010903514103,0.20848679379342078,0.010807122710024502,0.0026317803712596287,0.0035377846569847574,0.009669928089131221,0.014335812133688142,0.009017353610080022,0.02230195823590254,0.08210166880038351,0.006514241145982023
spot_0861,0.517076070861366,0.0526992039433175,0.02403122603157402,0.1449708162509,0.008522117997433805,0.008474711410699883,0.04986970246855569,0.05879489640916592,0.0029246783546339524,0.002534788208084464,0.026372111463529822,0.008826616069981311,0.055577309644899146,0.01902085266909097,0.017175989839382733,0.0031289083773848245
spot_0862,0.5281805244797902,0.201068755819624,0.031229744508680424,0.0036830100704412024,0.016287309378942683,0.0014985198248445414,0.001881157038264652,0.0012985125851845535,0.0019428778650703398,0.0023070854508384503,0.0024222012893602863,0.1980979864625113,0.005159721312607216,0.001288052508278027,0.0017346815793571903,0.0019198598262048369
spot_0863,0.407708400110817,0.008272263443765948,0.29718351995129433,0.0072188291817386,0.08223892180952301,0.0029647015357975827,0.008432823428145613,0.003506646242003684,0.002798202097601328,0.002759768890508,0.012807109197635268,0.1417585575169837,0.008042904909508599,0.003311063368191933,0.007304412564673491,0.003691875751811879
spot_0864,0.22319266910812868,0.04506197846123066,0.2524810569226417,0.00530566014098239,0.43234223258536963,0.0021187753098145957,0.0026693846236818036,0.0016530979784462694,0.0019686662453410964,0.002853085372158772,0.0037571895803550164,0.016125105279786087,0.004752515090887846,0.0017061374426838192,0.0021280153630462346,0.0018844304954453832
spot_0865,0.3180571475034772,0.055704783664930986,0.16883171497208788,0.2915189338884477,0.040951838512830865,0.0012928391968305682,0.0037156627904023406,0.0017302858608661319,0.0012160260748839162,0.00136904450633877,0.06986404001804411,0.032725334184370784,0.007818749490026044,0.0014524757240499523,0.0021944482000314006,0.001556675412381396
spot_0866,0.4255284354242429,0.005748278361417186,0.006070699658170014,0.028322987154925035,0.01347057279351444,0.008258294478216681,0.2589954174379567,0.1424531669083039,0.0013197966926173478,0.0011207165515232762,0.013588994683867955,0.014298816272935874,0.0072213597878431094,0.04421209052296003,0.02799553660147217,0.0013948366700334354
spot_0867,0.4218966947362708,0.058036855685694715,0.36036954965093587,0.017869084961337576,0.00713832366360209,0.002810144133987131,0.014455700123476687,0.002960250560909188,0.0023064476045669014,0.001624322244119391,0.0052196952979099865,0.017258594660431642,0.08006677914820605,0.003453906165655818,0.002094423485976091,0.002439227876920074
spot_0868,0.1914243568429199,0.16333090848839837,0.008062967844475286,0.032585355670079134,0.10250173384361243,0.01406148176768142,0.013692319365501407,0.06355277003978879,0.040563127992703,0.11610027775327203,0.007013389128200522,0.1840932675902822,0.02054330569427669,0.030017800027736647,0.005854875397834988,0.006602062553237184
spot_0869,0.21727549429601883,0.18881939550597862,0.0392502622062279,0.04253254692990122,0.017462876871225327,0.016529724555334,0.05103916796104884,0.019637064522266066,0.0012718607906277608,0.0012864450276924302,0.02726975616801371,0.009935834161716867,0.04876746791790801,0.012098789530624151,0.3056266274850032,0.0011966860704130853
spot_0870,0.3095500723415522,0.11970195621976538,0.14649048556083624,0.03995418346780836,0.06115046145962226,0.02425231083274216,0.08907189204794247,0.0112397684902576,0.002118602874155773,0.002974539289941442,0.04901357477302655,0.02918248229541554,0.00888641330069669,0.02137989167478404,0.08234017673238402,0.0026931886390693088
spot_0871,0.8532838179789717,0.007473122157776837,0.0038358304077352333,0.017013577680801095,0.008877869300240336,0.004684189906988149,0.0068948114299531476,0.005499127013416599,0.001614135949144615,0.0016210068649487866,0.013380550242897521,0.05139730891953945,0.012423737915061751,0.004409210808629004,0.006157552402593097,0.0014341510213026617
spot_0872,0.3601183340077794,0.18480021122709298,0.04688441091875955,0.11664746036285702,0.06101413491446455,0.0008044979270703541,0.002026952352061254,0.0012030143718736747,0.003377797485590287,0.07241304144366217,0.003750326513931527,0.13212097194651948,0.009950045477547836,0.0009726286062075862,0.0011840290690080615,0.002732143375574332
spot_0873,0.2656117393648579,0.013027545280206469,0.25277361964373707,0.012294240732420861,0.012915380812841628,0.014708761395566967,0.023080514322509255,0.012807832619488863,0.22621505426843905,0.009636052636313362,0.01836593382437871,0.060031618349744936,0.007142430521639755,0.008064116471294002,0.023994188524494586,0.03933097123206665
spot_0874,0.2848043466723017,0.13788612240010564,0.020867279316051014,0.008501958038151972,0.018035747398315465,0.15931726370371496,0.012885564646220215,0.15318403015280962,0.0011291499456232684,0.0008929491313487309,0.011606056842523523,0.028826764143746016,0.012657365657248492,0.05017366657138699,0.09806837783068667,0.001163357549765721
spot_0875,0.09369239594905389,0.017423044299395157,0.016581225257715566,0.007531954534081141,0.09393825769381421,0.19786089665939852,0.017270085748862192,0.12175184029775593,0.1147327219579024,0.05027231931404854,0.0062315346983280295,0.19697795974231386,0.004575785536898417,0.017862200443031162,0.037573129069305336,0.005724648798095652
spot_0876,0.16196919672975557,0.18401034803091088,0.06733358539645272,0.07120286962584049,0.0856615053413624,0.024986016371100754,0.07408397475254994,0.05892035182740038,0.003265409090975257,0.0020424673591609064,0.060366210918169474,0.025835014349288806,0.012768113065245055,0.013209471800893382,0.15188128968036363,0.002464175660530345
spot_0877,0.24792558076768462,0.3594066557855352,0.17090729969196225,0.08497468193249183,0.015469126106672235,0.002866386886587431,0.005615642535823247,0.003065160011699246,0.001976356796943523,0.0018432411144332734,0.06729958304039671,0.017249456006144696,0.010078868147720823,0.002472507703125067,0.006696882777805703,0.002152570694974146
spot_0878,0.244777678719975,0.04824562195939687,0.35303911069570454,0.043438454254042816,0.028547667400496437,0.006216010299597577,0.07279392742032977,0.038870356718516144,0.000992664040080363,0.0009243175719079599,0.02917710383193045,0.08900813925811736,0.021138285142758537,0.009995690166739395,0.011913787385788127,0.000921185134618636
spot_0879,0.4853476815707581,0.03770051328141057,0.09785300193703973,0.04674163018770717,0.020301064726898025,0.09379675874469047,0.00932783017286387,0.019328508082155853,0.0016542910504202077,0.0014269614832343091,0.02869520035903173,0.08031822089285644,0.04194256053660101,0.02470244737498383,0.009188168357431315,0.001675161241917401
spot_0880,0.10523831481382455,0.15479426694027298,0.33111420457383595,0.008513800275677521,0.006951816238794356,0.32164405959181896,0.012725965267878342,0.007449865392698538,0.0015562276702467445,0.0016998134508697164,0.006264429339788972,0.002910688694236933,0.010519636588203127,0.008799076017805012,0.018539389874205916,0.0012784452698423752
spot_0881,0.17059684413819606,0.005557266894668499,0.0037525914029034927,0.018762653036794148,0.44426569566901325,0.014343342823848929,0.017918545321092366,0.20574413378914921,0.004157046440404995,0.002826975576171962,0.021185498201717713,0.019435928931225244,0.031021926680576274,0.027549385536947038,0.010382414289741959,0.002499751267548815
spot_0882,0.16604478668221623,0.016146641979337864,0.026413536824118757,0.08575135411734934,0.34583241291307265,0.00791027441298451,0.12344888863836204,0.009234917369861113,0.10122445047527749,0.009420645627346172,0.01899590429244873,0.03421816751150139,0.008298517546004457,0.006170082353117617,0.014462613321019125,0.02642680593598252
spot_0883,0.1824611044719202,0.1847818576251429,0.049980317850157954,0.28080689392882796,0.007384911023402041,0.03060936121800854,0.07999822155936694,0.021708349471686712,0.0008138250926972488,0.0009304489179159726,0.0444211088303315,0.004496493488392119,0.03433854092704167,0.06391181470246465,0.012539846998903608,0.0008169038937399915
spot_0884,0.31704635865263187,0.03259115529873252,0.14262548586376717,0.013481413716249785,0.010223036220524428,0.06276515632855698,0.11463840234243358,0.026304449576345028,0.12388986033338337,0.09243382489219953,0.006362445673749207,0.00860047948763527,0.007753069046137009,0.014431558275132067,0.009443017120622864,0.017410287171899318
spot_0885,0.07417143912857493,0.005144413414974398,0.0045571051475375365,0.02261147949088069,0.5025361691149951,0.007654954116068138,0.03862384360781522,0.008809340970850914,0.0017150869177368253,0.0018148758606180702,0.08476392581890775,0.01922075415593888,0.012733557594707163,0.007501804716721135,0.2062018587698543,0.0019393911738188805
spot_0886,0.37849511011333953,0.12021205475937256,0.14340148197852617,0.014478399255726594,0.010879972147271303,0.0025329136767578268,0.006722034032225037,0.003078774831030099,0.15314881943800618,0.008231157806554399,0.06204441906866749,0.04973984554268292,0.015763579717978256,0.0026510162750481114,0.013749138208022985,0.014871283148790564
spot_0887,0.3686625818331832,0.2269378103297503,0.3569991469160943,0.007565099401249913,0.005372282516251921,0.0014693419139188153,0.0023741794238137243,0.001490303014524668,0.0012553905190657538,0.0013256087456903652,0.010410592017532921,0.004211011461700326,0.007129854846178023,0.0013769014265380406,0.002192320673040444,0.0012275749614673228
spot_0888,0.0008880102371993361,0.2660218117107944,0.2210834553632011,0.014417317803730342,0.000954670678894772,0.0015237701320661918,0.0031116164364523163,0.001465712154277662,0.2929008283173741,0.11856238655494993,0.007935425091542525,0.0010689971766448462,0.010728194700249868,0.0014882032178788608,0.002154356616959774,0.05569524380778403
spot_0889,0.23934409877393245,0.09882661105237474,0.01463817399979987,0.1595997538641276,0.01733606084904877,0.0033048046612950267,0.005208782966102127,0.002599885450876,0.018320594583337773,0.2610609484308472,0.006502948574786623,0.09512744184508351,0.02348690177141298,0.0026057273488917457,0.0026041326628550936,0.049433133165228446
spot_0890,0.12302136963256424,0.3863496163965435,0.028646967000074876,0.0775619072760887,0.006971853225036782,0.0024281199400971137,0.006479601324281854,0.001937663630513326,0.018412593535221438,0.20274884868888002,0.052694189078786,0.007408645490893735,0.05835823670004298,0.0017540108849592255,0.002473200721092743,0.02275317647492345
spot_0891,0.14803160333492565,0.11537238957124415,0.3334958888015781,0.08514678731430898,0.00888393099884563,0.006822842598444945,0.09004132293955397,0.1377276843069064,0.0009055404193661779,0.0009035408709269607,0.018164913242269966,0.004772023664373159,0.03147634693507312,0.012095491493202637,0.0051346798374233785,0.0010250136715567605
spot_0892,0.10501050950282807,0.00280923850748417,0.0028204352880710623,0.0044430463171418865,0.14436896911302352,0.007925119077692964,0.1678728855376092,0.09474195801657385,0.0017601749648314027,0.002325528531829387,0.0036850200118735627,0.32655506499279474,0.0042445898653230224,0.021964162508509674,0.10716356698077086,0.0023097307836425942
spot_0893,0.0006162507491271301,0.30242038511585273,0.2414156311143664,0.341764673048975,0.0005639695757234159,0.0014292722960939776,0.00465016426709933,0.0017464314505863103,0.0007596816409545785,0.0007984059289243962,0.06265017715146326,0.0005111334110360797,0.03673221303752275,0.0014085419985812395,0.0017994323836083076,0.0007336368300851118
spot_0894,0.06311620273801209,0.06941244147477764,0.35147350563524976,0.12224468510283173,0.1907506206049575,0.0034353155206589547,0.048711651420858613,0.01781550152006723,0.0010283842541110018,0.0010697543127533944,0.03321201904040905,0.03768406632426,0.03156421013172987,0.019966009422480977,0.007477863149477281,0.0010377693473648858
spot_0895,0.4980603518432166,0.07078843337151904,0.1790720374927076,0.0744170966135127,0.01658627121040579,0.00192644407441665,0.006154223299770581,0.0028706550501225118,0.0008606212092394922,0.0009158782966604618,0.008594900893976987,0.007695410793493707,0.1255130801472398,0.00350019645183974,0.002032676496952328,0.0010117227549260087
spot_0896,0.3030019282238759,0.016302437497843263,0.23727985116168523,0.011750456747460886,0.008846879410990018,0.09890611459743995,0.022593913193629973,0.0049436294978935,0.04242709826653687,0.024856099824426093,0.008341274912633537,0.1249952091486678,0.004105640393696646,0.004864149635291972,0.026027419593564496,0.06075789789436386
spot_0897,0.34600183678712554,0.04436349178696518,0.20879426971551732,0.09415482095795968,0.00748339688313461,0.003291590657840604,0.12473156356946656,0.005050999567595109,0.0022590353601226673,0.0023592241870436046,0.1030242059907282,0.015165503593850231,0.023764020786398634,0.004329656252235056,0.013203887030724469,0.002022496873292511
spot_0898,0.33604178303773236,0.001758369772520031,0.001723556827365207,0.0026062575592042977,0.04004130365713512,0.00806339564973196,0.013217559302619624,0.05173926644980774,0.37569476806615654,0.008971805653162586,0.00212369040585037,0.013587162321296701,0.005971220427896293,0.0704453254666871,0.003004171182288965,0.06501036422054512
spot_0899,0.00042767013830072575,0.6147276706256354,0.05596334018798389,0.040932924083329214,0.0004271850637246916,0.005481761542544468,0.03217561626841368,0.023432917627674712,0.0011074681680633563,0.001028978852224435,0.0383718236428294,0.0004785957475195099,0.06238745734533716,0.043436943202977876,0.07890804476684507,0.000711602736596381
spot_0900,0.00036430562944206123,0.25855931266474963,0.14580892873670362,0.31363619579412927,0.00040455791981218377,0.0031839376420652143,0.06540340853143946,0.06055542313296503,0.0004939920714711786,0.00046416335864553804,0.022742057336474795,0.00033913695196106404,0.11175722170899514,0.011974191702547102,0.0037623259644523218,0.0005508408541464243
spot_0901,0.33860648943193944,0.18610169100639698,0.08861643502749325,0.027429621974462064,0.013084220136906702,0.15007220137885952,0.04977030740765705,0.02778345065368516,0.0011705020577066998,0.0015586617841665405,0.00822414769512784,0.05797928715395267,0.006863630780457726,0.009402909050508439,0.032226123316819635,0.0011103211438602675
spot_0902,0.48753724918085317,0.043856268376313505,0.011539201553061252,0.3786344028453514,0.010248820826938888,0.0022910259717136405,0.006106735981654519,0.0026547302971282423,0.0019448885674778766,0.001874633059061985,0.010195081599005526,0.012035390104756122,0.022615281035084048,0.002504620225077104,0.0038683942484995537,0.0020932761280231887
spot_0903,0.003962320281954162,0.011744808735389835,0.011745900904763074,0.02107300756313368,0.0030032681210787645,0.015439169172321163,0.6647974326053206,0.1169608196160278,0.005660837778903422,0.004517400524084447,0.016031702625615717,0.004676907196474493,0.020196544939291187,0.04661960118866636,0.04755240618250536,0.006017872564469924
spot_0904,0.18228780471156664,0.05193430438828707,0.05587049989457591,0.03894213717942304,0.014096504490330241,0.2136669053737872,0.01423160232332347,0.10204159734026677,0.024216732747169862,0.1712059972323716,0.018181056209580458,0.010534892885607942,0.01569665074184279,0.061926546778688134,0.01386616999092436,0.011300597712254466
spot_0905,0.22938816380566818,0.22652174227874955,0.3247161062349431,0.08543100313178051,0.06128132144886641,0.003049055182642772,0.007699407032754489,0.0029752571405820896,0.002207340074851387,0.0013670148302534991,0.01259104635703598,0.014139595971585503,0.02052175143907238,0.003751347075313341,0.002594006504439349,0.001765841491461438
spot_0906,0.007734647235001306,0.260181881847138,0.08498611659213602,0.051364414544566035,0.25395386962291383,0.002552869986400753,0.00791281356362951,0.0032472314967804407,0.0014908683655449249,0.0021207628133598964,0.2620165800466373,0.008709631428064812,0.00980947049102313,0.002600777737393499,0.038990605156457164,0.0023274590729533765
spot_0907,0.04031721733380979,0.24887624967256555,0.23694351851619563,0.06642240521323729,0.2716738408586133,0.0031029579191860796,0.008125630660496744,0.003901413747427093,0.0021212704955827252,0.0019099751276337295,0.04212563947896488,0.04706730030385075,0.016367648151528132,0.0030593773050599494,0.005520337350506081,0.002465217865342278
spot_0908,0.4604540099884876,0.06459995371687063,0.18579596316876845,0.14470903512361463,0.029728624393048374,0.0022529229242893643,0.004288540603246443,0.0031664137733504213,0.0018101436554564946,0.0021006062661713294,0.006220245855085014,0.07577918563115892,0.012439418893806883,0.00260842995929495,0.002364520766617271,0.0016819852807331713
spot_0909,0.1986739339242305,0.17617122574619618,0.03180912826741363,0.021126468364813286,0.24512227277011453,0.014972538478389544,0.024165410544380452,0.08685255815593981,0.002981094716893391,0.0031115590503868256,0.01531017983350347,0.04723063651262328,0.0068251536254876595,0.09646078255001861,0.026598142285538248,0.002588915174070622
spot_0910,0.35753347551675824,0.49691415902494196,0.06209361776750618,0.008064500589660184,0.04246809780902342,0.002418257798246137,0.0025019564648602714,0.0014794557406497962,0.0012124880988235091,0.0011796911892949676,0.004242027710222427,0.00914646313988825,0.006570982421189056,0.001388551567890405,0.0016691833342063597,0.0011170918268388363
spot_0911,0.0020054418464573805,0.0033546072542526948,0.0037157538418562774,0.005725642404189007,0.0017881204515784513,0.030481500708428484,0.014535662248056745,0.7352297002108341,0.002554001642918184,0.002907920956478465,0.0075712681773622845,0.0017198511262587056,0.005092213795664055,0.061045979900932947,0.11958326535147817,0.0026890700832539797
spot_0912,0.001539871225785579,0.009323962322219145,0.008785281276666647,0.011004447239443277,0.0015379567602605592,0.00929632374859666,0.031485739458410475,0.025308615194977745,0.0031637437169568425,0.003105554889333636,0.01373360063904244,0.0014564023988263362,0.008375701294820893,0.026859260917589715,0.8414794990856781,0.0035440398313919363
spot_0913,0.31622946603956836,0.14601155296464743,0.18364332447897422,0.005657205711773759,0.011952502161441048,0.0012115385549959477,0.0025498892977669553,0.0013958305103870133,0.23300775051620962,0.05998857353306768,0.003796332537942613,0.009131867528515962,0.006070235289558398,0.00133607981504942,0.0018143699853961637,0.016203481074705397
spot_0914,0.13552310887129065,0.02951598957606047,0.47015482221326343,0.21128832075566614,0.012734063890984339,0.0013724295777995453,0.0035669336006230973,0.001464035658476818,0.0011369860457211842,0.0012246310830190722,0.10883513864342004,0.008349902044980198,0.008943452909361663,0.0013660435805909455,0.0030955332411824687,0.0014286083075599515
spot_0915,0.40162277742003655,0.19675404603747265,0.02233056524262708,0.0689650927984037,0.025126092874116542,0.0017939633407072027,0.0025016187268006606,0.0015273535099198663,0.0018062895048558403,0.001848863288223592,0.18983983444559344,0.050671277854807385,0.029608040503949655,0.0014234177835572254,0.0023242997597115508,0.0018564669092170953
spot_0916,0.003742285989868882,0.49198407280558687,0.0817776440298839,0.014996484245084584,0.0020421495268764275,0.0016082974524658444,0.0030681203513733247,0.0017336419862945531,0.006307834315368533,0.3478143800596424,0.0057562009777879005,0.0026418995037514425,0.02454516229511027,0.0015782539925710542,0.002274916672326926,0.008128655796007056
spot_0917,0.21697934522770962,0.2684208478790989,0.22495834056903583,0.014098328323857863,0.06045525358354477,0.023370856191623768,0.01978251510479929,0.07706882759528902,0.0020961049168317877,0.002066683138698089,0.016471584245658595,0.008850348391625556,0.02127746857165988,0.03769351766955442,0.004610224627885408,0.0017997539631271744
spot_0918,0.09902438497385907,0.05614708812217243,0.009008309258110313,0.23937907377547352,0.00522176369448316,0.07027079072665578,0.013474150944346251,0.017294921343299043,0.00641374302629468,0.056397102067586836,0.09327805881940542,0.13936799797048757,0.12803634795318136,0.022042809863601097,0.02826819061835339,0.016375266842690056
spot_0919,0.0011960249102755199,0.026976199134842893,0.19162135836443397,0.040436617025769325,0.001161583792019562,0.014201169119109458,0.02111348165863579,0.07279639152041247,0.0009730303103824817,0.0009602599754250106,0.23346537345235613,0.0011827769249405133,0.02024836129484355,0.16149648304189904,0.21125377847474452,0.0009171109999097486
spot_0920,0.21527500555486828,0.108366359079551,0.13483409702865232,0.048497991561519876,0.024398070234539822,0.012729429180585812,0.053458438059856346,0.009544568135155836,0.017463972790437824,0.16720288675521314,0.021624195476453535,0.1280697940951474,0.004489100983727595,0.016670113916585422,0.024030289580272098,0.013345687567433703
spot_0921,0.3261402708469195,0.044181300507332745,0.22463185113750075,0.028458000866714017,0.15336772248985572,0.013361354707089098,0.05050266104536743,0.02434109186439315,0.0018782709228309796,0.001904677932126531,0.017543163776741744,0.05869877923641608,0.014405018659887294,0.023970527501309263,0.014419704177793681,0.0021956043277220616
spot_0922,0.002817946700996876,0.011002249097439423,0.011646879800317615,0.048666028222414746,0.0026942752042540866,0.011542512934605762,0.104027307041996,0.21138373838981359,0.002255979325095911,0.0019417890134552174,0.16883034703355987,0.0019370865567931335,0.013818365133914663,0.20778004344618434,0.19718023003420843,0.0024752220649503338
spot_0923,0.18645743386718014,0.07987943921026239,0.030784085425097175,0.3002283459895436,0.0076668632961038865,0.0037747527773852375,0.04156847596306756,0.02813777126737941,0.0160955614340508,0.0551267931833676,0.017471164897512857,0.03726150642441817,0.11889154337727624,0.01998189177486991,0.0036284485460035413,0.05304592256648148
spot_0924,0.03607565666823808,0.0015591553251480413,0.001556286745849304,0.0014953438940289612,0.06970458641484976,0.00940990075626854,0.0018320385816628139,0.0029747597515088014,0.3261782554181392,0.21469815182098043,0.0013620880012828775,0.30043900874051227,0.0017960717993877435,0.0031159488941746674,0.0015206304960437562,0.02628211669192473
spot_0925,0.13164443668699144,0.11378036089442868,0.27783373711786796,0.12374294651409548,0.015485748782711172,0.0034316403321627493,0.00802958403537915,0.0036655475066195184,0.021909524107518653,0.18695341869138313,0.04643153482250098,0.019803833903307828,0.026012762476622063,0.003168039533061421,0.006978985004408728,0.011127899590941076
spot_0926,0.14633320744463033,0.1590225998104347,0.13728067381275197,0.1781591893976742,0.013303632726520116,0.08334485440631982,0.08460152797021364,0.021951115485880933,0.0014098188075618,0.0012934794926406006,0.008251878438408381,0.08315559712561149,0.030388226918568517,0.03159572490942119,0.018527548826439786,0.0013809244269225422
spot_0927,0.1264283395584217,0.014324574951177855,0.006364364783691081,0.2896084403707207,0.13009919797827207,0.0013461624958155897,0.0026159414395937456,0.0014280780009868056,0.04705951905896156,0.01790680646806082,0.09008862448282492,0.05605410497961729,0.11017334330543407,0.001395088460459274,0.002162279519102781,0.10294513414685973
spot_0928,0.0018620183105591697,0.027388250126988988,0.21695728420969332,0.2633123244290708,0.0017888554076501662,0.005250024664861857,0.06642344810627879,0.012772441220084352,0.003937273287451986,0.0036560974633640703,0.1622827378564911,0.0018634893368501787,0.16947417614586643,0.00883471460506078,0.05011143676926825,0.004085428060459714
spot_0929,0.0007785212086168762,0.42686539862583633,0.08802425604818985,0.0705557645884405,0.0007056190719977051,0.1316800643105032,0.006497556148503919,0.005308186919192672,0.0004954416193300844,0.0005173834710171561,0.21804083528435128,0.0005670190494826899,0.01479844896710515,0.007309003007838149,0.02736095108499495,0.0004955505945995043
spot_0930,0.22560909623298656,0.10182103261838776,0.18847741877118068,0.035596520009041246,0.1573502727159763,0.002015426362591048,0.005836247692213628,0.0024777494211053385,0.002385539902479627,0.0021806827515046447,0.1974884765754897,0.009863228686596679,0.06036813328844602,0.002258888627841989,0.003482568709349378,0.0027887176348094012
spot_0931,0.12189675942302979,0.2259130066425128,0.009130899737925248,0.2658181674602251,0.029089554304647002,0.17216718841431097,0.01010374390460219,0.0070706219056075464,0.0015383647119406958,0.0016875822726337424,0.046540842442847896,0.029044636113736293,0.04043683476125613,0.008242485133793437,0.02936958435816429,0.0019497284127668784
spot_0932,0.18507150192242802,0.2157275855263304,0.019178521535838336,0.1720231889739284,0.024614514104129476,0.011203832932637069,0.033596727552390335,0.055660324907238656,0.0670485394068619,0.009520025345496796,0.008685500496383768,0.017542140936056314,0.019810563131609973,0.08204199240478305,0.0040627980955058466,0.07421224272838169
spot_0933,0.06979367969599252,0.08667950673451166,0.21412150693849918,0.02154104724483728,0.07657410719734087,0.13965344109175057,0.10253715759997911,0.024086359572068193,0.11918039353153576,0.0244092190312193,0.013563371710073723,0.021346053839717417,0.01884329497502715,0.016993079906063774,0.04674630785537692,0.003931473076006585
spot_0934,0.20456108317680416,0.16631312378616772,0.025380041595417735,0.0831656058394555,0.05037612840471855,0.010999130296952783,0.030322250278858258,0.03804155974627202,0.0012710520719749678,0.0017628984178443385,0.0613001799002384,0.15046757465056362,0.02205521680931295,0.05796388433035613,0.09475446185692009,0.0012658088381427748
spot_0935,0.20784443618901843,0.3987721690697642,0.019121338108308825,0.00336091550232275,0.3414041323608052,0.0014011435604883308,0.0018456807667136283,0.0012997473443137496,0.0017616707944339608,0.0020039336758687788,0.0023173642305626013,0.009829084913914111,0.004941325659428524,0.0012311248557314912,0.0012691544800422004,0.0015967784882831952
spot_0936,0.0006803504440905967,0.5097659192852816,0.2425458094939589,0.014635701796879922,0.000764577978037008,0.001115327061003472,0.002628272601644082,0.001291696032072013,0.023055785994513196,0.07733280465502404,0.0055200154643078635,0.0006576758261985091,0.023522033369992555,0.0011726162733228598,0.0016108498597601803,0.09370056386391316
spot_0937,0.33136590298715607,0.028155462412770487,0.3387358398766488,0.005245159599877795,0.007155331583747193,0.2373638105037975,0.007156312673087393,0.007164961688644878,0.0011662895320896814,0.0012615857242721069,0.0037814358659028196,0.004752681194116616,0.008597334202337957,0.011882233272262155,0.004792443755413695,0.00142321512787482
spot_0938,0.22174706811087744,0.018799145205109877,0.018114423454785242,0.5079182137530265,0.09616910305348364,0.0023754735485750056,0.00659104068558434,0.0025628460076816146,0.004775740408154388,0.0033640336666190054,0.07378779023816628,0.01448171257121963,0.017310605004637058,0.0024743159458242058,0.003707407859902613,0.005821080486353217
spot_0939,0.08204662942708142,0.3751523195742259,0.11501962881299574,0.10180918667307126,0.019458106366225802,0.004991136268728737,0.12988516127309038,0.049639171845007636,0.0010437487927257314,0.0013973397888235252,0.056280579358428534,0.009884411172787802,0.03595839436966996,0.008652173539566257,0.007737138059153615,0.001044874678417706
spot_0940,0.03491525296108811,0.04538601252008311,0.29064159125801264,0.05395542960997726,0.04785787702515561,0.007247586205599152,0.01483876414225107,0.06048417484478535,0.01673340743795289,0.15881167079866937,0.11773457630158193,0.020865669712326836,0.011170524941090366,0.019682518148150908,0.0095215021594538,0.09015344193382156
spot_0941,0.16757555704904123,0.044002795011403945,0.15909365215562624,0.0124956455373204,0.04520620375216814,0.029769324717440784,0.018075887594113816,0.08281923777475857,0.06873345438546365,0.009078622768476444,0.10287880104168601,0.03664474598209349,0.010471694325378342,0.14038024226293197,0.06053700987792773,0.01223712576416924
spot_0942,0.4032823621868563,0.01438361181252782,0.36142785195266375,0.00791010358422988,0.15657080874060436,0.0014462812890939055,0.0032804679650359353,0.0015729611523136694,0.004203748342639712,0.003704779983705456,0.008666004008775947,0.011918846453283248,0.01398858735550124,0.0015689355130343492,0.0026304185394347567,0.003444231120299644
spot_0943,0.6206447215371733,0.15712559371785387,0.125126214933005,0.015893689768610667,0.04202729069795724,0.0014290946418024494,0.0027295290913549935,0.0015313212116819523,0.0010470959648795812,0.0009946221380040885,0.005386216583129545,0.006119073729300437,0.01586252656459069,0.001281205747446359,0.0017918628881356743,0.0010099407850741114
spot_0944,0.31810574415920395,0.10409621901873753,0.008564710038170404,0.027135556033248135,0.017412423533537245,0.015335617969924033,0.0738903084097134,0.08005326500379473,0.010671488417705027,0.23230085532214792,0.03274301711926925,0.012160217365813781,0.022332979523591666,0.022950141948803543,0.009117576844210041,0.01312987929212931
spot_0945,0.014305652254652843,0.02937093724332269,0.19529461255434868,0.01827501148295272,0.051848385431067213,0.009899899766153155,0.2094691933143376,0.044291740347942525,0.011695637927448018,0.11103165139292487,0.013510043529276036,0.01610907294018338,0.02795437170571888,0.03218608590121538,0.016783762795140357,0.19797394141331562
spot_0946,0.30457612004500373,0.014167898119924539,0.01640044874391058,0.16916774038594015,0.02417598812151651,0.010102090455051782,0.151149027572311,0.11902872514730528,0.002688479619622999,0.0014184654753490915,0.0912363084780027,0.03847838127165019,0.016302006640389322,0.022883762162728274,0.015290819058030803,0.0029337387032630706
spot_0947,0.08561514433715926,0.38558008638986074,0.3991742539835473,0.011658219190423001,0.014390552758582352,0.0033421200583562466,0.029276178255350296,0.00427712785200282,0.0011597785811188308,0.0013370358052082162,0.004306219580539311,0.007513980319554875,0.04402288235601513,0.004311339683445592,0.002982467947910815,0.0010526129009252596
spot_0948,0.11635004082961255,0.22088858547785944,0.17588107218847088,0.06141417821367632,0.04958055672168461,0.0029692687387730793,0.029573748439093578,0.0039089012593784955,0.16473375636916124,0.02703062652029396,0.02445815480443274,0.017024647339945537,0.03926929677736693,0.004015070915404169,0.0040874999861925405,0.05881459541865393
spot_0949,0.19953879616005613,0.010666807475623126,0.0063551962724407145,0.24829831852633724,0.017397241015285364,0.007843251403292546,0.06972904414035062,0.04038179549401548,0.0014187293581712586,0.0011227052677860998,0.23298087086897976,0.007196475031061438,0.04848357269480809,0.044274954966992235,0.0629833828537658,0.0013288584710341082
spot_0950,0.30495906540375217,0.001452476942531828,0.0014056706975619708,0.001552859846320538,0.07028336049513899,0.0014889718155947824,0.0014533873054011093,0.0016189420592901788,0.1242999928052634,0.01922986529985723,0.001534361768450651,0.2723032749232505,0.00181156525774496,0.0014522254812108497,0.0012156037492096138,0.1939383761494212
spot_0951,0.38103404412003333,0.19565198651514207,0.016662512087350066,0.11483382511916128,0.052576501042394946,0.0017230280507598132,0.0026430386055066642,0.0015168338619617801,0.0020462552510987072,0.0021097550776354216,0.1085921331693425,0.10432439026885282,0.009432230334164422,0.0016032718109360658,0.0031009417112743782,0.002149252974385754
spot_0952,0.20388358050240035,0.029175481478671886,0.4184533879680727,0.14254718387363732,0.05424060579487064,0.002480593747603474,0.0063064262504388124,0.002291638964872495,0.0017427387126648921,0.002148390337170229,0.05074878533923944,0.016667697972580022,0.05857564094226985,0.003551061023664621,0.005094605804576223,0.002092181287267043
spot_0953,0.1566090027741664,0.038722003843289,0.017009084446190103,0.08822689221455646,0.24665505962178785,0.0018195086328999977,0.003710376032370835,0.0024558267394030916,0.012804716171092093,0.27413227585153066,0.033082859696782374,0.08912400344846336,0.011952445464643907,0.0021471837162305657,0.002419470013337976,0.019129291333255367
spot_0954,0.3926220090041598,0.005002926998096729,0.0048094513272999885,0.019784340860412062,0.012163324014673856,0.005235178025948835,0.0399112698647411,0.06176241419232278,0.003283656838804216,0.002940503879748217,0.2245401511514813,0.01657047634561968,0.01643915203922806,0.007199679430839218,0.18457085530658213,0.0031646107200420616
spot_0955,0.47428588309650616,0.1772986132414685,0.009679609174118291,0.24807447745554986,0.02091022533150005,0.002081841187818107,0.005460674947166962,0.002692585130760419,0.0016920156761289055,0.0019265348755970256,0.010580436416247015,0.011836089313703401,0.021371612973056592,0.002303141032174449,0.007625690883691729,0.0021805692645125263
spot_0956,0.25904474972310565,0.008190671513834197,0.0056589805651619945,0.042964973139695224,0.031087385810722325,0.004071610234548933,0.011008414057181596,0.004959511786277861,0.13371216369177225,0.3457503046379117,0.03609076733796915,0.032675768334499644,0.03314330020944899,0.0046435033089352335,0.0071006993994950736,0.039897196249440214
spot_0957,0.1115403228166547,0.0833068536620863,0.03043940970755334,0.015228397408678429,0.017061129979499684,0.012597607528847022,0.24628718035281616,0.2002658011654772,0.0014579719558766768,0.0012594993655277737,0.020104497094778725,0.005018681026452008,0.011392358527663333,0.04414577548926423,0.19875719385940815,0.0011373200594162745
spot_0958,0.285257867329353,0.015116540386721092,0.3852453653467194,0.012070709444122137,0.010250919152650903,0.010075531904715041,0.008927960811683585,0.004285067644883838,0.001164419886194863,0.0012591218900165296,0.07363299814770416,0.008404704969358986,0.009173913951697423,0.005112009209117424,0.16885408657432552,0.0011687833507361143
spot_0959,0.49675191221384973,0.10289885178478872,0.19783783129868238,0.007164055226010709,0.09183800072345814,0.0030133461269797293,0.0038565759250991523,0.0033015796967337738,0.0038084604634553523,0.003650927009660941,0.005204988543957084,0.06293953010166417,0.007369713945622047,0.0028331454249171644,0.004088539925220603,0.0034425415899003425
spot_0960,0.15808965566216318,0.09281866602056893,0.3943923845789614,0.09199640902480773,0.027867974391737774,0.003004239797354988,0.11220930236472455,0.00989214199603762,0.002526381136842029,0.0030193279224906954,0.03944819855672918,0.01599205765943165,0.00883517942152538,0.004796325480219053,0.02961374139160008,0.005498014594805764
spot_0961,0.4412519273487253,0.009536150001518685,0.2706157719626859,0.0029974536597879827,0.03594252606287728,0.031205655927290594,0.020909239771959208,0.01107439122064984,0.08554100868328522,0.004542641349333606,0.002579064446547355,0.034922692123041825,0.003435231977158138,0.03637850747404196,0.0039806372811891505,0.005087100709907946
spot_0962,0.23816886117036867,0.22692890604095767,0.0940952002671287,0.21670671411379006,0.03571389559419355,0.001566697177151404,0.00507158745083869,0.001959919347833019,0.0035537587812227572,0.0031462964934492483,0.011772251743498191,0.13196604715517957,0.022370642325889978,0.0018584735727862625,0.003252148606716885,0.0018686001589953685
spot_0963,0.1808810954982788,0.10858204212287315,0.2163167642764066,0.17250496590248604,0.01618354420254329,0.08256387785305212,0.007760766425239735,0.05838447208596815,0.0015865213772336306,0.0010715209143496345,0.0648740540855222,0.026409561687744026,0.009436078129257845,0.024556065239569852,0.027259777562125338,0.0016288926373496106
spot_0964,0.184131173101172,0.39430145942194134,0.12313729894165266,0.00489528041265767,0.05483211518146851,0.0016030039951207046,0.002872953525306948,0.0018511079927718004,0.049035915511540615,0.031776811996886506,0.002599691461979234,0.011237993555348207,0.004842640263175619,0.001730803500732137,0.0016042826459422882,0.12954746849230378
spot_0965,0.15640961842565154,0.20273951237879245,0.19225371786392795,0.12568837861930743,0.010210019671428825,0.16257745923259762,0.008460450298962464,0.005306099530102718,0.0011944373504195617,0.000983496877093097,0.03102684373094285,0.010672915176151446,0.05522420808334925,0.01016935187942736,0.026009370815275018,0.001074120066570439
spot_0966,0.23741145734889846,0.18338156913276918,0.15683990648982318,0.012439466321549773,0.06281051530996763,0.00370935538258369,0.003911524434478551,0.0032120408290495384,0.12177238472004066,0.012772258001077766,0.11181156855819262,0.060463712766919676,0.006746085501101288,0.0051792520298106805,0.007584106285032916,0.0099547968887044
spot_0967,0.28814142273892257,0.08311454587598745,0.13043697715622762,0.021424213363083377,0.15091994584056093,0.11538566806012276,0.004958381655498377,0.004150404187207506,0.0010863071985463895,0.0009891629092046014,0.15037089654069818,0.007049053215470658,0.02686907470900595,0.006901599880023262,0.007202401030208229,0.0009999456392321621
spot_0968,0.03510319699587876,0.08553984163585873,0.503933301383777,0.1620554402484805,0.08496878757173669,0.0027282311267897864,0.012928281978116345,0.005264606923122149,0.0029798517979609277,0.0019523346355323006,0.024943035342675297,0.023249906871946106,0.04111652086636131,0.0031248271038183304,0.007992920714329665,0.0021189148036161033
spot_0969,0.3439431805848484,0.10648976258423004,0.07342970328795238,0.1810376334025438,0.034158760639063125,0.0968718183018517,0.034255944468024636,0.006277789867669446,0.0008108039609741613,0.0011841381798572096,0.02217585845235994,0.037157171383208,0.005104394891194255,0.004724257172175269,0.05148858837492526,0.0008901944491223596
spot_0970,0.32389200719388644,0.0012381675669725638,0.0012315680678456088,0.001502743624977701,0.30385071690529575,0.16319354103024347,0.002435741347210564,0.1034144068344606,0.000822095684208191,0.0008133986960282612,0.001787380666012144,0.005818093510524237,0.001790602813490761,0.08239415529937577,0.005013827027842367,0.0008015537316255601
spot_0971,0.0016670663196778123,0.08906001573772761,0.026690440376846817,0.15501931131036006,0.001450254212149017,0.002527482876500171,0.005480293500684077,0.002977559202242688,0.19694627287469424,0.06442481177213019,0.09945672984798092,0.0017660692100284372,0.017010355379150174,0.0029658958245353116,0.0036452873377089993,0.32891215421758346
spot_0972,0.17713203862730487,0.12363164336352567,0.2416665397573781,0.08722974157439631,0.023595977177607697,0.0023957666167841217,0.007157454301934804,0.0029160212831791706,0.017479206083895173,0.01849198833941078,0.01047557341951961,0.0054704097587157195,0.05317661692975347,0.002721972184036539,0.0036263566689018613,0.22283269391365612
spot_0973,0.19909487297192272,0.2596324309099138,0.041058587230105976,0.07013651200782618,0.019362370752054547,0.006720851308144553,0.05538969831657353,0.018507821592536156,0.029384680744029754,0.17159466207885352,0.010497968555623745,0.03776007209799575,0.03796653098397543,0.013403714512796564,0.004584610191616224,0.0249046157460316
spot_0974,0.008209645935088477,0.043316348296839655,0.04302528890992769,0.0753752158577772,0.008204836419534489,0.028266057417281585,0.05590202501500116,0.06783647361559605,0.010909271392617631,0.010576766632486566,0.2319615115563666,0.009427734099966462,0.03848524806673732,0.04494989193730878,0.31182269392957895,0.01173099091789136
spot_0975,0.16454758657229152,0.007945132804762882,0.005598743943815806,0.13933410507883914,0.13280439835229474,0.058462391744595985,0.07136638276379796,0.06703467043126622,0.00289824845966772,0.0023767329537490254,0.13773996296292657,0.03054051407090661,0.016736510277365745,0.14350672170504783,0.015877939513767734,0.0032299583649045218
spot_0976,0.7062095769137983,0.0009163565716553984,0.0008901569106521741,0.0008584051945711922,0.020003117853493794,0.0010150494472994567,0.0008297524567704056,0.0008384047646194862,0.14500705989437884,0.09946327239383355,0.0008498544211819319,0.013188277849290176,0.0010709816587112007,0.0008939881902926844,0.0007718726636045247,0.00719387281584695
spot_0977,0.07746991446983288,0.6057009095978108,0.056292692671073674,0.05291706065739726,0.005139837555293475,0.12471471648912205,0.01596993188047067,0.008590431749921029,0.0006911215655156867,0.000653944366669956,0.00962007764381985,0.0027077521052736465,0.01264257389955379,0.01864496642551353,0.007528983233805471,0.0007150856889262804
spot_0978,0.4568579198062132,0.0024472190108762626,0.002140919738411339,0.0023134544446873264,0.01635246529290424,0.0021490634473372663,0.002005966503196916,0.0023398342171170317,0.011262536303905024,0.4059451335800404,0.0023365329480912796,0.07696018654316833,0.0031260044795761366,0.002075439506104538,0.0020345109552434197,0.009652813223127284
spot_0979,0.0007002111632106801,0.04221930327121679,0.01297848354045831,0.19987166035542103,0.000721399539715657,0.5307841125451981,0.02502211101203061,0.06542686214599122,0.0006691489705868947,0.0006721329162469707,0.015751410179022166,0.0006351338124219651,0.06404570445892932,0.03183722097670081,0.007997283765224216,0.0006678213476252639
spot_0980,0.00781369983001019,0.17520017010353842,0.09997242439464733,0.1189621564514093,0.2556157579175375,0.06698940343810346,0.0073252726253353944,0.0063855247858726006,0.07613529918640875,0.006278999420446214,0.08792899653935572,0.0083002485360891,0.026999532937971582,0.004246691980352778,0.023056848429428227,0.02878897342349345
spot_0981,0.48167548550319317,0.0877699849741587,0.27665944261252556,0.058412137642803175,0.014328962884213843,0.0014678364528191638,0.0031796320886224743,0.0015027547922558167,0.0009443651234613505,0.001013603722840666,0.042592647902110425,0.011628045188938594,0.014148548630324147,0.0015972106666263866,0.002104341246544115,0.0009750005685623966
spot_0982,0.13608585418761315,0.028508634962727077,0.2772123903399326,0.1023899955248084,0.00515875418130057,0.001170750100765947,0.003527475220126861,0.0017041734315465463,0.0010723089213699121,0.0009396180501198547,0.4085591397163705,0.006323047257931035,0.019503643096194744,0.0013752398841316892,0.005281825605460102,0.001187149519600998
spot_0983,0.0004707639106314232,0.011079496175338249,0.04384668655864193,0.39741129737198744,0.0004983263235233574,0.0035395931800855365,0.11741664511055733,0.09292147184559853,0.0006224439288654783,0.0006159239922552489,0.27586951887320166,0.00040025518216263873,0.007727620140433826,0.011336518603393594,0.03557205868825717,0.000671380115066589
spot_0984,0.473203645274826,0.0010957179894444608,0.001023680500071243,0.0010875332451230385,0.10235219457228066,0.0011795173450446213,0.0010064503372895206,0.0011758856084419244,0.2677135251797131,0.07274831711114918,0.001031355131860276,0.05978112140866839,0.001393987219842885,0.0012195964390991382,0.0009122941066991842,0.013075178530446346
spot_0985,0.0012466140656766343,0.07501621719425008,0.011214958266570511,0.017591356821061648,0.0012535854019788818,0.4582583257996213,0.014822197544320749,0.23489695595478052,0.0013992597323874648,0.0009043272684342887,0.029250264952654002,0.0009732316514306479,0.01495929954879705,0.13202544613280012,0.004900010742215025,0.0012879489230210837
spot_0986,0.0004972874225648603,0.2828140163853133,0.4968338478519164,0.009815020564972455,0.00047802333044711287,0.0049510954631937915,0.018834743170102718,0.10652446405552722,0.0005964726223652558,0.00065261781752655,0.00846018336418789,0.00042563316816058037,0.008452416902427769,0.031682870374057294,0.028319782604709524,0.0006615249025272751
spot_0987,0.0011101173058140402,0.834089526351591,0.018109680779999523,0.10024617553177187,0.0012177748479831236,0.0015382265628777062,0.0036375252785285327,0.001814718258607562,0.0008834370380051597,0.0009313554398595555,0.020616830576358016,0.000730384615649379,0.009370264603509431,0.0016081420400588962,0.0031447886496247233,0.0009510521197615271
spot_0988,0.2534556512663908,0.31955524028290266,0.18731384834983375,0.11825167933966121,0.011080127490747809,0.0026868158755687386,0.0341376655666573,0.0035762841033722247,0.0016167501078395287,0.001360123983120213,0.01888544761373309,0.013479399431666166,0.025461331768688842,0.0029295861007381557,0.004490145509254335,0.001719903209825205
spot_0989,0.2830672301685996,0.004346448313835858,0.005418147376825966,0.005938299749205803,0.014585834872857768,0.013678214863567779,0.022314791640688215,0.18348392969910102,0.11078286508296194,0.187587681226513,0.005527432008703643,0.025809009008621382,0.006653707671167961,0.021474047126053282,0.005517036033759452,0.10381532515753733
spot_0990,0.5478026071568127,0.022983198967268543,0.321607278742909,0.00898281007344653,0.04234372711301757,0.001814172477593128,0.004165370658688192,0.002126415830256818,0.001755833588305892,0.0021097553806509097,0.009420782999533405,0.020928437172124052,0.007518919707316862,0.0021089295896735234,0.0025912616532527705,0.0017404988891501008
spot_0991,0.328898352255117,0.04083375641737525,0.34722117940455555,0.06998589974239888,0.016586818441583873,0.0057257063269602814,0.09439506226777408,0.004625083918715488,0.001727224661407381,0.001730922503326295,0.029407193220772076,0.020175724304710364,0.012815091354741714,0.006001714277419837,0.018046146909968443,0.0018241239931734543
spot_0992,0.2851196064600117,0.03218588542438061,0.6031102718226566,0.0059440321310396185,0.014175214449040633,0.0015211594952669694,0.0028150259255913107,0.001919986544558842,0.0036550301002344285,0.002698835684177398,0.00443386378179729,0.028904008416633393,0.006321840128136539,0.0016724584162863283,0.0023527334084454832,0.0031700478117428414
spot_0993,0.3394282363967505,0.00933692370449762,0.008338778759712229,0.2544074508245831,0.022279153322014765,0.0030644020286804702,0.014632136845625764,0.005943221814025685,0.0024896469697967194,0.0025737537398896984,0.1969352606939881,0.01777814775508662,0.013235012690141244,0.005085894168349505,0.1022773840026646,0.0021945962841933312
spot_0994,0.2993855413886787,0.15271862162852465,0.4612344310776483,0.013569005970707008,0.014259182097358,0.0030493904542512515,0.006907728400007996,0.003306513506385872,0.001873397689103935,0.0018099029460456586,0.014727632505989399,0.007293878922787637,0.00819537632012868,0.003011872787035453,0.007033954878105865,0.0016235694272416596
spot_0995,0.0013625964422536933,0.02408075525541269,0.16846275562795326,0.5427205617407387,0.0016816694148741945,0.003563094203480684,0.01699346716387118,0.005302238885616156,0.0014747002764371594,0.0016646868670521706,0.16093784090900484,0.0016079414449627469,0.036970932007131196,0.005122823763727483,0.02685982893171664,0.0011941070657672322
spot_0996,0.9358136949920496,0.0019315061536105303,0.0018015111259604155,0.0018444375691177434,0.022061496731847652,0.0017237766863205193,0.0017064732425034989,0.0016743787721111077,0.0022812490672975746,0.0024508838999087027,0.0017353499713194534,0.01747834577697637,0.0020367222617381758,0.0016772818601302792,0.001563022781970625,0.002219869107137773
spot_0997,0.25275309709046506,0.014169671133189184,0.3179650560702552,0.0059393893127693154,0.028787749365093485,0.05524286536191705,0.005900977273185921,0.0034162316887405976,0.03988662071039954,0.043636624909132365,0.005126535576404854,0.1172123283653619,0.008109998882484967,0.004894295656859691,0.00530627807183379,0.09165228053190706
spot_0998,0.029446912071310796,0.19483669372738174,0.21515479964541623,0.033256462499382536,0.05329548009762591,0.0033488101604493372,0.0038696689585315126,0.0034122273741535756,0.0020312596780839875,0.0025004222965186356,0.11832554253670052,0.3199927233004249,0.011061910079778477,0.0027418207144643725,0.004488842342078981,0.0022364245176985003
spot_0999,0.14203358506856556,0.08444461420263488,0.03952427770783519,0.05836556844066978,0.0030991343727603663,0.15281624506862757,0.18045740811322433,0.09018506282034747,0.0017576656913124422,0.0017049622971024342,0.06951918176709082,0.004372992567816232,0.03476938944860368,0.03921617666692185,0.09603550786928075,0.0016982278972066372
spot_1000,0.2717394165863944,0.15804156689040805,0.09073262804421008,0.30217397862935763,0.044026983396741416,0.0011448459097928426,0.0023459735756300583,0.00128769606679735,0.000795073021482482,0.0007691633104934907,0.009307493310639079,0.012243894225430698,0.10191361469049688,0.0011840547087618378,0.001418622494464169,0.0008749951388995273
spot_1001,0.0011075492067237134,0.1852657367550149,0.021289426299685024,0.2529175684571578,0.0012563523363892334,0.002391559470793465,0.00551840918172877,0.003660612407718428,0.025942234747170105,0.35428149675954046,0.04157222327271234,0.0012124075602397662,0.024224977121740213,0.0029594454869901732,0.003897926021137837,0.07250207491525779
spot_1002,0.0012931801947940514,0.010123346098113953,0.008862866599018885,0.018419280582643038,0.0013525184405352869,0.014205772042289854,0.1420050060893461,0.38509965933974566,0.049176302493036644,0.1204111725995476,0.03987247906913986,0.0013266609201584402,0.10270600426032685,0.0429275898447358,0.029780021860833585,0.03243813956573436
spot_1003,0.5778300399441332,0.0586854346489062,0.03476206379875862,0.0033024814495513513,0.12331203349399823,0.16414609627826782,0.004273072573186574,0.004485091794976244,0.0014615431031629916,0.00150867459707945,0.002031909737324698,0.007141600007953342,0.003718890803463841,0.009226749434492105,0.002524215020673553,0.0015901033140718035
spot_1004,0.4586661639885316,0.20782107092436342,0.023021608008635244,0.13442552282745096,0.015336270371066255,0.004067776247709755,0.005092365395370372,0.004229904983053983,0.0010440146942193704,0.001012255745296268,0.1073205418826533,0.00920260765742674,0.017143224724768313,0.004030693421658426,0.0065096957732079805,0.0010762833545880218
spot_1005,0.05741016146258852,0.05821978538037851,0.346730895245754,0.012465012864802203,0.08953248859241525,0.23787363843657885,0.013439610858399322,0.007978413187448847,0.003034609228324203,0.00157969534150993,0.02153486024652006,0.07044086370983851,0.055594969020969415,0.009444504120564553,0.012551944710097697,0.002168547593810117
spot_1006,0.13469480211826595,0.03977773867990258,0.18743001572452728,0.013761791012217646,0.02476583786084553,0.007553817482419499,0.013932538256248177,0.010020155713130132,0.0020868245437658316,0.002170652805749418,0.030985309392391365,0.012680818426921609,0.013117377477405337,0.012615847916591167,0.492082055806827,0.0023244167827914637
spot_1007,0.1487779942673956,0.015399301175153816,0.3998059227059997,0.02009069882478653,0.02046652588128314,0.026783019718958013,0.022072320283998838,0.03253506309887246,0.038219189328317096,0.09626595519388505,0.040440706109535235,0.024688693490784785,0.01037039569278324,0.03819377706742577,0.03782767745852544,0.028062759702295322
spot_1008,0.09453063959709533,0.3566234391629314,0.010653626735661276,0.2742330428038792,0.15754213563728933,0.0017856894772036087,0.003974828560561475,0.0024243336501081703,0.0012979313456189772,0.0014560018119371362,0.012182555175269692,0.0491905275690792,0.028793225586792943,0.0019874285890339708,0.0022673368967339918,0.0010572574008042897
spot_1009,0.21954780725855305,0.003231679462218496,0.00497500895818614,0.006293633707989124,0.3437366419982346,0.008913731367539804,0.07828458710781577,0.2384234386030727,0.002038891918348245,0.0016215145110734773,0.00645885073686959,0.032621798874788395,0.0054527312719632615,0.018427933955396457,0.027768981776977043,0.0022027684909737945
spot_1010,0.24414570052939694,0.044228236035165625,0.4490573443128868,0.01812091822086801,0.00786414557449554,0.0016252507269143967,0.0030694814518534785,0.0018414825411735658,0.013963944231583012,0.025448814638720015,0.1442159721523464,0.01215173975178073,0.00649744077425129,0.0016727474080473223,0.006823009411863709,0.01927377223865314
spot_1011,0.4779388744260161,0.001660516236373147,0.0014437192040534534,0.0015498300166697993,0.044827937299898236,0.0012758205255628118,0.0013734193767636514,0.0012154761850759162,0.1330712919156429,0.09251638367305184,0.0013625170725930769,0.07396046787623398,0.0018072400462344354,0.001249490209121314,0.0010803829715298901,0.16366663296517941
spot_1012,0.34685169861834486,0.08564120037414262,0.010107823367729502,0.28594278740489426,0.01775718482845695,0.0016096512697198937,0.0046327072604921415,0.0018485794843261568,0.002607816651281565,0.0019113966600472268,0.00979803511846153,0.2098195427716639,0.01523317590183407,0.0016531327455231205,0.002208459311572572,0.002376808231509635
spot_1013,0.07320985948532671,0.38117124824398146,0.019510330870505146,0.12035145835731735,0.03260317481302531,0.1022283855600712,0.017158880071478894,0.015521697453182376,0.000944734083549655,0.0009310200504767012,0.17957080455749053,0.01427433901784557,0.013688489546512831,0.014025601882827435,0.013938973058500967,0.0008710029479078131
spot_1014,0.20536595080095807,0.1133247864702193,0.007272731234230831,0.48671346211639255,0.005883840552101909,0.0013915889663505849,0.002293981150440702,0.0014739615080982048,0.0012719183424968442,0.0017724633814879306,0.13106624565056862,0.004842292337284294,0.032404219282773955,0.0013100319642143754,0.0017734084859234815,0.0018391177564582991
spot_1015,0.08890473170320028,0.14754911908892768,0.12319568744844442,0.3293841923414285,0.007851858025769813,0.0016805739521068422,0.003024873297045647,0.0019495155347146753,0.0695639582618345,0.05083143603764689,0.11725336118796904,0.00705564405239995,0.019371943879745408,0.001766760857127275,0.0018914110479447436,0.028724933283694312
spot_1016,0.312864706411714,0.02752992515320421,0.1797722420266036,0.004223575812004704,0.10794979633790376,0.002047586881252398,0.0023565128156961507,0.0018890612293832763,0.18880533023651488,0.09336593562793695,0.003012641570256519,0.030579812984038304,0.004478754518128374,0.002249454016984639,0.0017791569962096112,0.03709550738216867
spot_1017,0.18752247804103647,0.25700569355081304,0.21271545422812646,0.0036016856278867524,0.2985328831981065,0.000719067666971605,0.001446722684597467,0.0007573133444668758,0.001425295430329547,0.0012643806879663244,0.0016965020300473955,0.008214075142532855,0.02191249376138342,0.0007871504702513316,0.0006799315373955334,0.001718872598088408
spot_1018,0.21352429704343542,0.20334435516474525,0.008935732898106208,0.034673271682421465,0.3093482867969309,0.0019504559846064088,0.0039570002542377546,0.002744273644202048,0.0014781790471288848,0.001234071580715813,0.008401782769482186,0.02140883748892961,0.1827360138176169,0.002376629580240023,0.002350120995963108,0.0015366912512380692
spot_1019,0.14534074434622277,0.20522407898536482,0.09217499371046722,0.033190820745845055,0.04877244909388641,0.06122843928352998,0.05771592797410173,0.1037883990394561,0.0012812115102957514,0.001255987921940753,0.05566604545966528,0.028316936734666162,0.05069019387477743,0.10148862312738481,0.012507890148767093,0.0013572580436286429
spot_1020,0.10662796591599895,0.03633781077977054,0.35797345436734895,0.11395708144519884,0.030755074181565475,0.0053590347073690665,0.024597148432272887,0.006149430218088505,0.0030435722757172945,0.0027794912987235357,0.06575113292595035,0.04164511093198111,0.18472740067904675,0.006198408349812848,0.010950443885933739,0.0031474396052211554
spot_1021,0.08609050361382453,0.22832298915891291,0.009823392818179668,0.058366853501464436,0.05913409809981154,0.008198381364045795,0.007396354429342845,0.004708587447523135,0.37859109453346174,0.03577844390231636,0.006175288108509215,0.0627107372126236,0.020715935257258067,0.008868104810053392,0.0026166613958691866,0.022502574346803566
spot_1022,0.3660209718649697,0.12984940234208878,0.29238970998869507,0.01743651791720278,0.02451178606668263,0.0025473282674864663,0.016381896249237794,0.004341403337731638,0.00252658193141594,0.00253265997909411,0.09435765666257584,0.004553719823479669,0.007726667599808011,0.002967023889765696,0.02960745922962672,0.002249214850139229
spot_1023,0.4090094458797648,0.02063719624603816,0.46290729321697216,0.014104374599724412,0.021055826795840202,0.0026434644637233213,0.006020321372392035,0.0023878310446338947,0.0017809727787760842,0.0017086027569296772,0.013414181405546082,0.027417138776569427,0.00865344158769841,0.0030095469628657477,0.0037146066354341698,0.0015357554770914323
