spot_id,CD14 Mono,CD4 Naive,CD8 Naive,CD4 TCM,CD16 Mono,NK,CD8 TEM_1,CD8 TEM_2,Intermediate B,Memory B,CD4 TEM,cDC,Treg,gdT,MAIT,Naive B
spot_0000,0.09955310515836306,0.0036121051855714723,0.0030350978876220514,0.005661576388915412,0.14871276105035136,0.011433654310441157,0.02509796087212388,0.0033753089066512225,0.38699817485509286,0.11130594330597465,0.01679770008169251,0.026670743497956437,0.003939679046868086,0.01496221252298858,0.05787700330997571,0.08096697361941153
spot_0001,0.13985833404234543,0.12019737325161751,0.11888128344177899,0.11007164485746428,0.005348775919480195,0.10609293373091401,0.020664380666489107,0.02113245621985748,0.04195691592421541,0.0176913594253898,0.10991694625392381,0.07479443143256004,0.01756723480642231,0.008075861842903709,0.06710134858402028,0.020648719600617607
spot_0002,0.05466310841477247,0.0032982200185810114,0.002150149180452394,0.062326173678828804,0.013014056215669768,0.09973477817576938,0.06760166758454444,0.18988902848091696,0.05010622679751995,0.004494145371391068,0.10541713948659623,0.1376775203346195,0.032786088551710474,0.10070961818110975,0.06297310254604448,0.013158976981473338
spot_0003,0.07472155172862525,0.012371294040639736,0.08050332845391624,0.0688593611847378,0.15457586824064368,0.008920773901965637,0.1221619474220296,0.0265521634194341,0.08091521885131187,0.02116704903313174,0.08148967450129664,0.036734841469502955,0.005618139943207526,0.020728824948492482,0.11007790513007248,0.09460205773099226
spot_0004,0.059796139576301637,0.10693456718438829,0.059121950537525295,0.17702574164129428,0.19415275253692507,0.08845093295969036,0.010005902148249382,0.007371021309423376,0.017261057446680043,0.036001182070449604,0.12110056933215521,0.03338974217827093,0.034239130835088796,0.006090524167918404,0.019462383904711198,0.029596402170928147
spot_0005,0.025316188023347605,0.050684257444729194,0.03277574360320495,0.17496812727939834,0.17718430612051989,0.029977559920657253,0.11137565645200674,0.08319845564635397,0.0313521757943387,0.03490613838238572,0.056963813491001394,0.027870610491238835,0.0065424327295423405,0.017745353050923934,0.1267648354588769,0.012374346111474224
spot_0006,0.14084924800434198,0.03399892787383699,0.01256399759001259,0.23018746513220148,0.006758830402922653,0.06094846297730416,0.04100141357798272,0.009380093485944683,0.001303799471580204,0.0008718164877930806,0.21040809709671363,0.11144586668455667,0.010565159514314514,0.017604736987075847,0.11139645316718197,0.0007156315462368555
spot_0007,0.0011894358533213046,0.16679473202450462,0.1292251720699345,0.008910205399545505,0.0011453311874382967,0.002191703235436757,0.004251404108096207,0.00249397558873112,0.43059252918803365,0.04306502642455867,0.008221575293873124,0.0010550054684519102,0.10789656662404652,0.00219485610109565,0.0031493380514143843,0.08762314338151779
spot_0008,0.03915227724171144,0.02332941301425684,0.06767761675743497,0.2553890776531506,0.01070109918845978,0.08625691731584567,0.03393881551485052,0.04731993275403348,0.001224906830773937,0.0010438579765529856,0.1382067572849794,0.01073145504473947,0.07926501965985996,0.08109694797079936,0.1234299985289992,0.0012359072635524085
spot_0009,0.24496937659330886,0.04216045313880001,0.06276224371504273,0.032314087269687986,0.05114724560071582,0.05471839652439597,0.10268006504305875,0.08193691107488396,0.039355618112240864,0.04679649136804835,0.006529729532355104,0.06865237270811582,0.00802219920733581,0.0454548799989932,0.06917577358566804,0.04332415652734874
spot_0010,0.004008530278217291,0.10505513473803368,0.05601333691148778,0.1369469818399333,0.004399950100054034,0.04729290481436982,0.008022317043721855,0.04819731293622744,0.17442045004594187,0.0941323205683033,0.05847930306101057,0.10614865774236872,0.039077124438260495,0.017296579587370263,0.009383326876849932,0.09112576901784963
spot_0011,0.013700014034900756,0.018662372020457296,0.025103134318727082,0.1817943621810823,0.13005457616425994,0.012759530059288683,0.05312798404275471,0.0716149587166462,0.16587697133478352,0.052078304289874006,0.014653107696819311,0.012853800475181299,0.030805825560483488,0.04381780526380636,0.01914685135154137,0.15395040248939368
spot_0012,0.3251829338356851,0.005997333380006531,0.020030955165007146,0.015529993466955003,0.0729506733774514,0.04790568662091372,0.1188633000927007,0.026444001373089637,0.0994643088951278,0.056843922058968564,0.02677374287199653,0.026605532026489385,0.013249097107656736,0.008548969053094409,0.06821342614221684,0.06739612453264049
spot_0013,0.012810751175182324,0.008633546580085793,0.008338663103028996,0.025044363409350904,0.0049323580967257355,0.031476535374152716,0.03547637537073646,0.04821100094144815,0.21625664152072502,0.1990094738877836,0.042838725011529986,0.06163421137484063,0.10250664873469706,0.02458297066634047,0.06573145786252664,0.11251627689084556
spot_0014,0.001760231391256855,0.11983035222033986,0.12431406221361749,0.018546857002137984,0.002057369745747829,0.04356944003344062,0.02325650339439006,0.07678684186674259,0.1585234790172728,0.17680831115139703,0.009341893209997938,0.0024181943131326732,0.07168875684938608,0.05307297835009868,0.03940032294710891,0.07862440629393261
spot_0015,0.025137758144235377,0.020132307452019216,0.05865083561268085,0.012280264598234952,0.055528306202318384,0.1057863179227714,0.026398549395718337,0.0832795559709594,0.14192403624117414,0.216344163699585,0.052495372114495245,0.03940023154830459,0.007619668800807667,0.024315759285273846,0.03598062739323339,0.0947262456181882
spot_0016,0.004046643843251066,0.17975281947360905,0.020625674958302902,0.14731846165975737,0.009754619448079937,0.01349034186363256,0.027823857386018773,0.04385102037022953,0.11580702235026517,0.1160687058382567,0.07186715025168013,0.10411507436976793,0.01820376717175306,0.009535491763640134,0.039295072423350605,0.07844427682840506
spot_0017,0.12563550794475636,0.002000549943525778,0.0017653780927281168,0.002257857913171182,0.08509330483299735,0.4907879184810895,0.0038407535818700054,0.017214392591528495,0.1008990087758089,0.017804991471784517,0.001951172352859346,0.026050749890252065,0.002759873004088215,0.04388931984185489,0.0053784717000149645,0.07267074958167033
spot_0018,0.11605735213176421,0.16855569141706564,0.14080877436644323,0.15966787737477933,0.014051214127750778,0.08242036213293887,0.02250841363546837,0.00973849672248892,0.06802431981270442,0.04378948878529338,0.025502423495728635,0.057633221814480655,0.02504919542283818,0.005410868515396165,0.02458565369201149,0.03619664655284772
spot_0019,0.18006791698528812,0.22958278126717113,0.12446841686367627,0.09129088170188886,0.024333262374533277,0.003171169199049391,0.0057523711026213785,0.0022778914170759955,0.0017378203649954936,0.0014010177119511793,0.25899082500126563,0.023959853662405294,0.02497340972427206,0.0020444452272570285,0.024463894112986606,0.0014840432835622498
spot_0020,0.21372645380986427,0.055272439871120835,0.1325236197059841,0.12081688308348712,0.01948198930008442,0.01068695334941733,0.06191711350533113,0.09949546078884917,0.001606811068881572,0.0012025334647447453,0.03673959132411809,0.06962389172691828,0.10631798432159487,0.03925804860370207,0.029879213412526237,0.0014510126633757274
spot_0021,0.002540861548638011,0.005640485232494839,0.005983011708041429,0.13380794164582005,0.048114870148544084,0.007579172733646294,0.12944216161535466,0.22357111108485114,0.05755442739402667,0.01517496360162476,0.09420706978865802,0.07510012951313894,0.010773038590136882,0.08263677027658509,0.07931856639665917,0.028555418721779986
spot_0022,0.08425764975978357,0.01839579073237708,0.06565204327518215,0.22338269257986987,0.016167060865411392,0.0038470662758190825,0.03675411171214332,0.040556300775719346,0.06408155449362289,0.10885675702785881,0.04413967820882742,0.06531846917412405,0.0874220108265147,0.028539237947903976,0.055769230886335654,0.05686034545850668
spot_0023,0.15842596287380364,0.0020089281921340696,0.002231244776708693,0.00351863212780748,0.1303857594890358,0.08480254730717625,0.018781885592019033,0.10190946369628015,0.0709526261462375,0.15548122321342506,0.007886882341434873,0.034990506872426344,0.003657895415598605,0.07844684930142698,0.10024286219310183,0.0462767304613837
spot_0024,0.003931780246044584,0.011208846476374516,0.2649706008809876,0.1083507521939084,0.07266384940506866,0.07041078518664677,0.15217348280004384,0.06162000184843063,0.04978212826971049,0.022469109663423196,0.025716599426546496,0.04866517246074799,0.010528865269408248,0.022127131391986344,0.04195313012887009,0.033427764351802135
spot_0025,0.09648875835723654,0.035411937618793445,0.18463372566297975,0.03200314986687581,0.04272098620858317,0.12758713566152646,0.11645431894617517,0.1396095168236362,0.05463095711256686,0.004140370864739396,0.020865370503201867,0.007221544055062329,0.015126353275859558,0.0656418103636052,0.03875184104294753,0.018712223636210733
spot_0026,0.03627874627313648,0.047209894133601445,0.15905266155466813,0.21704473541200206,0.15246618917114496,0.008822831898036823,0.10472594306503016,0.023278248864260043,0.000631574914409824,0.0006401517705264176,0.125978224332247,0.01826236249210453,0.01527836156827287,0.04708684501362648,0.04254241334559509,0.0007008161913376644
spot_0027,0.015635204609911683,0.024370277529311143,0.019024543679451722,0.14135647416352481,0.08788881617332396,0.13175934696934388,0.016789670525443307,0.006376667944252563,0.09080485669961672,0.10778268632742924,0.1358058266878764,0.016659647163647723,0.006782004486834303,0.006640080781080757,0.10563533909398395,0.08668855716496782
spot_0028,0.1958479142924158,0.0032241804680233797,0.006090104818019508,0.026946219238856626,0.07078512391853067,0.08510887734264799,0.014537667446033485,0.19465823659268697,0.10117733171407128,0.080347592836224,0.014336995124454533,0.07677018402994283,0.006532921360782387,0.038613457726882065,0.00849389618175924,0.0765292969086692
spot_0029,0.24155140800517064,0.018116175453600253,0.009187765017427654,0.0807636531366178,0.0934972731572072,0.011264001610189698,0.11745477862000092,0.025109729313691712,0.03803996149277227,0.061728457596920513,0.0960160114828243,0.070664546988687,0.005276179095723043,0.02188646484405199,0.06635882976885342,0.04308476441626158
spot_0030,0.08579347587545673,0.017292538485145063,0.030528098189507826,0.10910326953947772,0.07606936935675085,0.03339076503552616,0.02338833405183097,0.04430080796132744,0.045033148115826795,0.032407314275654596,0.08432100791099964,0.0977972583509419,0.14091374820507835,0.07300756575351497,0.053756223853454584,0.052897075039506414
spot_0031,0.031428099907168085,0.10296603407034577,0.07875440074396346,0.05831231656058043,0.10004151662831207,0.12615448329403078,0.12492454582752757,0.02179855478060845,0.056965644885997625,0.10141208049674859,0.030867594324712207,0.005048609227336365,0.015457187848369995,0.007616739657660486,0.07244548617382657,0.06580670557281154
spot_0032,0.17953438655628978,0.01537053586375212,0.03199838339132281,0.026654099405513904,0.04856828795144901,0.033939201974969885,0.15088764179544156,0.2762159477265594,0.010544508143410044,0.05328010622268913,0.026644326775932856,0.024866070056601013,0.02908868198822525,0.051631552704302634,0.02245805702527699,0.018318212418263632
spot_0033,0.12309898551911781,0.03274257043859765,0.013156408709428592,0.06393108755170594,0.28472042435341827,0.12509584377377067,0.02297760223808688,0.04542701219765478,0.001392390736546068,0.0011493401717725597,0.05629349771636454,0.02046007556584035,0.03693629203953355,0.08056832089183537,0.09072127031344362,0.0013288777828833105
spot_0034,0.0015677618854958416,0.21921975615113848,0.05080314255164479,0.157663427636161,0.0013038712501534833,0.0933371645971181,0.0895959658033415,0.04123625788585505,0.06210638104529897,0.06639235107481153,0.05842291554017496,0.047599073264298304,0.008797878662000136,0.014069874583286485,0.038696684217841004,0.04918749385138035
spot_0035,0.01896463913153118,0.05818611779073912,0.10269373719644258,0.057286976897184386,0.1701237518374551,0.006678458671367723,0.03201248056106688,0.011455544736469802,0.08638736153348082,0.10634672684345926,0.17230975293003464,0.004752186921416702,0.024541928943802787,0.005943508738158574,0.10893014044749137,0.03338668681989907
spot_0036,0.006815929234954616,0.008642916675829216,0.04559805178056094,0.007545954185973556,0.008142428319119252,0.20235156352183967,0.08849146093836453,0.2228939596927617,0.031311807276168994,0.034840564392156395,0.017850588264649775,0.08631494441226849,0.022219565252044198,0.05533518497422155,0.12780412834234176,0.03384095273674538
spot_0037,0.0007986167059790632,0.03665440379970255,0.09071528586082475,0.12032409927993805,0.0007824567925639842,0.012373569041818952,0.09762636305931202,0.009477626936251482,0.04747968012875016,0.13840725923132652,0.19593171086208075,0.0008066354878283308,0.011479167075992393,0.013695269150900602,0.21453961040687616,0.008908246179854211
spot_0038,0.01949252142679946,0.05251713114514256,0.20590368777478135,0.22961108231917443,0.07726632603728266,0.0033079052577175048,0.045945933042259295,0.08364489489590163,0.002149367700631588,0.0018152689327938765,0.09519570886082869,0.016655280453298397,0.13389328571378067,0.007728634188152754,0.023140234533514013,0.0017327377179411137
spot_0039,0.002800890304515158,0.0030833994709740797,0.005403171347914694,0.009087572957720735,0.003287392874319792,0.14400049884060473,0.1313185473770689,0.11853177938599664,0.004858210702632429,0.0031159146874368228,0.18374588099095193,0.10596641095050784,0.00946867094392075,0.049639785707927125,0.22349859107683132,0.0021932823806770727
spot_0040,0.09742030824767363,0.0194856933394279,0.03178666849305348,0.11817398094456558,0.0078069072216461356,0.20080470942069278,0.05221397131121519,0.07570757193470576,0.05155155306473051,0.05124189245610867,0.05395587284489483,0.00706833786429665,0.0451348392520485,0.08437127425574116,0.07304064099701324,0.030235778352185966
spot_0041,0.0005341234087898708,0.09932227025685123,0.10380431724440828,0.20508547187276177,0.00055246306890421,0.11691321893053677,0.011980926397999005,0.04754628173473724,0.056234557292045614,0.09212271625416593,0.07779104137267323,0.0005175607634651368,0.04327570443440394,0.029057604279781164,0.08614410322515566,0.02911763946332098
spot_0042,0.14739046750499943,0.11168920335852744,0.09040220895986298,0.02230135320008918,0.0034207555507456203,0.10139839901727365,0.06440488297126765,0.042244433591287545,0.05724497864819161,0.09312985205340162,0.10100526081468948,0.0011534527613024932,0.007970418268134976,0.009494548315684057,0.10993320377987989,0.03681658120466237
spot_0043,0.09281283085775642,0.0519122028414358,0.29986128030418235,0.02898395039125137,0.1737372004696355,0.005958856909892673,0.17550156109563067,0.00885021213510855,0.0041139657712329835,0.08761083448067923,0.016892936326337434,0.013395372320273276,0.019527981149914372,0.0069358149977588575,0.008414246492862713,0.005490753456047823
spot_0044,0.171639970086036,0.011081797974847915,0.028648280245830403,0.09261235599276499,0.0819246740921768,0.006794087382123277,0.03369890369928993,0.09515917765270564,0.12359995782591587,0.0980569767386403,0.03855679214957095,0.04277044677770608,0.0210391292164427,0.014882270306196268,0.08050668839237994,0.05902849146737293
spot_0045,0.004982710131724353,0.010978320732219517,0.13166972423794054,0.007968934678130129,0.007862817861937512,0.18942465743969927,0.03609926913949414,0.21315204296867768,0.0026016447524558374,0.002701979560052749,0.013650018448900472,0.11974876389860373,0.009719870614456705,0.14397340619974058,0.10375817933640347,0.0017076599995633024
spot_0046,0.0834609175525787,0.046534581850472885,0.08851799968226386,0.23147641463573823,0.03907386793889244,0.11795050068023723,0.06565081790719783,0.011624523278067154,0.021423326714016578,0.02502401776219421,0.10826844704041935,0.018875475828070493,0.01660264823162821,0.018124060816032163,0.07571080373277557,0.03168159634941507
spot_0047,0.0611271855675846,0.08809980605045177,0.06683132348347977,0.20173736080831733,0.046592301488897946,0.005420676408861434,0.11641183007572398,0.11943174045610093,0.02778461090166287,0.02286443836651886,0.03020373770784341,0.0634418270102493,0.06589998687434409,0.013879906896438574,0.045188996936100685,0.025084270967424462
spot_0048,0.030825012927541803,0.07531042333709083,0.16625898149722101,0.0465817918006741,0.004082573942098716,0.04221571914996021,0.043690120845110855,0.06992897229798908,0.12596238057990108,0.1103662433017237,0.035185850673015856,0.0641791180066718,0.08781252853180477,0.018996913119822385,0.04388757240086522,0.03471579758850857
spot_0049,0.010285608497712505,0.060581225434554985,0.17298793643962246,0.06945543895626115,0.1133710154973256,0.09700702767910369,0.04256162697301025,0.011638782774887871,0.07544885196165639,0.13686374153731115,0.08378599999837698,0.0025236766380139332,0.023007777757196906,0.005283661072332003,0.007280357003775377,0.08791727177885877
spot_0050,0.0013773417107486449,0.02198301612290902,0.21774536876724795,0.023635865633803266,0.0011898009973051057,0.34229949776949037,0.13673382057763395,0.029207538811672182,0.0008930580227394088,0.0009872061750485178,0.02830370021664276,0.0009395187331820164,0.022846936575089932,0.060818395443941006,0.10991315050999081,0.001125783932555024
spot_0051,0.03997645983122666,0.018684723914740263,0.16815073014448423,0.07874015448165213,0.04742253411133207,0.014100528793488257,0.023084186574367442,0.04370386045925188,0.04463057170297825,0.09471098846921232,0.11808531716970139,0.15612816911304672,0.022793262140465252,0.014348442358563623,0.09430504184999061,0.021135028885498893
spot_0052,0.24420486978118947,0.033821923405953115,0.021112827297567652,0.025525785082672763,0.07363924151082522,0.06882907456175748,0.012434880588145467,0.04526917946799041,0.07714978532113588,0.08554563151346428,0.11300714836011284,0.02060147168571368,0.008195695518821398,0.033585208472026895,0.10602771500453106,0.031049562428092366
spot_0053,0.09329289821180808,0.04451299945053224,0.03546146279772975,0.06471621009421073,0.012532338985071313,0.10121553849989212,0.09226520101848877,0.13290788538771012,0.06120144586730333,0.06327129314902896,0.020421918275643845,0.10255716542151884,0.018453066218908912,0.01835029649957698,0.02216081192452682,0.11667946819804918
spot_0054,0.0027230089116141096,0.002973806311772246,0.0036943015612113388,0.0042082356324723525,0.009944038473779292,0.18737655211670312,0.06446798875109133,0.4336550974930159,0.0012664077499263322,0.0013281944470852675,0.007965573627863265,0.026793786639468978,0.0035675214961549302,0.16792321851024095,0.07971597331160024,0.00239629496600034
spot_0055,0.24737233689987875,0.035352822077405775,0.03285846110009708,0.01152261894288943,0.009662557440756734,0.10277517630500224,0.028387821710292964,0.07427334645788729,0.10370764317831226,0.04168976441500704,0.018120442639852432,0.02653222032990521,0.09544384650354265,0.04795615202030862,0.01721000900638055,0.107134780972481
spot_0056,0.006668405875240726,0.09991652835180567,0.019219939594320876,0.1872503895700122,0.004750478320970303,0.003508786145154921,0.006514718021776796,0.0033393412849397324,0.0957632735301866,0.21480903883899466,0.13414400690587197,0.06510802916457963,0.017635641245586503,0.0034156458992574616,0.08996738482070726,0.04798839243059468
spot_0057,0.0007972099240165799,0.12137358940792466,0.11293698176188192,0.05354979485885636,0.0006894686561959143,0.1614732422887796,0.060282271287076875,0.0848899463100361,0.022664629157701392,0.1970677267401301,0.02484734338262243,0.0007871773211989733,0.010331256522931948,0.07127952526100323,0.0724091648902728,0.004620672229371105
spot_0058,0.0007796325621292413,0.016258997287458866,0.21290179244548404,0.13048360836479198,0.0005517721499183672,0.0675914871141834,0.12096042655986693,0.009935549638938907,0.00577663866290956,0.09731859699981697,0.18457334729330455,0.0005392818114292325,0.005502286205993577,0.0034254537149052953,0.13692912883576613,0.006472000353102939
spot_0059,0.22908263569350107,0.00286381356502377,0.003793353484198558,0.007548057558051593,0.03674179400378308,0.0741755135023069,0.08390242627073535,0.11723351000599004,0.022957754206589565,0.05865167844332878,0.027322253313475257,0.10121194900202014,0.003714886905394666,0.08769001048705898,0.1262379043221515,0.016872459236390733
spot_0060,0.12973746554245036,0.02345167205942986,0.04157644155064619,0.03701780105590415,0.03209532057904229,0.12933289108465676,0.04792067545949671,0.0614835493547117,0.058085838646373095,0.12017436034389532,0.05127005553245688,0.0982414049497959,0.01306718569030005,0.07142968716647116,0.0443384628414823,0.04077718814288726
spot_0061,0.2147426098193403,0.003801224640642505,0.00521702324547246,0.013826201647205933,0.09271899925195581,0.021222497963378373,0.21090345140833144,0.08623655227781112,0.05017888428547586,0.04705893667599732,0.015987281194755183,0.15819231110348866,0.0073507843577794735,0.015573610223550955,0.008326678128195944,0.04866295377661865
spot_0062,0.0004240845545849572,0.009096283385226422,0.11120581142147636,0.016109126632197605,0.0005271565727474616,0.006013017656273735,0.11944462882188402,0.12334247384248258,0.11364891102962038,0.060689443334532876,0.15289711212398335,0.00043741272571961844,0.05238710098088957,0.035444622276748175,0.15250440397318063,0.04582841066845229
spot_0063,0.08369188307510202,0.03347444476064376,0.1412559123709641,0.05533806401249005,0.10309056312643627,0.0031244475611876257,0.060109156858410534,0.12288463228159537,0.13546836840767892,0.028195042610305702,0.026617857358273215,0.05144796901888789,0.0034518797317173878,0.015997891362491676,0.04501236414525039,0.09083952331856508
spot_0064,0.027720341858497387,0.007516997711007306,0.09659215213673268,0.010423773983362453,0.21661498042857558,0.10424917261404361,0.10042131865740422,0.04684314157083399,0.03539289144602971,0.11989996012896605,0.008321225142921367,0.009501470659816404,0.010673868499789102,0.12677685686989862,0.047176289445642464,0.031875558846479066
spot_0065,0.06558456051085425,0.11644973744615428,0.09441884226692043,0.22486403943466382,0.02948195981354464,0.025791296935840657,0.06189947618588601,0.08068421682516931,0.01322483186727146,0.06857662744643932,0.05879300013127581,0.02424817892174432,0.02720197938314109,0.023927572442678794,0.07291032376949895,0.011943356618916857
spot_0066,0.007131768458043812,0.0021098430859302166,0.0020393895506842013,0.0048714841981614436,0.09774740253145695,0.10426838756213712,0.06188383008973027,0.2166174877408648,0.05561183556381321,0.016035591084078073,0.03559016294074728,0.08407826785539092,0.021454643446366085,0.07577569695205529,0.18284620787736738,0.03193800106317294
spot_0067,0.15486657872534051,0.07338901298042241,0.17659998725834794,0.0103608400941313,0.01719701970078343,0.06351897132869977,0.055342291139377345,0.066980651065224,0.06656800778105164,0.1225817199628675,0.008925850421835588,0.07337061867079693,0.01942173061561576,0.049009428524331135,0.024869535933950287,0.01699775579722445
spot_0068,0.0006194779344270757,0.013466960062747661,0.014872772703528329,0.06457361241643969,0.000777930946164643,0.03325390823911876,0.11024601056961365,0.3091940196782814,0.009622316497003153,0.09936307941080756,0.08108605918521482,0.0006571821774822708,0.0636224289584686,0.11881237725508052,0.06808480015530695,0.011747063810314907
spot_0069,0.21953781196534602,0.030657141855450442,0.12689946788004022,0.14553356385641697,0.0071986800939587,0.029073934646322835,0.1350093731707683,0.02183228181321166,0.05897894992427534,0.02521397143925203,0.03109009163681187,0.042946148015998824,0.027049444690237102,0.05579248942852365,0.03195860579895442,0.011228043784431636
spot_0070,0.3045563234863617,0.02539472274973616,0.008049220541548921,0.158340244692753,0.02759358909438114,0.005731427252832066,0.017098467300706528,0.0554842091146316,0.15954087496153005,0.026508926045400946,0.04811787472225301,0.08222641424150554,0.01762078273742893,0.009724298857240337,0.021598424178820793,0.032414200022869266
spot_0071,0.004503087881274566,0.22383257830743417,0.07225828449332433,0.0282362191369916,0.013638166937482592,0.02429325219282924,0.018428212928900938,0.1671651744738324,0.03286245855636638,0.10453249300257521,0.044798732782546424,0.119709400350624,0.013084765494269254,0.08747169252588807,0.034881448686289146,0.010304032249371714
spot_0072,0.0007026744747532452,0.0029138959774475883,0.0034208321230582814,0.008435378807968833,0.0007097596386904271,0.005285244802974363,0.095952579389918,0.16849096169219507,0.0930564376151153,0.32155914462015595,0.04378476237723228,0.0005451205122943888,0.049344642641773476,0.029799308863103897,0.11435664609743618,0.06164261036588271
spot_0073,0.0021269839835151155,0.1102587182309536,0.014393808120035123,0.06552591352746723,0.00276344987167937,0.037690128804766077,0.15358036378962078,0.13103993317314636,0.0863698209957417,0.15114441833902834,0.02222485490511843,0.029980474953727316,0.017948546345192457,0.059242827817649675,0.013036232740441753,0.10267352440191674
spot_0074,0.1578250788319003,0.03988601790400812,0.19118107914248297,0.07682880216351816,0.0229295325523398,0.03531030199486794,0.11484859381615,0.032428336864269935,0.06410294059811734,0.09319171394113475,0.04249752101054342,0.036446082176055085,0.032153562953386366,0.04082139823988648,0.006786503672455481,0.012762534138883843
spot_0075,0.003083317849087068,0.04060682734730099,0.07256242346381048,0.03540986179174977,0.08470165900189111,0.056683982550336194,0.11833156556959161,0.03269360646214102,0.14067638448390044,0.08879082595392876,0.02597966744796051,0.004477601168115946,0.048563791995319724,0.07502966347923591,0.095715655800184,0.07669316563544648
spot_0076,0.0014536200802431334,0.09657746728789544,0.10353385022084598,0.05788718865412703,0.002429314446542314,0.13520543809983204,0.07434326638918103,0.09835912254806178,0.006879580018772866,0.0045273262680047294,0.15482745631690778,0.08926941795944686,0.014366742479167428,0.05480857778608782,0.0993578523636874,0.006173779081196378
spot_0077,0.015389737303588079,0.17442862433104156,0.08018225001676552,0.06208676535113888,0.0840444975482315,0.12700606129879616,0.006744435792818416,0.02592199484897333,0.1252908345851696,0.018127122864342735,0.0632353626022431,0.12144670391786049,0.004756128602291647,0.027204203973234378,0.05862961408527103,0.005505662878233586
spot_0078,0.3725128584306382,0.013762581104708021,0.04114716732653737,0.0460764532737034,0.013819789309231785,0.0037690991747356497,0.025091295915292237,0.004905303138832284,0.15816579553743676,0.1759968715703,0.0052957854042270346,0.05346789274564293,0.016534433801806858,0.005524923712912279,0.0025361178881694387,0.06139363166582575
spot_0079,0.14284415546941492,0.007965617332060084,0.040577922643537705,0.05259202920233957,0.05926711072067334,0.007817287350037318,0.15875908157160437,0.041149307612894835,0.042884758375803626,0.02049202843305086,0.130804377150525,0.03153506227137755,0.10934206835540128,0.047476876387498944,0.041268092897824016,0.0652242242259566
spot_0080,0.14696020986881547,0.04555646918898827,0.010039503970704815,0.08930598708057054,0.005156165220564735,0.1062549156836837,0.009323697804962602,0.01798240843809742,0.20499158796098227,0.13782956392511633,0.03154397658521588,0.049689555926180864,0.010137090920262975,0.024745055236360218,0.05599632661714444,0.054487485572349476
spot_0081,0.0004449021015688863,0.012187001727949731,0.044179470174736724,0.13934633301981442,0.00041747882720920217,0.015141306683651158,0.13816179718075766,0.13421552524202585,0.07999807460008272,0.08588966832015636,0.08998346156607578,0.0004141882112516809,0.08564235900888947,0.06400408629402622,0.08228831100599278,0.027686036035811365
spot_0082,0.0006861868098952134,0.012284742669358981,0.011648816142076746,0.13842597981656415,0.00046977288689204985,0.008622590048755449,0.10711683043691732,0.17334519024620942,0.04567751370332419,0.060986198223495616,0.08663238037844906,0.0004901199451500042,0.13309800372036606,0.03999764761275274,0.049362210267342645,0.13115581709245033
spot_0083,0.044926593537736405,0.049062802497495624,0.030863488129284116,0.06340697611471065,0.00442144100157596,0.07644756038386588,0.05333074275099759,0.07171291194255218,0.10309459572973988,0.13207227565492757,0.07561231695582966,0.07057175125774896,0.04409330123511306,0.04470903294474375,0.0832453925263301,0.05242881733734861
spot_0084,0.06605377282942464,0.19167538556904676,0.02816375141189902,0.13146355263994816,0.044303473290889045,0.05602709505057974,0.04313980612817618,0.0967189547164109,0.05793492003701238,0.07730369303943696,0.0736192103664508,0.016439008966633535,0.01364462939879212,0.017551945801159378,0.06080120806514653,0.025159592688993874
spot_0085,0.0070693392251656665,0.07813806398035854,0.09209446584384019,0.15525427784720047,0.009831857429136304,0.07126578885366262,0.11768525344833207,0.09863318950578895,0.002346273244008265,0.0033106119869440974,0.043753222600383807,0.15857847403337053,0.06051024679044204,0.029090728770121064,0.06957184702990075,0.0028663594113446118
spot_0086,0.005861930759252131,0.008843266103968062,0.0462719366032429,0.09225614861625635,0.07443436161533047,0.07471807274555839,0.05927195633112567,0.10819160346176765,0.06343557571079969,0.034064861050709896,0.1655806396739489,0.10871976050671874,0.07682550843705215,0.04311810435542644,0.018510111766584025,0.019896162262258543
spot_0087,0.10920208020331479,0.03762823342504813,0.2800292429725918,0.12730651803116227,0.00879344056522046,0.005337585742638969,0.12760219473330467,0.022793629870109678,0.038494668039642375,0.06836715236330719,0.05361996236935145,0.002289880294321192,0.04507932617324393,0.00499537095070666,0.015494414862937405,0.05296629940309905
spot_0088,0.0019797889151235222,0.012693858468353934,0.010456637914490526,0.24852125208669937,0.004052347293838867,0.009372667612700262,0.04855981231360376,0.12231487045357928,0.15935773661492766,0.034310594251466514,0.0375554188507148,0.002551668058832651,0.1264531928171432,0.0606519118850568,0.011953610031373607,0.10921463243209524
spot_0089,0.000635647719014458,0.07490442470005672,0.15266540358077427,0.04539673150278466,0.0005599249490715783,0.10715659404704217,0.04336466412827613,0.10519289281317529,0.06908092282213847,0.12921886455172682,0.08560635556422108,0.00046596244001660165,0.04610542428961544,0.0435408391873759,0.06185177668700454,0.03425357101770589
spot_0090,0.06260715798473511,0.002429427427194301,0.002956716102498553,0.024246132545355997,0.15626197496941946,0.12607938975328342,0.034608420413704516,0.16367482851045997,0.0026144315141132827,0.0014556484826588792,0.08380761369080315,0.10239613039118282,0.04906316957153912,0.06781435245952487,0.11863674467001849,0.001347861513508043
spot_0091,0.09053437367842994,0.029117063913796776,0.017708732921033185,0.06102774053669758,0.056311913554949466,0.0969395850537071,0.04136862011690707,0.18436934490245313,0.0729012196141677,0.005951741778096918,0.10314356274429075,0.07930044965351904,0.004375993554200583,0.08078598671698793,0.05459846774941164,0.021565203511351192
spot_0092,0.08047502373414187,0.23779277688362813,0.14279781436695796,0.045156054026030394,0.05292514623580279,0.12455795709398769,0.01975800745135351,0.006970507781853572,0.13548024085131938,0.018132908327630665,0.006611279885820165,0.021092869826818964,0.020346663179607382,0.04816911158862261,0.004803416035760765,0.03493022273066417
spot_0093,0.009205869971215235,0.05075894216788961,0.1744748580093745,0.21826572289177298,0.019188608176730383,0.006409610215894298,0.07603936847967678,0.05791114208823269,0.12938959637938377,0.04451366542752441,0.07025123543585358,0.010156211504581292,0.021543715546386875,0.03506117436304864,0.031318615927840514,0.04551166341459443
spot_0094,0.24863675339752658,0.002798018430349633,0.002294655700699771,0.008668466512614883,0.06650367878973147,0.12554933342914593,0.05117599285450093,0.19472510133543763,0.06422212140657786,0.013809592725947378,0.007437257394774079,0.010755144497360498,0.009245494437264088,0.12211529919572911,0.05115316756375225,0.020909922328587894
spot_0095,0.19046295540626282,0.12020495199704649,0.052104303429179245,0.07162215794352393,0.020184462383942028,0.016623499011412593,0.1057056973466509,0.06252495140651021,0.0010153612605301383,0.001244760199841821,0.0885683975109203,0.16114622045904303,0.044863922062379026,0.038960410217962135,0.023913376274985264,0.0008545730898100411
spot_0096,0.016094378538488767,0.032574953095203814,0.021522348986297183,0.1370884348140147,0.08728614554224191,0.012456973308198182,0.029683214727724914,0.0823262486091452,0.169370690945262,0.06133959233691739,0.15785519735527864,0.037137661087231315,0.026481079354352358,0.023596209359018745,0.051437017273086694,0.053749854667538226
spot_0097,0.3289133576959595,0.16441850324330265,0.18288189958426873,0.08866916176127405,0.0059071212988609815,0.004959438601514184,0.005578305079717057,0.003982579749921734,0.0018720741123937586,0.009153583367758455,0.011776617849085527,0.1769548764758386,0.005665276281110574,0.003998882579981153,0.0032358364722181636,0.0020324858467948973
spot_0098,0.056699344308747894,0.002743398348374466,0.0027081089915313235,0.0432542451522255,0.007717307527607769,0.07551734995003193,0.07290723175764412,0.11807589613400285,0.10211810592487697,0.1408503996068766,0.11623937792158265,0.0124175701699133,0.027721294649793757,0.017200940460522292,0.11066510017551429,0.09316432892075432
spot_0099,0.012790140341724912,0.011891165384167285,0.10977000443817313,0.01262665798858187,0.08797362502426,0.12021231892960146,0.045602877804895144,0.03445174250924908,0.0378806881576333,0.1112518377035929,0.17510269223215885,0.02394956431861642,0.010098963925207987,0.042405271750869396,0.14698662931853135,0.017005820172736927
spot_0100,0.034240096131629164,0.06501172397469498,0.17294301366426137,0.07340980141838883,0.0845394806617221,0.014313227044415743,0.09486258297672667,0.09368806924419465,0.051399455660926754,0.05241199776916793,0.02387360536415077,0.03737177977487834,0.021841534763084758,0.04075759182570504,0.12634120779804905,0.012994831928003821
spot_0101,0.2829417822371498,0.026427125260861904,0.020147949694399946,0.013325228658112722,0.015953093055095974,0.0025459462529459284,0.0030159578662400993,0.0018469172818523269,0.22400159445065,0.05485186932005037,0.11383396145463276,0.09762903420480736,0.020769950526869068,0.0023939192839443524,0.004683772498545154,0.11563189795384225
spot_0102,0.025714395361121366,0.027362843622126338,0.05703677869534734,0.16491358137069553,0.02818852322245908,0.05005294568873238,0.06474501612149103,0.08474791213880113,0.11378022290942169,0.09885713719097503,0.02177603889863149,0.11454614174033469,0.04019869693494598,0.062255276021364866,0.026243812239244768,0.01958067784430731
spot_0103,0.10319249333690313,0.09992428793469796,0.19590605968129018,0.029624439259309694,0.11424893775776976,0.008781904395798476,0.01572452433777113,0.028934283907525355,0.08124556419167046,0.17371502019880689,0.008303574589125643,0.026777415136030776,0.02096676564532294,0.004301841043104752,0.0038377998211987377,0.08451508876367414
spot_0104,0.025617466492690453,0.0025194611709148038,0.001847002046738148,0.003910289262017163,0.08109774616786325,0.31685408936476533,0.011183585635006791,0.36337592956600606,0.0013596067397183876,0.0019116214074872781,0.006025271412079936,0.03137383309237152,0.003164571743240579,0.13117301285644634,0.017435525931334,0.0011509871113199776
spot_0105,0.19351038496188952,0.045615519977484656,0.02218921323559191,0.07951161524414697,0.07319780563998608,0.007380510526165573,0.02616743033941167,0.0784376651989852,0.11043933538576593,0.11523292462670469,0.05108771996828836,0.04470267036864552,0.011129165455386853,0.011328628580299904,0.0383265974842063,0.09174281300704087
spot_0106,0.057134319692548834,0.006302718335925783,0.010372429674361314,0.17539313922572952,0.016580315053727937,0.19391467557964093,0.06943446439961226,0.08565841806620982,0.09112026165356908,0.0035269722914255974,0.12316537750202339,0.02849964248656472,0.029795352133561034,0.0795797971587668,0.020945708690207065,0.008576408056125895
spot_0107,0.0627386928205693,0.05053602782133212,0.015315325084271202,0.08662439956618437,0.030777924219915324,0.037087254011096984,0.10126239136844523,0.21689199924002203,0.009627451136738178,0.07046537874284822,0.03700251917796826,0.03049614102784156,0.07691171169653872,0.10080678134199085,0.044099992288652606,0.029356010455585033
spot_0108,0.14757465541971215,0.010681064566575164,0.1157971916387753,0.14029174519058146,0.014036362008552718,0.0227892742053069,0.059349160953914626,0.04277135674429498,0.06444198345784684,0.1424403876148989,0.0809275181627245,0.026447899613076826,0.03716769847106349,0.01874260051105214,0.03387212737219246,0.04266897406943153
spot_0109,0.08421311795941008,0.004676502482615058,0.0038511726707019917,0.03839415621228866,0.03352265914217144,0.06502945514984691,0.07466831052649128,0.02715536589443278,0.0294797198076437,0.06462393942424488,0.13661499438199384,0.19341161302690837,0.010458817837332969,0.06276192724966544,0.08658770527928016,0.08455054295497245
spot_0110,0.040156977119506644,0.012955447280590796,0.0076890793013099715,0.019308422892097415,0.0070644285004053935,0.09409558692141343,0.08724502880277099,0.0934735802760046,0.10978217026766687,0.20733239167754128,0.03015698745777258,0.041155394724450636,0.02940083539677965,0.05352903427829298,0.07655729868736247,0.0900973364160343
spot_0111,0.17409911854895327,0.2831111147640316,0.030905781023281627,0.044133294501480326,0.00770411890605514,0.0016285063681246378,0.0030856756524917876,0.002398545951378819,0.08508001658627147,0.10123377752677938,0.016391205973192425,0.10650078786172115,0.06906568217286205,0.0017928587462246162,0.0024543289689585236,0.07041518644819315
spot_0112,0.13287527856839312,0.06967665127208673,0.05936699609529143,0.08449386673737098,0.013397716053942995,0.05497668566281103,0.006058128060123003,0.016845165760728434,0.13044800799808565,0.10978770648462514,0.04990320281858418,0.09460260118211648,0.08081924215935203,0.008138756217390762,0.020464002476459964,0.06814599245263807
spot_0113,0.007090426719235232,0.2191211495924508,0.043259440522993804,0.01079730400822176,0.060876538416023265,0.0009301724160395567,0.0018255983554454737,0.000981490810638908,0.20459098331461842,0.2704650706766663,0.0033920769182479247,0.002990496514285414,0.02483436952061271,0.0009096800546784983,0.0010776759095021116,0.1468575262503398
spot_0114,0.0013570123637064403,0.152347060532782,0.08689310175055562,0.0427264466650367,0.001299945249727485,0.01806663748601456,0.09650745331033478,0.033180992922779984,0.09625416276416043,0.11329601143867513,0.20076348035695687,0.001929560940886795,0.021330630072374415,0.012892836597137441,0.11033346293109961,0.010821204617771736
spot_0115,0.014656065255121966,0.07135198564786133,0.02586943330390611,0.19324573816637564,0.07359100317863573,0.1630810605426183,0.08367991628191955,0.1822087486551638,0.0005642428430349161,0.00044733196811619195,0.04361072760224706,0.010612366882396784,0.05372331369147153,0.06294561377517924,0.01990779779094942,0.0005046544150024098
spot_0116,0.06022127385220228,0.07668772462746978,0.15933545089143777,0.13193520441602313,0.030379597405177674,0.006603585127067893,0.145210939700709,0.0704540804423602,0.09264609186623646,0.015523026330901649,0.046341971691184286,0.005044820412194501,0.07492852317281254,0.025752615793526435,0.026538408169856594,0.032396686100839796
spot_0117,0.044923718318458,0.03468477056450108,0.13632292588713069,0.29687136972900885,0.0059338069052896425,0.09565934444958404,0.08802917361854477,0.01471736244769637,0.10678911790491287,0.01534769177301729,0.019620170509280426,0.005031549929996739,0.05286794830168944,0.04110531691908697,0.016708733402436518,0.025386999339366327
spot_0118,0.05216731430593348,0.012935838622124727,0.041959193048320034,0.030193817574800347,0.08560587506565995,0.1319329469739747,0.08491691052537731,0.0579856412098547,0.12127806844517267,0.10647631891860733,0.06126890339339518,0.06897740825179782,0.006204138408934905,0.04743228518407008,0.044463939380336534,0.046201400691640256
spot_0119,0.09798634500461813,0.018068404636450423,0.05439873209517898,0.022421089074750638,0.011741550776705283,0.22570146805165275,0.09403018774423509,0.009821080238266482,0.03796008931814117,0.012618051630767145,0.05617513584341233,0.14228747498041075,0.011362394586900975,0.041045760622703924,0.1323258456696782,0.032056389726127725
spot_0120,0.014279064168542221,0.18172147337368627,0.03365391125702627,0.12566487464874934,0.08151108490236735,0.015029151211606478,0.03596406353391777,0.048005916893642066,0.12992440566841368,0.09999162019750842,0.02348292656755455,0.010065232657860756,0.04417410427734541,0.02399725653265009,0.04854296798103896,0.0839919461280904
spot_0121,0.06882597388086009,0.0022814840580205288,0.0019548416869113474,0.00532830671455352,0.023836946902170298,0.21666819327497436,0.144549128067169,0.15256240261466633,0.1062071721219457,0.08490764675510991,0.0031491764317008006,0.009232090248165209,0.007421695540941446,0.09534369660200193,0.008296049324464545,0.06943519577634497
spot_0122,0.03886114147798402,0.018415420410771318,0.07166068984217544,0.07157557117426717,0.014433582690750598,0.06643479248814259,0.04164187905742137,0.010609533277467076,0.12605254955488177,0.1590151640353783,0.09494779638750563,0.08652221030961534,0.012096085031528096,0.008156530829326453,0.05428181359639549,0.12529523983638935
spot_0123,0.11741821764868,0.08854317310125584,0.05777814421319986,0.18282683338502442,0.07013569444211823,0.015745456722688827,0.10261000287572586,0.09077072416855013,0.07880610038988306,0.0040244237020144675,0.026360546517669135,0.0091194109724472,0.10710465705143468,0.02978997866751492,0.00815583598015513,0.010810800161638243
spot_0124,0.006858875443777207,0.08319660412564377,0.14612667664498316,0.12515838532467477,0.009045370795984015,0.21465247518127573,0.06056631553082752,0.0288005272969082,0.0027982457914771833,0.0021994951991858146,0.1633719378708518,0.004535683056076086,0.008437972700666643,0.014411371195767615,0.12822978139896796,0.0016102824429325248
spot_0125,0.0012157344630613761,0.03413344846600785,0.11529164374062052,0.07237122460209679,0.0013471244491124511,0.13813943496516923,0.03424975849409443,0.10527771910638277,0.14598766751226935,0.08024019330221577,0.052241860379833124,0.001467308845382976,0.04726848999477028,0.06660152315245195,0.007559722637332261,0.09660714588919884
spot_0126,0.02479780142391384,0.17419726466699031,0.10209829390153798,0.010814889666277324,0.014960552056452778,0.01477203949250894,0.049453386442045694,0.08614700526401341,0.12715097032986283,0.15273949545136123,0.005284281887171601,0.03870123640495081,0.04799782993363326,0.06048794966368269,0.03258843202006276,0.05780857139553455
spot_0127,0.004393528031011033,0.007758876558742954,0.07949612251417332,0.05250036342575313,0.0053056742244833735,0.086075828098695,0.16005663559471514,0.21008760760145037,0.001638645722557609,0.0017379863829768572,0.08973041917596414,0.0835348583869017,0.017046862135638215,0.04798895153673006,0.15131377883007321,0.0013338617801339156
spot_0128,0.15780612539721214,0.011623099248788248,0.016104619064570124,0.051865692681609815,0.086394558813979,0.014490623896967474,0.06429381245077334,0.029500285803385286,0.10908015451839427,0.18569734246525885,0.010373698884584913,0.13506701726090847,0.01520157641403625,0.016479157727048586,0.011809092111011497,0.08421314326147174
spot_0129,0.003336783686284752,0.06617496033084189,0.012192522556781783,0.20473808319860018,0.0025286479715229725,0.050392415517119524,0.058840487211087165,0.1397011474177,0.08216831026279243,0.006822006391530453,0.0818812068663264,0.0396636589297645,0.04733468660917958,0.051637192876947,0.12921775184163553,0.023370138331885844
spot_0130,0.31251288853936426,0.22565456323492897,0.10134642223199965,0.02074395775009689,0.008921124786744965,0.003180931166647264,0.012543165344544407,0.0026985412264584454,0.13021460910178484,0.06312913211240208,0.0056785701729633094,0.013417233580364816,0.05947224357671441,0.0027781723137604067,0.003936673463493319,0.03377177139773197
spot_0131,0.16150945778956738,0.02840667715302628,0.006967694955143758,0.062397109147078175,0.025179344956390404,0.03214603998431719,0.005360774784899131,0.08918883965839036,0.31186532530831607,0.06870795801374682,0.007754450420623654,0.015073785562959177,0.09141148954650678,0.02200510173369312,0.010822978791709233,0.061202972193632466
spot_0132,0.01639645774821376,0.12911487270072186,0.17793560088716284,0.21967071532238464,0.06956167469190853,0.0034515142490235576,0.03222808619457115,0.015182130537801658,0.010309852459866837,0.07284787647502547,0.1143976385994803,0.005690643401328437,0.043539954667025565,0.007628224097926378,0.06178796824143552,0.020256789726123485
spot_0133,0.12382899525389589,0.04196148868906576,0.08460187100541701,0.20191409905325264,0.005228710783684628,0.0057238723316904005,0.1156666201389785,0.07047405786044149,0.05714123298966283,0.004548450150760857,0.04227398667963018,0.07493133299918331,0.03356041683183397,0.021487135404910367,0.10766018299420727,0.008997546833384915
spot_0134,0.08097811536366079,0.11535544800604158,0.1596993035892447,0.03041864396537029,0.009605157527965388,0.16758921090432236,0.17960985326525394,0.06047313227783724,0.0005411390393873974,0.0005132972302847039,0.043518564582810546,0.0021654196237261124,0.04500863991022352,0.04507662121816496,0.058824614887104436,0.0006228386086020481
spot_0135,0.0005507149254337173,0.1331214387421887,0.05707803239745731,0.06684307339364333,0.0005903046714362522,0.10549823141897459,0.05945368469697727,0.15149450755320779,0.10902221673369038,0.1091439552533185,0.07129037760309863,0.00061114968712669,0.016191121769871645,0.04622140916107525,0.03521105888489017,0.0376787231076098
spot_0136,0.08106890069127813,0.0273986942181235,0.07711881084524215,0.004074764956491137,0.1336848285919445,0.08451928001888964,0.06292285967976406,0.16429014121906674,0.045199056099401266,0.14814026568412839,0.004327491628438917,0.10909799705851346,0.00273632266593029,0.013707891467754894,0.009957813729773973,0.03175488144525894
spot_0137,0.007114399051329282,0.059855448338629116,0.09092541978118995,0.2145820430522305,0.017249635275699324,0.0063157022577881375,0.013598651168093901,0.0482534837464576,0.014615745778373346,0.13668816787747096,0.11763548608749806,0.17790318647747635,0.01889958328483985,0.03884810688800129,0.018089664254302692,0.019425276680619656
spot_0138,0.02103005168623159,0.004170864114627198,0.0033547747718160347,0.010612847426327439,0.10472307871569422,0.18481491766461702,0.08884726049446123,0.17307399836127108,0.0037054795299956375,0.00568008236573789,0.031031040830512217,0.10848770987779427,0.11093089082824985,0.09035260957649625,0.05698602104436077,0.0021983727118073007
spot_0139,0.07973135058171504,0.026934025553333837,0.12066445740907969,0.06986090341080346,0.004211591315032697,0.005095380476734598,0.1177773256318681,0.11941447126314238,0.07419342082352172,0.07603979735395998,0.05056127769522536,0.0025500355371719033,0.03157127558237964,0.04219752429945729,0.0929831941184842,0.0862139689480901
spot_0140,0.10613294752138865,0.07854955617287729,0.21622698750453154,0.03212143843187719,0.02442125044667803,0.025755853011117245,0.06175118836778058,0.08786257482306264,0.028281689239177697,0.02050197511846209,0.03208097066839138,0.14052492670262723,0.006067166231507144,0.021558785293277375,0.08880768516751802,0.029355005299725907
spot_0141,0.0007795185978942882,0.16399619434837032,0.3368065006561047,0.11219565848444724,0.0007439289881057709,0.0051254167941547244,0.16662211471723468,0.011602094728809553,0.0008983346907895446,0.0008362508825211439,0.05747887285754102,0.00079649043077076,0.05298396435592195,0.006711673199564434,0.08133830897070048,0.001084677297069432
spot_0142,0.009332368582789958,0.008422426068970203,0.04439352766605918,0.08011385727793138,0.006200215366782693,0.04346373838673555,0.09411008528840836,0.10515577147757198,0.06634822876661726,0.0037703977524337724,0.1634911682106513,0.12942870117210656,0.03434141873271034,0.07738638166959909,0.07014023368431241,0.06390147989631997
spot_0143,0.2061206250724885,0.003574255468252074,0.0030214892170013987,0.007394574058045616,0.028842048964629677,0.006335776033192791,0.006721982438489067,0.005796561635219596,0.2810631214716945,0.06967907072533702,0.0460099195341112,0.060146234318023885,0.0035289693831173146,0.0043824358748382475,0.06585148033897603,0.2015314554665831
spot_0144,0.11896926383627433,0.0026977256831289807,0.003102081949915435,0.053150550021500216,0.2245180756867761,0.03782951627731073,0.14107718978465328,0.06858293279757707,0.017959764946999385,0.00972462753879485,0.1375838317561095,0.08292623319887847,0.010592553535707925,0.02787143409241373,0.04794691812487167,0.015467300769088366
spot_0145,0.28835401336456995,0.16975452342659947,0.017406805137083637,0.0747020137101406,0.1093431096742475,0.0044672659672873385,0.008562225632691994,0.004157643210105287,0.028125167273952697,0.164934752001572,0.014716457171844438,0.054942587478169214,0.03506082426566709,0.004960813065720376,0.0030051850312786833,0.01750661358906973
spot_0146,0.07980126358096855,0.013224592933251384,0.2313743066915092,0.07866486416987666,0.04031732069108262,0.09303347872714395,0.12788133843561808,0.059654880824887534,0.04925696950148676,0.0091439487908581,0.02805576344384898,0.016483398127593286,0.055288399238670544,0.08815516732674812,0.013149391954611565,0.016514915561844642
spot_0147,0.06128435747365443,0.06610936864128591,0.04136144152059372,0.018158970675788918,0.1253888032397587,0.022972742409029228,0.08090118804415916,0.10943030836782724,0.18397440850634325,0.030537325339375605,0.00246192713950079,0.059078229851049116,0.008251216650654923,0.06303143678991929,0.0027010019908580178,0.1243572733602017
spot_0148,0.10226145427994571,0.010358453510086385,0.08160130853986099,0.020552433212476923,0.00666984549756224,0.12244072886742294,0.009040166247349206,0.09389322698854098,0.2243023948938618,0.06203638957177071,0.03341761695982989,0.023317764911177746,0.005353866869457599,0.04668103486762267,0.11562233370242878,0.04245098108060541
spot_0149,0.026364444139529375,0.0821095968385548,0.011550643207025243,0.0412457629162649,0.04819913717372673,0.13008425553764774,0.05104688623052973,0.08064357470993912,0.1541267182961727,0.12078729118751973,0.032862219539922466,0.011443182798788034,0.03359771327990292,0.06520725786006434,0.0893621056434241,0.021369210640988054
spot_0150,0.06151649980761175,0.008078028553725577,0.034485824024634404,0.011955185699238119,0.043286411200702535,0.15199534037218518,0.19510880455110546,0.055311624991690775,0.04743321280601245,0.0563932766479312,0.012432703676018142,0.1107464682219673,0.049208584473273406,0.06274035699566828,0.07728676797924514,0.02202090999899027
spot_0151,0.004083178343537142,0.19482789977836812,0.058588727201678965,0.05667257620847166,0.0051603053353291494,0.19404859734904514,0.04659571178810158,0.041293334512182166,0.07866077137583886,0.11740018947910855,0.02837664923979458,0.0836154481471839,0.02786112156464935,0.014194069255735358,0.013105908170177444,0.035515512250798006
spot_0152,0.11875918650958894,0.004756829293250666,0.003906062767065713,0.1608642740408658,0.012721677895684234,0.07459807637049799,0.09048132198007135,0.15289237573204778,0.001558140168735411,0.0011085358092973287,0.23147293118264184,0.003942760144448645,0.043733847401470474,0.04043158516682352,0.05659401077575972,0.0021783847617506077
spot_0153,0.00966277792867787,0.04968601180269053,0.01646889804560835,0.18251011856639657,0.08803315312030098,0.0060002123384900975,0.042975277766940594,0.0529181640256569,0.1891133785391157,0.14906689558487118,0.11278243422361563,0.01223269190197649,0.011748612944337704,0.03521270274900796,0.025308413931603855,0.016280256530709594
spot_0154,0.20971503784254705,0.010918010368173981,0.021689860020435374,0.013531907232238127,0.021203180724417837,0.19712477822886276,0.029935863041489662,0.14623399270531956,0.09643677061374424,0.03944478275675057,0.01219249574638978,0.004922503186842478,0.02234551515906642,0.08335976769720539,0.07429253267866581,0.01665300199785092
spot_0155,0.13959989940699147,0.16543470257306397,0.03766599777707074,0.1145465574584901,0.006506378819691193,0.03794993085983713,0.04781005782259498,0.10591340781086488,0.08881659547443775,0.008892801280074377,0.022794357818267653,0.010036029001401275,0.06840326151064834,0.09571867924144616,0.009555596288278814,0.04035574685684119
spot_0156,0.0005889857657298969,0.2845097685268338,0.08808099502784462,0.23627900403664373,0.0006621176231699787,0.0011010515872747209,0.0038894133964710704,0.0012751234839822408,0.09725699077515275,0.10152613935155681,0.009974369416301374,0.0006056303552564519,0.021628578426400813,0.001150329494467682,0.001885574325502129,0.14958592840741192
spot_0157,0.06993612264917712,0.028734850288463253,0.008250741591304848,0.14527416694146858,0.02149173884841958,0.012912203974805596,0.05193552606108166,0.0963911257541854,0.021370549156699323,0.12542640118029805,0.1551465832302616,0.06166863582627352,0.061915661499250846,0.10612678255696596,0.007331054588496792,0.026087855852847893
spot_0158,0.005704644744855566,0.003790664934406464,0.003255190354515352,0.059414900900429925,0.18452659781393085,0.0025248845302882216,0.007913763531038636,0.0034852602801209837,0.10636675439670601,0.2692327044681716,0.1647288715819576,0.03158392179554141,0.044341229028744045,0.0036163241566299757,0.04151743426680674,0.06799685321585663
spot_0159,0.2359157529754273,0.00777320961368098,0.007034909277005598,0.01685626772258911,0.18488236395717997,0.1682485379888179,0.024273623890824013,0.01409059070646386,0.005537604929405815,0.004042197621853219,0.010237398417845925,0.16239070055425608,0.12227590011471143,0.029939252052047,0.004135581218958946,0.0023661089589328698
spot_0160,0.0009884892515199578,0.07462953702477236,0.26665395663835123,0.09740342198876781,0.0009730229144209584,0.009823424572218095,0.04287824677036537,0.1219497237838007,0.01171280977749248,0.046166329269308984,0.11739780461178959,0.0007089978817973096,0.05441017097862843,0.020119490477476756,0.12625640703254912,0.00792816702674089
spot_0161,0.1111982772678255,0.1819136783934677,0.013991424147010198,0.059601160296183356,0.016059725440985145,0.0017173418149794204,0.0054966332811773,0.0024543255678779697,0.17848076901878235,0.2589331709601163,0.004734091174014413,0.07253350758010876,0.013975050032453805,0.0018057989521092909,0.0033171317324521693,0.07378791434045634
spot_0162,0.08488632258709625,0.07273515178058063,0.09610389211247035,0.05894009105661469,0.053197048927119635,0.145037920790106,0.012378797604193243,0.05424239025547668,0.05843948652838882,0.08210992452262267,0.023211744705047038,0.04560888432542737,0.09483784291080953,0.05688721944947039,0.003099235657179807,0.058284046787396925
spot_0163,0.011596553879894523,0.011992688976383413,0.06682321250831037,0.025169476057269585,0.09560578179103991,0.08564801310777746,0.026114922357444063,0.17982064809026627,0.001275724913646618,0.0018970691643146664,0.12776097602917097,0.11468418744074772,0.02431065213170828,0.055480446754111186,0.1699558924545595,0.001863754343355483
spot_0164,0.31755802933232424,0.1635713941689541,0.18034780251511723,0.06163620260359482,0.13277269675886028,0.0029384843950957017,0.030305270180473676,0.0035282116350884175,0.002078953088619825,0.0015004513197323694,0.03058990083336807,0.03720298335291735,0.00822188603356601,0.0034849130106784513,0.023139919035141045,0.0011229017364684046
spot_0165,0.10074630039398792,0.13187786623129868,0.1988206964253425,0.03170838860240189,0.021379322335757973,0.1369428046676449,0.07216691208131869,0.037972656795784814,0.06761268143148898,0.030386516076325344,0.01141100750015368,0.01690109292641492,0.017733473474868706,0.0713590577464457,0.03993022013693484,0.013051003173830426
spot_0166,0.07488277174481398,0.006929660033539269,0.007124799744568351,0.026725646850118214,0.021334593132124432,0.05746024375279915,0.016690074637494737,0.19258483404157914,0.08542037619384324,0.0888696974048601,0.11700414501917966,0.14387539348210637,0.007928080815738535,0.08407945452146155,0.036956663711889694,0.03213356491388356
spot_0167,0.07902941228422349,0.014089194158520009,0.15447224990286076,0.12138515293164233,0.0033774080584441386,0.09978597730170402,0.109424180947597,0.1978835734973697,0.016977053809742355,0.054999466136486104,0.011788643163724305,0.004083317852712692,0.05518356574230452,0.06363062662768054,0.00659960864666811,0.007290568938319932
spot_0168,0.010109350463851368,0.010772969584599465,0.011135733009101001,0.11519040746178803,0.04060455822718443,0.12281694687165119,0.07057632270806981,0.24900308937393312,0.04426397911739137,0.005770281005535273,0.06960868253653305,0.02513654263806499,0.030816795563832083,0.09317621845997356,0.045927372929267955,0.05509075004922332
spot_0169,0.07296867107242953,0.08405862928360028,0.015877278337585895,0.3386132027351774,0.0109044861255337,0.014503329205444386,0.08591225967789848,0.23646253014446625,0.002060667764710739,0.0016393103968899325,0.033108235303667244,0.004426013027769483,0.032806441940622204,0.022650528370757265,0.04218919280695942,0.001819223806487747
spot_0170,0.05949365701444408,0.03907531314717639,0.03860770292879538,0.06292190225161028,0.006188616491561968,0.006887468610080164,0.0309773590177469,0.07513045893739834,0.2266287987928287,0.1433521775757913,0.10292574792227165,0.018064918877801525,0.039318534099028246,0.025965631793956175,0.04528043515158166,0.07918127738792724
spot_0171,0.0007289535369834302,0.02770165353142916,0.05153173259044485,0.06778637061969461,0.0007917036146903444,0.23478597035817553,0.10506296602519427,0.030944979492531614,0.007715337352583289,0.14540321760229905,0.03642415682527007,0.0007972276097101104,0.10011896688894746,0.04258358356966861,0.12480388439681497,0.022819295985562628
spot_0172,0.03589642866800966,0.019889284720533116,0.023735276761928308,0.12938460926337753,0.12486070751873259,0.05459057782356034,0.02061205404656263,0.009213604531247832,0.0442038324829907,0.01007939883562646,0.20458009774654518,0.27368661793759524,0.007968102711137195,0.015555745113482768,0.01420849809721411,0.011535163741456363
spot_0173,0.5462251379873503,0.04760491155038328,0.32168230806743964,0.004488622169459143,0.03767048378004616,0.002054124337892667,0.0028341651337326643,0.002048873622492893,0.0017474807194161044,0.0018035972491199568,0.0031307960283389422,0.017291004233835658,0.005564674574764811,0.0017301081327246743,0.001999954777806085,0.0021237576351970534
spot_0174,0.032204982595027846,0.029817574150060925,0.18298460027087612,0.08540773619858978,0.007864943654462005,0.02507326487259233,0.05976024235862041,0.12041095715688471,0.12921463188132593,0.037849350442393424,0.08061118251124186,0.014531168897948633,0.009578396494268164,0.02486702718628393,0.04086484807110784,0.11895909325831609
spot_0175,0.05969111513634605,0.037547281036828195,0.07934444219892121,0.1304821171758705,0.12243578422354594,0.06939862091839177,0.046411540487712344,0.007640421595151075,0.06291557892796691,0.07169535998628528,0.06785338504338045,0.14975126693479,0.0053450856793058,0.010307325860289835,0.06938693364709411,0.009793741148120538
spot_0176,0.20842830038161414,0.0655694846878069,0.007975258091800675,0.14042883180088148,0.06462708343577758,0.0012808316781388383,0.0023624608018225257,0.0017503909488128303,0.07997641886925519,0.12811442189809163,0.14629495938969803,0.026248925948466804,0.020170571798950897,0.0017010379733176872,0.002709181708431158,0.10236184058713362
spot_0177,0.0349393074606557,0.00559835383454389,0.023007606143594497,0.005999959176485715,0.14135588777795047,0.12253031596140229,0.019685792079141125,0.1441063451631285,0.14902489813612543,0.09366459195981089,0.0053658763059721394,0.07574191266070562,0.008580228597814444,0.061669789357386075,0.05191548057810232,0.05681365480718089
spot_0178,0.031127915928356217,0.01659831992351793,0.008228823336581056,0.25485920071453494,0.011975816244257743,0.2028724773196959,0.023398977410805412,0.0959846926500208,0.000588425506484479,0.000696449566502857,0.09038673586949214,0.012992583472948589,0.10028849573470386,0.14085243217074025,0.008563642730727765,0.0005850114206300393
spot_0179,0.07966227961032574,0.008217049628034058,0.14075823985874775,0.15420753004807128,0.06206544702806341,0.062249529596834746,0.19595033277168036,0.1337480662340552,0.0010873193558593721,0.0021100891046146254,0.013684523875833422,0.001933103062059776,0.012045846504081454,0.03311883694055214,0.09803876830428415,0.0011230380769025432
spot_0180,0.0003644178585975306,0.015354470010338682,0.33943650944829185,0.03166066828715355,0.0004018262483227994,0.1841812968690452,0.07354234498772019,0.16618416372122072,0.00047642312424327405,0.00046194453586085856,0.07071908382868626,0.0003799036697459781,0.02410215556420826,0.049644561358349854,0.042566508725505,0.0005237217627100428
spot_0181,0.2424242035012203,0.06325118847733467,0.05185364445874286,0.00916062650953238,0.0777098703102343,0.016392388336555958,0.02171722812029038,0.00517115282562329,0.23820061161255376,0.0520420507623434,0.01988376996618284,0.005653233535943267,0.0051964224472103955,0.0039770949928413105,0.0785371910799017,0.10882932306348919
spot_0182,0.16060962556942024,0.015834648987120326,0.09562543370127233,0.05376621360143622,0.032721860537737214,0.07558894414861118,0.09350096270522174,0.027072083450058328,0.0281376866849127,0.03988366871629631,0.06674831226530774,0.07102969596140861,0.0240240499326865,0.08061786060995738,0.08731471424266186,0.047524238885891315
spot_0183,0.0010826027432732288,0.049392106254257634,0.09576218525704881,0.1816029328555887,0.0012878472652013751,0.009375164806104778,0.13105511059291752,0.1198028802881913,0.11264950411784157,0.03269109307823176,0.07446717352030925,0.0016194948163477884,0.03278141100112328,0.012464916670864306,0.08082236543124063,0.06314321130145803
spot_0184,0.0006573291166014454,0.08092129240009584,0.09614430664077352,0.06406539550465433,0.0006185366089895574,0.26696275340375764,0.1230600156133822,0.12607081376072896,0.0009513680209269543,0.0016835249919828943,0.02263569868712202,0.0006339985520905719,0.021548285936431613,0.08387956974832374,0.10908382570031458,0.001083285313824164
spot_0185,0.2538482073595584,0.010523169827711504,0.06142139941824385,0.06543433087658003,0.15827085241347513,0.012298460245809058,0.06248103844517763,0.06828670398595177,0.005538722157773065,0.06964405402327685,0.09443850840262336,0.01634338247609352,0.07058024649297007,0.024020698673679588,0.006415576777613935,0.020454648423462285
spot_0186,0.0005479551242951469,0.250584208470829,0.25775400203261095,0.08698290682860113,0.00047003798329195066,0.0019202227067945101,0.00790738490325755,0.0014970797292692174,0.03967877139285161,0.13679723044728576,0.010182438527355711,0.0004198574400392606,0.13155354890473994,0.001861005952295145,0.0020263763103538167,0.06981697324612927
spot_0187,0.001757312794739249,0.04354328132253077,0.08010905653616968,0.09778006434344653,0.0022462420968446003,0.18726642194532392,0.01121736491032998,0.07423093185787204,0.12460125877149712,0.17921615046394954,0.013512103291672505,0.046308221164006715,0.027714911170588902,0.01563614425159907,0.009176062825054326,0.08568447225437506
spot_0188,0.12070531329521363,0.06485541459382452,0.07804764203014738,0.018166254086984936,0.07388826555846721,0.11114989898478948,0.03162221649528288,0.07603791833725447,0.07352361191182097,0.020191831412370395,0.08062087019686646,0.07076967432570522,0.01568931229334066,0.041685356125701185,0.03123437296514728,0.0918120473870833
spot_0189,0.0042925354553610745,0.04287891131086111,0.007477989483791328,0.04699030255825374,0.12359185472580264,0.014108889869226884,0.07416454804266534,0.08115431973612243,0.21407261703174987,0.03140660984969919,0.05237155080559338,0.06238167525568047,0.041640997302729105,0.03591999898071017,0.07290847830570456,0.09463872128604874
spot_0190,0.001381960874856987,0.16424913418998544,0.12721620029229014,0.05166047194818461,0.0018240624587980824,0.023145623953748144,0.07583658448978674,0.07929981070597743,0.16589406194668574,0.16320554213020078,0.021650686015574423,0.002601148999209479,0.006168475884514525,0.045645317575838486,0.016509397226038485,0.05371152130831051
spot_0191,0.05968274777502286,0.03242578795479739,0.17375811941543715,0.030417370441900526,0.24723100793030256,0.062231753992233775,0.018841552019564098,0.06304400701099716,0.11373924254927398,0.01886423954538749,0.01859702958810244,0.04751514391688807,0.037416325659559505,0.04266744391833669,0.004893975160297731,0.02867425312189858
spot_0192,0.021508633821983113,0.062252899415079874,0.11669606690161057,0.09615530416698569,0.042529937645801534,0.04892564877679064,0.17351022541007644,0.1320373758341336,0.03591855007204326,0.00634054061472588,0.06254249653341926,0.006726772027226517,0.027106829717414824,0.03948378699427811,0.11157537470320991,0.016689557365220757
spot_0193,0.0005980109801958312,0.028634596262898344,0.038037558835110105,0.19430749559443905,0.0006040109411602986,0.06189841525480749,0.10087267223236962,0.20820939736613556,0.05021025261814876,0.033988429560495054,0.09031078593317092,0.0005494660264619144,0.05980567461190736,0.049675920203560535,0.04825083300122746,0.03404648057791169
spot_0194,0.24653897780846257,0.046477546801877094,0.0875753650700717,0.08052615853001265,0.0030668235553409444,0.015713745035698216,0.04822662263669731,0.06094928388748691,0.12262513405838904,0.10287569725877943,0.012504579445308842,0.04174139713220726,0.023004122038395865,0.03445181956133955,0.028531856315164635,0.04519087086476798
spot_0195,0.0980085794062815,0.0056511898251080375,0.07310299167889643,0.017945469921761294,0.0705397961617564,0.026023561412083906,0.1317488333554505,0.1024285790286068,0.10251447900695873,0.09875487423448613,0.004036177041013811,0.026535373501703624,0.015003239077872824,0.07252579076956708,0.040904589436584704,0.11427647614186821
spot_0196,0.12484382485842623,0.018629626926910194,0.0377240737611211,0.05238712011654588,0.0062714742636700484,0.10396041569896712,0.056283742152143386,0.11147006969609086,0.031668204878567266,0.10823000311972339,0.11454880445849043,0.0714858882502644,0.009241368691663246,0.04960175866225889,0.0753988948523317,0.02825472961282584
spot_0197,0.11065747951103017,0.01392192815271379,0.10475600784502123,0.09894359289324735,0.012406130115617251,0.12920046484299666,0.06861446132431391,0.09716160602033354,0.00755635023143725,0.0796794508040847,0.08361464367230997,0.0659855332513704,0.043353114092668836,0.03212208029029842,0.0409525246447353,0.0110746323078212
spot_0198,0.1432127490545009,0.0037244687189866756,0.003717156904245614,0.008405759967514697,0.012920711697615599,0.05909077332230367,0.05051033027745389,0.14159110551576365,0.0919161881904023,0.3267630846411106,0.006718558147090384,0.02829383973970026,0.011919290056559988,0.06500831852339538,0.004633765306097526,0.04157389993725886
spot_0199,0.08418846155491377,0.03663845213488604,0.03381655131677503,0.008688417748590912,0.018095481634146728,0.07479521742395857,0.11910434753900917,0.04275972389097242,0.1805632773627957,0.025031680326784638,0.004371506255790346,0.13434301321867087,0.004523093239270497,0.03259149633160654,0.04733430439727627,0.1531549756245525
spot_0200,0.0695439263984356,0.01456929764630757,0.18149618946487467,0.03240082098736138,0.13104503814017868,0.014302700145340278,0.1253901679582149,0.10498230797517111,0.05863946912581239,0.025322044264007547,0.013023240090890127,0.12113088589706983,0.006751210085559557,0.02573908302204063,0.03996533047622167,0.03569828832251409
spot_0201,0.011757599313050029,0.0513592247228114,0.08325961237890458,0.21991814995279074,0.10924132501982312,0.018519049505754132,0.11442911860386734,0.012180334657091417,0.11216929614330437,0.09664199851255098,0.03361924600774232,0.006779263471758597,0.009776633024720854,0.049210192782809165,0.0338937948873439,0.037245161015677056
spot_0202,0.07827811425648674,0.010416284215580027,0.040034862653071705,0.0074441358912833155,0.06996581945683557,0.2344805205710937,0.05155311246919883,0.04754828674732433,0.0818249671217081,0.028117830073813056,0.0658829993938948,0.046242430852282315,0.0049758356025716485,0.10300522077257238,0.11186743104797679,0.01836214887430667
spot_0203,0.0042225407932197385,0.14708478110871398,0.10016287331528344,0.029028150266982362,0.03344966248820637,0.12423474018959094,0.11637076486809385,0.1589587298692503,0.05895588561920252,0.010970923069644095,0.088024131693954,0.005905780838877625,0.008750710346120103,0.05965793855636786,0.04608202275013824,0.008140364226354582
spot_0204,0.04008155914737552,0.0023840088773374427,0.0024405107442798204,0.005464225195513602,0.010646364881544893,0.049183059193468805,0.11385890439068189,0.23553554650701633,0.11219321103918466,0.01860741797750574,0.046514034860024464,0.11425973425050215,0.012570470102837262,0.07475826863958247,0.08709731932372575,0.07440536486941923
spot_0205,0.1282608480926739,0.012334773446219425,0.016680627967378986,0.04657155774451346,0.04974958101221914,0.11025202533699571,0.048444348909854294,0.10549148293881151,0.0657144754076118,0.10450974371257477,0.007227361264257498,0.1191875902090534,0.059748955547167824,0.005210622534228172,0.020085346079904195,0.10053065979653593
spot_0206,0.026691870105292687,0.003048434653554906,0.0023696953483839087,0.048926963759038364,0.003044550322100949,0.11636012696901685,0.08643914793848302,0.10270945987665264,0.03483967074394276,0.013494915064867276,0.23869665989436314,0.003323454054673884,0.05550650886571036,0.09057299153234336,0.11321919865898358,0.06075635221259233
spot_0207,0.007278867265403133,0.029621737700848118,0.05271347771373241,0.1389675482346389,0.009096184859274405,0.26712429209834565,0.009132028331447163,0.0321199667104671,0.03524470566704244,0.013234256300657507,0.14063442290869974,0.18957027148852193,0.016196672928475847,0.03751763257882425,0.01199690855851884,0.009551026655102565
spot_0208,0.11985441831331557,0.05564154441958394,0.10901645962568321,0.04657207329806977,0.006076584236104059,0.11602102804724267,0.13835315124644207,0.12498976081668715,0.0028085720185204027,0.0014174012568266994,0.017138792333380386,0.09237334342959708,0.021241330495244435,0.041605949503619566,0.10576151929540839,0.0011280716642746073
spot_0209,0.12497321380691519,0.06543643025211413,0.08930177351289571,0.11942015681154533,0.07760956485074134,0.077642464059017,0.04579061498410064,0.010371782865800708,0.05588702994594748,0.09858258052345467,0.023498873105129083,0.032192645919313805,0.014466856790362609,0.022858396828891077,0.044480394645664674,0.09748722109810656
spot_0210,0.14457254218412544,0.007314135775834906,0.005803239994544142,0.17637850727420953,0.003491544019304298,0.19120166936883837,0.10682643036611948,0.032040748058316824,0.07611466442827661,0.022438586657252645,0.09359446286065425,0.008029697508978846,0.027616886963570456,0.018375873735693212,0.022910467779113465,0.06329054302516754
spot_0211,0.04882691822033674,0.09775385357650694,0.21165488695367887,0.03027150135576294,0.0275669078840498,0.04175885073518603,0.08627747713215428,0.013296344342245104,0.03695318144641227,0.13634985928121293,0.10725830175846623,0.029034031326973193,0.014920629787826207,0.008763305018408506,0.04035340919536068,0.06896054198541927
spot_0212,0.04020065371808109,0.06823964643766695,0.10826590931972181,0.013175329465106689,0.07278831176773867,0.06302338696272503,0.10852474862253568,0.06082606165609392,0.12061363666282741,0.17858383492040525,0.031954957139657604,0.007129930676576023,0.01257507329442256,0.02573659749445701,0.0361355174832548,0.0522264043787295
spot_0213,0.0009439088464115911,0.14665732619112049,0.10174662755532093,0.16627537926971703,0.0010322659351078242,0.007553668958536286,0.08720523823724305,0.13115263014730053,0.12465797236693735,0.03970871793059946,0.01700964887998622,0.0008782110215758252,0.027295179622690492,0.021457684123274142,0.023609389402801502,0.10281615151137727
spot_0214,0.07794417735208099,0.06540570719126329,0.09075825277362237,0.026301820040807174,0.08195913032829302,0.2316653044121495,0.03661393467397405,0.1608228311110248,0.04134802020071293,0.008053168431017622,0.05952292221190895,0.004613357033564205,0.022655375761492486,0.026260704625088487,0.019871976689395342,0.04620331716360477
spot_0215,0.00045873609948299693,0.09064925183243622,0.06948659666741674,0.014394905734910876,0.0005050483530919739,0.08697505658483388,0.12446440538414937,0.23410050550172984,0.12988339922309355,0.03675405039494293,0.013044545649131354,0.0005086196267261623,0.04517919405195956,0.10384148626603451,0.026339404266829024,0.023414794363231
spot_0216,0.028569169414255628,0.2064109220112788,0.04867531309653155,0.06289083297305134,0.017616532650752803,0.04085678209844366,0.12741780514618362,0.09337210486994045,0.010717345540530339,0.09808821114456148,0.010104712496577605,0.16275932609001154,0.03543009416585304,0.033103491286713534,0.009647338044935876,0.014340018970378727
spot_0217,0.09324684943803387,0.009920360396293832,0.006815804207226961,0.3466280186877544,0.015332852711279701,0.013277859934088011,0.1101976318308069,0.061139879468629074,0.0017796228598345723,0.001208032081218042,0.15782718874207746,0.005540750099127732,0.0326260140518012,0.02160558777183504,0.12038823673545528,0.002465310984537925
spot_0218,0.0013345224524920984,0.08750134581951387,0.04084174317408794,0.05879331785433984,0.0013929514926196882,0.14712397620547416,0.02022659529815756,0.1879212922357753,0.1433674894250403,0.08218211123145322,0.048129005208397434,0.0010475280740897465,0.037369163239062746,0.05651266014968058,0.04237967668955819,0.043876621450257336
spot_0219,0.21833351778423776,0.010293783746892346,0.011936678983198085,0.08147856801677071,0.1401096428097159,0.10765617806348968,0.06182618235986287,0.1472539186757763,0.0010026480372994481,0.001026353310635865,0.00458178716530649,0.0881592438976143,0.013152698075050376,0.07881584885115922,0.03327222397191082,0.0011007262510798086
spot_0220,0.0021939155206745493,0.05826576649956413,0.12467875908257937,0.07661451590006417,0.001567511213968459,0.0022146608545964056,0.006787465918964159,0.004399649293553659,0.3373347413578307,0.05584073327383876,0.07843569879763637,0.0021457014844636683,0.01369247198199332,0.0024862602683138006,0.012516450702940966,0.2208256978490175
spot_0221,0.009419254450416078,0.025012530275344554,0.0063551874387127155,0.17284478211465273,0.07780266539129337,0.08880121688976929,0.005012715031180768,0.06993204395510767,0.07500229967672745,0.06942654500898003,0.20379242269480907,0.0770969819701369,0.031018848237182987,0.019156121192763078,0.029829537310745814,0.039496848362177504
spot_0222,0.0017956124940666585,0.002900231393117701,0.0028012865511989524,0.0271200703106189,0.001277966380006869,0.0689269608552023,0.025580074602765922,0.30516903138860463,0.08657715743158799,0.09601876144778644,0.13754844697442692,0.001359930549783041,0.025046890614257602,0.09469395905053381,0.06786863331554085,0.05531498664050143
spot_0223,0.10339529975869902,0.012748723939330353,0.027703541518418865,0.2418470752664103,0.1537267050314734,0.06532588188630847,0.0668263659190511,0.04341889149960638,0.017930053210122348,0.04356133217772172,0.11065378731363491,0.028160465126240063,0.01382309800914911,0.024943952516223538,0.029765561131146402,0.016169265696464024
spot_0224,0.172444932429673,0.004346431836795365,0.0033302980348991857,0.1635477957812129,0.12191870716193988,0.002325562281791482,0.00980846966931459,0.003443175416753827,0.12601593312364848,0.017825282040296996,0.1513231547769027,0.11957941075817584,0.009284366346615714,0.0023295408841355254,0.033461088407853404,0.059015851049991144
spot_0225,0.09277382704844872,0.20423957149095823,0.040153751500413795,0.0137335188377796,0.009946403549848517,0.06335057854645582,0.04820258320633155,0.08672319010337527,0.04741003978081299,0.12074809702222979,0.04533808847210563,0.02067856276729185,0.045640199262207096,0.08979630449950243,0.036989310629992576,0.03427597328224616
spot_0226,0.18149717214481267,0.007512382163006997,0.006024499685433537,0.046100951280630506,0.05341889803146589,0.16368107083117409,0.007271194523964222,0.03460298139128422,0.08754289057798258,0.0222445981447278,0.09195313356113353,0.13189954419621908,0.02110535924098234,0.035261080266814473,0.007138373351316635,0.10274587060905142
spot_0227,0.10788409292160828,0.006278425672711946,0.058151817922218116,0.012376876347060396,0.0067461864395564715,0.07626373397028789,0.173431807137053,0.02407295347589354,0.0007074082680623995,0.0007267685274397538,0.27809846965661666,0.010043669837531508,0.008064164854289934,0.027167555453215392,0.20929793642683278,0.0006881330896219135
spot_0228,0.002824929601064453,0.046267429436045435,0.09643605867217112,0.036144022973950106,0.0029801398303262554,0.1273362015957066,0.06916986149328092,0.0974483999668352,0.04628656208734259,0.055721893433647064,0.10627239430799125,0.09128611050461191,0.02265886280399094,0.04413679910117635,0.14236225511622047,0.012668079075639315
spot_0229,0.12890381965460082,0.008251422097334914,0.07623125893118797,0.06398661598104728,0.045179523003274345,0.13634041152195722,0.096118217548795,0.11151104754261093,0.09344177247647263,0.07893308386791736,0.0080618873826396,0.031263038566633726,0.029695467444374374,0.045230158941290816,0.009649990584128075,0.03720228445573494
spot_0230,0.04178792645720759,0.09196559637768799,0.043836671447768455,0.12766464224886195,0.05968715750045182,0.13945230209627152,0.033512018113482575,0.014042904231939024,0.00300881586527924,0.005623222986408328,0.1234175266292795,0.19827212539514322,0.02089420415206693,0.02721538849511348,0.06442905203907015,0.005190445963968195
spot_0231,0.014171910261843269,0.004842980361099683,0.005994921136512295,0.030791019007507775,0.2680282485475989,0.08060329701150469,0.04827459135626032,0.008113382510076457,0.17114921706524677,0.05369964055788673,0.0076056399936276385,0.04512266465559905,0.050552127891858235,0.007684929598693201,0.02727676777879916,0.17608866226588585
spot_0232,0.0008992518667170076,0.040697607379544,0.06731234643558792,0.0268852337685881,0.002618176585888163,0.18621287514572393,0.07891739360714317,0.21729082038275271,0.10393277388837674,0.04107726477956562,0.04716523935824458,0.0007053294672348679,0.010620142686710918,0.08404929000360352,0.057621776838970504,0.03399447780534824
spot_0233,0.09553794936875319,0.008927633090710244,0.02888326544917511,0.03567693454419422,0.11383182534757479,0.03355116326879948,0.09412278992117287,0.05956984921534064,0.1650717074251159,0.11571200239129253,0.04755320904703837,0.008045515362594059,0.014688860699750545,0.0620637377410025,0.05046789414610182,0.06629566298138374
spot_0234,0.03167256407086658,0.0636185058790467,0.11493551020922355,0.023648627289860467,0.006789943396457729,0.015129177686618183,0.09620531213382086,0.13378309987231304,0.1375723000972654,0.043098590097357,0.030880207732463756,0.05759587095520991,0.01140716882875318,0.046161294037750766,0.12588257816458126,0.0616192495484116
spot_0235,0.18015173049992905,0.028831776701917715,0.0257165284348053,0.08915182687156689,0.14041457344181593,0.002611976759728445,0.006599039924553231,0.0026364109458141085,0.11290542330487201,0.08499725659543818,0.16712255026540776,0.021954268001000688,0.04116830871873161,0.002604733301862593,0.033594868172266035,0.05953872806029046
spot_0236,0.19990123398041373,0.07263939761329101,0.295150760759315,0.04500227020050795,0.009730890467499129,0.07233198692251512,0.11935274202962438,0.04946599654193008,0.0008525746025899479,0.0009261603749198167,0.015159435673274465,0.00391434233973844,0.008731455045771365,0.03431835279847777,0.07150370897040466,0.0010186916797271012
spot_0237,0.04057112649872178,0.23447692642420825,0.016575350974635673,0.06115762300986044,0.15881568742045535,0.03426665336471848,0.03898171340406749,0.06282302298762721,0.002629511044472839,0.003089173819478971,0.04393349913921346,0.17198381176098007,0.04859106685210803,0.02644848654122977,0.053615002190637126,0.002041344567585069
spot_0238,0.11136920982826434,0.18142340016229658,0.2799830513487741,0.061121373359176404,0.012073976794275194,0.0540126893219163,0.030180190613086865,0.024235368859499767,0.05838640104583117,0.016970214692922335,0.04769787405196568,0.06609235094662011,0.008984624869634337,0.011183647214647962,0.027047545558171276,0.009238081332917553
spot_0239,0.042556534927951306,0.007799332036090891,0.0051677172589916975,0.01267809064368029,0.04621255323339663,0.20444195563993314,0.010182295205185815,0.14873139465442212,0.10499271729706112,0.011996402987433463,0.07892026956076956,0.16446969757852567,0.0851608908965004,0.04237120868990881,0.018655008594234523,0.015663930795914553
spot_0240,0.0022828820830272036,0.0038004819604085228,0.0028515699578655494,0.012648340267902146,0.0023977661438650817,0.15607866736737658,0.03791540970388511,0.30914934728387106,0.062293650816109124,0.04019457724626503,0.017794935571627184,0.05553501758817566,0.026053033557201913,0.11606057785384608,0.1146987256202582,0.04024501697831558
spot_0241,0.04719902485624252,0.003450140862927617,0.004471745868925244,0.10384873973698595,0.022081174783947683,0.00876738289831962,0.20178780969232102,0.15523424650843548,0.08624260892678642,0.009112649996010453,0.07388438401389961,0.002103383944224681,0.12885349349181807,0.04145609781936018,0.0627238665489356,0.04878325005085985
spot_0242,0.07612166305204147,0.008181692802628425,0.0050229815733679375,0.016818092624132513,0.09517915514390725,0.10930747686682331,0.09194023950671808,0.08542344875220509,0.16302607404387248,0.034189700866119166,0.05897467970480534,0.04018966474212365,0.010818650351798046,0.015928249509044957,0.14996769086861222,0.03891053959180007
spot_0243,0.06633454771832954,0.048517974501215706,0.017693506206556037,0.10161701360398624,0.027655272375492777,0.16590935990610065,0.09109763514706232,0.07216080731873611,0.017120169281907887,0.06847071659142176,0.0714977171469456,0.024643498785298923,0.009018320851134999,0.12070369737965718,0.09135932495206585,0.00620043823408843
spot_0244,0.0007828931484820175,0.06400629554386647,0.1465989948330377,0.4784382430557681,0.0010571987932397173,0.0019084725518139823,0.007917448057033994,0.002062593070409272,0.002072550159379476,0.00151803885386477,0.18233029051907804,0.0008536836896139315,0.09977432982591482,0.0019222081379760675,0.006691477069732952,0.002065282690788698
spot_0245,0.054208600605021806,0.039831118838503196,0.11526781654387412,0.20371099461489697,0.048226316822390286,0.05791975750537557,0.11146670915844159,0.019059731842389866,0.004459642945441023,0.0017760353420754862,0.12875944418291158,0.01927770865881602,0.11395999345022827,0.03916068339513228,0.040794394273451794,0.0021210518210501516
spot_0246,0.018199253028599083,0.07079144276088563,0.038772435928693075,0.058058334226963444,0.041778833034929276,0.03644162704985612,0.1130722439754741,0.13435284086745294,0.08565471459931052,0.10404252209587754,0.006169644248365668,0.16614770655258912,0.028591777426807893,0.047869070877310606,0.014079476948101867,0.03597807637878312
spot_0247,0.12777195204525962,0.16912288978673753,0.07535422016963064,0.017969973239525518,0.0310605969433867,0.08528927044525254,0.03276017298780652,0.11022464536141863,0.015323177469015473,0.09936467986893274,0.00802363351529068,0.06440954666832076,0.021203103813786626,0.04133461824560569,0.05516097442890284,0.04562654501112748
spot_0248,0.013673635887703718,0.05147748511288676,0.20308068451774744,0.10524409823894229,0.16072363821687455,0.011294890502732422,0.10954991818301717,0.07251573759441492,0.0011628996067991931,0.001435767759547643,0.025505391885038427,0.0025117218547267887,0.0341111803368246,0.02819529323794517,0.17820419918892952,0.0013134578758693615
spot_0249,0.0013192051465604605,0.029598456535918017,0.014503499400268726,0.028828458061135147,0.0019239303223052425,0.12292900368760876,0.08564911840374118,0.14598548026495803,0.02905151452616134,0.11025202350557359,0.16625849644427806,0.05550882502363926,0.023351513405381486,0.04765524591836801,0.07684256773504619,0.06034266161905653
spot_0250,0.18786763867439274,0.013163755528520841,0.006896794106336065,0.25400696026622627,0.1654783296336473,0.006467647459585752,0.0967710909019629,0.07655776141552025,0.0012620949074189731,0.0012650365558669662,0.03878851634449718,0.004558260589043118,0.07748802638418611,0.022888452396602112,0.04438358983705982,0.002156044999133576
spot_0251,0.0012979779348907432,0.5824392699205106,0.05747690284190936,0.220318770052364,0.0014688411624701897,0.0024892582760856056,0.008135657295654164,0.004484029622788791,0.0013873969049024953,0.0015101282217568688,0.032172936836301735,0.0010490138008031938,0.07666915298210855,0.0028357260886626755,0.004878270297902292,0.001386667760888637
spot_0252,0.1116304667815309,0.0554479803263347,0.016052187418467048,0.18240558905245574,0.026155891670267366,0.01198852533528344,0.13465659413186837,0.13685599793037379,0.014292336081895556,0.00424905687411394,0.07056256033268311,0.07628628847192735,0.009227530971938782,0.08689645505230068,0.0424405620079927,0.02085197756056655
spot_0253,0.05810170590849132,0.07402252838385937,0.2385622684524846,0.15725012698575647,0.0875440007785147,0.01209170726026779,0.09060278019438948,0.004563899358419768,0.12908508574392225,0.0125297356358344,0.01025160918522505,0.006153020723870039,0.013193627648458404,0.008210041490494096,0.05420364454707685,0.043634217702935414
spot_0254,0.24352727778534716,0.07738015777889663,0.014520578930781564,0.11392363549245871,0.03394421229660005,0.017126114618656717,0.06544119301009287,0.013919635300563192,0.06273666760846537,0.06974108164294715,0.1256940126110132,0.06191472563514303,0.01745950629725934,0.020863260084449557,0.050836450139714426,0.010971490767611036
spot_0255,0.005864331193272834,0.05002003645989424,0.12269373173279935,0.06924078531340018,0.09103299967608677,0.12230940611257568,0.05653935925018465,0.04900972281951802,0.05186937555608168,0.03918763592310136,0.030798093712298184,0.11046689994082086,0.024617144442013857,0.08943425866447399,0.07292571235331956,0.013990506850158785
spot_0256,0.13472258173599597,0.013891177616237177,0.0060698399645272875,0.17654269438791198,0.04456369960693721,0.0938095178809995,0.06232153066389425,0.1568241685880688,0.0010916594372802318,0.0022071478805923274,0.16127675715509374,0.015897537767527847,0.010994534663808756,0.08019386410528612,0.03824923556184774,0.0013440529839910593
spot_0257,0.1989832113640089,0.00801479841342509,0.016186216078154552,0.029799061834373922,0.1633194294241162,0.04294484904691426,0.05379125801398583,0.026061712765330043,0.04139661377033372,0.037171298818392644,0.009241683431300482,0.11337259258020754,0.09541312249710591,0.04701710355278806,0.044175824073289,0.07311122433627383
spot_0258,0.02957832932326947,0.030122011918429663,0.17511313792352406,0.035390087102981575,0.006139915743888778,0.06559341144026078,0.07090246873571582,0.11044636113822753,0.08349960986951456,0.06992966809945836,0.07522697766506081,0.07133104954859484,0.024754567336243115,0.036008581910161305,0.07839316144938427,0.037570660795285045
spot_0259,0.0972316186796743,0.15576711368573776,0.09054728960504035,0.21418427338918666,0.08555169009604177,0.13958841890787557,0.0263030986128465,0.07558629711935642,0.0015275184169171964,0.0013001745474703916,0.025632287923473825,0.0027142708096396352,0.0327233302268358,0.042591858837684175,0.007217915980600706,0.0015328431616189106
spot_0260,0.0008548119083836144,0.009861564869939717,0.08565187866515801,0.1503519663495461,0.0005923323972796285,0.039495847435963044,0.1482111353225811,0.16550029302798105,0.09969867372174301,0.010760357268961122,0.10578053630499051,0.0009909663516704525,0.00828365271297751,0.02433690545973364,0.08750666069796754,0.06212241750512395
spot_0261,0.20905982693412767,0.014249028975775848,0.15324280216532277,0.009515186320337156,0.0507574063887417,0.13704423590420378,0.014417596196485895,0.20185755349570783,0.00134520367126506,0.0015057295526868769,0.006754874272280662,0.004326342189376364,0.005514922786219918,0.1803432293517547,0.008695443189804818,0.001370618605908937
spot_0262,0.1665494981285701,0.40783208943223365,0.009123329535725007,0.009970101587142363,0.14673362040513496,0.01040301814992716,0.05806788148849901,0.03582283653073049,0.0011091317296688396,0.0011500167672207913,0.06382167846157695,0.026420927409814048,0.018521668379736966,0.007418304516252709,0.03612285381152655,0.0009330436662404471
spot_0263,0.07465214875401412,0.018533753126370164,0.26386886044055274,0.07532694944339263,0.04788078125369545,0.03960413070732566,0.025597326606513978,0.0028383678812352892,0.13895892271482366,0.04690102106169478,0.07096831870398988,0.04085616795841493,0.005273695319366357,0.003630449764732206,0.04011488400098754,0.10499422226289061
spot_0264,0.07981990342510717,0.01838426700067751,0.09791073967985887,0.009873517274074492,0.0076472155872072045,0.02592792631086713,0.08783296099603737,0.07895110209303369,0.19987789914155984,0.054462252013765325,0.03202571705904037,0.003886429943682352,0.007753078563115972,0.05173835370815534,0.0967407230686255,0.14716791413519184
spot_0265,0.006729025305840538,0.10943962958377747,0.033157477747621636,0.06295145302501289,0.09864127926373405,0.005207660697035459,0.06467108403243367,0.007233820360762489,0.26591328055444596,0.1998540173014749,0.012367873395055906,0.009142853253078807,0.006565503447358593,0.004435605239670148,0.017436055564223216,0.09625338122847431
spot_0266,0.014018748501812076,0.19017921719029482,0.13584337468535762,0.0573846181291241,0.0888689911405419,0.025757795328403995,0.014735949573799248,0.006516776775236156,0.003250019004191256,0.011100429029375565,0.1820144042579334,0.168733782259513,0.005536879954706858,0.017080813158962153,0.07460670465925029,0.004371496351497578
spot_0267,0.13668300841102254,0.017487537498573225,0.07445944533006119,0.09153923439972293,0.08601297425345016,0.013656358746775057,0.15243840314852578,0.020062074353338233,0.152746920961069,0.04096198083681849,0.010523611553121193,0.010748677069007815,0.0421400456007423,0.011791178751772857,0.08327459647077047,0.05547395261522878
spot_0268,0.13430866191508192,0.14713334380500948,0.014729642762248854,0.017559777113111612,0.18678954051634358,0.0007526891070678063,0.002115123801097585,0.001004251621876546,0.277647973342555,0.10170239133733343,0.0029692474911452204,0.02696438363029727,0.008688188813813653,0.000805068530193198,0.000953319442772577,0.07587639677005233
spot_0269,0.0005483779438200753,0.13971377884202313,0.06333736133332214,0.0841813015954663,0.0004908491729871131,0.015064139224958651,0.06518598525657288,0.05364542217660478,0.11757096798490858,0.14103021273590444,0.04636296267275876,0.0004830407770288645,0.010300315119055603,0.08825299771347044,0.08261994639465375,0.09121234105646449
spot_0270,0.093490037782206,0.02162444875996351,0.1119486975949161,0.07280889179705437,0.05940640014596099,0.016823337639182274,0.05315516106094783,0.011008055787440095,0.10143088688829373,0.010977949859286585,0.0394542052177425,0.16287814807925483,0.04636546871722131,0.0064504866930938645,0.1150398471450079,0.07713797683242812
spot_0271,0.10531455410095733,0.001304762683135991,0.001353854860452601,0.0018950037616733727,0.1278812556097281,0.04707450966387937,0.003577304587096965,0.08525863952440926,0.02759986315754731,0.12714479057911926,0.0020366896209142345,0.3987619171833327,0.0020408412262509067,0.05334613229422511,0.007004710740727415,0.008405170406550097
spot_0272,0.0006933088556808341,0.00904993913920908,0.02132298096057765,0.13927812514304116,0.000809996289204282,0.006146944570804963,0.08736600812066073,0.11222528379627267,0.22854170460595732,0.04246393160123107,0.13516542636700923,0.0007458096790285072,0.05442834747378914,0.008238338015428334,0.0918808319118498,0.061643023470255236
spot_0273,0.05706237139796059,0.11425069685561128,0.1156776706028292,0.013793224677977384,0.03570431793554096,0.06138681433782456,0.020562392081258356,0.0588055498997979,0.10309110245078922,0.15009859139720752,0.016930171913905823,0.0768171573940589,0.0827859752778578,0.047216891615420586,0.01100021666176266,0.03481685550019725
spot_0274,0.1748668864719588,0.06562018734229892,0.127512958769855,0.07005247940532709,0.011408888533839229,0.036664092798502065,0.09188552237076378,0.08096193579246996,0.003692263836470049,0.0504456951963931,0.10373947964800923,0.11618514543552913,0.013681629644073313,0.033799222064668205,0.014986493946087972,0.004497118743754185
spot_0275,0.03354997739824738,0.026984487444172398,0.02700506267192044,0.13147812592500346,0.0049743225138658975,0.05486917760623451,0.2255072996190325,0.18262246372016783,0.001207914277496125,0.0016387917632712727,0.10986046323495983,0.0024556277573097576,0.06140585704979462,0.060276208581310456,0.07503643113329708,0.0011277893039164657
spot_0276,0.043473958670263664,0.03218219097818089,0.17381582309099403,0.017540741539101633,0.07111920425712062,0.07848446579393041,0.07723944953640757,0.045873253786566044,0.06653945372147249,0.12219640310854686,0.061805723883828226,0.0055573091521265595,0.011077051564908125,0.008108506694702313,0.117086783287684,0.06789968093416655
spot_0277,0.001037681054960643,0.01554053238468929,0.45879410909797613,0.10051077323089604,0.0013830497192277497,0.0022412278759439686,0.013666956609760554,0.006580406115632728,0.055815388791442155,0.05390825664635048,0.09635132981374214,0.0009759158192503108,0.04334827439545462,0.005016000753024213,0.021656144561048175,0.12317395313060077
spot_0278,0.23816935122455848,0.09156156957590345,0.015451985767614092,0.07335189595253294,0.011770881243352639,0.00798388800591904,0.044886652277160585,0.21983383733302306,0.08444938956032742,0.008265191579877778,0.050756099589939326,0.005470470905567316,0.010481416356840611,0.04247129211776932,0.0471555090728132,0.047940569436800744
spot_0279,0.0006406274780182253,0.2197649261362444,0.16749941652093409,0.009782858039108219,0.0005847156080606865,0.12308257417863856,0.012552200125362,0.009167896218381908,0.11079394320391829,0.1767034381227745,0.013838252757344197,0.0005193540394390294,0.008460658758658783,0.008750681580154384,0.03756252301089539,0.10029593422206734
spot_0280,0.0024739441341438606,0.08335154720541585,0.17520598772490711,0.05558796668602658,0.004676192571142281,0.058673787751978,0.06183867601749923,0.10291338718723066,0.04833794771932386,0.09497668142771992,0.06539708127457042,0.034095732084857236,0.034556369614518995,0.025279882311483936,0.10523731468465304,0.047397501604529
spot_0281,0.033185523021151346,0.007546039378800196,0.1539686176448305,0.006658669369367819,0.1363106837084863,0.01275090945405044,0.1824350558827812,0.11744673644970219,0.015283683641386636,0.10728878567529102,0.008919827058067872,0.022911400910163908,0.017223944046404278,0.014451345393389192,0.14615787448197204,0.017460903884155027
spot_0282,0.019676572762974215,0.020579137032802258,0.007243266034724543,0.01292987689122465,0.010521068600425681,0.1573049293758547,0.06873049201980053,0.12258042991479931,0.12381142078390749,0.10097147817587236,0.03363174308871523,0.10303366819536237,0.009310486000790676,0.03740849835648139,0.11314901138675361,0.05911792137951099
spot_0283,0.12852904875222157,0.10860165597032888,0.1701931566312476,0.17249288684856864,0.014162468342814765,0.0045661555470595805,0.011038920131125571,0.007935874602340411,0.08222317067996376,0.09881632389023606,0.10399105255511307,0.0042514803661998085,0.048877483880433725,0.01028449856922866,0.005214768506377822,0.02882105472674005
spot_0284,0.0006674191359862669,0.03862322057473728,0.22676807195683824,0.07235348585575892,0.0005490413177216908,0.09120121584937801,0.03688193980435055,0.06098618603672279,0.07642552315064867,0.08881080054312424,0.0794387808720589,0.0004568454863735815,0.09018795463615827,0.03231837637838924,0.0477998865273028,0.056531251874450565
spot_0285,0.0012564098922043913,0.013233879878933074,0.03468869827763608,0.08955103640838144,0.0012918512488271216,0.13339161980243147,0.06293145331728046,0.04789482539660698,0.026888737444677627,0.22763030515234448,0.14524713141270912,0.001420890023931133,0.01907765293637541,0.06682042564561676,0.0772255381381364,0.05144954502390805
spot_0286,0.0010251057681906655,0.04938149987624843,0.13564213517792917,0.20296283866687378,0.0008725678758535807,0.006389030350575505,0.31046898743197804,0.10103398727005447,0.0007811442738931675,0.0008934197087210982,0.04059523830184677,0.0008936592324638602,0.028174401513153112,0.05048994556973379,0.06952739193482996,0.0008686470476546094
spot_0287,0.02339659643507267,0.06429133004089368,0.044108424839355516,0.14914516159962368,0.10295688219771369,0.16885417543556058,0.048614119152679464,0.06080587649096971,0.04957848780073395,0.014540555837307172,0.06543822550350661,0.0035409345783403005,0.033575302604892214,0.05624062714081883,0.08896246505014545,0.025950835292386464
spot_0288,0.03220897077913799,0.10156870633334862,0.15477358137162897,0.09449413639724269,0.11452719487036354,0.028474107697769722,0.06630718934014465,0.02998217070993255,0.12543308758166014,0.13426180225518974,0.011539350780121726,0.021643547368819887,0.03366450630535922,0.017055184032213518,0.01198111904391319,0.022085345133153845
spot_0289,0.08726824513390083,0.004958154281658087,0.014970947637422339,0.09710390372401244,0.04704189300255562,0.010094472909274222,0.14484184141830728,0.09769489734090353,0.04998015932920288,0.03182595656204177,0.04971367858179527,0.10949185268296621,0.034489180215356574,0.061122466174974834,0.09851585088955446,0.06088650011607368
spot_0290,0.15453081468439275,0.0011721121669592551,0.0013136727746305527,0.001586601182430343,0.08518388374912593,0.22558031972933454,0.003759385907434483,0.022670027962622283,0.16666171603507768,0.1495310769353396,0.0017702765080222173,0.022785700476027976,0.00262701294398275,0.0740090762273907,0.0022912716730027183,0.08452705104422624
spot_0291,0.03497035509990907,0.01089555070286277,0.009263594772797513,0.1754091931152525,0.06461960639003236,0.03196265856746086,0.24764915903818643,0.22095006711174506,0.001256786054703799,0.0009661608761991725,0.007763061156668027,0.1144000895272402,0.027215080826452066,0.04634142747310128,0.004180308795230278,0.002156900492158627
spot_0292,0.12128575159996119,0.05735576155778508,0.11075705395204244,0.04142779998224403,0.039895457564205906,0.023305091678716364,0.08207009739969108,0.04389347960110259,0.10055355831810087,0.10745619889711369,0.06571813002929369,0.0033906526314669565,0.019079078875207055,0.024142672590802057,0.11802084944825192,0.04164836587401506
spot_0293,0.0018288375608798155,0.011000637307106003,0.014409064952804345,0.06793957387208006,0.0007835729201499902,0.10967529808960663,0.053909751662078266,0.15251475715617427,0.061884648453820156,0.006844805105186467,0.2149498015085584,0.0011604299938618805,0.06930212782391175,0.054129068342549824,0.11970616801655705,0.0599614572346751
spot_0294,0.0007635510120207829,0.08187554659536048,0.2653505895278026,0.04336862914736527,0.0008122078877999698,0.150929071006394,0.11932598304482579,0.00778738755601594,0.032301526408891765,0.014919828735754308,0.04498336336758773,0.0008643198942232465,0.00596607702527911,0.02256136850470069,0.2013656460025528,0.006824904283425546
spot_0295,0.04842965576589529,0.006019794219561514,0.08666622334189351,0.02386667365657009,0.08117361090511858,0.06211358879614411,0.11148964105734702,0.017150580575480304,0.06516926962720444,0.1070077868151691,0.1126079086836722,0.055135216766474045,0.012055941024145438,0.017247294853047202,0.08596863971269493,0.1078981741995822
spot_0296,0.14176864791968027,0.157781566443385,0.06788940167552703,0.06738581794390866,0.05149043835502168,0.007690409959045568,0.02555426402523374,0.009539775210211104,0.029423470419182206,0.11924451805639077,0.10098379244799979,0.031361519026361764,0.06128168450342471,0.009349133472195672,0.05739038884404769,0.06186517169838434
spot_0297,0.18039343007860706,0.010518940127065191,0.0924421289136174,0.027424996305058933,0.07497337797288868,0.10491541851338732,0.08138063396162445,0.22083485355293067,0.0008719353511258152,0.0009240940575363425,0.00853146167034693,0.11138571443506808,0.0072228431529130395,0.0612695745834776,0.01613859764665419,0.0007719996776983032
spot_0298,0.014577985342505654,0.006541891184314866,0.06101042260448613,0.01422288099001939,0.01251099191453362,0.010067929580426729,0.08433170468268478,0.1126290121014828,0.20097765060506792,0.07229896452462177,0.05576177123325968,0.014399510091642122,0.007928370972454479,0.00984936665231141,0.14117633871725982,0.18171520880292888
spot_0299,0.11872053069829626,0.01387559281957705,0.014284157152354158,0.03603466743607961,0.07942128957463829,0.06802048644578629,0.019044030361430743,0.08430610269619317,0.05814051706994451,0.14653559712519576,0.07889196845779006,0.028186062629077246,0.15722295497294406,0.06421394144534179,0.016243909680722448,0.01685819143462856
spot_0300,0.06218073407529686,0.014602714239789816,0.06586077875089145,0.025473443588922118,0.08632479831135811,0.10134996490045883,0.15184246138048763,0.19612450541551543,0.023097687235305683,0.003548423057042006,0.04792366214443424,0.014400212039033276,0.041582554777914345,0.10312951480866128,0.007389797689077417,0.055168747585811514
spot_0301,0.12864881135652545,0.20319612204462223,0.19505102497841617,0.08071604651348557,0.031056501992490982,0.019697056924425978,0.18462077824177478,0.03838133055354772,0.0007367800676767243,0.0007811682543154869,0.00776578521191293,0.020423316214103655,0.07262162476065911,0.007348160029695522,0.008175454096112993,0.0007800387602346851
spot_0302,0.08681656706686781,0.0018338394674147656,0.002966676259330862,0.0024729569254254673,0.10942307304065195,0.24193379798088688,0.04665352652398169,0.10378958699319576,0.08226073809097016,0.12367604230596348,0.004174117178967989,0.03239575543544867,0.002938692278174666,0.030558483130037332,0.09513414273499185,0.03297200458769065
spot_0303,0.2151698250428033,0.01082895209904458,0.0069578531754361005,0.009036850118522346,0.010385645751661015,0.038612416531396604,0.013826476173424139,0.07071033255984953,0.22440699473152556,0.10201661305708293,0.007887560693576323,0.032300941163183036,0.009600187495532856,0.034871656865001176,0.03470597689494216,0.17868171764701837
spot_0304,0.013900006371822093,0.0929742138196221,0.03481448408576487,0.16875426875447708,0.02923099589595221,0.10242022969156742,0.05058031922470111,0.006998004656428123,0.03896509712802445,0.009201182094596477,0.09154900870241518,0.0017032591522209454,0.1561196918690472,0.03962069899277298,0.11302682442884138,0.05014171513174639
spot_0305,0.06860808222297672,0.26717655157250497,0.08836837097170595,0.06738190105744768,0.08980499514904526,0.05128392684047048,0.08501626538406874,0.09056430603731844,0.0013312043739067531,0.0013455311311028747,0.06727943685747854,0.014320246586744498,0.05969194754354576,0.018890471335956706,0.027764314933620634,0.001172448002105987
spot_0306,0.08474695052621993,0.02574808507786967,0.027931697896242055,0.19323019598793298,0.007854472500003384,0.03404916054215467,0.07383880065008319,0.022906218586913475,0.06707471756972175,0.14295936426899672,0.021786073433749976,0.16841963976905497,0.04078183639213009,0.05005517292458297,0.0031502912513391534,0.03546732262300504
spot_0307,0.08026538753637792,0.08360907409878442,0.10184007786243457,0.1360728715436934,0.026433389368856242,0.006269081949667301,0.02922008561861574,0.06034172125390476,0.24015252813542742,0.013675652196858342,0.07549859424378155,0.031636397307530935,0.022701959130866135,0.013004266195584329,0.04768892422339839,0.03158998933421854
spot_0308,0.00048358406428253986,0.0601606989551164,0.06192263937181714,0.33383032384300965,0.0004724007490863773,0.03663540150727754,0.18100102709687804,0.07163646514029928,0.000724683914821754,0.0020216272459286358,0.06416927315426837,0.00039908684458297414,0.029516166859239718,0.12334257421793636,0.03306941110398157,0.0006146359314736678
spot_0309,0.0021479846274439214,0.0730730191991408,0.1310794967447473,0.12270208989989506,0.06333270144278884,0.046921649391342135,0.04732956821176083,0.09586351390961113,0.0905004210365333,0.08907157721630293,0.08808417358540961,0.004356729567249069,0.06585089915457153,0.014969220965717827,0.02364963154114637,0.04106732350633934
spot_0310,0.2682709470826406,0.003417898343597857,0.004593056509649323,0.0051885354501333275,0.0076889678682117765,0.011456895587653781,0.02264230707419312,0.1652052128752806,0.10483556718770014,0.026813209860801657,0.01025844684830515,0.18397118599529022,0.004031721384945374,0.012672316446277216,0.05904893844275971,0.10990479304256019
spot_0311,0.013274802139661517,0.046957458038187794,0.15521857288336113,0.025468784387547856,0.008065331443175217,0.09765885950470282,0.004842506990409532,0.007756004295796641,0.18999154240157756,0.1394862252458096,0.021915339428817772,0.07462066617894689,0.11818484242668202,0.00991020852470199,0.0035750344916791097,0.08307382161894258
spot_0312,0.06509137063903819,0.011206591191548959,0.06505373090279663,0.16813764645816034,0.1001581695505868,0.00792699562880048,0.08023593788852579,0.1081714517731026,0.029204647908087033,0.07572266130908395,0.1547588649685055,0.013777896346717833,0.015819794308165654,0.020572843144951076,0.07121156796029973,0.012949830021629439
spot_0313,0.11487760926532552,0.10368344531342231,0.13428677492739732,0.07271862587102886,0.029146994488545304,0.029861880218919057,0.021085096082090506,0.007716821003007008,0.06827258936698535,0.07945375263908099,0.04065271044583723,0.1290862790156261,0.026049402866754542,0.014897788609271812,0.11026191995615486,0.01794830993055323
spot_0314,0.054540997418057464,0.002854117976926325,0.00325513371879593,0.002953118376566908,0.5458918557356124,0.29400802183407865,0.004367879162188584,0.007389837706522766,0.001969754922441956,0.001863177920818659,0.0025366736376233033,0.06284226872872158,0.0035337178764673627,0.006041913258546174,0.004318033507232296,0.001633498219399656
spot_0315,0.017635823795014823,0.03112472146170011,0.05988798537016018,0.05817433167233012,0.05943374550214925,0.08677403476640239,0.07747878886227366,0.09603536056463119,0.12828477468142144,0.0702378765569832,0.0931227257158359,0.0022848654445170556,0.04321376637883255,0.02677773865222634,0.08837439051428235,0.061159070061239454
spot_0316,0.0013574990398791287,0.2783222722644724,0.0824092680215021,0.018587548124379304,0.0011825614674606851,0.005171857731401903,0.0078722094963547,0.005991582554986628,0.13388870528788516,0.24268623367933995,0.0103414544681516,0.001240699138652778,0.12988948557573018,0.007459049280207741,0.009216580603886755,0.064382993265709
spot_0317,0.07062351023517498,0.007983112905470694,0.1755572904039598,0.008016559594793084,0.13229744215577655,0.04577214258436776,0.12984020914909492,0.15177029800759498,0.005582145222393319,0.021621259368758368,0.009330245007307721,0.021206382790071407,0.026220585762629898,0.07266660929295699,0.0812755117511892,0.04023669576846034
spot_0318,0.20424992889592658,0.01091789022400435,0.004995033417033857,0.0946106279410994,0.057224227934979624,0.008115054381916129,0.007324692534753319,0.011166648813734942,0.15061479629508767,0.05185644700307084,0.316186982147953,0.010316957020458345,0.008563696855548072,0.015462643281637531,0.01731342780519989,0.031080945447596493
spot_0319,0.00823928300909061,0.0076350235630357885,0.008412883293961929,0.01793252437431103,0.004519036313362059,0.11887172293559385,0.009158773115826366,0.08663200209624199,0.20094377907558186,0.1121427801659443,0.03752248333286842,0.06661230479265207,0.021340361486555246,0.08632808908226054,0.059395616858791814,0.15431333650392215
spot_0320,0.1420557066950617,0.008787811054596719,0.1183883935737525,0.029376206299941834,0.06986768680235943,0.030636467169747272,0.07836554316067161,0.0684696680240913,0.18733332843343353,0.09774728044718314,0.010463889377674082,0.06608362000970751,0.021436047627354227,0.015929136601981465,0.02660855807511086,0.02845065664733281
spot_0321,0.07736556030072173,0.03445306559271762,0.06395536176523822,0.15036802031962385,0.13589969614788897,0.008935853594760818,0.11705215719630452,0.0207739072628059,0.0777378755079848,0.03728435808383445,0.10994463659324376,0.020115742364868943,0.028159651084312082,0.0061032868659094824,0.08604603649313312,0.025804790826651755
spot_0322,0.10107246800825413,0.0196686514168458,0.05474220565900972,0.027045423840462768,0.027546061214647848,0.04140036480981062,0.14718479658278805,0.029872396371675016,0.12563388154222316,0.09335600040974702,0.07926885704239701,0.024725807885065617,0.014022526912792327,0.07052615237226616,0.09872653848519845,0.045207867446816305
spot_0323,0.05736719713379863,0.019472833780712018,0.1606269226891761,0.019645567972052604,0.0400297738060445,0.028791688311700835,0.057866287030575836,0.030355990215059477,0.05720407577397829,0.024016075492505066,0.010475096180420486,0.17724568103076208,0.11653405612928107,0.07528538854346792,0.043136274578117494,0.08194709133234762
spot_0324,0.07317954414509747,0.03377627404233912,0.09993223308481015,0.04858778453751124,0.1701078733413221,0.033406641862763375,0.036240052607554925,0.1428179364491481,0.07078809222135167,0.01986181959774517,0.007886867714918304,0.011794269041229197,0.11517263235982535,0.04956939902841068,0.009124878098810405,0.07775370186716277
spot_0325,0.008913489759892436,0.011168604570360395,0.05181516639739929,0.0932103490199497,0.10186131725076747,0.025980120605269642,0.04304864092267487,0.06971186496895784,0.08652689306146708,0.10149125787149614,0.12074519625957111,0.05918301284558557,0.11534311470374625,0.04058307838525204,0.0294799418481809,0.04093795152942926
spot_0326,0.11096146616363711,0.07099923832534338,0.045637406690925086,0.012701714640458765,0.00803909193456629,0.06988795325948399,0.024248205127121027,0.00825649416285224,0.12138369516571659,0.2853287603174694,0.052331317673619676,0.01651168053013987,0.012904971252356217,0.009519685572682771,0.11838425385384951,0.032904065329778034
spot_0327,0.1364353841409842,0.18423701512774934,0.18774159715739444,0.0589932808933151,0.06484363978092325,0.01180895556057179,0.018243121777449002,0.020758180078353797,0.03554765359364648,0.07027565471044345,0.04978380317676308,0.028286129736202332,0.03184593419734342,0.012956042985313854,0.051016096033671916,0.03722751104987458
spot_0328,0.0007079070435330132,0.023615603356056718,0.04109988683048821,0.22925029144129,0.000609871463562703,0.20717519194492523,0.058748158835071056,0.055203312225059385,0.0005268032155389976,0.0007748188213414743,0.19267368517779554,0.0005972520745567282,0.014817646166873403,0.07048461425964749,0.10288867722300335,0.0008262799212567244
spot_0329,0.11613906917015362,0.004434165228362621,0.003729595621325803,0.025060456472285848,0.066598152808173,0.1900600461822903,0.021610180420016077,0.3327705337547541,0.0025598712464290226,0.001955809052541668,0.03926697241501606,0.019026892162430094,0.01405483387556516,0.11975175575697138,0.04131819603767988,0.0016634697960053425
spot_0330,0.0011664867351891,0.10400184197057144,0.1368400366105074,0.01859091792084295,0.0011603268947889742,0.33641229085197744,0.025442435439763697,0.16763774888404476,0.0017569703773787392,0.001725082321847858,0.03553560590112473,0.0010191944970961923,0.013164763585069326,0.10343690485567203,0.050378046705320964,0.0017313464488044224
spot_0331,0.0959046694280288,0.24554444007710458,0.06581546228282342,0.03346752139119284,0.01821171138227312,0.04086673091863444,0.08574052324229899,0.10408367117644218,0.0203207948143466,0.10734428387347511,0.02967819838511613,0.010551132890635648,0.0044119363261316,0.052599090889539485,0.06818645743154371,0.017273375490413325
spot_0332,0.02083509001730136,0.05974248348356472,0.02698334520887782,0.03988271846768722,0.20195617962722495,0.2192099347047602,0.022897852520394505,0.011519465695343355,0.040640708767535574,0.18185147405476565,0.01396993431306584,0.0385316935379964,0.03427240103425588,0.04385185282821383,0.040083270825469315,0.0037715949135433803
spot_0333,0.2551952487329756,0.05297945614075657,0.15568136833849325,0.1761648646877855,0.03505941027133872,0.13313273481817764,0.012602111721076226,0.02074331558996368,0.0013045346297672236,0.0010896201628979967,0.0447519456216324,0.07078766115485952,0.009267491950305042,0.016882192659043175,0.013497789707178878,0.0008602538137486052
spot_0334,0.03500537987551451,0.042324592997990726,0.02786307263124399,0.032054839193218505,0.0301534142765965,0.14386573717878898,0.1568898985904231,0.03192000341458315,0.13834341463058317,0.08308907581022675,0.008128115537739693,0.01499998239791211,0.06728595393498486,0.06946597610980411,0.02716117942363726,0.0914493639967526
spot_0335,0.1996293484260246,0.0069863304177265745,0.004939420113788188,0.044671807407977576,0.03576037649856852,0.015235947313550775,0.026295878510781794,0.09832667325062742,0.1004499676893539,0.051317499489707936,0.10451211749742116,0.18398247103464477,0.0128925688050678,0.018053338328867026,0.044511248198495355,0.05243500701739661
spot_0336,0.1471479215489231,0.02322156353553092,0.052766194477151765,0.08165819961802502,0.08610144868455553,0.012953736044186887,0.18974634148954542,0.0845440664303095,0.023623706778864707,0.10933201090043772,0.014507096826094135,0.09230256501679426,0.003812671279689007,0.028668764043068264,0.02092434809204229,0.02868936523478151
spot_0337,0.054997462247419866,0.06900994593938238,0.01860818433863641,0.14939129431756615,0.006820198536490505,0.12153776250980339,0.10980130157447321,0.2322329277673944,0.029629723288699526,0.023485748609510207,0.0045272467467652395,0.05176268038201803,0.023852662867777753,0.06609763207176157,0.028503746244083063,0.00974148255821831
spot_0338,0.034463240382668285,0.044097209839308135,0.052502254620483094,0.05042298632757114,0.01819781209596065,0.20104710298382902,0.1262683979471762,0.061296348851426416,0.0491649145385619,0.03705057918807759,0.10253802534487788,0.030005658654030442,0.0043912406710815335,0.09155587373849555,0.0582226142745651,0.03877574054188704
spot_0339,0.021571026374567273,0.01568410126337071,0.021600912847027053,0.1194660819930238,0.013935542739924017,0.04256208233719016,0.05516270813839233,0.08772482025091582,0.03293357556907857,0.0769667517928794,0.19332081215597308,0.13183402890806661,0.015555536516298773,0.017270136230609842,0.1319222501519641,0.022489632730718464
spot_0340,0.09941400521884948,0.03229628181487766,0.01032547009415184,0.03793978882494372,0.054582340121767436,0.09401832379806,0.013399856477404186,0.06942163303691523,0.19489740364538402,0.15651550010543736,0.025109503797152228,0.010909022468987546,0.035209031310994725,0.06369626675600404,0.013670321854496043,0.08859525067457452
spot_0341,0.12716663761668168,0.00288439189726449,0.0024792587473626447,0.022269850195384366,0.09644188673079863,0.04370210012138205,0.0513638345956053,0.08652242222128392,0.08189594963654459,0.11196105004966742,0.05367333316479939,0.16533385745609958,0.03036953903369442,0.024993114720114753,0.07009916560565588,0.028843608207660874
spot_0342,0.06727647324117465,0.01691261899647165,0.11495197295020076,0.06615014696564168,0.017308613572449845,0.003981357789521899,0.1039844449569681,0.04440357116463446,0.17635807819805588,0.07753702642436693,0.09397368350401826,0.060079059693183494,0.030092567466892484,0.008848062062846843,0.06109249472298487,0.0570498282905882
spot_0343,0.0352972259938566,0.027364395842708007,0.25884964195863863,0.037091507128094205,0.09823560243749035,0.00945735798902343,0.1279801250368007,0.07223905159781478,0.0011858885011671106,0.0010484712541291208,0.08738957311935229,0.06846488294773065,0.014670494786934692,0.03199464980987083,0.12772933723963306,0.0010017943567555581
spot_0344,0.0008687771242622429,0.18713918431188684,0.06513267392752355,0.040960005108870996,0.0008077181826902296,0.09149900377195502,0.03461342091258196,0.013854825091329738,0.09761341915916244,0.11720206892680592,0.10484601647188396,0.0011021392907918264,0.06015802011919719,0.039432583171135925,0.02282957672116685,0.12194056770875532
spot_0345,0.06864236546533264,0.0013447409856283403,0.0014375243283836208,0.019312321568182755,0.04190411836351858,0.05600308580988207,0.06582751487287745,0.08587393947183815,0.11675932535925648,0.04723814798611268,0.07400733094655797,0.04771333716345979,0.07340146931564444,0.05031695587330526,0.14360291124161376,0.10661491124840602
spot_0346,0.011811441764978227,0.04001501885058571,0.19175073622132133,0.03154971677834188,0.06197881981435119,0.06907121507605529,0.2134207784720225,0.07940982301944964,0.08001860752800381,0.02351624632210507,0.00922810435779913,0.004621359169952842,0.005666312588459241,0.035286401888332035,0.08430471583095141,0.05835070231729068
spot_0347,0.10230723076871813,0.027233466220746055,0.01133193621398932,0.11059937633849767,0.024275594294823004,0.049648649804664186,0.08613804201324489,0.07209788504175262,0.09796366891014857,0.041782610489438494,0.1307461968288426,0.04549004165923296,0.00910608282753307,0.01559358278298128,0.1622889035298705,0.013396732275516644
spot_0348,0.3659865626501238,0.02786153391607557,0.07818891418443938,0.056172667365617254,0.028585399832648864,0.020147737459720625,0.06997212551751593,0.029349491695267464,0.023366171647776827,0.04339882218969485,0.058130416347392695,0.003519685243461825,0.012758015019257676,0.044606128709290066,0.09170013127560075,0.046256196946116414
spot_0349,0.21114613087258163,0.01738634407957161,0.04914060357428899,0.08155977016021086,0.007804029911214953,0.31378706316613336,0.1024449621178195,0.07033516591687689,0.000962020338092815,0.001072272993320988,0.010621416480698519,0.009520942628533445,0.0224373573216774,0.07501978195873987,0.025695134903588344,0.0010670035766507894
spot_0350,0.04122944597977587,0.013584597703528673,0.02928213984143348,0.044272247855188115,0.028398821215814395,0.00492268196545062,0.043593676441203384,0.024026820355293653,0.20260894696507573,0.19170016641688117,0.07697838046425332,0.11248373350312368,0.010866050951594793,0.005781412200729665,0.12061317017215167,0.04965770796850178
spot_0351,0.09093592862502771,0.02219047475744888,0.028299246797910252,0.15097568911715725,0.1722407017533769,0.01824127866669652,0.07340095794109835,0.13259567445450005,0.07683288350459282,0.010878374922378095,0.08241205743702586,0.020888911011146125,0.006876540755017975,0.024971025948466244,0.0775085099079753,0.010751744400181671
spot_0352,0.04637042820465855,0.015811879339879095,0.3047462782352447,0.17154748262797812,0.02901282275731453,0.08373105243489742,0.08203227932804498,0.021792943929356056,0.0004775766918440124,0.0005207951771544108,0.12457061581040257,0.0063961006545135484,0.007072859235090047,0.030944402753940763,0.0745106698253769,0.0004618129943043086
spot_0353,0.0009433843072524328,0.027049023930021045,0.20498513893009804,0.3286761708923191,0.00102503250910398,0.0016876338933484298,0.03166197429425681,0.0025586374593109603,0.08742529636100617,0.0544290386267086,0.020351376101490983,0.0009692447245713078,0.08042335272115071,0.0025714869398447116,0.004416577234413625,0.1508266310751031
spot_0354,0.02745314523376168,0.10736063696233197,0.04890492657071362,0.022311547783398198,0.005257621781358333,0.23731768620471747,0.01679811794923604,0.028342795151114198,0.11193252411886603,0.1631807438767262,0.0520593794528631,0.006233767423953992,0.010339890877741013,0.011970086149236607,0.11742168542633966,0.033115445037641904
spot_0355,0.013787346638202445,0.011906900042213753,0.06175442612167872,0.049524753325046925,0.0683681570388501,0.05509166247735352,0.1284554490405775,0.07833712926240874,0.16047144055658055,0.06380948708307012,0.09875013228055059,0.004590559094692471,0.06147982059702691,0.02209371335793043,0.10527801527143181,0.016301007812385422
spot_0356,0.0826123207516011,0.013770799841700983,0.08076002003589401,0.10819514359150843,0.004750709375538571,0.011511314653221884,0.0493425240289787,0.09344712614272296,0.1684551867492986,0.16406918783708657,0.02337248795215024,0.016068522971991427,0.005637286403801916,0.011547120142803648,0.057016032643653985,0.10944421687804697
spot_0357,0.03233420347441981,0.041051124819514506,0.01022121845519985,0.05649942918739414,0.042297702993384194,0.057768544895868454,0.12459560640091633,0.15026264487833513,0.10174753130580755,0.0327045856296745,0.025638170072902314,0.158395271310055,0.006808205729049991,0.07675158315312151,0.065591797383673,0.017332380310683737
spot_0358,0.02127456072697059,0.0038684859403159107,0.003922871748560609,0.08878333140923732,0.009067440719320103,0.06731284876227732,0.0464706079656102,0.13655300212666796,0.04375393690145635,0.0037673577400367544,0.2567965578637371,0.0843119639390131,0.0241789604336357,0.07498853006378321,0.112010637051952,0.022938906607425747
spot_0359,0.0694631944546202,0.0943903201348588,0.12605212615371694,0.07497170179292637,0.1410482297329138,0.002981984494203127,0.04657963378750855,0.07808701545392209,0.07876334433515696,0.09009359383758289,0.05400708547817816,0.07798003248192566,0.013506627627805487,0.01080253747539925,0.02446008878288658,0.016812483976395166
spot_0360,0.13826966495199813,0.001294623982113102,0.0012468497275265004,0.0017379397233597531,0.11951202423469276,0.03427716947727106,0.003903967837278435,0.17348135630519096,0.1612050830595939,0.043465296671043485,0.0020778446655418323,0.2494344096857231,0.0025758339279896253,0.020045212284384443,0.020591728845669555,0.026880994620623364
spot_0361,0.0003808582070253069,0.006404060755176141,0.016374704850243137,0.02121560525785829,0.0004136019994955972,0.03568935780290985,0.1516760378558663,0.2327535938950039,0.03352892267177026,0.15796390664207804,0.05585097167880124,0.0003551934729173984,0.09450575334491347,0.06313936647332033,0.06223073443800821,0.0675173306546125
spot_0362,0.000695841876793423,0.07284908385234007,0.027447783707717652,0.24573620162658055,0.0007030687883179886,0.17420015352308957,0.1030022274155864,0.0926437564707176,0.07290120437910814,0.012339130074032627,0.08805921480803584,0.0006485410607939452,0.013521943617938558,0.06394478442334056,0.011995395018428712,0.019311669357178343
spot_0363,0.07757310040312825,0.020543318366160614,0.027358821876762262,0.016943775248788265,0.018446811509133222,0.12751534055317476,0.051815350813708284,0.11287268761693219,0.027251332542711743,0.10885414918728703,0.10077223160806559,0.11465425387209803,0.010226135134885862,0.0373553874868932,0.12947365865480642,0.018343645125464256
spot_0364,0.0951852961224694,0.02924140985262076,0.08601304014018121,0.027247981661588525,0.012152987860747104,0.01520996190537854,0.056720290424878354,0.033280239453679715,0.21942608161877097,0.10401585384079955,0.03517495019643806,0.030097081830931408,0.010570332406458171,0.007444580933152001,0.12353112241539814,0.1146887893365081
spot_0365,0.028649837029456483,0.009240023423119753,0.026999780480778963,0.013685141114308973,0.036360835343997616,0.18459904061328639,0.09131164206583595,0.22774913631662058,0.0014132959051144883,0.0013507029307413948,0.04364744139384413,0.15311111756246315,0.009199806594225608,0.05586297851347398,0.11559459484427066,0.0012246258684618712
spot_0366,0.010498364025081985,0.04726847551761888,0.2137360628825589,0.11551024143141553,0.008941151731693171,0.021169588421164783,0.13533373424358044,0.05943638345497122,0.04475338008519834,0.10305469359965315,0.05613902536476974,0.05365381278243294,0.016917251234311145,0.020470006305243267,0.06616714089763391,0.026950688022672597
spot_0367,0.1865223677553121,0.08626543867624827,0.06657844515787639,0.12005566750544129,0.07632239665714886,0.04258496481008399,0.10454456793574685,0.034350749466901455,0.09229804445740908,0.005660503389022519,0.044656221892129096,0.013815874879674148,0.03536796800669782,0.046660285578329214,0.01284171018289546,0.031474793649083434
spot_0368,0.0017682222688077149,0.009085323413343846,0.008777833872708241,0.07177690886613405,0.0014186300071636004,0.01440892985167914,0.06627279229079626,0.0975167750210883,0.07274742689317153,0.16291448390534755,0.24333627235304772,0.0016677068081621092,0.00807124948578924,0.05355813578008648,0.1572944739726717,0.029384835210002503
spot_0369,0.16054852274125603,0.044683012913990086,0.022459841312863486,0.046375272579257186,0.005252966819242853,0.12250986319266775,0.14241704207723851,0.1776680913654811,0.0011693020283863476,0.0008428243048216503,0.10279299926689713,0.00992165514356903,0.008757517529671433,0.050062017522747644,0.10353486893890995,0.001004202262999809
spot_0370,0.13671198311554372,0.19843559546000153,0.038273666711375096,0.0748452728172777,0.018698275843933326,0.10621930021757679,0.06649406299169797,0.09794917242400179,0.058389916710129865,0.009189796445198852,0.01617295827855838,0.017770658871156125,0.09641532604458637,0.05753061761781982,0.002598741370579455,0.0043046550805632055
spot_0371,0.0066263253174858715,0.01860869183479992,0.24292055938041895,0.03337831697996752,0.07338461594443349,0.08667182634820274,0.14559713060293672,0.1901622262036028,0.02404540499352766,0.004681457116768649,0.022814359660281537,0.0036170376867311585,0.004824393581652315,0.015016584774218905,0.07388659279890693,0.05376447677606486
spot_0372,0.21198692184735357,0.10810108490872475,0.04742290395160054,0.04099636321389313,0.08129276541429448,0.011748868877060992,0.01769019993845703,0.016883501563544907,0.04518601046895501,0.08484373769770183,0.0479553440817172,0.16440265983068128,0.06302988419504686,0.007292082587070592,0.011132006475879636,0.0400356649480182
spot_0373,0.0006228520496393919,0.01319501269739689,0.013768452558159497,0.13005963701700596,0.0008263048436547576,0.1586293394075478,0.1128382307191785,0.12053169511282864,0.06562838793010663,0.14336230789528928,0.049510680666658924,0.0011061881580568932,0.03516610448108787,0.016476318592937692,0.08205456621394827,0.05622392165650297
spot_0374,0.1322096879536775,0.04366827918328364,0.11518569143711238,0.057753752946876555,0.11229076186865075,0.13346026442743703,0.030496100008313976,0.06290147458664079,0.027271944340008195,0.027773372873429708,0.009756494137636122,0.012780222723165794,0.11415984304144287,0.045880781636970534,0.025461496134022224,0.04894983270133194
spot_0375,0.1526930622578902,0.0057197353800928635,0.018420388746733355,0.007174817784370356,0.03382956672005529,0.131340388545792,0.020852461418523045,0.09588612237119873,0.20453562624741728,0.09780741942155591,0.008771668192601306,0.0234136872316701,0.005166543364976624,0.030248132341253356,0.062430160087133625,0.10171021988873594
spot_0376,0.029290841649526108,0.012879815450977699,0.07928384285888887,0.05483453741396599,0.0972559741735198,0.033213880363009325,0.1537320009753343,0.1525306457252386,0.06257285083427659,0.004403455072831825,0.08529556528913596,0.06915561932795164,0.01294787726159214,0.039406669386380676,0.08572885670579784,0.027467567511572612
spot_0377,0.0902420864287774,0.15146528255906289,0.10628160340540807,0.038520592309193066,0.005380532234694953,0.0033197428507832955,0.05634226000433868,0.03881419390163455,0.12572501882958456,0.16546468455952296,0.025908996776198397,0.06606116496495572,0.008719211663837921,0.007103874045550651,0.04800714053000146,0.06264361493645544
spot_0378,0.0011772690566289716,0.046852953761287265,0.1532235912088324,0.011157204904538053,0.0010970567662462129,0.016356426546037913,0.09122070160672502,0.09082171251235159,0.15611327628393226,0.2837077879395465,0.005650131888841528,0.0012584028027116984,0.009505681199569297,0.0193736107419372,0.018666079609891594,0.0938181131709225
spot_0379,0.028005863804376925,0.008760452931698194,0.11025707754071738,0.036856996082285605,0.07587867644928947,0.019079301851881603,0.02010977900758172,0.009140689242361699,0.20014484502039245,0.19341370244580244,0.03289761063352704,0.032634580690256064,0.03155237252600455,0.011324037063945882,0.048007009755202376,0.1419370049546766
spot_0380,0.17444117636729947,0.011194378087204146,0.007384442260610006,0.13554087880687696,0.018488791406270404,0.0020121219517925154,0.004562281439980076,0.0018560370505605996,0.06177985875144849,0.13130457884882718,0.2579925248419998,0.10400226036002781,0.01618917930530421,0.002568983927319561,0.007982923797383952,0.06269958279709485
spot_0381,0.06351184380457382,0.03184570400030998,0.07176838874236892,0.1250189550372592,0.12351664444297152,0.053961523721511966,0.009898398558604088,0.00998064227080608,0.04971976423388636,0.18453234441911226,0.01905232818580368,0.15135076031734024,0.011483918616362875,0.025208056332298515,0.004201604025342789,0.0649491232914477
spot_0382,0.19508040382287106,0.032240912648806686,0.15532747799307392,0.038854745448641204,0.057612185190451616,0.01460973479360256,0.09870637048811062,0.020901825674955472,0.013231085884593605,0.11079940164372835,0.08047459290823236,0.005827605802240589,0.034596431573028955,0.0722738200308766,0.05370352800918568,0.015759878087600727
spot_0383,0.0009790109088523243,0.016019486251651865,0.1745110857032458,0.007313823193389291,0.0011140345387387726,0.3038883430554472,0.1013809093092156,0.08433065574829005,0.014051400150198413,0.18595503524048285,0.004279183968670828,0.0008589853149626783,0.007707621379681123,0.069336720560205,0.007612871637618171,0.020660833039350006
spot_0384,0.03231863787164359,0.002947835031760998,0.004769225257927636,0.019211000929432846,0.04568011650230459,0.08023617928030098,0.22396229258369732,0.09431784232528151,0.03719817841928092,0.014460255196770203,0.10353340998639975,0.12620759976012805,0.012875387085454895,0.04454117965619515,0.15129653357053663,0.006444326542884942
spot_0385,0.09335136728441497,0.011868691754024456,0.007523611190029989,0.015214946593062299,0.011788602856186346,0.14705649226396794,0.06462660622373885,0.017804062950629158,0.16183837870331216,0.19238937601318004,0.011481747781008243,0.0038828348244331484,0.02283913190699232,0.04537952988867118,0.07306631095965134,0.11988830880669755
spot_0386,0.006389368011813848,0.0708334743331073,0.011427070881817594,0.12205142517990307,0.1960624204534245,0.002625169493358581,0.004189363695417732,0.002730433825422797,0.15926951568540154,0.13777184029785922,0.027536834054064777,0.007614890152321031,0.15987742624703943,0.0037766915115587164,0.002630323801278794,0.08521375237621107
spot_0387,0.002308404901011134,0.06348037467279857,0.011557653072830146,0.215484780723037,0.012254483704339899,0.13657135897474876,0.004910569247906711,0.0049403714303395095,0.06148593633816152,0.08024026546131549,0.15718445090556984,0.09416275686619374,0.022494588036261334,0.017159053453531727,0.043770908810232566,0.07199404340172204
spot_0388,0.025516199755029063,0.03945679634889339,0.23471966562060398,0.0303792047231985,0.04218422641539878,0.12010346823686088,0.008080421803736179,0.008380162832915584,0.0878635375999874,0.005100592807229744,0.13648034038360715,0.013771563598745575,0.030383361594806042,0.033251284620556716,0.16183817298921271,0.02249100066921832
spot_0389,0.06398362186797425,0.005243048228309009,0.009673058484723801,0.00836200565493132,0.03522689928274352,0.032956889458892545,0.0795866036294688,0.10361767251455656,0.1353009327113417,0.21534247389477282,0.03211229727963573,0.10442108049613337,0.008626167984202533,0.027307176972486476,0.10058848322632846,0.03765158831349912
spot_0390,0.0009623499477791031,0.04042797033477835,0.027651781706819308,0.1260338652229015,0.0009413082966087882,0.06908232091179992,0.016021943173680886,0.1580623943696345,0.2285143450299395,0.038225744744514935,0.11504576552228146,0.0013078210742315795,0.11159648087919016,0.027784301739334518,0.013117693810672753,0.025223913235832708
spot_0391,0.07568376763500188,0.00573401306897027,0.005892730025274123,0.037095467662049894,0.052683982118098244,0.081928662248045,0.14647550165941292,0.2231092009645979,0.014744090029471408,0.01517561443290229,0.014627041858301378,0.07824226367746151,0.01206743479090591,0.07248719731012838,0.14518530032332608,0.01886773219605278
spot_0392,0.0002642176757660272,0.11204284665886756,0.08671911230769067,0.08169157856644954,0.00026858215307735446,0.04137990038719314,0.046605141213902385,0.2873664937948995,0.03930707575005685,0.15373167737169272,0.012728777448563247,0.00026300183014241337,0.00788270439430585,0.08216831742917924,0.005259727327067423,0.0423208456911461
spot_0393,0.16777492624652202,0.018507614366485767,0.018026431759498546,0.0157443232398949,0.06587620736649814,0.02910822268870577,0.005450333909463463,0.02299346633833946,0.15222039025922965,0.06595677570498278,0.011606928929440721,0.24117672417279237,0.038995642075290465,0.012224436589472752,0.03998462903058019,0.094352947322803
spot_0394,0.007492778655187552,0.009278422116488272,0.1100450974361203,0.008145485180769482,0.09728985084726173,0.006953076538423908,0.15163698168278678,0.06917963763647864,0.10988300552625095,0.16526945366356305,0.10197016537847742,0.003585821266572902,0.007879529643976322,0.024458430397998148,0.07443805943559341,0.05249420459405113
spot_0395,0.18781783505801783,0.24008298225638433,0.054940535874799475,0.17275973422248228,0.007240179982512783,0.0029574391958505164,0.0493578708080557,0.007147292134957157,0.07086101704069943,0.05822243865764275,0.007287229144840493,0.0502557649746221,0.044909647307796216,0.005892105884514839,0.002615126155965032,0.037652801300859066
spot_0396,0.04493213502926538,0.039234744678770174,0.05415316656112246,0.1771977764306717,0.020576174825822944,0.02458048886468578,0.05604804599867442,0.0833297865952583,0.15272934915622283,0.09588317874088734,0.0679551789055471,0.008090896137520742,0.039016550823646974,0.04956293281033954,0.01079945715883092,0.0759101372827334
spot_0397,0.1990972429922472,0.01242457343558466,0.051500279597430774,0.08446571565935593,0.12091964039927407,0.025744174237379184,0.013580871315689826,0.031083582428758687,0.08778253765852786,0.0265046026851985,0.08201995592654322,0.10136056667775263,0.055420702009547,0.016561720326000316,0.027514862218951348,0.0640189724317588
spot_0398,0.02240657382279859,0.03562176473509694,0.013775916311800836,0.025420479382260955,0.056521007629959354,0.23974905151814577,0.11722657647737217,0.13049740076814156,0.02118233107768689,0.014652749473559703,0.01187083381500855,0.022764940317438708,0.07097766178115858,0.14133398046917356,0.05857994146719028,0.017418790953207555
spot_0399,0.18480547768658373,0.14098815872287226,0.014684388006795737,0.1637183431151501,0.031091560857197914,0.004868712237652837,0.09817936526647032,0.11036053840847289,0.0012734539813802142,0.001669794746804218,0.040647324088222456,0.007618815452524,0.10035370294052388,0.08501606611652386,0.013505524204320931,0.0012187741685046416
spot_0400,0.0004964923181861958,0.0074370872479223435,0.016903067517712884,0.02771999689248359,0.0005911462452802508,0.1416730335356331,0.15705411699739238,0.12353827312839431,0.26582815628807704,0.05131149221732486,0.012904122172121625,0.0005828884652241893,0.024449786753220525,0.0994200449960214,0.0249292914682406,0.04516100375676469
spot_0401,0.11173278859068729,0.11776851490886205,0.07602083779420016,0.07368280520080536,0.06975085951386105,0.10300499614772397,0.09252421387862655,0.08124551624999533,0.010815694084519238,0.06619587806569951,0.09506893526065749,0.015142086856656847,0.024032929987895656,0.01504910491203096,0.019277699456069764,0.02868713909170874
spot_0402,0.009112217055295095,0.0891937385045127,0.07663706368427493,0.08309494436697547,0.04305398364208706,0.023867933223142332,0.019635116946013848,0.09844366683146287,0.09874190724839868,0.017047657789214833,0.11809224681788058,0.14205960809369098,0.07315257651085372,0.024916003753078054,0.06892286124525465,0.014028474287864199
spot_0403,0.10102565385949816,0.05787674583422009,0.1308157189023846,0.20157653381647817,0.015949216891549586,0.0023564721625642304,0.03317466978432788,0.0035260123662282303,0.035730613354149336,0.013913050318500106,0.10832767200439504,0.19106956244318263,0.006645152002079623,0.0029310936645164398,0.04806615241134325,0.04701568018458265
spot_0404,0.004206696345127237,0.01856825745557407,0.19825787446434254,0.15104169965234035,0.0040928378783393225,0.02691936438369986,0.12078520071729894,0.23703170966188863,0.01781761951749544,0.047173853614691695,0.040902810937245376,0.01353207209948447,0.018674573726529316,0.031809115491749855,0.04280697428168158,0.026379339772511307
spot_0405,0.0906063340214983,0.04855879264779423,0.3030597647636933,0.007886289351715621,0.054193054936727,0.005569395338000601,0.020729997623218567,0.011474063583375198,0.018926285486660418,0.13426304427233135,0.007000730677367662,0.262491526868893,0.007373556498953714,0.00814781267801511,0.009654281368300408,0.01006506988345555
spot_0406,0.0007996807311608055,0.04855168540828158,0.03085376817249639,0.08500200225066257,0.0008204854970799749,0.18187642540311844,0.022548963761641016,0.00859228875110031,0.137359453621874,0.17501200584272503,0.09738989149244544,0.0008444945063439222,0.017128512174177265,0.03620712783301273,0.027832668053062972,0.1291805465008176
spot_0407,0.024112118875429557,0.10767381371385734,0.1325693969031161,0.09954060014163846,0.06865104218265106,0.018031032865959234,0.0542781205638594,0.09711239281698644,0.04682243323179674,0.14290058505661946,0.03634426176248561,0.00864363817353279,0.04951337166821563,0.03394027768471726,0.06114302389862088,0.01872389046051405
spot_0408,0.09653958303513158,0.0025425254576499456,0.002804491648450741,0.01200154394300988,0.2543452947033324,0.03194741952284198,0.019615968982106602,0.04786964230945834,0.020059013677550506,0.08661717471205566,0.18248134184533604,0.09665944868597182,0.0060126245289476195,0.06411445507221437,0.069153294544673,0.007236177331269509
spot_0409,0.1927095348871793,0.2284123069188483,0.028098383199977105,0.006338500315038919,0.027251878071783572,0.0010774837930078599,0.0019562644345259804,0.0011335073160195282,0.1335287729484786,0.13313674572286557,0.004959223550048394,0.036648895423364206,0.004755935299533366,0.0012686626148688768,0.0014232219134693502,0.19730068359099107
spot_0410,0.03725727219908948,0.037526399883835,0.056232639645745645,0.10156126005665864,0.06653503793162802,0.08366030671027007,0.04039729027609545,0.1154302986712583,0.08176600372249235,0.17698798805127838,0.011204511289310515,0.07124087737569383,0.04930288318403897,0.03453767166863652,0.0052040484535112955,0.031155510880457555
spot_0411,0.09176519860729727,0.0027519714294675203,0.0023578867260856382,0.14746578849676067,0.007297089956452323,0.216722946460734,0.030835143493925243,0.142989130932975,0.00048404060834311116,0.0005147729563053849,0.11350905411229735,0.016101362374471264,0.13248978015773272,0.05526737597855499,0.03893647813539074,0.0005119795732067832
spot_0412,0.001618311275687561,0.11882344022426687,0.1442734590550474,0.08937191318047501,0.0018282575331914361,0.11638931067482482,0.02644878742838396,0.012956027087867554,0.07031335448890962,0.0803153906023943,0.09185996152230917,0.06455362338057721,0.012765243415439895,0.009331381971411604,0.08167630557332713,0.07747523258588646
spot_0413,0.20040675061097069,0.012774148703194549,0.007275347799526397,0.03777994829530051,0.08849584394269824,0.13010739945247007,0.01983090286059733,0.03349262241297696,0.0999533267003296,0.09476247250240474,0.005272356677426409,0.11236404185047053,0.006655327645611282,0.12623078217682404,0.0030135581009320626,0.021585170268266597
spot_0414,0.0015127069029835273,0.02334418571540239,0.011707546218805572,0.17849867772453407,0.002148104905597903,0.17998306201170985,0.033410380762915616,0.008296939667133872,0.06253599960671347,0.1276933600744819,0.1508655902827513,0.003589294901080894,0.0229992728742422,0.04553947634858478,0.08921362211764049,0.058661779885422184
spot_0415,0.000447964372814609,0.012264961937236944,0.049315384290364646,0.0985885046453612,0.0003948164972929609,0.11445231842487766,0.05698917549850147,0.08779819398114756,0.10385402634095323,0.0933968970748077,0.09490152289239939,0.0002880631321163135,0.11143396019588564,0.04791185440054315,0.09814142183533867,0.029820934480358843
spot_0416,0.10093022432631334,0.016588801562081406,0.11947214626876711,0.010798662831614413,0.03356312808815391,0.21032553961754755,0.06394229112476708,0.16849887351409426,0.045858038405380976,0.015690114803708948,0.008024703608947668,0.03718463934817269,0.004413854366095258,0.062192253451376786,0.04707798489048093,0.05543874379249771
spot_0417,0.00046570458548657475,0.007413382615266196,0.040542599266208644,0.19601804141366308,0.0005371304372566305,0.08141350800920487,0.13741630732177093,0.11813933946661968,0.05497745818858541,0.09769085549413845,0.08357311140369156,0.00040059650755973136,0.06687965391010654,0.05069296275999203,0.02939512395247666,0.03444422466797302
spot_0418,0.10353573370028833,0.03904283779456262,0.07484829653968975,0.1729817503079644,0.04536058065702615,0.11294726743668025,0.0797322475339716,0.16159603173858716,0.0009087479551110599,0.000781362298142717,0.031862985149425184,0.034294318868546746,0.02173052921012975,0.05856754132822947,0.06097613411886195,0.0008336353627828806
spot_0419,0.07792572444514374,0.016277285204146924,0.040519374661335636,0.009066789784789015,0.1562370186113104,0.2097330164701749,0.0986338189886051,0.08094539451771347,0.0014231302298075082,0.0018887457010228982,0.09753998016694444,0.07464464855176985,0.005122872457784614,0.03792370065627397,0.09043232343610809,0.0016861761170694452
spot_0420,0.09047418430719636,0.20562495128967942,0.03982428335281122,0.04048123857068692,0.10370042381719902,0.006495806814891266,0.019616847726004482,0.005621203690690219,0.07091828961371752,0.2161024027245726,0.013558277083303741,0.02265550996044852,0.010130814015476726,0.002790269369067461,0.03867470120245822,0.1133307964617963
spot_0421,0.12063333535061622,0.05842638830795397,0.10577739441422473,0.045532495816264264,0.1282952382439382,0.017064190086996864,0.03650678811474181,0.11098400505668392,0.04655304440260396,0.12334299174168434,0.012008829403035756,0.04755833737327568,0.038514218729257026,0.04407214920658248,0.01076517048088425,0.05396542327125651
spot_0422,0.15189157067145526,0.14166719515139742,0.06823623544085354,0.0580254796877888,0.06221117046935659,0.07371033132198895,0.02001726864269738,0.045790999763534214,0.05364058427770999,0.1258371368344805,0.10343940796290187,0.0038954936705299036,0.04797474918052783,0.01399870383229479,0.012314431404546336,0.017349241687936605
spot_0423,0.000988110392606005,0.09244128351576292,0.158266253731258,0.031105372249460823,0.00119932646672339,0.08502726965349039,0.07128790299324338,0.04519429958546451,0.060740919019581875,0.05721977398601345,0.12954283137878317,0.0011361838065020518,0.024686037908495495,0.06156100598445193,0.10914165667113841,0.0704617726570242
spot_0424,0.06723815940772494,0.004359424462975761,0.0024239601233651976,0.17606060393835404,0.08842468170717233,0.07075155438418587,0.03860965426498286,0.0676389345480461,0.0704129964965236,0.15785595840593278,0.007634304646464451,0.06963783491269869,0.05226967429071729,0.024907798500391588,0.0027942075296558213,0.09898025238080868
spot_0425,0.1288378641969302,0.02756869387312499,0.2660593322996756,0.03610065421382496,0.04644041934798659,0.003976064770684179,0.009279520177934004,0.002397660833917826,0.1321139105790071,0.04567296642000758,0.0773084993686444,0.13546912289536964,0.009787965462872989,0.0026253358628857575,0.011071256095741826,0.06529073360139238
spot_0426,0.18529895148600242,0.04488661492014181,0.08296768847461379,0.03652755248788946,0.12250191815496986,0.027305890307243563,0.005470032516669281,0.014663001103336428,0.07293685246032888,0.061894006817952193,0.04507795699634992,0.14495327713804954,0.005230737045251647,0.0038809686170464233,0.046976116231887646,0.09942843524226713
spot_0427,0.025479988754443714,0.04925195893845474,0.09754864090330773,0.15912354886833202,0.0037900667520252376,0.005183207150615033,0.1177925654073263,0.00539682426336578,0.16227439194805843,0.1022106390604556,0.07229601876477147,0.0076733609064272325,0.04863873116744741,0.008475196955771029,0.04370796890027839,0.09115689125891985
spot_0428,0.0008985738938467636,0.04923430608599036,0.026626844054524295,0.24411317328625312,0.000905462322914884,0.10618968040358825,0.02917018684206473,0.010853618928172198,0.1451484651703482,0.17121628403301886,0.08325383316239456,0.0009869395940780522,0.015479258154436445,0.011773748064908088,0.059593039502621646,0.04455658650083954
spot_0429,0.17526700218645985,0.02654431112735383,0.16792174578168298,0.053221355799442926,0.049529029211229036,0.050329003762452654,0.05375550374455263,0.01244059434910083,0.08858736439897787,0.07250789811562806,0.06399843928510515,0.013179791048645507,0.04749371483234572,0.011917436671467616,0.07488221480559534,0.03842459487995998
spot_0430,0.03298300524922259,0.053061643901194736,0.14993249139123066,0.010095017479177529,0.01985965736990545,0.0783745636385435,0.034755148713814854,0.10674866758851928,0.15268900085413648,0.13774043223797852,0.013843541609634873,0.015927322831956362,0.010052162470128533,0.019134941821993375,0.06147605487215839,0.10332634797040487
spot_0431,0.01678852781249341,0.04748234366355553,0.013456627405550604,0.1155836982851228,0.07123585311493193,0.08210729985210465,0.03518545885168941,0.10135364980108828,0.08877807451737729,0.027545201342481,0.18563642925540882,0.008769260852209498,0.04356540190965297,0.09171115065278496,0.024859077668553005,0.045941945014995836
spot_0432,0.01523684473204338,0.047986285448972495,0.063296111774843,0.017350165085795354,0.043603282121176395,0.005470293447943268,0.12649381755818503,0.0995222827668671,0.20869115075445518,0.1071238483171205,0.01121729496842601,0.07140620414042938,0.10353629277292643,0.007274098550407987,0.012530856787210647,0.05926117077319785
spot_0433,0.07784580850773558,0.054273207071898075,0.07073353515110997,0.058154597877879466,0.018473691270758527,0.03415578901267291,0.04954783583250822,0.12555301854536696,0.08709820843095431,0.02552731701264622,0.02472275882708545,0.1662163454256834,0.0048742365594663965,0.05084382096147835,0.049782982487837336,0.10219684702491882
spot_0434,0.16047034359458562,0.027767106933046133,0.09067713783556917,0.013564174340919513,0.14729575594198263,0.09776272008962614,0.0490808137489868,0.05137435137283544,0.12609567633447596,0.014446334395528117,0.035542304251079126,0.027944669075757694,0.02085225839074574,0.09302837658321374,0.02172513477882471,0.022372842332823474
spot_0435,0.020782549359294654,0.08141243348958459,0.16074522205264516,0.24034106335072783,0.005372164762041146,0.030157385044104597,0.01436671184839576,0.027019847485369692,0.0015298816957041554,0.0015683091986201131,0.21733353598168711,0.09460540413915063,0.026361662330795788,0.015684193159872975,0.061545813088702446,0.0011738230133033617
spot_0436,0.20459192805094759,0.007075267461683203,0.15367229087713616,0.06025688889775236,0.05203669896099801,0.022998136773192904,0.10444265119822263,0.06559713022228779,0.04299837851030818,0.03264098410985491,0.051159821173312095,0.07610820944565586,0.03617861365665616,0.03176682427478054,0.02478847257653931,0.03368770381067232
spot_0437,0.249487789553451,0.04074861401225593,0.08272310804931032,0.13043490965685944,0.10734424271822093,0.0017176223114990104,0.07191884232956153,0.0036006932083835243,0.08008131042990493,0.04435004609618801,0.007115179180760153,0.08263969449564613,0.02980292690187127,0.0028780410540646295,0.004000861488434661,0.06115611851358853
spot_0438,0.04429109988354649,0.007159643483020661,0.01142584083068292,0.0533905172948772,0.012737818866441453,0.010816417926118142,0.19478080775504467,0.020038920157370146,0.0723379801131393,0.05571677309501192,0.1372880567363677,0.16154869429337854,0.008525752917285965,0.0086777461802148,0.165297061428636,0.035966869038864084
spot_0439,0.09800635779224713,0.12130242010636816,0.08169064452331154,0.05789580554286993,0.005473820466681849,0.08546885062785865,0.007297766134778901,0.06147854526273916,0.12568237192171527,0.15864021814772158,0.009530665715728432,0.059463092331181626,0.004900445460919045,0.029576300028200348,0.005850269482018427,0.08774242645565995
spot_0440,0.042512690152545524,0.006995943248714818,0.015740226899998457,0.04065479897675638,0.09408906634937038,0.03051897140806416,0.06620484169539284,0.03588980159138495,0.05693285664093521,0.08751969182118378,0.21092509178421626,0.028633282854028812,0.012551162254418782,0.008637518509004662,0.21785071881755827,0.04434333699642669
spot_0441,0.05972751456177306,0.004334569328506773,0.004394669551131686,0.014104540755521254,0.10135721946149087,0.049729204432260796,0.06368988603351798,0.08551401454984188,0.16963994338097602,0.13550390403178364,0.024729440836585858,0.007737016484407161,0.00514375633738869,0.07023498669775094,0.07789134327047748,0.12626799028658592
spot_0442,0.022308713745782173,0.09365207815731022,0.01712790289473611,0.2640291495705085,0.012583416365358938,0.030484228128648823,0.031003537652195108,0.013252006060348629,0.0838193791886827,0.06392679559662347,0.1067310781310301,0.011925593616391568,0.02226056771186948,0.013433022652196603,0.10199752753070143,0.11146500299761616
spot_0443,0.18811729765907145,0.027739544356299602,0.03677215649900985,0.16878511386938783,0.127190976804306,0.0014594173871839754,0.0028384872808209973,0.0018962755313147817,0.08483818058043521,0.12238851710880541,0.07282211936427462,0.08927715246111516,0.03370334430867603,0.0019005259020069643,0.00973616890160416,0.03053472198568796
spot_0444,0.0018248914987902519,0.10653326772101109,0.05816023739542748,0.08006537009065112,0.002335320714882743,0.12450071227576386,0.008480894124289177,0.0863896930679034,0.10440108268712824,0.03163031136801164,0.10025182714587237,0.15934173868159174,0.007043893136563265,0.059730718624889066,0.018930523883879245,0.050379517583345315
spot_0445,0.02593523214328877,0.012352686167882307,0.012290688038906665,0.025563390532901617,0.08082214647668515,0.0105760432591646,0.11919259222043595,0.0685838854227889,0.15752392191473896,0.05433466135010007,0.1855053480107473,0.007131212777711551,0.01373181295990443,0.03806665619945048,0.1461986482918773,0.04219107423341595
spot_0446,0.08140622970474866,0.10437585593571214,0.16128855338046102,0.14312075752494172,0.12971735307391996,0.0055438154471338826,0.07460967421966247,0.009634951201054825,0.04512529198000082,0.06200871283638436,0.04111154267173904,0.007957495452843072,0.04280917917998239,0.007704102332098586,0.04774226087804401,0.03584422418127306
spot_0447,0.03630676784614435,0.004970209506357471,0.003824791226050777,0.013205791378224368,0.08523097412741927,0.19375644352705318,0.06947371142705575,0.11490636953016482,0.10792969384577064,0.01772029637942516,0.06369440016146667,0.017303647863108538,0.005441411009757186,0.13997377180820222,0.07807333796070864,0.048188382403090944
spot_0448,0.013885994375806591,0.08464809074273821,0.08121299683595372,0.07028858120207081,0.19133955238931483,0.025057068948469968,0.08268121193345063,0.07239293611912898,0.07472228272448862,0.012864409377666948,0.035387617943242,0.06908973916055969,0.06101999900537337,0.06602379069677622,0.0189705279864075,0.040415200558551925
spot_0449,0.001663258256332239,0.015351995728187087,0.06320278977040823,0.21955852224286918,0.004602140302021075,0.005165270951265573,0.10897720373746274,0.03845274417588924,0.14852935305841108,0.021474046699860288,0.14765156888490424,0.04458058887558627,0.05214756530772551,0.016973888779991737,0.05806342607245724,0.053605637156628284
spot_0450,0.08477219514549016,0.04532113836963446,0.22993209348496285,0.05646296693828633,0.010456151163087391,0.16414312464601682,0.04454338611624185,0.07803637065698998,0.0013851705841741709,0.0017476705873590026,0.0347749245191057,0.08358541249659221,0.02666396915225725,0.016497725876583137,0.1201481175650524,0.001529582698166271
spot_0451,0.11691540916857089,0.015926314684682964,0.08105760576133787,0.09546496513496569,0.11864634191299833,0.034941322244117126,0.01861234020263497,0.02629913864528041,0.10129665540167547,0.1558794381515174,0.027089587490478392,0.04157223625570681,0.060336859952178745,0.021755009311438974,0.012521173143011982,0.071685602539404
spot_0452,0.011853379100174356,0.09099272345807609,0.21921546560185226,0.013506826139542523,0.00851917206552639,0.2048875727967663,0.010701028797053697,0.052251230326447747,0.001433884248700275,0.0020449338482558103,0.020177107721870386,0.21634299018577655,0.011360155734153672,0.10969192805430139,0.025476044207102266,0.0015455577144002674
spot_0453,0.041921938475917964,0.1373402476863596,0.13431660550149982,0.08202537185711808,0.08852988373598339,0.04615304798595113,0.02498345265814316,0.005915033392212695,0.07253727423861718,0.07291602592116578,0.017525778787315233,0.1264950831284985,0.008355379403060668,0.0044430963739821045,0.048952751634623926,0.08758902921955079
spot_0454,0.15908403227070048,0.037021892493206456,0.03281241977866239,0.08680315798361293,0.04532844465592717,0.03306787490999,0.08642732563769887,0.09222385931481722,0.06380997389238008,0.04749420141181392,0.08355779227345733,0.060060545762568716,0.005214245419224145,0.020305288670142786,0.0978841415159566,0.04890480400984092
spot_0455,0.15641459965022114,0.010489163896443573,0.011551132912005834,0.15028962871465085,0.0199171015205455,0.019651625645625677,0.08560327337316419,0.21608776790090545,0.0013951270216400336,0.0010307403527141437,0.038328162543274646,0.15052931477947032,0.08188550218176231,0.045212847382069994,0.010446768223753506,0.0011672439017528422
spot_0456,0.0016110889081560466,0.005155476177454433,0.013975773995134869,0.01272499142753817,0.002675346642253274,0.01682723416502439,0.15749882768367832,0.0852837781395039,0.1622042428792028,0.05055536502845652,0.10802330811457021,0.09141985464405476,0.013481197738714071,0.023785852971775132,0.17641487799804234,0.0783627834864408
spot_0457,0.059555164487269434,0.24668254404172285,0.34396910199164227,0.10161488794380244,0.06997028284228074,0.001847579855808482,0.026565661434292263,0.0036999571382742677,0.0020184638407890853,0.0024728022475688422,0.08963553838901604,0.012739182748576104,0.02921621227183114,0.003024989310155746,0.005172563726363097,0.0018150677306071905
spot_0458,0.09027796478931753,0.004809576464862227,0.009545114261991915,0.07580343651308345,0.0670395416419685,0.032177987642061846,0.15106758993406422,0.11978823464491106,0.03409139653666477,0.030696100832988266,0.07508072390759221,0.012790774399149711,0.038694376777910745,0.05855491404970477,0.12917696302294612,0.07040530458078266
spot_0459,0.044415158398121636,0.1706464117699154,0.11334444192679906,0.11189595579675213,0.03100484736967251,0.007877900881505756,0.033505713023996415,0.06403615172173062,0.10721786676649737,0.08733677859599871,0.07517843691043052,0.004798452320907275,0.01938647099879848,0.06630172526197352,0.044055195134201225,0.01899849312269934
spot_0460,0.23018927555073576,0.14870906612167864,0.03871118555139896,0.07064309689772022,0.028428571363575687,0.09850753000417223,0.021732374469540232,0.053521375584233345,0.06518564129958566,0.04572709880862978,0.08572404254939352,0.011586408784481363,0.013262743396459895,0.05110981036466329,0.009711828654879493,0.027249950598851925
spot_0461,0.05631837807105355,0.136436140825104,0.11412508875448943,0.021357494303412047,0.1393381125027701,0.1298025783027195,0.037651790313266466,0.008174200614844246,0.09022858767979292,0.06266238246370097,0.05561867924788365,0.008916253096260839,0.006295069620815944,0.0363322506846313,0.05233031126941962,0.04441268224983543
spot_0462,0.0004627252028042016,0.04647625564423845,0.08663951288544591,0.04154711641672383,0.00044426182704254604,0.19705925440885255,0.02417894745129154,0.1011264125944726,0.06314494260036288,0.07142012078229187,0.17346823425836244,0.00047021937729754555,0.004504269267249949,0.09066203026157138,0.07072222196360223,0.027673475058390046
spot_0463,0.06413986637960392,0.003255016462695313,0.00461800950200146,0.020623960884578074,0.02805109405796754,0.08882810076954642,0.05336443274988708,0.059109143757821336,0.10058772936919506,0.16288059062931,0.1473702889127249,0.06933195521037527,0.014308315260192318,0.059249403302798244,0.06523069988814656,0.05905139286315646
spot_0464,0.0764256894468364,0.1274996560956186,0.16734175627797082,0.04570504745068309,0.016658824127521777,0.0812866860352285,0.05040845933718428,0.04774861173019538,0.019820497973454816,0.1422212872566144,0.02083701824932345,0.03987064031749058,0.06811017415783706,0.07010368590711605,0.015973249905952377,0.009988715730972368
spot_0465,0.08271667899527946,0.020221384164029348,0.264915236518866,0.03723472513126226,0.01031217825851272,0.0021838563425148234,0.009287613557864359,0.005321916652750422,0.178233134836089,0.1433288544947564,0.0327572137994893,0.032795546871397185,0.01186683590309776,0.00263589252452012,0.0039413321916123446,0.16224759975795847
spot_0466,0.0011253978480041263,0.009730984048732048,0.009226292137844845,0.16249419613907698,0.0010551071078379586,0.04809849361194763,0.061314724985882654,0.230806503167109,0.14164840379748758,0.054443362936474615,0.10455777969903429,0.0007639435975390628,0.011434145764239482,0.05686048631265791,0.07401527001189452,0.03242490883423729
spot_0467,0.0011477885730858013,0.04584434027940162,0.06363199799756211,0.2556907331397293,0.0012611335687117847,0.0025099486703123366,0.00616614268357238,0.0022815999170676133,0.188882334464791,0.09814088521526171,0.10512468806528885,0.0011558327016241664,0.07536299676446588,0.0026458675191829155,0.004054807305984689,0.14609890313395787
spot_0468,0.013859355635516149,0.023525695438756926,0.020577535812892463,0.33527045621280177,0.006567399376288452,0.017079779330651565,0.028858684822183612,0.05878772204849211,0.12258392445830756,0.06317221454853907,0.059326452832745846,0.15538364120439052,0.0382387749678889,0.01702864782953236,0.004148453630144552,0.035591261850868174
spot_0469,0.20817396166778027,0.0049047074756752435,0.0046786379171460946,0.04309637592709794,0.18649908125544115,0.11212066269334033,0.105880114653138,0.17795190876148256,0.002166439175304066,0.0019509555171332068,0.005387856730567702,0.018117970175151158,0.022300164285517184,0.07694317645827776,0.02528373400406481,0.004544253302882518
spot_0470,0.006639123408334168,0.02211130591367911,0.17228871713847987,0.18204981687629068,0.12021395025258863,0.008011661245766181,0.03761987030433654,0.006954555426376898,0.14192567077166926,0.06149941908158495,0.09565770708972732,0.013897772951025244,0.01598130548650027,0.01142936582397145,0.035362651225424126,0.06835710700424534
spot_0471,0.010138560046359843,0.2669605695913473,0.14635497174563816,0.1716527523007074,0.036520410125045755,0.14611241131312883,0.008817301944019286,0.014309441295962856,0.02453637429754144,0.012562816751406771,0.054617701241836694,0.011607690345041067,0.020627113875658073,0.038396956604177454,0.0033760287295867383,0.03340889979254239
spot_0472,0.06613670778597645,0.07975663630807793,0.23487130038060355,0.047615239787438146,0.0634802671310186,0.15282538255740186,0.0063671362855633185,0.012942647965652986,0.031181545817752346,0.05275415532479945,0.017264075364054703,0.17622419307917397,0.018060308346320355,0.007779017833580569,0.008203354858027288,0.024538031174558453
spot_0473,0.16289773010717717,0.006688098687323853,0.004188896320230398,0.20757082639805902,0.026655121547525612,0.033007089851301165,0.014292914418506133,0.06238591810539635,0.0010473866174756593,0.0009729286204063547,0.15141206888037392,0.057541969714128303,0.17111227061538892,0.06105680196528437,0.038250974885521184,0.000919003265901597
spot_0474,0.03434130736216661,0.015121988650044025,0.02681988811694381,0.16830803656409213,0.052111454935971864,0.014653707349777981,0.04098388454433408,0.07559381756650782,0.1379707407450612,0.1304626908465257,0.05059167811173879,0.12447372997117795,0.028888208517159425,0.007730808467936825,0.01879342272353877,0.07315463552702298
spot_0475,0.19328017801211111,0.024762105215967972,0.15801211969368228,0.008185013362195974,0.11721249270288384,0.044327855102836114,0.08685119007425142,0.11430602983014479,0.03050077956892366,0.08906400535931142,0.006208484085443088,0.006339468215912688,0.022254010988485777,0.03585046754513438,0.030631913632141884,0.032213886610573624
spot_0476,0.08763647447484738,0.021829964793820964,0.10607849714725712,0.2307312507578174,0.0027847064436569923,0.004992310243069546,0.1998724751205172,0.08235575506098082,0.03884779912453686,0.01679616421535175,0.06346292623800892,0.008628090885893766,0.06695856352573745,0.017144308017677988,0.01268819455680896,0.03919251939401688
spot_0477,0.17827753820292697,0.02091973516860951,0.06263701655544225,0.3521565879796992,0.01710957720337909,0.003497895516500932,0.06808401106343637,0.016768336946103277,0.044363343668483685,0.015152704610638904,0.06352281584349874,0.007953380055639834,0.04250318634423829,0.013085523856248954,0.018609151216649713,0.07535919576850432
spot_0478,0.001272846903264823,0.15236936438415935,0.23302186502703479,0.216183166408347,0.0015245613519877762,0.002513725871358964,0.014438350966458836,0.002125467205637233,0.1464483423725026,0.03762112378356928,0.038711050889682436,0.07823599832722403,0.06126625417656971,0.0016086608296204282,0.005583941317777704,0.007075280184805045
spot_0479,0.006421728581312456,0.01682262935890125,0.14372786444570546,0.02674737431658669,0.03020924212344327,0.08932330408861093,0.14190731203795312,0.09394947218675159,0.10460757438494073,0.014748145759732009,0.01689153350873064,0.18045230883841198,0.061036608365045944,0.03831625493760336,0.01745275738089856,0.01738588968537202
spot_0480,0.02562646527318018,0.06062031624147768,0.030621831718196508,0.1278423686327253,0.10121150698149221,0.03533719907200094,0.04455103384884016,0.054889773431494863,0.11518225543232823,0.13718640999523943,0.03848084818788453,0.0560800934022093,0.010350922971057098,0.017465126051878346,0.07701645827456734,0.06753739048542788
spot_0481,0.08972042291688447,0.005152965149477905,0.005787862216272274,0.0442666210307691,0.010667985878265009,0.10591385002926916,0.07505874085039596,0.08445106570423454,0.10606642811402982,0.09640251067642674,0.050453656379662544,0.08268190245172177,0.0129844039953576,0.06089891972212194,0.09920862405467527,0.0702840408304359
spot_0482,0.05920842055394071,0.0653310288241714,0.2865125943362328,0.06582795018537485,0.01204556351619731,0.011570097557232092,0.08020717626684173,0.005852733464393802,0.12592647571356436,0.06363644465884466,0.01398841925585576,0.1026814946070494,0.03359316418040822,0.005349009557086751,0.030756737158171055,0.03751269016463517
spot_0483,0.03747611497046171,0.09656872382664207,0.025362574142940523,0.13572154640471273,0.10323134534885078,0.003357058927524471,0.12640934058494463,0.014475646131467342,0.12558228394051965,0.12014407084345445,0.016708099675236253,0.04809303949674058,0.05445629317551399,0.039251788996693356,0.03246831401358543,0.020693759520712028
spot_0484,0.10198493915587963,0.03922786592468171,0.17907683251433082,0.06132819380451768,0.01852689640540329,0.04101658867399306,0.016966219142163144,0.026454913524036103,0.08079403635779316,0.09405089897980154,0.05555898599780473,0.011055281517586248,0.006154829512035781,0.048264780469154105,0.09668395332492874,0.12285478469589024
spot_0485,0.06658948640948517,0.027125433049383342,0.01722514082360849,0.17390430857647182,0.014740122625085601,0.061246843847288665,0.05553100944906023,0.040630386559186264,0.12075981982393587,0.03375712938608299,0.17174421333541745,0.02163077265634872,0.05137546887642837,0.03682097160105892,0.0346229585776679,0.07229593440349016
spot_0486,0.07097055782603613,0.11839989205820933,0.19668614399153883,0.15658073620022495,0.005376268842902102,0.01410115327981093,0.023822173494278155,0.009821242926683184,0.021419496568247202,0.0540162491126414,0.10493837616081252,0.00530166585142853,0.06887702882120489,0.036925137343208,0.08573396209088868,0.027029915431885192
spot_0487,0.001027857770272594,0.020233184793644183,0.2471880978052651,0.0628907951705932,0.0010663260661992404,0.07770403291868258,0.13694089529315426,0.2459289535721446,0.001533315061594042,0.0013950714522052627,0.03458539551275939,0.0009431479690702,0.07002030638061,0.08954330658855268,0.007531113576246839,0.0014682000690058625
spot_0488,0.0068355338120633736,0.011164442652470633,0.020369824757162317,0.22658463420237468,0.11099823934416023,0.04788974133017081,0.03800857692612499,0.03667529742099385,0.012647320458341127,0.12114411472289931,0.14605972220017524,0.010334078676157368,0.09099242990492461,0.05458602252953046,0.027776829932066018,0.03793319113038501
spot_0489,0.0005864968014045431,0.23967979584821522,0.16088044371912913,0.05611429481104124,0.0007337214755050834,0.12859541515636805,0.017246142182308525,0.0109459003011518,0.15983991065597558,0.03877009732415167,0.09185311958239402,0.0005412143991808247,0.0050867096557267915,0.009110832404450821,0.033778965239073665,0.04623694044392304
spot_0490,0.010636252904110608,0.2552841447250096,0.10263426423784805,0.01782118616425532,0.17406527877659764,0.12412530822129529,0.01632959517486691,0.02575136295727639,0.060554041493858395,0.03988567640618061,0.0145028388340769,0.04296299479986632,0.054547976672870174,0.02324200822571953,0.002723141070858708,0.03493392933530956
spot_0491,0.03819626568593791,0.03958911653868276,0.1431132572998182,0.09898342490553755,0.011801712728492961,0.0017192695397586848,0.004327728988109469,0.002027186243215499,0.120033783306975,0.09425056005136867,0.18016613605910267,0.11353827321391728,0.007335445411653972,0.0018079145154805774,0.007148688140691686,0.1359612373712571
spot_0492,0.03832598253965839,0.0076497133196467,0.12840049156200012,0.06315890298364073,0.12992191204532355,0.023189548094353134,0.09622462722691053,0.13592173503486313,0.1061670137353637,0.0062349360777008995,0.02868973883791451,0.0859902411314166,0.0532833627352585,0.02237377430991607,0.037379522535271395,0.037088497830762034
spot_0493,0.0004444864198738001,0.033767749730254884,0.01051479211541661,0.1141332379444537,0.00041822838173785035,0.1319130109525204,0.02605023923825094,0.029592870727298666,0.09508805871137585,0.20268920085393735,0.11606738236216867,0.0004873041140621869,0.047022663464985126,0.03392005055188626,0.11449800880796362,0.043392715623814124
spot_0494,0.024061903959261766,0.02681608489083869,0.009570874811588786,0.07416052976038513,0.08706164524678645,0.05644773868151109,0.039574201278722396,0.23482231276738738,0.08668359679511214,0.06614672974512101,0.01862178432460208,0.004603339892185671,0.05263014063234857,0.09650073894313976,0.04347464516082669,0.07882373311018241
spot_0495,0.05720830323982039,0.03133164876655708,0.02094789925321682,0.0831608736700777,0.13572588553847523,0.025833849322078956,0.024237901557522323,0.0041160361230443455,0.10870934223792193,0.19849271868019147,0.03443177577581121,0.12497837418036813,0.042860021179178635,0.03471194004896334,0.035745191077131325,0.03750823934964113
spot_0496,0.20854007564703778,0.11239886654755189,0.009131025021583092,0.027549182181607377,0.025080536397085042,0.033655469224696345,0.009354613960982172,0.061257392808166874,0.07368867586806382,0.05251496780019606,0.034120835789559247,0.17635525810198263,0.012654018309919095,0.02929234430428184,0.028806815134652147,0.10559992290263459
spot_0497,0.22781796673769042,0.03881344785804647,0.2914503399553149,0.032290394415501064,0.010679326779378936,0.032344719947163154,0.10902389644761269,0.0810208063449699,0.0008008061408240751,0.0008357512631983976,0.006442362016057761,0.09862121122752111,0.007392336795624328,0.03893685994998088,0.022836211044955177,0.0006935630761607642
spot_0498,0.01008092583516528,0.24308032288083462,0.05505724215805562,0.11307357921894413,0.05088991600525106,0.020775985394268934,0.03335504282731281,0.05404630707014456,0.12722284419998747,0.02827955355277075,0.0527596445828299,0.015266927317541128,0.09377204190372426,0.01964971399592011,0.014255054591998408,0.06843489846525098
spot_0499,0.11441373635714203,0.026742457636601293,0.19990777002408025,0.024016556759913116,0.061400067614017464,0.116732183043108,0.024969723843547186,0.01720269767668125,0.015842375416620726,0.1907064234277567,0.010558661008632918,0.09902224302330034,0.02433614009167556,0.029705211277899764,0.016234895613750345,0.02820885718527305
spot_0500,0.0009674112451810753,0.12567065453922438,0.18789951614101633,0.2315438834432275,0.0012207742386334695,0.1682877737896702,0.12447428716431957,0.08777156763972811,0.0009145854319096404,0.0012810294577675894,0.007323192674537164,0.0013119251768753059,0.0066811361591070555,0.013160567575418067,0.04074193123194892,0.0007497640914356606
spot_0501,0.056891276119603616,0.05060104002281364,0.04295205012982361,0.32003763930780593,0.1885193801301064,0.09350267694122631,0.011410222640962744,0.010178759507040768,0.04887578223957902,0.009082507356588174,0.006144210511716657,0.07961875987113286,0.05201232231196845,0.012688796480514271,0.009895744723772498,0.007588831705345044
spot_0502,0.06742676924529357,0.09795025191842306,0.02275115166805421,0.016177096540637096,0.13102712153636722,0.10602981690978447,0.015151798473492647,0.029747389728048825,0.12043713344714284,0.03136426886725537,0.051191010529010914,0.03724061356863138,0.056793002773194726,0.06596955278750873,0.0202620526529739,0.13048096935418105
spot_0503,0.11542678159549496,0.002022006278812817,0.0021684174895535047,0.013198818222959248,0.007081940488990606,0.047881199542020025,0.09008659408062948,0.15171704140323922,0.093734866748745,0.0926196803516611,0.06613794154132543,0.05301910454491527,0.02660038864105106,0.06713254409338734,0.09961906763467408,0.07155360734254088
spot_0504,0.0042177599625861754,0.04533774825784485,0.18379339137643816,0.1109256931844306,0.0068731944529711935,0.049044395639096454,0.07494468601430135,0.05908012409649639,0.006759756012224496,0.003208891737616356,0.13301420595132554,0.061004782641208635,0.14653272249892715,0.044470059805766446,0.06835096225626183,0.0024416261125043913
spot_0505,0.004191315131894013,0.04174561518911742,0.19545537677405717,0.04106693821519165,0.011604050000022448,0.1047828410609523,0.04065626542856906,0.19303483216722375,0.09425750291450884,0.05195658025763328,0.02158613144100824,0.028714386611549677,0.012708661364278768,0.049970684422167136,0.06572285107677737,0.04254596794504888
spot_0506,0.023625164316018847,0.1228083709835134,0.12223805693615442,0.0395419055509451,0.07825991733821014,0.020814854338898577,0.0768527462837937,0.04578828007619441,0.07330065281139354,0.0486561573590811,0.06458256953060537,0.11541102797979276,0.04986047562624014,0.020721955672110312,0.06996532976095733,0.02757253543609088
spot_0507,0.029801881066003413,0.01424997647698046,0.02577720514798933,0.008909241179089545,0.0032025168077403905,0.1296050589642359,0.0727848056992041,0.1307336931490748,0.11001649278278998,0.1572190813318885,0.05330518929813507,0.009337403375817517,0.011554020595968818,0.09652546813413011,0.09671463361755099,0.05026333237340106
spot_0508,0.0005956277741333093,0.06485964145880094,0.054081691698765054,0.014930571542615964,0.0005246148194648999,0.11959229717194782,0.14574521481851097,0.14353968894537378,0.05645003685563578,0.01950902196070188,0.06388603394310487,0.0004129016438848063,0.04480161536357358,0.1086895756787722,0.12056045230585202,0.04182101401886216
spot_0509,0.01313349339041292,0.007017039770833503,0.00440267462734219,0.05852855279903435,0.11472085711309665,0.11982242082395259,0.06841406839039418,0.13461618468293393,0.18560840498129955,0.06313151850247523,0.024955961014355918,0.1111119986406402,0.04053032315463873,0.029505990550431065,0.008035551369158315,0.016464960189000667
spot_0510,0.006984508062659245,0.025031549585057083,0.029365127498873055,0.07288015730752476,0.06796484838395489,0.06601303542338015,0.20488399512683947,0.06657942138245122,0.20126120162107178,0.01763081013591448,0.07280192383903004,0.004432325528853586,0.023710959227818094,0.06784921118146037,0.04293780407256988,0.029673121622541935
spot_0511,0.012772041820055525,0.008799874783783766,0.009593261557727318,0.2685105165858185,0.0767541385226251,0.20250717384236025,0.02361251272177793,0.112612839156929,0.0012070298824880458,0.001702615511659421,0.06580250854788473,0.10149962642496162,0.012296547056140313,0.08012950943642493,0.020319642167755576,0.0018801619816080177
spot_0512,0.011501738499284733,0.01387431070883701,0.09919300798354563,0.015696230318609977,0.05712881786092936,0.10042873785564489,0.09452440696255322,0.031759806054872455,0.08074387208793368,0.014702360791389391,0.12290887301539082,0.1289156097389209,0.01827255813296509,0.007374551411005273,0.14857092863001392,0.05440418994810362
spot_0513,0.05914355745681524,0.003810358567994399,0.004742910014044907,0.020557718540066248,0.014699208368102049,0.07096711538291899,0.1883122649396708,0.1787668350344136,0.047945139834727486,0.048568689135945455,0.06557675205299475,0.020889190447217897,0.05962868951460527,0.09550098375138903,0.09963835213997745,0.021252234819116467
spot_0514,0.0023287561866773094,0.21697021220558027,0.030044267170861796,0.029452452840968465,0.001266556349347483,0.002189001605729589,0.005824618132374776,0.003619278148131408,0.2040062561453873,0.20552991287257769,0.008962371340407898,0.0016876179289013354,0.0947737219462354,0.0034176621681428084,0.004056478207091916,0.18587083675158453
spot_0515,0.08463504849208267,0.10971190936200285,0.1175086375340848,0.0625706374586992,0.009642528795123381,0.07612904789684788,0.06931840602010961,0.044911230124212644,0.06809702763808521,0.03300022753462258,0.17768050887716755,0.0028607404617700042,0.021349311975606747,0.053853123824929294,0.04751083646664065,0.021220777538014917
spot_0516,0.03348211447147895,0.053336709038865907,0.10640741449902777,0.20404530719020636,0.045642396780040895,0.017006128117045334,0.020403086542404095,0.04861213681558472,0.09395396433730778,0.04015725639177527,0.10832155598706254,0.08093365766101625,0.0331068491892722,0.01718457275751192,0.011854480775438943,0.08555236944596106
spot_0517,0.05616931649362867,0.02140999975048387,0.09169234738333966,0.12991366526519427,0.14532971812057185,0.040748343426442256,0.06405198366791504,0.02860532612643846,0.001254286073705689,0.0012769402616057562,0.2004199197195399,0.007787755277084245,0.061270451689521055,0.0620527891650045,0.08625146769489245,0.001765689884632338
spot_0518,0.20702846130565228,0.09334596958352168,0.08519880551069378,0.029513389580239854,0.14980594445794468,0.0043129755654282695,0.018272291187476163,0.013107753598239189,0.08750405675113794,0.14767292570764937,0.011984174906485555,0.020451482017534935,0.003379178448932573,0.00966247132312118,0.031338510566079794,0.08742160948986273
spot_0519,0.009291602975655481,0.05053723851163592,0.04230405882761915,0.04697981034470961,0.10794023043327268,0.013827516329505041,0.10739537669786282,0.02264973186576447,0.16937817223285492,0.06477011771582834,0.04868410620029102,0.11378614963478412,0.004409256129758249,0.015438744351016246,0.08632928425045043,0.09627860349899148
spot_0520,0.04330610959448988,0.20189426670325947,0.17463366687657395,0.035537826569587386,0.008143947431663762,0.11453382835587662,0.01833702603690061,0.05671933592722156,0.014982525992807937,0.05877869472795355,0.027593130051960745,0.07070113781496275,0.024102951095278897,0.03815181978035915,0.1013899025943248,0.01119383044677893
spot_0521,0.09619279143083496,0.09982750772784654,0.0193861843016567,0.03444023084579255,0.004235486706711066,0.19173301680691296,0.11228060989823446,0.08039645300188651,0.04917507811245387,0.12406391139219093,0.009318224110857672,0.0019623384793582164,0.04321297367385132,0.041390796239191785,0.02944202368740804,0.06294237358481242
spot_0522,0.08821806301782341,0.07485641754996551,0.20367337531364707,0.032641622604500965,0.02427730129892524,0.059578299752483015,0.11216921891276423,0.2063102243244186,0.002153982928547214,0.0018307477992116608,0.023480476225084583,0.021901047539163398,0.04556414919044192,0.05632603501979824,0.045083365925578295,0.0019356725976466536
spot_0523,0.0009795821333333646,0.2003378255329689,0.050345294738229796,0.19599694826558034,0.0009311768763311908,0.0824833318765328,0.07970764215157713,0.040817249752588984,0.0717231317434514,0.0073157710630372234,0.06686844256136883,0.0019469365578246762,0.055452665975375307,0.04407766797395847,0.08312574397974526,0.01789058881809635
spot_0524,0.08460494880703226,0.017419399371299167,0.16224766738914578,0.029088687150782534,0.07437609251364052,0.050498004866412545,0.05526068001644765,0.05034901832370413,0.05668369232670192,0.0884278684796482,0.006053372431237825,0.10240063108288149,0.04347491694004068,0.028633812068447263,0.07841456007518768,0.07206664815739035
spot_0525,0.0643082700266998,0.05228588958578619,0.008167392750394974,0.1177724660229184,0.006860480112926018,0.19066073636390612,0.06558020877214439,0.07610038961702462,0.06282570434204408,0.04115383467043119,0.06486543834538944,0.08373725442912597,0.04050764075036127,0.0542414258951515,0.0453240692320215,0.02560879908367455
spot_0526,0.19167090697362396,0.005942522923797449,0.00726816718315856,0.020481868194103678,0.08279478817783566,0.21886497167711982,0.13675653956975833,0.047853977603463826,0.0021119937892152838,0.001665575694844158,0.054079761823190166,0.02630780361385108,0.010408096785716293,0.05431322691838556,0.1374570498898823,0.002022749182053874
spot_0527,0.01008750562117749,0.034201770393832306,0.04843652391583081,0.046237989455425746,0.05474753899779533,0.10883150671658182,0.11504622779995904,0.023613226805290863,0.11098190607818245,0.08351071203422142,0.1058916574611796,0.07258208816518794,0.004673437254643058,0.014362775414900107,0.12188481060990973,0.0449103232758823
spot_0528,0.005880389607069553,0.06970528726983694,0.16311165860791818,0.09955077271582083,0.0047551939428733415,0.12097063482509196,0.11219077133799213,0.1097207457245766,0.05747136871890141,0.023804668516855917,0.035112681039306926,0.0021443140873632165,0.025670443218319468,0.06051877135298647,0.07127576437912937,0.03811653465595767
spot_0529,0.04518871289031573,0.06052735564634326,0.154840882453961,0.2188462911213791,0.006246147956335747,0.17111502374773643,0.06272347673082983,0.11396140008441583,0.04125474502822562,0.006195278929534821,0.004993118085432939,0.0175958094550642,0.010602272861227894,0.06271427629788638,0.008719075009989008,0.014476133701322209
spot_0530,0.008646258954588797,0.009271855334000146,0.06432617207162175,0.11885846594080371,0.1126370025914599,0.12868331824249277,0.13256965346055016,0.03732479319469482,0.0017378882656383227,0.0017407289328630821,0.15503707998391758,0.053362681361111705,0.0859993940945312,0.04390324231774324,0.042075533310143874,0.0038259319438389617
spot_0531,0.055066687581423204,0.04936585274394538,0.04978980183360991,0.07462705757914018,0.01922381709066939,0.14241598046733792,0.07270266719707398,0.07395176568466183,0.09565964171773614,0.06106527333980127,0.01243971639949088,0.07314087660455655,0.008737940134585663,0.0901453837614305,0.04206030321361972,0.0796072346509175
spot_0532,0.1439699915907783,0.09448690600010544,0.026809572112541848,0.14352622233304574,0.09993366673840459,0.08511996522071902,0.011329430956239048,0.029086074084506842,0.004397072246151796,0.001860824477843289,0.05530160186580237,0.09737281059420459,0.13749886310622847,0.011080230155193823,0.05620654433689285,0.002020224181341938
spot_0533,0.07069591184728645,0.013646569668420346,0.17708064816157823,0.05083898057287826,0.08591086658330072,0.117740498407764,0.12889528711306583,0.1040697037637573,0.001064827994830843,0.0008906799901998335,0.056269707003126765,0.012058580574340366,0.012918838914838046,0.04675312633026445,0.12035596844520127,0.0008098046291472864
spot_0534,0.0003712815977161506,0.006412795139302711,0.005474700289264997,0.06778935173084853,0.0003304426494278781,0.04786363807719718,0.10084418313250539,0.25760993622546896,0.07871985067722505,0.024076714485734695,0.13492126242718225,0.0003475165160768796,0.027480344187142406,0.09146161058008055,0.13879569814955783,0.01750067413526858
spot_0535,0.007011296028237275,0.1370869190816703,0.017004783456257857,0.12107210264390064,0.005353497422027134,0.09602523834091872,0.03235118314856648,0.030315527059525015,0.09520740725581273,0.1330200727949434,0.0725444755819136,0.1216348943538592,0.015819831923293663,0.03930856847239284,0.04962900770763983,0.02661519472904131
spot_0536,0.08763528176039874,0.08644211383942899,0.07299521841801489,0.1335742085639649,0.006169443675793632,0.0377918885880884,0.04095889546104339,0.08169340962660296,0.14316208355993484,0.10902305980305113,0.08651208735339291,0.003979503991891142,0.010619485628621046,0.01807652904635717,0.027764173657520073,0.05360261702589577
spot_0537,0.22351482191302044,0.11762437945577311,0.10187778819746555,0.013086046497783497,0.00752972463031071,0.05716626535530047,0.1215171234479292,0.011444357537949597,0.004341732041562075,0.08070878788965093,0.014974227240421441,0.030582880253769748,0.021486281789625885,0.045517266196247935,0.1297485987851561,0.018879718768033293
spot_0538,0.0020628902117216233,0.03650854221196682,0.08493634947651807,0.09551035742346152,0.004551510480642489,0.046608707096682425,0.050955224119994195,0.2200053738914173,0.1015496315925133,0.012619127528461295,0.0494428286712152,0.164422401791264,0.01316111951014779,0.04260636407007743,0.06093936915090402,0.01412020277301252
spot_0539,0.008990592379085427,0.011056623917233376,0.09150867997866893,0.1901306127940269,0.06282125985811299,0.01035444441850945,0.07479818335452962,0.0673293376641845,0.06386855073281772,0.06538482258313473,0.10926075191404404,0.016474121192971224,0.0316384331192645,0.011782794206514938,0.09635648487025089,0.08824430701665076
spot_0540,0.06877698831254606,0.00846333946823288,0.02094963636917526,0.059874803510893325,0.03476235557835311,0.11001877635146795,0.13049595239313844,0.03944952463622401,0.0875070390634761,0.017045802521713355,0.08211404616286919,0.051395278604777155,0.012496906118414612,0.07751709859008712,0.12428201989859498,0.07485043242003647
spot_0541,0.0010394862992020003,0.05453090558724819,0.05522963173709907,0.04699953098024855,0.001227088319705337,0.008366783512189592,0.07455645527566103,0.18007138125467387,0.038311838391383225,0.2276854300938118,0.01956334304124753,0.0010555776083454762,0.21422389902237254,0.04504379760612244,0.0097083216182517,0.022386529652437634
spot_0542,0.10044202313370379,0.005922144498774949,0.013341432253159037,0.03332834008018813,0.022383703029302524,0.008167727018496914,0.02239698111309502,0.01673572986287232,0.15556588852492328,0.27688777222510974,0.028918562667083467,0.1737705328800786,0.010469812389408004,0.016046938090382802,0.00583652003099356,0.10978589220242785
spot_0543,0.10354827140954107,0.01914689674407358,0.1636579338874762,0.00920509091966363,0.07402692345967836,0.15796951828103253,0.036035265176271127,0.01994713002301924,0.020938652809940023,0.07275218781331863,0.10316826989551502,0.06378987742700329,0.006423887659313969,0.01343421184684787,0.06799128663195031,0.06796459601535514
spot_0544,0.04697732265020406,0.011996055353808387,0.058259291831304266,0.052129660060170724,0.008597655557076384,0.05126705644221517,0.06548852398755235,0.044335128884321236,0.15794006863770796,0.23523272199133602,0.043637422055492314,0.06139741056311062,0.06128206213656298,0.04960735792809303,0.028987707467200016,0.02286455445384446
spot_0545,0.11153461583024228,0.00296420346311416,0.0032466580716162072,0.02527095169235199,0.11146414630436298,0.03713307549933105,0.12677862325258438,0.2407578645649383,0.07236417018739916,0.014721212848957398,0.04116836604657292,0.019751334142490785,0.04468885520477588,0.0646854170054047,0.06896382008653568,0.014506685799322131
spot_0546,0.11285427668503702,0.07287828646422716,0.14277702625886782,0.05089231346059411,0.054096365441820365,0.059565297043350014,0.11583856111659574,0.13669951695988639,0.004619299781813889,0.06321220804782465,0.013026063393015463,0.020701007220105802,0.011941900066517804,0.03275406796321422,0.10043517935453368,0.007708630742595876
spot_0547,0.16210854654684217,0.02454118897440844,0.07009762968285621,0.040172725117453754,0.07544924669046613,0.042602911012246655,0.07014214336150734,0.04046574980365651,0.02993326028974903,0.013996002774256612,0.17651522048719895,0.00792304447577539,0.03151737124283928,0.045464106748184185,0.07519618283077638,0.09387466996178295
spot_0548,0.025189685649985364,0.03404884459464775,0.00721681737236897,0.04293793281750915,0.10261314902667083,0.20749470736167364,0.11618259922330072,0.12748512841007012,0.07759904724081625,0.060094764854525744,0.031923537541384654,0.006782325553748752,0.024817440988958238,0.061833030125420026,0.020808325196175783,0.05297266404274399
spot_0549,0.027343263854010983,0.0054525994772875635,0.01033020806863661,0.06384908263874528,0.045174148392285104,0.1759464358753629,0.15532037313945452,0.11763913497075155,0.01017094428236082,0.009387572293735647,0.12382281218739134,0.030064767922795207,0.03979680818789939,0.09605375220969413,0.07848932248664812,0.011158774012940803
spot_0550,0.02962687330299989,0.024292354234489687,0.09534560771426319,0.016249183416073863,0.04267378451121435,0.10212029733413253,0.08799393205081617,0.008181166580372138,0.15773706662879078,0.14489685598137383,0.007425605006251043,0.11791673314297665,0.010983127833762178,0.04729251517207003,0.004449432307186014,0.10281546478322767
spot_0551,0.00498631517800283,0.0969541215706448,0.015466535208135939,0.06990906605072535,0.010308759039578437,0.10974935145929805,0.042001787134654245,0.047037214375230306,0.1077422395149234,0.11550439962517103,0.11652773652824294,0.09645348233154255,0.01714778158613432,0.0550385465396777,0.04665120793368804,0.048521455924350074
spot_0552,0.00046139307709024607,0.11316101227713529,0.056049758140098445,0.13949554711197162,0.0004398963974867373,0.1543446984306542,0.029132847452708853,0.08583038363774341,0.014230121640941807,0.06351685802931836,0.15734083347324024,0.0006925221597358873,0.06242631336143908,0.018924440828199614,0.09622825905993235,0.0077251149223038435
spot_0553,0.002963756037912405,0.014413351582789804,0.009093947121346197,0.08779603196610297,0.010573314877994596,0.03955704775730074,0.026665295261899487,0.05946954321784092,0.1585243750768181,0.26077577578433925,0.08147581934031384,0.06603282946965232,0.01952050295718423,0.030064526335909343,0.057748873816373794,0.07532500939622203
spot_0554,0.063368142029464,0.03573044684051203,0.06043321823865652,0.031206948290632804,0.0676468521793357,0.012516793571634958,0.11978454133372514,0.10124307295645332,0.0372945350605664,0.036749382359224175,0.04675263398389633,0.17882651060901758,0.05140208844551091,0.054091120310596805,0.08164985291871993,0.021303860872053385
spot_0555,0.25595849099282614,0.05498031646731802,0.05063994976325414,0.06659876819554304,0.019901465330975296,0.012403083784075659,0.10069068698324266,0.07735850569346578,0.026622204927209125,0.05787523740546336,0.06960217967142139,0.08046624443344964,0.020274587016447663,0.009942384922573815,0.07672562563067334,0.01996026878206095
spot_0556,0.1542030168274973,0.1886401590868815,0.07245561058141928,0.009281660879754922,0.024821153617279643,0.13474717662950336,0.00883962014288953,0.06871879683465007,0.04578026281751571,0.14802738530633394,0.004448201523227456,0.07281161331877459,0.014201289709181967,0.040626188599840955,0.0033301761868942286,0.009067687938355551
spot_0557,0.08871630875585518,0.004637220676637062,0.003038867798979179,0.144776352535659,0.020750864274841133,0.0015672815262986607,0.0028880980246409017,0.0017143027849861367,0.1654037415198359,0.08900484443578265,0.20102771505041625,0.1397928151295536,0.05041990973832455,0.0013989108883217282,0.008551747600316276,0.07631101925955183
spot_0558,0.07625624071077836,0.19332329128397824,0.10346072114550808,0.11525275785241666,0.09728184647426334,0.010708555244187535,0.03282562268350707,0.02255459524719962,0.06380014739367494,0.09573391165314829,0.04619111107273986,0.027952522770929487,0.004034241653925926,0.024964933436081173,0.04756106968028348,0.038098431697377935
spot_0559,0.04418900896287597,0.05493167564064853,0.009784206360958043,0.08560290131740388,0.038967442823816735,0.004263163079866532,0.05442314051086918,0.060789359383477494,0.07027925428093923,0.0713400818561416,0.11816897117090921,0.26607109662036604,0.008057853667418399,0.016786894711448376,0.07274438020684092,0.02360056940601985
spot_0560,0.016370697193121824,0.012012271453282167,0.10219879289975449,0.14907615409508373,0.04087515253793498,0.0171107942675552,0.139829110730954,0.07952114900443401,0.05711057900773774,0.05066000406449099,0.16136821668723345,0.005554314141405991,0.02537837069196177,0.01197003896273817,0.10010907840815934,0.03085527585415218
spot_0561,0.004951138432781683,0.023954230793296123,0.19426989092375824,0.02798314291381106,0.17629603575695196,0.011233886829588964,0.13302031861982858,0.08907068936556078,0.148102978627652,0.01402603598953835,0.004816532745660744,0.10581262578508552,0.018562714126487717,0.013108486870616744,0.019195437729581984,0.01559585448979953
spot_0562,0.039435728766828514,0.010783338769143511,0.08838837540542203,0.023112136686792017,0.11063531836105846,0.08504849358510357,0.17563606132684914,0.08429893082504637,0.004751554379282563,0.0032277591478376607,0.07495195887442653,0.09013596089542811,0.04719018282363257,0.04505954089244858,0.11428732944528802,0.0030573298154123693
spot_0563,0.03412487286955694,0.03407584079373874,0.01283172271993376,0.19314756920854415,0.08715474687331193,0.014162733859521453,0.0338167145202261,0.09138364735940777,0.10256888676806147,0.06654028338826186,0.1580486756179276,0.030897924893363897,0.016457377721966548,0.031442265546800456,0.05582422823562458,0.03752250962375274
spot_0564,0.05707139227406274,0.014240176624167393,0.04089559508660411,0.06176916693303624,0.13671172698589162,0.04218820774115205,0.031927651608002774,0.051311267824538695,0.051570004922579654,0.13126579274594657,0.0537985123757669,0.17447345522184804,0.033442480859121576,0.015539008602544655,0.022714682752837986,0.08108087744189899
spot_0565,0.176939249805625,0.015443238943790788,0.12269668136328823,0.0037059738195819258,0.20216904113964798,0.002007681550456213,0.0024604534727022532,0.001816132526050985,0.011074989030392135,0.156564809739622,0.0051299645882006365,0.28424890081698245,0.0038977583034880223,0.0014215631905456101,0.0035607604106907055,0.0068628012989350945
spot_0566,0.0004837866027903857,0.13035037624077486,0.2072932475760986,0.05743121132760742,0.0007992394287280293,0.06392813269718653,0.020726206537515047,0.047921767628446674,0.0945299717356024,0.1809243893594252,0.06176210717786765,0.0006267391007920137,0.0062286165482049885,0.015848219582726277,0.054083242794830774,0.057062745661403125
spot_0567,0.000729492581801749,0.03801102884346981,0.10527223450769099,0.11805201451824418,0.0007446397170737816,0.05493215146535836,0.14678934440746305,0.029554249806505593,0.08350555755570564,0.09202329204999486,0.13359802980835755,0.0009440903129152157,0.011321789170449606,0.03889582687157715,0.06944443138119868,0.07618182700219375
spot_0568,0.0007438095387244929,0.04677308169588532,0.16519882333120897,0.04766407493264542,0.0005604143592912956,0.10448565179354047,0.2656304244837598,0.041605584563150014,0.013628631504315265,0.08072896177627581,0.020672545667379874,0.0005592888229168239,0.012472485825010909,0.0557321809566412,0.11581601508758133,0.02772802566167299
spot_0569,0.02777137604446018,0.01250879822124635,0.22180870398003383,0.05204353708585037,0.10812518495983546,0.09153857500786598,0.13393010538129646,0.08967660705947411,0.0012785322748164062,0.0011095316996483687,0.0346542663309651,0.028663162058739197,0.028038914563492934,0.09772474606499891,0.06996573117788692,0.0011622280893894025
spot_0570,0.12950480680219154,0.025481537365965024,0.034260353765718544,0.18690644291354738,0.04745441219827084,0.0071163395139896765,0.09620227104925941,0.06005496669430546,0.07008130820298325,0.006324306947689364,0.18187334594508495,0.02204299604262835,0.03039355468873412,0.006791663854543371,0.08958258485566821,0.005929109159420529
spot_0571,0.06178256809985668,0.1260750842532745,0.017027814338614958,0.16457064917193354,0.013257546434826468,0.09115285789782834,0.03399504686235407,0.13914846730571834,0.059676486259569936,0.052746466398051015,0.009697777978475852,0.0923898189944153,0.049611871348839216,0.06494186031990883,0.0040366902032993,0.019888994133033692
spot_0572,0.04757284432430396,0.10144415005972465,0.04213297945271214,0.035493686022983806,0.0037348704280331236,0.03770118245475422,0.05431656896254448,0.009318343656305675,0.10131050982651411,0.037349183718143,0.18102138478334126,0.048031266671394096,0.07015249384200019,0.02261786553784885,0.07366066065277486,0.13414200960662157
spot_0573,0.08589210084043417,0.0723180998939812,0.22966512977212003,0.20539499854701473,0.029109015029709803,0.006216742377443362,0.048479935662303034,0.017287968878254387,0.02309487504902319,0.04442051956986636,0.11320010577779252,0.026046161948461655,0.01386523284606196,0.006449626584967661,0.06899542058717052,0.009564066635395418
spot_0574,0.2608945838355297,0.07409864653272384,0.03181958350612531,0.024609755533405907,0.03516408445651712,0.10848469494541196,0.06306774262516006,0.018643598526425886,0.11181266169026954,0.07818080865185303,0.004775990113296773,0.10887113817501426,0.03653818772540507,0.034342077803670296,0.0022890226205693007,0.006407423258621908
spot_0575,0.017707952523803572,0.02407738025592317,0.04768303953879657,0.027623178380637832,0.09187668558628805,0.08545924002323747,0.14925588537244394,0.20341396186656158,0.05239042827992805,0.0070319722527135125,0.043391598582586045,0.013482289356836354,0.04951819865799998,0.07781421109443122,0.09667168400136879,0.012602294226443836
spot_0576,0.18539154380710154,0.020236428982939543,0.014067866593384739,0.06889260185893578,0.19321329701297854,0.04238657656991566,0.07280497082649948,0.11861748032225074,0.01747322026830957,0.04223941445265634,0.00979671072210267,0.06799677154037796,0.07355945052012668,0.05144240308169658,0.0031601457479562816,0.018721117692767915
spot_0577,0.17075302845106563,0.06330416428561565,0.17121586849805945,0.05100284391321475,0.006565321669692859,0.08364023501961446,0.01362956688834441,0.005244474901782537,0.0902825935624798,0.13780845383997822,0.09636998436973655,0.007666728677724131,0.04379875242040895,0.015787439091811774,0.009444104752248475,0.033486439658222344
spot_0578,0.22261993615788878,0.01483046084684833,0.07786790012355733,0.03779057696046725,0.015748576000649727,0.10487784781880309,0.13744436799519716,0.12799816418840843,0.05815057176277202,0.01805169224539446,0.007093508574003249,0.03882384027929674,0.012067282232067605,0.059465425380371056,0.05174867929062602,0.015421170143648737
spot_0579,0.16565848987267387,0.06493820715167593,0.08346558272466256,0.03772535234649502,0.14143584272105966,0.04050024969579942,0.09282348240707089,0.033709087866472275,0.07152647268981452,0.09233604968026514,0.014994926352173395,0.04788641133344974,0.004177047572635126,0.06603781739993994,0.017371521064726923,0.025413459121085606
spot_0580,0.19371577813004412,0.06953691949341056,0.1639264435120467,0.07806848673712485,0.16518890776349213,0.06149150080696073,0.15198264353820282,0.040244244562173875,0.0009157952466733822,0.0009565408917327156,0.00539733989008832,0.008099529068427282,0.009759238730630561,0.04485930058372536,0.004900075614975165,0.0009572554302914364
spot_0581,0.023495444224901213,0.011941693459931388,0.017582306138188196,0.09147998949336317,0.030660180263856827,0.1180977845487669,0.0824127476102651,0.09279601614561299,0.04171855412087817,0.10754821346195616,0.11647583112794395,0.03295128198511424,0.013652375144471868,0.0963474743979881,0.08834306201240465,0.03449704586435707
spot_0582,0.06476671964603552,0.00650502467210374,0.03485983969061875,0.04436318082192475,0.1626038453855849,0.015399639947546761,0.11717895045906003,0.0955089107271472,0.06373974666386596,0.02853626623094964,0.014165737361732853,0.23895031507372536,0.008859392552144662,0.02485299220245092,0.06075605111306102,0.018953387452047922
spot_0583,0.07784543489257188,0.0974360994842823,0.026277806747724623,0.052714893937867616,0.09929708745511097,0.0753230700369417,0.04257376633710079,0.011590447085161276,0.14350505153831628,0.06588890211039498,0.06018140670873895,0.06853342423152388,0.01229409321906333,0.01671038263628345,0.07950162302103055,0.07032651055788741
spot_0584,0.0022127057703213424,0.115859899251235,0.05388177944144558,0.06287496088948759,0.007985944101848266,0.16424360322123538,0.12792970917408975,0.11812248221116393,0.03533139838813986,0.0803356836934884,0.013550261817919417,0.062122016064734234,0.06147911526841634,0.04962042768247267,0.03168968289578505,0.012760330128217229
spot_0585,0.10065894271309793,0.007204609880546974,0.007578906945104092,0.017229999693873482,0.05102784192042026,0.09043350326224137,0.052518499651460035,0.13323710082012172,0.11028528960602305,0.08166140161400202,0.0056488696556833765,0.13229420095316644,0.03424986259886787,0.0764262423286351,0.015632008964942757,0.08391271939181354
spot_0586,0.006328623747993763,0.04083120338975422,0.04498042681805711,0.1690124424650059,0.03982871588755449,0.10015914952419547,0.030560786135341803,0.12646314241744502,0.04927509194061601,0.059944686876250194,0.020557687572161944,0.07927324876675416,0.11941810531673282,0.08328178553146184,0.02273366128512798,0.007351242325547284
spot_0587,0.0959962828659112,0.0636392769615813,0.0795651415839627,0.038220334435727026,0.027576813952265047,0.015458717210075051,0.07294688013368589,0.03409202015679438,0.0223100817061551,0.14210996517630667,0.09646522182406579,0.1699229490579456,0.017682819290803623,0.007582856016551145,0.11124734514841521,0.005183294479754279
spot_0588,0.12253160106706351,0.10474170044595357,0.06552888625864771,0.1916606673270757,0.06446175354870642,0.017280521121810298,0.009478376926572444,0.09615228740121626,0.06110925229431081,0.06165750041546738,0.06811629879641909,0.007141431311259665,0.03828870521622119,0.044496627455975324,0.013372410581186829,0.033981979832113776
spot_0589,0.1621942708237296,0.09748876892676087,0.10098269144407675,0.07631983147910652,0.042024234322819855,0.1788824685749286,0.04058029411663913,0.014765792401477788,0.006649929291304981,0.00744289992468714,0.013623505502227738,0.1377097067323245,0.10292301359971102,0.010041825919808277,0.00514465131370815,0.003226115626689078
spot_0590,0.06855201979702454,0.08753232559651279,0.1589709926602028,0.013571526333914915,0.04685980704630017,0.22558894522542952,0.07417311829900705,0.08143775584973328,0.06297463585896877,0.012132393266073944,0.009988231646354939,0.051809141314601126,0.01177141714377385,0.059677179017044404,0.006925278407073724,0.028035232537984175
spot_0591,0.08944372413472103,0.132884702938334,0.07647582705512665,0.09370332405555618,0.008813896734162252,0.02524281163175715,0.08062932486560785,0.04929564822581162,0.10530015052308084,0.0379388740399438,0.09665819075044914,0.005423429971208733,0.011017332967649625,0.006246122661260823,0.1072629674768564,0.07366367196847394
spot_0592,0.08786524425944373,0.03369551891881892,0.011339145557327074,0.12903714284899548,0.040711355234556594,0.08910382561336132,0.008703756829962748,0.013764206406042204,0.15012386924681814,0.015669818109266074,0.1689222371863867,0.08618201200562553,0.04578800464724574,0.056390811554304726,0.03415784564044255,0.028545205941402505
spot_0593,0.010459538758703398,0.16874161579791042,0.01649756894186039,0.04150974817945296,0.01907398816919288,0.1502689075578838,0.01399753729098399,0.04708606371315385,0.08281354492709225,0.22340435176298215,0.06748344610049682,0.07418131321087318,0.005092733924512861,0.009508756815908532,0.03705546919440197,0.032825415654590545
spot_0594,0.0006068202596201204,0.040278417850475916,0.035672846683557156,0.3837546191967534,0.0005449987777916613,0.008677877141804008,0.09069344245512842,0.022419494670616186,0.0005791822619553382,0.0009036868851719317,0.2036371376649463,0.0007751067355555679,0.013899235074046007,0.06664141838159256,0.1300836609863142,0.0008320549746712203
spot_0595,0.00028749439602802256,0.2599387685258583,0.34984999251323506,0.0712551193008281,0.0003538035443368407,0.0006188535605327968,0.0020245292697735773,0.0007968587002456852,0.08021509279707158,0.11286618317365806,0.07567859092303592,0.00031515259220924184,0.003837840539320896,0.0007068491092390903,0.001295145398330816,0.039959725656296
spot_0596,0.0009156345202591338,0.1986191941159021,0.08476355619367197,0.1855882577728143,0.0010125186836193226,0.036542783797647034,0.11434030504592385,0.09038785373513002,0.08624440803942085,0.018971463888442387,0.053611801807285656,0.001033223450731645,0.013670490812774641,0.05837747287723625,0.041116178791412314,0.014804856467728543
spot_0597,0.1034758350467827,0.051318729152502865,0.017467318822708806,0.10830777874897961,0.0028734410298082154,0.0727195593551098,0.058935417942137316,0.060572108775846484,0.11497713141887887,0.0979029801398593,0.09807878389899695,0.00812484186261116,0.05925453694806241,0.017144145733511824,0.03791143074816787,0.09093596037603582
spot_0598,0.03693872685995727,0.0852765361445865,0.09142888809675223,0.123691798919351,0.05931099390897283,0.06204004339617381,0.039595546819106035,0.06411604745866392,0.07206724778597612,0.13957603032107369,0.07666328744961856,0.008132596309688005,0.07097777449157536,0.020213734233802596,0.02778387567839994,0.02218687212630212
spot_0599,0.0009285365481318186,0.03478277551588734,0.10753425441679997,0.10094891654211036,0.0010037156697072882,0.040917511334932204,0.1384163374174726,0.15198541420934972,0.06633621811114765,0.08973888174491726,0.04435034453970292,0.0010847846843427867,0.059577409176253544,0.0424295000393514,0.04712064321315388,0.07284475683673924
spot_0600,0.0004707506334318262,0.07460874395610513,0.1440433119454625,0.09942232079913911,0.0006109260328004008,0.01147404706255458,0.05373006181082478,0.17269711952940242,0.07056122194390885,0.044494733549489934,0.11565684394932832,0.0005340207906068836,0.035502275105378636,0.013845208905061296,0.11532710590252351,0.04702130808398186
spot_0601,0.0012084289581438886,0.05308252767727992,0.16469940382014123,0.03189561390937708,0.0008546024093899011,0.33821563636163665,0.0230519792885347,0.05096178491654166,0.015602236451060144,0.07941717473060861,0.01995479800508661,0.0010779136830215694,0.03306625935633915,0.07378879026910903,0.02417967646049547,0.08894317370323436
spot_0602,0.2189476436372516,0.004848199611410557,0.00341950859562596,0.08015496721473107,0.0540123620016414,0.022858911378990408,0.1243871064086193,0.19698023759934397,0.008726089130958068,0.007101068243456386,0.0802306326071386,0.0054911070921948675,0.030676190539153807,0.03757539040750927,0.12025857204293697,0.004332013489037765
spot_0603,0.13408008295482535,0.0157529450104153,0.04320966422099527,0.028766546858963567,0.007045524570812493,0.041407093352555886,0.09462445581850683,0.011606260067780507,0.11872832627955425,0.01392083340192039,0.23981726186262384,0.00732066386481385,0.03381064943073079,0.00876960878716842,0.17103620720003532,0.030103876318297938
spot_0604,0.060875402094263974,0.06707421358164134,0.10389323173181736,0.05646598299036469,0.011427866115135608,0.048559848582147035,0.1252484286593008,0.07333315229588143,0.09129771607215816,0.01867422358438235,0.10275851559609873,0.016402461096402123,0.049015211094913504,0.07761965056712576,0.07002740014727254,0.027326695791094598
spot_0605,0.005565907219521153,0.005196705518017214,0.09175050813108557,0.022319777417518075,0.1046546113892453,0.13060518714580105,0.03856517283825351,0.18613314770130615,0.11278403252395713,0.04023198205943568,0.06926112398291052,0.010619407934254931,0.01806204651586781,0.08039095026029197,0.023989709966072838,0.059869729396461076
spot_0606,0.026467509494116775,0.00839276227073052,0.0053940930086159855,0.0692261568570098,0.09121793194809152,0.012675149443220752,0.09661379815403179,0.09193963519286778,0.22167298334709654,0.10341213052569123,0.04183014708916242,0.013999934834072435,0.012914540546732255,0.06728629791371706,0.011293706509087264,0.12566322286575587
spot_0607,0.14501508347103234,0.0048630025508449816,0.007976728883295574,0.1136505387938337,0.0043425417398671624,0.04611265050268108,0.08121276758451665,0.16575532499450588,0.009184339844727074,0.007553837826744987,0.17440085140385528,0.01455872942383408,0.015862168824298816,0.0537500493992112,0.11251017307426578,0.043251211682485406
spot_0608,0.007124052493650628,0.03699823217137233,0.007925233383568766,0.07481273875426254,0.25133455743972655,0.01936151999634707,0.02929998933557626,0.04280044796464116,0.13885733308158568,0.00980691680846011,0.14011146529462037,0.06100162325862522,0.006352736439391538,0.024449283266548945,0.11634293408228623,0.03342093622933662
spot_0609,0.03066559568041452,0.1107139683631482,0.03615380909819193,0.0073387485486481226,0.14633360534383133,0.158669186261343,0.08966323563350283,0.16010325410888965,0.04466472190247144,0.021980297102485665,0.00480022450866103,0.006304102359169312,0.007621505279575666,0.07632126744730318,0.009615954695125228,0.0890505236672389
spot_0610,0.21718824964063618,0.22894106353599383,0.09080416646993392,0.02513954573007467,0.008163175591748277,0.08656423230606361,0.007381273894571293,0.003950132602478775,0.06401232254943215,0.10805070749028521,0.01987923769268842,0.038017248754522254,0.02893136331234193,0.01092433635636188,0.0050615778858119,0.05699136618705569
spot_0611,0.35289971054722025,0.05906327590887257,0.012939833084820072,0.03159186021296147,0.041277840364052736,0.012407521905712178,0.07497589963742181,0.013469148561546882,0.017275343219523835,0.07720367744001012,0.1237136774701127,0.013715557940524115,0.008180814866332313,0.028548459495810693,0.10884525835501152,0.023892120990066767
spot_0612,0.005690839412737199,0.01461271478206831,0.013992293088906198,0.11112339886311938,0.0047120487415622065,0.011354924745328749,0.11439187260866959,0.0970029412324834,0.25198956487815644,0.010598601238209335,0.016568801107582343,0.005998569463863865,0.13973970443523814,0.08511866547935526,0.07253351323881929,0.044571546683900266
spot_0613,0.26365580181990406,0.038635338753073484,0.04427694861949031,0.01996050773037922,0.027685838772073368,0.24224951953796378,0.009171442915564777,0.0894199093687637,0.0012319660619701494,0.0015781645127078269,0.03776735835318044,0.05926723588663908,0.013248564156226278,0.059447590881488495,0.09131063319886996,0.0010931794317050713
spot_0614,0.0004702966530167124,0.10889349739432523,0.03691343389756054,0.047262182393813405,0.000479381871319991,0.14727467370594916,0.10316052692460327,0.25879648678203787,0.009741859642399648,0.044597770509792696,0.01679868489126256,0.0005293989485609777,0.029843065081186546,0.0737003594599949,0.1106833350749155,0.010855046769260999
spot_0615,0.0034220819720461337,0.1448590454711166,0.13113686787785114,0.04015842923773593,0.021998926554434924,0.004101575073636845,0.1264387954178384,0.024407277358593358,0.09931205999019113,0.10563914463133374,0.08325653720712214,0.09085256095032523,0.054884704510874384,0.014251246499405163,0.02699331070706366,0.028287436540431178
spot_0616,0.007027948818859862,0.0772333454406317,0.06637163655870065,0.0324936374779436,0.10040681810080496,0.010318890090132427,0.08815282748822341,0.010151802222878457,0.07409320960877554,0.12595516597446652,0.10447487994720363,0.004490529619180791,0.005121677172026504,0.03996688064544293,0.13280686197117847,0.1209338888635506
spot_0617,0.05528199528384764,0.0821148488047356,0.050750182665018566,0.2384693492497276,0.013161811650419887,0.011007660583088963,0.1311146960605557,0.05254171137981771,0.00514076903845874,0.0818668443515088,0.019747758799003083,0.04848366098987889,0.08736837682520462,0.0289674938749335,0.07378650114665974,0.02019633929714096
spot_0618,0.18122146655488774,0.001054946422733904,0.0010528055634908657,0.0019435043459742906,0.15591381804607607,0.033092924078321075,0.0157626251201301,0.21385918032044554,0.0777594947723359,0.08275326623621553,0.0023526065405306846,0.07428066494420088,0.0023511544794788844,0.057064044560274405,0.02167286785337837,0.07786463016152577
spot_0619,0.0908608852067863,0.28498560830599307,0.07802925940598802,0.0984251397219411,0.0481482694858111,0.025905647416219695,0.061519761237123965,0.13213723654454015,0.005968346597806483,0.04456738832196889,0.005107126503467742,0.005655138984506567,0.05670491815378509,0.03638822905551775,0.010812507753721475,0.014784537304822574
spot_0620,0.05132182368703292,0.07985298365377423,0.03361474667697156,0.10752148159666601,0.004744861735922806,0.006433557721845266,0.19888700383898766,0.026259727516593424,0.1499002940958276,0.04383116675093206,0.12670618533870467,0.00612290748356551,0.026212147484025228,0.06516660337011225,0.050427087650776116,0.022997421398262705
spot_0621,0.003066653709762635,0.07307003820500473,0.2943085626564023,0.09875632752235322,0.0025880199166343925,0.016820786953250687,0.048027499674138475,0.012215936536136552,0.004040016546482296,0.004177440707884241,0.049378925316038505,0.002129291528137755,0.3433855272388383,0.028809296764747642,0.01656065779358313,0.002665018930605153
spot_0622,0.1494988725142056,0.14476013499707935,0.03952944058852773,0.013349810865098479,0.12478480168548668,0.0014601168825021998,0.0038071918486025868,0.0016348205083887674,0.1746427789505066,0.15041019640366743,0.011974341684084991,0.031580113543440695,0.13162104551322892,0.0014553534844531657,0.0017855974404470854,0.017705383090279702
spot_0623,0.0835258708572561,0.004713215889399957,0.004434154447565035,0.13045220079980396,0.14074951259881013,0.004933351298589147,0.09649467214650329,0.05371037078084338,0.09218333450735094,0.05178971810997948,0.06870883806997208,0.04147409867015754,0.09010375609724536,0.022757829384244324,0.05505671083219602,0.05891236551008323
spot_0624,0.043950560878582755,0.07019636874857847,0.08069967987092716,0.1758058227415558,0.010984261750358215,0.034288046941352825,0.13231834044581123,0.11159792789401472,0.0013436943840353555,0.0012420902183807165,0.07720572085166856,0.12278203097827688,0.04678412494235617,0.034368370765655125,0.055394860015826344,0.0010380985726197057
spot_0625,0.014527582443273757,0.07881360613024817,0.011384854973825484,0.27844799821183974,0.16406202481687202,0.08098271639580905,0.049558780265382345,0.029061481737962906,0.03244886437815648,0.03770681236157296,0.03412778872067902,0.0682210956862416,0.041068294382516836,0.0267558549897912,0.04355212490234973,0.009280119603478682
spot_0626,0.004602521978497196,0.16778484942947183,0.01502677312902052,0.10876677344779276,0.06734426103227321,0.0852378486315397,0.07963414701707515,0.03293298067475274,0.0832685757994523,0.031104778668271774,0.031576892045821835,0.07081891287464263,0.043433290552394026,0.05505765752516504,0.08530651788673954,0.03810321930708975
spot_0627,0.10533975548276166,0.003527018660456175,0.004020303517882451,0.0069566655500518815,0.041954206621179845,0.10739689388679355,0.013973480471854406,0.16918226998874122,0.09756124397399651,0.0589736087612594,0.009451804597034076,0.21527264033506222,0.006532945845993088,0.05662404699299827,0.07717216550886541,0.026060949805069816
spot_0628,0.15413791379568634,0.10272707994277516,0.04040936304120042,0.021238493692673936,0.0030091586048476373,0.2338040116939532,0.0761330081820282,0.029700370899274443,0.014654475509623397,0.0896291697187825,0.046410984611175175,0.006280005105838284,0.01625737997344533,0.04039706221915333,0.055582072735274185,0.06962945027426845
spot_0629,0.07279055006530812,0.08938210701310292,0.13474936941938415,0.10926208128430769,0.2805997102756499,0.002357464303759501,0.005442808440943164,0.002705600174634222,0.005144561995439873,0.009895756195943508,0.07174901594399165,0.1286230872022219,0.060485525417491595,0.002751076325130749,0.016368814934027844,0.007692471008663238
spot_0630,0.00998580663532229,0.14287000424173335,0.023494679625225976,0.24657234245584542,0.0960287734602422,0.07319987175680116,0.11320317795100417,0.1250590521081744,0.0007728382348235432,0.0007916143693420476,0.010136272497119802,0.006986116229028322,0.04656328459065668,0.08681964222115707,0.01675102871248535,0.0007654949110382306
spot_0631,0.026372393248274336,0.06606117424986269,0.09515430034699184,0.1847052283136081,0.15642055305575311,0.0037412717862473823,0.048887122775641646,0.021321742584089767,0.10641642650335155,0.04604809937954822,0.017756700563541634,0.1170012711325998,0.05490985728075115,0.004933538866107242,0.014375674867574243,0.035894645046057286
spot_0632,0.13141300765401304,0.0437063606449068,0.11688437807914737,0.059434034013005815,0.008980776743242994,0.02782406041785631,0.1349280822694238,0.1918311372415993,0.0004518972286094627,0.0004692939168603097,0.1040206883036678,0.025531116753089087,0.00563101491004286,0.02254167146665493,0.12595813357868527,0.00039434677919486755
spot_0633,0.11868227685503993,0.004753579059496526,0.0047416254159865084,0.20431117224902673,0.03146688018647112,0.007763368110476643,0.029430045913750525,0.0664940159314812,0.14093241844402982,0.06253772384263509,0.12843999574441806,0.006800297077921253,0.025152027343863084,0.02118493470973278,0.006253144299852023,0.14105649481581872
spot_0634,0.0810036988477256,0.04007836268638843,0.004155945389093522,0.03322248377062595,0.23365552324195848,0.20336379450849892,0.008268344134523563,0.01975573298401625,0.1886092311069343,0.00888871144300498,0.038510458180465015,0.03416037112196573,0.01446944857946301,0.009319346650598808,0.012461114402475814,0.0700774329522616
spot_0635,0.0021310253097271636,0.022456076163722166,0.06154524586413953,0.11636337416241228,0.005377575954479257,0.04507080363906079,0.008231938327213802,0.14620800504678644,0.1682515486582076,0.09050119455087229,0.07559231044009777,0.06160666540795115,0.04355495319361249,0.06236675462953319,0.009350723639846358,0.08139180501233771
spot_0636,0.03487076686341027,0.004253097529669606,0.004762650619298395,0.011642674037745151,0.09303061617102287,0.19573951435267894,0.06398899351484139,0.16770010955452272,0.07406435072245562,0.015769006006694522,0.042141681619039854,0.007294124788865621,0.029424530449255533,0.0444286782296016,0.17610078112730596,0.034788424413591944
spot_0637,0.06971095385575325,0.09645360718177359,0.09878375505432624,0.04091567836818975,0.00788942396732007,0.14986248685239384,0.08386713867263082,0.010608755117362072,0.07173081945061588,0.0982759193576349,0.0041271447844514605,0.07806344270671736,0.024388463816044446,0.03002981723098152,0.04395486958016588,0.09133772400363889
spot_0638,0.0004960697811210398,0.02245239542258782,0.2016140317586875,0.10344056337548072,0.0005559952633671162,0.03467316202206678,0.189072800514083,0.11856551701999603,0.09072814513230978,0.07453891277796408,0.008352777759587983,0.0005795144119427143,0.011517194398483062,0.07973046991634254,0.02521177828171696,0.038470672164262885
spot_0639,0.21402974762079927,0.009461122657602891,0.053592069870884086,0.0056214416651738505,0.006974579436048381,0.0621157062850704,0.0657596314768723,0.17967785985573698,0.026342445347601245,0.0893089088312304,0.010756105660149147,0.0665908732542996,0.00897671730160587,0.07905210771073513,0.07917990726283355,0.04256077576335691
spot_0640,0.14147100462838716,0.018107261048856706,0.02394803497928944,0.015913886395892626,0.03388744250262536,0.18815393258122556,0.07539415001044338,0.17235695976893345,0.010772418630755934,0.009856233949083328,0.006638474132457547,0.07641747750499867,0.006881726270549733,0.14578164391947637,0.009089893696872608,0.06532945998015209
spot_0641,0.05401608320821609,0.006217248113593494,0.003996382676283712,0.10103795159715537,0.18833658287567132,0.0021563793753706243,0.007513472790409672,0.003180717240761194,0.14950385602464827,0.12285308704498879,0.11774708798974455,0.01694267456137396,0.04153289030639499,0.003186116540143278,0.038621019574338,0.1431584500809067
spot_0642,0.0023130807924261598,0.09436714086900042,0.2685624642391807,0.005706810040602704,0.003456919450014987,0.15576090664327377,0.0052706550616300725,0.011108132233094333,0.19089151223579057,0.046860509869995084,0.01067264165237745,0.12203829185843318,0.004612190450378468,0.031848790402203966,0.006145115298837247,0.04038483890276092
spot_0643,0.03376384776103442,0.003920919266095868,0.004466333434180363,0.01564810394768091,0.01612074371555374,0.01798002191272241,0.10031205897591017,0.24126942996977122,0.021493390207642096,0.07082056337447637,0.03495654303256124,0.13978947191392466,0.05326088786029008,0.09987116230900116,0.12269764695921831,0.023628875359937015
spot_0644,0.07449147052890256,0.003439110137731714,0.003470088557144805,0.005642674863758332,0.028568936699633864,0.004597510754311984,0.017340155037334996,0.00937073745464248,0.12297302714232905,0.10010961641041032,0.11504985978811838,0.09615463046655769,0.007442640176580221,0.006610664336358725,0.16012120908054028,0.2446176685656446
spot_0645,0.12614186091606872,0.014764119393943426,0.06956695998170617,0.024973689136571522,0.020656827171190068,0.06374967341670945,0.05527820769211772,0.1491421476598686,0.015806957002226844,0.05969560922713161,0.07228245432321538,0.12502352438091507,0.04972983024838479,0.01010063037999301,0.1268142147408536,0.01627329432910397
spot_0646,0.09313933699592572,0.01440556156663433,0.05304067901836515,0.013239070984645784,0.1430067689711265,0.036135948197926065,0.03316990696404089,0.04235672738136818,0.09639005186967428,0.147760363736528,0.011026540909286928,0.07718589701202548,0.06240732943245617,0.05234594504712794,0.006229181518995506,0.11816069039387307
spot_0647,0.0746267962879927,0.13791017721087367,0.07192953896392171,0.14180489092956655,0.026469487808247334,0.11519815064087961,0.0548462386120267,0.04808663708667133,0.037505911319647665,0.005444360399346689,0.05301409203013535,0.03675055434276867,0.0987177325298301,0.049761838971074064,0.024743606038481185,0.023189986828536673
spot_0648,0.027430526632723412,0.037220754488385875,0.05854376270001746,0.027966172614354134,0.006757762541595776,0.12139198348628698,0.11119319761158605,0.06303853760759272,0.13317034864440028,0.10320375432507065,0.02438123721528663,0.013359578131547969,0.02871684403782998,0.03861579885801948,0.1140795396242158,0.09093020148108681
spot_0649,0.01278423540648458,0.09686139836308048,0.13186296322117116,0.07858566730682302,0.09686606033169821,0.010707729104222434,0.08099710344071376,0.05200880054656399,0.117101855922533,0.21807485778819108,0.004367894532086763,0.03310004291858494,0.01463539342146012,0.005024671166683071,0.005602326748339003,0.04141899978136435
spot_0650,0.001801238564701557,0.03827208594937938,0.024009840250643715,0.1801038679946365,0.0026901964673993794,0.1464533577816961,0.03157903715567293,0.12081513465293697,0.18704516786813905,0.013965705953464714,0.00838575366616469,0.0033988215312689037,0.09993049903042502,0.05488976585925726,0.029363977836931586,0.05729554943728221
spot_0651,0.07854488282116437,0.06465786946133037,0.160163209934603,0.0760702394341603,0.07647600441333689,0.034634642377088846,0.11844754036340456,0.10050702052309199,0.0007086147159159345,0.0011043329260299929,0.07744527776159486,0.09368070102341108,0.01644947443245635,0.03161849435412419,0.06868635376809307,0.0008053416901942017
spot_0652,0.031395740298271316,0.010027438325872728,0.010255151960412469,0.03497591946378019,0.10030786427791952,0.01889102121346548,0.070127039162092,0.10546270374205476,0.2880275990424331,0.04573919718815814,0.007033347547936865,0.18159732504743067,0.030038883786634732,0.01641901962487018,0.010921820742008466,0.03877992857665944
spot_0653,0.10977642889020492,0.0076270423864900965,0.005659352870491295,0.04859908496097237,0.043813267775994015,0.02060783573162466,0.08597856284597888,0.15726839917820065,0.0016424561968461174,0.0017143822169119244,0.20115143102574665,0.1772015486427021,0.019976147420106942,0.06257354016048394,0.05441181464239232,0.0019987050548531103
spot_0654,0.0005082201871098712,0.03334594815723724,0.06793096578257299,0.10379356820962235,0.0006111083254254234,0.0332572794632071,0.15112701824432964,0.138083799522401,0.13452845483680723,0.0614472083142012,0.07112883891072955,0.0006044310224465847,0.032960214806779096,0.05918514457092066,0.06949599534588749,0.0419918043003226
spot_0655,0.07705463286575126,0.023915720882499023,0.18183305697966842,0.16921291278028153,0.07159103370905881,0.01320123252302223,0.016101409764421516,0.06682937695886763,0.09979402154788425,0.08455281212594193,0.08074408702364398,0.0180592282510305,0.04142230580604767,0.011181606162781958,0.0247825701122496,0.019723992506849707
spot_0656,0.08912061470089615,0.029435256129494047,0.3100087584466068,0.00995436920211764,0.06942171429231114,0.05683781120817537,0.01789116192175741,0.060491845517788544,0.07796381593330781,0.006235807638188026,0.05667843321120479,0.10473380620820957,0.007251784406553658,0.050722992521603304,0.04077473934378853,0.012477089317997193
spot_0657,0.0023728469280624703,0.06955716471330861,0.010770330810368704,0.1479707872162612,0.12902088623810345,0.11797410820717105,0.030054016478186684,0.02884463030979154,0.07370256250268797,0.16378640859430937,0.05512724704142749,0.004021765377983701,0.044614931829305725,0.04294940669253984,0.012628176127901142,0.06660473093259103
spot_0658,0.02869735640285666,0.043313613853980415,0.09170435644382106,0.08755656105618198,0.05023055864842352,0.06844087234028812,0.018133272387511196,0.06786234055474942,0.0867368349387548,0.06129871133151289,0.12172986841864174,0.08096447662026679,0.04469301226694415,0.08140396780056554,0.041012972951214643,0.026221223984287084
spot_0659,0.014741294333814764,0.0105087657736799,0.08094692573647501,0.006623917951124948,0.26842388370036324,0.03610327155144135,0.10767144463433885,0.055296708091533496,0.01510633913027045,0.07458407236515724,0.008015921111806873,0.0810660817671603,0.019903210806486566,0.08819462167445248,0.08771999908623974,0.045093542285654785
spot_0660,0.05310133630668635,0.007794106143762983,0.009132464147596091,0.031172084442889197,0.11913595022564767,0.19863621301661655,0.08205428697328822,0.08892417730060088,0.20531096842040134,0.019870089873359364,0.021471898739766633,0.012807170151318981,0.0179803672879276,0.08055760933800506,0.028596553211599866,0.023454724420533223
spot_0661,0.05118959303551908,0.033700440095527626,0.031637974313797494,0.098074974957036,0.039487533890717116,0.012822661320544673,0.17756305555947774,0.04207683838141197,0.12194296821464672,0.13614509225244076,0.019412012330646707,0.005911385983586021,0.05996067509382657,0.04098645331741424,0.03705769769070766,0.09203064356269967
spot_0662,0.046217126099071346,0.11047109895248702,0.07220206266723579,0.12090118650052262,0.1091420442696349,0.14053609542337156,0.016233358694766425,0.11116283738039821,0.0024146621554853942,0.0025881383980435615,0.12224195592604582,0.006277827408366948,0.018264124750935248,0.06836426501309922,0.05149072645962783,0.001492489900908096
spot_0663,0.14591247947776032,0.05084135177365644,0.00844152669825158,0.10506588397884029,0.10228715491197787,0.0024452275952819816,0.008868791487947702,0.003466415690860978,0.17270089959021265,0.12628886268539968,0.13498927560835083,0.07140081112516279,0.005411179458010224,0.004216633729583599,0.007602272559800651,0.05006123362890245
spot_0664,0.07572898950175529,0.009812174143862495,0.009272595601714865,0.1747384798958933,0.1358170193523849,0.01756397582897271,0.03272635866779503,0.045108060621863635,0.07670717008918931,0.09070992220478816,0.11187775312967904,0.0995756492141463,0.06584402597545454,0.03614111860084204,0.009286358062720637,0.009090349108937728
spot_0665,0.016245821146113483,0.01908467515602853,0.12304928376406178,0.11833852456424922,0.04073466291509398,0.1201028158392204,0.13506838914233413,0.022449970750981794,0.029207539770676964,0.09030658416842993,0.04415002556636308,0.018910764165603635,0.03302945572102048,0.053771427112944484,0.04404916255550734,0.09150089766137079
spot_0666,0.09141588692959488,0.12081593134325173,0.12415660456726645,0.1402306225167032,0.028256607117582055,0.0884884912823896,0.06423476890594107,0.05951234387438608,0.0495338934551013,0.055186711899079054,0.018445771103507532,0.004453610890125503,0.02229532366801706,0.03415816732979452,0.06320858924464132,0.035606675872618655
spot_0667,0.16168290048006512,0.0007512419972366684,0.0007005181414575336,0.0010234178830155452,0.048207177169032146,0.16493047309846373,0.0013323959160855257,0.004403104413796634,0.21145517740215017,0.21415143672212808,0.0015318030582648259,0.09712224952662436,0.0016050398655126892,0.0035417163177809676,0.0022633253717793196,0.08529802263660669
spot_0668,0.034746795709494016,0.006213851710237169,0.14464951380247995,0.013597581656016,0.041923029882710024,0.026883619996706503,0.016324734578443176,0.05261880169578908,0.12109570056130409,0.22611412664087,0.07385376905671262,0.006820139165864637,0.004757695205366587,0.035641898618052156,0.0146788913782144,0.18007985034173962
spot_0669,0.12540586765523337,0.004280493186949426,0.005873338838360567,0.02665360472115219,0.005447258624395408,0.01403079587469025,0.1878077257005146,0.17771569832647782,0.024632354568249585,0.01342629312173277,0.048109393837590726,0.0751719049563204,0.03922460826904986,0.05447729727824314,0.13481245128997016,0.06293091375106974
spot_0670,0.1089210807891115,0.0953586944518058,0.23017141526027066,0.12401998562791793,0.0067623973185304935,0.008089161600149495,0.1671157880120191,0.08765886879393753,0.001849961109275406,0.0017850841240769461,0.015999188883185352,0.04910450043613144,0.01130066168759329,0.05866362658744681,0.03148107747483615,0.0017185078437121231
spot_0671,0.10510724232923996,0.0065268197363439065,0.008313546508965293,0.010034077882453127,0.2743083937430471,0.1579283410123997,0.03553334706540915,0.05579496846209663,0.008264319151681939,0.0856446850734805,0.009790096940951384,0.06293452772689526,0.07049707100472562,0.026549366511691687,0.06712091173693788,0.015652285113680883
spot_0672,0.0247125055744819,0.0632584053086147,0.1610100617965774,0.036082204952486,0.040231156234976424,0.06131371298461124,0.13984416401517327,0.1887253868043918,0.02293631245392562,0.030071120353544107,0.016778005397696083,0.027283951918375644,0.007604827204014256,0.055057519246170514,0.08310310303398837,0.04198756272097267
spot_0673,0.43003045505352233,0.001678259122827738,0.001869506876905395,0.0020756012860091624,0.007262821312530543,0.021814876677857073,0.020245806976248733,0.10229197353709317,0.1470319403432388,0.10284918832458784,0.002245073389981278,0.10810013723224993,0.0026882703335706867,0.01468700335341522,0.01793339202701421,0.01719569415294792
spot_0674,0.13300700369997295,0.02851631305251493,0.011665065841219001,0.08063449571937242,0.1283120384585745,0.10980120441283422,0.13428673267193672,0.02967840073075494,0.030621369054816966,0.17333515249754314,0.015810983312280532,0.010924573357883645,0.008832940584944054,0.07291445238516855,0.009227393385385396,0.022431880834798044
spot_0675,0.007782399974145923,0.0018690549232871672,0.0023107811557648,0.002748349333696175,0.2253497980207063,0.06026471335931626,0.007718328488781879,0.03758067350889363,0.30430177676551506,0.0919287249810223,0.003778604361087497,0.012144916558137665,0.0037428952699184405,0.03221827227698613,0.09016671225447727,0.11609399876826351
spot_0676,0.0008444817076120619,0.23954138038151251,0.048967752626205924,0.21899651632537473,0.0008206939434266579,0.06831655975005631,0.012685683639876318,0.0075500501511436635,0.02929588019454896,0.08024762567352975,0.1402481130985968,0.001236858676293713,0.009869116324263887,0.013680084472744075,0.08347582247162261,0.044223380563192055
spot_0677,0.14129374568527708,0.010036934568704487,0.018152096913163752,0.18795571117953996,0.09181122926724995,0.00853008466656386,0.14016472876620825,0.08112791113100841,0.0012562885895556382,0.001013784499543057,0.05868444229558957,0.05581925236596138,0.013544215964448502,0.09701057416595392,0.09214369662319813,0.0014553033180340397
spot_0678,0.0007839168056396991,0.04269960310149919,0.034456087836355585,0.11071175397193504,0.0006983144633258269,0.06006137818262187,0.1751248279049908,0.15611585614570395,0.02739566720957649,0.02301425255981905,0.09387861144461186,0.0006942334843141826,0.007217657824893903,0.09494120230822954,0.11772733446738075,0.05447930228910229
spot_0679,0.035356864095907714,0.0384144723173655,0.22092488833676252,0.1548986364688396,0.34151705403193716,0.0077820039911797026,0.07824361197350335,0.036386193625372994,0.003388380213733178,0.0025425187997463626,0.009576048145055943,0.016433152933497563,0.0334578101862331,0.005398226406566646,0.012045022304971693,0.003635116169326963
spot_0680,0.005651073196065026,0.11106611403489126,0.0567978853574502,0.008870346475839104,0.009764048672243451,0.18683935112835137,0.1201997807287161,0.025821843689772053,0.16350166998297155,0.08828585201351676,0.005769417724157897,0.048051269767628906,0.019601271994922263,0.05385596859567002,0.007002712524603669,0.08892139411320037
spot_0681,0.14608310022912382,0.02659420691095649,0.15882693806230538,0.13371796863481802,0.046000252136145864,0.03562200952089403,0.04266898808092611,0.005376317356268567,0.08040091321390173,0.05140381201009426,0.013513085778430871,0.14831552070842624,0.010495315613213554,0.0066340691364693265,0.0720465044262976,0.02230099818172814
spot_0682,0.08806823869227032,0.05863465147397015,0.009098172475865212,0.053008803176420795,0.09186607045240434,0.12607754881362115,0.027944571134138,0.19680001724396592,0.0010738212150840452,0.0010287449722525552,0.017181811473028625,0.17074885020062194,0.004134313506403829,0.07497079295902137,0.07830152881489288,0.0010620633960388387
spot_0683,0.03315758634645244,0.025170048878911052,0.08930615629168193,0.1187217560285053,0.15329257702368287,0.014193704208630439,0.11996985437274066,0.023648310145127853,0.07000482001198617,0.05318593648798276,0.015887623422474205,0.04677962372580838,0.08462864330306066,0.044991743902313766,0.07006405177001619,0.0369975640806253
spot_0684,0.007962148011511802,0.012958242136618798,0.08873886609464357,0.13810746081234987,0.005611443083021075,0.007307155247979707,0.15475695536020595,0.0072362627772052926,0.1227953826852412,0.05703360942290766,0.04869240194675732,0.13494561923465845,0.017104669952679966,0.006248499140867356,0.04641360523595826,0.14408767885739374
spot_0685,0.000488095731544969,0.010170790501853932,0.03399228992830186,0.03274185946004639,0.00043817685525091775,0.040947313684884676,0.13174915032556742,0.18873105575681504,0.1323103163819209,0.03781507575773057,0.09634454302091781,0.0004083821585425421,0.015768128783496455,0.08493032275545802,0.12631307391894506,0.06685142497872346
spot_0686,0.011254400070508036,0.07224912121767024,0.09557710116413257,0.14345143185925566,0.11374701432273514,0.030970633331911405,0.1638787196973687,0.03445558688611691,0.02915207131895217,0.015293065568979318,0.06126224873808454,0.004914780845816522,0.07386216698396893,0.028750839529940866,0.07417460871413516,0.04700620975042385
spot_0687,0.0003460080111864955,0.007542230476745662,0.022216178916295414,0.11280991382414843,0.0003565924760484523,0.14902192263877076,0.14847409156022542,0.05506507000156718,0.07230933058896372,0.01065082231636587,0.15012425862277115,0.00037666661854307126,0.033666155045616375,0.0876959793273706,0.09565070933034187,0.05369407024503954
spot_0688,0.05098364141281986,0.08450084194986741,0.17431028282052624,0.1529168264533401,0.05384098221647829,0.0054689786974448686,0.09621338128785098,0.06997937916757821,0.0013140608417396109,0.0010496420637418327,0.1030612409689161,0.09328886685049588,0.01866720852385259,0.02821807010757359,0.063507324187312,0.002679272450462464
spot_0689,0.040517800066134375,0.14294440111536016,0.04765647000830568,0.11724972876479792,0.016866818232739667,0.08108760548478122,0.03166405620008958,0.013802306116402598,0.03612811467043121,0.0584561897565308,0.13433865784053747,0.1685016254343076,0.027082613688365183,0.017991445937907805,0.03264170740470208,0.033070459278606634
spot_0690,0.12997879995007738,0.00706029996425645,0.01288280209399123,0.020164617620144643,0.036585108647350525,0.09537545654450794,0.1021651823934759,0.17752995094599194,0.03338519905747981,0.1215869649389354,0.017989549954400576,0.05190723529853904,0.03577977735376,0.04922759739131318,0.009437629090638928,0.09894382875513706
spot_0691,0.22554704043997575,0.054418777345568416,0.01411516646716548,0.32230836697687043,0.0043798936706021694,0.0036614790588967196,0.005827142897158016,0.0029114997876935993,0.0452685686091059,0.11748386170455549,0.0702430767875215,0.017129460769285624,0.0208430228514733,0.0024129666622708656,0.003942124881515729,0.08950755109034099
spot_0692,0.13762521034337796,0.05152988788148604,0.03736168248181236,0.1300389456944913,0.07115232793201365,0.003319464912994444,0.006324763176184235,0.0037563933720956228,0.13424561545435792,0.05097490094764819,0.08531941296035486,0.028852870571336342,0.10305565028348616,0.0036326165534902983,0.06413379836740674,0.0886764590674639
spot_0693,0.0018806865133391881,0.21417943143242268,0.050491756170392546,0.12144224124688603,0.00344778707732675,0.024289847909893927,0.10885346746096279,0.07681173030232888,0.07593942222361638,0.04388525317647878,0.01778850480147124,0.0017590419866146123,0.024230404284826354,0.07459783181509054,0.08743184859927404,0.07297074499907524
spot_0694,0.10151548146654531,0.004304920720943669,0.0036766988439186025,0.07525111902338838,0.0611955796917827,0.012087160569300813,0.05789438397446083,0.03159262024466322,0.13703385460795656,0.07569026387544142,0.027549693345344017,0.13393113710658056,0.10907020424588408,0.019338534881995467,0.08714283065942383,0.06272551674237055
spot_0695,0.0006364254393187382,0.07394477485231542,0.11395402673308024,0.23858905859552976,0.0006698518618285543,0.008532242144948523,0.1845752710571991,0.007669537248574523,0.034107190142165324,0.11740938728195446,0.07397327096042362,0.0006736617208675142,0.037010340559374015,0.019883793121377936,0.0417325673743828,0.04663860090665951
spot_0696,0.011577924641638003,0.029511742733243654,0.05314444988004833,0.15550589583816637,0.08403963151005364,0.04111981227777927,0.050409464029824894,0.11627867972319762,0.014762241259993038,0.08343512564004273,0.11503715934483974,0.11596192501563207,0.01221870696787187,0.03709087438550922,0.06791619642424707,0.011990170327912468
spot_0697,0.030860163830431428,0.007148868938270346,0.051224950763846894,0.021949175518805333,0.061480819432684186,0.0889989363660747,0.08066768396230195,0.11626863151201941,0.08259231392999412,0.09335655693486566,0.07159607858819375,0.01787675972847894,0.009147313248125679,0.06611380115482286,0.11064366176592247,0.09007428432516226
spot_0698,0.03198333979894846,0.013179182249788698,0.041298441455501766,0.295327440168147,0.03585963584660961,0.005099815090346884,0.20593286829813637,0.009068719378975814,0.06065988376429591,0.026423565228564098,0.05884852828450099,0.0035513610079934694,0.11720179280537761,0.02273345309837505,0.06215123939028109,0.010680734134157184
spot_0699,0.08261457496643602,0.1467668708616119,0.06857507102979177,0.0970963882957733,0.05186869006340246,0.18217823147303722,0.013756513493584551,0.02511642357582136,0.04476133496333836,0.04401719400369788,0.08038145971045697,0.057429777910893494,0.025118137084510692,0.019497553376082086,0.05692460167759574,0.003897177513966179
spot_0700,0.002772595457533148,0.02372705754261506,0.01954643358252406,0.07776875950895702,0.19494443928470692,0.0893823925810048,0.12056989945306536,0.02776954046455313,0.009973385205560825,0.0825713021442481,0.1811161958427914,0.021348382524692015,0.07370699029777003,0.01077761395240228,0.056977020984281014,0.007047991173294832
spot_0701,0.00043644933088305896,0.025496510440996285,0.04379066576731597,0.14650296998739554,0.00044043812359819854,0.12220460249872142,0.09294139658545783,0.04503463736788918,0.08327463773653161,0.02549183891955998,0.2077743382576913,0.0006441746391221597,0.052297188048324096,0.027344600124829654,0.09475624856476537,0.031569303606918356
spot_0702,0.04924935550246562,0.320710935691441,0.029067819370236093,0.15322486396747959,0.0031022171520438298,0.0715202619027711,0.0042005390101051135,0.010707247062780121,0.0071460728094923,0.10319057786829051,0.0695565366270448,0.061754189054634895,0.06436111482916355,0.0414695885588654,0.004675191958457103,0.006063488634729012
spot_0703,0.09676346597483995,0.053244868377331715,0.10994681891498069,0.08731122766690719,0.09082737203060452,0.013306549118028059,0.07749775162671516,0.1216075553183922,0.04505509818656421,0.041433848193814266,0.04791942757433091,0.01672533656715301,0.02285919623622125,0.0443432980476597,0.08061577592751118,0.05054241023894599
spot_0704,0.10652872781604124,0.009725916788970487,0.019139547240518064,0.012238931610243526,0.07544948034079549,0.079783051506579,0.15142097732597773,0.11732948561509954,0.005252246988453704,0.004882268089501868,0.005339334877839265,0.2638351717643096,0.08762787613529278,0.04139498857962693,0.013799445614508032,0.006252549706242741
spot_0705,0.06996207094061918,0.01449454964330601,0.009374192702610092,0.1407991991884328,0.09288647522993214,0.07612440881370496,0.13893224713735744,0.05562003539732044,0.024312488731211578,0.040716615711360864,0.05077249773684582,0.008159322800504281,0.10697275718213888,0.07917680373550175,0.0838526505616729,0.007843684487480873
spot_0706,0.14793355940044034,0.01230504013555949,0.013389445324344064,0.06792001575963577,0.026937489563921717,0.18753120371467716,0.07498530791240435,0.129446206243501,0.04977654652452876,0.03861178910910552,0.0201904927034695,0.07170902683358606,0.032617095029857004,0.08659922197104072,0.010214171498519437,0.029833388275409108
spot_0707,0.0007515598228778478,0.00500506280718439,0.008396806838154214,0.14194488234641717,0.0009214579736528166,0.05490156653126697,0.0820242201431177,0.02514591784592339,0.2865224867699899,0.13267690239353933,0.062180901253004996,0.0007268724228550584,0.047268254521290076,0.012054979938234452,0.05054424128035817,0.08893388711213353
spot_0708,0.04294450013246167,0.024232947050957916,0.088372213462801,0.007487154565320501,0.0665982868042776,0.29849243531002734,0.050196981445354394,0.1333790676606711,0.10333450548539576,0.006757251704431571,0.0032375824308396232,0.0027448686111505517,0.049596239698743445,0.10249588499910682,0.010778708256134454,0.009351372382326263
spot_0709,0.05993746115104872,0.03334059732936191,0.09226963191397301,0.0724642627888011,0.11369315374843887,0.06521782220439815,0.10214599981666372,0.13237917073288544,0.06479080234772447,0.03782932651273882,0.04180318617391466,0.011339809133568485,0.034086861434507704,0.03830913099761762,0.06917739284910986,0.031215390865247456
spot_0710,0.008979012544729208,0.1038337641281555,0.07956035860982508,0.09097886141295189,0.14390997850784398,0.03091516477934291,0.09940454875291047,0.08782113953089761,0.1318488856630485,0.016706560978642482,0.009347632117757259,0.015967125181210705,0.048604322520990194,0.03736834878013457,0.03504402283610655,0.059710273655453075
spot_0711,0.055817096342788225,0.013145981923767504,0.14468270507250341,0.01625771549922766,0.03961515175772677,0.0060841741309580685,0.005382980510243297,0.002487164734995479,0.17845526929175162,0.04502503193396201,0.15241459640960134,0.3023902024003591,0.006191721401450904,0.002611102348273805,0.020396949825271852,0.009042156417118953
spot_0712,0.004778201292946985,0.08155691876447398,0.05097850895736297,0.06760317574998363,0.0032472533307047282,0.019929973311537237,0.04974486108145005,0.03525074735861833,0.11700881003273679,0.15573691506640466,0.06427570341561356,0.11438131000461904,0.015092753965470421,0.04017782469912284,0.06951125550409433,0.11072578746486048
spot_0713,0.28333927784996504,0.005028436116716281,0.010649778413777546,0.005604547035163631,0.2847941074034523,0.015235553225181516,0.055134923539437296,0.07229208755237428,0.037956827180488095,0.00944196724122269,0.005957205396222855,0.08998746238247968,0.01018669909199644,0.03851140832725909,0.0055070118804607104,0.07037270736380254
spot_0714,0.0855415773797468,0.044493357120312195,0.08216410499227339,0.12965913004383003,0.043043832417812206,0.021655364928666022,0.037686461198009176,0.08719765450365828,0.08128310801847118,0.11700426979417419,0.04302534220181658,0.15131266214612946,0.004898273890343618,0.023537476154247585,0.017725240090872636,0.029772145119636655
spot_0715,0.024755457511904378,0.0029406400912422364,0.004428316878399954,0.012977212240817257,0.1215835997132485,0.1263106956755314,0.14104364803873531,0.05238457028862945,0.028627564398814892,0.0426945510760175,0.11932233568189109,0.054410625404986895,0.025547667525747535,0.0555867520090643,0.1472802052266404,0.04010615823832891
spot_0716,0.0029024750180786357,0.010627010106540763,0.17869079158452833,0.03318774598689506,0.007679004985497561,0.05648361499961544,0.15172202246862632,0.14352464161667394,0.0007464852760446681,0.0007409006528178192,0.19170188520965614,0.04709995167356085,0.006266415693304925,0.07314144051322255,0.09480451178886315,0.0006811024260738786
spot_0717,0.00036661804161340205,0.02679626871810907,0.06457592662231951,0.10342196356020367,0.00033877152721726775,0.10442178754819922,0.05128534651995294,0.15118299349461992,0.07558049182164937,0.01013182769105247,0.16527176511119757,0.0003109634882604683,0.05868273681619347,0.04650875712095725,0.13485746856607422,0.006266313352380178
spot_0718,0.14298247491547827,0.12805211195273294,0.12191269112970136,0.06236311526924758,0.0187171779028375,0.0028805624655033686,0.01179502823740755,0.0035193393117480534,0.08584233372618406,0.0654940575100595,0.04160889939514502,0.13086301798212124,0.0892398307762659,0.0027511787484022876,0.03714397774189992,0.054834202935265405
spot_0719,0.08518153536112735,0.006786140322038207,0.003277635599748071,0.08755346599077446,0.047672218355911615,0.0932581933976033,0.038594320404243265,0.07065731195654686,0.11211620168311721,0.06212392585434126,0.04523997743902633,0.17881309855443778,0.019724711426151214,0.027494631289634912,0.07009611976992648,0.051410512595371646
spot_0720,0.3561556454294643,0.0873901849757253,0.09682031229987297,0.013028789057126504,0.13874250620484926,0.01635390748944958,0.00930002653622358,0.04025091602181819,0.044819217504633656,0.004730123469283769,0.008558587674702895,0.08550974458797296,0.03729677620220418,0.008452534696453677,0.0186294020881659,0.03396132576205325
spot_0721,0.035889105379146566,0.013822746085849144,0.018784167874422587,0.08148096593620681,0.050884281484839665,0.011066675929346632,0.1026990584102726,0.16487799947115336,0.004793950931454694,0.11728819793881994,0.06380358673170297,0.12695421327434445,0.020450312016030557,0.05042988387790101,0.11623561577431706,0.020539238884191967
spot_0722,0.026750306106661115,0.13672292714758696,0.08884592065359638,0.16421586076278763,0.012469864922880531,0.07675978977258131,0.018857967515977257,0.10694745100906099,0.012681076305516617,0.054604567784216504,0.0715111234536026,0.1005855760224275,0.043580475899108524,0.011994463162477473,0.06167942117358204,0.011793208307936556
spot_0723,0.14421384698838755,0.0850557256523734,0.026583754974120594,0.013978145797956696,0.06680235360147954,0.010999919215354844,0.06802855640748898,0.009337085612020605,0.17198631344476162,0.10486307001433089,0.018222516606538366,0.03969357211866728,0.011683559130955895,0.02110692633666926,0.07894881959874074,0.12849583450015375
spot_0724,0.07343770624917391,0.04762858114624393,0.052755045271758144,0.07404055529710392,0.007554518258670363,0.09963838943353673,0.03183561319722227,0.07730499373425367,0.05457797636025466,0.1142210511779687,0.1277230021247988,0.07447491545108284,0.08064777001980801,0.049212629452120876,0.02052248985088235,0.0144247629751208
spot_0725,0.1711866336433118,0.001465984952800724,0.0015961186223702548,0.002279513118457071,0.13560499856325106,0.2235624818115492,0.006707749564361361,0.158599398127885,0.07760590187438991,0.029927905870352246,0.0023794420354597266,0.07149007784019874,0.0025653702233825034,0.08028248609762581,0.011472687764851759,0.02327324988975281
spot_0726,0.02938444483347237,0.24474887589325783,0.0801045890306024,0.019200213575413908,0.08961230435491284,0.09849651775266464,0.04184151249687924,0.03179559965025021,0.08645356218251536,0.0955743329064919,0.007973486909169453,0.015779181828045562,0.02207185670472963,0.018750914627314322,0.03278332811429901,0.08542927913998133
spot_0727,0.004124330655287927,0.04391060134341489,0.02786670447720082,0.08999695490223666,0.16613199615263113,0.12587292668911068,0.10307815498788755,0.13976536611505713,0.009616573079326918,0.11416674770943856,0.020196189282377944,0.023518390219923916,0.047963742529486715,0.06151205453283134,0.0053752183874855065,0.01690404893630231
spot_0728,0.004263546414916773,0.06729704248214896,0.10277978848329734,0.16164384378522,0.0027322157368438135,0.024641693358175357,0.07307425770485178,0.009688221038449045,0.1422801631142282,0.1748968427105372,0.01544065547015957,0.10724369784476791,0.01151221385539002,0.01064154623184215,0.0750699522803199,0.016794319488851978
spot_0729,0.16088932177873594,0.017447729038695996,0.013759396850997353,0.10415244903236215,0.09687708397130122,0.0549867628855601,0.09388721869792926,0.12603975658576805,0.000937132471117739,0.0008331340775886365,0.06515936593132561,0.007349799948053125,0.021042535041556797,0.030847490919700182,0.20479613199895938,0.0009946907703484462
spot_0730,0.0003688683937831308,0.15587152417479389,0.021819414067452,0.2191992763338154,0.0003776965819028285,0.045242975446764054,0.10797691775502309,0.08805076572644031,0.02033351396410776,0.13811230606298922,0.019978315930469493,0.0003783984526212579,0.11188513815264861,0.03341230253350496,0.024173314829214667,0.012819271594469338
spot_0731,0.0750259247643552,0.01353518234972303,0.027960941298033445,0.0647594118630783,0.11620166224299525,0.08153045145117718,0.1559130810408627,0.1449282064396108,0.029720551976981795,0.01308534808831903,0.022955613358870332,0.019593301180656268,0.030385128951218757,0.12019371478166982,0.035008711096053725,0.04920276911639435
spot_0732,0.014994669743676376,0.005104919841358475,0.0044174058647260695,0.0734323083355427,0.16410892222370851,0.1379108715565161,0.10600919287855312,0.06288710720394672,0.14893948643236507,0.00908008722759239,0.10023635100800254,0.029791931168241532,0.028334272662331163,0.05967800727886581,0.01958554639403966,0.035488920180533734
spot_0733,0.09416125833913785,0.047327665921756044,0.10913234871249627,0.036387185387544506,0.11915884335024296,0.15342042904296493,0.05739152810836399,0.05349341385069456,0.08281548193375804,0.038185686501345885,0.02663129746456282,0.04351412494535142,0.015231085669419796,0.037787954807713464,0.07861249732098237,0.006749198643665096
spot_0734,0.03312195265255603,0.001832671921335994,0.0017311880438726987,0.003036499879115931,0.11514440169096567,0.15443737699607887,0.031027167599372556,0.10753453415626939,0.12226392674816568,0.051949268064333816,0.003340630516487275,0.20396388388181644,0.003159034411082111,0.07837737305525412,0.011508068285855912,0.0775720220974375
spot_0735,0.0006914785401828123,0.11804417539765519,0.018967529760642015,0.1032557288452088,0.0006994216177025729,0.08299842058635937,0.024779498050689283,0.01197404322889412,0.09763779499588815,0.16801470325185033,0.21107080917292612,0.001257735648263209,0.05146512497002912,0.030646889841557334,0.007478784339009431,0.07101786175314213
spot_0736,0.0005517242044119214,0.02313012592103922,0.04191659975976048,0.14409734244371156,0.0006197583938128779,0.12038337227543638,0.16718793783364647,0.0972363189343517,0.0960499409737017,0.042209529737528874,0.05725443223918874,0.0009121667504374063,0.05059700068967622,0.06516004019507786,0.033640183010785404,0.059053526637433205
spot_0737,0.07196200274737141,0.015622165282131709,0.10413031507627625,0.025024720629557764,0.04143481714889008,0.1032072212035347,0.1399615428109645,0.05985588518737625,0.024463738203163093,0.010331271368483145,0.04475648516751338,0.13051877604378892,0.032937982962820724,0.06493630180532994,0.09670420009567707,0.03415257426712102
spot_0738,0.003621908005737126,0.006729974821138833,0.12051208624641675,0.18328164050777376,0.03078494780994279,0.03700867472207477,0.19710157651571925,0.1040613228764646,0.020167488451693097,0.02004667377556359,0.054736880446688924,0.011474208454203367,0.051465866930462574,0.03854491071045262,0.06953594578410907,0.05092589394155886
spot_0739,0.07421797817597889,0.04457010898263927,0.16069618079129613,0.04401213929352928,0.024206219409584638,0.06686634216125184,0.08153657745031972,0.1523078922165781,0.020762419455770516,0.050043209226936725,0.012719921204894555,0.13990321101236772,0.014998941684699745,0.03489632911389632,0.07415509084187334,0.004107438978383199
spot_0740,0.0038621544457184127,0.03808869087312375,0.08948284781023784,0.04225563965458959,0.0036164611904308526,0.1316210584620897,0.07967432999330999,0.07303272326621417,0.005996845220803497,0.022999971671787682,0.12356958640998303,0.09577111642022719,0.1269722217735123,0.07678183833029156,0.08220675202819927,0.004067762449481156
spot_0741,0.006117627818572692,0.005866658602986557,0.004828742785746103,0.026503267912921832,0.047823490971112846,0.09811010446302078,0.029643196694611133,0.13775003088047735,0.22618308161409992,0.08988926173360498,0.02609132555010207,0.057698412326691914,0.01898344343434928,0.07272095242894168,0.02271484977099162,0.12907555301176923
spot_0742,0.0574950750369342,0.03438225854759113,0.015590938670278897,0.026693807890908732,0.08165633754393872,0.09554194575643334,0.058742965093769965,0.09225554180738728,0.11460914767098015,0.07309879458385474,0.05719490653259223,0.10278776370466054,0.006418690111850911,0.03460221191688,0.1063106327511718,0.04261898238076739
spot_0743,0.09131083674973824,0.01956871817264861,0.108043173070854,0.22225650386407395,0.0035109042598744575,0.013695436816410356,0.0895084346298501,0.1645955860986633,0.0012445415750959009,0.001300443105380496,0.16739599524857612,0.024744163449167658,0.01325474996110332,0.026036460943207294,0.05253463927571311,0.0009994127796431069
spot_0744,0.08487145660670123,0.0026639779667586372,0.004427104655540888,0.003154336090061102,0.004752001990230487,0.010628957926289357,0.076906794135321,0.08774881408959753,0.30376854984973106,0.24670827735980602,0.002148543352612944,0.05506657542195321,0.003711350237568139,0.012354071010537794,0.016681104753853145,0.08440808455343747
spot_0745,0.1326449453642945,0.00407183471293612,0.0026430809762081936,0.200904162122902,0.005517781011203862,0.03219359487022817,0.024950906368734593,0.1573020617625444,0.06379500772194815,0.00783874513630976,0.16951944450319906,0.05619514880196491,0.04054016323519332,0.03203725096498509,0.0581846577350447,0.01166121471230316
spot_0746,0.2120115606476442,0.013329786866308159,0.04647575096696295,0.05550395959126646,0.005471289553188171,0.07644612948742555,0.21407082122870594,0.1555563538459378,0.02441148862156622,0.03158293561559539,0.01824823581595277,0.0024699349923566973,0.02385891976296613,0.07885397264357968,0.035302175744024174,0.006406684616519718
spot_0747,0.14378867809462265,0.18886711365792905,0.10236303447632022,0.08031446771108301,0.11366266166236381,0.05075495619396469,0.010782708589015692,0.037448103152069735,0.0007953063675354345,0.0009994995040456256,0.05083509617443871,0.15196249699223505,0.010484485505114592,0.0236378823552445,0.0325552751168109,0.000748234447206317
spot_0748,0.006655193518208929,0.014699900385056043,0.10816167376117003,0.045615258445876765,0.08059279884405499,0.11204800772058768,0.08257513826477875,0.24774859331873003,0.04734578552849636,0.04098881599611609,0.008543998836763015,0.004626746060671522,0.08949852023027136,0.08860178320832117,0.006015542989614195,0.01628224289128309
spot_0749,0.004796983198631355,0.06187002045842525,0.18916074382588735,0.10731465382677054,0.011952392509100058,0.005064405167934616,0.05899525091623048,0.13115287097847106,0.08800732341251079,0.04239744399506402,0.00728625818819016,0.11731731352719676,0.07882178804705549,0.01737821515312676,0.004516266996182134,0.0739680697992232
spot_0750,0.0526304289354563,0.03942101996580858,0.07772254677481348,0.018152494611044095,0.10124843577524704,0.1498240883696617,0.022668928700903722,0.1306454552691138,0.03230236559230083,0.1302916078896273,0.020735941713583728,0.10373372032732774,0.01657485185750082,0.02485045600287691,0.05974030090906012,0.019457357305673818
spot_0751,0.007226122008116289,0.09245296882084145,0.19888218266334967,0.003940776738422087,0.02863804402759601,0.002202968311402531,0.0035282282442306656,0.0033603976333545994,0.2043376939507072,0.23747666656751934,0.0035853098417310478,0.15564599933130627,0.004566679324197192,0.0020915408607905393,0.0030024684689561377,0.04906195320747898
spot_0752,0.004493931872988186,0.10823494160411555,0.08477272006532197,0.018624271121910074,0.009975767289572866,0.16819967957510507,0.07993410635476973,0.08962488548850922,0.039086627944211375,0.015177018490469948,0.06723220117059331,0.12427811718466963,0.011089632499623428,0.019086914791238557,0.12664407470718733,0.03354510983971375
spot_0753,0.014446688062756178,0.03078720704711525,0.141600562595717,0.02504309601717431,0.07496588373935996,0.11195861550377882,0.16093218597696604,0.09402013173357607,0.0008827040107036641,0.0007407592107992213,0.13177688164326784,0.011563178107935874,0.02610869371589588,0.08689513181525588,0.08752734498178091,0.0007509358379170923
spot_0754,0.10778078493651515,0.07596714307138427,0.021504157495347155,0.04558956672347565,0.08943037431324917,0.11803905356218071,0.006991544366708682,0.13940194050977753,0.22869333020646973,0.01792755689403887,0.008238005498174092,0.005435357247294774,0.005130069435578406,0.06776462869599727,0.003335985252769371,0.05877050179103917
spot_0755,0.24521786685259062,0.0819224230612098,0.015860151104754396,0.2869557243243763,0.013136303011223972,0.007393732903088733,0.018718993169966357,0.005495315894576596,0.005833139026811959,0.053392088908447835,0.15185547967563875,0.012562512998569055,0.015741424853320116,0.0038153139557311985,0.05979010369845197,0.022309426561242338
spot_0756,0.13103860993206198,0.008099050259885741,0.007920726510247496,0.027591266632240825,0.017554360312001104,0.10083413567141737,0.11886995039736123,0.07870801669635671,0.19920122830146147,0.04445381532321056,0.04291640463574088,0.02181456301411804,0.03668738701184914,0.031248329887229163,0.044880519649157125,0.08818163576566114
spot_0757,0.16852460116730977,0.010598987948622523,0.0038910565048433455,0.05765661213569263,0.12545513462189073,0.007302246996124198,0.008518082647651344,0.03912294634836021,0.1311697276690093,0.06426307302589229,0.13095111860633749,0.06971295671973533,0.05384942949104984,0.03895388805889808,0.06264911746605793,0.027381020592524986
spot_0758,0.02951576640961524,0.10701495739858186,0.07613014329623773,0.013488610710096709,0.11609203843083436,0.19489283357937143,0.07051495453387606,0.05593908177788602,0.05489070451602133,0.06886220428514948,0.02022734271646513,0.06384055393808669,0.014165427333126134,0.03144452112639367,0.03832807341224321,0.04465278653601495
spot_0759,0.11514304934353821,0.1205116910220735,0.005960827623407115,0.01401488782632938,0.18104866816325596,0.02268967378722556,0.008417566924587562,0.037019256289798914,0.01921061056799871,0.07992866128173737,0.010034094975130288,0.22531265188776647,0.09637258015438982,0.04095423790550735,0.016215764138219985,0.007165778109033813
spot_0760,0.0009916418269978104,0.03167248426337826,0.026899704263338684,0.14525919400385118,0.0013227407182101903,0.1752118692402615,0.10408283811983432,0.07521414089512693,0.05378857645293039,0.05018615670779566,0.08047743751415769,0.0010378711849922944,0.04456266126992372,0.048725808830331625,0.09484233323704265,0.06572454147182712
spot_0761,0.0987199213808796,0.023540032786125546,0.10078784034399554,0.10256683783779388,0.10514786744751863,0.032064337568021434,0.017802284823983994,0.03588110346740361,0.18175197015202854,0.0457614875561473,0.0539072323061876,0.008773247430493087,0.026189066228010708,0.021914095075136444,0.08004195385959498,0.0651507217366791
spot_0762,0.025208710039937635,0.005294989907978496,0.00781867485234304,0.1344466027883314,0.015329784684228702,0.04822391950044766,0.18252411938723587,0.215178636849081,0.06847038617929047,0.02896634661940408,0.010213750068256899,0.01146049206316899,0.01346569588006228,0.08745683648712856,0.058012678787717216,0.08792837590538771
spot_0763,0.010615370995012006,0.034297797267010655,0.030264314473474104,0.0389148001128961,0.09363699957376026,0.02229724030548244,0.08897635082573215,0.16329256362699213,0.14547178556783125,0.041671922060974476,0.007312708206902712,0.06780383264901158,0.09453292106271431,0.06456595958965071,0.026445263530821873,0.06990017015173328
spot_0764,0.03965030425749003,0.08034486244640666,0.03550249323318668,0.01680192537120488,0.05489970878018673,0.12937465758228783,0.054834282882173103,0.15785754040987468,0.07864027635845416,0.07177269525634367,0.00881274886308577,0.13700297140711049,0.007575133664963652,0.07829189524301682,0.03329088675659057,0.01534761748762427
spot_0765,0.07159752813095764,0.021495581117065753,0.15438787814885715,0.06725468884229509,0.09476066843354505,0.05788263291563032,0.05512048302856541,0.02918529781810274,0.03341808847763018,0.15856994031122404,0.023730813111408216,0.0641405818851797,0.03215740712003096,0.02782409683282363,0.04989965079450277,0.05857466303218136
spot_0766,0.0010377209589492809,0.0037264068937699745,0.004456498453297599,0.006935998075186094,0.0009150036427982243,0.03319344660363542,0.12289766539333244,0.2263759152718334,0.011443575912480665,0.21759618923002652,0.023590172771119407,0.0010348181681354945,0.00780918894020683,0.10896389600690759,0.22222645433619137,0.007797049342129687
spot_0767,0.10301001840997323,0.021574368641579484,0.07050331732695296,0.1541308286338599,0.21425425754687533,0.07847830639698723,0.021779673007093606,0.04925454232974371,0.004119759831525609,0.05682107072926644,0.10157416022906747,0.00969688324255333,0.009201140205398322,0.013266661245117365,0.07377027260367913,0.01856473962032688
spot_0768,0.05425357093493709,0.0187574381917904,0.16696900891619681,0.03234828487271774,0.0679681824347363,0.05638939600725642,0.18050632228386748,0.07686022902671968,0.001842024767525315,0.0016003423798457207,0.10068807686738507,0.02286890853441292,0.0325772302649253,0.10567821737169938,0.07903875288163231,0.0016540142643520464
spot_0769,0.000679573721214817,0.3476134030589916,0.024961516443175995,0.1638302449194024,0.0005847927832924836,0.00604039371557297,0.03666587663063118,0.013540570329248759,0.07845430408678143,0.09215667758998942,0.038265041114185785,0.000471876022619526,0.022127631541717152,0.048210801571665254,0.07704584321073085,0.04935145326078041
spot_0770,0.15188403210235973,0.018534167868307895,0.16859956217399164,0.008084495728812917,0.010339542172521124,0.09375541447306794,0.047868534399212334,0.16985458170129936,0.011385560459258157,0.14846509437136962,0.04233598968706646,0.07587689940271944,0.005922552864289203,0.010827152054442466,0.02966672659219287,0.006599693949088857
spot_0771,0.002985712438808216,0.10832792130786653,0.06387550118426108,0.18097967414527535,0.06840699654203646,0.14402751857200388,0.09577235488023035,0.05926404533480448,0.049171015639573594,0.07887926320218899,0.03244772604109321,0.012802381918815171,0.015096012277013151,0.05716678882695466,0.010958483124191,0.019838604564883854
spot_0772,0.1291071866349805,0.022574514161992004,0.008223389566352048,0.04388118896993642,0.01655980499801067,0.24697955288897644,0.09056436618324379,0.19905935762065158,0.07407598024564553,0.022056301028102472,0.013635983411898476,0.0046030740721708895,0.032599153580847896,0.03744132603474767,0.02211309978423981,0.03652572081820383
spot_0773,0.026360595005701058,0.001659677992048202,0.0018843565561607314,0.0036137845377293178,0.25018475880239344,0.025265419091605158,0.022032859821870296,0.19167413531157637,0.07919351913431802,0.0425083578080524,0.009979191716921437,0.1493358199518239,0.00413826285868756,0.07068863583735603,0.08357975815503813,0.03790086741871796
spot_0774,0.2813768570354695,0.06117186899932688,0.017642126363216565,0.13258522355976862,0.007639631260121724,0.05715205553931309,0.016894809285463965,0.004899495515925294,0.02232136238340222,0.09604121143213158,0.10740721098748336,0.015013830075318308,0.06949308221947803,0.014661196580699285,0.08576597935570344,0.009934059407178153
spot_0775,0.08750034935827355,0.1470571173697423,0.12514282696992868,0.06908294801651653,0.028770634380981368,0.0027451592459852045,0.02189050360158006,0.03786583561560006,0.046716708450265286,0.09672170967848315,0.09831688213692513,0.04532833229195779,0.08527878387043888,0.013400784789889977,0.009013414644753661,0.08516800957867837
spot_0776,0.0012752395178799308,0.007409047508891798,0.01722512210330372,0.019943199522911997,0.0016276798815612638,0.2506784538470319,0.03808600080898663,0.203368986768025,0.0849820759262412,0.11148438417743145,0.005990603822879858,0.001084184166459493,0.012924424068038756,0.1149478493221894,0.008203007248190322,0.12076974130997724
spot_0777,0.04301635142023016,0.0036573746497148792,0.0038072079683229734,0.006385627418551721,0.03945819339767232,0.2390511594943027,0.015312911916006632,0.08331424774410473,0.17053027036843238,0.03109885977381233,0.017172008130990863,0.1065069661845634,0.0033482775857315503,0.02600590533454503,0.1794996841732479,0.03183495443977043
spot_0778,0.06092560064857129,0.011013563486690069,0.029522054338511315,0.2107567816244633,0.07633171488375178,0.03761915741012059,0.06329519137772836,0.14788403655621832,0.03457615603737317,0.0032879225510740284,0.1383951526044446,0.005765709297379317,0.05685431173914316,0.024440681660839115,0.0662242891708293,0.033107676612862305
spot_0779,0.17150611971581153,0.027719552004993177,0.15031775529198,0.03415870487376887,0.18698621338306065,0.06394484099571103,0.06288892278209152,0.07599290776894842,0.0025181569135900262,0.0019413448249835635,0.10067677621527112,0.03625319303338747,0.013593673214409723,0.04286785114911492,0.026266153727909462,0.0023678341049685296
spot_0780,0.06499775707718242,0.0029475556240469345,0.002979315970671549,0.005760811842183834,0.02622164537924896,0.16543506106575748,0.06395662093042533,0.18527590697264265,0.05641286497846501,0.1069877350796985,0.00915732944250336,0.05841349704542968,0.03562070290841821,0.10177469320245235,0.09308896066763904,0.02096954181323468
spot_0781,0.06546291813062488,0.08580446129661434,0.0808274882575018,0.08151211256200537,0.021582776707357986,0.038193139232657144,0.10921131217873281,0.07997902232685804,0.06562526067313931,0.11492089046606975,0.07001813015224366,0.06507264813696842,0.006346300581033198,0.05967148063639424,0.0323580794316861,0.02341397923011294
spot_0782,0.20443383123194983,0.005955772265368808,0.005644173764382305,0.17341723437311943,0.04575369654968639,0.05200033399948425,0.05159224457076738,0.012918737530867757,0.03305511781388167,0.08045172459113638,0.15309485768193276,0.04720782154813208,0.01177916260255509,0.006084721747017208,0.046592625327875496,0.07001794440184318
spot_0783,0.04460982670029909,0.20328234465155193,0.11215621565579194,0.05359790781818113,0.10722415897229594,0.030347048054607036,0.01595337686582565,0.07766217705070697,0.051431905929949805,0.0629165226493121,0.03782070100331784,0.07778523609929375,0.014470380932164862,0.03157740362599156,0.04105991196753663,0.03810488202317379
spot_0784,0.026215458719021274,0.009924407276224801,0.05368622468753373,0.02669068293544306,0.008370866388940815,0.27216206204711263,0.06732595819520555,0.03505899435547838,0.07432344924043047,0.17797823413942265,0.07924294767977014,0.0027534993168242673,0.013746274065023737,0.056655350943483035,0.06040480530468021,0.03546078470540527
spot_0785,0.07732943609640498,0.01325990680193784,0.016702229190775936,0.1901946101806067,0.008989655109536797,0.06671619779459784,0.08410922026160719,0.03056450172080879,0.0008418110782290935,0.0008589490390507358,0.29453356757414273,0.023482227200979547,0.009932031749787473,0.07183312322895567,0.10977340833416215,0.0008791246384164936
spot_0786,0.03812057196550399,0.012186950867431661,0.0073834479715776695,0.11927276990349905,0.13521404548415922,0.03834101922449313,0.06686200893516331,0.12775378092619002,0.1360849415561996,0.04417751527928963,0.04268005736556718,0.06711683936585146,0.05685063567314547,0.02996574118888759,0.022089819433106013,0.05589985485993502
spot_0787,0.03258282350474524,0.005020676830746615,0.004871700735180871,0.025613539077219638,0.0028566395171142314,0.061258834439314375,0.09657698697920508,0.17004846649139513,0.12068797804703475,0.15570809169260005,0.05079479603803628,0.07419020897284039,0.02472423108676719,0.08010489410757081,0.06010920344388713,0.03485092903634222
spot_0788,0.20747745422902256,0.05055168783493691,0.031655478435603034,0.12697624974412083,0.315488557279663,0.046704986053285616,0.028093762413830825,0.0164317299438988,0.0008181542777252112,0.0008742110854043055,0.041463842535372414,0.02827597990054028,0.02043697098417979,0.037866918402071174,0.046094399688380264,0.0007896171919649959
spot_0789,0.00805344548634265,0.0348906656958108,0.1467242740812234,0.12999115429311078,0.064818554704197,0.052885842820650474,0.12188734386728703,0.07397225306618896,0.002061891290966877,0.003981096080078525,0.12126942087077623,0.10300317286978798,0.008199864384395496,0.042320033648652694,0.0827747063277686,0.003166280512762498
spot_0790,0.0008435172784064126,0.015410305278266706,0.019249849130700533,0.06576083133302925,0.001071633610535043,0.16301519641709034,0.17730693686602644,0.14969187678140997,0.014775608525930479,0.18474201068724413,0.05638892469120704,0.0009007091675233159,0.009045019817296685,0.04755912289139515,0.07825744361634214,0.01598101390759638
spot_0791,0.06556406671383265,0.0035266374063680408,0.005026327805438939,0.1967386507233459,0.016603019594420912,0.057709412239681755,0.06237713935892937,0.02828126328548097,0.04344763915891814,0.07224753898296163,0.0977864434732796,0.051443425028192664,0.1772756565025035,0.019877669851087392,0.04881496898958231,0.05328014088597626
spot_0792,0.4269423198056637,0.09095412841394464,0.0867512579644228,0.1003170367221175,0.19822108769410093,0.0018466170064773634,0.008606786132718328,0.002024915632256371,0.0026136017690977734,0.0036606947540482834,0.004029288313156743,0.0509307044175318,0.015611620711103063,0.0021851810389313764,0.002269462153388906,0.003035297471040391
spot_0793,0.1582901094879572,0.03154844602457449,0.06374230674080382,0.02862615879627991,0.10209011235202693,0.008332329771820282,0.08708399877206278,0.024904089808545703,0.11617768743942905,0.06699729268344251,0.007969018528081587,0.13949648388067637,0.020240400089406203,0.019015732060879434,0.10002970155583572,0.025456132008178003
spot_0794,0.0008352528049164829,0.012959086600570822,0.044775763432130154,0.0891486892373962,0.0007170646535217562,0.04471633662476468,0.034361206609884516,0.00863248229959609,0.08903787223950321,0.05276980827945846,0.14625226964106136,0.0005531913919119097,0.1803127853488092,0.02304924008528429,0.13117638894619474,0.1407025618049961
spot_0795,0.018913749994703435,0.008890960036416028,0.02605029854896073,0.18631473834944237,0.06100468390496537,0.01318145056424987,0.06417520994803914,0.11955082566882591,0.08825759751000326,0.11097190211643922,0.09379912964965674,0.0061485457599722475,0.012454591452697929,0.03256736308214804,0.0784510880085813,0.07926786540489841
spot_0796,0.09759253513328371,0.09275595995631063,0.0210914485233289,0.0342615637304895,0.06836664142172508,0.1965400017767858,0.08291692939618782,0.09243429350209553,0.048570866936721024,0.0040455282712182575,0.01732281835853385,0.04175281808911158,0.004635787582476687,0.06387371038429147,0.11585650057691278,0.017982596360527386
spot_0797,0.0008151685784115891,0.011848927907668031,0.003969175874400051,0.11242497905742764,0.0006903982295093007,0.008144990838486995,0.027370679054068637,0.04829257122048145,0.23512864533174208,0.12430821227718755,0.09386922215169109,0.0006030071321980156,0.12763890913691975,0.05402328493479414,0.025687131134987086,0.12518469714002659
spot_0798,0.0010339998903370036,0.006385721004030524,0.011207433944227583,0.03038894834140962,0.0013923325182715368,0.21416849514558745,0.07897183031304697,0.11883767521810543,0.1408570156339347,0.16187176847566845,0.04543892425470997,0.05350676527722902,0.005561262996208449,0.09525719915882568,0.009000638718949934,0.02611998910945768
spot_0799,0.2499888111155233,0.1533035087285932,0.031925836522862856,0.015474096361615947,0.17922631589401672,0.013988269518139395,0.019906500369580388,0.06178320304164695,0.038229234181886985,0.022926258596811827,0.029061184407724597,0.08713180325281877,0.03003553344494715,0.012874474581419515,0.018453288142042494,0.03569168184036992
spot_0800,0.007037928206724372,0.011966454005083145,0.19114803661051458,0.06433489549739782,0.006998321276061089,0.05964628722171501,0.07523153972734883,0.09601918015032941,0.0668484805211626,0.0160989239951463,0.08742701160538663,0.12555644347154268,0.026860985205733906,0.07369813954975607,0.011512225404646187,0.07961514755145135
spot_0801,0.1795777226483065,0.001525818318638128,0.0016075885232706335,0.0018899644792132442,0.17155747278266956,0.11284547630624985,0.0054531990042743055,0.1459309433090781,0.01729907263380673,0.08979259260202228,0.0025297382789726108,0.21810929750001443,0.002324320517980124,0.032101600010984575,0.004477994748771133,0.012977198335747798
spot_0802,0.25820733841196536,0.011660716174920307,0.04596370393066916,0.0060411938941055945,0.1225883532484763,0.10986802135803587,0.03788426440365668,0.02203297783829425,0.07677200490853478,0.10713023371583483,0.0028802854549249243,0.020247196742925286,0.007638796848392525,0.03376121465508218,0.014939289429041701,0.12238440898514025
spot_0803,0.08933522715813443,0.08997504063596715,0.13519581575386996,0.11026701550665709,0.1303778118719333,0.12175880159789741,0.06851475660014862,0.040443385868377445,0.0009584073631665998,0.0009433850620290112,0.05905896518282079,0.006492670212567479,0.042073353933796694,0.052752195591771626,0.051151495778377146,0.0007016718824852291
spot_0804,0.0015793881705438262,0.27396318886632964,0.013358359224073408,0.013525422164201913,0.001554906801873918,0.21167016484936957,0.016963572511175577,0.011610530941955853,0.053656137625131585,0.2240994651146503,0.02964750630787836,0.0013762859983018115,0.011410970557392623,0.019261069040030453,0.08079930650513406,0.0355237253219571
spot_0805,0.12982106641501423,0.016844123500578075,0.25437871959195674,0.07250223665626375,0.0923887736886901,0.004163724304141238,0.050409412451900205,0.023267821572970922,0.054529845775725255,0.012904462899293716,0.06065381786482304,0.08727339461838372,0.0631417096474453,0.009995190725820892,0.05037816079426085,0.017347539492731937
spot_0806,0.0020785602670806685,0.04959370677495959,0.12955993722351714,0.08708219274274792,0.003509742157348646,0.024203609685928214,0.08098615759503847,0.0588514204424569,0.12514554243000814,0.07489041019655922,0.03851790460725985,0.0825899025399784,0.1325671621123832,0.014114354696103393,0.047919657922509115,0.04838973860612114
spot_0807,0.11351550144701425,0.0525355055391923,0.15125387332128712,0.06993409853561265,0.023422370170087647,0.09353568033856625,0.023742661916925374,0.035825191282178405,0.11754141989828995,0.057374544923404054,0.01197759085093913,0.14407586895750304,0.02644636540760743,0.042835616179094434,0.0070627275796611485,0.028920983652636803
spot_0808,0.029428797020896947,0.03782816721999743,0.13196973876134135,0.12923414179810572,0.1649830693538137,0.14046087755489534,0.09843828979490564,0.07175887207170233,0.0037891902805901115,0.02745555633314094,0.01367736631565665,0.008788260924709553,0.019955440438358982,0.06729805799996028,0.04466887714397073,0.010265296987954286
spot_0809,0.07734463135281565,0.025180773609847985,0.16847252914416486,0.062050441447802314,0.01514694041523362,0.1472049235964501,0.10463049263657316,0.19420798333174022,0.012357276652249588,0.005434260440052611,0.015422228914758326,0.007768357224162964,0.023983464495298337,0.05613857441286152,0.05868964094500689,0.025967481380981847
spot_0810,0.1763724979178784,0.014584843926695467,0.006541754459845191,0.17966531927446108,0.17565736206239252,0.0015241504024773372,0.007970069807332256,0.0022714157405525305,0.07007093263764226,0.11889300606239982,0.005070023874432458,0.16879459751078127,0.007214111049686323,0.001635358788108169,0.0018885388466576049,0.0618460176386573
spot_0811,0.012654516460826583,0.2884039021478999,0.08222747817845491,0.10892564959297267,0.04566716721368034,0.008578661724876546,0.06955233680726038,0.04825418079976448,0.06106304810313922,0.009803265777973628,0.0258564043743293,0.02653258988447472,0.07166742480170614,0.006964715717915747,0.046548987127288825,0.0872996712874366
spot_0812,0.000945094217046653,0.201951620193598,0.12118513230580347,0.1768651920690733,0.0008917677782915938,0.005000053171960955,0.15780696903507319,0.02103955694983262,0.01812753972324157,0.06202574564588998,0.014167629912335004,0.0006572220830062184,0.07784073012248091,0.04649106155056346,0.017204356158227463,0.0778003290835756
spot_0813,0.07218203685620901,0.013053996695137198,0.010122605355255878,0.11579349220567219,0.05291442685506789,0.14631143904316346,0.037518855510596395,0.028679952925237416,0.09252487216300218,0.1563135816016451,0.02371492131563166,0.0904635131939492,0.06592974992188735,0.04822731078051085,0.009427246354514989,0.03682199922251923
spot_0814,0.2572494798472536,0.003804271099432788,0.003987958677752773,0.005112971299992959,0.030533478933265534,0.20149231908499857,0.025740128267175068,0.16493361873638526,0.05046470990529918,0.05440864474488819,0.006990445028246656,0.09962357089249331,0.004323087082805448,0.03304029144921285,0.03902604375962426,0.019268981191173554
spot_0815,0.0016282082162543305,0.04295744684057792,0.12548220056532383,0.3547013414366812,0.001531404047494756,0.0025058458880633573,0.017122545225003342,0.003120508654823836,0.1648017406989433,0.025771113787042815,0.13986684760986096,0.0016004477135051392,0.022550668410615024,0.00369690480901322,0.028144659341814187,0.06451811675498278
spot_0816,0.03799675035771145,0.04997770375733873,0.042766735121383175,0.13123877838969938,0.05336088283103348,0.09936513345081859,0.14130833030467008,0.12043318226546948,0.03485024351091951,0.08435673199639239,0.009105725201944137,0.014147220626729566,0.0711944134315564,0.05519905733056161,0.011055393125936773,0.04364371829783525
spot_0817,0.3000688789433823,0.0009181682808584654,0.0008737261308410512,0.0009184699301868749,0.22185366059923248,0.0008745534006136952,0.0008353142228042013,0.0009703885922086434,0.10771073528471219,0.24036426657682192,0.0007936815731017685,0.018395042243343745,0.001180116766288718,0.0007821949632650008,0.000727306146810687,0.10273349634552825
spot_0818,0.11787013377481555,0.021700943974859322,0.058344195399041884,0.08587057899599278,0.0143190314045029,0.07630616561773365,0.06840328078936347,0.004529434521241965,0.06466503307354954,0.2113021601471223,0.06981952261258863,0.08541387349700266,0.011743277890529832,0.005926752285465779,0.07712903920950634,0.026656576806683388
spot_0819,0.07814676148813068,0.10125256054826894,0.0641354330090209,0.26145358321354584,0.017320703121788347,0.04209176682537244,0.01142669747266736,0.02501180594979091,0.048874856924927046,0.030535734970922657,0.07235649325749396,0.11743948824534124,0.03237564023589608,0.01756376961933081,0.006915009586149185,0.07309969553135362
spot_0820,0.018455995859075414,0.0033686056556111645,0.003450065596414829,0.0047034390418732456,0.005412122687380293,0.020091325706157605,0.021309472235395557,0.09904064256411586,0.36187923965973107,0.16194085067972566,0.017335165741706154,0.025649958195885905,0.005841888458997647,0.04631911065741042,0.06775180025947922,0.1374503170010399
spot_0821,0.016860703052024886,0.05331904078851823,0.07429650416563703,0.006424186122954286,0.06601245956940403,0.31061983742108257,0.03484164263990259,0.12666607476575428,0.03208539593326654,0.01810266217734199,0.004807338141385059,0.14598269451278367,0.012355489958966369,0.08040846357412182,0.002398631310920869,0.014818875865935797
spot_0822,0.000614554860567578,0.16951165515760594,0.2612101030385889,0.12079879752389736,0.0005139241418470983,0.0034616367990919663,0.07763963434979611,0.01375796108380077,0.13211598063831667,0.12150180972985224,0.028724732806984277,0.0006431440874979222,0.01564565892835413,0.010649409598842337,0.01939981266983975,0.023811184585116968
spot_0823,0.05577305489937206,0.12302596385616293,0.06929639820146359,0.005660138439952162,0.015652992854142643,0.12619032437915417,0.07522455968967237,0.1765342393229227,0.017682010085288156,0.14036918109547591,0.004503017721323543,0.01065408702469279,0.02791031411842261,0.11588551311382676,0.007135297436952196,0.028502907761175394
spot_0824,0.013882753324003015,0.09008998150657418,0.08804795759743243,0.05438785041548058,0.007552591617249718,0.12265586081967199,0.044482370764668246,0.045874606244836594,0.15200807274363273,0.08839250360540772,0.0980758984301831,0.06919590959373276,0.007241820794445346,0.02204560046361326,0.0484168707052177,0.047649351373850624
spot_0825,0.06791824530470215,0.03776792146279765,0.01623205262690815,0.07941371553587503,0.060904067365115944,0.01943520212013288,0.013294613978638688,0.0581970391318884,0.1273014314946703,0.09443625163301682,0.008693823628367545,0.17599593559508664,0.036818465495605045,0.013192101254272942,0.06541414922893347,0.1249849841439883
spot_0826,0.24932731600123464,0.08140415961899898,0.06416280611335873,0.13080873159468825,0.16202034023515124,0.010946915933408574,0.088545336925126,0.024693235394953737,0.003377555969696683,0.016020120350348176,0.028493780474128358,0.06929709392246163,0.021951799454510305,0.02529699752715946,0.018207986021849115,0.005445824462926109
spot_0827,0.0016084857663026468,0.014644793651075759,0.030990146200488018,0.01821305006828288,0.0018509523345270435,0.0225821644011455,0.13149015421515403,0.14726728729854088,0.3109492864577805,0.09459450294681258,0.007731283521762983,0.0017432931829032881,0.009645840626826606,0.14741020718829442,0.014922637005914946,0.0443559151341879
spot_0828,0.1389190228371345,0.009833778768510392,0.019416398176421986,0.08218561974211806,0.011158836121780428,0.03645747996914602,0.11738553880661015,0.12731314121118728,0.057390044543685015,0.013432175619647683,0.13337846225230554,0.028628538520915726,0.00884587445775999,0.07579614686627867,0.1093303110930685,0.030528631013430063
spot_0829,0.16974155020288073,0.006522333752849515,0.021089295460885414,0.017167651440727974,0.06761552515161573,0.13697448547567503,0.04202915528908406,0.017571462253042586,0.15589268633405506,0.021980982967942944,0.12968684656683854,0.03351415324593799,0.005615017317508716,0.023907824945431408,0.11575347484635841,0.034937554749165906
spot_0830,0.017064712500171886,0.025342029326377923,0.06473171182276086,0.03449836355394581,0.2232038677546218,0.09888580118547897,0.012791114272855593,0.06056078580172275,0.11598972074469886,0.06568955921343902,0.19766438437234074,0.010536602010533573,0.009883341900627032,0.027570118570915046,0.023129001018035153,0.01245888595147494
spot_0831,0.020030331874013332,0.14108527104176724,0.019558290283845366,0.12736980452514035,0.16938489335516954,0.047328384869414174,0.050322988257417156,0.08967309862822538,0.016893718819227167,0.005798839213005914,0.0835208868138598,0.09441323156843369,0.040270288168157926,0.054442628326097774,0.031032824167900055,0.008874520088325136
spot_0832,0.00300466636799258,0.17022851225316998,0.02011424968571026,0.018414882970399997,0.0034597588830284067,0.08673976195557982,0.0034026273263003466,0.003535093583065026,0.22400751554927228,0.17602916591952866,0.03694135706085663,0.09052234064318819,0.00426355632697625,0.006411110020829525,0.007785515496038011,0.14513988595806404
spot_0833,0.00035688945566595776,0.3270091547897656,0.06427570690077723,0.10669967638218472,0.0003930716463553085,0.04726410685767384,0.03870926669860856,0.0198577294459546,0.06113405524534593,0.13799402089592663,0.010147675432639695,0.00039280159914836425,0.07077689002922447,0.03410186394891852,0.043703535195831804,0.03718355547597878
spot_0834,0.06060844358806717,0.03700428160570477,0.12468965607466839,0.2376271447882251,0.037596691662054975,0.004998288565678518,0.10572505427896013,0.013262172609477851,0.04197477066739057,0.010780198751559219,0.1157095992247192,0.08207288027710576,0.018925619994732454,0.009713573341574213,0.08894939593269997,0.010362228637381699
spot_0835,0.00893893782081752,0.01154790721746873,0.0056647309978112535,0.28261913106729675,0.06851812346702421,0.04856516486764207,0.02558318878369199,0.09477341404727992,0.12418916838049285,0.0072407514568160304,0.026882438001589282,0.05104584303775731,0.11003485523787872,0.01900507399787978,0.00555723214334187,0.10983403947521173
spot_0836,0.07349833526814818,0.15456188069303692,0.12716123560317164,0.04949969163662266,0.02467202442911593,0.055122680706104196,0.06249541326318448,0.024538311045331114,0.0964567367038341,0.08527316599808905,0.03135311685453199,0.09336914952515135,0.013651697598280325,0.01670876407040028,0.05322638831623211,0.038411408288765644
spot_0837,0.14335620572940644,0.14095822433511757,0.058725752753386075,0.16249784360549105,0.03839740915895976,0.027947887508362277,0.03488948864259473,0.05764991316023844,0.018688111963147663,0.0296087284258889,0.0967071788801088,0.06485874888655921,0.0381101606519366,0.027072232443474033,0.05529952879818439,0.0052325850571440695
spot_0838,0.0005142548981945286,0.0629695107791991,0.24547196366247295,0.019246498082588853,0.00047885382196392927,0.0015559088288373286,0.010460128513392956,0.0032254626470009247,0.0829550101809225,0.0955090878311868,0.21748193208647423,0.0004776387831436837,0.01717248219762139,0.002630025020013698,0.09205727433267145,0.14779396833431568
spot_0839,0.010722968439153002,0.20086469914341687,0.027764412550332268,0.19507073070006828,0.07544097677605997,0.003993302670904662,0.054869434438146285,0.003303535704514504,0.037840198242668786,0.08502285887824367,0.12813060997999584,0.006041485660510519,0.06875612911543445,0.0032382798977185793,0.05387020582139182,0.04507017198144049
spot_0840,0.0942935888666293,0.1893001087648214,0.1284194526531006,0.02794269678116829,0.009906483472686918,0.1250704067882088,0.03319044394834686,0.011346540090467762,0.001030299818120212,0.0017563986687584572,0.10853528961298843,0.13965217054368148,0.006667136949919274,0.015942308838189267,0.10598300622083538,0.0009636679820775935
spot_0841,0.0748764855497653,0.004265628596468668,0.005151985965171512,0.013395184913654625,0.02240266050921699,0.04902657020936751,0.2025993485079844,0.16663565782413775,0.14793933191895534,0.03057994661051301,0.016356353194296562,0.05243406773253205,0.019323309697978196,0.03315849749700092,0.027962543046715894,0.13389242822624128
spot_0842,0.0007629214041244477,0.02544071411533959,0.02065414388576431,0.45638989003764285,0.0007837565284237368,0.004843153043433295,0.03150355796841721,0.009650143510915398,0.037270954647091126,0.1261457541214968,0.1379009669894043,0.0009039971964535234,0.022262089054864116,0.01675401542501587,0.07867339090374216,0.03006055116787128
spot_0843,0.06166111021389359,0.08163541422102967,0.029288427029727043,0.12148407075992414,0.00523197734754963,0.12740055589070126,0.13397684920128766,0.2023590013781648,0.0007996215639078311,0.0006522974058846422,0.08543845109340872,0.0012044841518445185,0.04131302155091018,0.07222441650036966,0.034821654883815695,0.0005086468075809516
spot_0844,0.012646734774385309,0.09618313802466216,0.14859125642001134,0.27688332348095057,0.08774302596996778,0.019471117464124436,0.12154880424692391,0.06690187333602911,0.0012871610881088097,0.0008367145077143114,0.08306333040448124,0.003420874411023615,0.03820514121068965,0.008591859767872525,0.03370696307575686,0.000918681817298345
spot_0845,0.07140900889657682,0.005320111149941794,0.008115930128992376,0.04350491228556082,0.04928142602477028,0.08269244265827576,0.03718206248342201,0.15221941050546456,0.10401743438093612,0.09189800126771683,0.05835541287593709,0.1256909834173198,0.007874220518056018,0.08171444988748225,0.04784509928510628,0.0328790942344412
spot_0846,0.2675452903834883,0.02737432661689615,0.02713782426966859,0.0726013769567447,0.006810610470947318,0.02430438891011504,0.07253885100094921,0.011425089106280454,0.016784837720554623,0.17218478440811613,0.0934617204875701,0.010629342484784877,0.02029659297771187,0.01736057779485968,0.14890716207051932,0.010637224340793616
spot_0847,0.0043724356854636225,0.05399742153527012,0.0787830093394348,0.03231324516337777,0.00495185788188462,0.023278294995219873,0.11860995286748932,0.16171129732698072,0.17714935190026507,0.06456668157100498,0.029757777677994004,0.06038905264550938,0.012784849703333058,0.02416585801601652,0.08736329718166318,0.06580561650909299
spot_0848,0.16712064577399294,0.014638549426429366,0.023959232520751005,0.13396265968909998,0.1904568872133345,0.0106601126791121,0.11959911949722042,0.08241798136743525,0.0008861604824817195,0.0009136115444188868,0.031057807327398324,0.12127606020391747,0.03292203665419161,0.03167845745608655,0.03738134074734351,0.0010693374167863566
spot_0849,0.001459999842121739,0.1547416065051094,0.11821072483629541,0.11724435008089548,0.0034757563260432636,0.0020631378616711507,0.004904927882489265,0.002381633776490729,0.20031822872026017,0.15843774464434382,0.08155047741947728,0.0013536219056538552,0.030612680938091875,0.002626908524367953,0.01716153818574339,0.10345666255094521
spot_0850,0.17836333081427902,0.013921510405905013,0.06437895336808741,0.06492951562278006,0.003409062370444607,0.16251526420889773,0.10240207935747912,0.1068679173621493,0.02255664022557088,0.05409797726389568,0.017263187283614104,0.05379774077852172,0.03012122379530323,0.02744954569925528,0.022232557603998022,0.07569349383981885
spot_0851,0.0004968262934772212,0.03977365965613325,0.14470709954725688,0.01597460738269623,0.0004834108455902291,0.062381450808308474,0.05453873015189557,0.14291502153873786,0.0800893209867448,0.14693197840344183,0.00985839100832947,0.0004242823043641294,0.06733381970992161,0.1377335467311247,0.0223598989923803,0.07399795563959748
spot_0852,0.046429163906811045,0.18913699776067328,0.045525074437718575,0.0765633820455959,0.0046046773218640135,0.03216596414819125,0.08845565309040115,0.08574326230076602,0.13053979456300502,0.10294153264814897,0.030124417351637813,0.0026001452924944318,0.045255007169830185,0.013222067545210636,0.06465944898195335,0.04203341143569839
spot_0853,0.042865533026170466,0.01636895285513653,0.00950204677326125,0.01894887229967578,0.024141533264594416,0.046586638023672855,0.05950470132280096,0.10599768568015855,0.13607443155625842,0.13978955999260365,0.1030271033464583,0.09748090904874303,0.004875553683252178,0.08348074782930405,0.06776307268767433,0.04359265861023522
spot_0854,0.006570609529352187,0.07841948221362274,0.039577142627702566,0.03787107129770812,0.07638079335654593,0.006002940125315625,0.02444787472997771,0.004555014697941569,0.07532362045199753,0.2815547183302519,0.016916863477589642,0.15079976318499122,0.11923482281448786,0.0057289661519731,0.029937276227094675,0.04667904078344759
spot_0855,0.010904502026164952,0.020631941903408352,0.028248172377841,0.11106929780864325,0.06598599288166458,0.12955545836024282,0.09742602510855235,0.21305920517126353,0.020913373974321033,0.039557253535603853,0.053929255909856935,0.008148244496111592,0.06945697311765404,0.04902700952389513,0.040200498584669724,0.04188679522010686
spot_0856,0.12511636308319424,0.00620658344945581,0.020926464707689472,0.05306636843614971,0.08427740728624808,0.04696921984353693,0.03573470091412905,0.01886587244513814,0.09633072436261379,0.09000828277108434,0.10584441659895825,0.18475527235006112,0.00984611558361513,0.01409645880984651,0.07951265999611348,0.02844308936216595
spot_0857,0.04669135982860744,0.014218912584438028,0.2329359388745453,0.10067216460486766,0.004680672403208823,0.09539604077641511,0.1462914668509625,0.09132672433140704,0.07869247405693681,0.02062915739560288,0.025405940263344987,0.004699038494684623,0.010783882291400274,0.061049101436592104,0.060427156041841595,0.0060999697651448114
spot_0858,0.18339745224422968,0.020379499830849853,0.012923881926387685,0.04507830051779679,0.10412611140443485,0.07263382744201914,0.11598754481200535,0.09905392065909346,0.0021936742918362757,0.0014380565406744224,0.07324925763830764,0.07207762590925974,0.011744555724286412,0.05777555818121181,0.12455124170660477,0.0033894911710021175
spot_0859,0.06295103389745323,0.03853258279100153,0.01486751118836605,0.0374216808954767,0.16645963590677598,0.0896270884517008,0.06043465791541538,0.12549528136052573,0.10032242520734944,0.11382365716236333,0.02233206063815773,0.01804962502703694,0.049087252307537174,0.062167357381098055,0.004731799536158521,0.033696350333583425
spot_0860,0.001080258626817593,0.010977224333676351,0.03643919055906062,0.011546084641140594,0.0012167102199414754,0.01483413992574904,0.1805639535329885,0.2881901660674112,0.026022968616870864,0.15949816606898398,0.006307514930400029,0.0012430562270149754,0.04000551230367771,0.131107950812615,0.04048592988536666,0.050481173248285396
spot_0861,0.1563065262591845,0.003361804501202122,0.003439633477545135,0.02526003709807784,0.3112406122841464,0.014916653573799166,0.03555538409267184,0.07049933353575975,0.07928884533374865,0.024764047718157267,0.13584996800397917,0.07050919671778329,0.006347540510201688,0.02407708387816445,0.03060987483840407,0.007973458177174647
spot_0862,0.00773830795750828,0.29721199098253837,0.1942364711294186,0.13282998089251372,0.20804552540050233,0.0018121419780948419,0.008728750819804745,0.003525490817342189,0.001158084153934825,0.0013650043230937629,0.00833678733304875,0.08302945968597393,0.04506894957565678,0.0035783480333961546,0.0020676698648038863,0.0012670370523688614
spot_0863,0.02425906990527323,0.00682978299591905,0.011883166015206864,0.16442215927631654,0.003588612199083929,0.038685847843469255,0.05252242997730642,0.04180527670268796,0.12144597811920145,0.23609907689540338,0.12070386613388277,0.04192372840423246,0.04431702482328974,0.014858143982075748,0.004102865927740554,0.07255297079891064
spot_0864,0.13858487177275772,0.010756020246916876,0.011178422097385336,0.025519858230333967,0.06885127741815503,0.015659117357032792,0.11374931619900927,0.08457430692523747,0.09881936235721667,0.04246651041693016,0.015199428080744799,0.1398929536827345,0.0208332133218884,0.014446956521207158,0.03084172822098719,0.16862665715146266
spot_0865,0.06714789313594753,0.04243771900897232,0.05332563523003319,0.1529210841304407,0.0026231462848531725,0.0017513526508107918,0.0027261200485437166,0.0017790129041747183,0.24831274771760223,0.13784515642659068,0.04532767049385583,0.005746875151809627,0.07656937133743177,0.001382944283489771,0.00229578815038849,0.15780748304505546
spot_0866,0.15420390315858734,0.13052257628534913,0.01107289572571851,0.04391016738441104,0.12624735262403658,0.07956392354440363,0.13163375556138088,0.09673526979266904,0.01955258599408067,0.06193377788586712,0.010290672898153328,0.011922992729580313,0.057291355279877,0.02043850370211821,0.00788266035047789,0.036797607083289344
spot_0867,0.10587483426672853,0.007989958150612797,0.005340696164040071,0.0561004948705156,0.045473095835599026,0.05004646439264881,0.08526732282305585,0.09438084466665032,0.042869018627998544,0.1391033354442604,0.06506291264137688,0.19599114309730367,0.008542008419457814,0.07005066826095499,0.016431869187944457,0.011475333150852226
spot_0868,0.0005530877823080792,0.025481574787187853,0.10918777094411382,0.05114475943412079,0.0003549603995971577,0.0785397460805469,0.12940848711845293,0.15861807929777844,0.1178028566502585,0.010700089795879695,0.07901247573142552,0.00037473869637337975,0.025089119195993867,0.04813605170063834,0.1275904427719854,0.038005759613339324
spot_0869,0.01769610805358493,0.02247063455133715,0.07252808543066404,0.09831316274554378,0.005639085342319948,0.07858978741321047,0.08296265118930927,0.07516321343992526,0.0655362457952908,0.15430442643147585,0.04175468266642395,0.07288252235352911,0.10234660143137707,0.060210761812446924,0.006168177358828402,0.043433853984733053
spot_0870,0.008081111052868503,0.07340568884008007,0.13462859309511607,0.057603910907301256,0.09141932885875555,0.07066245347955658,0.10593542536675893,0.10386981591295913,0.021360978522944503,0.05372605249722022,0.0671977653401998,0.049257953147055195,0.026940154662816948,0.09169734163586381,0.03525414939331155,0.008959277287191874
spot_0871,0.01799823176734577,0.006932658398229254,0.008742139841879739,0.07562471934684735,0.12993285368333862,0.01962058280605639,0.059443692539818516,0.07956038428061898,0.2289242247396102,0.11981260213431763,0.007596937908824175,0.1334967002627096,0.014534033076596734,0.03548597112543261,0.007363898721896108,0.05493036936647835
spot_0872,0.03703074646780238,0.012775304354697346,0.00967963276983355,0.15233137490043303,0.011762541278097328,0.006879216380123214,0.24687681494727048,0.10394887805544471,0.0008084247584751236,0.0008611997881764682,0.052549994550403434,0.16083619215153722,0.009069052017082793,0.012448581698426579,0.18135907716454253,0.0007829687176538118
spot_0873,0.04850527504299392,0.10807841176549914,0.13940090738913413,0.08672287476347615,0.0035509874612264887,0.06611685532184348,0.07147609886904176,0.020836662039377164,0.1270429358092488,0.08167420758169207,0.05619367931416029,0.0036198752084890934,0.025899386547139695,0.02273338129468596,0.06315865070371807,0.0749898108882738
spot_0874,0.15281283180649208,0.02574486862279313,0.05545216211939416,0.08008701462516081,0.014454985153465369,0.13515974816170523,0.10187984428069453,0.07585326428215364,0.10300159692588697,0.014999513882986221,0.02075743671747826,0.022110385888397848,0.056255189416567444,0.021258443934207238,0.08943105272563076,0.030741661456986327
spot_0875,0.08455427929296785,0.020238941910315864,0.05893496043593996,0.08246985653781289,0.05576405509456022,0.08727339649000304,0.04541013283150321,0.07719939360624668,0.06869063293987256,0.17659685844885278,0.0692645216685303,0.0712809321074142,0.007847187362871395,0.04687467633209358,0.007917131489485885,0.03968304345152959
spot_0876,0.013211326347461038,0.033001964064682705,0.02072235963525864,0.049700761661442515,0.201416767040156,0.017583801462708715,0.052606952420122095,0.045448758932953866,0.11484840829120542,0.2385585872634389,0.0502974510150525,0.015873742268836376,0.005869909682557212,0.03431336033360573,0.04616583350503376,0.06038001607548456
spot_0877,0.053141560065022075,0.09561136329290705,0.1377066992342558,0.015897990381303306,0.031000264154345238,0.12314369877794666,0.06501613994269449,0.11868432968122979,0.03927557861644437,0.14587932365863793,0.004437003605190562,0.00496373774007315,0.02871941088737961,0.05954952169996901,0.044351182336448115,0.03262219592615284
spot_0878,0.09175938713008415,0.019070188124252686,0.00864273033308846,0.1278004761518667,0.07185171498146442,0.14852143286789446,0.009826038566421589,0.057369409475549665,0.1139698519351674,0.04848054608118381,0.08826046287469834,0.025839218649476813,0.04088384793313107,0.037393221547080746,0.0829728551145592,0.027358618234080485
spot_0879,0.008275368388399526,0.0475898188797392,0.014980414956419129,0.016671980765590705,0.005853223181057475,0.2732403706983761,0.086309255771084,0.14867179813357204,0.07993668217153145,0.01468877346014335,0.010535610768445003,0.12219595625898595,0.004609385594458019,0.0791624077876157,0.05637685824464072,0.030902094939941612
spot_0880,0.0052781758616163126,0.037728228424911865,0.02629845533610256,0.011206323200243699,0.015960025978926103,0.12796903789120678,0.04996224350613338,0.08876060554067577,0.11845372598335557,0.11890548606531479,0.07220732874921088,0.05523919772678912,0.05417189770351952,0.08527908038917151,0.06091973389971911,0.07166045374310304
spot_0881,0.003360104129453497,0.11117904799707418,0.010366743349599616,0.015484024244259596,0.10547485495172422,0.19135912542133543,0.04479178746504288,0.1245951221217854,0.056377726645746216,0.09492817676248219,0.016438170646191016,0.0264825892173073,0.023779016285673367,0.09757626835798376,0.06477168759274815,0.013035554811593186
spot_0882,0.014485409431182176,0.027942752333619286,0.045434929364193945,0.034543218452692176,0.04765152948455619,0.042726019505724355,0.05676093041985879,0.1296470599803561,0.10361228916374422,0.07158980245389128,0.14140323849017336,0.0315982753619331,0.021193171889724544,0.06642186022179943,0.12889871274144252,0.036090800705108526
spot_0883,0.005729946113130393,0.1393907083829443,0.08413390569188132,0.1096162277901365,0.1327188100958944,0.0064713598277435355,0.09067301242650615,0.09584316166854027,0.019536942105829014,0.015386335813947712,0.013182165470269585,0.22988386940476457,0.02428452016808475,0.007378908800844561,0.02023328765630207,0.005536838583180864
spot_0884,0.011504995859369609,0.009922577662384848,0.02370098946968037,0.011521508906259885,0.1448880105220746,0.15504735531671607,0.05213465991690785,0.0850235401443293,0.21542014738614945,0.08002522561582678,0.0057541428970700565,0.03517176061074493,0.006130670522993227,0.037990029528710646,0.009684001120636353,0.11608038452014603
spot_0885,0.009909449248164445,0.001856637107822687,0.002255030251959766,0.0046914233439056255,0.04408071510234048,0.27721938211552916,0.07914424751940571,0.2264428159325066,0.07101969032255023,0.01793848561384776,0.012297482194435714,0.031097626337509312,0.003668781137692794,0.04901813931306647,0.11895534268066499,0.05040475177859831
spot_0886,0.10144876562229295,0.08152374661318375,0.12350481968660496,0.06284189018517868,0.005878003033786761,0.0018724938779646303,0.09047672758356927,0.006389895254367192,0.06315449228895172,0.13307952442180634,0.03333199649222765,0.14615041190108966,0.006665353978340946,0.0031935368775535653,0.08173750550031754,0.05875083668276441
spot_0887,0.15278452420202882,0.1189250874033537,0.082767049411128,0.1847938643206896,0.007279410948784053,0.061119907594760735,0.13328894553535878,0.035472271659774623,0.004775305075408307,0.002795011269351067,0.04217605263185584,0.02394997861551454,0.07848131257866549,0.031009072289817422,0.038519638513909694,0.001862567949599335
spot_0888,0.002318890966648745,0.10307731718344174,0.011202881753504012,0.015897070066640935,0.008716136354533228,0.03135044070202661,0.10927370248489479,0.22221697627983453,0.1160167780312445,0.11414441645164108,0.008061772722679572,0.07900777034798054,0.02911976931041153,0.0372484737693494,0.010707574612583995,0.10164002896258478
spot_0889,0.0007843675671089858,0.098601047619939,0.03472660027922332,0.06339910647798816,0.0008618241018259346,0.22313922417152046,0.03409785669797655,0.02215267038293847,0.10633355348045397,0.08872892243830306,0.06699095712436724,0.0009521986366850455,0.0070441746576206474,0.04941594987923349,0.11380838937242342,0.08896315711239225
spot_0890,0.1572875122783087,0.01946836847536857,0.07438439885179039,0.012246184520162436,0.005351582429625823,0.04581222697888551,0.14184739353290468,0.026469574143119658,0.12504317079858449,0.09868600214756022,0.022544707279412737,0.06546003837553513,0.005923592138611456,0.05065955412980138,0.1400382911462723,0.008777402774056503
spot_0891,0.0014183587059728056,0.05124207125885703,0.18079117282347468,0.03143987493308291,0.0014162082444075447,0.04418799473104355,0.028571610606903507,0.13025288724897957,0.12660757691616367,0.15478753734765227,0.026501711406297715,0.002410368205005378,0.02484866870446273,0.0346846694620552,0.010429674105532248,0.1504096153001092
spot_0892,0.07251940849451473,0.015769106327403217,0.06968120130223474,0.06439196440077567,0.17206828410875713,0.10629372846574989,0.08445284273624107,0.02708487093030652,0.0009003425459433486,0.0009676890548733399,0.11575673146302248,0.005164226296135129,0.026618445780416843,0.0433245649581487,0.19402021240472012,0.0009863807307570892
spot_0893,0.12969711894719502,0.021725968052487367,0.02443859540788227,0.0878252918726371,0.02021928152097672,0.10191056456837631,0.021621958200963187,0.005619781522316086,0.040481143025873495,0.07488443940878045,0.1483124649428465,0.05825926537995344,0.207731456516587,0.02250553822950311,0.01956951716585718,0.015197615237764753
spot_0894,0.04219475445276694,0.022612968912078632,0.027128911742809233,0.15786262525222258,0.14130012924102717,0.08116495495846895,0.08966938649560952,0.13271983687442665,0.006653784325333899,0.044065587314231804,0.09019363034141684,0.09247221092603314,0.006378897521903641,0.017778183591114403,0.0387224669550973,0.009081671095459282
spot_0895,0.28453453047142113,0.02239790662933343,0.09594709424604944,0.04285746652502507,0.09663385081495963,0.01903873929455538,0.12176726016606776,0.037747760463145145,0.03265774245363115,0.005652469973728099,0.006868003593351778,0.08682517600554755,0.006220191743638391,0.06133974378731571,0.010052093588046535,0.06945997024418382
spot_0896,0.050240679069109576,0.022426620160833497,0.03525274584136266,0.021691693211494396,0.1482534426875868,0.15387384511582625,0.06551484188716958,0.08308476390655893,0.057128389189627884,0.1988023433137515,0.017393688662692357,0.012380854195009837,0.00948507894303486,0.07139043335058054,0.029671081477800128,0.02340949898756124
spot_0897,0.06513871467504914,0.01820473716331234,0.008791091508355732,0.12962106768905332,0.007488042289947517,0.13050123751919596,0.022672130585201702,0.06636592185672902,0.08657886336137385,0.07608381591697931,0.14423853465527783,0.032881962663046764,0.0633640904777124,0.07513345378258485,0.04904002277593699,0.02389631308024327
spot_0898,0.08734861148767846,0.253996947053821,0.071274120253513,0.1274225441895963,0.006968114776387241,0.027170679014808168,0.06928213544594031,0.011249028084848593,0.06607431077365371,0.0985458189537775,0.05277287405131641,0.008176841273718545,0.01601513464811384,0.012264193472928326,0.017972705019307186,0.07346594150059144
spot_0899,0.14566735652472942,0.05666110671786378,0.017277738348788683,0.11127852873026035,0.034301369597387096,0.013169138385010421,0.07165113169455828,0.14034169771480962,0.1648495701744613,0.06487173573324365,0.004301732374361664,0.013689209761993622,0.013066991678772472,0.04130086779976351,0.008213459237606684,0.09935836552638945
spot_0900,0.01671837304232457,0.004436692002129269,0.0036183221085734386,0.014991257947274466,0.2895295271949716,0.011158553827356987,0.009195510185291545,0.13436935490536636,0.23034280335431018,0.061881170110272596,0.05882852521786055,0.03176639817201859,0.01760664959513357,0.03697821847088886,0.04215040056752473,0.03642824329870271
spot_0901,0.03309963435012878,0.03660517667436494,0.3662093561836097,0.014727876918335422,0.14513114482397527,0.006924303489685848,0.022276523192539907,0.023343526123265356,0.06711750729955165,0.10775552687960255,0.06473240552673108,0.010316526203870604,0.006342996462754711,0.004981787638373723,0.05878679353155811,0.03164891470165229
spot_0902,0.028385212121873078,0.10283409262317407,0.18392509242614422,0.03152944940532906,0.097663311151359,0.19371421791774257,0.044815305050047737,0.01459308038790615,0.01528290913320053,0.008701769458790667,0.007359416983630928,0.11631863761265902,0.005194964639467601,0.0620991515245432,0.05824932672608502,0.02933406283804714
spot_0903,0.15916091454033104,0.01645719566881812,0.08344342305819182,0.06782014685798918,0.1370468014582597,0.004371191116180037,0.06631807158516428,0.028438371205293193,0.06390319242247476,0.018060471517686093,0.13837866181706046,0.03584019843772457,0.04953549537840136,0.00797504361880843,0.07025508205892513,0.05299573925869184
spot_0904,0.09263420274468963,0.07426223247553734,0.06392888265268738,0.15607576427418565,0.014393948650027653,0.05168936397346389,0.020698624223972974,0.06704810014434535,0.09615669787073411,0.08358496962499053,0.07079689902451493,0.0020430469403628195,0.012768841181806809,0.07333172605559338,0.0620394247420247,0.05854727542106286
spot_0905,0.16558185469246908,0.045780105806370784,0.04530998351586997,0.11872018495257483,0.06893729748561535,0.15743787422769515,0.08712664970362216,0.030598828695255417,0.0006744173267112815,0.0008527860928183847,0.017045410792498442,0.08100750440617287,0.08998092107074662,0.07461572035786344,0.01563613613821404,0.0006943247355021702
spot_0906,0.055024088960821144,0.12272549198463074,0.20578246366367053,0.040824171915775344,0.003932405684560441,0.06242573661142616,0.035221379317750906,0.004937439310674924,0.018119031740820073,0.12404667078139099,0.06946237534762988,0.07459407392814758,0.05042688832523271,0.02553335825368438,0.05662649136529693,0.05031793280848725
spot_0907,0.019709488479886354,0.15317366526438958,0.054775332568088995,0.22776069617738207,0.13176984475662643,0.0820216378024859,0.04872320677110152,0.07937356695503338,0.0008191654901740303,0.0017207381274063922,0.0825520507802916,0.009232994164385463,0.03255045629509093,0.03936101015032937,0.03542040927637709,0.0010357369409509137
spot_0908,0.042477854169717826,0.03992694703523467,0.04048081864875002,0.18424519064821968,0.01896235304848986,0.04233134721114449,0.05135375626394057,0.19228109433747084,0.043036556280068534,0.0028658066934011007,0.13861197063766062,0.004448107180291783,0.04333854927035405,0.02330274055687544,0.10797831811526862,0.024358589903111925
spot_0909,0.00103512440955289,0.0025694703190702224,0.0035878530803231073,0.008905026052287946,0.000956303550508713,0.18137945753613213,0.03272190321134423,0.1561613169745904,0.13676407190169917,0.21127503207014126,0.04056659998982317,0.0015759520238102303,0.0044028178317519,0.08695104558982518,0.014076425067046074,0.11707160039209337
spot_0910,0.14616478521738072,0.08277527160987626,0.05116947756905393,0.09621095220087271,0.028487070854731674,0.010468215961593873,0.01280809963760996,0.04658763795818175,0.15401335447115394,0.10734499298599127,0.06728143587463274,0.004503391991698867,0.014682981747037634,0.012563618173327951,0.03323410239970139,0.13170461134715533
spot_0911,0.0015633606137456196,0.1378001121206773,0.0370730420853522,0.42945534669538105,0.0016086964455046338,0.10837013815076306,0.020847156108263924,0.0142466437063801,0.0011032936488902005,0.001021424449585466,0.05269453414851135,0.0012815412490147255,0.15043083975594082,0.029929923081107857,0.011437483883263258,0.0011364638576184187
spot_0912,0.09028478228071683,0.014436544258941744,0.11716705308614644,0.013299283474452913,0.1580367980651962,0.06535450950076653,0.060374197359053,0.199964170113502,0.043258355755653996,0.018724277345276364,0.019233795804163865,0.019995348261876857,0.020433855687557963,0.07369316752901389,0.02947834139879278,0.05626552007888861
spot_0913,0.1342096938458355,0.015068119328883588,0.08166083766658638,0.02092497749824755,0.012741419489025988,0.09194025929054128,0.028269533444698458,0.008359874597549498,0.32751765514169734,0.025518729295234608,0.008710155415365434,0.07921877376584915,0.0977797483589713,0.004518338223166919,0.005379107564872529,0.05818277707347448
spot_0914,0.08833355826928123,0.18119162138620312,0.06435358619496732,0.10338874960615191,0.11533225843885649,0.014002718768960252,0.04737926170788456,0.007647600040026378,0.04245783040977703,0.0655944210384251,0.04610072535965709,0.015343598165138788,0.012975056637604607,0.05949275383924138,0.05017466322143401,0.08623159691639072
spot_0915,0.03278936200357056,0.17351278259537303,0.10914173697366789,0.1370150056546357,0.10257153545237982,0.0528795798665782,0.004816187779652367,0.0056040002389560785,0.0805863016266995,0.07053390023428838,0.13445775926688136,0.022018841234276106,0.005153119974463899,0.029967611908440116,0.012418277205242507,0.026533997984894486
spot_0916,0.09981139663172879,0.019976787722353978,0.14893744865166383,0.008600607224333942,0.11534377159572308,0.07327917363823297,0.061583697175893834,0.1394135704828393,0.06973392641858596,0.0948908371345932,0.0042668465099117495,0.036666324571513566,0.0077444529725552895,0.06905229992850781,0.0181455713197021,0.032553288021860596
spot_0917,0.14568857352914003,0.019672407479820908,0.14745845660713444,0.09836311623989856,0.0925129253682546,0.167218664767646,0.10375790438580117,0.013411341976212398,0.0009681416880322323,0.0011788101599252017,0.07201395624078802,0.08009123726561798,0.01893350400223696,0.009244027321408436,0.028492307858550465,0.0009946251095326038
spot_0918,0.27594358942221037,0.03389293967511563,0.06839450388296617,0.1343828597486119,0.09611085671054045,0.007301412332692869,0.028219207443095026,0.03548000618596006,0.05076896989852299,0.02243417102335084,0.06765937091449098,0.008923753109349716,0.07840679164856086,0.0053994950005784165,0.05947255264748596,0.027209520356467794
spot_0919,0.09120746464639576,0.10488703045609601,0.14467550632527368,0.11036611409992893,0.043358203005149996,0.05813313218034767,0.012867399931770582,0.029205201421002715,0.07787517334705227,0.037966889437933436,0.08359481136612144,0.015136184944012344,0.10041484295646527,0.02051298014444921,0.04171790926687873,0.028081156471121946
spot_0920,0.20740611763518574,0.21135047188397774,0.010828541594298814,0.012819315038133825,0.09014458542225191,0.16373490662673862,0.013877458040867227,0.02366368718176906,0.10737907795027524,0.06979802889517828,0.003560083490841135,0.0272391998746154,0.007339007071681621,0.006433538944732618,0.004509408889391073,0.03991657146006172
spot_0921,0.030244996717710138,0.05579909934959788,0.20155824469709377,0.15920827336383084,0.008355067700958056,0.08499184952592412,0.13033999734739654,0.007359791109746038,0.08212333884748133,0.04056711408519778,0.05049890616355901,0.018358948277020448,0.050393026709784294,0.011062136228992162,0.03234866807556299,0.03679054180014457
spot_0922,0.0013787937235723018,0.08294330826080261,0.14668234536234562,0.018731204379881315,0.0014501421123800109,0.04586210372353041,0.11787888222857959,0.00811831299039415,0.13716640589974116,0.12132364348322704,0.06051517869337957,0.0012294539420977823,0.04868201120061251,0.03170432711075386,0.040522805095918414,0.13581108179278364
spot_0923,0.004976000666641632,0.08776864877991271,0.1167299776475487,0.12315801950700746,0.0031890060821379764,0.010575345287720486,0.1676792825626821,0.07912033211000007,0.10332407156902032,0.05236193056625969,0.03061510387639651,0.04252919276455367,0.0064715320433411695,0.01733234565795733,0.11803382806799514,0.03613538281082504
spot_0924,0.0003972971538634708,0.03116342280338315,0.02424632588912929,0.11974152957058956,0.00040874216097487674,0.14460187261830879,0.1764169738024192,0.2549351225245067,0.025633237488856837,0.011979550019504875,0.026815765130699547,0.00044056823208296625,0.044166857784084586,0.06549863894096569,0.021348354105494956,0.05220574177513551
spot_0925,0.2742634319163936,0.0762130075961805,0.192160544147001,0.033186820733585164,0.02206604632510892,0.11517589483319472,0.0419228185367074,0.030226327312883713,0.00097630318527133,0.0013037810419731688,0.025406476147730204,0.005126834552554513,0.004430848582675763,0.07254137567961817,0.1038217630136068,0.0011777263955150541
spot_0926,0.06786653450714214,0.007858448531373428,0.00652435165304009,0.09414599152407463,0.15874758335211583,0.027063457699111802,0.07772998466145754,0.14381601637230357,0.06874304478986025,0.005643793553672546,0.08639605607452923,0.007872347624920032,0.03066693257861206,0.06296904000907283,0.06094436265880914,0.09301205440990487
spot_0927,0.08796310786529586,0.016861223658893604,0.009614881405370737,0.13490855997136597,0.010064745894944223,0.007819622800705027,0.05576535359521147,0.035005687974437115,0.242946188495965,0.07249240967011741,0.029814053946468137,0.05392775504899932,0.0638414444829304,0.019588905129974465,0.038586924979540554,0.12079913507978067
spot_0928,0.1378358346739608,0.017377716572818464,0.08096675369254971,0.11493945982039662,0.06349098549743043,0.021386807866509497,0.07181883322362874,0.026065692275817686,0.1675297537997228,0.05448591907404033,0.06144542871714737,0.02924825976439331,0.02045667386088598,0.013071699609500264,0.08176262894011453,0.03811755261108349
spot_0929,0.14454285199632522,0.006943911114929384,0.03974914404839362,0.014735046069220208,0.08904318632021412,0.3312660033145227,0.05976774853490759,0.042475961664153246,0.023578852081179894,0.04758593087784601,0.005697210401103613,0.045873477227433436,0.007077628421526014,0.04651831149521061,0.048046485661891444,0.047098250771142866
spot_0930,0.09460721905177343,0.012845713948639427,0.04733533369870565,0.023468903775353486,0.013683419758304725,0.04542838934172497,0.21123749183151105,0.1008629569255236,0.0016442614035856843,0.004161611524438095,0.08291019805489407,0.09816079794125192,0.009725540288090178,0.13933910665287838,0.11213230453415238,0.0024567512691729674
spot_0931,0.0013673887949150866,0.00603489571273582,0.006146884710363711,0.10676759491887973,0.002829402719795774,0.011915077217031765,0.01907521889717565,0.2687762393409961,0.050731278603279965,0.15361163491740018,0.22580680101304287,0.0016253389463643693,0.02554944279952628,0.04030310606539694,0.04417530205314686,0.035284393289948895
spot_0932,0.12846644299802595,0.006701326092007329,0.007229795410002258,0.004246972898014253,0.061428312005258,0.17154135151822242,0.09772812349961618,0.186354962478875,0.05434802755289592,0.0072208206278562784,0.004734800593392887,0.10647410384615197,0.0031152763173584804,0.07468220284876448,0.07345181213381387,0.012275669179744726
spot_0933,0.07347522302948191,0.03091497275027888,0.07200826397969891,0.10223484249549736,0.005511847442911616,0.0036893766623033713,0.041752432304148046,0.008611432298017632,0.15520285181069096,0.08052242102826133,0.07865707279733779,0.027169601882327532,0.02992816264304617,0.005863707476308646,0.07221881812401677,0.2122389732756731
spot_0934,0.007656432662308261,0.1116637098408584,0.07861620182785589,0.009695828824027652,0.08596803183116386,0.09457372585199182,0.14915718395037522,0.18373479267729767,0.03617747481607367,0.059106173404195224,0.07579072497825391,0.005380606029673535,0.011655680288391904,0.04909814635014325,0.03221189487289174,0.009513391794497977
spot_0935,0.015206326213161661,0.009418808091180512,0.2403991304268057,0.13658006640759057,0.007162912238347804,0.04100889936060492,0.22511963231090093,0.1048217531447957,0.03002561258208134,0.012101094789569803,0.018848148792378318,0.003093927213557929,0.024406498711749623,0.06127206785715061,0.03734742406301584,0.03318769779710875
spot_0936,0.0376083608396519,0.03718149246084338,0.027521043518344595,0.11850095413215621,0.005497096495375082,0.014832071360024937,0.06266992223210334,0.007155659229068049,0.12567129145695288,0.1697682198660219,0.14754107659759835,0.01584373016015828,0.008477714567513107,0.008099100406448893,0.08225964462888846,0.13137262204885064
spot_0937,0.07459617660401117,0.00857956142004697,0.06332965436101413,0.10834609446316529,0.10209628501681497,0.15208155325989559,0.16264560266695782,0.07674204364980994,0.003987406397253389,0.005572478684802814,0.01840318513260587,0.0383149028211748,0.04754992036622985,0.07444884853956417,0.017690361700987044,0.045615924915666156
spot_0938,0.01557127596691227,0.058016524504261036,0.24395857673844132,0.08914671317567457,0.10606299757619879,0.019375222452957523,0.04356394536008327,0.052860534755283906,0.08114457779273142,0.06119822030464522,0.03860012956510849,0.08703737386165387,0.03110210774792111,0.02748568966568861,0.023371973870317888,0.021504136662120706
spot_0939,0.1145902525620169,0.05256343848898395,0.08393443833166514,0.10220988589824732,0.02370360048587956,0.0651718555625358,0.056743024924748774,0.009776356068425168,0.06320958227562798,0.10540678238640487,0.10736662744681988,0.03866136314632896,0.005384745993231925,0.03724585292140678,0.06170815848098215,0.07232403502669482
spot_0940,0.001225390028977666,0.015582117944930859,0.12332066063031256,0.008995038897158254,0.0009613265004915912,0.049893053311659656,0.035720026055443214,0.0661171421943918,0.20640378656007613,0.07800367919642678,0.06606704923878527,0.0012953402438683867,0.005819816560483272,0.06824851181362404,0.10920059983832886,0.16314646098504165
spot_0941,0.00914340261565203,0.10914411178879756,0.04910874590432041,0.1461749576104468,0.003962728544946496,0.006737795156032391,0.08398824857203915,0.02615452794575335,0.14737936860740736,0.17154525169534196,0.07095499425252819,0.004843709508011939,0.050248148302590896,0.021089348744026418,0.06106016477734305,0.03846449597476199
spot_0942,0.007118865439925724,0.005015388155547924,0.012157783351838397,0.006713691481934155,0.2651091989092145,0.036950558748396166,0.12216401171904973,0.13174698578973296,0.05465935485117723,0.027952959449142906,0.006956801275753268,0.032425958653472295,0.01109398060708899,0.049983929176991904,0.14118819818810496,0.08876233420262884
spot_0943,0.3140569301438934,0.0588552145107606,0.29382367515959845,0.01799269612160015,0.00921568002627023,0.011593045989544033,0.05564312737552789,0.017239727502166534,0.0013838096672491342,0.001461303313742886,0.0675914709564538,0.013980504224330899,0.012842186315486727,0.009755427372982663,0.11288566687447718,0.0016795344459154412
spot_0944,0.01708316116726885,0.25532340898723394,0.3297817347168908,0.020064094904464123,0.10958571646872554,0.020634980446260345,0.06980243212900551,0.0654037728580001,0.0004567145792475509,0.0004917731114772814,0.00874925627623984,0.0059018393983643275,0.036006785283174726,0.05141238009988946,0.00888251145486961,0.0004194381188879821
spot_0945,0.08665233423095024,0.112007241424476,0.2993255858876254,0.06894432455658549,0.006501278405248591,0.004805096363657382,0.07010544694689347,0.0276707226724803,0.02053349321480298,0.05567897656487694,0.06765591148312558,0.04920785834586311,0.02429338441294091,0.016602653765552453,0.018179918043876808,0.07183577368104428
spot_0946,0.0012696327046653755,0.035666606715859646,0.2853806494749802,0.08470598550273434,0.0011266957486709037,0.15380700812390702,0.04593313849613485,0.038584898367579425,0.07728494698412419,0.01320625738290066,0.07739674658833962,0.002262706616816037,0.04578424194874457,0.048635669703768224,0.016163046925247667,0.07279176871552727
spot_0947,0.03489898762232523,0.2532681053711291,0.02022056314446078,0.15346880830107051,0.11938110700107112,0.05396602335128832,0.01697227782815242,0.08599920356807476,0.0016569779835258515,0.0011757657923855288,0.08673773072187892,0.005313680494269144,0.08362967723787734,0.06892686517409692,0.01227454036548512,0.0021096860429089394
spot_0948,0.10019123500494202,0.010290593092263019,0.019288399471079014,0.12704711598957188,0.14671731514052352,0.09267635633615622,0.09245876241652094,0.09804392008577081,0.04251661657034418,0.004227944548487067,0.05511783693632383,0.029173873891939976,0.021470409414256965,0.06313038890025599,0.09499729637927973,0.002651935822284843
spot_0949,0.27082816778706814,0.27974638614903974,0.0858371280786017,0.014914599428419904,0.023566378653219876,0.0012276373239245356,0.003011981070748369,0.0017200397509007366,0.12086580461632103,0.02566205699930463,0.005802692771851181,0.0982554299545812,0.005563377591542519,0.0015943619418642499,0.0018003756825807253,0.0596035822000315
spot_0950,0.0004462697262041135,0.16159714059974725,0.11078106583278202,0.026149996537097025,0.0004723439342868402,0.0764157914534715,0.07899556099245926,0.15474773270365189,0.05209502885471214,0.04432791539645922,0.1009996966001792,0.0005010923522591297,0.016212794333912,0.09128515504287829,0.07680800952930665,0.008164406110593497
spot_0951,0.19932842997800118,0.5820916008038598,0.0477709307510916,0.04506858927400299,0.013924343476138532,0.0019840854883642956,0.004352851545169636,0.0022077760485774253,0.002639382871533929,0.002029031926660004,0.01372145939855175,0.009191380147565426,0.0694534034860826,0.002041721528220708,0.002184371461249805,0.0020106418149302887
spot_0952,0.0006816187580332632,0.0847397781953583,0.2142692699354505,0.15688431556829519,0.0007488852869220845,0.008373614413764528,0.03636874718617536,0.08243830968066217,0.07794271776485051,0.1669040904626971,0.03295179434918165,0.0005172230220635881,0.08124123490406415,0.02260788787876191,0.017350478756927773,0.0159800338367919
spot_0953,0.007775763991562931,0.07607273206700642,0.1145375753138795,0.028088502906639164,0.04225198727605621,0.10338692980120817,0.044853758710263376,0.10018402181066412,0.08824408694490624,0.003439458470110017,0.09404762706790525,0.010784228087087245,0.04743587850180419,0.059072076570465176,0.08811170743163098,0.09171366504881104
spot_0954,0.0049084661035205595,0.03380202460092402,0.06567304143903793,0.0392315836663776,0.1663659021377726,0.12933679805771603,0.028514203505606274,0.03685669176049589,0.09923831931676577,0.03729224453572206,0.027733026668163817,0.10506961275105632,0.022077432638172485,0.03257074702036831,0.09968883637286456,0.07164106942543576
spot_0955,0.035984558416452206,0.16844523900121197,0.042127541670660296,0.09923870995502239,0.04963434410454856,0.04668286590955354,0.10404637321781081,0.11016740912002486,0.0013348187983911644,0.0006939543924229115,0.027155104922287777,0.18549048489103712,0.05613665765623838,0.025271757968551505,0.04695631351808804,0.0006338664576984913
spot_0956,0.0011159837032963921,0.017564748833733504,0.010714762900846879,0.21444417773608485,0.0008772664098042506,0.08639708512242243,0.06744081931052837,0.11814040587141528,0.14408515724765297,0.03649627744874983,0.10972914386670791,0.002719755208826902,0.04759195457969789,0.03663924832373729,0.07986146773319032,0.026181745703304928
spot_0957,0.09067943111136222,0.00407564144385795,0.0027429156740483877,0.02934073510637661,0.1980151216308271,0.0695835516801195,0.06534314207055708,0.09316902844908803,0.06913051680121028,0.01758708621010816,0.051714920235986506,0.07088786547291061,0.02184922775317691,0.06990467012541542,0.08164853283774065,0.06432761339721461
spot_0958,0.00033685112048792535,0.09359067909016136,0.11309359230824075,0.07925976462290743,0.0003315317948345887,0.02696568583974372,0.21656417678708786,0.11913972003238434,0.0005473772568896201,0.0006427304357491817,0.1419219794929264,0.0002873067381375944,0.014003810334524353,0.09401889534944649,0.09858977807372425,0.0007061207227541586
spot_0959,0.1473529421352581,0.01945324631691942,0.0817136919111927,0.03378485220263276,0.1454812900057694,0.14403298341203258,0.06172173255271496,0.05422477794349878,0.0819846710616151,0.06319217853919681,0.0044900318425718285,0.04891493805567482,0.011226700408787186,0.038948629840565525,0.006858095351185076,0.05661923842038495
spot_0960,0.09258068071351766,0.042132162074943545,0.05397620180951316,0.14645578216085925,0.01951996237085682,0.024636564822190378,0.14835934223309957,0.10180302035386309,0.09520880010712476,0.026593018537751915,0.07406394501344024,0.005759263100173686,0.026567099211280833,0.019315605545957595,0.10227080193493883,0.02075775001048865
spot_0961,0.15026101965749433,0.047710265275232686,0.1347636573829577,0.2439098774063701,0.02658571096849402,0.0105557349559636,0.010454464579412853,0.07411904746392887,0.04891329769201761,0.004713131905637126,0.08891936404019095,0.0078045433795890864,0.06827852695395802,0.050100609906428686,0.01866668347210878,0.01424406496021559
spot_0962,0.011563059147696172,0.02351778911688951,0.013145151548486372,0.026395172338700965,0.07278367989356531,0.15546621438560895,0.13225127727964398,0.04205410614360391,0.016272048009432886,0.08842907246135359,0.10212263447571635,0.14587601868985098,0.034000248606459865,0.08435340540210554,0.015279807201379888,0.03649031529950578
spot_0963,0.07747981042585399,0.007340726560348367,0.012338553726279976,0.011814640578989387,0.06711849220666476,0.1379589997286358,0.08172759449747186,0.08265269141799204,0.14390448132073858,0.11663384455963854,0.00933809528745604,0.05544272452449712,0.028922263893573042,0.053472608159296775,0.06452387103902764,0.0493306020735361
spot_0964,0.29220984692681695,0.05609159025052319,0.07355126446783289,0.05970336985142967,0.022714800839111593,0.23524442869703574,0.04611748092735083,0.08491269401923106,0.002342310386967079,0.0014849626963717528,0.004455756401974584,0.037943500925568314,0.009266012336037702,0.04731446071542217,0.0240035857140156,0.0026439348443108687
spot_0965,0.19687922440602573,0.03862536451256633,0.034767549998945074,0.10205996668889679,0.10807060118682636,0.010756800571215532,0.10897602407539574,0.04584909461228652,0.05769973566389001,0.0936911228548586,0.008243394103216284,0.0072266703463073345,0.04073550973064592,0.022049592507989497,0.012824247316179987,0.1115451014247543
spot_0966,0.004497828358517723,0.09921474110388637,0.0239925361862486,0.14271145239120253,0.07401586883195277,0.21659206040046078,0.1091502329303879,0.03941798847718908,0.012176143825891333,0.08076675445523439,0.09833349113044965,0.032277316940459815,0.012309208536447331,0.02298094172855183,0.023827295049497134,0.007736139653622759
spot_0967,0.1301334746896865,0.004741004470203907,0.004664309599949382,0.057603626979185245,0.08722244709293538,0.05785723657346347,0.10561890904048821,0.16188947006986606,0.05637640580376926,0.009928864812220961,0.055818939652537654,0.0037565408691749578,0.006073884795353138,0.07747840522253556,0.12108975024117218,0.05974673008745815
spot_0968,0.01877363864328985,0.03295349771700802,0.056406319055122,0.011779328994045024,0.005465712718632763,0.13243884883005846,0.05406737295027634,0.1577620200349411,0.09412827573451366,0.18587204533481355,0.021107775371516427,0.047788027489683194,0.01721105851578696,0.05058892003862746,0.030208897310392436,0.08344826126129273
spot_0969,0.13315440249157393,0.07909719972564051,0.012575745268957005,0.011006020796086428,0.14770691122128507,0.00412353134685433,0.0039626884856852115,0.005576817381986903,0.16396011624700912,0.1296757481483232,0.0040695766572253576,0.17516870981358112,0.0030979990646868814,0.012383044308749414,0.002022970973140952,0.11241851806921456
spot_0970,0.03158441170899212,0.02058638712929955,0.016543042735047593,0.227612633251585,0.0020486381585598347,0.012093628180983071,0.12131970064097708,0.01433016698491869,0.124564241331663,0.06501579936423744,0.12137449430632469,0.05903513288963016,0.013859254321496777,0.054988106026368694,0.05905860912292978,0.0559857538469865
spot_0971,0.24477317351468025,0.02421719362356848,0.0336321289772413,0.05546251148213139,0.007121098765884123,0.006330527552187595,0.06156819452514868,0.013263790498590795,0.08402143556241973,0.2561177621257919,0.005062345507574839,0.07880965132973494,0.05691083087379291,0.018084030947159282,0.00663105491906985,0.04799426979502394
spot_0972,0.16951474450679355,0.2128124362588292,0.027086524457262603,0.07284639429565325,0.019677545306385654,0.1138688107782016,0.10134848195464627,0.052348626938684605,0.001915814259594978,0.0019603549132812467,0.10174635982965503,0.048810017364199,0.010366607655404892,0.01594733058406581,0.048247238041332956,0.0015027128560093342
spot_0973,0.06944147611511618,0.007141223084688348,0.006086125054272596,0.2380681510450435,0.15295001039118308,0.03142119735291431,0.056585431983334385,0.020112793743534137,0.004284486823132331,0.002929402084627613,0.2200379790089598,0.031626458373028236,0.05576097869156617,0.026945198466500824,0.07372131030756345,0.0028877774745350564
spot_0974,0.14248400683512014,0.006274154597152773,0.005588927187854344,0.1644999348554507,0.07285400077539331,0.1153739403083003,0.10470064660270584,0.053328043203767245,0.015829799385273693,0.10726365167263155,0.051234282398190764,0.008573564684326579,0.006852741111535349,0.04236404156962713,0.09471804292573009,0.00806022188694022
spot_0975,0.11221167781437966,0.014665951876201427,0.1970068972889337,0.0715793122275045,0.013132876130242771,0.12128980921804429,0.09576712221343307,0.07722135547312307,0.036927347882010006,0.02690637297449429,0.016218293077249896,0.013445816173553535,0.06598566690539469,0.018009535316330715,0.02181666639217846,0.09781529903692594
spot_0976,0.12124068749091617,0.06646010166653578,0.0366404337557377,0.1828683008694182,0.006553931295159992,0.054515090261960206,0.14590801007335635,0.12464206002009863,0.0013364602985291066,0.0010466143758397816,0.11518528703739399,0.005183239034281534,0.025929640316839815,0.020625455664314177,0.09022237500261264,0.0016423128370059578
spot_0977,0.0008568122750933627,0.05935772699599817,0.009892265558417775,0.27326013786831194,0.0009838749808118192,0.10231566113611457,0.029997691465114426,0.020395814110884054,0.20412855569576577,0.033323871053578404,0.012583567166527245,0.0008490865558908009,0.17020958066453973,0.043780954078692175,0.012012631465920718,0.026051768928339075
spot_0978,0.02362464147168914,0.06553271875008695,0.11217781912636479,0.01846048304565947,0.0638991347690947,0.07499595700923076,0.039409397733750615,0.08314903963916033,0.11981609680052062,0.06355734892605194,0.014297860079401592,0.20010179449525908,0.006143539191592537,0.051637969492801215,0.014209743151574328,0.048986456317761926
spot_0979,0.16605374833181827,0.040588715312848175,0.053867324930918274,0.013160616956523149,0.11616513185455923,0.03291044933031212,0.06430988329595709,0.1430795476456312,0.035186287642398784,0.06060603364381759,0.016249664334552456,0.014196224843455665,0.012167311025065493,0.037517894316157964,0.13145052109331812,0.06249064544266644
spot_0980,0.2216598977949502,0.011541904694694478,0.011682589755214853,0.01782185065595975,0.01630260803684067,0.22965972134260906,0.03384963839209083,0.1673653054937744,0.0013162082812007675,0.0012222605431944464,0.06274500720052559,0.008332867396661297,0.004537390302358039,0.08511407697163811,0.1255281593934729,0.0013205137448145776
spot_0981,0.08407232866891341,0.13973612610195862,0.05600857358784782,0.19986288406413402,0.08877914776054006,0.06278369826323768,0.00931878913562594,0.004754766319631146,0.020217864008615343,0.08459058771739693,0.0637995873864091,0.14488950475528764,0.026473705401953512,0.004223143218989609,0.00461032389831813,0.005878969711141018
spot_0982,0.0035116258517315386,0.09751624161431637,0.10423942468223515,0.1363991575082733,0.0036736125507479856,0.27757263387631453,0.1562178905661691,0.02836671906637006,0.002953400538725144,0.0034122918025512538,0.0068193424732166065,0.0025399510896393614,0.05158337749345385,0.0782123335720643,0.043659952277683246,0.0033220450365081897
spot_0983,0.08295804767012245,0.0034551653650925643,0.0027308226993746987,0.006761328698784959,0.006232983559673273,0.31828127026012565,0.024820220943004335,0.07002704206263777,0.21328431777292894,0.08936468284871628,0.014175888529939826,0.02426879995734335,0.006168569777332668,0.03558390303621946,0.05711665390567332,0.044770302913030455
spot_0984,0.0010766802602857253,0.014148809825751995,0.01786948418959996,0.16749174901044422,0.0009488356775098721,0.16711734480231538,0.1750262865463178,0.048334599308445476,0.03836360024323418,0.11644021860863091,0.04745221845904606,0.0020163791087458457,0.05038703670233752,0.024094617265679293,0.10383285771444448,0.025399282277211294
spot_0985,0.23706472015822252,0.0030663751977279144,0.0039033404531320765,0.00618590145802842,0.12870912229220408,0.0229481422765036,0.2255444475711135,0.0317624609261081,0.1479611370801963,0.015194500769178193,0.0039551217751294925,0.108024557375705,0.0059672909449441916,0.012536711079072489,0.01387210971044334,0.03330406093229079
spot_0986,0.18319146090528474,0.02612605338886849,0.08326781452354427,0.08846481300683992,0.035416211187926025,0.012493050829467913,0.061050420862612406,0.0625229649718415,0.04175229732169101,0.08484011884150419,0.11895903389859994,0.07057827127921683,0.006483246874004688,0.031442518306931753,0.04982554445137197,0.04358617935029435
spot_0987,0.0894789184725857,0.002223166290609879,0.002511395681074526,0.010973463692927548,0.11701660517934175,0.12919196287765738,0.07973766299400788,0.1012850232124723,0.027000932863128213,0.040484752355377324,0.09281937014756098,0.04727221377947894,0.0035740018308957375,0.05908911032830078,0.1185944276982932,0.07874699259628787
spot_0988,0.0004962902668163003,0.18345839679894793,0.030792984476543113,0.26051453007588976,0.0007384575034051611,0.04594304458844503,0.09998168399583815,0.0792584137332533,0.008196176577645247,0.07764972775971962,0.020464932148651607,0.0006278190838519713,0.05654252878856421,0.10525002087216997,0.008864408714730437,0.02122058461552817
spot_0989,0.049772084878663726,0.24400579125673363,0.07711827840675688,0.03350757550363207,0.02993266086409944,0.010086749615328574,0.0480969644923054,0.07212359852795672,0.13231891627832545,0.06520460138266215,0.038859731534455225,0.008600835042935767,0.02048510658157059,0.05511550353927762,0.05355190664003178,0.06121969545526496
spot_0990,0.07971150956670653,0.043076647218275574,0.11668064732202033,0.05135528102455775,0.007807361720583913,0.17268329403180807,0.10397620630259204,0.20493886770421482,0.0013342965031263347,0.001469710842681479,0.0073782776045812825,0.0035303772147349745,0.09561728362134835,0.09371373379341755,0.016015830525605665,0.0007106750037453508
spot_0991,0.09146226877383687,0.03408545716107031,0.08531699341469658,0.0216223292783402,0.10031882881712384,0.0849443753814887,0.0295184998000955,0.09368412579822083,0.04545390146612202,0.07568678875964302,0.04427694609822607,0.07624840909345604,0.07443309671412875,0.05251009125542651,0.07252425481227145,0.01791363337585329
spot_0992,0.07982281596674438,0.012260172017275577,0.02031598685427822,0.15181116516483117,0.046337846011120724,0.07913302323820036,0.14959894693729367,0.03371989322761054,0.0007843596758557904,0.0008459027379823076,0.2064553880209389,0.0043926430999910926,0.012893704336029977,0.07022792794404129,0.1294484470122662,0.001951777755539791
spot_0993,0.0008540992826115288,0.05104713270847261,0.0995410705378318,0.23915620511429697,0.0008707131001243232,0.007304408116619369,0.07986214084087884,0.01845891902333405,0.02255984322311408,0.08474900736763884,0.1931282471464399,0.0006541788556908389,0.0705883643970587,0.025605434112354955,0.09599768472930525,0.009622551444227941
spot_0994,0.011645747855487313,0.01090114997268516,0.2239974600174198,0.011172485513948961,0.09926275425997445,0.02835192594181272,0.0421969273964079,0.03924205175846778,0.21631411489748897,0.06412661951112254,0.007246172902131381,0.022817968592772225,0.01317926244472408,0.047460815209188836,0.046592613858303086,0.1154919298680648
spot_0995,0.15861815424660597,0.09625549836516967,0.23848089347929535,0.03743343692222144,0.005836056292792779,0.06832090066014578,0.08594840430898483,0.15388854866387405,0.0007039679139627251,0.0007641852509288151,0.03566867101887834,0.002522777956230193,0.012656998822176099,0.025439089310126096,0.0767670721912426,0.0006953445973652429
spot_0996,0.0070448061617096585,0.0743151520404543,0.15814002005791458,0.20119043726300614,0.009704578252656755,0.09562732334693025,0.04834591669346389,0.07745163338996944,0.03701457445914216,0.004175542478296423,0.07005114816144507,0.10315339869993591,0.008999726543379582,0.031175568953084654,0.0118743961413637,0.06173577735724749
spot_0997,0.09776100353294302,0.01808835138605619,0.052429898272693426,0.11037814890786245,0.042202597252782734,0.032259380887696795,0.07965345627300272,0.038627131482595084,0.18046441733366922,0.11105834144656478,0.026349691498702272,0.035657445013176074,0.007813323051817431,0.008431567622991153,0.011429506206562814,0.14739573983088386
spot_0998,0.04677995326515877,0.04895582997705228,0.274440695747125,0.1914190948251635,0.011807448659259525,0.0034428470036048163,0.009537661607283846,0.0025992140333893927,0.0020334406561494916,0.0027626087562138794,0.09019503515882983,0.24758364936266272,0.05498709926320684,0.002849607707082752,0.00834277787684341,0.00226303610097395
spot_0999,0.06725365201880265,0.0370541313755971,0.13664237748631905,0.053950459911869204,0.04379683384043343,0.07157781702387364,0.19554357194430008,0.04290156174298818,0.025267151538852086,0.0907691198750285,0.030070712356750393,0.03139316713143679,0.028335636799853108,0.02763633224620452,0.09461779090455787,0.02318968380313343
spot_1000,0.0659066568561967,0.0041445464056488095,0.0050957416435185865,0.015149950053327373,0.11849869935992569,0.3311743811548121,0.029892177261583597,0.07004255733908067,0.0021161273218227306,0.004747659540271663,0.0878486973127601,0.048270283547594946,0.008035042434205353,0.05575340753974491,0.15175431297788483,0.0015697592516219373
spot_1001,0.08589660272971132,0.061262270990233014,0.11652411577667457,0.023961430767010343,0.005425282978426997,0.09094323309650601,0.05869285521804661,0.0644727956148327,0.13380515982441715,0.10389622122024124,0.02315869988272717,0.07205989037452445,0.008836253092022923,0.012121209154094106,0.080519350432026,0.05842462884850539
spot_1002,0.0023934985712140253,0.11770586191581074,0.030271795743445275,0.18454363610767888,0.002123775260425191,0.09322833173382669,0.11249303588801197,0.06941358175740112,0.03274992846987412,0.033587931137889625,0.06505403808709329,0.06724477700254909,0.021322953829181875,0.021096607112575414,0.11553827544105762,0.031231971941965083
spot_1003,0.20304543748935788,0.09852048625812686,0.0426160577627001,0.04739665706103317,0.010409639175319058,0.1159077226637098,0.06279339761749332,0.07600036439381429,0.0466695156485529,0.045155634081924405,0.07698731792187419,0.07837288450061553,0.00756107054515452,0.021870701867757265,0.06124009673235244,0.005453016280214288
spot_1004,0.0005616809948248245,0.2477584201023274,0.2927544370978182,0.1363074109764913,0.0004733886429565956,0.0029473342893207126,0.15836213337544622,0.07566785388669064,0.0008744120606457551,0.000952872401498073,0.019121999534266566,0.00043070639432533355,0.024305715088218438,0.013366925443239133,0.02538528709190426,0.0007294226200265599
spot_1005,0.0006333937294480785,0.2832184586688469,0.1809324251263737,0.06001520094423029,0.0006617689559268065,0.03937475751794978,0.035320624893050684,0.20205230068626243,0.0006871179265511301,0.0008491913708086951,0.060192016520077184,0.0004744124704589984,0.01721472043126464,0.030391989200090643,0.08693576630200786,0.001045855256652238
spot_1006,0.024107971898523282,0.07159253198022317,0.04496984946091145,0.0698055798288981,0.08753560168772671,0.05032543677426103,0.00858026100197572,0.06702522353104318,0.07748612603004008,0.027172700293170367,0.08817302790006044,0.19738590304638431,0.008840694785484224,0.04832289819221564,0.014728544845314492,0.11394764874376778
spot_1007,0.0012586316289520797,0.011603158761786686,0.005987033655272898,0.36136216780883,0.0009664438508042062,0.03915173752923669,0.05153923979975092,0.04817609842329213,0.1722324049418553,0.013503765100961308,0.07238977808423708,0.001112832277381383,0.049729305572923044,0.040105727348814825,0.006264852078419626,0.12461682313748185
spot_1008,0.05503385665024465,0.0644480686028441,0.09333043943940793,0.12571952098593298,0.009338913534797377,0.1483897535490704,0.009491812908178819,0.13945688760634362,0.011208643857195572,0.00205334482539735,0.18626280868169418,0.004203156999169,0.08628322517830157,0.04414106163664386,0.015418891990175659,0.005219613554602928
spot_1009,0.22205058253456592,0.08130606402999865,0.10456699109365729,0.07552950424868271,0.020901609208724796,0.009880804277508926,0.028736135149065825,0.08122716877166136,0.09250267057476824,0.09220823274619355,0.042380971252720376,0.03825028200143096,0.02741216499012832,0.023717305304221177,0.030679989030180904,0.028649524786490986
spot_1010,0.000839793503803467,0.0881541745805694,0.1447617774787114,0.32030365414089423,0.0009299283100576857,0.011438959967407996,0.09777274572877269,0.011995886529708668,0.03258122305826011,0.02252180252380453,0.10784879277011862,0.0008067420995342123,0.010895275495288046,0.006265268680126026,0.10184272626538485,0.041041248867558035
spot_1011,0.11602491449184787,0.034561746602814324,0.009143250217792161,0.012014679793178079,0.14171754690652147,0.1296358169282348,0.0378517521242358,0.024343513865310345,0.10104933340322163,0.06911914763197947,0.051935798452775656,0.10812194110003757,0.015636764332506534,0.01790717910359287,0.08697574774920012,0.04396086729675127
spot_1012,0.31302181847085614,0.002027011432527572,0.0019285020135958962,0.001841735170288347,0.28709792208464247,0.0017076442479119324,0.0017289450688621566,0.0017675493678528823,0.08891136450902189,0.14922318865642067,0.0018919238055908228,0.0406802495773109,0.0029783794143281245,0.001821527437703662,0.0015188084320391158,0.10185343031104742
spot_1013,0.09257441478887281,0.1285790680710131,0.02239356457680488,0.23649351658925238,0.01188855530097824,0.1529365891419899,0.027526555502430956,0.027815638423106654,0.056078330112281416,0.08019065589271406,0.0605801709174505,0.012458817092000469,0.022820073742329604,0.029576823239219154,0.006144425237674423,0.031942801371881435
spot_1014,0.0010019234667561945,0.006555739798878589,0.013888557890534376,0.09292250424779616,0.0011498801530548273,0.05329543331871404,0.17091005716973018,0.14027010027951214,0.03393282780436395,0.08853206894612753,0.04595664406417711,0.0010108580817232119,0.1656104340155374,0.08785316112958418,0.027996177398922597,0.06911363223458751
spot_1015,0.1014732367846752,0.043914428549315244,0.09907807764111248,0.0320407469755465,0.05040030346569283,0.16026566017969862,0.09325586361619041,0.061556052297494945,0.04750261935734903,0.010071810563761644,0.046169936869643546,0.0160864379491819,0.007467293816193986,0.1112625978735611,0.0976216197214964,0.02183331433908615
spot_1016,0.01995509996840202,0.08279410147366971,0.08552328056574879,0.19004061101727232,0.052527674060072534,0.00451028164965181,0.12151636290661214,0.03356322401444708,0.13906519093144284,0.09743276565581922,0.029209607617184552,0.007576149640031439,0.03373294199687784,0.01587450064887686,0.008115588214565239,0.07856261963932558
spot_1017,0.0004996657468227192,0.010222004924784176,0.024017057391645866,0.25302786470265703,0.0005110971479615087,0.007369995959472807,0.12380996932737409,0.22541554085413865,0.000607753321485247,0.0007203979581086484,0.15346800692100807,0.0005299774908810447,0.016231151476161495,0.08125471921300688,0.10149001770686669,0.0008247798576251077
spot_1018,0.004040893646943539,0.05450278957440557,0.07904669569766375,0.06465217676395098,0.015489548175319667,0.09990217697538781,0.07499913903607605,0.11449788802420645,0.1469734662328247,0.005458436049679902,0.13005691513902254,0.007735805214780201,0.0214198979267798,0.05617767624257512,0.07950783391000318,0.04553866139038075
spot_1019,0.12296330367086161,0.010891736136647305,0.009880584429698218,0.03892174917392586,0.12158367456496197,0.05366467745926934,0.12471463360820224,0.21811063284071106,0.038182712348539385,0.007926279182328227,0.07866294420958012,0.00911391654615123,0.02561910814115686,0.08108340373497944,0.048157623098933906,0.010523020854053239
spot_1020,0.2607942443193058,0.021405713253005786,0.01033660336024628,0.19082319491791264,0.04215759402337609,0.04217226167031881,0.02876119829957453,0.018001380452443868,0.005164765601064642,0.004471087149880091,0.01406535444214513,0.2171756548281654,0.12530470792826262,0.01494032472179966,0.0023732040543608846,0.0020527109781377736
spot_1021,0.04669227768750931,0.007933509411831834,0.01735100888385511,0.06749800533471444,0.06246672781012151,0.010538432155915397,0.09722341143802207,0.10554526493769027,0.15102607959339684,0.05897329667296219,0.0696616194810331,0.029266634464075222,0.03149415210066863,0.044526282134849784,0.018699436662054706,0.18110386123129957
spot_1022,0.1097967201749178,0.036276542647060296,0.02078621929884167,0.14131005301015284,0.24697703983558944,0.00922500347720131,0.09655748913883742,0.01176604107506998,0.05070653223613425,0.06705659445011383,0.025868390276315895,0.005028905356773725,0.024771767211607714,0.0526990956722414,0.0790358167374305,0.0221377894017119
spot_1023,0.15238579376803596,0.08036415339181202,0.06307394516394306,0.2292243075254569,0.10495497287905317,0.0020719905532294567,0.03321100634369573,0.007673104047051733,0.08101571989027304,0.025242986641629068,0.016678824472234136,0.07914756039573416,0.08502879038599774,0.003547505573995818,0.007931767554838041,0.028447571413019977
