,Fibroblast,Ventricular Cardiomyocyte,Endothelial cell,Atrial Cardiomyocyte,Myeloid,Mural cell,Lymphoid,Neural cell,Adipocyte,Lymphatic Endothelial cell,Mast cell,Mesothelial cell
0,0.0010160364909097552,0.0006521703908219934,5.012896144762635e-05,1.4091404409555253e-05,0.0006197690963745117,0.003109567565843463,4.205752702546306e-06,4.521792106970679e-06,1.3280277016747277e-05,1.0194962669629604e-06,5.675425427398295e-07,3.3852643355203327e-07
1,0.0028240359388291836,0.0007887353422120214,9.304843115387484e-05,7.453730177076068e-06,8.34268139442429e-05,0.0033875780645757914,4.718105174106313e-06,2.538114586059237e-06,2.9987461402924964e-06,2.1328838784029358e-07,2.7285682335786987e-07,1.2164697409389191e-06
2,0.0015745306154713035,0.0011453077895566821,0.0022359401918947697,0.00012938975123688579,0.00024993339320644736,0.0005147198680788279,1.9824969058390707e-05,6.590591965505155e-06,1.9089704437647015e-05,0.054261382669210434,1.43423960707878e-06,2.1691987228678045e-07
3,0.00011801179789472371,0.0014458405785262585,0.0038052282761782408,3.425429531489499e-05,0.00011953057401115075,0.0016123802633956075,2.4727260097279213e-05,5.232006060396088e-06,3.418032292756834e-06,7.424724657312254e-08,1.4002688430991839e-06,6.489088946182164e-07
4,6.864961324026808e-05,0.003306486876681447,0.003870082553476095,0.00025893907877616584,3.457483398960903e-05,0.0010848930105566978,0.009506218135356903,3.787699097301811e-05,1.8054828387903399e-06,4.503037587255676e-07,2.6601412628224352e-06,5.29718477082497e-07
5,0.0018419791013002396,0.0004299533902667463,0.00019718056137207896,3.6141798773314804e-05,2.2320551579468884e-05,2.270980075991247e-05,1.059287205862347e-05,8.153365342877805e-06,7.702390576014295e-06,0.09839626401662827,2.450642853091267e-07,1.5179813317445223e-07
6,0.00268545001745224,0.0006603648653253913,4.184403223916888e-05,1.996101491386071e-05,0.0025077315513044596,4.2801031668204814e-05,7.757589628454298e-07,6.029648648109287e-05,3.5188556921639247e-06,1.068398432835238e-06,5.008917582927097e-07,1.5994454827250593e-07
7,0.0014995998935773969,0.0012494048569351435,0.0002625056076794863,2.158800452889409e-05,0.0001771035313140601,0.0067260004580020905,1.1769278899009805e-05,7.403989911836106e-06,5.2469367801677436e-06,3.797067847699509e-06,6.944014216969663e-07,3.2949770911727683e-07
8,0.0026486061979085207,0.0006410753703676164,0.0012386899907141924,5.4101343266665936e-05,5.5633361625950783e-05,0.0007668754551559687,4.104649178771069e-06,5.655550921801478e-06,1.18703865155112e-05,1.4277573257004406e-07,2.319551697382849e-07,6.637285991928366e-07
9,0.0018984482157975435,0.002921728417277336,0.004666429944336414,0.0006781710544601083,0.0005579496501013637,0.006592928431928158,7.20544412615709e-05,6.178265175549313e-05,4.1421626519877464e-05,4.0819700188876595e-06,1.1252109288761858e-06,4.263114306013449e-07
10,0.0011977002723142505,0.000538987631443888,0.0010931967990472913,8.70505300554214e-06,2.049719296337571e-05,0.0006455869879573584,4.534407707978971e-06,1.1864648513437714e-05,5.573580438067438e-06,1.7173231015021884e-07,2.20963030983512e-07,1.5083602988852363e-07
11,0.004115344025194645,0.0009842420695349574,0.00023508878075517714,0.00011575261305551976,0.00022659987735096365,0.00015114383131731302,8.77476268215105e-05,2.2485279259853996e-05,0.0005158221465535462,4.149225787841715e-06,3.43808551406255e-06,4.214773809962935e-07
12,0.0020935689099133015,0.0011584254680201411,0.0015610597329214215,0.00019169453298673034,0.0009775756625458598,0.0007991804741322994,5.28222881257534e-05,0.00011063943384215236,0.00023867814161349088,0.0018463096348568797,1.167585310213326e-06,4.7660770974289335e-07
13,0.0012416200479492545,0.00042394042247906327,0.00025604444090276957,5.848274304298684e-05,0.0003299931122455746,0.001912220730446279,2.9731741960858926e-05,1.2012270417471882e-05,1.3315912838152144e-05,1.90413220479968e-06,3.01342794273296e-07,1.690921180852456e-07
14,0.0009155793231911957,0.0007422807393595576,0.0017688310472294688,5.65375157748349e-05,0.0003479293081909418,0.0001672047801548615,9.539036909700371e-06,5.318723196978681e-05,4.0140577766578645e-05,4.198468104732456e-06,6.01770409502933e-07,2.1410901354101952e-06
15,0.0011121969437226653,0.0004568051954265684,4.137927680858411e-05,1.626124867470935e-05,0.0002714255824685097,0.002338258782401681,8.008190889086109e-06,8.529925253242254e-06,3.020341182491393e-06,4.4723006453750713e-07,1.9638450510228722e-07,1.0795923799378215e-06
16,0.0014686542563140392,0.0012271961895748973,0.003512124065309763,5.230324677540921e-05,0.00021890553762204945,3.149839903926477e-05,5.511638391908491e-06,3.8916470657568425e-05,6.266085165407276e-06,5.336755179996544e-07,1.7613618297218636e-07,2.2173514935275307e-07
17,0.0015197290340438485,0.0010065038222819567,0.0001172182455775328,0.00012732556206174195,0.003007214516401291,3.694515544339083e-05,4.2541669245110825e-05,3.286515948275337e-06,1.0062484761874657e-05,2.803110874083359e-06,3.786347406276036e-06,7.206911618595768e-07
18,0.0008594350074417889,0.001320714596658945,0.002357196994125843,4.1351187974214554e-05,0.0014926359290257096,0.0004949516733177006,9.143373063125182e-06,4.3127991375513375e-05,3.763861059269402e-06,6.801336667194846e-07,1.6304463201777253e-07,3.2309888098325246e-08
19,0.0014344811206683517,0.0004941558581776917,0.0002880851679947227,4.675147283705883e-05,0.003094464773312211,8.542562136426568e-05,3.942583134630695e-06,4.247984634275781e-06,0.017179369926452637,1.1103570614068303e-06,2.1320620362530462e-06,1.7931280638094904e-07
20,0.0020834889728575945,0.0005195678677409887,0.00017757105524651706,5.30115285073407e-05,2.4211556592490524e-05,0.0018392496276646852,2.1973328330204822e-06,0.00022174001787789166,6.949586531845853e-05,1.759614178808988e-06,2.4650418595228984e-07,2.4405829890383757e-07
21,0.0012473793467506766,0.000289496238110587,4.414239447214641e-05,9.54245751927374e-06,0.00010150485468329862,0.0006328165181912482,5.400396912591532e-05,2.7370401767257135e-06,1.5774230632814579e-06,1.1827784192064428e-06,5.858559575244726e-07,7.93039323099265e-09
22,0.00023758294992148876,0.001176638645119965,0.000164715587743558,2.693704118428286e-05,9.787645103642717e-05,0.008805489167571068,3.0670995329273865e-05,9.886211955745239e-07,5.826685992360581e-06,8.996980227493623e-07,4.792062213709869e-07,2.2651649445037947e-08
23,0.0022509244736284018,0.00042311736615374684,2.443026278342586e-05,1.8903907630374306e-06,0.001431450480595231,3.638795533333905e-05,5.759299710916821e-06,5.291771230986342e-06,4.928528596792603e-06,2.7062000640398765e-07,1.1792102583285669e-07,1.7263957374780148e-07
24,0.003236813470721245,0.0015365065773949027,0.00047793579869903624,0.00039284047670662403,0.0001619065151317045,0.004981148522347212,6.99960173733416e-06,3.422132431296632e-05,0.00015816258382983506,1.6117404584292672e-06,2.0794022930203937e-06,4.1116177840194723e-07
25,0.00332099967636168,0.000493256957270205,5.6563669204479083e-05,3.410046701901592e-05,1.706147304503247e-05,0.00018594598805066198,1.569053210914717e-06,4.392055870994227e-06,1.3057089745416306e-05,6.122577929090767e-07,2.650388353231392e-07,5.3833097979349986e-08
26,0.0004631709889508784,0.0008898568921722472,0.0009011120419017971,2.0663224859163165e-05,0.0003361390554346144,0.0036999722942709923,4.522712060861522e-06,6.441906407417264e-06,4.071773219038732e-06,3.736087990091619e-07,9.473852742303279e-07,1.0219576296321975e-07
27,0.0019979465287178755,0.0003333200002089143,0.00017921756079886109,0.00013630441389977932,0.0002606521302368492,0.0001716459373710677,2.245216819574125e-06,3.7383476865215925e-06,5.606842023553327e-06,6.304813382485008e-07,7.302340918613481e-07,3.3477476790721994e-08
28,0.0005156834376975894,0.0010001104092225432,0.003796027274802327,0.00010381727770436555,7.833740710339043e-06,0.00023487613361794502,7.752663805149496e-06,2.0046174540766515e-05,2.738948751357384e-06,9.385431667396915e-07,1.266976369151962e-06,2.0022817182052677e-07
29,0.00041953864274546504,0.0013564438559114933,0.0004348184447735548,0.0002571552467998117,0.00018360253307037055,0.009372967295348644,3.2704436307540163e-05,5.5401866120519117e-05,2.9003223971812986e-05,5.107130618853262e-06,8.078889550233725e-06,2.621702378746704e-06
30,0.00288563733920455,0.001379054388962686,0.0004321575106587261,0.00014034775085747242,0.0028957510367035866,0.0005596440751105547,1.143050303653581e-05,0.0002706508676055819,1.5206611351459287e-05,3.084060381297604e-06,4.341909061622573e-06,5.0035087184596705e-08
31,0.0014421900268644094,0.0004962116945534945,3.0323915780172683e-05,7.755563274258748e-06,0.0027156658470630646,9.32682742131874e-05,2.5567460397724062e-06,3.940815531677799e-06,4.022413122584112e-06,3.6112703583057737e-07,2.2128504895135848e-07,6.345969438825705e-08
32,0.0026640903670340776,0.0005206615896895528,0.0012134973658248782,2.359014433750417e-05,7.007423118920997e-05,7.75491280364804e-05,1.1225661182834301e-05,7.166672730818391e-06,5.6375597523583565e-06,7.418726681862609e-07,2.904027951444732e-07,1.31298193650764e-07
33,0.0008341830689460039,0.0011973438085988164,0.0017709106905385852,0.0007442169589921832,0.0011673312401399016,0.0008076598751358688,9.78251700871624e-05,1.0595757885312196e-05,6.024225513101555e-06,7.325824071813258e-07,2.1064381883206806e-07,2.4303861323460296e-07
34,0.0018394653452560306,0.00019137855269946158,6.633469456573948e-05,0.0008634263649582863,3.33333809976466e-05,0.0007175699574872851,5.1766688557108864e-05,5.4432206525234506e-05,2.7510273866937496e-05,2.383194015465051e-07,6.13242661984259e-07,2.9174148608035466e-07
35,0.0020814230665564537,0.0004916623001918197,0.0006951619870960712,2.081494494632352e-05,0.0002597773273009807,0.00018382127746008337,1.9457584130577743e-06,1.5540155800408684e-05,1.1892562724824529e-05,3.198254887593066e-07,3.6245415913072065e-07,2.3306999707983778e-07
36,0.0016100526554509997,0.0004879396583419293,0.00010898879554588348,5.4713520512450486e-05,0.0013385586207732558,1.6405216229031794e-05,1.1194353646715172e-05,2.0380516616569366e-06,7.620165433763759e-06,1.4984494782765978e-06,6.626154203104306e-08,1.5961177268764004e-07
37,0.0017118917312473059,0.0008455500355921686,0.00025200596428476274,7.280118006747216e-05,0.002203618176281452,0.0003767753660213202,7.99891677161213e-06,2.2107962649897672e-05,5.709363449568627e-06,2.6236747885377554e-07,4.3584063291746133e-07,2.8898566029056383e-07
38,0.0015771269099786878,0.0016436770092695951,0.003025528509169817,0.00013583182590082288,0.00020643447351176292,0.0016965018585324287,2.5224893761333078e-05,4.0793471271172166e-05,6.8433605520112906e-06,1.9602771317295264e-06,2.199730488428031e-06,2.5907696908689104e-05
39,0.0012868435587733984,0.0005889265448786318,0.00032294512493535876,3.575517257559113e-05,7.969334546942264e-06,0.003511618822813034,5.21533456776524e-06,6.031790235283552e-06,2.9077484668960096e-06,1.2076869779775734e-06,4.0920856037018893e-08,1.0017941143303233e-08
40,0.0004423180653247982,0.0011944100260734558,0.001108642085455358,5.688096734957071e-06,0.0018760071834549308,0.002022526226937771,1.3942863006377593e-05,4.865185019298224e-06,1.0632147677824832e-05,2.9741639195890457e-07,3.8899898413546907e-07,7.127436418841171e-08
41,0.0015315356431528926,0.0007206388399936259,2.731080530793406e-05,2.5811696104938164e-05,3.9446313166990876e-05,0.005492772441357374,1.9814517600025283e-06,1.3491057870851364e-05,2.8903032216476277e-06,8.653033489736117e-08,2.4682154275978974e-07,2.8217382208595154e-08
42,0.0020607258193194866,0.00034343762672506273,2.3006185074336827e-05,1.147598413808737e-05,0.000605521141551435,6.3391009462066e-05,2.3291186153073795e-06,1.0020568879554048e-05,2.0184631921438267e-06,3.7425854770845035e-07,1.8817848967955797e-07,2.2476264405213442e-07
43,0.001413158024661243,0.0007159611559472978,0.00090017169713974,1.3557510101236403e-05,0.00021875801030546427,0.0017235655104741454,3.0117704227450304e-05,4.229022579238517e-06,2.4540422600694e-06,9.25718552480248e-07,1.7619059633489087e-07,5.920738033182715e-08
44,3.743665729416534e-05,0.002010943600907922,0.004022593609988689,0.0005509026814252138,0.00021953661052975804,0.0023078143130987883,0.00027555765700526536,1.5737996363895945e-05,1.3762622756985365e-06,4.075642721090844e-07,4.475587331853603e-07,4.7946492998107715e-08
45,0.0020908631850034,0.0005067037418484688,0.00010457949974806979,1.1393076420063153e-05,1.0176404430239927e-05,0.0009989325189962983,2.5705267034936696e-05,6.29723072052002e-05,2.4697108528926037e-05,5.404006060416577e-07,2.3855164954511565e-07,7.728821174168843e-07
46,0.002492795931175351,0.0007046672399155796,0.00024282760568894446,4.5378812501439825e-05,0.0008214634726755321,0.0002856826176866889,3.7160920328460634e-05,2.3401200451189652e-05,7.6214300861465745e-06,3.16900496954986e-07,3.1451034487872676e-07,3.443917739787139e-05
47,0.0016549243591725826,0.0009170954581350088,0.0008425748674198985,9.199951455229893e-05,0.00028016522992402315,0.002128132153302431,1.994081867451314e-05,1.9571454686229117e-05,1.6333337043761276e-05,1.674129350703879e-07,2.0478347551033949e-07,1.2595408804827457e-07
48,0.0013668201863765717,0.0005373014719225466,4.2965762986568734e-05,0.00035144388675689697,0.0025420663878321648,0.0004964182735420763,6.23575906502083e-05,2.494459658919368e-05,2.4909593776101246e-05,3.1534173103864305e-06,3.137421117571648e-06,2.9022103831266577e-07
49,0.0017936663934960961,0.0015942368190735579,0.0009123497875407338,0.00022651063045486808,0.00406208960339427,0.0003220951766707003,0.001849749474786222,0.0010870458791032434,0.0002503819123376161,6.8442777774180286e-06,9.297822543885559e-06,1.800531549633888e-06
50,0.0010349334916099906,0.0005259360186755657,0.0002747188846115023,3.58971519744955e-05,7.557980279671028e-05,0.004071502014994621,2.320064049854409e-05,5.180363586987369e-05,7.0282781052810606e-06,3.8528500567736046e-07,5.271781446936075e-07,3.0227266734073055e-07
51,7.838806050131097e-05,0.0023422956001013517,0.0007827228982932866,0.0011250708485022187,0.002015854697674513,0.007153598126024008,0.0003457599086686969,1.3231347111286595e-06,1.2666007478401298e-06,2.2822983680725883e-07,6.539507779734777e-08,4.099212347341563e-08
52,0.0014195460826158524,0.0020559944678097963,0.004551851190626621,5.626529309665784e-05,0.0001510169677203521,0.0015950368251651525,0.0001661921851336956,1.0842560186574701e-05,7.721961992501747e-06,7.697095725234249e-07,1.6390312111980165e-06,9.718785776158256e-08
53,0.003178727813065052,0.0006215944886207581,5.625453923130408e-05,0.00010161851969314739,0.002521196147426963,1.5976054783095606e-05,3.656919602690323e-07,0.0001378050510538742,9.426071483176202e-05,5.6057517213048413e-05,3.251494433698099e-07,1.6972737171272456e-07
54,0.0008829080034047365,0.0017899074591696262,0.0013296972028911114,8.951669587986544e-05,0.0007086676196195185,0.004698400851339102,3.588505205698311e-05,0.007508321665227413,4.4931198317499366e-06,4.431022375683824e-07,3.514030140649993e-06,5.410147991824488e-07
55,0.0034698613453656435,0.00046792946523055434,1.748736758599989e-05,0.00022583491227123886,4.973700561095029e-05,3.4468379453755915e-05,4.982865448255325e-06,2.8021289836033247e-05,0.008263896219432354,1.202233192998392e-06,4.4476453808783845e-07,0.0003083303745370358
56,0.002107391133904457,0.001626474317163229,0.0001845757942646742,0.0010207935702055693,0.0002352283481741324,0.004347175359725952,4.970096779288724e-05,7.407656084978953e-05,3.5407567338552326e-05,7.809491648913536e-07,6.171123914100463e-07,1.514942908897865e-07
57,0.001273033907637,0.0005751681746914983,3.999540058430284e-05,4.790819002664648e-05,0.0020435682963579893,0.0009040457662194967,7.587992058688542e-06,1.5640336641808972e-05,8.274814717879053e-06,1.4462808621829026e-06,1.6986679156616447e-06,1.3061006143288978e-07
58,0.0018854823429137468,0.003294369438663125,0.004060407634824514,9.06497152755037e-05,0.004286613781005144,0.0019795966800302267,5.3805379138793796e-05,6.06628782406915e-06,1.4076149454922415e-05,9.581713129591662e-07,3.079062707911362e-06,1.7527281670481898e-07
59,0.0007100513903424144,0.0004227286553941667,6.128827953943983e-05,0.00017706103972159326,0.0010714619420468807,0.00014241495227906853,1.1353741683706176e-05,6.819005648139864e-05,7.092259579621896e-07,1.2185261084596277e-06,1.1443029279689654e-07,6.388448241523292e-07
60,0.0018741406966000795,0.0006364184664562345,0.0002757453185040504,1.5374112990684807e-05,0.001945636817254126,8.088876347756013e-05,1.044934197125258e-05,1.5411070535265026e-06,2.583971308922628e-06,1.4605086562369252e-06,2.1698885177556804e-07,3.581047280931671e-08
61,0.0018494580872356892,0.0017772752325981855,0.0013811097014695406,0.0015046417247503996,0.00010349586955271661,0.005589980166405439,6.8367680796654895e-06,1.3879900507163256e-05,3.166627720929682e-05,1.8507954564483953e-06,1.4116778856987366e-06,4.184621047897963e-06
62,0.001723716501146555,0.0003948037337977439,0.0011702391784638166,1.4689197087136563e-05,3.1595096515957266e-05,0.00013467410462908447,4.287722276785644e-06,2.4469531126669608e-05,2.1315702269930625e-06,5.77717571559333e-07,8.697427915649314e-07,8.632913051087598e-08
63,0.0020386716350913048,0.0004956144839525223,3.521401959005743e-05,1.62158739840379e-05,1.8696522602112964e-05,0.0013938721967861056,2.3136396976042306e-06,2.136915327355382e-06,3.1729396141599864e-05,5.612148470390821e-07,4.5235447032609954e-07,7.781846278476223e-08
64,0.0014580219285562634,0.0009495408157818019,0.00037521449849009514,3.185621608281508e-05,0.0029523526318371296,5.559313285630196e-05,3.1111640055314638e-06,3.535573796398239e-06,1.1555608807611861e-06,1.0925634796876693e-07,1.7279809583214956e-07,5.429530460787646e-07
65,0.00047823262866586447,0.0012778362724930048,0.002478291979059577,7.805303175700828e-05,0.0025247700978070498,0.0006228002021089196,7.272977200045716e-06,1.685904680925887e-05,3.5191480947105447e-06,3.6504047784546856e-07,2.0067700461368077e-06,1.5231772465540416e-07
66,7.037618343019858e-05,0.0021976304706186056,0.0033679974731057882,8.029871241888031e-05,0.0002143817546311766,0.0023388448171317577,0.0038017071783542633,8.393353346036747e-05,1.985468770726584e-06,3.169462843288784e-06,4.638278312540933e-07,9.992459837349088e-08
67,0.0014330802951008081,0.001144804060459137,0.003301695454865694,0.00017406362167093903,0.0003430997603572905,0.0006076721474528313,3.9723101508570835e-05,8.998186967801303e-05,1.8197364624938928e-05,4.944112788507482e-06,3.395390422156197e-06,1.3902474620408611e-06
68,0.003097597975283861,0.0009609432308934629,1.8324733900954016e-05,2.6914702175417915e-05,0.0011223447509109974,0.00025502085918560624,1.6633537597954273e-05,2.6595278541208245e-05,1.7395229860994732e-06,8.058928528953402e-07,1.1986840320332703e-07,9.94097248963044e-08
69,0.0021376509685069323,0.0006791360210627317,2.6095789507962763e-05,1.3321931874088477e-05,0.0002434219786664471,0.00470027094706893,4.05914715884137e-06,1.5976735085132532e-05,1.6810576198622584e-05,3.839531359517423e-07,7.1415165621147025e-06,6.665898411029048e-08
70,0.0014913390623405576,0.000713498389814049,8.265731594292447e-05,6.101901090005413e-05,5.9251229686196893e-05,0.004767087288200855,2.864140924430103e-06,3.796448800130747e-05,5.982548464089632e-05,2.656476908668992e-06,2.193914724557544e-06,2.268181589215601e-07
71,0.00013293290976434946,0.0021657354664057493,0.003121553920209408,0.0003454805410001427,0.001804820029065013,0.0029646160546690226,0.0002866746799554676,0.0015037283301353455,1.2184761544631328e-05,1.8501087879485567e-06,1.2216104039453057e-07,6.633258635702077e-06
72,0.0016476630698889494,0.0007280847057700157,0.0003614627639763057,0.0002974121307488531,8.466215513180941e-05,0.003051688661798835,1.712193807179574e-05,7.080706564011052e-05,4.720687502413057e-05,3.873640253004851e-07,9.750648359840852e-07,7.676811719647958e-07
73,0.00022795615950599313,0.001776369521394372,0.00030990230152383447,0.0003178912156727165,0.0001194928991026245,0.010318136774003506,1.1258479389653075e-05,1.1331361747579649e-05,2.597018237793236e-06,1.1566318107725237e-06,1.033885226320308e-07,1.5638747186130786e-07
74,0.0022577557247132063,0.0007081441581249237,0.0006927827489562333,4.8659476306056604e-05,0.00011030191672034562,0.0009471599478274584,1.4183929124556016e-05,2.5862645998131484e-06,1.7482219845987856e-05,5.189701255403634e-07,1.3682378607882129e-07,2.547269239983052e-08
75,0.0011860778322443366,0.0006859881686978042,0.000664929102640599,6.596113962586969e-05,0.0012805562000721693,0.0004681624413933605,7.087282938300632e-06,1.341724146186607e-05,3.233237657696009e-05,5.207497906667413e-06,1.7430275534024986e-07,3.203883025548748e-08
76,0.0019140852382406592,0.00048780834185890853,3.875308539136313e-05,8.809418068267405e-05,2.210706406913232e-05,0.002209634054452181,9.121768925979268e-06,4.924647782900138e-06,2.41871766775148e-05,8.445563821624091e-07,4.2547529233161185e-07,6.258226221689256e-07
77,0.0033171193208545446,0.0012906464980915189,0.002860221080482006,0.00011586421896936372,0.0003329265455249697,0.00038400510675273836,0.00010906671377597377,4.206136509310454e-05,0.0012896168045699596,0.024611102417111397,4.406496373121627e-06,4.6251622620729904e-07
78,0.002622351050376892,0.0006505682249553502,8.124288433464244e-05,4.6179200580809265e-05,0.0014646410709246993,0.00033459137193858624,2.8763877253368264e-06,2.3553102437290363e-06,0.006488461047410965,3.887077184572263e-07,0.059009552001953125,1.2615437583463063e-07
79,0.00021415221272036433,0.0019219194073230028,0.0032097240909934044,0.0004946562694385648,0.002402729820460081,0.0010373153490945697,7.60557159082964e-05,9.340902033727616e-05,3.4751810744637623e-05,7.045161964924773e-07,1.4297193047241308e-06,1.9368894754734356e-07
80,0.0027679612394422293,0.001569460378959775,0.00026791953132487833,1.2388580216793343e-05,0.003945185337215662,0.0027493429370224476,1.1416341294534504e-05,1.1559372069314122e-05,2.792100167425815e-05,1.517244498927539e-07,1.0267796142215957e-06,2.2178123515459447e-07
81,0.0021540052257478237,0.0005147337215021253,8.954740042099729e-05,1.6223648344748653e-05,0.00019055703887715936,0.00012023340241285041,7.177092356869252e-06,2.8711956474580802e-05,7.564192969766736e-07,1.5115796259124181e-06,1.0367352842877153e-06,1.0584300724758577e-07
82,0.0018941765883937478,0.0017235932173207402,0.0008679571328684688,0.0013049152912572026,5.693627826985903e-05,0.0035460086073726416,9.08294168766588e-05,0.001008188002742827,1.2716012861346826e-05,3.8527455217263196e-06,8.10234541859245e-06,1.1653622777885175e-06
83,0.0015290105948224664,0.0003239636425860226,0.00017691361426841468,0.00011193030513823032,1.7992602806771174e-05,0.0006590955890715122,1.7608521375223063e-05,8.007836731849238e-05,2.0266145384084666e-06,1.5701596112194238e-06,9.27807434436545e-07,4.2205539330097963e-07
84,0.002317912643775344,0.00044099235674366355,5.5546683142893016e-05,3.123646092717536e-05,3.852629379252903e-05,0.0009315378265455365,1.0048238436866086e-05,1.8577467926661484e-05,2.6654999601305462e-05,7.530776997555222e-07,2.021833438448084e-07,1.1684286249646902e-07
85,0.0018532475223764777,0.0005401495727710426,0.002099744975566864,3.3465805699961493e-06,4.9890448281075805e-05,0.00016002319171093404,7.110334991011769e-06,8.257385161414277e-06,1.7858545788840274e-06,3.805108008236857e-06,1.2901751915705972e-06,1.2312692660998437e-06
86,0.0009636170580051839,0.0025411604437977076,0.005100845359265804,0.000702718913089484,0.0002613820834085345,0.001503264531493187,0.00014882482355460525,9.830671842792071e-06,1.364987747365376e-05,1.8916038015959202e-06,2.565680233601597e-06,2.1920389770002657e-07
87,0.0006831229547969997,0.0010618700180202723,0.0007021721685305238,0.0001835042203310877,0.0017498793313279748,0.0021983145270496607,4.001324123237282e-05,3.0873784453433473e-06,9.385078101331601e-07,2.1381565318279172e-07,6.299740107351681e-08,1.3169849921723653e-07
88,6.285800918703899e-05,0.002372408052906394,0.0034515822771936655,0.0002964545856229961,5.425039489637129e-05,0.0003438662097323686,0.005581178702414036,7.538445061072707e-05,4.932422143610893e-06,2.752028422037256e-06,3.911215742391505e-07,1.9218531122078275e-07
89,0.0013955709291622043,0.0016023351345211267,0.00044715762487612665,0.0004900363855995238,0.0014091418124735355,0.0046293120831251144,6.932055111974478e-05,5.0115824706153944e-05,4.617991180566605e-06,5.73386273572396e-07,5.785116741208185e-07,2.0067227524123155e-07
90,0.0015469238860532641,0.0013117230264469981,0.002871645614504814,0.00016610043530818075,0.00128109788056463,0.00019367269123904407,1.503218572906917e-05,6.857844709884375e-06,1.2607350072357804e-05,9.159773071587551e-06,1.1858051607305242e-07,2.5255272362301184e-07
91,0.0006907223723828793,0.0006864821189083159,0.00036549053038470447,0.00010044895316241309,0.0004570128512568772,0.002751546213403344,6.517766450997442e-05,1.4027149290996022e-06,8.574930689064786e-06,4.02091728801679e-07,2.832630627835897e-07,4.761504257544402e-08
92,0.002468004124239087,0.0006228695856407285,0.0002414245973341167,9.564903302816674e-05,3.4965862141689286e-05,4.806098877452314e-05,1.4408152537725982e-06,5.239636266196612e-06,0.001665519899688661,0.1631186455488205,4.657215868064668e-06,1.3592986647381622e-07
93,0.00034838230931200087,0.002644229680299759,0.002948457607999444,0.003551713190972805,0.00010143045074073598,0.007085864432156086,0.000914321222808212,9.254356700694188e-05,1.3236855920695234e-05,2.988234655276756e-07,3.0396520287467865e-06,9.334551691608794e-07
94,0.0018574605928733945,0.0003502625913824886,3.634013046394102e-05,4.539358997135423e-06,0.0005380010697990656,0.00025708082830533385,6.953252523089759e-06,0.00020452539320103824,5.790557679574704e-06,2.4525347726012114e-06,2.9511961656680796e-06,2.873274809189752e-07
95,0.002532096579670906,0.0005652268300764263,3.83374972443562e-05,0.00016475589654874057,3.7450252420967445e-05,0.00034921441692858934,3.216492768842727e-05,0.0001974133774638176,1.4025122254679445e-05,3.3241812502637913e-07,6.06339824571478e-07,1.852829889514851e-08
96,0.00023732436238788068,0.001220820122398436,0.0031033852137625217,4.95082167617511e-05,0.0017197912093251944,3.0427116143982857e-05,2.3232223611557856e-05,1.2142223567934707e-05,3.106608801317634e-06,6.08495867027159e-08,2.6842911893254495e-07,1.4466691311554314e-07
97,0.0026268840301781893,0.0014551500789821148,7.509053102694452e-05,0.0005703173228539526,9.950417734216899e-06,0.006905681919306517,1.3377599316299893e-05,1.3851194125891197e-05,8.92455591383623e-06,3.1082592499842576e-07,3.7670924939448014e-06,4.014438559352129e-07
98,0.0010420799953863025,0.0027297912165522575,0.005336178001016378,0.00019536887702997774,0.00043730996549129486,0.003996214363723993,0.00044210648047737777,4.267250915290788e-05,3.272432422818383e-06,1.493688500886492e-06,3.603082632253063e-06,7.158319590416795e-07
99,0.0025784296449273825,0.001881512114778161,0.0007587888976559043,0.0004728153289761394,0.004292668774724007,0.0010355153353884816,3.820881829597056e-06,0.0002581242879386991,1.6339692592737265e-05,9.138318091572728e-06,2.177416490667383e-06,8.549964292114964e-08
100,0.0026971723418682814,0.0007956736953929067,0.0007438016473315656,0.0001200754486490041,4.896104655927047e-05,0.00014862525858916342,3.644714979600394e-06,2.7127260182169266e-05,6.951790510356659e-06,4.889880074188113e-07,1.78417138840814e-07,1.1127995094284415e-06
101,0.0013187081785872579,0.0003938456065952778,5.397268614615314e-05,2.664494422788266e-05,0.0016646664589643478,2.9317685402929783e-05,6.998359822318889e-06,2.4021115677896887e-05,1.4576880857930519e-05,6.698107881675242e-07,4.780194444720109e-07,8.215020841362275e-08
102,0.0017887130379676819,0.0008219946175813675,0.00010925483366008848,0.0002164266916224733,0.002738955896347761,0.0002614278346300125,1.9811570382444188e-05,0.00013432279229164124,0.0028589621651917696,1.6805078075776692e-06,6.3830788121777e-07,2.509706291675684e-06
103,0.0025424822233617306,0.0006623003864660859,0.0003504072374198586,3.632529842434451e-05,0.0025431199464946985,0.001083897310309112,3.748460949282162e-05,0.00012954644626006484,0.015913955867290497,5.210930339671904e-06,4.6980356273707e-05,2.5228853246517247e-06
104,0.0027326883282512426,0.00047708844067528844,6.915184712852351e-06,6.685773405479267e-05,3.249860810683458e-06,0.0023301762994378805,2.898325647038291e-06,6.683836204501858e-07,5.977601176709868e-06,1.086623981905177e-07,3.343637899888563e-07,5.1301125125746694e-08
105,0.0045143794268369675,0.0008343512890860438,0.0006848259945400059,4.600072497851215e-05,0.0003750082687474787,0.0010481919161975384,1.918116822707816e-06,1.7472000763518736e-05,2.7292817321722396e-05,1.008579147310229e-06,4.6147440002641815e-07,8.272061222669436e-07
106,0.0024513539392501116,0.0005367842968553305,7.459913467755541e-05,4.561084642773494e-05,0.0026603343430906534,3.4866552596213296e-05,5.4277929848467465e-06,2.7539123038877733e-05,0.011683891527354717,3.650991402537329e-06,8.491196786053479e-05,2.5619416987865407e-07
107,0.0015422784490510821,0.001443319022655487,0.0001492456067353487,0.0001746341004036367,0.0050687240436673164,0.0007229483453556895,7.169000127760228e-06,9.554274583933875e-06,7.397313311230391e-05,2.225939624622697e-06,1.190726266031561e-06,5.229220278124558e-06
108,0.0009168180404230952,0.0010314462706446648,1.0947688679152634e-05,4.9547325033927336e-05,3.48246940120589e-05,0.0007907600956968963,5.9633962337102275e-06,0.037026576697826385,7.5700927482103e-06,1.0126880169991637e-06,2.0788779409031122e-07,6.939943375527946e-08
109,0.0009783826535567641,0.0017935236683115363,0.0030181941110640764,0.0002058300597127527,0.00018167523376177996,0.003035558620467782,3.760021718335338e-05,8.207546670746524e-06,6.82383597450098e-06,8.43658824578597e-07,1.1074640724473284e-06,4.497998986607854e-07
110,0.0014511971967294812,0.0002595077094156295,5.74977821088396e-05,1.960306690307334e-05,8.319315384142101e-05,4.571730096358806e-05,1.2663181223615538e-05,4.255270596331684e-06,1.1376275324437302e-05,2.1757996648830158e-07,3.5213076898799045e-07,6.194343882270914e-08
111,0.00252986210398376,0.0006674671312794089,3.922664836863987e-05,4.2075622332049534e-05,0.00012403192522469908,0.0030306882690638304,9.034140475705499e-07,3.396786723897094e-06,2.2022401026333682e-05,3.1884090390121855e-07,4.97524922593584e-07,2.016260225445876e-07
112,0.0018661987269297242,0.00046338452375493944,0.00048663621419109404,1.7437192582292482e-05,0.0005861614481545985,2.1915548131801188e-05,2.7495596441440284e-05,5.193667675484903e-06,3.708862777784816e-06,1.2612923683263944e-07,6.631755411490303e-08,5.8399177049750506e-08
113,0.0027856561355292797,0.0006727045401930809,0.0005373715539462864,1.0515455869608559e-05,0.0002835900231730193,0.0054772403091192245,1.6311612853314728e-05,2.2414828890759964e-06,0.025798290967941284,2.2943099509120657e-07,2.069416638050825e-07,3.381689168691082e-07
114,0.0006401792634278536,0.0008255602442659438,0.0012119886232540011,1.3853660675522406e-05,0.0003077163710258901,0.001716338680125773,1.3999735529068857e-05,9.16593853617087e-06,2.463861392243416e-06,1.6871035768417642e-07,7.44095018490043e-07,2.4961051892091746e-08
115,0.0031674185302108526,0.0004716866242233664,0.00017532471974845976,7.110181286407169e-06,2.6993369829142466e-05,3.906857091351412e-05,2.775083657979849e-06,1.8271190356244915e-06,1.3758588465861976e-05,1.5310073422369896e-06,2.0124391539866338e-06,1.625387966441849e-07
116,0.0013350917724892497,0.0013990302104502916,9.009597124531865e-05,0.00024003227008506656,0.006262538023293018,0.000470569561002776,4.9919026423594914e-06,2.563272755651269e-05,7.167176227085292e-05,1.4775147292311885e-06,3.405149982427247e-05,3.972378692651546e-07
117,0.002594666089862585,0.0004740338772535324,3.2930695397226373e-06,7.907894178060815e-05,1.6349697489204118e-06,0.003715149825438857,2.241707989014685e-06,1.5706471003795741e-06,2.6385064302303363e-06,9.176827120427333e-07,8.533047690661988e-08,1.1794831777933723e-07
118,0.00024135035346262157,0.000999786308966577,0.0013133635511621833,5.672803308698349e-05,0.00033892877399921417,0.003579749958589673,1.22983228720841e-05,3.5509863209881587e-06,7.833932045286929e-07,8.241642035500263e-07,7.739927809780056e-08,1.896573849080596e-07
119,0.001383355469442904,0.0007160772220231593,8.901185356080532e-05,4.0270744648296386e-05,0.00011246428039157763,0.00619982834905386,5.75049625695101e-06,7.99235567683354e-06,6.056885831640102e-05,4.116881427762564e-06,1.1909561692391435e-07,1.6781591227754689e-07
120,0.002767713740468025,0.0003548749955371022,1.1680012903525494e-05,0.00015376215742435306,3.99853743147105e-05,9.117798072111327e-06,2.064666841761209e-05,2.6390650873509003e-06,2.1792388906760607e-06,3.230389609143458e-07,1.0835929060704075e-06,4.2327187088631035e-07
121,0.0006525843637064099,0.0016510500572621822,0.0013160494854673743,6.489384304586565e-06,9.286235581384972e-05,0.006396542303264141,2.7385451176087372e-05,3.998280590167269e-05,4.2157566326750384e-07,2.873896676192089e-07,1.2763875929522328e-06,8.058002975985801e-08
122,0.0016800136072561145,0.0004932914162054658,0.0006196009926497936,6.103225314291194e-05,0.0009395531378686428,6.026835762895644e-06,1.2788712410838343e-05,4.89278208988253e-05,1.991807766899001e-05,9.990358194045257e-07,1.009035713650519e-06,3.6342908060760237e-07
123,0.0018651605350896716,0.0007565752603113651,0.00036761624505743384,6.16819888819009e-05,0.0013174049090594053,0.0011580473510548472,2.0475204109970946e-06,7.654718501726165e-06,1.2764375014739926e-06,1.0832870600552269e-07,4.0594795791548677e-07,7.422098491360885e-08
124,0.0026223836466670036,0.0016415438149124384,0.001994569320231676,0.00023433903697878122,0.0002094886003760621,0.004669929388910532,6.767106242477894e-05,6.348700117086992e-05,5.05284515384119e-05,3.132136043859646e-05,2.0949457848473685e-06,6.623552621931594e-07
125,0.002381901489570737,0.0010525595862418413,4.4518343202071264e-05,5.412464088294655e-05,0.0032716665882617235,4.770824671140872e-05,1.7315698642050847e-05,8.25609367893776e-06,1.3835383469995577e-06,4.490532603540487e-07,7.988907100298093e-07,8.578173549267376e-08
126,0.0017091238405555487,0.0006181916105560958,0.00010202101111644879,5.3799300076207146e-05,0.00309343496337533,4.335582707426511e-05,2.485913682903629e-06,5.454041001939913e-06,1.0702606232371181e-05,1.8141652162739774e-06,1.9281782215330168e-07,2.769267837265943e-08
127,0.0023850123398005962,0.0003977945598307997,1.1094339242845308e-05,0.00011263747001066804,0.0008980698185041547,0.0004401146434247494,1.0781425316963578e-06,1.7268173451157054e-06,0.008341978304088116,2.223152023361763e-06,2.1512209968932439e-07,1.333888661747551e-07
128,0.0017436735797673464,0.0006146907107904553,0.0005332677392289042,1.1082727723987773e-05,0.0011337759206071496,0.0017534507205709815,0.0002293359284522012,2.7731515729101375e-05,1.0937004844890907e-05,4.4535138954415743e-07,4.3038841113229864e-07,1.397920641466044e-07
129,0.001968580298125744,0.0008998273406177759,0.0017676379065960646,5.939439870417118e-05,0.00019781057198997587,0.0006035977858118713,1.3622429833048955e-05,4.011288910987787e-05,7.972608727868646e-06,4.3664276745403185e-06,3.956157286211237e-07,1.6444799655346287e-07
130,0.0010480746859684587,0.00048802944365888834,0.00010496779577806592,3.6817622458329424e-05,0.003346234792843461,0.00018341265968047082,3.173884761054069e-05,1.2852292456955183e-05,0.010019801557064056,4.796067514689639e-06,0.03131735697388649,3.2614906331218663e-07
131,0.0022558539640158415,0.00042073626536875963,0.00029401923529803753,1.6677669918863103e-05,0.0008166204788722098,1.540745870443061e-05,3.182497312081978e-05,3.5452289012027904e-05,3.2359323085984215e-05,2.1874758715512144e-07,3.5114118190904264e-07,8.398662032504944e-08
132,0.001271598506718874,0.0012313186889514327,0.00020397738262545317,0.0003365951997693628,0.0041084797121584415,0.00028697215020656586,9.502165630692616e-05,6.95363778504543e-05,4.26838050771039e-05,3.1886299893812975e-06,5.910444542678306e-06,3.0812276463620947e-07
133,0.0012318678200244904,0.0006243066745810211,7.804967754054815e-05,3.6355537304189056e-05,0.000242413894739002,0.0020175797399133444,1.3052891745246598e-06,1.5553350749542005e-05,2.172828317270614e-06,1.8015285263572878e-07,9.990014149252602e-08,1.8463641993093916e-07
134,0.0017245080089196563,0.00102301558945328,0.0007192906341515481,2.2884170903125778e-05,0.0001808476954465732,0.0003224147076252848,9.718328328744974e-06,0.022560233250260353,7.970511069288477e-05,2.6307188818464056e-06,6.7953133111586794e-06,7.85183488005714e-07
135,0.003079464193433523,0.001544918050058186,0.0014501658733934164,0.00033513130620121956,0.003956841770559549,5.4596424888586625e-05,7.197051218099659e-06,2.227945515187457e-06,0.0007568036089651287,6.927241429366404e-06,5.037361006543506e-06,1.614779705505498e-07
136,0.0022073443979024887,0.000732491840608418,0.0030133435502648354,5.673168561770581e-05,2.884713921957882e-06,4.6295346692204475e-05,3.981017187015823e-07,3.1856345685810084e-06,0.0054667191579937935,2.032789154782222e-07,2.64561521134965e-07,4.0357214459163515e-08
137,0.00388142978772521,0.0008043716661632061,1.217573390022153e-05,6.536456203320995e-05,0.0001457696926081553,0.0007290280191227794,2.691886948014144e-06,2.1370193280745298e-05,9.714594852994196e-06,3.526317016167013e-07,6.130529328629564e-08,9.872608330852017e-08
138,0.0014071555342525244,0.0011692214757204056,0.00013353956455830485,0.00020856353512499481,0.0028545577079057693,0.0036749718710780144,2.0343637515907176e-05,8.999821147881448e-06,1.4993731383583508e-05,1.530722556708497e-06,4.7556130766679416e-07,3.1064764982602355e-08
139,0.0021019848063588142,0.0016861680196598172,0.0007086978876031935,0.0008322226931340992,0.003070022678002715,0.0005703232600353658,0.0005270119872875512,0.000545466085895896,1.88275080290623e-05,5.7002589528565295e-06,7.275415555341169e-06,6.038694522203514e-08
140,0.0031447377987205982,0.0008180715958587825,0.0001671704521868378,9.708864672575146e-05,0.0001373316626995802,0.002039868151769042,2.6505060304771177e-05,3.7231518490443705e-06,1.64531847985927e-05,1.312080030402285e-06,1.184018174171797e-06,1.1464735507615842e-06
141,0.0012356519000604749,0.0007546712295152247,0.00012887614138890058,1.98525649466319e-05,0.0016938134795054793,0.0002733291476033628,3.436731640249491e-05,1.842682650021743e-05,3.0172375318215927e-06,4.1031622544096535e-08,5.722851597056433e-07,2.333309723212551e-08
142,0.0032861584331840277,0.0009612340363673866,0.001039877999573946,0.0027088532224297523,0.00017388921696692705,2.996843250002712e-05,3.435004691709764e-05,2.0203544409014285e-05,3.4345498534094077e-06,7.812601410250863e-08,2.538192518386495e-07,3.3785494224503054e-07
143,0.004273274913430214,0.0010230112820863724,0.00027258749469183385,0.0006709445151500404,0.0006578802713192999,0.00012327385775279254,5.107449760544114e-05,0.00023598970437888056,0.001286578830331564,2.0027746359119192e-05,3.1096731163415825e-06,3.9622032090846915e-06
144,0.0022279820404946804,0.0006756972288712859,0.00014482902770396322,3.356490924488753e-05,4.080976577824913e-05,0.003249912289902568,2.7432574825070333e-06,4.0341059502679855e-05,1.4559555893356446e-05,9.824935887081665e-07,3.5540349472285016e-06,2.6592337576403224e-07
145,0.0002672903356142342,0.0022684410214424133,0.0024002015125006437,0.00045925439917482436,0.0030320673249661922,0.002233194885775447,0.004113984759896994,0.00011738287139451131,1.3563442735176068e-05,3.4688816867856076e-06,6.661973202426452e-06,3.558807577519474e-07
146,0.0007722596637904644,0.0009140839101746678,0.0014680178137496114,7.74082145653665e-05,0.00023786074598319829,0.00363909755833447,4.251092468621209e-05,1.2123942724429071e-05,1.4964403817430139e-05,2.2160395474202232e-06,9.943569239112549e-07,9.040401494075923e-08
147,0.00215317914262414,0.000551762932445854,5.399086148827337e-05,3.567221938283183e-05,0.0004204617871437222,0.002321332460269332,1.3524788300856017e-05,3.160364485665923e-06,8.096602687146515e-05,9.810001984078554e-07,5.356949941415223e-07,8.790112104861691e-08
148,0.0013925412204116583,0.0017357594333589077,0.0028256152290850878,0.0003310801985207945,0.002342350548133254,0.00016915106971282512,1.2735314157907851e-05,3.6659853321907576e-06,6.842316452093655e-06,2.056229391200759e-07,8.192061784484395e-08,1.4092105402596644e-06
149,0.0012865499593317509,0.0028745541349053383,0.0030219845939427614,0.0044073499739170074,0.0012541539035737514,0.0006142312195152044,0.011775831691920757,7.355061097769067e-05,4.8203546612057835e-06,1.1323450053168926e-05,1.64346397468762e-06,6.0658490838250145e-05
150,0.0011268616653978825,0.0009480580920353532,0.00039393603219650686,3.357174136908725e-05,0.00111230683978647,0.0022159507498145103,9.735525964060798e-05,2.7014273655368015e-05,8.689195851729892e-07,2.51161310416137e-07,7.644086394975602e-07,2.36955344234957e-07
151,0.0023387442342936993,0.0005931145860813558,2.3707658328930847e-05,0.0001337766443612054,5.287236126605421e-05,0.0020771571435034275,2.731802169364528e-06,3.0441315175266936e-06,4.154700036451686e-06,8.94018796770979e-07,9.440176427233382e-07,1.1428134030211368e-06
152,0.0025519311893731356,0.0006126667140051723,0.00012007722398266196,4.562639878713526e-05,0.00012646323011722416,0.00017320059123449028,6.518779400721542e-07,6.42306758891209e-06,0.0001375207502860576,2.779717931389314e-07,2.0414078960584447e-07,1.1689782297708007e-07
153,0.0025924358051270247,0.0005307403043843806,1.4057686712476425e-05,9.98303949018009e-05,0.0003808764449786395,0.0011314413277432323,2.823623981385026e-05,4.501135663304012e-06,8.420660719821171e-07,1.4082331745157717e-07,2.566758041666617e-07,8.239727833370125e-08
154,0.0006426784093491733,0.0026512290351092815,0.006195839960128069,0.00012790104665327817,0.0005548259941861033,0.0017772868741303682,2.3810880520613864e-05,0.0008686648798175156,3.3520907891215757e-05,2.3650529783481034e-06,1.4466276070379536e-06,1.4530412499880185e-06
155,0.00011332232679706067,0.002080921083688736,0.0015857114922255278,6.609495176235214e-05,0.0015161574119701982,0.006090042181313038,0.0004253899969626218,5.6315224355785176e-05,1.1075777365476824e-05,9.085731562663568e-07,9.091085928503162e-08,3.054574051475356e-07
156,0.0009948338847607374,0.0005109648336656392,4.639558937924448e-06,4.210157203488052e-05,4.251609061611816e-05,0.004266927018761635,2.7978946945950156e-06,1.4535014088323805e-05,2.8599462893907912e-05,1.7105015786000877e-06,3.5581976476350974e-07,1.896528942779696e-07
157,0.00041570901521481574,0.0017235095147043467,0.001659891684539616,0.00028606082196347415,0.00023064197739586234,0.0019077445613220334,0.00561530701816082,7.251421266118996e-06,5.715467068512226e-07,2.648158954343671e-07,1.9835898967812682e-07,1.238464193420441e-07
158,0.0030557792633771896,0.0020201620645821095,0.00046480822493322194,0.00012104374764021486,3.576335438992828e-05,0.0066718775779008865,6.063172349968227e-06,3.217860012227902e-06,4.644070486392593e-06,7.986108130353387e-07,2.8729033374474966e-07,8.875340284930644e-08
159,0.0014884071424603462,0.0006046135094948113,0.0015624333173036575,4.553887265501544e-05,0.0003541413461789489,0.00021762322285212576,1.4172795772537938e-06,2.5069959519896656e-05,1.7532147467136383e-06,7.302749054360902e-07,5.2542162620738964e-08,1.6819099357689993e-07
160,0.0004726586921606213,0.001049030921421945,0.0011218052823096514,6.401818973245099e-05,0.0033848194871097803,0.00016921131464187056,8.083255670499057e-05,2.685982963157585e-06,2.1908851977059385e-06,3.647888888735906e-07,8.135364168992965e-07,5.847463313557455e-08
161,0.0006713024922646582,0.000905910856090486,0.0016196914948523045,0.0002283732028445229,1.1299520338070579e-05,0.001856213784776628,6.5928443291340955e-06,6.750474312866572e-06,3.130367986159399e-06,2.201347797381459e-06,6.479425564975827e-07,1.135276193053869e-07
162,0.004154023248702288,0.0016855212161317468,0.00108542968519032,0.0002252441772725433,0.000447806844022125,0.0036410607863217592,6.923924956936389e-06,5.539077028515749e-05,0.00012528113438747823,6.3200418480846565e-06,1.5983399634933448e-06,3.8437701732618734e-07
163,0.002806285861879587,0.0005876632058061659,0.0016923026414588094,3.3938948035938665e-05,9.24437990761362e-05,4.4140546378912404e-05,6.188952283991966e-06,9.752736332302447e-06,0.006049358285963535,1.0581994729363942e-06,3.7267480479385995e-07,1.6776277789176675e-07
164,0.0015231843572109938,0.0009179941262118518,0.0002697387826628983,3.715239654411562e-05,0.0021669568959623575,2.5386660126969218e-05,7.03632167642354e-06,1.09189440991031e-05,9.412084978066559e-07,1.2470513865991961e-06,3.847252116884192e-07,8.372926174615714e-08
165,0.0007265351014211774,0.000925636850297451,4.871926284977235e-05,8.257702575065196e-05,0.002213760046288371,0.0020665719639509916,6.194969500938896e-06,8.843990144669078e-06,1.1417045243433677e-05,1.4662130354281544e-07,3.4540460092102876e-07,5.122886648223357e-08
166,0.0006538947927765548,0.0016858684830367565,0.0011472278274595737,0.00013527838746085763,0.0006259274668991566,0.00708684790879488,2.614254663058091e-05,3.689947698148899e-05,5.561299985856749e-06,8.949537004809827e-07,9.822579158935696e-07,2.249880139970628e-07
167,0.0023939628154039383,0.0006533822743222117,0.0002688488457351923,3.0642575438832864e-05,0.0027218360919505358,1.6864019926288165e-05,1.1983743206656072e-06,3.5474593005346833e-06,8.048674317251425e-06,5.1790589168376755e-06,3.760478932690603e-07,6.35148538208341e-08
168,0.0023829133715480566,0.0006228842539712787,0.0012213236186653376,0.00010065531387226656,9.759700333233923e-05,0.001582460943609476,1.4791882676945534e-05,0.01578054390847683,0.015695039182901382,5.440643144538626e-05,3.252538590459153e-06,5.16615159540379e-07
169,0.00023706549836788327,0.003417969448491931,0.005529380869120359,0.0008439198136329651,0.0003092632978223264,0.003304101061075926,0.00683817733079195,0.003926794044673443,6.518833106383681e-05,6.158801170386141e-06,1.2387376045808196e-05,2.978227257699473e-06
170,0.0011283705243840814,0.0013671250781044364,0.00044869183329865336,0.0010106309782713652,0.0004704605380538851,0.0015489384531974792,3.199539060005918e-05,0.029726192355155945,3.159029802191071e-05,3.029690560651943e-07,7.00608950410242e-07,3.4372138202343194e-07
171,0.002197370631620288,0.0006806632736697793,3.930425737053156e-05,2.539330489526037e-05,0.0020367943216115236,4.936910409014672e-05,2.620827217469923e-06,2.4590042357885977e-06,5.4788513807579875e-05,3.623056045398698e-06,0.07174736261367798,5.655820700667391e-07
172,0.0013695447705686092,0.0015837205573916435,0.0025913240388035774,0.0002041437110165134,0.0021653135772794485,0.0011205542832612991,2.9362050554482266e-05,2.071401286229957e-05,2.232244696642738e-05,2.4504540760972304e-06,1.556754455123155e-06,2.431897883070633e-07
173,0.0015575319994241,0.0008113016956485808,0.0007729524513706565,7.573376933578402e-05,0.0002797687193378806,0.002593578537926078,6.521014711324824e-06,5.2110121032455936e-05,1.0432211638544686e-05,6.65722950543568e-07,3.510852479848836e-07,4.4222292672202457e-07
174,0.003081378061324358,0.0006487091304734349,0.00012128127127652988,3.8980855606496334e-05,0.0008549794438295066,3.2831761927809566e-05,7.156669653340941e-06,5.9577046158665325e-06,4.329092462285189e-06,3.151993439587386e-07,2.3174358432243025e-07,7.88951638241997e-07
175,0.001246026367880404,0.0009983497438952327,1.4678694242320489e-05,8.081000851234421e-05,0.0020761797204613686,0.0014533799840137362,1.1023061233572662e-05,7.090227882144973e-06,1.0279157322656829e-05,2.4079955096567573e-07,3.4334487253318e-08,2.0310936577061511e-07
176,0.0009094730485230684,0.0014968988252803683,0.0006013136589899659,2.5634995836298913e-05,0.0022197458893060684,0.003309296676889062,3.574685251805931e-05,3.876959453918971e-06,2.0981992747692857e-06,5.556846645049518e-07,2.857058802874235e-07,1.15397817523899e-07
177,0.0033986237831413746,0.0008827882702462375,2.3994152797968127e-05,1.840261393226683e-05,2.5411523893126287e-05,0.0021582276094704866,4.2133765418839175e-06,5.428997610579245e-06,1.7477233996032737e-05,1.6026100411181687e-06,2.3712046015589294e-07,1.6854569651059137e-07
178,0.0021629054099321365,0.0004653787473216653,0.0012423248263075948,1.3448650861391798e-05,0.0002525199670344591,0.00032182157156057656,1.7919662695931038e-06,1.3651407471115817e-06,4.7768207878107205e-06,6.861485871922923e-06,6.313058520390769e-07,5.7340734826993867e-08
179,0.002053189091384411,0.0008878362714312971,3.130440745735541e-05,0.0005345693207345903,0.00018778379308059812,0.00015738248475827277,2.3664233594899997e-05,0.028353584930300713,8.092415555438492e-06,2.7247510843153577e-06,9.148859589913627e-07,3.8495886656164657e-07
180,0.0018807232845574617,0.0006386198801919818,0.00015926423657219857,7.183316483860835e-05,8.263607014669105e-06,0.0029912982136011124,1.95188131328905e-05,7.917143375379965e-05,5.135201718076132e-05,1.015441171148268e-06,1.636312049413391e-06,2.7122641199639475e-07
181,0.001771909766830504,0.0010409393580630422,0.0019137646304443479,2.677835254871752e-05,0.0007006337400525808,0.00023567548487335443,5.828883877256885e-05,1.2549122402560897e-05,1.0005686590375262e-06,1.635418271916933e-07,5.598049597210775e-07,1.3024910572312365e-07
182,0.0031687214504927397,0.0008043713751249015,0.0011252107797190547,3.634302265709266e-05,0.00027444498846307397,0.0013546126428991556,0.00013277742255013436,3.5387180105317384e-05,0.0006439695716835558,8.29809232527623e-06,1.4706254205520963e-06,1.4273565511757624e-06
183,0.0004975569318048656,0.0013267230242490768,0.004710845649242401,0.000146687583765015,5.083274299977347e-05,0.000155257701408118,5.768875325884437e-06,1.5103059013199527e-05,3.476255187706556e-06,2.039608261839021e-06,3.055044146549335e-07,7.98480215280506e-08
184,0.00013680699339602143,0.002450526924803853,0.005345442797988653,0.00032928577275015414,0.0003598401672206819,0.002209426136687398,3.076137727475725e-05,6.122566992416978e-05,1.803989835025277e-05,8.157004458553274e-07,1.1025368706896188e-07,1.1750450568115411e-07
185,0.0011344809317961335,0.0010922799119725823,0.002014104276895523,8.078238170128316e-05,9.0434929006733e-05,0.00085819186642766,7.027530955383554e-05,2.6237210477120243e-05,1.07788464447367e-05,2.1380599264375633e-06,7.871158800298872e-07,3.82944563170895e-07
186,0.0024014930240809917,0.0003699689114000648,6.807324825786054e-05,6.949582257220754e-06,0.0008402105886489153,0.00010427843517391011,3.503430207274505e-06,2.476090048730839e-05,1.0240732990496326e-05,1.0333298661180379e-07,2.0079502860426146e-07,9.111298027164594e-08
187,0.0010093896416947246,0.002036557300016284,0.004312773700803518,0.0011913737980648875,4.52704043709673e-05,0.001987044932320714,2.2016688490111846e-06,2.550393037381582e-05,6.8188201112207025e-06,1.1040179259680372e-07,9.680005064183206e-08,4.544059493127861e-07
188,0.0001279347634408623,0.002819639630615711,0.0014825634425505996,0.0007857769960537553,0.0016397249419242144,0.011900639161467552,3.233393363188952e-05,1.1483665730338544e-05,2.4799182938295417e-05,6.366718707795371e-08,4.683816001715968e-08,4.842976508712127e-08
189,0.002142799785360694,0.0010009001707658172,0.00024242389190476388,0.00015731487656012177,0.00012083856563549489,0.0053523085080087185,2.0767982277902775e-05,4.99434872835991e-06,3.297561079307343e-06,7.719653694948647e-06,6.03414548550063e-07,1.2370948354600841e-07
190,0.002891343552619219,0.0017530012410134077,0.00018274542526341975,0.0020397845655679703,0.00017203397874254733,0.006405027117580175,7.310040018637665e-06,1.859425537986681e-05,0.00010678897524485365,5.827891982335132e-07,1.0184238590227324e-06,6.117133307270706e-05
191,0.0006810956401750445,0.0009779679821804166,9.838614641921595e-05,1.3783361282548867e-05,1.543928920000326e-05,0.007399426307529211,9.397365829499904e-06,1.1907201951544266e-05,1.0247341606373084e-06,5.104620299789531e-07,1.4668344761048502e-07,1.306501786757508e-07
192,0.002008823212236166,0.0019220691174268723,0.0016313263913616538,0.000714901543688029,0.0017219858709722757,0.002501788781955838,5.547251566895284e-05,2.7231926651438698e-05,1.160929514298914e-05,4.4063037307751074e-07,1.926483577108229e-07,5.0655916083997e-07
193,0.00265155709348619,0.0007790189702063799,0.0004162919649388641,4.985603300156072e-05,0.0021798848174512386,0.0008652133983559906,1.9893129774573026e-06,2.3968107143446105e-06,2.0569002572301542e-06,4.5922723757030326e-07,1.8159317960453336e-06,3.753748387680389e-07
194,0.0013787788338959217,0.0006424718303605914,8.147864718921483e-05,5.9370413509896025e-06,0.002686605788767338,8.565620373701677e-05,1.8192407878814265e-05,1.1678182545438176e-06,4.436104973137844e-06,2.418036046947236e-07,1.2613113540282939e-06,3.3335069815620955e-08
195,0.0037933385465294123,0.0005527115426957607,3.834785093204118e-05,6.273675535339862e-05,1.0906479474215303e-05,0.0003108145610895008,1.9035401237488259e-06,2.9913939215475693e-05,1.0199855751125142e-05,1.2210352906549815e-06,4.2427592461535824e-07,7.56832037041022e-08
196,0.0019404349150136113,0.0006135898292995989,0.00042783870594576,0.0001394628779962659,9.257432247977704e-05,0.003224434796720743,1.7273765479330905e-05,1.8379709217697382e-05,2.5356659534736536e-05,6.638476293119311e-07,9.471837643104664e-07,1.2702079743576178e-07
197,0.0021388749592006207,0.0024068844504654408,0.0016021373448893428,0.000909527123440057,0.00021036472753621638,0.007249157875776291,1.9236409571021795e-05,6.985374784562737e-05,3.6704386729979888e-06,4.787661396221665e-07,3.1873526040726574e-07,3.271750870226242e-08
198,0.0009620820637792349,0.0007043862133286893,0.0006441294681280851,3.357372770551592e-05,0.0001005352460197173,0.0033754012547433376,1.6494903320563026e-05,2.808617864502594e-05,2.7802959721157094e-06,2.031891881415504e-07,1.1647648534562904e-06,3.9905149407104545e-08
199,0.0023126646410673857,0.0005885630380362272,3.808306064456701e-05,2.9870931030018255e-05,7.723489034106024e-06,0.0011227683862671256,5.270971996651497e-06,5.8596306189429015e-05,1.896923095046077e-06,4.859485898123239e-07,8.917328386814916e-07,1.111145664367541e-07
200,0.0017674159025773406,0.0013899569166824222,0.003479721024632454,4.57675960205961e-05,0.0008766697719693184,4.802921102964319e-05,1.0221071534033399e-05,4.055100725963712e-05,6.423362356144935e-05,7.505195185331104e-07,0.07778141647577286,2.898246975746588e-07
201,0.0019076585303992033,0.00044599262764677405,0.0006306685390882194,4.564563641906716e-05,0.0005378805799409747,0.00023574165243189782,1.1590720532694831e-05,2.0564453734550625e-05,5.6226440392492805e-06,2.2755166355636902e-06,6.614250196435023e-07,1.4902103373515274e-07
202,0.001013156957924366,0.001522043370641768,0.0010236393427476287,0.00046105418005026877,9.488171053817496e-05,0.004484402947127819,2.7752769256039755e-06,3.5435743939160602e-06,3.5300822673889343e-06,1.553250257302352e-07,8.867759220265725e-07,1.1198368810028114e-07
203,0.0022463733330368996,0.0005791070288978517,0.00010866394586628303,3.0313447496155277e-05,0.0009288052679039538,1.5685482139815576e-05,6.796605703129899e-06,1.3977020216771052e-06,1.7459340597270057e-05,1.6935192093114892e-07,3.956176044539461e-07,1.0782759090943728e-05
204,0.0014328202232718468,0.0008788242703303695,0.0014278341550379992,9.276619675802067e-05,5.678917659679428e-05,0.002458665519952774,2.3179306936071953e-06,2.144581412721891e-05,1.408585740136914e-05,1.2356321121842484e-06,1.80496090251836e-06,7.194115880793106e-08
205,0.0003458141000010073,0.002421026583760977,0.0023605991154909134,0.0005116764223203063,0.00021138988086022437,0.003023367142304778,0.005873379297554493,0.0002564560272730887,4.435330993146636e-06,1.0591766113066114e-06,1.2546973948701634e-06,1.1098309187218547e-06
206,0.0009827433386817575,0.0006356238736771047,0.0006688882713206112,3.5321594623383135e-05,0.003476460464298725,0.0003763837448786944,3.390270194358891e-06,8.689606147527229e-06,0.007329842541366816,2.767675596260233e-06,1.4107411061559105e-06,3.1122368682190427e-07
207,0.0003820246201939881,0.002171689411625266,0.003494034754112363,0.0007083130767568946,0.0015367277665063739,0.0017640285659581423,0.00025906928931362927,1.954282561200671e-05,2.70851614914136e-06,1.3175413471344655e-07,3.3999008337559644e-06,3.3892183637362905e-07
208,0.002893602941185236,0.0006423358572646976,0.00012979644816368818,4.6015444240765646e-05,0.001549224485643208,5.113292718306184e-05,2.1652189388987608e-05,2.4426690288237296e-06,1.8922622984973714e-05,2.2859340731429256e-07,7.409905720123788e-07,1.6983034356599092e-07
209,0.0027174409478902817,0.0007006866508163512,1.9310968127683736e-05,1.8899293081631185e-06,2.9175869258324383e-06,0.0049314917996525764,9.980364666262176e-06,9.582297934684902e-06,1.7390569837516523e-06,1.45444630561542e-07,1.616549241134635e-07,6.003077146488067e-08
210,0.0007322898600250483,0.0008723093778826296,0.0006471663946285844,3.9837006625020877e-05,0.00017677051073405892,0.003554833587259054,1.2038742170261685e-05,2.4768730781943304e-06,4.0460786294715945e-06,1.8624415076828882e-07,3.863940278847622e-08,9.385507127035453e-08
211,0.0018835724331438541,0.0006172700668685138,0.0006702851969748735,0.00025848636869341135,0.00018167562666349113,0.0006374955992214382,6.979028512432706e-06,6.607975228689611e-05,0.023910164833068848,0.00019188225269317627,0.3370489478111267,5.874874986488976e-08
212,0.0021171406842768192,0.001218875520862639,0.001642895513214171,0.0003729149466380477,0.0004982177051715553,0.0018016317626461387,3.658926289062947e-05,4.7521778469672427e-05,4.5330638386076316e-05,3.1545423553325236e-06,1.1958757113461616e-06,2.4412997845502105e-07
213,0.0025366549380123615,0.0008039087406359613,0.00040756462840363383,8.902886474970728e-05,4.0080609323922545e-05,0.00019010156393051147,1.5998299204511568e-05,1.6610663806204684e-05,9.3858216132503e-07,7.319094663671422e-08,4.5192155084805563e-07,4.003895526238921e-08
214,0.0002556335530243814,0.0031093142461031675,0.003459586761891842,0.00030238929321058095,0.004194426815956831,0.001243561040610075,0.002633057301864028,8.260290996986441e-06,1.3473057151713874e-05,1.7546665276313433e-07,3.9576215726810915e-07,6.206859666235687e-07
215,0.0018844824517145753,0.001158606493845582,0.00029218479176051915,0.00011502166307764128,0.003048249753192067,0.0010785426711663604,2.581111948529724e-05,0.0021741781383752823,3.244578329031356e-05,2.301898575751693e-06,7.457389301634976e-07,1.519148611350829e-07
216,0.002691756933927536,0.0011063736164942384,0.0007684067822992802,5.916305963182822e-05,0.0005915440269745886,0.0013439843896776438,5.9159056036151014e-06,3.654121610452421e-05,0.0014775331364944577,0.09707728028297424,9.866249456536025e-06,1.7522326061225613e-06
217,0.0023367092944681644,0.0006871179793961346,0.000164759811013937,5.475645957631059e-05,0.0019211072940379381,0.00017691867833491415,1.914017957460601e-06,1.15608481792151e-05,0.007148755248636007,8.362942935491446e-06,1.2376694940030575e-06,5.691374553862261e-07
218,0.0015574913704767823,0.0005226920475251973,0.00047520309453830123,1.6422489352407865e-05,0.00112794223241508,0.00044719636207446456,1.2372027413221076e-05,5.440986114990665e-06,2.1826060674356995e-06,7.432203119606129e-07,3.4125781667171395e-07,2.8196765811117075e-07
219,0.0017466763965785503,0.00027538114227354527,8.49723528517643e-06,1.0373290933785029e-05,3.967872544308193e-05,0.00030489976052194834,9.66455445450265e-07,7.827715307939798e-06,7.68967129261e-06,3.076142434110807e-07,5.346670945982623e-07,1.0065834885608638e-06
220,0.0018570446409285069,0.0015060344012454152,0.0017234176630154252,0.0002846227725967765,3.808850669884123e-05,0.0017356711905449629,4.897494363831356e-05,0.0003781788400374353,3.198168269591406e-05,1.4286856639955658e-06,5.302101271809079e-06,4.39623818238033e-07
221,0.0011967937462031841,0.00039600624586455524,1.8801711121341214e-05,4.4136078940937296e-05,0.00019903549400623888,0.0032009633723646402,4.664494554162957e-05,3.396503598196432e-05,0.00014157227997202426,5.052131086813461e-07,2.334395503567066e-07,5.137334113669567e-08
222,0.0019033703720197082,0.0015946837374940515,7.52446212572977e-05,0.0001969366567209363,0.005175717640668154,0.00044271553633734584,3.97052826883737e-06,0.0010080925421789289,0.0009705718839541078,9.212428153659857e-07,4.223415544402087e-06,1.2437124041753123e-07
223,0.0018341251416131854,0.0008693528361618519,0.000341826758813113,0.00016348459757864475,0.0029092098120599985,0.000318145495839417,9.676544868852943e-05,0.00022058884496800601,0.00021335858036763966,0.00016031145059969276,1.1307148270134348e-05,8.900587999960408e-07
224,0.0017171213403344154,0.002004158915951848,0.0014422547537833452,0.0007230176124721766,0.003958593588322401,0.0007743443129584193,0.00011235097917960957,6.057764039724134e-05,1.5175536645983811e-05,2.2389533114619553e-05,3.7129129282220674e-07,1.1217802153851153e-07
225,0.0017883075634017587,0.0004000018525402993,0.000153599918121472,9.289140871260315e-05,0.0001360777678200975,0.0008807338890619576,9.841303835855797e-06,2.9568307127192384e-06,1.3450359801936429e-05,1.1158122106280643e-06,6.029848691468942e-07,2.1280766304698773e-07
226,0.0028236117213964462,0.001457422855310142,0.000606162182521075,0.0002933874202426523,0.0026677169371396303,0.000518865417689085,2.141429649782367e-05,4.5897271775174886e-05,2.9285542041179724e-05,7.709732017247006e-07,8.717726814211346e-06,6.18417686837347e-07
227,0.0012092480901628733,0.0012827941682189703,0.00034056074218824506,4.110394002054818e-05,0.003102540737017989,0.0001497545890742913,0.0010579146910458803,2.474856773915235e-05,7.726654075668193e-06,3.9794883832655614e-07,3.7215038162230485e-08,1.3407807841758768e-07
228,0.0005340360221453011,0.0014798298943787813,0.0024924708995968103,4.4354335841489956e-05,0.0022842814214527607,0.0007677312823943794,1.176966088678455e-05,2.700209188333247e-05,1.5687061022617854e-05,1.3265884035718045e-06,1.8027564863132284e-07,5.873225745745003e-07
229,0.005252722185105085,0.0009569801040925086,3.5122990084346384e-05,7.674343214603141e-05,0.0001975578925339505,3.840759745799005e-05,5.8751993492478505e-06,1.125584003602853e-05,5.6155786296585575e-05,1.1981848047071253e-06,5.890847205591854e-07,2.451616865073447e-07
230,0.0024617582093924284,0.00043781675049103796,0.0002800823131110519,9.560344187775627e-05,0.00012555249850265682,0.0003381933202035725,4.202982017886825e-05,3.0597170734836254e-06,0.00035031390143558383,1.1265585271758027e-05,1.093049149858416e-06,7.612472927576164e-07
231,0.0031070883851498365,0.000989545718766749,0.0014474630588665605,9.113374107982963e-05,0.0010223775170743465,0.0003542428312357515,4.4776197682949714e-06,9.956156645785086e-06,1.2969472663826309e-05,1.2184249271740555e-06,4.037259259348502e-06,3.520918667732076e-08
232,0.002722032368183136,0.00039310791180469096,3.3375668863300234e-05,1.3973479326523375e-05,5.782133484899532e-06,7.518498023273423e-05,7.825818215678737e-07,1.7711898863126407e-06,2.0168959963484667e-05,3.004482493906835e-07,1.4737598519332096e-07,6.927577800297513e-08
233,0.0004805290955118835,0.0014445543056353927,0.0023306142538785934,8.073201024672017e-05,0.0003308808954898268,0.003167068585753441,5.311737550073303e-05,1.5210703168122564e-05,6.589278200408444e-06,8.570663112550392e-07,2.717794586715172e-06,2.821502960159705e-07
234,6.749776366632432e-05,0.002417600015178323,0.0017331393901258707,0.00045678819878958166,0.0005094506195746362,0.0010990123264491558,0.013555250130593777,5.7708242820808664e-05,4.364319465821609e-06,1.7685314901427773e-07,5.78370986659138e-07,1.0174095166348707e-07
235,0.00012203909864183515,0.002492997096851468,0.0013767803320661187,0.00010511284199310467,0.006726157385855913,0.0013620260870084167,9.633438821765594e-06,4.146771607338451e-05,6.892575584060978e-06,1.0591447363594853e-07,7.109191813015059e-08,6.39964596871323e-08
236,0.0017739105969667435,0.0009857021505013108,9.170261182589456e-05,2.4768785806372762e-05,0.0001390250981785357,7.525209366576746e-05,4.005575101473369e-05,0.03267088159918785,0.00013377825962379575,6.50906486043823e-07,2.2652693587588146e-06,2.23610868488322e-07
237,0.0005700930487364531,0.0002926916931755841,1.9482018615235575e-05,1.4754038602404762e-05,3.870108048431575e-05,0.002394984709098935,2.6330601485824445e-06,1.3416934962151572e-05,4.344429953562212e-07,8.653987038087507e-07,2.4860227654244227e-07,1.6491286203290656e-07
238,0.0002357993507757783,0.00135216792114079,0.0015849943738430738,3.045679841306992e-05,0.00341754499822855,0.00026567376335151494,1.0538139576965477e-05,7.612705758219818e-06,1.7014881450450048e-05,8.50245314154563e-08,7.176893745963753e-07,2.487603580902942e-07
239,0.0009177550673484802,0.0007705543539486825,0.00023129447072278708,7.560557423857972e-05,0.004985786974430084,6.067869981052354e-05,9.336532457382418e-06,6.461016255343566e-06,0.019741442054510117,4.973314389644656e-06,8.382169767173764e-07,6.61057484308003e-08
240,0.0009623274672776461,0.00041977473301813006,8.109959708235692e-06,6.454619142459705e-05,0.0016490358393639326,0.00018500002624932677,7.657981768716127e-05,6.877598934806883e-06,1.4349081538966857e-05,6.607334057662229e-08,3.0266928661148995e-06,9.792088917492947e-08
241,0.002586581278592348,0.0017266280483454466,0.001935162115842104,0.0007395535358227789,0.0007180993561632931,0.000233068858506158,0.0002961547870654613,0.0134628526866436,5.3335756092565134e-05,3.681383532239124e-05,5.093924073662492e-07,9.352061169920489e-07
242,0.0006738551310263574,0.0022744392044842243,0.00272983405739069,0.00024661122006364167,0.0004606783913914114,0.005310573149472475,2.677325755939819e-05,2.8217855287948623e-05,4.0564871596870944e-05,3.38779329922545e-07,1.5900676544333692e-06,4.1344785017827235e-07
243,0.0025583342649042606,0.0006001900765113533,4.0514485590392724e-05,5.4369211284210905e-05,0.0004586519207805395,5.9625097492244095e-05,1.4911192920408212e-06,0.014420376159250736,1.0148265573661774e-05,5.747692171098606e-07,1.9585418158385437e-06,5.4504248225839547e-08
244,0.0016950101125985384,0.0005634466069750488,1.7974001821130514e-05,4.827792872674763e-05,0.0007283879676833749,0.000565331254620105,8.97324389370624e-06,4.452422672329703e-06,5.192914613871835e-06,4.151467862811842e-07,9.912561154123978e-07,1.6004016742954263e-06
245,0.0041329762898385525,0.0011860390659421682,1.531468478788156e-05,7.002489292062819e-05,0.00011262377665843815,0.004081240389496088,3.3994874684140086e-06,5.943415089859627e-06,0.0001494264870416373,1.2993216387258144e-06,1.897495423008877e-07,3.6143194392934674e-07
246,0.004056895617395639,0.0004835875879507512,6.4670571191527415e-06,4.42894124716986e-05,7.055269816191867e-05,5.422373942565173e-05,2.112969013978727e-06,1.3329648027138319e-05,8.340334716194775e-06,3.480527652754972e-07,1.6811695502383373e-07,2.6974626621267817e-07
247,0.000910245522391051,0.0020406548865139484,0.0011394688626751304,0.00016303845040965825,0.005856356117874384,0.0033813752233982086,3.1916566513245925e-05,8.967333087639417e-06,4.1952182073146105e-05,0.0027871266938745975,2.483301159372786e-06,4.3580681108323915e-07
248,0.000681953621096909,0.0005035421927459538,3.677121640066616e-05,0.002654504030942917,0.0021545838098973036,5.528598194359802e-05,8.088297363428865e-06,6.479447620222345e-06,9.414073247171473e-06,1.232755607816216e-06,2.4242248741757066e-07,3.1153948754081284e-08
249,0.0011418662033975124,0.0010747165651991963,0.000543012807611376,6.997205491643399e-05,0.0014796463074162602,0.000850737385917455,0.0003731604665517807,0.000453726330306381,3.5799018860416254e-06,4.2224695562254055e-07,3.450967369644786e-07,1.199241665972295e-07
250,0.0011785412207245827,0.0005356799811124802,0.000842353911139071,0.0010156090138480067,9.354526991955936e-05,0.0017803271766752005,0.00011537790123838931,0.00016643940762151033,0.028638741001486778,1.2548883887575357e-06,5.6041635616566055e-06,2.7831080728901725e-07
251,0.0003173781733494252,0.00023521877301391214,0.0005581576842814684,0.0038219380658119917,0.00020293431589379907,0.0005521269049495459,0.00011078597162850201,0.01057079341262579,2.139439629900153e-06,1.4350140986607585e-07,2.701289076867397e-07,5.9566669818877926e-08
252,0.00010862946510314941,0.000837459578178823,0.0007680309354327619,0.0025065606459975243,0.0007795881829224527,0.003555873641744256,1.2239644092915114e-05,8.208485814975575e-05,2.257798769278452e-06,8.343982926817262e-08,2.6207933601085642e-08,1.254216499546601e-07
253,1.2929700460517779e-05,0.0013918724143877625,0.0015913295792415738,0.0038383780047297478,5.568766482610954e-06,0.0005594776012003422,0.006589438300579786,0.00019194328342564404,4.2148639067818294e-07,4.679191363266e-07,2.6534840458225517e-07,4.2694611579463526e-07
254,1.4134327102510724e-05,0.002670859219506383,0.0014488219749182463,0.0010449775727465749,4.6658358769491315e-05,0.001715702237561345,0.010717845521867275,5.6120934459613636e-05,4.053982536333933e-07,1.3182394695832045e-06,4.86371618535486e-07,4.329474023734292e-08
255,5.117132604937069e-05,0.0023184886667877436,0.0031294075306504965,0.002755282213911414,1.8585804355097935e-05,0.00038649808266200125,0.007789022289216518,4.219748461764539e-06,1.7757819250618923e-06,3.0946978313295403e-07,8.501304193941905e-08,3.226296385605565e-08
256,4.395789801492356e-05,0.0027576324064284563,0.0005246875807642937,0.002364754443988204,0.00031978674815036356,0.0003824321611318737,0.013640462420880795,3.4782944567268714e-05,2.7632540877675638e-06,1.5685357084294083e-06,3.596302576625021e-06,6.568260459971498e-07
257,0.00010434546129545197,0.002231615362688899,0.0025803917087614536,0.0008022132678888738,0.00048403869732283056,0.0005179833970032632,0.0007032830035313964,0.022966349497437477,7.247618668770883e-06,9.132699233305175e-06,6.794726346015523e-07,2.2989881642843102e-07
258,1.6644020433886908e-05,0.000734910718165338,0.0018681283108890057,0.00413513882085681,6.151797424536198e-05,0.0010382768232375383,0.0009101686300709844,6.109885362093337e-06,1.9123351648886455e-06,2.0352158003333898e-07,1.2251372538685246e-07,5.560308409258141e-07
259,0.00036900039413012564,0.0008642863249406219,6.62622696836479e-05,3.901961099472828e-05,0.003045943332836032,0.00013579096412286162,1.3926843166700564e-05,2.6857858301809756e-06,2.2029553292668425e-06,3.748633048417105e-07,1.649499097311491e-07,1.440906771676964e-07
260,0.0005464719142764807,0.0005485016154125333,6.095578646636568e-05,0.0012547405203804374,0.0015732250176370144,0.0018694305326789618,1.6824231352075003e-05,6.9065649768162984e-06,1.7247173218493117e-06,2.031603116847691e-07,2.0413681340869516e-06,4.724549285128887e-08
261,0.0010337561834603548,0.000801155052613467,1.9971705114585347e-05,0.0009036854607984424,0.0016421177424490452,0.0011103982105851173,1.9669660105137154e-05,3.5171047784388065e-05,4.5224754785522236e-07,1.0251960702589713e-06,1.3639536611265157e-08,4.095640804280265e-08
262,3.3019587135640904e-05,0.0009088111692108214,0.0009899381548166275,0.0017206851625815034,1.0019162800745107e-05,0.0003130100085400045,2.017304541368503e-05,0.030482975766062737,6.463533850364911e-07,6.549201430061657e-07,5.209980713516416e-07,1.3849396296450323e-08
263,0.0019660231191664934,0.000658569042570889,7.946973346406594e-05,0.0009943344630300999,0.0014500184915959835,7.693466614000499e-05,1.0245435987599194e-05,2.5039265892701223e-05,0.005281501915305853,1.6013847243812052e-06,6.832589747318707e-07,1.2945438356837258e-06
264,6.800552364438772e-05,0.0010392365511506796,0.00011518427345436066,0.00225385301746428,0.0029060158412903547,0.002157015958800912,2.5119579731835984e-05,5.847611646458972e-06,1.0548216096140095e-06,2.2129317756025557e-07,1.2660416359722149e-06,5.823921966907619e-08
265,0.00013777815911453217,0.002560777822509408,0.0005124181625433266,0.00188153563067317,0.004033595789223909,0.0005769624258391559,0.007369668688625097,1.6035708540584892e-05,5.793219770566793e-06,6.65233301333501e-06,1.6331022152371588e-06,4.675078457694326e-07
266,9.443428098165896e-06,0.0010900447377935052,0.0009284588741138577,0.0014438412617892027,8.048444578889757e-05,0.0010642666602507234,0.0036259060725569725,2.5976089091273025e-05,1.3603394108940847e-05,9.167852681457589e-07,3.250381439556804e-07,6.061230806153617e-08
267,3.1840976589592174e-05,0.0027749263681471348,0.0002469543251208961,0.0007159755914472044,5.823086030432023e-05,7.920079951873049e-05,0.013777298852801323,2.1311669115675613e-05,2.2784295197197935e-06,2.141183813364478e-06,2.664151281805971e-07,8.066494956437964e-07
268,0.001691585872322321,0.0004937033518217504,1.6965170289040543e-05,9.283393592340872e-05,0.0010467302054166794,6.667232355539454e-06,1.1210972843400668e-06,5.007628715247847e-05,6.545511860167608e-05,2.7652944822875725e-07,2.9506065857276553e-07,2.1784543946523627e-08
269,8.205007179640234e-05,0.00032574927899986506,0.001212487113662064,0.005853549111634493,0.0008665614877827466,0.0014316767919808626,0.0002836055646184832,4.686363354267087e-06,1.86280567504582e-06,2.13305881402448e-07,1.7302829746768111e-07,7.362604748095691e-08
270,2.8839955120929517e-05,0.00036450481275096536,0.0008989466587081552,0.010649372823536396,5.53580466657877e-05,0.004276434890925884,0.0017087145242840052,0.0008200285956263542,1.3868402675143443e-05,1.0556561846897239e-06,1.2471332411223557e-07,8.536471796105616e-08
271,0.00024924392346292734,0.002098849741742015,0.0033711555879563093,0.002793081570416689,0.0018687288975343108,0.00040722545236349106,0.002421845681965351,1.1137932233395986e-05,1.72779182321392e-05,6.337928084576561e-07,4.393498613808333e-07,3.0210608770175895e-07
272,6.7851274252461735e-06,0.0005931105697527528,0.0014981628628447652,0.007155025377869606,0.00016960164066404104,0.00022115108731668442,0.0036282925866544247,2.3164959202404134e-05,2.0043239601363894e-06,7.995591744247577e-08,5.9450865563803745e-08,4.242788165242928e-08
273,0.000283825327642262,0.00022989792341832072,0.00025021337205544114,0.0034864256158471107,0.00013425142969936132,0.001986750168725848,7.269717752933502e-05,6.559102530445671e-06,8.625132977613248e-06,2.5776557777135167e-07,6.473205758084077e-07,1.3444645219351514e-07
274,0.0007002837955951691,0.0006044811452738941,0.00010360591113567352,3.646636105258949e-05,0.00045921330456621945,0.0016529674176126719,1.1244803317822516e-05,7.861246558604762e-06,1.07196603948978e-06,7.617454684805125e-07,6.918584745108092e-07,3.734262321586357e-08
275,0.0027885481249541044,0.0009313178015872836,2.298194340255577e-05,0.001235445262864232,0.0001051744693540968,0.0001888153055915609,7.995240594027564e-06,1.7882481188280508e-05,1.0508609193493612e-05,1.6145118308941164e-07,3.2603736599412514e-08,3.964984784943226e-08
276,0.00019743033044505864,0.0007551534217782319,0.0022129365243017673,0.003139897482469678,3.691281017381698e-05,0.0010592491598799825,2.633948315633461e-05,2.667099352038349e-06,4.158493538852781e-06,8.676410345742624e-08,1.803550730983261e-07,8.825093118502991e-07
277,0.0006505009368993342,0.0009184842929244041,4.409628309076652e-05,4.9087444494944066e-05,0.003468788228929043,1.6595571651123464e-05,2.9647717383340932e-06,5.434290869743563e-06,1.8314053704671096e-06,5.690270299396616e-08,1.0248728585793287e-06,4.9836884841170104e-08
278,0.0003459706495050341,0.0005761063657701015,0.0001226591703016311,0.00011512290075188503,4.878011895925738e-05,0.0020896606147289276,9.23753686947748e-05,0.01502053253352642,0.04682059958577156,2.4238218543359835e-07,1.9064769958276884e-06,2.7054437623519334e-07
279,0.0005787304835394025,0.0028064786456525326,0.0031056776642799377,0.001033082022331655,0.000393439520848915,0.0016003502532839775,0.005454363767057657,2.1689073037123308e-05,2.627275353006553e-05,3.29336529603097e-07,8.102244919427903e-08,8.981749743952605e-08
280,0.0001496427576057613,0.0007924781530164182,0.00042188572115264833,0.0034890836104750633,0.002246683230623603,5.081916970084421e-05,0.0005537234828807414,7.333792382269166e-06,2.2268432076089084e-06,7.120489726730739e-07,5.540703114093048e-07,1.1387015774744214e-07
281,0.001890399493277073,0.0004043362569063902,0.00020524050341919065,0.0009909669170156121,3.0374290872714482e-05,7.550329610239714e-05,1.704397436697036e-05,4.376844572107075e-06,1.572705696162302e-05,5.990115710119426e-07,1.4906380556567456e-06,2.3562625983686303e-07
282,0.0010034419829025865,0.0010714784730225801,0.00036723780795000494,0.0011123309377580881,0.00017079834651667625,0.003849949222058058,7.476087830582401e-06,1.591897125763353e-05,6.498347374872537e-06,4.136996878401078e-08,5.772659150693471e-08,5.3903324470638836e-08
283,0.0017874242039397359,0.0006652082083746791,2.3553020582767203e-05,2.7157748263562098e-05,2.5165545594063587e-05,1.1191194971615914e-05,2.2236341465031728e-05,0.014462755061686039,9.414216947334353e-06,4.231662842357764e-08,1.8906513332694885e-07,8.291739561627764e-08
284,3.906955316779204e-05,0.0030680045019835234,0.0007435211446136236,0.0002612364187370986,2.1768373699160293e-05,0.00012000458082184196,0.014910583384335041,7.054118214000482e-06,7.408227702399017e-06,1.2743315664920374e-06,2.4310591584253416e-07,1.7949312791643024e-07
285,0.00023934942146297544,0.00016701791901141405,0.0012736230855807662,0.0064001684077084064,0.00032134485081769526,0.0006410262431018054,0.00033155459095723927,1.3810685231874231e-05,6.319309704849729e-06,5.766144681729202e-07,2.8598012136171747e-07,3.131451933313656e-07
286,4.316897320677526e-05,0.001897732145152986,0.0019810230005532503,0.0053908671252429485,0.00013856106670573354,0.0019451114349067211,0.00827815756201744,0.0005196018028073013,1.3382366887526587e-05,1.4021632068761392e-06,8.485845910399803e-07,2.2398801036160876e-07
287,0.0004957524943165481,0.0015718296635895967,8.786913531366736e-05,1.6387046343879774e-05,0.00171704962849617,0.00039669175748713315,1.5234290913213044e-05,0.03899648040533066,3.993738118879264e-06,5.820604656037176e-07,3.7823866705366527e-07,5.264391234049981e-08
288,0.0013151405146345496,0.0008804019307717681,6.008425771142356e-05,9.822373249335214e-05,0.003049185499548912,7.883497164584696e-05,4.051520591019653e-05,2.554517959652003e-05,2.3107259039534256e-06,1.2184109436930157e-06,1.415966153217596e-07,6.92075388997182e-07
289,0.0010629151947796345,0.0008662877371534705,1.3984056295157643e-06,4.1778257582336664e-05,0.0032102849800139666,0.00013944540114607662,3.5740733892453136e-06,2.2241499664232833e-06,6.692705937894061e-06,5.735583030741509e-08,7.553415457550727e-07,3.354228894636435e-08
290,4.2407573346281424e-05,0.0009554033167660236,5.5848278861958534e-05,0.001322520081885159,3.688923243316822e-05,0.0008865597192198038,1.0743812708824407e-05,0.0361473523080349,1.04112757526309e-06,9.319897031900837e-08,6.519544371030861e-08,6.365529259255709e-08
291,2.1658142941305414e-05,0.003926801960915327,0.00014706588990520686,0.002010887488722801,0.000186940684216097,5.151981531525962e-05,0.019376415759325027,5.83750443183817e-06,5.3240873967297375e-06,1.0234562068944797e-06,5.201312660574331e-07,3.9547677488371846e-07
292,0.0008563899900764227,0.001398311578668654,0.0003709405427798629,0.003241152036935091,0.002603975124657154,0.0020773857831954956,0.00019729157793335617,0.007052463013678789,0.024155979976058006,5.777280307484034e-07,1.6216283711401047e-06,4.872122190135997e-07
293,7.033394649624825e-05,0.0016197526128962636,0.0014313951833173633,0.0022915916051715612,0.0001247219042852521,0.00018895346147473902,0.008767545223236084,2.7709746063919738e-05,7.748163625365123e-06,9.28435852642906e-08,4.1897675373547827e-07,2.1754179613253655e-07
294,0.00018511625239625573,0.0009428880293853581,0.0008003111579455435,0.0001885281380964443,0.002134860958904028,0.00012626720126718283,7.426941010635346e-05,4.248235927661881e-05,2.4600001779617742e-05,2.80639710581454e-07,1.3350108929444104e-06,1.404291509743416e-07
295,7.316534902201965e-05,0.0033022838179022074,0.0033751975279301405,0.0003445051843300462,0.0007702175062149763,0.0039036846719682217,0.004759273026138544,5.530576527235098e-05,9.6494986792095e-06,2.598877699711011e-06,1.9566339233278995e-06,3.6948546267012716e-07
296,0.00010436488810228184,0.000625101150944829,0.00014548299077432603,7.853500574128702e-05,0.003097518580034375,6.532228144351393e-05,1.7290311006945558e-05,2.749323903117329e-05,8.881614803613047e-07,1.4689892395836068e-06,1.285924895455537e-06,2.0762902508408843e-08
297,0.0014878998044878244,0.0015783028211444616,0.0015152470441535115,0.003505508881062269,0.000709041312802583,0.0042200214229524136,0.0001914088352350518,0.00010433903662487864,0.06862327456474304,5.377571142162196e-05,5.5033056014508475e-06,4.723501945136377e-07
298,4.233556683175266e-05,0.002662797225639224,0.0016868304228410125,0.0018797698430716991,0.0002652407274581492,0.002925280947238207,0.007439333014190197,3.983262558904244e-06,8.697336966179137e-07,6.099155598349171e-07,7.066418220347259e-06,1.1189135307176912e-07
299,0.0004432084097061306,0.0007081521907821298,3.253742033848539e-05,0.0003580010961741209,0.002465996891260147,0.00016151768795680255,1.8251073925057426e-05,1.398470612912206e-05,1.1985813216597307e-05,2.8642929805755557e-07,1.54641134031408e-06,6.266918717301451e-08
300,2.3526468794443645e-05,0.0017714124405756593,0.0021246657706797123,8.826076373225078e-05,0.0009153446299023926,0.002420718315988779,0.00039460728294216096,1.339302889391547e-05,2.086322092509363e-05,6.745326004420349e-07,3.270670845267887e-07,3.061462621190003e-07
301,1.4113705219642725e-05,0.0010463610524311662,0.0018496810225769877,1.4777097021578811e-05,0.00015107069339137524,0.0018186162924394011,5.2015806431882083e-05,3.3548224109836156e-06,1.97557369574497e-06,4.098490933301946e-07,5.0531134831999225e-08,1.2372801450055704e-07
302,0.002102985279634595,0.0008615267579443753,7.766539783915505e-05,2.6501760657993145e-05,0.0018553176196292043,0.00023816563771106303,4.848281150771072e-06,1.5453861124115065e-05,0.00026949713355861604,2.4755078698035504e-07,5.311542849995021e-07,4.6860836988571464e-08
303,8.053059718804434e-05,0.0005519778933376074,0.0015232836594805121,0.003590037813410163,0.0007256686803884804,0.0006232480518519878,2.1206189558142796e-05,3.7287536542862654e-05,1.1255405070187408e-06,1.960028157554916e-06,1.323512464068699e-07,3.0054785327138234e-08
304,0.00018803465354721993,0.0005147458869032562,0.000426186656113714,9.51192996581085e-05,0.000336970406351611,0.0015618683537468314,2.549221972003579e-05,2.055137520073913e-05,4.762079242937034e-06,1.6541731611141586e-06,1.2503190305324097e-07,6.720435408169578e-08
305,0.00070510886143893,0.0024952064268290997,0.0015129810199141502,0.0001998542429646477,0.0005069213802926242,0.00013601893442682922,0.00867527350783348,3.8186732126632705e-05,8.810669896774925e-06,2.0868959893505235e-07,1.9659306360608753e-07,1.0513988257798701e-07
306,7.939160423120484e-05,0.0018830300541594625,0.003432838013395667,0.0008647612994536757,0.00013149523874744773,0.002972719492390752,0.00017297756858170033,0.00046882254537194967,2.224134959760704e-06,1.1566671673790552e-06,3.9497223269790993e-07,9.847032345078333e-08
307,0.0010172721231356263,0.000807223143056035,0.00021760811796411872,0.0037606891710311174,0.00015288678696379066,0.0001030249404720962,0.00020291178952902555,0.03549486771225929,0.015600474551320076,1.316868747380795e-06,2.457018581480952e-06,1.9996444677872205e-07
308,7.260008715093136e-05,0.0025558036286383867,0.002820944879204035,0.0023109964095056057,7.243151048896834e-05,0.0007538638892583549,0.007611957378685474,0.00017013383330777287,9.893498827295844e-06,4.5949664695399406e-07,2.7839971608045744e-06,1.1334236660331953e-06
309,1.0050286618934479e-05,0.0034746441524475813,0.0016949160490185022,0.0006843374576419592,0.0003317325608804822,0.00014698971062898636,0.016122624278068542,9.685241820989177e-06,4.506109689828008e-06,5.775495424131805e-07,2.9990360417286865e-07,8.907385051770689e-08
310,4.028350303997286e-05,0.0023841613437980413,0.0007352600223384798,0.004700656980276108,0.0017690607346594334,0.0015655489405617118,0.0098479138687253,0.00016819164738990366,3.175399251631461e-05,4.246516255079769e-06,1.119512262448552e-06,2.69384463535971e-06
311,2.676320400496479e-05,0.0015166690573096275,0.0018935801927000284,2.9259463190101087e-05,0.0015331764006987214,0.0012627365067601204,0.0003814829105976969,2.976884388772305e-05,7.787466529407538e-07,1.3517071693058824e-06,5.11675352754537e-07,2.39374600141673e-08
312,3.491760071483441e-05,0.0010996222263202071,0.0017659664154052734,0.00518939271569252,7.422639464493841e-05,0.0011872568866237998,0.0038808544632047415,5.150557626620866e-06,1.171156213786162e-06,9.74651044316488e-08,5.074577416053216e-07,4.5418691030363334e-08
313,0.0010887179523706436,0.0007097101770341396,0.00015231627912726253,2.2073343643569387e-05,6.460276199504733e-05,0.002887022215873003,9.361523552797735e-06,2.2824237021268345e-05,1.851552769949194e-05,1.512370317868772e-07,2.5490430743957404e-07,4.4619380190624724e-08
314,2.8955080779269338e-05,0.0010809045052155852,0.0017296301666647196,0.004335328936576843,0.0010488709667697549,0.0002380356309004128,0.003591781947761774,7.69405289702263e-07,3.890246205173753e-07,2.784188097848528e-07,9.414269896979022e-08,4.452420654388334e-08
315,0.00012184465595055372,0.00134097074624151,0.0008542955620214343,0.00045180198503658175,0.0034576915204524994,0.0009439969435334206,2.8665199351962656e-05,0.00011422463285271078,1.682384026935324e-05,3.505051836327766e-06,2.4944999950093916e-06,5.618516638605797e-07
316,0.0005484711728058755,0.00040594287565909326,1.6135680198203772e-05,2.751069132500561e-06,0.002150561660528183,0.00019443948986008763,7.701816684857477e-06,1.7606751498533413e-05,0.02696971781551838,6.425144079003076e-07,4.366521011434088e-08,3.49727180548598e-08
317,0.00036630930844694376,0.0014169957721605897,0.0011324889492243528,0.0008787988335825503,0.0015125349164009094,0.0027397831436246634,9.3846618256066e-05,0.0003211982548236847,5.078184699414123e-07,1.4604285070163314e-07,1.1256707921347697e-07,6.815449182795419e-08
318,0.0014228293439373374,0.0009656574111431837,0.00019740252173505723,0.000255350285442546,0.0026757020968943834,7.341244054259732e-05,2.179114972022944e-06,1.5687557606725022e-05,8.22065157990437e-06,2.2469266696134582e-06,8.585844568642642e-08,5.7889479876394034e-08
319,0.00218246690928936,0.0012101966422051191,0.0005687671946361661,0.005574403330683708,0.0003922924806829542,0.0018519912846386433,0.00016463655629195273,2.6483749024919234e-05,9.501740714767948e-05,6.841680260549765e-06,4.595643758875667e-07,5.739711923524737e-07
320,1.3557804777519777e-05,0.00035368502722121775,0.0014926977455615997,0.0077723427675664425,9.361810225527734e-05,7.662427378818393e-05,0.0022788140922784805,7.895093585830182e-05,7.685081982344855e-06,3.299435604731116e-07,9.635316899903046e-08,5.1940315159981765e-08
321,0.002326160203665495,0.0010318307904526591,0.0007709073252044618,8.488225284963846e-05,0.0003576358431018889,0.00010973794996971264,1.8390939658274874e-05,8.054373029153794e-05,0.008019905537366867,1.8675692103897745e-07,3.0154231467349746e-07,3.3636834473327326e-07
322,0.0027967754285782576,0.00042248130193911493,8.931320189731196e-05,0.004261624999344349,0.0006291830795817077,1.4570020539395045e-05,1.36483595269965e-05,8.525228622602299e-05,6.70890585752204e-05,1.9351907099007803e-07,2.9833520898137067e-07,9.065256989515547e-08
323,1.7220163499587215e-05,0.0013385668862611055,0.0022665164433419704,0.004231384489685297,0.0003765845322050154,0.0021179532632231712,0.0026262598112225533,0.0001445667294319719,6.550345005962299e-06,4.156154318479821e-07,1.3382716588239418e-06,7.11578280743197e-08
324,0.0002695948351174593,0.000937879376579076,0.00016060932830441743,0.0013382404576987028,0.003815768053755164,6.170461711008102e-05,2.108207809214946e-05,1.0991083399858326e-05,5.7680372265167534e-06,2.5460099095653277e-07,7.018850283202482e-07,2.6587494517116284e-07
325,4.595552309183404e-05,0.00020261619647499174,0.001495066098868847,0.00643499381840229,0.00045982698793523014,0.00046166294487193227,6.115230644354597e-05,2.903068661908037e-06,1.958148004632676e-06,1.1527271226441371e-06,2.2886962369739194e-07,3.8160300164236105e-07
326,8.837536734063178e-05,0.0006350423791445792,0.0008932811324484646,0.006086925510317087,0.003088190918788314,0.000524531293194741,4.895334495813586e-05,0.00010803149780258536,7.742475645500235e-06,2.4169986545530264e-07,1.880339937088138e-06,2.3666650861287053e-07
327,0.00020372273866087198,0.002338888356462121,0.0011334855807945132,0.00013073679292574525,0.005297716706991196,0.0003978151362389326,0.00044004706433042884,3.694761107908562e-05,1.1858868674607947e-05,1.6551041426282609e-06,8.06725211077719e-07,3.6478192555478017e-07
328,0.0013849470997229218,0.0005111837526783347,0.0003506134089548141,0.0031632776372134686,0.00010701186693040654,0.0011701877228915691,7.428810931742191e-06,2.0929062884533778e-05,6.637732212766423e-07,1.1845445158087387e-07,5.650113052979577e-07,1.139633738489465e-07
329,0.0009176098392345011,0.00044939073268324137,0.00019044315558858216,0.0012691272422671318,0.00036729517159983516,0.0011175494873896241,1.867678656708449e-05,2.1363723135436885e-05,1.766487730492372e-05,2.3820237515792542e-07,6.597073820557853e-08,4.844699574846345e-08
330,0.0009738150984048843,0.0005353726446628571,0.00011352307046763599,9.345306898467243e-05,0.0014866007259115577,8.230990351876244e-05,3.045471203222405e-06,1.7578338884050027e-05,0.023608369752764702,1.115296186071646e-06,6.156034828563861e-07,5.396121309786395e-07
331,3.1276631489163265e-05,0.0019301703432574868,0.0011533030774444342,0.0034226099960505962,8.628900832263753e-05,0.000102556063211523,0.009549446403980255,8.605283255747054e-06,8.79449771673535e-07,1.5729733604530338e-07,1.4742646214926935e-07,1.1322131143742808e-07
332,0.002137108240276575,0.0009857164695858955,1.355705171590671e-05,6.012816811562516e-05,0.00034508376847952604,0.0003703430120367557,2.7265290555078536e-05,2.6325296857976355e-05,1.4197999007592443e-05,2.2903965657405934e-07,6.456839685142768e-08,4.6875481984898215e-07
333,0.00012278242502361536,0.0007184155401773751,0.0014289444079622626,0.004721385892480612,0.0006105044740252197,0.002086216351017356,0.00011449661542428657,3.850079156109132e-05,2.536212377890479e-06,4.416766614667722e-07,5.104982960801863e-07,2.1860422805275448e-08
334,0.0005955615779384971,0.0003129844553768635,0.0007463906658813357,0.0033032267820090055,0.0008517747046425939,0.0003125829098280519,6.199006293172715e-06,2.2179501684149727e-05,4.608866220223717e-06,8.254187946477032e-07,3.060386575270968e-07,8.18779426481342e-08
335,0.000143044424476102,0.0008660541498102248,0.001191633869893849,0.001309237559325993,0.0005221070605330169,0.0018743033288046718,1.3962003322376404e-05,4.056757825310342e-05,4.3416341100055433e-07,1.4318862895379425e-07,1.4807880006628693e-06,6.229890203712785e-08
336,1.772236828401219e-05,0.001684563234448433,0.0009264645632356405,0.0019439621828496456,6.875528015370946e-06,0.00122164492495358,6.941676929272944e-06,0.047697972506284714,2.276748318763566e-06,4.813468308384472e-07,7.223787292787165e-07,9.572217862796606e-08
337,0.0009718037908896804,0.0016740931896492839,0.0022689623292535543,0.0032953727059066296,6.883640890009701e-05,0.0040431697852909565,6.4381747506558895e-06,0.0006918737781234086,2.7012083592126146e-06,7.29555836187501e-07,6.373601877385227e-07,5.464016226142121e-07
338,0.00022089280537329614,0.0034020785242319107,0.0014299805043265224,0.006675677374005318,0.0003663062525447458,0.0016955849714577198,0.015470140613615513,0.00015129779058042914,0.0002984297461807728,5.092510946269613e-06,2.085206915580784e-06,8.501768320456904e-07
339,0.000540964538231492,0.001235755393281579,0.0009944649646058679,7.912092405604199e-05,0.0023094448260962963,0.0007743188762106001,8.562325092498213e-05,4.9216569095733576e-06,4.6705641580047086e-05,1.5881759054536815e-06,6.704987072225777e-07,1.7003389984893147e-07
340,2.9417467885650694e-05,0.004104320425540209,0.002275860868394375,0.00023187536862678826,4.547527350950986e-05,0.00034687697188928723,0.017292803153395653,0.0001747735805111006,6.942045729374513e-06,2.7564701667870395e-06,1.4450989738179487e-07,2.6032745381598943e-07
341,6.605074304388836e-05,0.00048357812920585275,0.0009311549365520477,0.003332901978865266,0.0007864183862693608,0.0007491844589821994,5.136160325491801e-05,1.693031117611099e-05,1.9918459656764753e-05,3.735144105121435e-07,1.2345601874130807e-07,1.0317602772147438e-07
342,0.0013192984042689204,0.0008130049682222307,0.0007516738260164857,0.003677292028442025,0.002690684050321579,1.6139543731696904e-05,5.552155016630422e-06,6.954237505851779e-06,5.995682386128465e-06,1.009189304568281e-06,2.2253917109082977e-07,1.1305967717589738e-07
343,0.0008699377067387104,0.0003557344025466591,8.787806291365996e-05,0.0028166251722723246,0.0013399742310866714,0.0003487677313387394,7.5643183663487434e-06,6.371278141159564e-05,4.964806066709571e-06,1.0871795552702679e-07,1.4478592902378296e-07,6.06205148301342e-08
344,0.0001395462459186092,0.0026130881160497665,0.001345427823252976,0.0033523067831993103,5.639828304992989e-05,0.0023558184038847685,0.01132998801767826,6.494951321656117e-06,1.0792253988256562e-06,6.985413847360178e-08,9.13970268356934e-07,1.8007573032718938e-07
345,0.0006845247698947787,0.0013706611935049295,0.00024736803607083857,0.002082953229546547,0.0016731871291995049,0.0040099481120705605,8.51777531352127e-06,1.665792842686642e-05,5.929106555413455e-05,4.806529929624048e-08,3.365051384207618e-07,2.8969411758339447e-08
346,0.0003265328996349126,0.0015883913729339838,0.0004906824324280024,0.0002639406593516469,0.004547099117189646,6.19685397396097e-06,4.234181687934324e-06,1.6991848497127648e-06,2.690411747607868e-05,1.2081034128641477e-07,2.480890088918386e-07,8.604564527558978e-08
347,0.0013555039186030626,0.0004592815530486405,0.00020741696062032133,0.0026622179429978132,0.0009406012250110507,0.00022015496506355703,7.064706733217463e-05,5.311196218826808e-06,0.01144401915371418,1.3553446933656232e-06,6.682608244545918e-08,4.5214321175990335e-08
348,0.0011361236684024334,0.003190206829458475,0.002482172567397356,0.0010839804308488965,0.0027800905518233776,0.0035227935295552015,0.0003215497999917716,0.0009847326437011361,0.0005984052550047636,3.470042884146096e-06,1.2138453939769533e-06,2.253045181532798e-07
349,9.369697363581508e-05,0.0003940628666896373,0.00032013122108764946,2.246047733933665e-05,0.00041682046139612794,0.0011298519093543291,4.887401883024722e-05,1.2592317034432199e-05,4.429750788403908e-06,4.4330681703286245e-07,1.1505106556342071e-07,3.77180242594477e-07
350,1.896349021990318e-05,0.0013670014450326562,0.0018443572334945202,3.5545617720345035e-05,3.965217183576897e-05,0.0007032625726424158,0.003307051258161664,2.6401112336316146e-05,4.966273991158232e-06,1.9707599108187424e-07,2.051488081633579e-07,1.0515110204778466e-07
351,3.660853690234944e-05,0.0023488961160182953,0.00038342183688655496,0.00039750232826918364,4.6033484977670014e-05,0.00010136883793165907,0.013084051199257374,6.573800419573672e-06,3.2520269996894058e-06,4.874569185631117e-06,2.0317888811405282e-06,2.0988856874737394e-07
352,8.723554492462426e-05,0.0012907568598166108,0.00103645003400743,0.003610034938901663,0.0038058755453675985,0.0007408206583932042,0.00016190580208785832,2.4788379960227758e-05,1.5523048205068335e-05,9.859232932285522e-07,1.1575692724363762e-06,9.019166213874996e-08
353,3.606856625992805e-05,0.0009643720113672316,0.002076502423733473,0.0031679163221269846,0.000866285408847034,0.00021083655883558095,9.517560101812705e-05,2.600510197225958e-05,6.459245014411863e-07,1.3879269999961252e-07,8.800143405096605e-07,8.826249597859714e-08
354,0.0008034951752051711,0.0007289228960871696,7.152861508075148e-05,0.0005857128417119384,0.0013232497731223702,0.0008093168726190925,3.270549086664687e-06,3.739470776054077e-05,6.224640287655347e-07,2.097070819218061e-07,3.400658101782028e-07,1.077003446425806e-07
355,0.0008372069569304585,0.0008783980738371611,6.516206485684961e-05,0.0009855650132521987,0.0033296996261924505,0.00018806976731866598,2.8020815534546273e-06,2.071560402328032e-06,4.636874564312166e-06,3.683132376863796e-07,6.563887922084177e-08,7.94664458680927e-08
356,4.52655331173446e-05,8.495047950418666e-05,0.0011645072372630239,0.005242821294814348,0.00019215952488593757,0.0002949145855382085,0.00025392399402335286,4.75634697068017e-05,3.30864008901699e-06,1.534039171247059e-07,2.7199425289836654e-07,6.035936195303293e-08
357,5.016555587644689e-05,0.001799002755433321,0.0017998665571212769,0.0023993169888854027,5.0779952289303765e-05,0.0008358868071809411,0.006172537337988615,1.0202082194155082e-05,1.2012906154268421e-06,1.7739478153089294e-06,4.2153098434027925e-07,3.742585192867409e-07
358,0.0002903730783145875,0.0006040331209078431,0.0003871301596518606,0.00020418420899659395,7.772252865834162e-05,0.0022316507529467344,0.00013679334369953722,2.6558400350040756e-05,4.194580014882376e-06,8.779384188528638e-07,3.926506408902242e-08,8.345470803305943e-08
359,0.0016932797152549028,0.0014942190609872341,0.0007763690082356334,9.415445674676448e-05,0.00011282863124506548,0.0020953116472810507,1.5981311662471853e-05,0.021503817290067673,0.01722877100110054,4.364352435004548e-07,1.2409433338689269e-06,2.045969864639119e-07
360,0.0007738974527455866,0.0005938193644396961,0.0005056877271272242,0.0053491052240133286,0.0017376072937622666,0.0006579442415386438,7.761134475003928e-05,0.0008441650425083935,1.736149533826392e-05,5.538886853173608e-06,5.949746082478669e-07,5.262863282951002e-07
361,0.001000219606794417,0.0003690020239446312,4.096161501365714e-05,0.00015178922330960631,0.0006471369415521622,0.0023678038269281387,9.570911970513407e-06,3.521635790093569e-06,0.0633416473865509,5.824491609018878e-07,6.966001819819212e-07,3.064246243411617e-07
362,3.37841447617393e-05,0.0010398984886705875,0.002061444567516446,0.0018496087286621332,0.0003922639589291066,0.00032585111330263317,0.00024455381208099425,2.7093983590020798e-05,3.515132675602217e-06,9.997645975090563e-06,2.3391781667214673e-07,6.584424738775851e-08
363,0.00010568472498562187,0.001095957006327808,0.00018261585501022637,0.0011703206691890955,0.001915337867103517,0.0005238405428826809,6.190640851855278e-05,0.021244656294584274,1.612029518582858e-05,1.1995522299912409e-06,1.0888327750535609e-07,2.4232579676208843e-07
364,0.0006029225769452751,0.0017672019312158227,0.002394651295617223,6.15307071711868e-05,0.00021012539218645543,0.002526384312659502,3.969138560933061e-05,0.003714732127264142,3.825190105999354e-06,8.675888807374577e-08,6.008242507959949e-07,3.923471751932084e-07
365,0.00014225310587789863,0.0018861574353650212,0.0005843641120009124,2.9977878511999734e-05,0.00515319686383009,0.0007608586456626654,0.0003592587017919868,5.78428716835333e-06,2.6984200758306542e-06,4.2544024836388417e-07,2.0034544832014944e-06,1.266265172716885e-07
366,0.0002856118371710181,0.0012176063610240817,0.0011554990196600556,0.001245911349542439,0.002227137563750148,0.0002363049570703879,1.2289761798456311e-05,9.426749784324784e-06,6.776559075660771e-06,8.210490136661974e-07,9.678315393557568e-08,2.408657167052297e-07
367,0.0005972249782644212,0.0011130572529509664,0.00041211280040442944,0.00020190175564493984,0.0011784143280237913,0.000277870858553797,2.160231815651059e-05,0.0200040303170681,3.845842002192512e-06,4.945576961290499e-07,4.83858357824829e-08,9.842140258342624e-08
368,1.0741412552306429e-05,0.0017359670018777251,0.0026787652168422937,0.0006605845992453396,0.000312886229949072,0.0022847652435302734,0.0011595007963478565,2.7493028028402478e-05,9.666547157394234e-06,1.373846743035756e-07,4.841269429789463e-08,7.754931630188366e-08
369,0.0032760356552898884,0.00034006437635980546,8.003533002920449e-05,0.00022243097191676497,2.592851615190739e-06,0.00010714003292378038,2.839925627995399e-06,4.3071677282569e-06,0.04223618283867836,8.166465903514109e-08,8.975750631634583e-08,1.218403440361726e-07
370,0.00012539984891191125,0.0005269850371405482,0.0007325477199628949,4.8273923312081024e-05,6.882200250402093e-05,0.0014680863823741674,5.4423398978542536e-05,6.2764679569227155e-06,1.0247543286823202e-05,5.766353865510609e-07,2.453994056850206e-07,4.4111157393444955e-08
371,0.0003115183499176055,0.0007451638230122626,0.0006782100535929203,0.0007791657117195427,0.0012020437279716134,0.0005144395399838686,0.00010651632328517735,2.1990304048813414e-06,1.735636396915652e-05,6.00092789682094e-07,2.6178233838436427e-06,5.507461864340257e-08
372,4.1014394810190424e-05,0.0016286211321130395,0.000273301440756768,0.002340954029932618,2.8965501769562252e-05,3.372448918526061e-05,0.010106055065989494,3.000953256560024e-05,1.7066276996047236e-06,8.454472322227957e-08,6.530698328788276e-07,1.194343379751217e-08
373,0.00020594231318682432,0.00037732726195827127,0.0005354770109988749,0.000626787485089153,9.807696187635884e-05,0.0006181788630783558,7.933626875455957e-06,1.0994920558005106e-05,6.696265586469963e-07,4.37999688074342e-07,3.5282758403809567e-07,6.531254115316187e-08
374,5.1789753342745826e-05,0.0002920095867011696,0.0004538752546068281,0.0012112293625250459,0.0010064579546451569,0.0004221478884574026,1.5961511962814257e-05,1.0890241355809849e-05,7.315428774745669e-06,1.083748912833471e-07,4.034158678223321e-07,3.1525107146990194e-07
375,0.0009977670852094889,0.0007480641943402588,0.0007126092677935958,0.00025432987604290247,0.0006158563192002475,6.498175935121253e-05,5.1103797886753455e-06,9.516072168480605e-06,2.1058276900021156e-07,8.502055237613604e-08,2.242734353785636e-07,1.4505413048482296e-07
376,6.773842324037105e-05,0.00020454249170143157,0.0006233257008716464,0.006175254005938768,0.0003227542620152235,0.0019183562835678458,7.4437780313019175e-06,4.553811959340237e-05,1.9202070689061657e-07,3.572245361738169e-07,4.221243443680578e-07,1.2256289494416706e-07
377,2.43491285800701e-05,0.0015094493282958865,0.001997951650992036,0.0014121808344498277,2.992236659338232e-05,0.00012929673539474607,0.0048750294372439384,3.247815038776025e-05,2.715672735575936e-06,6.520602369164408e-07,3.3482041317256517e-07,1.7592761025753134e-07
378,5.430024884844897e-06,0.0003529965761117637,0.0006283044349402189,0.004068170208483934,7.093111344147474e-05,0.0008102853316813707,0.0018829562468454242,3.912956526619382e-05,1.179200921797019e-06,6.4251628373313e-07,1.6158086282302975e-06,3.8195526741446884e-08
379,2.676492658792995e-05,0.004315026570111513,0.0018450615461915731,0.0031844167970120907,0.0004930879222229123,0.0002759531489573419,0.02060963772237301,2.1049274437245913e-05,2.434583984722849e-05,6.14509872320923e-07,4.154689463575778e-07,9.428372749198388e-08
380,0.0001014592926367186,0.002291833981871605,0.0020048893056809902,0.00015049398643895984,7.469036063412204e-05,0.0012901477748528123,0.008107618428766727,1.5320310922106728e-05,1.8433486275171163e-06,6.726137939949695e-07,4.0742222040535125e-07,4.2644902720212485e-08
381,0.0005566810723394156,0.0012815726222470403,8.045351569307968e-05,4.439477561390959e-05,0.0039743767119944096,0.001276167226023972,2.149439933418762e-05,7.180742250056937e-05,1.2348517657301272e-06,7.222103022286319e-07,1.4231616773940914e-07,2.570024548731453e-07
382,0.0009884453611448407,0.0006427902262657881,3.076646680710837e-05,0.0006734750350005925,1.9731263819267042e-05,0.004433824215084314,2.428433845125255e-06,4.867257666774094e-05,3.852514112168137e-07,2.6454467842995655e-06,1.4248830666474532e-06,4.0184605154536257e-07
383,5.5960761528695e-05,0.00024199932522606105,0.0013694680528715253,0.004352166783064604,0.00037437488208524883,0.00011462678958196193,1.7789921912481077e-05,7.422116595989792e-06,2.7418495847086888e-06,5.152750759407354e-08,1.1060205196145034e-07,3.0521210447886915e-08
384,8.7223612354137e-05,0.0012800042750313878,0.0017485293792560697,0.0016663912683725357,0.00010605998249957338,0.003666795790195465,2.5198938601533882e-05,1.4722556443302892e-05,5.286757186695468e-06,7.890267283983121e-07,1.4333583919778903e-07,1.0411572759494447e-07
385,3.442323213675991e-05,0.0038795610889792442,0.0005647915531881154,0.0001949505676748231,0.0011936869705095887,0.0003958777233492583,0.018707307055592537,0.0007598355878144503,6.660046346951276e-05,2.038434558926383e-07,4.577248546411283e-06,1.1368298657998821e-07
386,0.0025011359248310328,0.000552413403056562,0.0006515235872939229,0.007000286597758532,0.00013093274901621044,0.0011165780015289783,1.9400007658987306e-05,0.0020833974704146385,0.020441202446818352,4.87292390971561e-06,3.309352223368478e-06,2.6922481310975854e-07
387,2.875410245906096e-05,0.0012799722608178854,0.0013169852318242192,0.001481192302890122,7.220078259706497e-05,0.002130711916834116,0.0039441087283194065,0.00010796635615406558,5.696405196431442e-07,1.968714258282489e-07,3.5591821756497666e-07,1.8056377371067356e-07
388,0.000821910856757313,0.0009051716770045459,0.0006509840022772551,0.0016991673037409782,0.0015083671314641833,0.00023266779317054898,2.8946449674549513e-05,2.7178739401279017e-05,2.43186309489829e-06,2.4663788167345047e-07,2.5767585398739357e-08,7.633573773091484e-08
389,2.341006438655313e-05,0.00036215686122886837,0.0016479762271046638,0.005017075687646866,6.0234549891902134e-05,0.0003190995776094496,0.0005339267663657665,4.036008249386214e-06,2.824634066200815e-06,1.3761473383056e-06,3.312546255074267e-07,2.4786140784271993e-07
390,1.5706928024883382e-05,0.0010043834336102009,0.0014368080301210284,0.0018742895917966962,0.00013284734450280666,0.0005157659761607647,0.0033228551037609577,9.96911694528535e-06,1.2317079836066114e-06,1.1813236966418117e-07,5.015184001422313e-07,3.276510653904552e-07
391,0.00019694401999004185,0.0005800180952064693,2.422402576485183e-05,0.00010182665573665872,8.978693222161382e-05,0.00017327989917248487,2.6751524728751974e-06,0.040945831686258316,0.045270372182130814,7.67463006923208e-07,2.0242006826265424e-07,1.1840589309031202e-07
392,0.0004194108478259295,0.0006295220809988678,7.606829603901133e-05,5.640196832246147e-05,0.0015809090109542012,0.0005546955508179963,2.749841587501578e-05,5.28073587702238e-06,1.0237475862595602e-06,2.2298905832940363e-07,6.250324986467604e-07,3.019694361228176e-08
393,5.2998670980741736e-06,0.0018984995549544692,0.0006568228709511459,0.0014090430922806263,5.1139850256731734e-05,3.3146527130156755e-05,0.009538010694086552,6.931956249900395e-06,3.090159225394018e-06,2.4682191224201233e-07,1.1845529002130206e-07,6.490452619800635e-08
394,0.0009036663104780018,0.0006138193421065807,0.00024313251196872443,0.0009504410554654896,0.0010511589935049415,0.001000898890197277,2.8538850529002957e-05,4.7872827053652145e-06,1.7714661225909367e-05,7.461767950189824e-07,3.359049287610105e-07,2.4782124796729477e-07
395,0.0006973404670134187,0.0006286536226980388,0.0008034112397581339,0.0023072450421750546,0.00048566897748969495,0.001383684342727065,2.4531202143407427e-05,1.334114494966343e-05,5.0952194214914925e-06,2.4650859131725156e-07,4.701515621263752e-08,1.2292389328649733e-07
396,0.00011207672650925815,0.00225021387450397,0.0032855926547199488,0.0014585824683308601,0.0012475388357415795,0.00012134362623328343,0.004368327092379332,2.607856731628999e-05,3.147705456285621e-07,3.63000225434007e-07,1.8088476849698054e-07,6.179540434914088e-08
397,0.000443231692770496,0.0003087532822974026,0.0004385306383483112,0.004082762636244297,8.762549259699881e-05,0.0030125374905765057,3.647865696621011e-06,0.00010292267688782886,5.324890025804052e-06,1.8714148097842553e-07,2.650865837949823e-07,2.1885004741761804e-07
398,2.4786040739854798e-05,0.003302015131339431,0.0013905984815210104,0.003159836633130908,0.00018595268193166703,2.2914986402611248e-05,0.015577978454530239,8.961571438703686e-06,1.0357874771216302e-06,9.373610510010622e-08,1.3446805269268225e-07,1.2751539202326967e-07
399,0.0001948131830431521,0.001011951477266848,0.0013269954361021519,0.0036287603434175253,8.498443639837205e-05,0.003640002803876996,0.000135669790324755,0.00018918837304227054,3.975167601311114e-06,2.317387270522886e-06,2.437771229324426e-07,2.6566556243778905e-07
400,0.00010983165702782571,0.0019046533852815628,0.003130885073915124,0.008576535619795322,0.0003459950676187873,0.000335448858095333,0.006617834325879812,2.4949949875008315e-05,5.308487288857577e-06,4.1741560607988504e-07,4.1138036976917647e-07,2.5397363856427546e-07
401,0.00016980613872874528,0.00045270254486240447,0.0013687978498637676,0.008244124241173267,0.0008542566210962832,0.0015126499347388744,0.0007691591745242476,6.084002598072402e-05,5.714731742045842e-05,7.657051355636213e-06,4.803997853741748e-06,1.7841190356193692e-06
402,0.0014446098357439041,0.0016045382944867015,0.002657155506312847,0.0006092466064728796,0.0005837740027345717,0.000985731021501124,2.3355903977062553e-05,1.5865711247897707e-05,4.958716090186499e-06,8.85860117705306e-07,1.0485163670637121e-07,5.7656468044342546e-08
403,0.00014645635383203626,0.002040193183347583,0.0012265705736353993,0.00011235054989811033,0.00013085766113363206,2.4116736312862486e-05,0.008981378749012947,4.896273458143696e-05,1.95657253243553e-06,3.164435611324734e-07,7.46316928257329e-08,2.3444265195848857e-08
404,7.604622624057811e-06,0.001690391101874411,0.0014501461992040277,0.0010660417610779405,0.00026121342671103776,0.0016303511802107096,0.004970858339220285,0.00010043334623333067,4.1000291162163194e-07,1.3133997072145576e-06,1.3878084814678004e-07,1.3643064278312522e-07
405,0.0025186899583786726,0.0008841253584250808,0.00010109066352015361,0.0015170706901699305,0.00014752900460734963,0.0014937804080545902,2.3897930532257305e-06,6.44617784928414e-06,6.352872219395067e-07,1.0660387772531976e-07,1.8788314548601193e-07,1.010288457337083e-07
406,0.00021025662135798484,0.002850799122825265,0.0015573498094454408,0.0005114244995638728,0.000658667937386781,0.0030676156748086214,0.009801534935832024,0.00014238014409784228,1.352905292151263e-05,3.3641661048022797e-06,6.544536972796777e-06,1.1127390280307736e-06
407,0.00012800467084161937,0.000282621564110741,0.0005273001734167337,0.004057804122567177,0.0001622928975848481,0.002583810593932867,0.00011472911137389019,4.0625574911246076e-05,3.519889560266165e-06,4.304235972085735e-07,2.134958378974261e-07,9.189360525851953e-07
408,1.970853190869093e-05,0.002804806223139167,0.000774830172304064,0.00024804470012895763,0.00016482765204273164,0.0006057138089090586,0.014943196438252926,1.9196861558157252e-06,5.399068072620139e-07,2.5425367766729323e-06,1.3376993024394324e-07,2.6287489163223654e-07
409,0.0004994194023311138,0.0007398203015327454,0.0014128065668046474,0.0033379588276147842,0.00039836106589064,0.0010022155474871397,1.0020678018918261e-05,4.808802714251215e-06,4.801362365469686e-07,1.7743664670888393e-07,3.534521653136835e-08,8.857736588652187e-08
410,4.6321278205141425e-05,0.0032689953222870827,0.0010247960453853011,0.0030550947412848473,7.852711132727563e-05,0.00015772921324241906,0.014680747874081135,5.1074788643745705e-05,7.44675480746082e-06,1.2403913842717884e-06,2.0015798440908839e-07,1.8367575194133678e-07
411,4.446554521564394e-05,0.003352854633703828,0.002119996352121234,0.001172013464383781,0.00021881888096686453,0.00027397958911024034,0.014391208067536354,6.838546687504277e-05,3.430499054957181e-05,1.7972720343095716e-06,5.456764142763859e-07,1.4539352832798613e-06
412,0.0021435811650007963,0.000505121483001858,3.634361564763822e-05,9.009201676235534e-06,1.1575685903153499e-06,2.050122020591516e-05,1.994086460399558e-06,3.608327006077161e-06,0.017511697486042976,2.2718097625329392e-07,2.7985510087091825e-07,1.0398880334605565e-07
413,0.0010599098168313503,0.0022930654231458902,0.0013341903686523438,0.00018925266340374947,0.0021623563952744007,0.0035166642628610134,9.580820915289223e-06,2.3664777017984306e-06,0.00022188216098584235,4.399048236791714e-07,1.3788167052553035e-07,1.4761745603664167e-07
414,0.00017953099450096488,0.00040123992948792875,0.0017795520834624767,0.011159222573041916,0.00029318241286091506,0.002338343532755971,0.0015270074363797903,8.955071098171175e-05,5.513508313015336e-06,2.4645848384352576e-07,2.972545871671173e-07,1.0832395958004781e-07
415,9.282943938160315e-05,0.0009015729883685708,0.002186666941270232,0.0029249642975628376,0.0002502590650692582,4.9257716455031186e-05,8.696714758116286e-06,4.805790013051592e-06,4.437598818185506e-06,9.559988711771439e-07,5.703335546058952e-07,1.9810096674177657e-08
416,0.00023857885389588773,0.0008603372261859477,0.001151653821580112,0.004853581078350544,0.001079712063074112,0.001592076732777059,9.043428144650534e-05,7.957591151352972e-06,1.918253246913082e-06,1.0040594133897685e-07,3.9415570540768385e-07,6.52792877531283e-08
417,0.0022953322622925043,0.002319105202332139,0.0012939288280904293,0.00011699867900460958,0.002294897800311446,0.0012157412711530924,0.0001350384409306571,3.694733095471747e-05,0.0032083014957606792,4.533482297119917e-06,5.506602519744774e-06,1.9965175113156874e-07
418,7.72825806052424e-05,0.0006180306081660092,0.00042060439591296017,0.007110628765076399,2.5124849344138056e-05,7.856133015593514e-05,0.006621439475566149,4.045965033583343e-05,3.7303132103261305e-06,1.3060046910595702e-07,3.9193778889057285e-07,8.556399677672744e-08
419,6.382715218933299e-05,0.0017436721827834845,0.00173449597787112,0.00020521486294455826,0.001919076545163989,0.0006028589559718966,0.002254815772175789,2.5454335627728142e-05,2.6570839963824255e-06,4.349303139861149e-07,2.1634934910252923e-07,3.5386317875918394e-08
420,0.0008340590866282582,0.000653959927149117,4.607239316101186e-05,0.00010472362191649154,0.0027049428317695856,9.737903019413352e-05,3.591255790524883e-06,9.85993756330572e-06,0.03192511200904846,1.6042797597037861e-06,2.571599679868086e-07,4.3829906815062714e-08
421,0.0006425408646464348,0.0011708971578627825,0.00030554013210348785,2.1808840756420977e-05,0.0031683272682130337,0.00012534577399492264,2.061445229628589e-05,1.1969558727287222e-05,1.9730043277377263e-05,9.77675313151849e-07,2.042548203462502e-06,5.639605760165978e-08
422,0.0009081175085157156,0.0003930225211661309,0.0002502217248547822,0.0018000014824792743,0.00026775564765557647,0.0014931834302842617,5.636577952827793e-06,5.768535629613325e-05,3.137756493742927e-06,1.3518572927750938e-07,4.12194879118033e-07,1.2278751171379554e-07
423,0.00041738300933502614,0.0006207466358318925,0.00107014668174088,0.0014576584799215198,0.0006636639591306448,0.0014143380103632808,0.00024787089205347,4.510123471845873e-05,0.04467307776212692,6.571038738911739e-06,5.94241100770887e-06,5.264921014713764e-07
424,0.0005619282019324601,0.000726544763892889,7.107300189090893e-05,0.0006092197145335376,0.002730990294367075,0.0004076367476955056,6.579804903594777e-06,2.0653211322496645e-05,2.678595410543494e-05,8.627151970586056e-08,6.439906883315416e-07,8.674374640804672e-08
425,0.0005109947524033487,0.00040464772609993815,0.0004697465046774596,0.004582279361784458,1.1183161404915154e-05,0.0028860585298389196,2.467724698362872e-05,5.36333254785859e-06,1.6879180293472018e-06,6.504180873889709e-07,1.090937615799703e-07,1.3662541675785178e-07
426,0.0014050250174477696,0.0008819578215479851,7.071116669976618e-06,0.00026173610240221024,0.003809586400166154,2.6214907848043367e-05,6.978203145990847e-06,3.6876206195302075e-06,3.9977734559215605e-05,9.632277624405106e-07,4.455935595615301e-06,1.0193567590022212e-07
427,7.426942465826869e-05,0.0006995019502937794,0.0014073619386181235,0.0059693315997719765,0.0004019548650830984,0.0005077918176539242,0.0022941746283322573,9.35702191782184e-05,4.655511020246195e-06,9.401923648511001e-07,4.7585530182914226e-07,6.029674182173039e-07
428,0.0013062030775472522,0.0013650478795170784,0.0008240143652074039,0.0017995692323893309,0.0013767057098448277,0.002122196601703763,0.00039657545858062804,2.3436966785084223e-06,2.7790767489932477e-05,2.930643745457928e-07,1.543990890695568e-07,4.116237306561743e-08
429,0.0007695183157920837,0.0010357749415561557,0.00019568666175473481,7.252550858538598e-05,0.0028802109882235527,0.0004704840830527246,5.812302788399393e-06,2.6956202418659814e-05,5.6645112636033446e-06,5.057834187027765e-07,1.0533380390143066e-07,3.539124548979089e-08
430,0.00036748871207237244,0.001536739175207913,0.0013061052886769176,0.004334436729550362,0.0019481058698147535,0.00327097624540329,0.0002340642095077783,0.00013126866542734206,1.560660166433081e-05,4.7558427240801393e-07,1.7174859578972246e-07,2.0167082936950465e-07
431,8.880061614036094e-06,0.0004191048792563379,0.0014840272488072515,0.003981095738708973,5.6661097914911807e-05,4.8897047236096114e-05,7.936017937026918e-05,1.753607762111642e-06,1.5180906132172822e-07,6.625253945458098e-08,2.455567198467179e-07,7.109724720066879e-08
432,1.753342803567648e-05,9.242064697900787e-05,0.0009261145605705678,0.0034917164593935013,5.4309795814333484e-05,0.0017548941541463137,1.8982755136676133e-06,4.524827090790495e-05,2.0144823338341666e-06,7.759862796774541e-07,1.2244436220498756e-07,3.4716398999989906e-07
433,3.102216942352243e-05,0.002689543878659606,0.0002485659206286073,0.00237216311506927,0.00012471689842641354,0.0005952287465333939,0.014695756137371063,3.7562665511359228e-06,5.7130559980578255e-06,8.342116757376061e-07,3.898581780958921e-06,2.4029156975302612e-06
434,0.00035896225017495453,0.0014987284084782004,0.002552245045080781,0.005330778658390045,0.0007671205676160753,0.0005798035999760032,0.0028124407399445772,5.510695700650103e-06,1.892695581773296e-05,1.392944710687516e-07,3.344253229897731e-07,1.6865728014181514e-07
435,0.000732569838874042,0.00035383051726967096,0.0010406405199319124,0.004756473004817963,0.000784253585152328,0.000604569970164448,4.2273062717868015e-05,0.00016015053552109748,1.006701586447889e-05,4.052484996464045e-07,7.306447002974892e-08,8.536333240272143e-08
436,0.0006331315962597728,0.0009331639739684761,0.0009574223659001291,0.0005511362687684596,5.876973591512069e-05,0.0018622820498421788,4.990836259821663e-06,2.154836147383321e-05,1.0462604222993832e-06,2.0008977230645542e-07,7.618521635777142e-08,6.677752395489733e-08
437,0.0011203528847545385,0.0008854731568135321,0.00011153284867759794,0.001061873510479927,0.0019996415358036757,9.937203139998019e-05,6.203187240316765e-06,0.00015084641927387565,8.655249985167757e-06,2.4313365543093823e-07,9.757181373970525e-08,2.8376220484460646e-08
438,0.0015915875555947423,0.001063516829162836,0.00011574813834158704,0.0018837058451026678,0.00021627492969855666,0.004719540476799011,0.00021193250722717494,0.0006068660877645016,0.0002846283314283937,1.2347258234512992e-05,4.522770723269787e-06,1.0822003559951554e-06
439,0.0007369306986220181,0.0003438807907514274,3.861823643092066e-05,8.01937494543381e-05,0.0007085481774993241,0.00013175180356483907,1.203712417918723e-05,6.205867975950241e-05,6.82168138155248e-06,6.174771556288761e-07,7.223525244626217e-07,1.3478408789069363e-07
440,0.0008315933519043028,0.00043206417467445135,5.5266758863581344e-05,0.0014343911316245794,0.001100187306292355,0.00046181000652723014,2.166753802157473e-06,4.879957850789651e-05,4.9370055421604775e-06,1.1925894796149805e-06,2.392339979451208e-07,2.3814685334855312e-08
441,0.0010534041794016957,0.0004853012505918741,0.0005385801778174937,0.0003331132174935192,3.811890564975329e-05,0.00037887695361860096,1.9761027942877263e-05,4.78357651445549e-06,3.1354251404991373e-05,1.5367003243227373e-06,3.5948400523011514e-07,9.358078045806906e-08
442,1.9061735656578094e-05,0.0005946377059444785,0.0021473185624927282,0.004855471197515726,4.0661652747076005e-05,0.0003015742695424706,0.00016820277960505337,9.513695658824872e-06,1.0401886356703471e-06,1.6867784324858803e-07,2.2919269326848735e-07,6.91677755071396e-08
443,1.6442612832179293e-05,0.00034979573683813214,0.0006359764956869185,0.005008628126233816,0.0015008231857791543,8.037199586397037e-05,2.8808050046791323e-05,7.537043074989924e-06,1.49709762808925e-06,1.1668823844956933e-06,1.0267741856750945e-07,4.523394281363835e-08
444,0.00010775349801406264,0.0010164747945964336,0.000677556439768523,0.0029881647787988186,0.0020068653393536806,0.002237345790490508,2.7105135814053938e-05,1.0786588973132893e-05,1.7658896467764862e-05,1.725068386804196e-06,1.8900094289620029e-07,9.931060418466586e-08
445,0.0005636473069898784,0.0009980209870263934,0.0006859538261778653,0.000434684770880267,0.0012042135931551456,0.0024181476328521967,2.3273436454473995e-05,7.079396891640499e-05,6.291051249718294e-05,4.4496124473880627e-07,1.8257933334098198e-06,4.477317006035264e-08
446,0.000841375847812742,0.0009119177702814341,0.0005980295827612281,0.0008882384281605482,0.0009963603224605322,0.0033980198204517365,3.5186119475838495e-06,4.556561543722637e-05,0.02873520366847515,6.294786203397962e-07,3.1442547765436757e-07,2.0201829897814605e-07
447,0.0022380242589861155,0.0008649217197671533,5.608440551441163e-05,0.0002523549774195999,1.2430552487785462e-05,0.0008844577823765576,6.914274308655877e-06,2.192511601606384e-06,1.8430251884637983e-06,6.263056206989859e-07,1.1425260026953765e-06,1.593744798356056e-07
448,0.0013896181480959058,0.0019162442767992616,0.0018386378651484847,0.0015301679959520698,6.77591233397834e-05,0.004829763900488615,2.231434700661339e-05,4.5679655158892274e-05,2.845588142008637e-06,4.181413714832161e-06,5.602199735221802e-07,5.417408743824126e-08
449,3.140674016322009e-05,0.0013099034549668431,0.002229551784694195,0.0043199993669986725,0.0002683851053006947,0.0025215616915374994,0.0011724039213731885,4.935541255690623e-06,1.4292560308604152e-06,1.8521981814956234e-07,5.349511411623098e-07,4.7077904241632496e-08
450,0.00011913938215002418,0.0015449704369530082,0.0014164875028654933,0.0030840719118714333,0.00011776297469623387,0.0011160983704030514,0.005980294663459063,3.270863453508355e-05,4.2997271521016955e-06,1.5914871482891613e-06,3.904946765942441e-07,6.419136298063677e-07
451,9.723022230900824e-05,0.0032064393162727356,0.001246388303115964,0.0006415782263502479,0.00011704934877343476,0.0005294075817801058,0.014315777458250523,1.2748992048727814e-05,1.9274550595582696e-06,4.3976848473903374e-07,3.2601542443444487e-07,1.4039541440524772e-07
452,0.00012002795119769871,0.00024544575717300177,0.0007935665780678391,0.00414139311760664,0.0007756762206554413,0.00021578125597443432,0.00022421294124796987,2.6826077373698354e-05,1.6441584875792614e-06,1.8618126773617405e-07,3.5084559613096644e-07,1.2368471402623982e-07
453,8.850728045217693e-05,0.0025509032420814037,0.0025566648691892624,0.000261461129412055,0.0008004880510270596,0.001182337524369359,0.007126063574105501,3.1564788969262736e-06,4.611099484463921e-06,1.2584525848069461e-06,2.9102019993842987e-07,4.17558965182252e-07
454,0.001219506491906941,0.0004297505656722933,2.2364976757671684e-05,3.5551875043893233e-06,0.0012437656987458467,0.00011159542191307992,6.446266525017563e-06,2.2843052647658624e-05,5.544549821934197e-06,7.741014087514486e-07,1.303951790987412e-07,6.331437418793939e-08
455,0.00019845564384013414,0.001653640647418797,0.0015947865322232246,0.0016729880589991808,0.0006892523961141706,0.0046186549589037895,1.6961894289124757e-05,1.0021276466432028e-05,1.011041263154766e-06,1.1798194776702076e-07,8.66001755639445e-07,1.1307304959018438e-07
456,3.182821092195809e-05,0.0014915319625288248,0.0013799875741824508,0.0051921578124165535,2.123024023603648e-05,5.9577769206953235e-06,0.007639965042471886,2.0998627405788284e-06,5.813046186631254e-07,1.5336311776081857e-07,2.452183309742395e-07,1.1083020012847555e-07
457,0.0010129199363291264,0.001845050253905356,0.0009774587815627456,0.0007622625562362373,0.002710408763960004,0.001174256089143455,4.4800908653996885e-05,6.066293644835241e-05,0.00017648730135988444,2.600687594167539e-06,7.759502409498964e-07,3.135569670575933e-07
458,0.0001382500777253881,0.0012474202085286379,0.0011365101672708988,0.0007518925121985376,0.00175002112518996,0.003289628541097045,4.112860551686026e-05,5.8891575463349e-05,8.467766747344285e-06,7.775295074452515e-08,5.902997557427625e-08,1.0598319732935124e-07
459,0.0006387243629433215,0.0009811354102566838,0.0006566671654582024,0.0019521770300343633,1.1998145964753348e-05,0.004031181335449219,2.734322515607346e-05,0.00025186463608406484,3.4903732739621773e-06,1.8889106740971329e-06,3.6928372537659016e-07,3.44708013244599e-08
460,5.297286043060012e-05,0.0014573578955605626,0.001716435537673533,0.00022434783750213683,0.0006286731804721057,0.00022967971744947135,0.0030393926426768303,3.260895027779043e-05,4.2299907363485545e-06,7.082583692863409e-07,2.579284625880973e-07,1.0980338771560127e-07
461,5.511894778464921e-05,0.0008336553000845015,0.001959589309990406,7.127191202016547e-05,0.0001308033533859998,5.5919004807947204e-05,1.3656802366313059e-05,1.1361703400325496e-05,8.033721314859577e-06,3.875254890317592e-07,2.3162691320521844e-07,6.215866221737087e-08
462,7.063902739901096e-05,0.0025611361488699913,0.002698330907151103,0.00023168926418293267,0.0007324436446651816,0.0007614037021994591,0.007299093529582024,0.0022555014584213495,2.2890951640874846e-06,5.454649567582237e-07,1.5109359310372383e-06,3.0467538181255804e-07
463,7.193279452621937e-05,0.0016144352266564965,0.0008583840099163353,0.005809813272207975,0.00012355344370007515,0.0026585110463202,0.007613344583660364,3.6191795516060665e-06,1.5804347412995412e-06,2.3035968865769973e-07,9.911525467032334e-08,4.9105008059768807e-08
464,4.1732670069905e-05,0.003341495990753174,0.0012916353298351169,0.000978439231403172,0.00020275480346754193,0.0005536527023650706,0.015326295047998428,2.9587743483716622e-05,6.143277005321579e-06,5.527490998247231e-07,1.0946754400720238e-06,1.6319339692927315e-06
465,7.05757993273437e-05,0.0020331807900220156,0.0020500491373240948,0.0010677892714738846,0.0010693268850445747,1.1877536962856539e-05,0.00582301989197731,1.1652543435047846e-05,2.6383706881460967e-06,3.763190079553169e-07,1.4227966005364578e-07,1.6058319118883446e-08
466,0.0013075657188892365,0.00065944017842412,2.9965716748847626e-05,0.003458364401012659,0.0017944738501682878,0.00036610328243114054,2.1567209842032753e-05,4.0474467823514715e-05,3.077266683249036e-06,5.17863156801468e-07,9.792811539455215e-08,1.5612126702535534e-08
467,0.0001894182787509635,0.0003947255318053067,0.0006563832284882665,0.0031100886408239603,0.0012090003583580256,0.000907697482034564,1.133895966631826e-05,6.918203143868595e-05,3.438164640101604e-06,4.211266286802129e-07,6.525179685468174e-08,1.5341649373112887e-07
468,3.936474968213588e-05,0.001013226923532784,0.0010878037428483367,0.003806239925324917,1.8299831936019473e-05,0.0004438456380739808,0.004448371473699808,6.228526672202861e-06,2.8111999199609272e-06,8.715200578990334e-07,3.596228737023921e-07,1.0155986274185125e-07
469,0.000117427647637669,0.0011062255362048745,0.0015715789049863815,0.0026749453973025084,0.0012452674563974142,0.001133312238380313,0.00020333223801571876,4.1094324842561036e-05,3.5374694107304094e-06,1.3832739114150172e-06,2.2268416444148897e-07,3.468221621005796e-07
470,0.00011868492583744228,0.0011572230141609907,0.0017650830559432507,0.010813775472342968,0.00013047081301920116,0.00031896759173832834,0.008621172979474068,6.035012575011933e-06,1.271774067390652e-06,2.559792733336508e-07,4.3392662973928964e-07,2.1055696208804875e-07
471,0.0008053415222093463,0.001587738748639822,0.0031959048938006163,0.0011065405560657382,0.0001520651567261666,0.0007671071798540652,1.862480530689936e-05,3.807881512329914e-05,1.5803051383045386e-06,7.399142987196683e-08,4.5789889213665447e-07,2.1791027648987438e-08
472,7.342838944168761e-05,0.0011960496194660664,0.0008802213706076145,0.006243514362722635,0.001980156172066927,0.0012881567236036062,0.0036248890683054924,2.75685524684377e-05,1.6259212998193107e-06,7.095929959177738e-07,8.142962997226277e-07,4.521800747170346e-07
473,0.001262058736756444,0.0005211315001361072,1.2149160284025129e-05,1.1189923498022836e-05,0.00041586390580050647,0.0013633535709232092,3.3095120670623146e-06,0.00019879329192917794,1.2046376468788367e-05,6.759132133993262e-07,7.732982680863643e-07,2.62934172212681e-08
474,0.0003076747234445065,0.0007489005802199244,0.0007007688982412219,0.00039827663567848504,0.001134906429797411,0.0008934355573728681,4.125008217670256e-06,1.911676190502476e-05,9.992655577661935e-06,3.025982948656747e-07,1.8247538591253942e-08,2.6720879731101377e-08
475,0.0017809395212680101,0.0002402768877800554,0.00043905596248805523,0.00607744324952364,1.8510980225983076e-05,0.00023435345792677253,5.620313913823338e-06,5.52115898244665e-06,3.740761894732714e-05,2.154959304334625e-07,1.392350270634779e-07,1.8979997662427195e-07
476,0.0013608118752017617,0.0008497112430632114,0.00027240096824243665,3.8626687455689535e-05,0.0004189121536910534,0.001963284332305193,2.5311078388767783e-06,1.2565146789711434e-05,1.6121148291858844e-06,7.859626407480391e-07,4.1431795239077474e-07,1.8906777654592588e-07
477,5.5979282478801906e-05,0.00043464999180287123,0.0007503509405069053,0.002160766627639532,0.001347712124697864,0.0005087936297059059,2.597105958557222e-05,5.746234819525853e-06,1.165715730166994e-05,3.3781111596908886e-07,9.174407296086429e-07,1.16171086972372e-07
478,0.00017352054419461638,0.0008128333720378578,0.0007560428348369896,0.0031370867509394884,0.002128666965290904,0.0008194379042834044,7.751285738777369e-05,1.0222885975963436e-05,2.391419911873527e-06,1.031485226121731e-06,5.714540520784794e-07,1.417950841187121e-07
479,4.332722892286256e-05,0.0011690374230965972,0.002733586123213172,0.0011593623785302043,0.0001763610343914479,0.0006878409767523408,3.9980397559702396e-05,8.605365110270213e-06,1.9427945971983718e-06,2.2781556197060127e-07,7.637395924575685e-07,2.074401095342182e-07
480,0.00011139522393932566,0.0004775647248607129,0.001196621684357524,0.004848030861467123,0.00013384937483351678,0.00038457888877019286,0.0021084200125187635,9.596320887794718e-05,1.5926660807963344e-06,8.020182917789498e-08,1.2288685411476763e-06,1.0436743735908749e-07
481,0.00018247889238409698,0.000642819853965193,0.0003921366005670279,0.0020561935380101204,0.002077239565551281,0.0010656045051291585,0.00010585409472696483,3.827452746918425e-05,1.5179227375483606e-05,1.5140733466978418e-07,1.1715292203007266e-06,4.063256398012527e-08
482,0.0001426415692549199,0.002001725370064378,0.00013280600251164287,0.0008700044127181172,0.0003773215867113322,0.004440394230186939,7.607631232531276e-06,0.03355523571372032,9.28383656173537e-07,3.451920633779082e-07,5.755969212373202e-08,4.620332205718114e-08
483,8.822559721011203e-06,0.0006135331350378692,0.0015515799168497324,0.004443728365004063,6.859597488073632e-05,0.0009673564345575869,5.03744013258256e-05,7.804280357959215e-06,4.6131995645737334e-07,1.3064358483916294e-07,8.784659399907468e-08,3.426914929605118e-08
484,7.737279702269007e-06,0.0017847251147031784,0.0009939535520970821,7.587810250697657e-05,4.720153083326295e-05,0.0001254931412404403,0.008653339929878712,6.237491106730886e-06,1.791280510587967e-06,2.3054188602600334e-07,5.911242055844923e-07,4.2299081570718045e-08
485,0.0004763600882142782,0.0002784325915854424,0.0004559213703032583,0.005650736857205629,0.0003607825201470405,0.002833120757713914,2.2010377506376244e-05,1.8055121472571045e-05,4.5638980736839585e-06,7.36949971269496e-07,9.255603572455584e-08,6.213220444806211e-07
486,2.405520535830874e-05,0.0011601002188399434,0.0012590232072398067,0.002628372749313712,0.0028004355262964964,0.0005003451951779425,0.00011420500231906772,2.626010427775327e-05,9.145828698819969e-06,2.5689794256322784e-06,1.3546596733249316e-07,2.9479528507181385e-07
487,0.00030678510665893555,0.0033094941172748804,0.003483623033389449,0.00257155136205256,0.0005408599390648305,0.0029879282228648663,0.0061436309479177,8.155227988027036e-05,4.219479251332814e-06,6.876318821014138e-07,2.7431021862867055e-06,1.0391283922217553e-06
488,2.392723945376929e-05,0.00047428818652406335,0.00151916709728539,0.004382478538900614,0.000270738557446748,0.0008326654206030071,0.00011706458462867886,1.9614570192061365e-05,6.307571425168135e-07,2.3944343752191344e-07,1.0263943295285571e-07,1.8800594858703334e-08
489,0.0011751444544643164,0.0007928769337013364,3.82499820261728e-05,6.102888073655777e-05,0.00252448464743793,8.423081453656778e-05,1.4863248907204252e-05,1.052203788276529e-05,0.0001081280643120408,4.690543846663786e-07,1.5665556247768109e-06,3.2910403291452894e-08
490,0.0001017659087665379,0.0020427987910807133,0.002122924430295825,0.0006696596974506974,0.0002620223385747522,1.9720389900612645e-05,0.005969602148979902,9.142886119661853e-05,2.8133777050243225e-06,1.9054064637202828e-07,1.9372403130546445e-06,2.9036141313554253e-07
491,0.0016351324738934636,0.0007671849452890456,1.3720638889935799e-05,0.00035456373007036746,0.001423635403625667,1.0607561307551805e-05,1.014218923955923e-05,2.953308239739272e-06,1.9707420506165363e-05,1.4596432151847694e-07,2.1967818497614644e-07,4.0502346365656194e-08
492,0.0015409741317853332,0.0014018462970852852,8.005624840734527e-05,0.0004880015621893108,0.0046830917708575726,0.0004333756514824927,1.5798466847627424e-05,1.1143160918436479e-05,0.01772209070622921,4.4382841224432923e-07,3.125827333860798e-06,1.4075685328407417e-07
493,0.0010321546578779817,0.0003073395637329668,4.223166251904331e-05,5.445745409815572e-05,0.0012041700538247824,2.7176803996553645e-05,6.379603746609064e-06,2.8166664378659334e-06,1.4518499483529013e-05,1.8465887023921823e-06,3.888235653448646e-07,7.326708129085091e-08
494,0.0005602550809271634,0.0006564509239979088,0.0005582322482950985,0.0016133466269820929,0.0005747977993451059,0.0026348233222961426,8.773884474067017e-06,0.00035033278982155025,0.017732564359903336,4.545916453935206e-06,1.4789786746405298e-06,3.075309678024496e-07
495,2.9260376322781667e-05,0.0018740356899797916,0.0018195643788203597,0.0034177592024207115,1.0685588677006308e-05,0.0008681943872943521,0.007969245314598083,7.889440894359723e-05,3.915819888788974e-06,7.748200800961058e-07,9.667559908166368e-08,6.511675110232318e-08
496,0.002527920063585043,0.001402009162120521,0.0025521537754684687,0.002396802417933941,0.0021974279079586267,0.00022486530360765755,3.2517600629944354e-05,1.6230924302362837e-06,1.1406247722334228e-05,2.1260755147523014e-06,8.717947252989688e-07,7.857538975031275e-08
497,0.002608397277072072,0.0013602453982457519,0.0012813310604542494,0.00023860902001615614,0.0006223309319466352,0.001377308159135282,5.3600619139615446e-05,6.482127355411649e-05,0.00012481110752560198,1.2616947060450912e-06,7.760805260659254e-07,5.698114478036587e-07
498,0.00214010919444263,0.0006828185287304223,0.0004983143880963326,0.0001431430282536894,0.001760596875101328,0.0001323961332673207,5.424646587925963e-06,1.1353656191204209e-05,0.01191902905702591,1.3839513485436328e-05,2.669979721758864e-06,0.00017491925973445177
499,0.0015869255876168609,0.0010557608911767602,0.0006666949484497309,0.004797485191375017,0.0017772343708202243,0.00030336345662362874,2.1775911591248587e-05,5.8201108913635835e-05,2.390645931882318e-05,4.146720016251493e-07,5.16821137352963e-06,0.3881114423274994
500,0.00013112564920447767,0.00203738478012383,0.00592950452119112,0.0013367946958169341,0.0001734147226670757,0.0016785799525678158,1.7052389011951163e-05,8.394029464398045e-06,2.4727564778004307e-06,7.458801292159478e-07,6.405458634617389e-07,2.48779826961254e-07
501,0.0013433726271614432,0.0012265609111636877,0.0035499176010489464,6.892989040352404e-05,0.0002537759719416499,0.000535820669028908,6.369601032929495e-05,5.674151179846376e-05,6.295842922554584e-06,3.636731707956642e-05,4.869018539466197e-06,1.0016809426360851e-07
502,0.0013275451492518187,0.00039699545595794916,0.0013993734028190374,0.00014126441965345293,3.841193756670691e-05,0.0001969643635675311,1.0786716302391142e-05,3.868055046041263e-06,1.2609105397132225e-05,5.747659770349856e-07,4.008714427072846e-08,2.929688207586878e-07
503,0.00172865716740489,0.0011762899812310934,0.0015871867071837187,8.122649160213768e-05,0.002115232404321432,0.00021680373174604028,1.6261652717730612e-06,8.814897228148766e-06,7.137071861507138e-06,2.3905522539280355e-06,7.773967922730662e-07,3.034196893736407e-08
504,0.002000238513574004,0.0006265647243708372,0.0008932908531278372,4.806197830475867e-05,0.00012845025048591197,0.0004944499232806265,1.7854056295618648e-06,8.40700067783473e-06,1.6738922568038106e-05,4.91134585445252e-07,1.4982664708895754e-07,4.1388457816537993e-07
505,0.0011750884586945176,0.001067177508957684,0.00016695201338734478,0.00032842872315086424,0.0029979669488966465,0.0010595439234748483,4.5540004066424444e-05,0.00016201232210732996,5.5047661589924246e-05,8.802325282886159e-06,3.132013034701231e-06,2.9575159032901865e-07
506,0.001538278884254396,0.0009523055632598698,0.00016334245447069407,8.527922909706831e-05,0.004234912805259228,0.00010577160719549283,2.2454694317275425e-06,4.4743273974745534e-06,3.5270300031697843e-06,6.832509598098113e-07,8.361482173313561e-07,4.121715448945906e-07
507,0.0028624392580240965,0.0006798491231165826,1.3786462886855588e-06,3.1708943424746394e-05,0.0022688466124236584,2.0010826119687408e-05,1.1234239536861423e-05,5.4353590712707955e-06,3.7731585962319514e-06,2.869159629881324e-07,7.474255880879355e-07,1.7661938045421266e-07
508,0.0005848412401974201,0.001093897270038724,0.0025102540384978056,0.0020520477555692196,0.0015196963213384151,0.0006101885228417814,2.1558675143751316e-05,2.823543400154449e-05,1.0837602530955337e-06,1.1512762654319886e-07,2.8151072228865814e-07,2.122529281223251e-07
509,0.00042022959678433836,0.0014048548182472587,0.0018915681866928935,0.0001047565892804414,0.0012612128630280495,0.0019734797533601522,7.745983748463914e-05,4.418443495524116e-06,1.6735579038140713e-06,1.6543995684514812e-07,2.2921389586372243e-07,1.725683951292467e-08
510,0.00030061983852647245,0.0019638952799141407,0.001416207873262465,0.0008056798251345754,0.002796388464048505,0.003939247224479914,0.0016862957272678614,8.545062155462801e-05,5.0250546337338164e-06,1.8485047803551424e-07,2.6512036583881127e-06,4.544035547837666e-08
511,0.0008770882268436253,0.0011668215738609433,0.0023960829712450504,5.971084829070605e-05,0.00014897740038577467,0.001802724553272128,3.593736619222909e-05,0.00023325433721765876,2.082947275994229e-06,1.131771114160074e-06,2.5245552137675986e-07,1.32414712084028e-07
512,0.0001522315142210573,0.002740890020504594,0.00307982275262475,0.00316649884916842,0.00010528957500355318,0.0016521591460332274,0.008326113224029541,4.5814813347533345e-06,8.067614771789522e-07,2.892216741656739e-07,3.458622899188413e-08,3.285746785763877e-08
513,0.0002144139289157465,0.0007973717874847353,0.0016306786565110087,0.005922234151512384,0.0008944030269049108,0.0020643682219088078,0.00024895861861296,3.605983147281222e-05,0.00011045978317270055,2.3370289454760496e-06,2.0077703766219201e-07,2.7718874662241433e-07
514,0.0017010614974424243,0.0007344094919972122,0.00024164888600353152,0.001708195311948657,0.0022430068347603083,0.00019906010129489005,1.9643986888695508e-05,6.7413134274829645e-06,3.645430115284398e-05,9.758756505107158e-07,1.0808454362631892e-06,6.398386744876916e-07
515,0.002745475387200713,0.0009470740333199501,0.0013767654309049249,0.000378919969080016,0.00010847840167116374,0.00026997330132871866,4.823869858228136e-06,7.0031810537329875e-06,2.7263874926575227e-06,1.2786916158802342e-05,7.209237651295552e-07,9.929071609349194e-08
516,0.0015135423745959997,0.0008950339397415519,0.000312539137667045,0.0002953510847873986,0.0030689327977597713,0.0002347762492718175,4.126946078031324e-05,1.07604300865205e-05,0.007335709873586893,1.2784274758814718e-06,0.07215990871191025,1.775808186721406e-06
517,0.001838982803747058,0.00039332773303613067,0.0002861661196220666,0.00012414944649208337,0.0004718109266832471,0.00016093596059363335,1.325089942838531e-05,7.831023140170146e-06,1.0692089745134581e-05,5.972825078970345e-07,4.666552300136573e-08,2.778155661076198e-08
518,0.0009331938344985247,0.0009391738567501307,0.001730285701341927,0.00010324442700948566,0.0011986905010417104,0.00019596265337895602,3.3376356441294774e-05,4.040298335894477e-06,4.0699178498471156e-06,1.6136197018568055e-06,3.163914925607969e-07,3.337125065172586e-07
519,0.0007514999015256763,0.0022964999079704285,0.006373854354023933,0.003572735469788313,7.307095802389085e-05,0.0007113047759048641,0.0007798088481649756,1.751864374455181e-06,4.859472483076388e-06,1.3080538963095023e-07,1.606730961611902e-07,2.974869062200014e-08
520,0.002456500194966793,0.00047139578964561224,0.00011343626829329878,3.260250741732307e-05,8.215667185140774e-05,0.0017217659624293447,1.336825152975507e-05,0.0016308656195178628,0.0010778163559734821,3.2278876460622996e-06,6.789388748984493e-07,1.0789423754431482e-07
521,0.0007303724996745586,0.0009060084703378379,3.4932465496240184e-05,7.027827814454213e-05,0.004086022265255451,9.021010191645473e-05,6.722793386870762e-06,4.495631856116233e-06,2.4883677269826876e-06,1.5127511687751394e-07,9.178913842333714e-07,2.4207471938098024e-07
522,0.0032961606048047543,0.0007903259247541428,0.00016005593352019787,0.00012868658814113587,0.0005104823503643274,5.27949441675446e-06,1.3221688277553767e-05,1.4497013580694329e-05,2.4105763714032946e-06,1.3413530268735485e-06,2.61568089854336e-07,7.097889209717323e-08
523,0.001728871837258339,0.0009703136747702956,9.586674423189834e-05,2.552447585912887e-05,0.00342362723313272,0.0006983067141845822,7.323804311454296e-05,2.8219701562193222e-05,9.487058559898287e-05,0.002890581963583827,3.4113268156943377e-06,2.556099332196027e-07
524,0.0005732460995204747,0.0017235567793250084,0.00375124579295516,3.2474166800966486e-05,0.0018762066029012203,0.00046352428034879267,6.278277851379244e-06,3.6713731788040604e-06,7.49392393117887e-06,1.079089088307228e-06,3.913192756499484e-07,1.7309476163518411e-07
525,0.0006549786194227636,0.00044556305510923266,0.0006592539721168578,0.0031876694411039352,0.001756741083227098,0.0008603321039117873,3.8201604183996096e-05,1.8782180632115342e-05,8.944302294366935e-07,2.4696471427887445e-06,1.6490679399794317e-07,1.6574648498135502e-07
526,0.0013030337868258357,0.0007030173437669873,0.000929917034227401,0.0002001245884457603,0.00013914112059865147,0.0016835210844874382,1.6135281839524396e-05,0.00021257523621898144,2.000990389205981e-05,5.640284143737517e-06,7.279492137968191e-07,2.0753373064508196e-07
527,0.0013416268629953265,0.00131485634483397,0.0020951488986611366,0.0002600808220449835,0.00021206615201663226,0.0013693704968318343,7.005057705100626e-05,0.014992625452578068,1.7554189980728552e-05,1.4346624993777368e-05,6.896700597280869e-07,6.938497563169221e-07
528,0.001853602472692728,0.0004359954909887165,4.720974538940936e-05,3.724585985764861e-05,0.0006225231918506324,0.00024432718055322766,7.869810360716656e-06,5.494071956491098e-06,1.942298240464879e-06,1.2320910514063144e-07,1.7836288179751136e-07,1.7963269272058824e-07
529,0.0015907074557617307,0.0014385806862264872,0.0007502581574954093,0.0005544531159102917,0.0038732264656573534,0.0006141571793705225,0.00015285605331882834,2.048039277724456e-05,2.2347967387759127e-05,1.5604117606926593e-06,1.2958771549165249e-06,8.403340245877189e-08
530,0.000823687354568392,0.0016072042053565383,0.00048048089956864715,0.000304010056424886,0.003355100518092513,0.0007768342620693147,6.792277417844161e-05,0.029722250998020172,3.662891322164796e-05,4.267838903615484e-06,1.499379322922323e-06,5.720637545891805e-06
531,0.0016879475442692637,0.00048803898971527815,0.002162465825676918,0.004845759831368923,0.0006229589344002306,0.0001631115301279351,5.2060909183637705e-06,9.670576218923088e-06,1.846769350777322e-06,1.9625505842668645e-07,1.0095366320683752e-07,1.8914171562300908e-07
532,0.0005249478272162378,0.0009251581504940987,0.0003073206462431699,0.0001378917950205505,0.0031221220269799232,0.0008433059556409717,0.00012223389057908207,2.645099812070839e-05,1.0139380037799128e-06,1.157288352260366e-06,3.8287498682620935e-07,6.068153624028128e-08
533,0.001940812566317618,0.0006898363353684545,0.0010451037669554353,0.0018642309587448835,0.0006455528200604022,0.00013132084859535098,2.108286935254e-05,1.9426037397352047e-05,1.9478575268294662e-06,1.3310935855770367e-06,2.5484186494395544e-07,1.3433546541818941e-07
534,0.002593982731923461,0.0010337926214560866,0.0018382216803729534,0.0021045773755759,0.0002194885746575892,0.0005342199001461267,2.258547829114832e-05,2.1697998818126507e-05,1.4204487342794891e-05,3.427591764193494e-06,6.748603027517674e-07,1.1339009375888054e-07
535,0.0008014308987185359,0.0014711200492456555,0.0033306072000414133,0.00047028245171532035,0.0021626679226756096,4.2601062887115404e-05,1.0792705325002316e-05,8.203391189454123e-06,1.0841537914529908e-05,8.996645988190721e-07,3.390486540411075e-07,5.953967843197461e-07
536,0.0017526856390759349,0.0007778468425385654,6.399727863026783e-05,0.0012122542830184102,0.002565741539001465,0.0005361784715205431,1.1573384654184338e-05,3.554448994691484e-05,2.248151531603071e-06,5.19546517807612e-07,1.9845656424877234e-06,2.81532635426629e-07
537,0.002756861736997962,0.0012006943579763174,4.3773092329502106e-05,0.002941799582913518,0.004871378652751446,6.386153836501762e-05,4.6330701479746494e-06,5.665002845489653e-06,1.2572830200952012e-05,6.285733888944378e-07,1.0406847650301643e-06,7.226302841445431e-06
538,0.0020450158044695854,0.0009207400726154447,0.0033241459168493748,0.004050012212246656,1.3327402484719642e-05,0.0002253788843518123,1.2581205737660639e-05,6.667516572633758e-06,3.3943581456696847e-06,3.4350347277722904e-07,6.72847590976744e-07,4.841020881940494e-07
539,0.001981820445507765,0.0021966956555843353,0.003214192343875766,0.00022306869504973292,0.0020179941784590483,0.0004273286322131753,0.0002111880312440917,0.0007576954667456448,1.5648229236830957e-05,0.00012294108455535024,2.215155063822749e-06,1.7734851098794024e-07
540,4.701987199950963e-05,0.003636925481259823,0.004540807101875544,0.0032087054569274187,0.0006121453479863703,0.00034555254387669265,0.01229950226843357,2.097708056680858e-05,3.272675940024783e-06,8.724979920771148e-07,7.086173923198658e-07,8.608976145296765e-07
541,0.0015464156167581677,0.0011816797778010368,0.00029811495915055275,0.00019394677656237036,0.002481434727087617,4.204389551887289e-05,5.5342876294162124e-05,0.00017478725931141526,6.807186582591385e-05,0.23816609382629395,7.302580797841074e-06,1.5520694205406471e-06
542,0.0025944712106138468,0.0011352886212989688,0.00028209720039740205,0.00018903604359366,0.004248055163770914,4.6867786295479164e-05,5.548109402297996e-05,1.9866108686983353e-06,1.3560040315496735e-05,1.0708210993470857e-06,8.259214610006893e-07,6.604686291211692e-07
543,0.00021390938491094857,0.0028548436239361763,0.004133257549256086,0.0005803168169222772,8.389735012315214e-05,0.0019381913589313626,0.005851267836987972,2.306326132384129e-05,8.271374099422246e-06,8.137517966133601e-07,1.68599754601928e-07,5.584447393403025e-08
544,0.0007732098456472158,0.0015988099621608853,0.0011133847292512655,0.00013044150546193123,0.0034447473008185625,0.0015557713340967894,2.2220187020138837e-05,5.283219252305571e-06,1.8342457224207465e-06,5.030505576542055e-07,1.3574478430200543e-07,1.8685197389345376e-08
545,0.0020352748688310385,0.0005691801779903471,0.0011892520124092698,6.751819455530494e-05,0.000234987135627307,0.00019598302606027573,3.260297671658918e-05,2.6634697860572487e-05,4.134786195209017e-06,7.163693567235896e-07,1.305512000726594e-07,3.090624716151069e-07
546,6.872585800010711e-05,0.0020423675887286663,0.0033725823741406202,0.0002105332096107304,0.0003013767418451607,0.0034264158457517624,0.0006693510804325342,3.598536568460986e-05,1.2250569852767512e-05,2.5948927486751927e-06,7.307070859496889e-07,1.4418299087992636e-06
547,5.41774024895858e-05,0.0019439795287325978,0.00193403463345021,0.002127012237906456,0.000746402598451823,0.0045968471094965935,0.0020619481801986694,3.275494236731902e-05,2.1619105154968565e-06,1.9591769273574755e-07,1.4269909343056497e-06,2.8881842695227533e-07
548,0.0010161246173083782,0.00074107846012339,0.00016136697377078235,0.0013823544140905142,0.0018316295463591814,0.0010770187946036458,5.304142632667208e-06,3.696634166772128e-06,4.686488409788581e-06,7.676258917399537e-08,6.877003784211411e-07,5.60212299660634e-07
549,0.0018631595885381103,0.0016230361070483923,0.0027766418643295765,0.0004651702765841037,0.00015905986947473139,0.0009286373388022184,6.850712088635191e-05,0.019970303401350975,1.4158854355628137e-05,8.342228170477028e-07,1.0466526418895228e-06,2.6511685291552567e-07
550,0.0016675274819135666,0.0037799645215272903,0.0034045774955302477,9.089492232305929e-05,0.0006570679834112525,0.001504232408478856,0.014119870960712433,3.769303293665871e-05,1.861757118604146e-05,4.799679800271406e-07,3.1697408076070133e-07,4.1892803892551456e-08
551,0.0006623960798606277,0.001002069446258247,0.002573566045612097,0.005143871530890465,0.00017033163749147207,0.0034605993423610926,1.2682221495197155e-05,3.733267249117489e-06,2.8540484890982043e-06,8.105909046207671e-07,1.7145753190561663e-06,1.8030934967327994e-08
552,0.00234622647985816,0.0016147014684975147,0.0011512605706229806,8.970483759185299e-05,5.451934703160077e-05,0.0006283303955569863,1.2882373994216323e-05,0.024930985644459724,1.6222815020228154e-06,2.0976979158149334e-06,5.22848665696074e-07,6.953696640721319e-08
553,0.0027938098646700382,0.0005632846150547266,3.981250847573392e-05,0.00019936577882617712,0.0008987600449472666,4.404735955176875e-05,1.0517286682443228e-05,2.377734517722274e-06,1.2058514585078228e-05,4.829958015761804e-07,1.4612991208196036e-06,1.5721380464128742e-07
554,0.0005263707716949284,0.0016066399402916431,0.0019765745382755995,0.0012914232211187482,0.0012957960134372115,0.002941973740234971,4.138428721489618e-06,5.43358146387618e-06,5.511363269761205e-06,3.850018117645959e-07,3.532433936470625e-07,1.2762627399354187e-08
555,0.0020653302781283855,0.0006921036983840168,0.0013450427213683724,5.821333979838528e-05,0.0014044074341654778,0.00040246042772196233,5.369967766455375e-06,1.7735419532982633e-05,0.01288694143295288,7.801798346918076e-06,1.3445260265143588e-06,1.5196710592135787e-06
556,0.00014211310190148652,0.0012389745097607374,0.0018177605234086514,0.008705786429345608,0.00028929958352819085,0.0010520110372453928,0.006328303832560778,0.00016158120706677437,6.821477290941402e-05,3.5114874208375113e-07,2.18080822378397e-06,1.7505516325400095e-07
557,0.0016856187721714377,0.0009069096413441002,0.0018648118712008,3.218186247977428e-05,0.0006286189891397953,3.08551752823405e-05,1.4234345144359395e-05,2.726413413256523e-06,2.7240239433012903e-05,2.896966179832816e-06,1.0420288276691281e-07,2.068968001367466e-07
558,0.00014345320232678205,0.0021320299711078405,0.005471250973641872,0.0038581592962145805,0.00014085238217376173,0.0012015640968456864,0.0024500563740730286,4.171816544840112e-05,1.3001559636904858e-05,8.404962841268571e-07,1.5251720242304145e-07,1.9181231891707284e-07
559,0.00022148001880850643,0.0029051429592072964,0.003984957467764616,0.00042113359086215496,0.0011052326299250126,0.0020932466723024845,0.0005582470912486315,0.025369057431817055,2.011672950175125e-05,3.4560659969429253e-06,3.012323304574238e-06,4.0032557535596425e-07
560,0.0008571898215450346,0.0034179803915321827,0.0036803993862122297,0.002498387824743986,0.0004523825191427022,0.005579885561019182,0.0010564831318333745,0.00028585176914930344,1.3557002603192814e-05,3.7557842915703077e-06,7.161468715821684e-07,7.560829544672742e-07
561,2.157315975637175e-05,0.0020735948346555233,0.004592742305248976,0.0004309074720367789,0.0001823508646339178,0.0023035085760056973,8.771366265136749e-05,7.717125299677718e-06,2.2877278752275743e-05,6.89898740802164e-07,7.365851928398115e-08,5.680759329607099e-08
562,0.0011053296038880944,0.0026050135493278503,0.00332806259393692,0.004040185362100601,0.00442912895232439,0.003199299331754446,0.00016013509593904018,0.00023466770653612912,1.343888470728416e-05,6.225836273188179e-07,7.612864465045277e-06,3.1359124932350824e-06
563,7.600388926221058e-05,0.0004843738570343703,0.0022480450570583344,0.004898804239928722,0.0006011644727550447,0.0005619731382466853,6.884290633024648e-05,0.00031617030617780983,3.4881802548625274e-06,3.342949412399321e-06,5.422156391432509e-06,5.975041403871728e-07
564,0.0012334708590060472,0.00039374580956064165,0.0004968679859302938,9.426007636648137e-06,0.0008738753967918456,1.7335089069092646e-05,2.2765668745705625e-06,3.466039515842567e-06,3.3406438433303265e-06,2.3478419564071373e-07,5.494717925103032e-07,2.4466254444632796e-07
565,0.001478866208344698,0.0006526962970383465,0.001199201913550496,0.00016153304022736847,0.0009038110729306936,0.00016976006736513227,7.914129128039349e-06,2.911122692239587e-06,2.4270786980196135e-06,4.250131837579829e-07,5.413927510744543e-07,8.63325126942982e-08
566,0.0016647966112941504,0.0008330020355060697,0.00018979317974299192,6.126143125584349e-05,0.0014077975647524,3.2436466426588595e-05,4.864523361902684e-06,5.769957169832196e-06,0.0002596577687654644,1.3149154256097972e-05,0.22888517379760742,1.5177063517057832e-07
567,0.001598041388206184,0.0008876379579305649,4.571596946334466e-05,9.137863526120782e-05,0.002244881121441722,0.0001344951888313517,0.00012919136497657746,4.356941644800827e-06,8.921358130464796e-06,2.4874398718566226e-07,1.1364958254489466e-06,2.5736042061907938e-06
568,0.00036933188675902784,0.0012810886837542057,0.001738339546136558,0.003011790569871664,0.0016524792881682515,0.001027441117912531,0.0026541391853243113,5.482881078933133e-06,1.237602305081964e-06,1.1129707644386144e-07,4.786065233020054e-07,2.17484540598889e-07
569,0.001503616920672357,0.0007643276476301253,0.00017228489741683006,0.0008248899248428643,0.0009509537485428154,0.00027491390937939286,3.881624434143305e-05,0.014652865007519722,4.608013114193454e-06,2.2272890021213243e-07,2.8333684554127103e-07,1.7763949244908872e-07
570,0.0017603453015908599,0.0009756291983649135,0.0027611672412604094,7.268067565746605e-05,1.632311068533454e-05,0.00025691563496366143,1.8996157677975134e-06,1.5929683740978362e-06,3.112445028818911e-06,4.713188275218272e-07,1.1111312403500051e-07,1.6884636977465561e-07
571,0.001157288788817823,0.0005436379578895867,0.0020370222628116608,0.010300296358764172,0.0005044929566793144,0.0020703929476439953,0.00015392737986985594,6.23590813120245e-06,3.2529358577448875e-05,1.3990762681714841e-06,1.2719705182462349e-06,6.773186669306597e-07
572,0.002559200394898653,0.0009633631561882794,0.0018397972453385592,0.0020567388273775578,5.1275223086122423e-05,0.0015173043357208371,1.1369533240213059e-05,1.1160581379954237e-05,1.0464845217939e-05,1.3214543059802963e-06,3.856273735891591e-07,8.155250696972871e-08
573,0.00019055785378441215,0.0013979070354253054,0.0024524747859686613,0.005745596252381802,0.0018509228248149157,0.0009518663282506168,0.0006767992745153606,5.342431177268736e-05,4.937499852530891e-06,8.65959646034753e-06,2.5767265015019802e-06,8.370507487143186e-08
574,0.0014666407369077206,0.0005840984522365034,0.0006337897502817214,7.100382845237618e-06,0.0019191575702279806,5.173724639462307e-05,5.652754680340877e-06,6.4871760514506605e-06,4.109289420739515e-06,1.3761554100710782e-06,2.7779183255915996e-06,3.940503177091159e-07
575,0.001749607385136187,0.0005839155055582523,0.0005773157463409007,0.0032672425732016563,0.0024653603322803974,0.00022221612744033337,1.3129661965649575e-05,1.8728245777310804e-05,5.894324203836732e-06,7.686723506594717e-07,2.88839999029733e-07,2.2781907205171592e-07
576,6.114867574069649e-05,0.0023912442848086357,0.0046043782494962215,0.006958018522709608,0.0005764790112152696,0.0013380764285102487,0.004069413058459759,4.2586976633174345e-05,1.0421054867038038e-05,2.973991115595709e-07,7.285319725269801e-07,1.2120004555526975e-07
577,0.0016220931429415941,0.0006011175573803484,0.0014404596295207739,0.0021022360306233168,0.0009009253117255867,0.0002167279744753614,1.6070162018877454e-05,8.66606569616124e-05,2.600447078293655e-05,4.0174081732402556e-06,2.7911801225855015e-06,6.07239485361788e-07
578,0.00029395721503533423,0.0011313603026792407,0.002276345621794462,0.0006214010645635426,0.0015698026400059462,0.0011721758637577295,4.4554293708642945e-05,1.9745941244764253e-05,4.108188022655668e-06,2.0308165460392047e-07,5.664432478624803e-07,6.225801030268485e-07
579,0.001121868146583438,0.0007874540751799941,0.000155096102389507,5.9379755839472637e-05,0.0030502723529934883,2.290656448167283e-05,1.9122828689432936e-06,5.277322998153977e-06,3.487723370199092e-05,1.3738099369220436e-07,2.392295755271334e-06,9.637748377144817e-08
580,0.0022247519809752703,0.00046232136082835495,0.00032709367224015296,0.0034179254435002804,0.0008863818948157132,0.0009183232905343175,4.199720933684148e-05,0.00024478696286678314,6.507283160317456e-06,6.4204555201285984e-06,1.0522201137064258e-06,1.3113032082401332e-06
581,0.0006874745013192296,0.0008371031144633889,0.00021916326659265906,4.25196994910948e-05,0.0028160049114376307,0.00014330910926219076,4.138480107940268e-06,1.0707042292779079e-06,2.2685796920995926e-06,2.0190368843486795e-07,1.6917330469823355e-07,1.1594529780722951e-07
582,0.002419551368802786,0.00043690018355846405,0.0005671156686730683,2.6256704586558044e-05,0.0008241382893174887,7.824172644177452e-05,2.397958087385632e-05,7.397017907351255e-05,0.006334297824651003,1.0108513379236683e-05,2.067719151455094e-06,2.375719390101949e-07
583,0.0014774557203054428,0.00037345310556702316,7.45926663512364e-05,1.6304045857395977e-05,0.0015755303902551532,2.3358688849839382e-05,2.33087848755531e-06,8.178004463843536e-06,3.852045210805954e-06,5.8438013184058946e-06,1.715608419772252e-07,1.0162526109525061e-07
584,0.0015136225847527385,0.0005967344623059034,4.638309110305272e-05,7.754154466965701e-06,0.001963526476174593,0.00026227347552776337,1.4491330375676625e-06,6.999589004408335e-06,2.3723165213596076e-05,8.762488050706452e-07,1.0486143509069734e-07,1.1355036377835859e-07
585,0.0010993767064064741,0.0023513855412602425,0.004270166624337435,0.0031730595510452986,0.0011533992365002632,0.0017739260802045465,0.0006808211910538375,2.7646907255984843e-05,1.9615841665654443e-05,3.3759679354261607e-06,4.14768419432221e-06,3.9739208546052396e-07
586,1.1315714800730348e-05,0.002593815326690674,0.0021227416582405567,0.005434168968349695,0.0001890908315544948,0.00118198711425066,0.012536454945802689,0.005971863865852356,1.8538381709731766e-06,1.0803142913573538e-06,1.5469585150640341e-06,7.430814434883359e-07
587,0.0014994528610259295,0.000807306612841785,0.0015897660050541162,0.0019579927902668715,0.00026209288625977933,0.0014718483434990048,1.659935514908284e-05,3.206458131899126e-06,2.0846095139859244e-05,2.9837196962034795e-06,2.087335815303959e-06,2.577169198048068e-07
588,0.0020213155075907707,0.0003457203565631062,8.53291385283228e-06,8.138595876516774e-05,0.00018935272237285972,4.203503704047762e-05,3.627633304859046e-06,2.55659915637807e-06,6.376007149810903e-06,2.2068516614126565e-07,1.766628798804959e-07,4.1628762659229324e-08
589,0.0029498031362891197,0.0008067229064181447,6.249514262890443e-05,9.265598055208102e-05,4.821678521693684e-05,0.000551154837012291,3.878584175254218e-05,6.364663931890391e-06,3.76681491616182e-05,2.057562369373045e-06,2.3619838884769706e-06,1.730492954266083e-06
590,8.483185229124501e-05,0.0023168802727013826,0.005388360936194658,0.001831131405197084,0.000390672154026106,0.0004369170346762985,0.0023002009838819504,4.773947239300469e-06,1.966872332559433e-05,7.879958161538525e-07,3.9658578998569283e-07,1.9771678694269212e-07
591,0.00013776995183434337,0.0014208037173375487,0.0010919246124103665,0.0066291713155806065,0.0046962350606918335,0.0006376441451720893,0.0002993375819642097,0.00018671616271603853,1.990684495467576e-06,1.9133997284370707e-06,2.035281795542687e-06,1.7319497658263572e-07
592,0.00012046222400385886,0.0012423851294443011,0.0023870347067713737,3.281221506767906e-05,0.0013793378602713346,0.0006464516627602279,0.00015397032257169485,7.3102328315144405e-06,7.25599022644019e-07,2.7773066335612384e-07,5.801985594189318e-07,3.3998574622273736e-08
593,0.00040895678102970123,0.001571551081724465,0.0017604727763682604,0.0001086312549887225,0.0016538826748728752,0.0024053561501204967,6.699583173030987e-05,1.4958354768168647e-05,1.4352824564412003e-06,9.046875106832886e-07,3.931875980356381e-08,7.459370863216463e-07
594,0.0012272173771634698,0.00041276589035987854,0.0005122484872117639,0.00012736710777971894,0.0005721037741750479,5.641086681862362e-05,5.480776053445879e-06,1.361435352009721e-06,2.1924224711256102e-05,2.058079360267584e-07,9.169337999992422e-08,5.001689373784757e-07
595,0.0004742301534861326,0.002331753261387348,0.0010688095353543758,0.000324553664540872,0.006866168696433306,0.000576270860619843,1.0706979992392007e-05,0.00011055494542233646,3.1397739803651348e-06,6.586849110590265e-08,3.2595312404737342e-06,2.4369023776671384e-06
596,0.0019688019528985023,0.0008877494256012142,0.00011197545973118395,1.7723083146847785e-05,0.0006683086976408958,0.0040044113993644714,2.3848251657909714e-06,4.1742743633221835e-05,1.7298798411502503e-06,2.0468304740006715e-07,6.526713036691945e-07,1.163204217391467e-07
597,0.002162512857466936,0.0005222574109211564,0.0004169779422227293,0.000788059551268816,1.920647446240764e-05,0.00025754369562491775,4.644473301596008e-05,1.7668522787062102e-06,3.991426638094708e-06,9.213613907377294e-07,3.368830903127673e-07,6.034675692490055e-08
598,0.0037662587128579617,0.0010786904022097588,8.421973325312138e-05,0.0016984499525278807,0.0001753085380187258,0.0001451114221708849,1.90165956155397e-05,3.284113063273253e-06,6.248624231375288e-06,6.910036063345615e-07,1.8360559295160783e-07,6.157227261383014e-08
599,0.0007402185583487153,0.0003377221873961389,0.0016652120975777507,0.004135868977755308,0.0006393531803041697,0.00018251266737934202,1.0131588169315364e-05,3.172272045048885e-05,1.550739398226142e-05,6.413096116375527e-07,5.566217353702996e-08,4.583598567364788e-08
600,0.0010519444476813078,0.0007572151953354478,0.0014573205262422562,0.00019835049170069396,0.001184135559014976,0.000630235590506345,1.4356827705341857e-05,5.5523864830320235e-06,2.6603243895806372e-05,9.366788162878947e-07,2.830910545981169e-07,4.3774722513489905e-08
601,0.001191422576084733,0.0013206523144617677,0.0024630140978842974,3.0996892746770754e-05,0.0013529107673093677,0.00141473941039294,1.4452473806159105e-05,4.528302088147029e-05,1.0122761295860983e-06,3.8192411011550575e-07,1.152389017988753e-06,3.458829311853151e-08
602,0.003386495169252157,0.0006259949295781553,0.00015801459085196257,0.0001332286628894508,1.4409767572942656e-05,2.69039737759158e-05,3.974213996116305e-06,5.984331437502988e-06,8.566573524149135e-05,3.5524001305020647e-06,1.267943389393622e-06,1.0223875079873324e-07
603,0.0017085261642932892,0.0012186906533315778,0.0009882579324766994,0.0002168729988625273,0.0017412288580089808,0.0012437866535037756,8.398172212764621e-05,1.3215777471486945e-05,3.844817547360435e-05,1.6447631878691027e-06,3.877495146298315e-06,2.061375425910228e-07
604,7.505429675802588e-05,0.002397919073700905,0.0028256031218916178,0.00015886081382632256,0.00011466156138340011,0.00022192869801074266,0.009756681509315968,2.7085420697403606e-06,3.455189414580673e-07,6.545611199726409e-07,6.246571047086036e-07,1.0125899763124835e-07
605,0.0019419288728386164,0.0007250296766869724,0.0009441370493732393,0.0023885115515440702,2.8852300602011383e-05,0.000873747980222106,5.9415782743599266e-05,6.207849219208583e-05,2.3855909603298642e-05,3.6097810607316205e-06,1.8726939288171707e-07,2.869679462946806e-07
606,0.0009232175652869046,0.0010553126921877265,0.0007949468563310802,0.00010607873991830274,0.0008902373956516385,0.0011376518523320556,0.0005038621020503342,4.45473961008247e-05,4.153994723310461e-06,2.154477442672942e-06,2.907914449679083e-06,3.2436733476970403e-07
607,5.1568094932008535e-05,0.0006928740767762065,0.0019540933426469564,0.00477149011567235,0.0007292532245628536,0.0010105904657393694,0.0002797969791572541,0.00024158901942428201,2.904823122662492e-05,1.7784129795472836e-06,2.0054358174093068e-05,2.5023916805366753e-07
608,0.0006158211617730558,0.001880250289104879,0.0024806582368910313,6.682452658424154e-05,0.0009603563812561333,0.0029611382633447647,2.406840940238908e-05,1.2525675629149191e-05,1.170098926195351e-06,1.2969953786523547e-06,1.6124980106724252e-07,9.245984244898864e-08
609,0.0018456074176356196,0.00179302750620991,0.0033982601016759872,0.0007654612418264151,0.0001734082616167143,0.00028684723656624556,2.0520254111033864e-05,2.998277068400057e-06,2.6426289423397975e-06,7.075846042425837e-07,4.5802423187524255e-07,4.0052089644859734e-08
610,0.0001009739498840645,0.002989456756040454,0.0037125449161976576,0.00030886888271197677,0.002009161515161395,0.00019538984633982182,0.008017266169190407,2.1318825019989163e-05,1.1673120752675459e-05,4.287481715437025e-06,2.585694574008812e-06,2.0223544652253622e-06
611,0.0004597336519509554,0.0008841103408485651,6.20500068180263e-05,2.1455660316860303e-05,0.0036967459600418806,0.00016672319907229394,1.2838087968702894e-05,3.606081008911133e-05,5.6444056099280715e-05,5.266522862257261e-07,6.544262021179748e-08,3.329154552034197e-08
612,0.0021831742487847805,0.0008707745582796633,3.413512240513228e-05,0.00024041951110120863,0.0004742220335174352,7.342542812693864e-05,5.578913260251284e-07,0.031566206365823746,6.66015353090188e-07,2.6859291324399237e-07,1.889497070806101e-06,2.65000323906861e-07
613,0.0012783241691067815,0.0007108712452463806,0.0004968753783032298,2.8516977181425318e-05,0.0004353606200311333,0.0006661239895038307,6.4413188738399185e-06,0.0015128845116123557,3.6506903597910423e-06,1.2488246738939779e-06,9.606310413801111e-07,1.969719960470684e-06
614,0.0009822080610319972,0.0010157545330002904,0.0015541743487119675,0.0034827005583792925,3.471277159405872e-05,0.004343006294220686,5.0029575504595414e-05,5.5257500207517296e-05,1.1946819540753495e-05,3.9057607637005276e-07,5.686868007614976e-07,5.939330094406614e-07
615,0.0007052076398395002,0.0023337495513260365,0.0036671271082013845,0.00041580371907912195,0.0042399195954203606,0.000352022354491055,2.3048274670145474e-05,1.064894149749307e-05,2.512502032914199e-05,3.4945783227158245e-06,2.5760607513802825e-06,2.0244810912117828e-06
616,0.000789306010119617,0.001975513994693756,0.0035113650374114513,0.002349681919440627,0.0014858382055535913,0.001779417973011732,3.274864502600394e-05,0.009070693515241146,0.0002158680435968563,4.875219929090235e-06,1.4931271834939253e-05,2.0113918708375422e-07
617,0.0010753031820058823,0.0011301859049126506,0.003530054120346904,2.384231447649654e-05,8.632476965431124e-05,7.735456165391952e-05,4.963742412655847e-06,2.2082770101405913e-06,8.582564078096766e-06,5.875063493476773e-07,1.1541563935679733e-06,4.172184020490022e-08
618,0.00057439343072474,0.0008649922092445195,0.0028430484235286713,0.0022642770782113075,1.752687785483431e-05,0.000913062714971602,9.402183422935195e-06,7.407662451441865e-06,3.4854208934120834e-05,1.3967312497698003e-06,6.689294309580873e-07,4.3901902557763606e-08
619,0.002271063160151243,0.0015557770384475589,0.003616367233917117,0.00034227708238177,0.0007037895848043263,4.5822518586646765e-05,3.0642124329460785e-05,1.1936501323361881e-05,5.144831084180623e-05,7.303375468836748e-07,1.1876982171088457e-06,9.019402682497457e-07
620,0.002260741079226136,0.001368634751997888,0.0009573683491908014,0.0004774997942149639,0.002092589857056737,0.0011721433838829398,6.348409078782424e-05,0.0003582545614335686,0.013905320316553116,0.1779048591852188,0.00017218074935954064,2.6882189558818936e-06
621,0.003067801473662257,0.00078006082912907,0.00045685062650591135,0.000125180566101335,5.6836150179151446e-05,0.0004820053291041404,5.8001241995953023e-05,1.8391519915894605e-05,0.00011101828567916527,5.203064574743621e-06,9.323488256995915e-07,4.407976632592181e-07
622,0.0015673908637836576,0.000885496090631932,0.0023004310205578804,3.616027606767602e-05,0.0012801522389054298,6.573504651896656e-05,2.4158518954209285e-06,2.4850949557730928e-05,3.8686102925566956e-05,9.285328701480466e-07,3.069804677124921e-07,7.305740723495546e-08
623,0.0010418399469926953,0.001495761564001441,0.0001875231828307733,0.0020615195389837027,0.005580635741353035,0.0005340894567780197,3.0557639547623694e-05,2.857597792171873e-05,3.595367161324248e-05,2.0991918063373305e-05,4.812540737475501e-06,1.6108183444885071e-06
624,0.0029123984277248383,0.0005500070401467383,1.8142049157177098e-05,7.953379827085882e-05,0.0014396111946552992,0.0003844333696179092,9.28468580241315e-06,2.2186184196471004e-06,0.009366460144519806,4.448191077699448e-07,1.0894237334468926e-07,2.4238079276983626e-07
625,0.0018369214376434684,0.00047684769378975034,0.00017102592391893268,1.596575020812452e-05,0.001598317176103592,2.3060036255628802e-05,2.67693121713819e-06,1.698695541563211e-06,1.015815655591723e-06,6.595010972887394e-07,2.036531157045829e-07,1.0054959176386546e-07
626,0.0007145467679947615,0.0014998001279309392,0.004771673120558262,0.004030321724712849,0.00042438763193786144,0.000775026623159647,5.102208433527267e-06,3.2328769066225505e-06,8.2036677895303e-07,2.5279284727730555e-06,2.6527172281021194e-07,1.6279288672649272e-07
627,0.00011311831622151658,0.0012207735562697053,0.0025291612837463617,0.0002457427035551518,0.00034184346441179514,0.0011711459374055266,8.461594552500173e-05,1.785560743883252e-05,9.945946658262983e-06,3.298982562682795e-07,3.547459073161008e-06,4.013056695839623e-07
628,0.0007793838740326464,0.0011294931173324585,0.0002908534079324454,0.001198875019326806,0.004464772529900074,0.00037396818515844643,0.0001212646602652967,4.534174513537437e-05,8.546552635380067e-06,4.2928659240715206e-06,3.0447260996879777e-06,5.699787948287849e-07
629,0.0020197799894958735,0.0014684598427265882,0.0020978471729904413,0.00017607706831768155,0.0005248258821666241,0.00045738942571915686,0.00015659617201890796,0.00010028022370534018,4.153133704676293e-05,3.754541467060335e-06,4.8678298298909795e-06,1.5148425518418662e-06
630,0.0012901988811790943,0.0005459521198645234,0.0011893365299329162,0.00012746408174280077,3.3696873288135976e-05,2.603350003482774e-05,1.8189640513810446e-06,1.275783415621845e-05,2.1799764908791985e-06,5.965936793472792e-07,3.14334641871028e-07,1.3936251264112798e-07
631,0.0036647114902734756,0.0009053988615050912,4.6721917897230014e-05,2.7293202947475947e-05,0.0010767512721940875,3.2062296668300405e-05,1.1323642866045702e-05,1.6120530972330016e-06,1.0374147905167774e-06,3.6333238995212014e-07,1.193309628888528e-07,6.3621790502566e-08
632,0.0007338882423937321,0.0009292209288105369,0.0004331789677962661,0.004192904103547335,0.0038517785724252462,0.002327901776880026,5.332951786840567e-06,7.240909781103255e-06,4.481031282921322e-05,1.877116773130183e-07,1.6574763606058696e-07,1.858615291894239e-06
633,8.356151374755427e-05,0.001262861187569797,0.0016093727899715304,0.0006541401380673051,0.0006537697045132518,0.0024393021594733,9.334641072200611e-05,0.01723247580230236,4.049680228490615e-06,1.2078505733370548e-06,2.2488083573080075e-07,9.62492592293529e-08
634,0.0011403620010241866,0.0008677439764142036,0.0015481251757591963,0.0006678556674160063,0.0011791555443778634,0.0008356236503459513,5.2834981033811346e-05,3.6418197851162404e-05,6.03170738031622e-05,0.0025782757438719273,8.340775252690946e-07,5.526110271603102e-07
635,0.0022069825790822506,0.0013700539711862803,0.0024122062604874372,0.0001798952289391309,0.001099505228921771,7.701390859438106e-05,1.2531242646218743e-05,2.9829147024429403e-05,1.9452409105724655e-05,1.4897775599820307e-06,2.2170243596519867e-07,1.68695009961084e-06
636,0.00044577571679838,0.00051613908726722,0.0023718327283859253,0.004311211407184601,0.00019369336951058358,0.001235257019288838,7.894417649367824e-05,1.005034391710069e-05,4.705580067820847e-06,2.4808230136841303e-07,3.341087904118467e-07,1.290752322802291e-07
637,0.0022139560896903276,0.0006612071301788092,0.002012020442634821,3.89583692594897e-05,8.663419976073783e-06,2.6960531613440253e-05,4.259262823325116e-06,3.251775751778041e-06,3.504512051222264e-06,3.445103118338011e-07,1.930018100892994e-07,4.56314552366166e-07
638,0.0033534576650708914,0.0016460182378068566,0.001000896212644875,8.69071955094114e-05,0.001280603464692831,0.002321702428162098,1.216799773828825e-05,0.0015754492487758398,9.843543921306264e-06,8.993844858196098e-06,0.12062782049179077,8.337924555235077e-07
639,0.0016610193997621536,0.0008278158493340015,0.0023988140746951103,0.0005060512921772897,7.029618427623063e-05,0.00010508748528081924,1.396802417730214e-05,1.0334486432839185e-05,1.1027936125174165e-05,1.8057177157970727e-06,2.5445254436817777e-07,1.0990564192070451e-07
640,0.0019727747421711683,0.002537098713219166,0.006906244438141584,0.00010069266136270016,6.289088923949748e-05,0.0012947424547746778,2.947674693132285e-05,3.32920863002073e-05,3.787723835557699e-05,1.2557920854305848e-06,1.3495294979293249e-06,5.713339419344265e-07
641,0.000909924041479826,0.0010756193660199642,0.0018149481620639563,0.0001434872392565012,0.00045056891394779086,0.001085212454199791,1.77174988493789e-05,0.00021430787455756217,2.6116172193724196e-06,3.1378195330944436e-07,2.0391509281125764e-07,2.818302675677842e-07
642,0.004178748931735754,0.001488241832703352,0.0008214762783609331,0.0010160293895751238,0.0007423496572300792,0.00042217798181809485,0.000239854387473315,2.5875424398691393e-05,0.00036569853546097875,1.243042333953781e-05,1.4060550483918632e-06,4.359219190064323e-07
643,0.0008747687679715455,0.0009193372679874301,0.0005187937058508396,5.131484431331046e-05,0.002798493253067136,0.00030482865986414254,7.205210749816615e-06,2.6387619072920643e-05,1.147077273344621e-05,4.0238288079308404e-07,1.6377873635065043e-06,1.0113536319522609e-07
644,0.000604106520768255,0.0020192787051200867,0.004405995365232229,0.0010039475746452808,0.0001605843281140551,0.0025674609933048487,2.7363963454263285e-05,0.00017588592891115695,1.7662805475993082e-05,9.47519947658293e-06,8.360318588529481e-07,1.1561196089360237e-07
645,0.0009610129636712372,0.0014870312297716737,3.562566053005867e-05,0.0007715420215390623,0.0016660671681165695,0.0030941965524107218,1.1849884685943834e-05,0.030689725652337074,4.301252556615509e-05,1.491012767473876e-06,9.067020982911345e-07,2.347969711991027e-07
646,0.001187644200399518,0.00181106710806489,6.522588228108361e-05,0.0006565466173924506,0.005125383846461773,0.00013732819934375584,0.0001712017838144675,3.719388405443169e-05,1.2785311810148414e-05,1.720660947057695e-07,1.6292091231662198e-07,4.5780529944750015e-07
647,3.706488496391103e-05,0.0034226812422275543,0.004683388397097588,0.00022206285211723298,0.0009391189087182283,0.0006184966769069433,0.008902059867978096,0.00025263658608309925,8.85786721482873e-06,5.044829777034465e-06,3.053161435673246e-06,2.025577941822121e-06
648,0.0013972949236631393,0.0006820351700298488,1.1238612387387548e-05,0.00012726262502837926,0.0026985909789800644,0.00016524277452845126,2.1992448182572844e-06,1.2133034033467993e-05,9.115826173911046e-07,1.5337597858433583e-07,1.565416596349678e-07,2.9357656217143813e-07
649,0.00013987862621434033,0.00019251035701017827,0.00015143296332098544,0.0038238184060901403,1.059450823959196e-05,0.004415133036673069,1.107984826376196e-05,2.212567051174119e-05,7.510845080105355e-06,2.74004321454413e-07,1.7787282047265762e-07,4.614994963958452e-08
650,0.0017928375164046884,0.0006193484296090901,0.0007558883517049253,3.28289570461493e-05,0.0013552367454394698,7.555451156804338e-05,2.5647736038081348e-05,6.28538100500009e-06,0.00427416292950511,0.07943712919950485,2.672059622454981e-07,2.6919809670289396e-07
651,0.0011894959025084972,0.0030409828759729862,0.002298992360010743,0.00017898091755341738,0.0017004678957164288,0.0074912491254508495,0.00043534868746064603,0.00015878427075222135,1.960483587026829e-06,6.459186465690436e-07,9.231683861798956e-07,1.9777563409206778e-07
652,0.0028339228592813015,0.0005502671119756997,6.094253694755025e-05,0.001328052836470306,8.665780478622764e-05,0.0005368159036152065,1.953548053279519e-05,7.954715329105966e-06,1.0627920346450992e-05,3.654483577975043e-07,3.428271213579137e-07,1.7560107323788543e-07
653,0.00142640620470047,0.0004987571737729013,0.000274376681772992,4.785686178365722e-05,0.001607654383406043,3.212922820239328e-05,7.988099241629243e-06,2.2219153834157623e-05,3.220150392735377e-05,1.045392309606541e-06,8.196801672966103e-07,4.6248624130384997e-07
654,0.0001978465006686747,0.0006289634038694203,0.001336284913122654,0.003753436030820012,2.2221842300496064e-05,0.0019268140895292163,3.894943802151829e-05,0.016913793981075287,2.196217565142433e-06,7.713335890002782e-07,1.0788016879814677e-07,1.6892167877813336e-06
655,0.00398494116961956,0.00154169462621212,0.000534971768502146,0.000735775101929903,0.00031808362109586596,0.0017203923780471087,3.094383282586932e-05,2.0992301870137453e-05,1.227505890710745e-05,2.9154803087294567e-06,7.015603955551342e-07,3.746316679098527e-07
656,0.0034969914704561234,0.0008252343977801502,4.606152288033627e-05,0.00014078797539696097,4.676721437135711e-05,1.0450817171658855e-05,4.354222710389877e-06,2.6414597869006684e-06,2.351425109736738e-06,3.7354143955781183e-07,9.392334732183372e-08,6.291740817232494e-08
657,0.001187757239677012,0.0009459995198994875,0.0026473028119653463,7.93501894804649e-05,0.0001572332694195211,0.0002654326381161809,1.6501237041666172e-05,3.5750845199800096e-06,2.2672838895232417e-06,9.060715910891304e-07,9.357037811241753e-08,1.9703824705175066e-07
658,0.001092066871933639,0.0008569287019781768,0.0004457009199541062,0.0015898362034931779,0.0035117059014737606,0.00016894149302970618,4.505599918047665e-06,6.058829512767261e-06,5.864684681000654e-06,2.7650861511574476e-07,1.0779662034110515e-06,7.615366826030368e-08
659,0.003975987434387207,0.0008607046911492944,4.522317249211483e-05,0.002722447272390127,0.00024016645329538733,0.0012571702245622873,2.050008697551675e-05,0.0002389405999565497,2.759411927399924e-06,1.8889880948336213e-06,2.6382392661616905e-06,6.872537028357328e-07
660,5.119234265293926e-05,0.0019264020957052708,0.004395815543830395,0.0037469726521521807,0.0003019249124918133,0.002265211194753647,0.00017181831935886294,6.03322041570209e-05,5.694952506019035e-06,1.4197524933479144e-06,1.1543551408976782e-05,2.6882483439294447e-07
661,0.0008478377130813897,0.0005770368152298033,0.0007911895518191159,0.00017732185369823128,0.0007701772847212851,0.0005909464089199901,9.04940243344754e-05,3.40054502885323e-05,1.001570672087837e-05,1.3878602658223826e-06,4.577233596592123e-07,8.320699862451875e-08
662,0.001078363973647356,0.0007089404389262199,0.0010273855878040195,0.0035119468811899424,0.0031146591063588858,0.0006315066129900515,8.118852565530688e-05,0.0001924837561091408,5.645826968248002e-05,0.00015905586769804358,7.2272428042197134e-06,2.8380080152601295e-07
663,0.001157420570962131,0.0009098880691453815,0.0029487814754247665,0.0008023966220207512,5.4266976803774014e-05,0.0005875217029824853,3.232611561543308e-05,1.5221209650917444e-05,4.268415068509057e-06,1.0942267181235366e-07,3.951370430854695e-08,1.0728015098493415e-07
664,0.0003788919420912862,0.0016134231118485332,0.005637824069708586,0.010657909326255322,0.0006022800225764513,0.0003279594820924103,0.000986285856924951,0.00013900209160055965,2.5538320187479258e-05,4.395435098558664e-06,1.6741674926379346e-06,8.119649237414706e-07
665,0.00020736454462166876,0.0011051895562559366,0.0027651218697428703,0.001920726615935564,0.0005801701918244362,0.000371458736481145,5.317333125276491e-05,8.228735532611609e-05,5.554955350817181e-06,1.1810268460976658e-06,1.0256051155010937e-06,1.1610895001012977e-07
666,0.0008535861852578819,0.0003897222632076591,0.0005223811604082584,0.0019829131197184324,0.001562823192216456,5.071730265626684e-05,1.5112955225049518e-06,1.208657863571716e-06,5.451543074741494e-07,3.725428427969746e-07,1.4120172409093357e-06,6.168976796061543e-08
667,0.0011847038986161351,0.0007846748339943588,0.0005731567507609725,0.0011284654028713703,0.0015117719303816557,0.0007469120901077986,7.389658549072919e-06,2.5903102141455747e-05,1.4598241477870033e-06,7.55111102535011e-08,1.0725687360491065e-07,4.110517792810242e-08
668,0.0015806390438228846,0.000920866965316236,0.001603062730282545,3.922544783563353e-05,0.0009589622495695949,0.00014528520114254206,6.991998816374689e-06,1.0217467206530273e-05,1.4756059272258426e-06,1.1813654055004008e-07,8.280240422209317e-07,4.957753318990399e-08
669,0.00030416110530495644,0.0009729116572998464,0.0006746579892933369,0.0018000185955315828,0.001323819044046104,0.004333192948251963,5.075274202681612e-06,0.00024705519899725914,4.386647560750134e-06,5.353775804906036e-07,4.704756406681554e-07,5.648059300256136e-07
670,0.0013765159528702497,0.0006637611659243703,0.000983168138191104,4.659703699871898e-05,2.97026927000843e-05,0.0007678483962081373,4.536522737907944e-06,1.1095144145656377e-05,2.432357177895028e-06,9.940833933796966e-07,1.5159420740928908e-07,4.495183603125952e-08
671,0.0014589055208489299,0.001509613124653697,0.004008285701274872,0.0002951083006337285,0.00041583090205676854,6.437760748667642e-05,7.0662126745446585e-06,1.9345645341672935e-05,2.9240188723633764e-06,7.917003017610114e-07,3.8509375599460327e-07,8.668085911267553e-07
672,0.00195630663074553,0.0010969988070428371,0.0002685135696083307,0.00012601590424310416,0.0053138877265155315,4.2895873775705695e-05,6.01064402871998e-06,5.710931418434484e-06,7.669370097573847e-05,3.0262947348091984e-07,6.193073431859375e-07,1.2523227042038343e-06
673,0.0030775265768170357,0.0006842667935416102,9.651471191318706e-05,0.0004522447125054896,0.00036839154199697077,0.00023320461332332343,7.966505108925048e-06,1.259671353182057e-05,0.00013147386198397726,1.929571953951381e-05,2.772918378468603e-06,8.579585824008973e-07
674,0.00041269350913353264,0.0004181770491413772,0.0012214301386848092,0.003118721069768071,0.00032517604995518923,0.0013979910872876644,1.9243032511440106e-05,2.2587819330510683e-05,7.253247076732805e-06,8.143325089804421e-07,5.095147912470566e-07,1.2043004460338125e-07
675,0.0008192770765163004,0.0010006144875660539,0.0008135067764669657,6.882777961436659e-05,0.0017669409280642867,0.001335485023446381,3.258075366829871e-06,0.0005503508727997541,1.5031492921480094e-06,3.04455483046695e-07,3.709953659836174e-07,5.8368165412048256e-08
676,0.00035738892620429397,0.000979086384177208,0.0008038128726184368,0.005633301567286253,7.859370816731825e-05,0.002476366003975272,0.00746871717274189,0.0002978828561026603,3.702662434079684e-05,1.6872540982149076e-06,8.678578069520881e-07,2.3289845785257057e-07
677,0.002031095791608095,0.0006281454116106033,3.9734259189572185e-05,4.881881977780722e-05,0.00203646975569427,5.320371565176174e-05,2.588436836958863e-05,5.442278052214533e-06,2.398289871052839e-05,2.8126666506977926e-07,1.9215440261177719e-07,1.342090740763524e-07
678,0.0010743685998022556,0.0005943065043538809,5.144692477188073e-05,9.926802704285365e-06,0.0025185509584844112,4.640864790417254e-05,3.956062937504612e-05,6.011175173625816e-06,7.3961350608442444e-06,1.523147489024268e-06,4.795317067873839e-07,4.368443740077055e-08
679,0.0024723345413804054,0.001717349630780518,0.0002482231066096574,0.0007916245376691222,0.00016624545969534665,0.0013276608660817146,1.444366807845654e-05,0.04058907926082611,1.769392838468775e-05,4.1993146737695497e-07,1.6918750134209404e-07,5.9223868476010466e-08
680,0.0029524334240704775,0.0004311001393944025,6.616120663238689e-05,4.566681673168205e-05,0.0001381232141284272,0.00030975803383626044,9.718021829030477e-06,5.708840490115108e-06,6.227306585060433e-05,6.35462447462487e-06,3.2639138680679025e-06,8.42349550111976e-08
681,0.0018972797552123666,0.0008545644814148545,0.0003733340709004551,0.000144415142131038,0.0021636527962982655,0.00032520221429876983,2.3310489268624224e-05,0.00023827649420127273,0.00011451502359705046,1.6111808918140014e-06,2.2928441012481926e-06,4.296800000247458e-07
682,0.0024326492566615343,0.0006972767878323793,0.0010525034740567207,0.0010765156475827098,0.0002900009567383677,0.0001261485303984955,1.927945777424611e-05,1.858853647718206e-05,0.0005365143879316747,2.8158739951322787e-05,7.308987051146687e-07,3.6966167726859567e-07
683,0.0022837717551738024,0.0005831096787005663,0.000110125336505007,2.351041439396795e-05,0.0021688651759177446,8.443429396720603e-05,1.3438190762826707e-05,9.131636761594564e-05,4.2768231651280075e-05,2.0108595890633296e-06,1.2258573178769439e-07,1.1412248568376526e-07
684,7.394566637231037e-05,0.0012819956755265594,0.002406837185844779,0.005815121345221996,0.0019368290668353438,0.001854635775089264,0.0003388888144399971,7.079963324940763e-06,4.4275207073951606e-06,1.687128587946063e-06,1.50256994402298e-06,3.8407031865972385e-07
685,0.0015447577461600304,0.0012521238531917334,0.0003120568871963769,0.0003505027561914176,0.002868512412533164,0.0009471607045270503,6.109129753895104e-05,0.0004274527891539037,3.6173958505969495e-05,4.247237029630924e-06,1.0763606042019092e-06,3.8617858422185236e-07
686,0.001314243534579873,0.0006526958895847201,0.00036796461790800095,0.0060376012697815895,0.0028915908187627792,0.00010405541979707778,0.006500984542071819,1.9474135115160607e-05,1.6710675481590442e-05,1.0019987257692264e-06,9.764727337824297e-07,1.7219741721419268e-07
687,0.0012816661037504673,0.0012079552980139852,0.0034475342836230993,5.794672324554995e-05,6.639131606789306e-05,0.0003478294238448143,1.2112278682252509e-06,9.17040688364068e-06,1.2965755331606488e-06,1.9289861938887043e-06,8.073178605627618e-07,2.949058170997887e-07
688,0.001337928231805563,0.000963058031629771,0.0001952101447386667,7.436664600390941e-05,0.0033366340212523937,0.00013014209980610758,5.529971531359479e-06,4.482100393943256e-06,5.533570219995454e-05,2.862468591047218e-07,5.053477707406273e-07,2.0223342289682478e-07
689,0.001808883622288704,0.002224803902208805,0.004415115807205439,0.00021423176804091781,0.00026162550784647465,0.0007824928616173565,5.113731458550319e-05,3.012371416843962e-05,2.845295239239931e-05,7.409799763991032e-06,1.1044759276046534e-06,5.816104931000154e-07
690,0.0017017638310790062,0.0011712810955941677,0.0006772286142222583,1.300101212109439e-05,0.002886871574446559,0.00011624887702055275,1.6852687622304074e-05,9.752234291227069e-06,9.103729098569602e-06,1.4663312413176754e-06,3.769526983887772e-07,1.555343231984807e-07
691,0.0020344939548522234,0.0007706572650931776,0.0020426292903721333,4.825675569009036e-05,2.51270776061574e-05,4.052009171573445e-05,2.705323822738137e-06,2.185155381084769e-06,5.368987785914214e-06,6.576985356332443e-07,4.2681028844526736e-07,3.407310344982761e-08
692,0.0018431080970913172,0.0008665483328513801,0.0010027614189311862,0.0022852597758173943,0.002310422947630286,0.0005471965996548533,9.094316737900954e-06,3.6880355764878914e-05,0.00016779848374426365,5.810898642266693e-07,6.444078462664038e-05,2.2280092082382907e-07
693,0.0001236304233316332,0.0013519643107429147,0.0015935470582917333,0.004434096161276102,0.001279735821299255,0.0008527516620233655,0.0001588653540238738,0.027111681178212166,1.3137590940459631e-05,9.795409141588607e-07,1.2634181985049509e-06,1.0743270451030185e-07
694,0.0017311401898041368,0.0009375421795994043,0.00018283184908796102,0.002320739906281233,0.0037151023279875517,0.0003288893785793334,6.563669739989564e-05,1.6091311408672482e-05,0.00014481967082247138,2.3854592654970475e-05,2.091468559228815e-06,8.384668603866885e-07
695,0.0013764717150479555,0.000344089581631124,0.0008223626646213233,0.0047306581400334835,0.0019788346253335476,0.0002558164414949715,2.2053607608540915e-05,4.278969208826311e-05,5.120552305015735e-05,4.80992366647115e-06,1.3449158586809062e-06,1.7264807183892117e-06
696,0.00010472418944118544,0.0016310986829921603,0.004777830559760332,0.00014475005446001887,0.00014528149040415883,0.00038389398832805455,0.00021508528152480721,7.819377788109705e-05,1.3169001249480061e-05,2.5741504941834137e-05,3.373471827217145e-06,6.08846846716915e-07
697,0.0031549143604934216,0.0008127528126351535,0.00023210370272863656,0.002632262883707881,7.189824100350961e-05,0.0020428106654435396,2.0705556380562484e-05,2.519502413633745e-05,2.0829511413467117e-06,1.4864467630104627e-06,9.914999736793106e-07,4.353731242190406e-07
698,0.0010879170149564743,0.0015602328348904848,0.004581940360367298,0.0017342222854495049,0.00033135368721559644,0.0008297477615997195,0.0007713973172940314,9.556160875945352e-06,7.708621524216142e-06,2.2388112483895384e-06,4.550247112433681e-08,1.5810255149517616e-07
699,0.0004184801073279232,0.00039544960600323975,0.000586368259973824,0.001736415084451437,0.001555051188915968,0.0007180926040746272,6.193995068315417e-05,0.00016148507711477578,2.178345312131569e-06,1.2117515097997966e-06,9.406215326634992e-07,6.180114837661677e-07
700,0.004638056270778179,0.0014604065800085664,0.0012329269666224718,0.0006401004502549767,0.0003955348511226475,0.0001199466350954026,3.153690340695903e-05,5.9607598814181983e-05,6.884882168378681e-06,4.2775471342793026e-07,2.6350285224907566e-06,8.140941076817398e-07
701,0.0017907898873090744,0.0003841825237032026,0.0008376337355002761,0.0016656327061355114,8.563423762097955e-05,9.04405751498416e-05,7.745887705823407e-05,2.7075529942521825e-05,6.205095814948436e-06,1.6470492880671372e-07,5.171598786546383e-06,1.3778775098671758e-07
702,0.0012542437762022018,0.0010442754719406366,0.00028224688139744103,1.378526121698087e-05,0.0020708604715764523,0.000869504758156836,1.767549110809341e-05,2.1623158318107016e-05,1.719538886391092e-06,7.082753086251614e-07,3.3804715826590837e-07,2.5251145174820522e-08
703,0.0020206591580063105,0.0014447381254285574,0.0011846210109069943,0.001067315461114049,0.0024135722778737545,0.0023372392170131207,3.1931151170283556e-05,0.00043368738261051476,6.203999510034919e-05,1.37256665766472e-06,9.025554390973412e-06,2.407169006346521e-07
704,0.002324341796338558,0.0007998679648153484,0.00030244176741689444,0.0002904686552938074,0.0008996894466690719,0.0008345209644176066,2.2027428713045083e-05,0.0009443708113394678,0.00014262185140978545,2.873443463613512e-06,9.180577649203769e-07,4.863401954935398e-06
705,0.0016278298571705818,0.0006909981602802873,0.0007400037720799446,0.0018274495378136635,0.00051665905630216,2.7960129955317825e-05,1.0539003596932162e-05,2.9172801077947952e-05,3.3140652249130653e-06,6.591816941181605e-07,7.637938637117259e-08,3.142381643783665e-08
706,3.313453635200858e-05,0.0021686796098947525,0.0036920923739671707,0.0018333373591303825,0.0036469686310738325,0.000708519306499511,0.0006844387971796095,3.451262818998657e-05,9.431588296138216e-06,1.234361434399034e-06,1.1035577927032136e-06,8.263946824627055e-07
707,0.0017879066290333867,0.00242577469907701,0.0066714053973555565,0.001184417400509119,0.0001262192672584206,0.0005033650086261332,1.5130094652704429e-05,1.3742484952672385e-05,4.901153442915529e-05,5.720288299926324e-06,2.256149628010462e-06,7.70963652030332e-07
708,0.0009486731141805649,0.002661901293322444,0.005089488346129656,0.006273125298321247,0.0032873819582164288,0.0013806214556097984,0.0005287345848046243,7.943386299302801e-05,2.8226104404893704e-05,1.4207745152816642e-05,2.0140960259595886e-06,2.2348423556195485e-07
709,0.00129188341088593,0.0012341449037194252,0.0004191740008536726,0.0010209415340796113,0.0031535157468169928,9.361296542920172e-05,9.521304491499905e-06,4.686140073317802e-06,6.232751729839947e-06,8.865421818882169e-07,8.650054041936528e-07,5.179987638825878e-08
710,0.001772562274709344,0.0009158664615824819,4.8776859330246225e-05,0.00017002910317387432,0.0024506046902388334,9.497607970843092e-05,2.3016807972453535e-05,6.387582288880367e-06,4.952633844368393e-06,7.558427341791685e-07,5.199318593440694e-07,1.144755472637371e-07
711,0.0017364815576002002,0.0010233854409307241,0.0034007029607892036,0.005663527641445398,4.214228829368949e-05,0.0004779743612743914,5.589290594798513e-06,1.1376026122889016e-05,4.483083102968521e-06,1.591824769775485e-07,1.4606185061438737e-07,1.4641771883816546e-07
712,0.0018832656787708402,0.0005273206043057144,0.000522681453730911,0.000818106927908957,0.00142754300031811,0.00010011737322201952,5.238948688202072e-06,9.458691238251049e-06,0.00030232244171202183,7.644275683560409e-06,9.869029327091994e-07,7.53258689201175e-07
713,0.0001689040072960779,0.0012628795811906457,0.0045987628400325775,0.009421907365322113,0.0005376970511861145,0.0012487960048019886,0.0001987845462281257,0.00037421038723550737,3.063355052290717e-06,1.4776494026591536e-05,2.3879397303971928e-06,4.7225469756995153e-07
714,4.0985600207932293e-05,0.0007275594398379326,0.00016392693214584142,0.00019336216791998595,0.001909585320390761,0.0010200890246778727,0.0002969667548313737,7.743229798506945e-05,1.2849106497014873e-05,1.7679377606327762e-07,9.326165013590071e-07,1.2214691480494366e-07
715,0.0019409647211432457,0.001657606684602797,0.0004629777977243066,0.0006157027091830969,0.0006864675669930875,0.0013872719136998057,5.6625962315592915e-05,0.022554166615009308,1.1804076166299637e-05,7.137656439226703e-07,3.579961287414335e-07,8.153220676376804e-08
716,0.001034349319525063,0.0009610909037292004,0.002254548016935587,0.0003998888423666358,0.0003108704986516386,0.0016869561513885856,7.20253046893049e-06,2.409388980595395e-05,3.130676873297489e-07,7.546233860011853e-07,2.2632471541328414e-07,1.8733754814093118e-07
717,0.0015842572320252657,0.0006391022470779717,0.001845430233515799,1.9816292478935793e-05,0.0006265696138143539,0.0003784442669712007,3.225358159397729e-05,1.5017099940450862e-05,9.293200128013268e-05,0.05457114428281784,2.512270214083401e-07,8.863271006021023e-08
718,0.0015157670713961124,0.0003748646704480052,0.0008389964932575822,0.003227488836273551,0.00012769116437993944,0.001392042264342308,8.033375706872903e-06,4.81714687339263e-06,1.7896003328132792e-06,5.002070224691124e-07,9.352394840789202e-07,1.6182005424525414e-07
719,0.0017076864605769515,0.0005336991744115949,0.0011289208196103573,2.998082163685467e-05,1.9226248696213588e-05,0.00010498701885808259,1.3812106089972076e-06,3.70200359611772e-06,5.529162990569603e-06,5.065910499979509e-07,1.334529144969565e-07,1.864641774318443e-07
720,0.0012207080144435167,0.0004585081187542528,2.8108644983149134e-05,4.895315578323789e-05,0.0017844366375356913,0.00012639243504963815,3.8034131648601033e-06,7.110677870514337e-06,1.3132994354236871e-05,4.4796212250730605e-07,3.7148751630411425e-07,1.2709836028079735e-07
721,0.0006646109977737069,0.0007151481695473194,0.0018183551728725433,0.0028517378959804773,0.0003590957203414291,0.0013910337584093213,0.00014102482236921787,0.0011554771335795522,3.523997520460398e-06,4.707113021140685e-06,2.483597199898213e-06,1.7964366350042837e-07
722,0.0024453450459986925,0.0005242230836302042,0.0002254819992231205,5.720941771869548e-05,1.9657245502457954e-05,0.0002262769703520462,1.638722324059927e-06,2.3624188543180935e-06,8.596956831752323e-06,6.629612130382156e-07,2.9696983006033406e-07,1.9263524109192076e-07
723,8.200438605854288e-05,0.00149433349724859,0.0014806976541876793,0.0005705378716811538,0.003456193720921874,0.0014565811725333333,0.00027513146051205695,1.2748007975460496e-05,2.760193638096098e-06,3.3894474427142995e-07,8.287714194921136e-07,5.0203290413719515e-08
724,0.00020441001106519252,0.0024860433768481016,0.005374061409384012,0.0018537049181759357,4.654862641473301e-05,0.002799523761495948,0.0017379571218043566,3.111483238171786e-05,3.1683750421507284e-05,6.212127573235193e-06,4.2103920350200497e-07,2.925804096776119e-07
725,1.6506228348589502e-05,0.0021321792155504227,0.004292724654078484,0.0032074006740003824,0.00014426275447476655,0.0007290900684893131,0.004226301331073046,1.379961986458511e-06,4.382282440928975e-06,2.7049719619753887e-07,2.4370643814108917e-07,2.4056282299511622e-08
726,0.0021905344910919666,0.0008798741619102657,8.965413144323975e-05,0.0001402401103405282,0.00357163161970675,5.594415415544063e-05,3.678756002045702e-06,0.006121539510786533,0.012461160309612751,1.4889858903188724e-05,8.230641128648131e-07,3.0785051308157563e-07
727,0.0024207020178437233,0.0006386769819073379,0.00010184889833908528,0.00019275605154689401,0.0004737696726806462,8.463115955237299e-05,0.00011610153160290793,0.00018133690173272043,0.00025769334752112627,5.964119736745488e-06,8.090998449006293e-07,7.503646429540822e-06
728,0.0011135723907500505,0.0012090259697288275,0.0038860670756548643,0.0027213096618652344,0.00010501404904061928,0.0015251986915245652,7.220322731882334e-05,6.93840192980133e-05,0.00017140191630460322,2.9730099413427524e-05,1.7058886214726954e-06,1.2823302313336171e-06
729,0.0011951032793149352,0.0006421892321668565,0.000941887847147882,0.002221049042418599,0.0012622178765013814,0.0006904855254106224,2.791243969113566e-05,1.370570089420653e-06,4.235387677908875e-06,4.787866600963753e-07,1.677220637930077e-07,5.5738066606636494e-08
730,9.591097477823496e-05,0.0005055767833255231,0.0014179060235619545,0.002025455702096224,0.00022602040553465486,0.0015041680308058858,1.5408922990900464e-05,1.1008401997969486e-05,6.476327598647913e-06,4.253262488873588e-07,7.966588782437611e-06,1.7653718487053993e-07
731,0.001431613927707076,0.00040357865509577096,0.00016038681496866047,5.1068622269667685e-05,0.00131438416428864,0.0005579247954301536,2.8037751690135337e-05,5.008366315450985e-06,7.674264452361967e-06,5.790261639049277e-06,4.367430790352955e-07,3.363805376466189e-07
732,0.0015245121903717518,0.0016418271698057652,0.00016270502237603068,1.1033004739147145e-05,0.004450615029782057,0.0018578845774754882,2.2869455278851092e-05,4.391786205815151e-05,7.000123332545627e-06,6.629668973801017e-07,1.717086348662633e-07,2.941439092296605e-08
733,0.0020133734215050936,0.0012139035388827324,6.298268544924213e-06,0.00016568475984968245,0.004762116353958845,2.144145400961861e-05,2.5960162020055577e-06,3.4630227219167864e-06,1.0915065331573715e-06,1.1768220247176941e-06,3.210507486528513e-07,4.133924846883019e-08
734,0.003113866550847888,0.0005423523252829909,0.0001503826497355476,4.1338491428177804e-05,0.0017413489986211061,0.00020289543317630887,2.872678578569321e-06,0.00012626107491087168,0.000456485606264323,2.281232269751854e-07,4.6885510528227314e-05,4.0129074818651134e-07
735,0.002128829248249531,0.0006032689125277102,9.288848377764225e-05,9.127442353928927e-06,0.0026064731646329165,0.0003430414362810552,3.3040214475477114e-06,6.6456782406021375e-06,0.007943478412926197,2.2431742763728835e-05,2.669857622095151e-06,9.320244487298623e-08
736,0.0032327091321349144,0.0012743526604026556,0.00046948264935053885,0.005209531169384718,0.003062274307012558,5.7923709391616285e-05,7.708724297117442e-05,0.00031979352934286,6.543854397023097e-05,1.578000774316024e-05,2.2614899535255972e-06,1.2869525107817026e-06
737,4.869200347457081e-05,0.0017059664241969585,0.002706313505768776,0.004776644054800272,0.002531222067773342,0.00017594924429431558,0.0026622270233929157,2.532116241127369e-06,7.987726462488354e-07,8.013698504782951e-08,1.6726951912460208e-07,5.7302088407595875e-08
738,0.0010078952182084322,0.0006080713937990367,0.0005063980352133512,4.358148362371139e-05,0.0012842962751165032,0.0006389382760971785,3.639130591182038e-05,4.5317905460251495e-05,7.751926204946358e-06,2.0652775845064753e-07,1.3296585166244768e-07,1.4110590029758896e-07
739,0.001792463823221624,0.0008625025511719286,0.002754626562818885,2.891354597522877e-05,0.00017686144565232098,1.0396282959845848e-05,3.9794022086425684e-06,4.717930721653829e-07,1.129863358073635e-05,1.9481351500871824e-06,1.6133926692418754e-06,1.001329952288188e-08
740,0.000165148449013941,0.0013651106273755431,0.0012016627006232738,0.007010947447270155,0.0027006352320313454,0.0017261361936107278,0.004738668445497751,5.536079697776586e-06,2.3389453417621553e-05,3.1769539532433555e-07,4.390782123664394e-06,1.0856864918196152e-07
741,0.0007553401519544423,0.001228329143486917,0.001362333190627396,1.3418941307463683e-05,0.0018201441271230578,0.001170546282082796,1.4731395822309423e-05,1.1425987395341508e-05,1.102824626286747e-06,1.4457435781878303e-07,1.7390308926223952e-07,3.9929113881953526e-07
742,0.0014194034738466144,0.0013301650760695338,0.0017894626362249255,0.0002679888275451958,0.0021650365088135004,4.2089068301720545e-05,4.0760423871688545e-05,1.165061166830128e-05,2.6791933123604394e-05,1.7465060864196857e-07,8.375860005571667e-08,2.917968515703251e-07
743,0.0011022572871297598,0.002236549975350499,0.0018824734725058079,0.003924631047993898,0.0006173374131321907,0.005919341463595629,0.00024020473938435316,0.0001812389527913183,3.688418655656278e-05,6.270607627811842e-06,1.290930754294095e-06,4.6844286316627404e-07
744,8.465231803711504e-05,0.0002164526522392407,0.00022010736574884504,7.04946942278184e-05,0.0004423458594828844,9.811558993533254e-05,1.4717563317390159e-05,3.0789793527219445e-05,5.380541097110836e-06,1.7463827362007578e-07,2.9048200644865574e-07,6.404451369235176e-08
745,0.002246827119961381,0.00041440798668190837,2.076628697977867e-05,4.243222520017298e-06,0.00018080018344335258,7.69722755649127e-05,1.5746745702927e-06,1.880771560536232e-05,3.423459202167578e-05,6.368069875861693e-07,2.68367443823081e-07,3.942510886645323e-07
746,2.3828682969906367e-05,0.0011077236849814653,0.0007046236423775554,7.043841469567269e-05,0.0016801903257146478,0.0006553129060193896,0.00012864799646195024,6.450383807532489e-06,3.5380701319809305e-06,1.7840756072473596e-07,5.016147852643371e-08,1.2859322850999888e-07
747,0.0011607580818235874,0.00027836792287416756,4.972536044078879e-05,0.00010982222738675773,2.64654172497103e-05,0.00019350837101228535,8.11830977909267e-05,1.9664270439534448e-05,1.3655970178660937e-05,1.2799065984836488e-07,5.302483145896986e-07,6.137874208889116e-08
748,2.6536034056334756e-05,0.000684799044393003,0.0008277365122921765,0.0006420091958716512,0.0016883844509720802,0.0001200892438646406,7.532705058110878e-05,1.826484913181048e-05,2.5869772798614576e-05,7.279163583007175e-07,2.3773848170094425e-06,3.183554042607284e-07
749,0.0002442634431645274,0.0002827192365657538,0.00013627001317217946,3.832627771771513e-05,0.0009709131554700434,0.0001295911642955616,1.9752907974179834e-05,1.903549491544254e-05,5.201935891818721e-06,6.426657819247339e-07,1.6417885717601166e-07,1.851664848118162e-07
750,0.0008725756779313087,0.00029237946728244424,0.00027609814424067736,0.00015948820509947836,0.0003645808610599488,0.00024029912310652435,2.892484189942479e-05,4.460032141651027e-05,8.27240728540346e-06,3.7961785892548505e-07,4.7262210500775836e-07,2.0029389702358458e-07
751,1.297262770094676e-05,0.00014433117758017033,0.0002629196096677333,1.7794476661947556e-05,0.0002664279891178012,3.929996455553919e-05,8.816270565148443e-06,1.9085426174569875e-05,2.3084000986273168e-06,2.28147496272868e-06,1.5257523955369834e-07,1.6590803397775744e-08
752,0.0007236773963086307,0.0002721833297982812,7.075167377479374e-05,2.5137574994005263e-05,3.8970185414655134e-05,0.0005833210307173431,7.109506896085804e-06,9.333483831142075e-06,1.307421007368248e-05,9.7470183391124e-07,1.2414764682944224e-07,8.030354337051904e-08
753,7.187937444541603e-05,0.0007309846114367247,0.001110685640014708,5.952345600235276e-05,0.0008139353012666106,0.0004029695992358029,0.00013801197928842157,3.960602953156922e-06,7.611181445099646e-06,1.263199038703533e-07,1.2388946402097645e-07,2.9536838752619587e-08
754,0.0007931857835501432,0.00026720159803517163,3.31481387547683e-05,9.171287820208818e-05,0.00023641472216695547,0.00011364265810698271,1.0134684998774901e-05,2.4432072223135037e-06,1.4161717444949318e-05,4.099589432371431e-07,5.57741600459849e-07,2.721102632108341e-08
755,0.0007377146976068616,0.0006222429219633341,0.00019772324594669044,1.9218319721403532e-05,0.0013554844772443175,0.00014079362154006958,9.37310960580362e-06,2.4145094357663766e-05,1.778154341991467e-06,7.575645781798812e-07,6.534324938911595e-07,5.8679933800931394e-08
756,0.0003978298918809742,0.0004395462165120989,9.781578410184011e-05,5.502825297298841e-05,0.001205622567795217,5.5322372645605356e-05,1.3759786270384211e-05,4.346264177002013e-06,1.302801592828473e-06,8.541630336367234e-07,3.7627586380040157e-08,1.0890619961401171e-07
757,0.0005083541618660092,0.0002458364178892225,5.600519216386601e-05,4.286015609977767e-05,0.0007153465994633734,2.4809271053527482e-05,1.578904630150646e-05,4.533497849479318e-05,1.2584681826410815e-05,3.74481658127479e-07,2.3760169653996854e-07,8.813043450572877e-08
758,6.237532943487167e-06,0.0017368488479405642,0.00011606621410464868,0.0002959931152872741,3.847705556836445e-06,2.302303255419247e-05,0.008699008263647556,1.4986582755227573e-05,2.391597945461399e-06,6.217828740773257e-08,6.870104130030086e-08,1.8382910127456853e-07
759,0.0008282761555165052,0.0004085141117684543,2.6193829398835078e-05,0.0002962987055070698,0.001019492861814797,0.000328044785419479,0.00011410610022721812,2.8145154828962404e-06,9.727258293423802e-05,6.742920959368348e-07,7.198932507890277e-07,3.991808839032274e-08
760,1.5343056247729692e-06,0.0012066566850990057,0.0018060640431940556,0.00015606333909090608,0.0002155659458367154,0.00038893241435289383,0.001562348217703402,2.5966096472984646e-06,1.3120719586368068e-06,2.415241624476039e-06,5.165119318917277e-07,1.0709891284932382e-07
761,0.0014393216697499156,0.0016304010059684515,0.0017663866747170687,4.5325548853725195e-05,0.0005412950995378196,0.0011878334917128086,4.469710256671533e-05,7.701465619902592e-06,1.2705332665063906e-05,2.5857042373900185e-07,5.197330779083131e-07,5.7542383302688904e-08
762,0.0011601984733715653,0.0002199907467002049,8.823412645142525e-05,3.1032355764182284e-05,3.728175215655938e-05,5.231466639088467e-05,1.1514688594616018e-05,1.271415749215521e-05,3.7013521136941563e-07,7.703866913288948e-07,9.165543701783463e-08,1.1155690060604684e-07
763,0.00021048732742201537,0.0009380049305036664,8.722491656953935e-06,1.167289065051591e-05,0.0036627687513828278,0.0004380523751024157,3.4708700695773587e-06,3.2635066418151837e-06,1.9663857528939843e-06,4.363578227639664e-07,2.8509973049040127e-07,7.480686008420889e-07
764,3.813083822024055e-05,0.0016731023788452148,0.001405647723004222,5.9342390159145e-05,0.002791093895211816,0.0013291689101606607,0.00011235343845328316,3.7902464100625366e-05,1.2211079365442856e-06,6.392457976289734e-07,1.3375296248341328e-07,2.9628417053118028e-08
765,0.00048763270024210215,0.00016643675917293876,0.00021719704091083258,0.00022729152988176793,0.00012764679559040815,8.888736192602664e-05,1.809464447433129e-05,8.659270861244295e-06,6.369449238263769e-06,2.012718823607429e-06,2.267970273805986e-07,3.000266346475655e-08
766,1.1457664186309557e-05,0.001463188324123621,0.0004955317708663642,6.103923806222156e-05,2.5911325792549178e-05,9.500075975665823e-06,0.006937068421393633,8.151406291290186e-06,3.208389784958854e-07,1.5779976081375935e-07,8.744355284306948e-08,3.610152887745244e-08
767,0.001145250746048987,0.0004217071982566267,1.8377813830738887e-05,0.00011942192941205576,0.0019992224406450987,0.00015270030417013913,7.998817636689637e-06,2.0008368665003218e-05,1.4744166946911719e-05,1.2430298284016317e-06,4.3069474031653954e-07,5.267605018843824e-08
768,9.079292067326605e-05,0.0010838678572326899,0.00234154867939651,0.0005136289400979877,1.945475560205523e-05,0.00036623753840103745,7.201785592769738e-06,7.863540304242633e-06,3.076697339565726e-06,5.562925053936851e-08,5.920584840168885e-07,2.0910515274863428e-07
769,0.001455870340578258,0.00042468906030990183,0.00012548259110189974,7.7621562013519e-06,0.0006124091451056302,0.0002236351720057428,4.423829523148015e-05,1.774188240233343e-05,7.084192020556657e-06,4.4186327841089224e-07,5.20182368290989e-07,3.448758434387855e-07
770,6.665981345577165e-05,0.00019342692394275218,7.8302196925506e-05,0.00018022424774244428,4.513175372267142e-05,0.0003824162995442748,8.248453923442867e-06,9.973244232241996e-06,7.783267392369453e-06,6.143493465060601e-07,1.6901090305054822e-07,4.377877260708374e-08
771,0.001147707225754857,0.0004896636819466949,6.621460670430679e-06,2.6536874884186545e-06,0.0015339147066697478,2.4284570827148855e-05,5.77477612750954e-06,2.6727009299065685e-06,1.1987093785137404e-05,5.535287641578179e-07,3.0949914275879564e-07,1.3559775879912195e-07
772,0.0010523786768317223,0.0001735747791826725,3.216624463675544e-05,0.0001147268048953265,7.911957072792575e-05,8.544550655642524e-05,8.130620699375868e-06,2.5879051463562064e-05,1.7218222637893632e-05,8.854353836795781e-07,1.6174898576082342e-07,2.6825205168279354e-08
773,1.863649799815903e-06,0.0009601042256690562,0.001713777077384293,2.135424620064441e-05,0.0001490348222432658,8.880834502633661e-05,0.00011452659964561462,8.517235073668417e-06,7.618756171723362e-06,2.4929849473664945e-07,3.254426133025845e-07,9.618621987783627e-08
774,2.2171570890350267e-05,0.0008350253337994218,0.001255823764950037,0.00013983812823425978,0.0007134730112738907,0.00026275982963852584,5.252946721157059e-06,0.00012084112677257508,1.5711571904830635e-05,4.417225625275023e-07,1.974379983948893e-07,1.2492840539835015e-07
775,0.00010490301792742684,0.0004976214258931577,0.00018016426474787295,8.320258348248899e-05,0.0012875903630629182,0.00034688375308178365,1.117633655667305e-05,1.615392102394253e-05,3.259348432038678e-06,3.2660349802426936e-07,1.828121867220034e-07,2.39458529449621e-07
776,0.00026656166301108897,0.0003649303689599037,0.0002524973242543638,1.301492375205271e-05,0.0007873082649894059,0.0004229355836287141,2.5338682462461293e-05,1.9262781279394403e-05,1.8640344933373854e-05,1.7482366274634842e-06,1.733108661028382e-07,1.0574532893770083e-07
777,0.00016628712182864547,0.00021669905981980264,3.024394391104579e-05,0.00012868450721725821,0.00020099572429899126,0.0010372719261795282,1.5079489458003081e-05,5.395426796894753e-06,3.2145474051503697e-06,2.3389407033391763e-07,1.0211260104142639e-07,6.733278468118442e-08
778,2.1415515220724046e-05,0.0021358607336878777,0.0013750737998634577,0.0034284249413758516,7.741733497823589e-06,3.994200233137235e-05,0.008053423836827278,2.5491954147582874e-06,3.85162479688006e-07,1.6321199325375346e-07,3.2038261821298875e-08,1.238544484749582e-07
779,6.587980897165835e-05,0.0003688790602609515,0.00026067596627399325,0.00012578483438119292,0.0007492261938750744,0.00027964022592641413,1.2084784430044238e-05,8.572040428589389e-07,5.3370404202723876e-06,3.64644165529171e-07,5.099547593090392e-07,6.248151152021819e-08
780,0.0001478741323808208,5.737672472605482e-05,0.0002174101391574368,0.00036534073296934366,1.0768529136839788e-05,0.00010768087668111548,8.205122867366299e-06,6.329599273158237e-05,4.607534719980322e-06,2.6104120820491516e-07,1.660349369103642e-07,5.2634629099657104e-08
781,0.0003410971548873931,0.0004952695453539491,0.0002711498527787626,2.971830326714553e-05,0.0013215200742706656,9.15183118195273e-05,8.574810635764152e-06,1.31480521758931e-06,7.964052201714367e-06,3.984930287970201e-07,3.6323825725048664e-07,1.1067852057067284e-07
782,0.0019809056539088488,0.0005879185628145933,3.685183764901012e-05,9.356373084301595e-06,1.355151198367821e-05,0.00015408518083859235,1.708981812953425e-06,1.706023908809584e-06,8.257987360593688e-07,7.837927000764466e-07,1.4923669766631065e-07,8.146024299549026e-08
783,3.8136709918035194e-05,0.0011223594192415476,0.0007125638076104224,0.00031082285568118095,0.00034658482763916254,0.00010934333113254979,0.0032460668589919806,8.22849506221246e-06,3.425067461648723e-06,3.2333886679225543e-07,1.9713132815013523e-07,3.261339642790517e-08
784,0.0008750620181672275,0.0002981539291795343,4.0023503970587626e-05,6.926646165084094e-05,8.589580829720944e-05,3.964396455558017e-05,3.887326784024481e-06,1.4868524885969236e-05,3.268384170951322e-05,6.25836321432871e-07,2.892438430990296e-07,1.0710709119621242e-07
785,0.0007718006381765008,0.00038644784945063293,8.58810162753798e-05,0.0002420692762825638,0.00188848574180156,0.00024403509451076388,2.0973116988898255e-05,2.842337744368706e-05,4.992557933292119e-06,1.217399244524131e-06,1.6522068335689255e-07,5.338664550436079e-07
786,0.0001145198693848215,0.0003209382703062147,0.0005518306279554963,0.000670072971843183,0.00041835461161099374,4.6308305172715336e-05,4.019554398837499e-05,3.989316610386595e-05,1.4557612303178757e-05,1.040180706013416e-07,2.177037572437257e-07,1.365274755471546e-07
787,0.0013749353820458055,0.0005554253584705293,6.89975349814631e-05,2.1369709429563954e-05,0.002437177114188671,4.848657772527076e-05,1.0310631296306383e-05,2.2932467800274026e-06,8.754444934311323e-06,2.663124121227156e-07,2.930833716163761e-06,9.915937226878668e-08
788,8.650839299662039e-05,0.0015941597521305084,0.0037414112593978643,0.003193625947460532,0.00022427784278988838,0.0005870735622011125,0.0005193210090510547,6.77643038216047e-05,1.5017157238617074e-05,6.824609499744838e-07,6.271785082390124e-07,2.6256848286720924e-05
789,3.317594018881209e-05,0.0007667835452593863,8.083802094915882e-05,4.359798913355917e-05,0.003294587368145585,0.00013660633703693748,2.3563712602481246e-05,1.6861192762007704e-06,1.1150373211421538e-06,2.9388831990218023e-07,4.933143600283074e-07,3.175053819859386e-08
790,2.5931822165148333e-05,0.0007396469591185451,0.0006698988727293909,0.0003590168198570609,0.0019138515926897526,9.395613597007468e-05,1.5538909792667255e-05,2.3179964045993984e-05,1.4003644537297077e-05,2.510309514036635e-06,8.183222632851539e-08,3.5576096024669823e-07
791,0.0011076756054535508,0.0002890706527978182,0.0001920145150506869,2.7328978831064887e-05,7.171601464506239e-05,0.00011856938363052905,7.048572115309071e-06,2.5218043901986675e-06,2.807731470966246e-05,1.1924223599635297e-06,1.2471524257762212e-07,1.4158429451072152e-07
792,0.001266557490453124,0.00031869864324107766,5.026121925766347e-06,0.00016677813255228102,0.00019057643658015877,7.863602513680235e-05,1.598060180185712e-06,2.3121124286262784e-06,9.193996447720565e-06,1.6053135709626076e-07,7.10136873749434e-07,6.927194107220203e-08
793,0.0008424424449913204,0.0004524320247583091,3.7262873320287326e-06,3.8984275306575e-05,0.0028774160891771317,1.2002724361082073e-05,5.875409101463447e-07,4.258173248672392e-06,1.9233266357332468e-05,6.732311703672167e-07,2.7618787044048076e-06,4.598160074920088e-08
794,0.0013375644339248538,0.000535692204721272,0.0003525794600136578,7.159877714002505e-05,5.746888928115368e-05,3.1235849746735767e-05,6.253819265111815e-06,4.882345820078626e-06,7.079133411025396e-06,1.094835852200049e-06,4.0375843468609673e-07,1.5429229449637205e-07
795,3.637245390564203e-05,0.0009119214373640716,0.0018453404773026705,0.00028052329435013235,5.2576874622900505e-06,0.0002570314973127097,4.604762216331437e-05,7.455821560142795e-06,1.0015583029598929e-05,1.3153845657143393e-07,1.4856544794383808e-07,1.3585896851964208e-07
796,3.234244650229812e-05,0.0004723682068288326,0.001003282144665718,0.00014218682190403342,0.0010228781029582024,0.0006037756684236228,2.4602872144896537e-05,1.0712261655498878e-06,4.896198788628681e-06,1.6860091989201464e-08,6.580422251545315e-08,3.3103365382203265e-08
797,0.0006219587521627545,0.00036157589056529105,8.10949204606004e-05,0.00018561733304522932,0.0004390134708955884,6.775582733098418e-05,1.844018515839707e-05,2.351435432501603e-05,5.4444251873064786e-05,8.971048970352058e-08,7.999740319064585e-07,2.9791462452521955e-07
798,0.0004635239311028272,0.0006736563518643379,0.0005132902879267931,0.00018364367133472115,8.056723163463175e-05,0.0014757163589820266,2.3921316824271344e-05,2.0776385554199805e-06,1.962900796570466e-06,2.8944185714863124e-07,5.74307591705292e-07,1.8812361446407522e-08
799,0.00023797288304194808,0.00021566399664152414,4.3412506784079596e-05,0.00024344530538655818,0.0007593185873702168,0.0010246852179989219,1.3699686860491056e-05,7.91647908044979e-05,1.75952027348103e-05,1.2217917344514717e-07,1.281113668483158e-07,2.0536779743451916e-07
800,0.00022666466247756034,0.0010260931449010968,0.0011028831358999014,0.000558522529900074,0.0009852289222180843,0.0014977267710492015,0.0001670688798185438,7.394153271889081e-06,2.5562358132447116e-06,4.413267618019745e-07,1.2797239890005585e-07,5.70787733522593e-07
801,0.0010347021743655205,0.00037616086774505675,8.932151104090735e-05,7.811356772435829e-05,7.252433533722069e-06,0.000979843782261014,1.6204821804421954e-05,9.757006409927271e-06,6.068938091630116e-06,2.81754182651639e-07,1.570346626067476e-07,1.9127318395817383e-08
802,3.453471799730323e-05,0.0017807047115638852,0.0019172464963048697,0.001269665313884616,2.6376508685643785e-05,3.415282117202878e-05,0.007269142661243677,1.2745284038828686e-05,2.8278604986553546e-06,4.982079531146155e-07,7.101436949596973e-07,3.65459698059567e-08
803,0.0006585859810002148,0.00032479577930644155,9.018537821248174e-05,8.730115223443136e-05,0.0007212316268123686,0.00046628087875433266,1.5090473425516393e-05,7.519661266996991e-06,9.262696039513685e-06,6.816329118919384e-07,2.1318282961146906e-06,1.647178038410857e-07
804,5.411868914961815e-05,0.0008418970974162221,0.001270801993086934,0.00014615764666814357,0.0008617639541625977,0.0003441989829298109,7.582639227621257e-05,1.0348718205932528e-05,4.6544901124434546e-06,6.004414103699673e-07,4.146549414940637e-08,2.4118040187204315e-07
805,0.0002890589239541441,0.00041495452751405537,0.0010285513708367944,7.04082558513619e-05,0.00030723540112376213,0.00031107169343158603,4.0818016714183614e-05,8.977387551567517e-06,5.224584356255946e-07,5.10882074422625e-08,4.659134944517973e-08,1.9943623641438535e-08
806,0.0003035664849448949,0.0002599188592284918,1.9542727386578918e-05,0.00028600491350516677,0.0018018106929957867,2.8487213057815097e-05,4.276724939700216e-05,1.0601974281598814e-05,2.781741386570502e-06,1.8278047946296283e-06,1.1116575251435279e-06,2.9314318794604333e-07
807,0.0004019280895590782,0.00016107133706100285,0.00040129153057932854,0.00032922689570114017,0.0004941020160913467,1.4584019481844734e-05,9.416119610250462e-06,1.9062126739299856e-05,1.3610757605420076e-06,1.8632231046922243e-07,6.10901285114096e-09,3.487719624217789e-08
808,0.0005722558707930148,0.00023557149688713253,4.0242026443593204e-05,0.0003351501654833555,5.722519290429773e-06,0.0003851657675113529,1.6379295630031265e-05,1.3608467270387337e-05,3.0994885946711292e-06,3.217224957552389e-07,6.071858820178022e-07,1.9865331069013337e-07
809,0.0006225436227396131,0.00035077257780358195,0.00038014096207916737,1.8301750969840214e-05,0.00026424560928717256,0.00018450651259627193,1.2677559425355867e-05,1.0175905117648654e-05,6.31632428849116e-05,1.4127473946246027e-07,1.2995413953831303e-06,2.219037185113848e-07
810,0.00029179430566728115,0.0003311996697448194,0.0004277273255866021,0.0001626614248380065,0.0006743894191458821,0.00013752499944530427,7.319719316001283e-06,2.488896825525444e-05,9.139926078205463e-06,5.533867692975036e-07,2.110111410047466e-07,1.9443497478732752e-07
811,0.0013757689157500863,0.00030522936140187085,6.524146556330379e-06,7.547769928351045e-05,0.0005602285382337868,5.157883424544707e-05,2.8090112209611107e-06,4.586897830449743e-06,9.062980097951367e-06,3.00531951324956e-07,1.5323625746077596e-07,3.11369028338504e-08
812,0.0001250097411684692,0.0010613558115437627,0.002250323072075844,0.000639204285107553,8.67969574755989e-05,0.0004158358206041157,7.204550638562068e-05,3.766256213566521e-06,9.332001695838699e-07,1.645482399226239e-07,1.2229229184868018e-07,3.414479365915213e-08
813,8.71176234795712e-05,0.0002715105074457824,9.801252599572763e-05,0.00012356975639704615,0.0008520359406247735,0.0001720186701277271,3.637799454736523e-05,1.9983282982138917e-05,3.0981589134171372e-06,1.8755420683191915e-07,1.691747542054145e-07,1.036547487842654e-07
814,0.0006798749091103673,0.00022349153005052358,1.0798466064443346e-05,5.2397754188859835e-05,3.985841976827942e-05,3.72617068933323e-05,1.790792703104671e-05,1.6797908983789966e-06,4.527436431089882e-06,1.229951891446035e-07,1.312522783791792e-07,8.190062850133017e-09
815,0.0001780726743163541,0.00047447753604501486,0.0009981440380215645,0.00021746456332039088,0.00028840001323260367,0.00028146468685008585,3.510618262225762e-05,3.37466444761958e-05,8.453936970909126e-06,1.1995396107522538e-06,3.7705015643041406e-07,4.935513402415381e-07
816,0.0007700799033045769,0.00022047190577723086,0.00014284932694863528,2.8100133931729943e-05,3.7474901546374895e-06,8.986354805529118e-05,1.7797352484194562e-05,1.63405820785556e-05,7.442565674864454e-06,1.740652237458562e-06,1.4216323052096413e-06,1.0896987845399053e-07
817,0.00018473986710887402,0.00037383666494861245,0.00029534733039326966,2.0780867998837493e-05,0.0001395023864461109,0.0014939348911866546,9.304470040660817e-06,1.729950054141227e-05,1.66232143783418e-06,2.6081946202793915e-07,1.4358757027821412e-07,1.2213421030082827e-07
818,0.0010888029355555773,0.000287392147583887,0.0001913095620693639,0.00018189172260463238,0.0003236230695620179,6.33164745522663e-05,3.68648034054786e-05,7.826778301023296e-07,3.915424258593703e-06,9.647565093473531e-07,2.1540046191148576e-07,2.2110892672344562e-08
819,4.935880497214384e-06,0.0008764771046116948,0.0013699501287192106,0.0006312893819995224,4.6306387957884e-05,0.0001330959639744833,0.0014995867386460304,6.156373274279758e-06,9.391479807163705e-07,9.823679647524841e-07,1.735938326419273e-06,1.0613209155962977e-07
820,0.0005251768161542714,0.0003658361092675477,9.165867231786251e-05,1.2751622307405341e-05,0.001098015927709639,0.0002105265302816406,1.0865514013858046e-05,2.3015131773718167e-06,0.03625106066465378,2.8496506843112e-07,2.738095759013959e-07,2.422017075787153e-07
821,0.000261320878053084,0.0009516450227238238,6.533330451929942e-05,0.00012780757970176637,0.003800831502303481,0.00013485750241670758,3.496736826491542e-05,7.042515335342614e-06,7.583901606267318e-06,1.8881387120472937e-07,8.3851318777306e-06,1.3447505864405684e-07
822,7.099893991835415e-05,0.00037809638888575137,0.000657983124256134,0.00013947331171948463,0.00012385055015329272,0.00011938925308641046,0.0001016290407278575,1.0193747584708035e-05,7.398801699309843e-06,5.222779009272926e-07,1.108328319787688e-06,1.925374348843434e-08
823,4.200731200398877e-05,0.00023298582527786493,0.0004612356424331665,0.00018588481179904193,8.421106031164527e-05,0.0002462054544594139,0.00012497343413997442,2.1989391825627536e-05,1.085420990420971e-05,2.4751039973125444e-07,1.5642794437553675e-07,1.4908955847658945e-07
824,0.0007130701560527086,0.0010356231359764934,0.0007829640526324511,5.914357097935863e-05,0.0025001224130392075,0.0004352878895588219,0.0001150731259258464,2.2626432837569155e-05,1.853954017860815e-05,1.6900150967558147e-07,1.7238446048395417e-07,1.0924218685204323e-07
825,0.0008857367793098092,0.00039585374179296196,0.00018687744159251451,0.00012501247692853212,6.567429954884574e-05,2.7311156372888945e-05,8.526365490979515e-06,1.3008399264435866e-06,8.91358868102543e-05,1.6127689832501346e-06,9.160891067949706e-07,7.418786651669507e-08
826,0.00014726088556926697,0.0005243276827968657,2.3375556338578463e-05,1.3655630027642474e-05,0.0024307286366820335,1.3755142390436959e-05,7.248426118167117e-05,3.120551264146343e-05,6.69285918775131e-06,4.423840209710761e-07,7.288891197276826e-07,5.1630415498493676e-08
827,2.1948766516288742e-05,0.0009258128702640533,0.0013898784527555108,0.00016312040679622442,0.0002964517043437809,0.0005373439635150135,8.984662417788059e-05,3.248468419769779e-05,5.534248430194566e-06,1.4869686992824427e-06,1.0001348726973447e-07,2.805035137498635e-07
828,0.00034367485204711556,0.0002605251793283969,1.8404676666250452e-05,3.342301715747453e-05,0.0013129857834428549,0.0002412048343103379,8.951247764343861e-06,1.841934135882184e-05,2.3001011868473142e-05,2.220157000465406e-07,1.331359982259528e-07,5.7829002031439813e-08
829,0.0004226749297231436,0.0004358388832770288,0.0008511813939549029,1.71845022123307e-05,0.00010069242853205651,0.0001985580165637657,2.8709491743938997e-05,4.55247436548234e-06,1.2848200640291907e-05,3.6151124049865757e-07,3.079992154653155e-07,3.1785621246172013e-08
830,0.0015525593189522624,0.0004710686334874481,5.035701542510651e-05,0.00012616398453246802,0.0002265903603984043,0.00019070525013376027,3.744480636669323e-05,7.926858961582184e-05,8.529359911335632e-05,1.0874248346226523e-06,6.292940497587551e-07,3.5158603850504733e-07
831,0.0002213378611486405,0.0008751534041948617,0.00010145264968741685,5.9817572036990896e-05,0.003580264048650861,9.885165491141379e-05,0.00014516802912112325,2.016322105191648e-05,1.4970212760090362e-05,2.1548113693370397e-07,1.0930731377811753e-06,6.195188717583733e-08
832,0.0004179601965006441,0.000847731891553849,1.570670065120794e-05,0.0001440765190636739,0.0034623993560671806,3.580610064091161e-05,2.625805791467428e-06,7.4780036811716855e-06,4.70978284283774e-06,2.0360232610983076e-07,5.108489062877197e-07,1.0670375871768556e-07
833,0.00021637069585267454,0.00065540277864784,0.0014062749687582254,0.0002183314791182056,0.00014048509183339775,0.00030048261396586895,1.586664075148292e-05,5.0240050768479705e-05,1.2979321581951808e-05,4.187405409084022e-07,2.8897969173158344e-07,3.6656186352956865e-07
834,0.0006219001952558756,0.000254510814556852,0.000476761837489903,7.479956548195332e-05,0.00042737944750115275,9.29605303099379e-05,1.8239814380649477e-05,1.0497791663510725e-05,2.394548801021301e-06,8.331069523137558e-08,4.0025545899879944e-07,2.5381481805197836e-07
835,0.0011539257830008864,0.00038262110319919884,4.901930424239254e-06,5.0781767640728503e-05,3.055484194192104e-05,5.4825013648951426e-05,2.275405677210074e-06,4.363811513030669e-06,1.6766161934356205e-05,5.722238256566925e-07,1.7958873854695412e-07,6.354314763257207e-08
836,5.666086508426815e-05,0.0003192692529410124,0.0009322687401436269,0.0008469682652503252,9.980159666156396e-05,0.00012802917626686394,3.336618829052895e-05,6.05635113970493e-06,2.039825176325394e-06,2.925095543560019e-07,1.2066794852216844e-07,9.179650106716508e-08
837,0.00015079518198035657,0.00020761016639880836,0.0004017742467112839,0.0003935665590688586,2.5661303880042396e-05,0.00010562493116594851,2.5040348191396333e-05,4.252666258253157e-06,3.6678950436908053e-06,3.8451818795692816e-07,1.6086443110907567e-07,1.1035863423103365e-07
838,0.00021611075499095023,0.0013124581892043352,0.0033939038403332233,0.002681948710232973,4.4254877138882875e-05,0.0001725045294733718,0.00017240075976587832,3.730706521309912e-05,2.955872332677245e-06,2.1545113781940017e-07,7.369049370709035e-08,0.26262837648391724
839,6.65714469505474e-05,0.0007985056145116687,0.00024633840075694025,0.0003050037194043398,0.0016077897744253278,0.00025359910796396434,4.670755151892081e-05,4.883330620941706e-05,1.6593562577327248e-06,3.719184178407886e-07,5.928720838710433e-07,2.618786076880042e-08
840,0.0008376660407520831,0.00026542789419181645,0.00014526337326969951,4.976860509486869e-05,0.001213410054333508,0.0001958535285666585,2.639592366904253e-06,8.026354407775216e-06,0.02543368935585022,7.447290073514523e-08,3.355921194270195e-07,5.352148377824051e-07
841,0.00017292622942477465,0.00015686103142797947,4.220345726935193e-05,5.041304393671453e-05,0.0004931371076963842,5.5948286899365485e-05,6.429063432733528e-06,1.3909716471971478e-05,1.0195234608545434e-05,4.441633336682571e-07,1.3694415201825905e-07,8.057902789460059e-08
842,0.0005115808453410864,0.0009093222324736416,0.0008273906423710287,0.0005739193875342607,0.0012825035955756903,0.0003978785825893283,6.122620561654912e-06,2.880144620576175e-06,9.701613635115791e-06,1.2044790764775826e-06,1.7511415251192375e-07,1.5680099352266552e-07
843,4.324042038206244e-06,0.0010118980426341295,0.0006165276863612235,6.139314064057544e-05,0.002147999592125416,0.0001269255590159446,0.00035037065390497446,1.159815838036593e-06,6.8508829826896545e-06,6.046199700904253e-07,4.765387870975246e-07,5.334033517101489e-07
844,8.18195185274817e-05,0.0014420453226193786,0.0032173781655728817,0.0017312450800091028,0.00160734704695642,0.00011816796904895455,2.907462840084918e-05,8.226439604186453e-06,5.455227437778376e-06,2.1661641369519202e-07,3.134215020850206e-08,1.21912876238639e-07
845,6.669065624009818e-05,0.00019753986271098256,0.0005383322713896632,1.813646304071881e-05,0.000551768986042589,0.00013998035865370184,1.9378427168703638e-05,4.3777108658105135e-05,7.391988674498862e-06,3.811178146406746e-07,6.075895271351328e-07,4.400120090508608e-08
846,0.0009669364080764353,0.00029244861798360944,9.528580994810909e-05,2.6733518097898923e-05,9.947259241016582e-05,0.00013356331328395754,4.7039757191669196e-05,1.7319267499260604e-05,1.1756038475141395e-05,2.1483087664364575e-07,5.675276426586606e-08,1.7902949878134677e-07
847,1.2487080311984755e-05,0.0027339833322912455,0.00035532639594748616,0.00014312910207081586,5.724514267058112e-05,6.309144373517483e-05,0.014104588888585567,2.291556711497833e-06,9.260288607038092e-07,2.9642194476764416e-07,4.7019710791573743e-07,8.676786364958389e-07
848,3.616750746004982e-06,0.0009426457691006362,0.0007535277400165796,0.0001202430939883925,0.001250906498171389,4.828225792152807e-05,2.3205197066999972e-05,6.183227924339008e-06,1.0448017064845772e-06,3.4349955058132764e-07,1.730010836809015e-07,2.4939254217315465e-08
849,0.0009868164779618382,0.0002874055353458971,7.192090561147779e-05,0.000255408143857494,0.000931817980017513,1.0134709555131849e-05,1.1174211067555007e-05,3.2866915717022493e-05,1.839422111515887e-06,8.736149936794391e-08,6.62769934933749e-07,8.95437395342924e-08
850,1.620499460841529e-05,0.0004031053395010531,0.0005827771965414286,0.0003341615083627403,0.00017103944264817983,0.0001360808382742107,3.387445394764654e-05,7.185301001300104e-06,7.1194308475242e-06,1.8409988342682482e-06,7.621995479212273e-08,2.7010857550635592e-08
851,1.2771907677233685e-05,0.000785690383054316,0.0010582064278423786,7.414958963636309e-05,0.00035014754394069314,0.00013551319716498256,0.00023538201639894396,9.58548753260402e-06,1.8515896726967185e-07,1.2809813654257596e-07,1.954064998699323e-07,6.584375711327084e-08
852,2.9577080567833036e-05,0.0018992122495546937,0.00020586543541867286,5.2461877203313634e-05,7.566613203380257e-05,5.110406709718518e-05,0.009867020882666111,3.1742467854201095e-06,2.038751517829951e-06,2.3720178887742804e-07,2.753285457401944e-07,3.3934306031824235e-08
853,0.0004905600799247622,0.00029588930192403495,0.00012426220928318799,3.707396535901353e-05,0.0003195313038304448,8.870707097230479e-05,2.4137023501680233e-05,1.0854458196263295e-05,2.7219994080951437e-06,8.942763543018373e-07,1.1205391814428367e-07,2.8616076619414343e-08
854,0.0013206676812842488,0.0006434202077798545,0.0002259074099129066,3.123144051642157e-05,0.0006692491588182747,9.868394408840686e-05,3.407530675758608e-05,7.024576188996434e-05,4.401633304951247e-06,2.6646480932868144e-07,4.2985024606423394e-07,1.3761035688730772e-07
855,0.0005745839443989098,0.0002468183811288327,0.0001676761166891083,2.039836545009166e-05,1.869317020464223e-05,2.7721502192434855e-05,2.735357838901109e-06,2.0902364212815883e-06,4.908501409772725e-07,1.8571029158920282e-07,4.1323517052660463e-07,1.2549715222576197e-07
856,0.0012039693538099527,0.00040340860141441226,5.822086222906364e-06,4.360507591627538e-05,0.0011690292740240693,1.8741768144536763e-05,2.2819640435045585e-05,3.1956603834260022e-06,3.6841949622612447e-05,1.8109612653915974e-07,1.564551013188975e-07,1.3266269149880827e-07
857,0.0008463738486170769,0.0003860268334392458,0.00011652154353214428,0.00032500113593414426,0.00013208409654907882,0.0004329103685449809,5.061880438006483e-05,3.587301398511045e-05,2.4394473712163744e-06,1.53153723658761e-06,4.172072181063413e-07,5.333867747481236e-08
858,7.605968858115375e-05,0.0019462562631815672,0.0007747281924821436,0.0003922467876691371,0.002004210837185383,0.0002581540320534259,0.007502307649701834,5.978729404887417e-06,4.924396853311919e-05,1.5004165732079855e-07,2.362201030337019e-07,1.831368621196816e-07
859,0.0003299670643173158,0.0003104788775090128,0.0005482134874910116,0.0001409912802046165,0.0010476208990439773,1.4703520719194785e-05,3.470638330327347e-05,2.3493967091781087e-06,9.139987014350481e-06,2.2593687276639685e-07,5.441423809315893e-07,3.380239732564405e-08
860,5.537495599128306e-05,0.00011423724936321378,0.00029160291887819767,0.00011859551159432158,0.00017573182412888855,0.0001191063056467101,1.8013275621342473e-05,2.0577222130668815e-06,1.2745954336423893e-05,7.53618252247179e-08,8.527792516588306e-08,1.586198123959548e-07
861,0.0003038844733964652,0.0004600650572683662,0.0004181489930488169,5.393067476688884e-05,0.0005865376442670822,0.0011586759937927127,1.4437967365665827e-05,5.752649940404808e-06,2.897806371038314e-05,1.0388864666310837e-06,7.616339416927076e-07,6.521607076592773e-08
862,0.0008506784215569496,0.0002259868779219687,4.25678190367762e-05,0.0005174556281417608,0.00010377758735558018,7.207949238363653e-05,8.563876690459438e-06,2.9418392841762397e-06,4.766775236930698e-05,9.782399956748122e-08,3.8543214486708166e-07,6.173772959527923e-08
863,0.0017382698133587837,0.0007054097950458527,4.44709621660877e-05,0.0004002486530225724,0.0001464571978431195,0.0007927001570351422,3.3232668101845775e-06,1.221769161929842e-05,0.001590984989888966,3.755954480766377e-07,4.110946974833496e-06,1.1798398702467239e-07
864,3.456128979451023e-05,0.0017614909447729588,0.0007541053928434849,0.00028500513872131705,0.003693082369863987,5.091053753858432e-05,5.749964839196764e-05,2.1765076780866366e-06,1.2293819509068271e-06,2.7756809117818193e-07,4.168898612988414e-07,1.454320113225549e-07
865,0.0003551151603460312,0.00018567686493042856,0.00010298947745468467,0.000132011336972937,0.0005266002845019102,0.0002982450823765248,2.456093170621898e-05,2.717649840633385e-05,7.038231706246734e-05,1.3540786767407553e-06,4.6473815018543974e-07,3.534159986884333e-08
866,0.0005218111909925938,0.00018323436961509287,2.9576807719422504e-05,1.93431133084232e-05,0.0001613781350897625,0.00029628159245476127,1.4590767023037188e-05,2.2841710233478807e-05,6.629486506426474e-06,1.1472260439404636e-06,1.852762352427817e-07,2.73607980716406e-07
867,4.4921307562617585e-06,0.0005489939940162003,0.0003054423723369837,7.782213288010098e-06,0.001433936064131558,6.955662684049457e-05,1.83748961717356e-05,2.3241178496391512e-05,8.437035035058216e-07,1.6223293641814962e-07,1.4738357378973888e-07,1.8214768715552054e-07
868,7.068074773997068e-05,0.0010573032777756453,0.0012681292137131095,4.901124702882953e-05,0.0005527287139557302,0.0018039160640910268,0.00010498031770111993,2.9756822186755016e-05,3.2465486583532766e-05,2.4273330723190156e-07,2.520895918678434e-07,5.9573665112111485e-08
869,0.00044159882236272097,0.0003757214290089905,4.887965405941941e-05,1.0572766768746078e-05,0.0014576136600226164,9.825365850701928e-05,2.909848262788728e-05,6.8697318056365475e-06,1.1403626558603719e-05,4.4451718395066564e-07,1.169790948551963e-06,7.49753752415927e-08
870,1.3686296369996853e-05,0.0015339077217504382,0.002170085906982422,3.0366747523657978e-05,6.47145279799588e-05,5.098117617308162e-05,0.0041416846215724945,3.2549560273764655e-06,2.053121534117963e-06,3.482961687950592e-07,5.579099848773694e-08,2.4391889041908144e-07
871,0.0008778809569776058,0.0003090901591349393,1.800524660211522e-05,3.65495216101408e-05,0.0008249867241829634,4.7626366722397506e-05,2.3341863197856583e-06,3.6300334613770247e-06,9.140301699517295e-06,1.2723575082418392e-07,1.6119246026846668e-07,3.8227324239414884e-07
872,1.0505974387342576e-05,0.001239982433617115,0.001289474661462009,0.0007475614547729492,0.0014701464679092169,0.0010528973070904613,3.204278618795797e-05,9.02933425095398e-06,7.481837656087009e-07,2.946724748653651e-07,1.0887846428886405e-06,5.755275367391732e-08
873,0.00030929603963159025,0.0006707980646751821,0.0003982850757893175,0.0023900086525827646,0.001992481295019388,0.00029123475542292,6.457384642999386e-06,4.371000159153482e-06,3.103882875166164e-07,1.810830099202576e-07,5.129806268655557e-08,5.083669307737182e-08
874,0.001003535813651979,0.0002719093463383615,6.3296347434516065e-06,0.000136207090690732,0.0018036863766610622,3.898187424056232e-05,2.687216237973189e-06,5.097965185996145e-06,0.02050330676138401,1.1540469131432474e-06,2.042271717073163e-06,1.909824732138077e-06
875,0.00043539059697650373,0.0001897365291370079,0.00018732422904577106,4.8759258788777515e-05,2.417539872112684e-05,0.00020689304801635444,2.2477566744782962e-05,5.5891396186780185e-06,2.2141384761198424e-05,5.548527610699239e-07,1.1955679610764491e-06,8.119747008095146e-08
876,9.940641575667541e-06,0.002299766754731536,0.00047770445235073566,0.0003510409442242235,0.00011962625285377726,0.0003971884725615382,0.012597018852829933,1.0018772627518047e-05,2.8365793696139008e-06,3.0910075565770967e-07,5.91366074331745e-07,8.138449061334541e-07
877,0.0007256155950017273,0.0009928601793944836,0.0007487263646908104,0.0012085268972441554,0.00010081840446218848,0.00017789496632758528,2.3548584067611955e-05,9.799437066249084e-06,2.4526152628823183e-06,3.769551142340788e-07,7.25704808246519e-07,2.7551060099995084e-08
878,0.0009278166107833385,0.0005130901117809117,6.845111784059554e-06,2.030554060183931e-05,0.0020995652303099632,4.807272034668131e-06,2.2703021386405453e-05,1.2524290468718391e-05,2.6764682843349874e-06,2.1074178846447467e-07,4.175004050921416e-06,3.652248636853983e-08
879,0.00031886465149000287,0.00017373240552842617,0.00029423151863738894,5.4176824050955474e-05,9.631220018491149e-05,0.00020908232545480132,4.572360558086075e-05,1.3068851330899633e-05,3.330283288960345e-05,6.461053203565825e-07,2.8819837893934164e-07,8.386255245795837e-08
880,0.0002906612935476005,0.00046422731247730553,0.00022082724899519235,0.0002048122842097655,0.0013472284190356731,0.00020987013704143465,1.5599489415762946e-05,2.8545293389470316e-05,1.5123611774470191e-05,3.0600878631048545e-07,3.52303089812267e-07,1.8236599430565548e-07
881,6.783772550988942e-05,0.00036990150692872703,0.00037983368383720517,0.00010942266817437485,0.0010496024042367935,4.5670847612200305e-05,3.2782500056782737e-06,6.283835682552308e-05,7.736467523500323e-06,9.1818435521418e-07,4.0090910147227987e-07,5.206869104767975e-07
882,0.00036227720556780696,0.0002570053329691291,0.0008553598308935761,0.0002805091207846999,5.4520696721738204e-05,3.6803859984502196e-05,1.5568954040645622e-05,1.31334199977573e-05,5.939114544162294e-06,2.7157426529811346e-07,3.327541548969748e-07,2.484354411080858e-08
883,0.00033653812715783715,0.0003001206205226481,8.183414320228621e-05,3.9766782720107585e-05,0.00044722427264787257,0.000566815841011703,1.21653047244763e-05,2.169359322579112e-05,3.7705972317780834e-06,3.416821314772278e-08,9.615066431933883e-08,1.3881059146569896e-07
884,0.0005684900679625571,0.00036255281884223223,0.00025725539308041334,2.5192353859893046e-05,0.0009994626743718982,0.00011972017819061875,0.00019986274128314108,2.7016218155040406e-05,3.342932131999987e-06,3.9334446455541183e-07,6.293366254794819e-07,7.15599810519052e-07
885,0.0007987131830304861,0.0005096788518130779,2.9126204026397318e-05,2.546295218053274e-05,0.0026797764003276825,0.00031690055038779974,1.8019942217506468e-05,2.9880636702728225e-06,2.3755641450406983e-05,1.928897745528957e-06,2.410273509667604e-07,6.241819505703461e-08
886,0.001570737105794251,0.00033955014077946544,2.7894517188542522e-05,2.9047992939013056e-05,4.97514265589416e-05,0.00012748838344123214,3.296318755019456e-05,1.0079956155095715e-05,0.00010743482562247664,7.352945772254316e-07,8.463950962322997e-07,2.2154786449846142e-07
887,0.0010260286508128047,0.00027903204318135977,9.793115896172822e-05,2.2611176973441616e-05,7.935544999781996e-05,5.6270419008797035e-05,2.084995003315271e-06,2.117846452165395e-05,1.4354501217894722e-05,8.775570847774361e-08,4.079711573012901e-07,9.744847062620465e-08
888,0.00013334884715732187,0.00013848801609128714,0.00010608870798023418,2.296445018146187e-05,5.907769809709862e-05,0.0004809502570424229,1.0093672244693153e-05,2.0437575585674495e-05,4.825648829864804e-06,1.1841418654512381e-06,2.0874820449989784e-07,5.918810188632051e-07
889,0.0006394542288035154,0.00026422046357765794,0.00018713527242653072,0.0001327128120465204,0.0006761375116184354,8.984957821667194e-05,5.348550257622264e-05,4.77794383186847e-05,5.592541128862649e-06,1.10415226117766e-06,4.210251347558369e-07,1.497476205258863e-07
890,0.000271271332167089,0.0002001014945562929,8.780368079897016e-05,4.207526217214763e-05,0.0006555903237313032,5.9257621614960954e-05,3.27723246300593e-05,8.289458492072299e-06,4.470693056646269e-06,2.0614837126231578e-07,1.247016712113691e-07,3.071298237955489e-08
891,0.0009874406969174743,0.0005269151297397912,0.0006001561996527016,8.338277984876186e-05,0.00025762917357496917,3.1098541512619704e-05,2.1417576135718264e-05,3.33801654051058e-06,3.3590931707294658e-06,2.065568196485401e-06,2.045395035565889e-07,4.5373752755040186e-08
892,2.6693234758567996e-05,0.0009712918545119464,0.0023487540893256664,0.0028209250885993242,0.00015152414562180638,0.00012286892160773277,0.00025559993810020387,1.071103611138824e-06,3.4839713407563977e-06,5.842223416152592e-08,7.688122138915787e-08,4.2693002910709765e-08
893,0.0004877065366599709,0.00018873992667067796,0.0001423635840183124,0.00013320161087904125,0.00011866480781463906,5.610732841887511e-05,2.2214117052499205e-05,2.2022725261194864e-06,6.72336182105937e-06,1.69621216628002e-07,7.859265593879172e-08,5.726613849788009e-08
894,0.00023615153622813523,0.00042917573591694236,3.9544185710838065e-05,6.571614358108491e-05,0.0020406560506671667,0.0003116246371064335,3.4496562875574455e-05,2.7738046810554806e-06,6.288894383033039e-06,5.649098397952912e-07,2.2585984993384045e-07,3.411968236832763e-07
895,0.001064696116372943,0.0003159764164593071,2.0898942239000462e-05,4.253776933182962e-05,0.0003347631136421114,2.053336902463343e-05,1.670274832576979e-05,1.2595957741723396e-05,4.317872935644118e-06,4.392248627027584e-07,5.716191822102701e-07,9.570209869025348e-08
896,8.540278940927237e-05,0.00016192843031603843,0.0002555008395574987,0.00015430113126058131,0.0006878888234496117,8.55668040458113e-05,8.46591228764737e-06,1.042843268805882e-05,2.8619174372579437e-06,6.583460958609066e-07,2.2603738614179747e-07,7.448938532661487e-08
897,0.001159533392637968,0.000556723796762526,0.0003164585796184838,0.00013296706310939044,0.00010330864461138844,0.00017086225852835923,0.0001008518593152985,1.2890234756923746e-05,8.74459437909536e-05,4.4003613197673985e-07,1.3158185083739227e-06,5.320618612358885e-08
898,0.0007090404396876693,0.0002873351622838527,3.913151886081323e-05,1.0938567356788553e-05,0.001038657152093947,5.244036947260611e-05,4.569195880321786e-06,8.563106348447036e-06,2.317226244485937e-05,4.491583993626591e-08,9.081104224151204e-08,6.100828642274791e-08
899,1.9976947442046367e-05,0.0016785949701443315,0.0008031272445805371,0.00022363121388480067,0.0003321506956126541,0.00026622010045684874,0.007642202079296112,2.1704994651372544e-05,2.7120986487716436e-06,1.087936198018724e-06,7.34333767127282e-08,1.5811507125818025e-07
900,4.654321674024686e-05,0.00040143239311873913,0.0007503765518777072,0.0002836138883139938,5.2561434131348506e-05,0.00012698816135525703,0.0002320501080248505,2.0818928533117287e-05,1.6024594060581876e-06,2.2947101285808458e-07,1.9718163457582705e-06,3.4422654948684794e-07
901,6.196852609718917e-06,0.0005537113174796104,0.0005885608261451125,0.0002437100774841383,0.00035259276046417654,0.0004408737877383828,1.6037618479458615e-05,1.6308875956383417e-06,9.616063607609249e-07,7.419405392283807e-07,1.154775191025692e-06,7.441461491453083e-08
902,0.00032193565857596695,0.0001934620668180287,0.00018330970488023013,0.00014146612375043333,0.0009006710606627166,0.00015469887875951827,2.6642303055268712e-05,2.2041953343432397e-05,2.2385070224117953e-06,1.6465357077777298e-07,3.3031457746801607e-07,2.2203996863368047e-08
903,0.0005526313907466829,0.00041327104554511607,1.6088546544779092e-05,2.301379936398007e-05,0.0016516116447746754,1.576119029778056e-05,1.4677651961392257e-05,7.944943718030117e-06,1.389391218253877e-05,2.2627693851973163e-07,2.56947782872885e-06,6.755868042773727e-08
904,0.0004400016041472554,0.00019997183699160814,0.00018983196059707552,5.654943743138574e-05,0.00022873410489410162,0.00026807456742972136,5.3441806812770665e-05,7.976547749422025e-06,3.1486947591474745e-06,7.171995264343423e-08,5.854035975971783e-07,9.127239053441372e-08
905,0.0006547127268277109,0.0002732413122430444,4.59128241345752e-05,5.110879283165559e-05,0.0008029404561966658,0.00021919533901382238,1.9407279978622682e-05,5.675873035215773e-05,1.9542378595360788e-06,1.3331889192613744e-07,2.549045348132495e-07,1.8623828168529144e-07
906,0.0008663451299071312,0.00035897467751055956,5.192668686504476e-05,9.080875315703452e-06,0.0011353300651535392,7.160766108427197e-05,6.556040716532152e-06,5.982260518067051e-06,1.8764260403258959e-06,1.3084837746646372e-06,5.35355354713829e-07,1.0012359297206785e-07
907,0.0017641508020460606,0.0003569968685042113,1.031701140163932e-05,4.991519745090045e-06,7.650189218111336e-06,9.508863513474353e-06,5.6838534874259494e-06,5.665272965416079e-06,5.4547331274079625e-06,8.687347019531444e-08,2.7997401730317506e-08,2.7738773056285027e-08
908,0.0005055729998275638,0.0009427549666725099,0.0007562271784991026,7.64865762903355e-05,0.0015044519677758217,9.318092634202912e-05,1.5732703104731627e-05,1.3150439372111578e-05,6.65959169054986e-06,2.9875764084863476e-07,6.022153797857754e-07,8.946948071297811e-08
909,0.0006085145869292319,0.00026019729557447135,2.5329694835818373e-05,0.00021315818594302982,0.0004926989204250276,0.0011960911797359586,3.122086855000816e-05,5.261884325591382e-06,2.4212331481976435e-05,1.7310118494151538e-07,4.5334994069889945e-07,7.725964934479634e-08
910,0.0003438971471041441,0.0003929752856492996,0.00033566716592758894,0.00016307264741044492,0.0004820434842258692,0.000343281397363171,4.924977838527411e-05,2.3753887944621965e-05,5.760115527664311e-06,7.033504090259157e-08,4.282201189198531e-07,4.15836858280727e-08
911,7.821559847798198e-05,0.0013263167347759008,0.00019975967006757855,0.00017756852321326733,6.811715138610452e-05,0.00045137241249904037,0.006579149980098009,4.08305786550045e-05,7.306524821615312e-06,5.447039939099341e-07,8.195636382879457e-07,2.3746387967094051e-07
912,7.361050666077062e-05,0.00019077319302596152,8.297920430777594e-05,5.0010159611701965e-05,3.936994471587241e-05,0.00021004963491577655,1.0832529369508848e-05,9.909400432661641e-06,2.6591019377519842e-06,6.20855303168355e-07,7.575876281862293e-08,9.324609351324398e-08
913,0.0011178168933838606,0.0003721408429555595,0.00011478404485387728,6.93522160872817e-05,0.00011575836106203496,1.4989526789577212e-05,2.8973527150810696e-06,9.592455899110064e-05,4.0880608139559627e-05,2.7256764951744117e-06,4.087492868620757e-07,1.4203760656528175e-07
914,2.1273868696880527e-05,0.0010179857490584254,0.001453098375350237,4.474059824133292e-05,0.00018424654263071716,0.00019920575141441077,0.001073465682566166,3.28751275446848e-06,2.401404799456941e-06,3.46057305478098e-07,4.4654748876382655e-07,1.9835022158076754e-07
915,7.495943282265216e-05,6.841728463768959e-05,0.00017120392294600606,0.00012434828386176378,3.768468741327524e-05,0.00022298769908957183,2.1153139186935732e-06,2.971286676256568e-06,1.4514354234052007e-06,1.5639925265986676e-07,7.152087988515632e-08,1.0418615659091301e-07
916,3.18645361403469e-05,0.00027207614039070904,0.00039568328065797687,6.186506652738899e-05,0.0002277622406836599,0.000350144604453817,3.901319360011257e-05,3.674748950288631e-05,5.610733637695375e-07,4.7657451318627864e-07,2.3151426375989104e-07,1.707356211966271e-08
917,0.0005864033591933548,0.0002963417209684849,8.641046406410169e-06,1.4145483874017373e-05,0.0015721226809546351,4.189208266325295e-05,1.7656604995863745e-06,2.7215089630772127e-06,1.8976081264554523e-05,1.527188032923732e-06,4.6837649847475404e-07,1.311330066755545e-07
918,8.657763828523457e-05,0.0024627784732729197,0.0008816606132313609,0.00012278645590413362,0.002190256956964731,0.0012665048707276583,0.00856245681643486,3.9392257349391e-06,6.448818226090225e-07,4.799744033334719e-07,2.1889894696869305e-07,2.5434425765524793e-07
919,0.0002508769975975156,0.0003195159079041332,0.0001464040542487055,0.0002222424664068967,0.0019281798740848899,4.344796252553351e-05,0.0001706536568235606,2.0566296370816417e-05,5.998642518534325e-05,1.8086149111695704e-06,4.493082883527677e-07,5.06445644532505e-07
920,0.00016371312085539103,0.000680095050483942,5.4722528147976846e-05,9.06195509742247e-06,0.0034380333963781595,1.1546825589903165e-05,1.4665296248494997e-06,2.009449644901906e-06,5.741137556469766e-07,1.739556978463952e-06,8.717980222172628e-07,4.383429441645603e-08
921,0.0001003534416668117,0.0003106821677647531,8.863523544277996e-05,5.310116830514744e-05,0.0009214900201186538,0.0007985240081325173,1.8054637621389702e-05,1.6150738701981027e-06,4.896156497125048e-06,6.418952125386568e-07,1.564192899650152e-07,1.4588979801999358e-08
922,0.0015052289236336946,0.0004956952761858702,5.517754743777914e-06,3.220918733859435e-05,0.00033126192283816636,0.00012154856813140213,7.602775895065861e-06,8.449012057099026e-06,0.00024179510364774615,5.188182399251673e-07,9.631494890527392e-08,2.6458430113507347e-08
923,0.000790645251981914,0.0003472180396784097,9.211285214405507e-05,3.67390712199267e-05,0.0007949532009661198,0.00018526954227127135,8.63458353705937e-06,1.1765661838580854e-05,5.5139917094493285e-06,4.86448016090435e-07,1.300390124470141e-07,4.740046932738551e-08
924,3.26335612044204e-05,0.00036482876748777926,0.0002249793615192175,0.00021159453899599612,0.00046027364442124963,0.0010396530851721764,0.00015717624046374112,3.85328421543818e-05,9.665671313996427e-06,5.635146180793527e-07,1.4954871119243762e-07,2.636618745555097e-08
925,7.933893357403576e-05,0.0010875733569264412,0.001560212578624487,1.5818313841009513e-05,0.00046507560182362795,0.0008327073883265257,0.0009452387457713485,7.351607109740144e-06,1.2800208423868753e-05,1.794318507108983e-07,8.545699188289291e-07,4.029397189242445e-07
926,0.000816850399132818,0.000883455912116915,0.00010688401380321011,0.00014325720258057117,0.0018881694413721561,0.00011267244553891942,1.3364847291086335e-05,2.851684484994621e-06,1.6385163689847104e-05,1.461395555679701e-07,4.185083355423558e-07,1.1168043378972925e-08
927,6.384301377693191e-05,0.0008492284105159342,0.0006498443544842303,4.918815102428198e-05,0.0024362860713154078,0.00039471781929023564,4.969675137544982e-05,2.3791977582732216e-05,1.0050104719994124e-05,4.839723715122091e-07,1.7390185576005024e-06,3.903252832060389e-08
928,4.9083544581662863e-05,0.000617542362306267,0.0009370850748382509,0.000510438927449286,0.00032648886553943157,0.0004887930699624121,2.7955968107562512e-05,1.6541818013138254e-06,1.1864219231938478e-05,6.595740842385567e-07,5.842413202117314e-07,1.7969034260545413e-08
929,0.0009609722765162587,0.0007869055261835456,0.00016405868518631905,3.3851683838292956e-05,0.0013514207676053047,0.0001289673091378063,9.164132279693149e-06,1.6196163414861076e-05,1.7761342405719915e-06,1.914924041557242e-06,3.313585921205231e-07,3.26500725122969e-07
930,7.698054832872003e-05,0.0007631195476278663,0.001131103839725256,3.516843935358338e-05,0.0008755783783271909,0.0008170953951776028,6.609511183341965e-05,1.476987836213084e-05,1.795297748685698e-06,1.049574962053157e-06,1.2617385891644517e-06,1.3820941546782706e-07
931,0.0005517290555872023,0.00024075002875179052,0.00014879061200190336,1.242901726072887e-05,0.00034670723835006356,5.479717947309837e-05,8.743433681956958e-06,1.5342096958192997e-05,3.610151179600507e-05,9.082526162274007e-07,3.306402618363791e-08,2.396408262939076e-07
932,2.309853516635485e-05,0.0011515304213389754,0.0008923565619625151,0.00025927097885869443,0.0002855176280718297,2.3526257791672833e-05,0.004049905575811863,1.699292624834925e-05,1.5658685015296214e-06,2.5949233872779587e-07,5.387277113300115e-08,4.535108644176944e-08
933,0.00018438392726238817,0.000505814969073981,0.0005491884076036513,0.0002819651272147894,0.0005005324492231011,0.0009979464812204242,1.2233943380124401e-05,7.659969924134202e-06,3.2319364891009172e-06,3.9060438439264544e-07,3.997572548541939e-07,2.7219956066915074e-08
934,0.0012346822768449783,0.0008906384464353323,0.00011917618394363672,0.0005323825171217322,0.0011278846068307757,4.135866402066313e-05,1.9975515897385776e-05,1.9303155568195507e-05,1.4423400898522232e-05,3.9312732269536355e-07,2.55949572647296e-07,0.3482377827167511
935,0.001240975921973586,0.00023735396098345518,2.574269092292525e-05,0.00014126289170235395,2.2076577806728892e-05,6.953500269446522e-05,7.0068940658529755e-06,5.545686690311413e-06,1.7233602193300612e-05,2.882771354961733e-07,9.977998871590898e-08,4.9611163177587514e-08
936,5.398435678216629e-05,0.0012688222341239452,0.002112280111759901,0.0010756520787253976,0.00011851947056129575,3.976116931880824e-05,0.0014422255335375667,1.0555847438808996e-05,8.033770768633985e-07,1.1214212918275734e-06,2.1717976039781206e-07,2.0632440111967298e-07
937,1.9823281036224216e-05,0.0017554041696712375,0.0013959398493170738,0.00014435026969294995,0.001122499699704349,0.000885601679328829,0.0052139973267912865,2.259093162138015e-05,1.0809440027514938e-05,2.278624151585973e-06,2.8994506351409655e-07,7.279222558054244e-08
938,0.0011245824862271547,0.0004219714319333434,0.00030386829166673124,2.4548930014134385e-05,0.00020477065118029714,0.000255845719948411,1.182614937533799e-06,1.1366808394086547e-05,0.00012974273704458028,1.394991926417788e-07,1.6976370886823133e-07,4.196630243313848e-08
939,0.0007200789405032992,0.00022450109827332199,0.00012620723282452673,5.569180939346552e-05,0.00015629487461410463,0.0001634227082831785,1.3616039723274298e-05,3.2220486900769174e-05,2.4846280211932026e-05,5.42103464340471e-07,3.5793570418718446e-07,2.419716565782437e-06
940,0.00013633309572469443,0.0016763330204412341,0.0031525602098554373,0.0007563633262179792,0.00013445554941426963,0.0007589220767840743,0.00037780817365273833,3.203001688234508e-05,2.300639607710764e-06,1.4654463029728504e-06,7.127058410105747e-08,3.585167007713608e-07
941,0.00028676941292360425,0.000536349369212985,0.00023996212985366583,0.0008385663386434317,0.0014226281782612205,0.00017130539345089346,0.00010923649824690074,1.041459745465545e-05,3.72137151316565e-07,7.23654693501885e-07,1.9402234840981691e-07,1.294650502359218e-07
942,0.00029058201471343637,0.0002788034325931221,0.00023198359122034162,6.326598668238148e-05,0.0011603526072576642,0.000436484842794016,0.00025788939092308283,7.567740249214694e-05,3.3150907256640494e-05,2.171292408092995e-06,2.5358698962918425e-07,1.3058901515705656e-07
943,0.00029692318639717996,0.0006862933514639735,0.0006787946913391352,1.4500054021482356e-05,0.0011321945348754525,0.00010915646271314472,9.414332453161478e-05,2.227231789220241e-06,1.5329000007113791e-06,1.5386273162221187e-06,3.532066727984784e-07,1.4481211962902307e-07
944,0.00032272515818476677,0.00026397270266897976,0.00010881181515287608,0.0004988244618289173,0.0016631954349577427,0.00023425334075000137,1.6541091099497862e-05,1.6722864529583603e-05,5.54513098904863e-06,2.8139305641161627e-07,3.856391685985727e-07,4.238816231350029e-08
945,0.0012856799876317382,0.0002683197963051498,2.211014179920312e-05,7.833632844267413e-05,3.459481831669109e-06,9.764117749000434e-06,9.182040230371058e-06,5.410591256804764e-06,2.3184647943708114e-06,9.702829828484028e-08,5.457227985061763e-07,1.299529230891494e-07
946,0.0003486892965156585,0.00024035468231886625,3.577002644306049e-05,1.9910667106159963e-05,0.0012996556470170617,9.812167991185561e-05,1.2542397598735988e-05,5.311399036145303e-06,0.00012232849257998168,5.354215772968018e-07,3.397422858597565e-07,1.8710150584411167e-07
947,0.0006153471185825765,0.00031455460703000426,3.556925730663352e-05,0.00040815750253386796,0.0025094475131481886,3.910702798748389e-05,5.048687307862565e-05,7.439038654410979e-06,2.1361462131608278e-05,1.625503387003846e-06,1.373025270368089e-06,4.6387384600166115e-08
948,1.8361524780630134e-05,0.0011562315048649907,0.0015917455311864614,0.0011749404948204756,0.00025609839940443635,0.000312932301312685,0.001557821873575449,1.2418573760442086e-06,2.5180261218338273e-06,8.417549111072731e-07,1.843442305471399e-07,1.0006288420072451e-07
949,0.001963831717148423,0.00042000075336545706,5.2269660955062136e-05,3.824795567197725e-05,5.069919097877573e-06,7.479575288016349e-05,3.610283602029085e-05,5.371276984078577e-06,6.965550710447133e-05,3.304064080111857e-07,9.295995084812603e-08,5.584400142311097e-08
950,0.0008678922313265502,0.00038449198473244905,8.091395102383103e-06,1.7159160051960498e-05,0.002089032204821706,2.3876904378994368e-05,7.187654318840941e-06,4.227966201142408e-06,1.9719800548045896e-06,4.212553449178813e-06,9.966576897113555e-08,7.357901665727695e-08
951,5.126963515067473e-05,0.00020265945931896567,7.093013118719682e-05,0.00015161922783590853,0.000525679555721581,0.0002453249762766063,3.8029054849175736e-05,2.4482067601638846e-05,2.912809759436641e-05,1.3532917364500463e-07,1.6408077954110922e-06,4.5850174501538277e-07
952,7.52649866626598e-05,0.0004491207655519247,0.0005821092636324465,4.3479030864546075e-05,0.000692287867423147,7.205086876638234e-05,1.0021080015576445e-05,1.5357438314822502e-05,2.1319219740689732e-06,1.1674311508613755e-06,1.1690821821730424e-07,1.55009530544703e-07
953,3.3868385798996314e-05,0.0032961578108370304,0.00012204413360450417,0.0004227369208820164,3.463147731963545e-05,6.336701335385442e-05,0.01797199249267578,3.953246778110042e-05,1.6385031358367996e-06,3.3053061088139657e-07,2.1061962343082996e-06,1.2401035576203867e-07
954,4.7609169996576384e-05,0.00234019267372787,0.0006726611172780395,0.00011366145918145776,0.0058767665177583694,0.00021525764896068722,0.00043510893010534346,1.483081177866552e-05,2.4265047613880597e-05,3.279610609752126e-06,1.2818800314562395e-05,4.928034513795865e-07
955,2.3508064259658568e-05,0.001764811109751463,0.0003051780804526061,5.538848927244544e-05,0.00032207733602263033,4.135261042392813e-05,0.007842079736292362,2.098357435897924e-05,3.8007578950782772e-06,5.619958187708107e-07,6.599915423066705e-07,1.930385451487382e-07
956,1.2069157492078375e-05,0.000541165703907609,0.000581681146286428,7.198434468591586e-05,0.00020993089128751308,0.0008491833577863872,0.0001467377442168072,3.374200969119556e-05,8.013095680325932e-07,5.149348680788535e-07,1.9389341332498589e-07,3.276670383911551e-07
957,0.000844449270516634,0.0004983830731362104,1.1185193216078915e-05,2.0712666810140945e-05,0.0021026490721851587,1.1322891623422038e-05,1.6334985275534564e-06,3.642229557954124e-06,2.918544623753405e-06,6.990956080699107e-07,4.518232969985547e-07,2.74123777899149e-07
958,0.0003515327407512814,0.0002957294345833361,0.00017567284521646798,4.951459413859993e-05,0.0010355447884649038,0.00039982839371077716,1.0386922440375201e-05,1.4527627172356006e-05,3.700959041452734e-06,2.863233135030896e-07,4.348578670487768e-07,8.995243661047425e-08
959,0.0001596457586856559,0.00044812523992732167,0.00037580286152660847,3.978021049988456e-05,0.0008858414948917925,0.00044042288209311664,5.42343950655777e-05,4.851428911933908e-06,2.0754084744112333e-06,1.2228158539073775e-06,5.600148256235116e-07,4.679003779983759e-07
960,0.0002879756211768836,0.0015557346632704139,0.001560947042889893,0.0005975149688310921,0.0013174150371924043,0.0023400469217449427,0.0008551594219170511,6.5086924223578535e-06,1.3480697589329793e-06,1.405512222163452e-07,4.746411264022754e-07,4.010506771123801e-08
