spot_id,CD14 Mono,CD4 Naive,CD8 Naive,CD4 TCM,CD16 Mono,NK,CD8 TEM_1,CD8 TEM_2,Intermediate B,Memory B,CD4 TEM,cDC,Treg,gdT,MAIT,Naive B
spot_0000,0.2094570537136362,0.08416132566027221,0.2355777970813392,0.05197927780607169,0.03179027757002272,0.004164769885261205,0.0603385142326685,0.04821508252527437,0.07471811155594868,0.049611618159998344,0.016969217577379948,0.08596177753371836,0.008711805154828955,0.008938168164411106,0.002818554791504447,0.026586648587664075
spot_0001,0.027550607381546043,0.05610111594529925,0.20696630570635494,0.013398008067437921,0.159461565300611,0.0059318592641447844,0.12228866259450136,0.01750569255816348,0.15338202531080267,0.02625662028073427,0.0037820786783799914,0.00770774012012896,0.024164825881658632,0.010110758032815135,0.004800750088947782,0.1605913847884738
spot_0002,0.12269539315663196,0.01476294439023421,0.005945776471130638,0.24544952873679063,0.23424635733342442,0.0012988635163105294,0.0035254814526640174,0.0018045230577532574,0.10661279198928203,0.00458139137995144,0.013679313406855645,0.032199775045035704,0.16951839352133416,0.0017223354303292028,0.002171088898647996,0.03978604221362416
spot_0003,0.14676603838417926,0.2817933742410532,0.17225880047401748,0.26820068976371964,0.001564747891582007,0.01548099849835339,0.01280494899297777,0.034679977359914425,0.00036907716673067266,0.0004183312078899549,0.008796702484938494,0.002309156107575627,0.022054351988221352,0.029336279694649,0.0027786587393468253,0.00038786700485092084
spot_0004,0.02492234724346302,0.11554585630065879,0.032757799333820746,0.3117544837058011,0.09268331957181371,0.007705147643532373,0.13629008665254594,0.04901375488201696,0.05530213506814294,0.041708390464982044,0.03856390043361533,0.00883867270502657,0.03188548205594555,0.019377721306498986,0.006082754226096784,0.02756814840603918
spot_0005,0.2817870568520403,0.03622387735909869,0.047520100839643996,0.10194416330012021,0.11733223477162721,0.0029296624516104057,0.03462595368875182,0.0036556940720492504,0.04517614412182345,0.016866193459486405,0.1474396609373666,0.013720768009588808,0.0329893901374091,0.0039480761351870985,0.03361094439550905,0.08023007946868763
spot_0006,0.14378309510750129,0.08647824930595771,0.17388087122106288,0.09845979516869677,0.12391078136583833,0.003378328157840281,0.020574613427992397,0.03296494472837289,0.07371344685100735,0.031201694242612734,0.023878610209963184,0.13691850649828144,0.0033004810488115937,0.013302430127628778,0.030256087375921482,0.003998065162510928
spot_0007,0.0008322969785753287,0.02967917043337891,0.2609101028067296,0.2940636359354963,0.0009252060359595823,0.0022279177898041603,0.025343479777114923,0.005899810853107171,0.07565292890568427,0.13869218307208456,0.018315966163130765,0.0010064449332486986,0.017332374503003126,0.006435715216555737,0.011745740384728616,0.11093702621139828
spot_0008,0.21919634994111004,0.18728528009676593,0.17843098961639758,0.14558161547784,0.018073336171596097,0.0010689971336545368,0.0038650128885278846,0.0015546639362215816,0.04319443979033539,0.010436392890662382,0.1179442072120186,0.018663401209726028,0.01091138487073142,0.001349952867657843,0.024346792795605775,0.018097183101148922
spot_0009,0.07240470372019882,0.33684801458604585,0.0630129597084329,0.025240089843375918,0.17220046060682784,0.0019608371685527538,0.008745761563469857,0.003291287543124127,0.08231742128552506,0.018250856122057263,0.06869149376971102,0.055994518502100965,0.032002265849582746,0.0023492257216829577,0.01919423193490533,0.037495872074406564
spot_0010,0.591013533064573,0.04792894991901232,0.09950482204198566,0.0646936554074592,0.03833793918387576,0.0023576602643394402,0.05424659066891171,0.004282872351174165,0.0011615275420888665,0.0011413706912833752,0.00905296251957612,0.050047124801591694,0.006316299375102136,0.0060074123670452685,0.02281078988076665,0.0010964899212146124
spot_0011,0.19706092436944697,0.27693994734587035,0.3485876684763771,0.03211346025279569,0.009691745111391255,0.001361042360643171,0.003935646339751629,0.0012765683553853265,0.0013652934796972065,0.0040179478993496,0.00877431674674004,0.07941047663494409,0.030747686834578306,0.0013714831072850796,0.002047273833245861,0.0012985188524982426
spot_0012,0.4067901615404533,0.3038842142557646,0.14035803734511448,0.06868375717261022,0.014205027082795285,0.00158041476672946,0.007450825511501103,0.0024911314843312463,0.0011258260209568187,0.0013231322565528988,0.018524396568976566,0.017873489526165635,0.007115583051616904,0.001972052713923614,0.005448756216299933,0.0011731944862079595
spot_0013,0.1678302430532028,0.05989692524505499,0.10161032433485638,0.19930178387498895,0.11728664278411417,0.012164521054449281,0.035035916015330085,0.024452099172254476,0.04113821783032856,0.008418441208447907,0.09920796670798035,0.02287167661061073,0.03245831735861217,0.031011005323565374,0.006694524076562818,0.040621395349640974
spot_0014,0.2702246453979813,0.08098011282588138,0.1540647257285092,0.20398462670521036,0.005212852699989893,0.0029404609146874826,0.07698011853904507,0.035463485619378815,0.023991978403670625,0.003735433939537157,0.0757236331009702,0.003331621230703565,0.0129084757037828,0.008585458370221462,0.016127184734137923,0.025745186086292723
spot_0015,0.1471626437736334,0.21306800877230503,0.5138407250772706,0.02266211644136872,0.005503312358987083,0.0016104975177393937,0.004102902240967286,0.001848312037886438,0.0006415474856910877,0.0008287105414274637,0.0658574373221349,0.00389973972371631,0.01007657419095758,0.0018202510602239824,0.006387154828198851,0.0006900666274918487
spot_0016,0.40694817169522846,0.3078640841446652,0.007080920518183011,0.04944132292442624,0.012940581358624102,0.001539790847546541,0.002624224546169983,0.001817091704720067,0.04970254316102742,0.01672867814601649,0.012004399120302378,0.010079711215745003,0.017680242794505696,0.0016159261678796268,0.001574589369086264,0.10035772228587353
spot_0017,0.35943880366809755,0.18876297998200237,0.050642157683769916,0.09013213359134822,0.015691403739537195,0.009430659572722041,0.13876706292696275,0.08020861273832361,0.001971429155139297,0.001119308444654035,0.02400932018466225,0.01300168457104985,0.009459936883261268,0.012139762581444663,0.003612562534595611,0.001612181742429382
spot_0018,0.2846416108621313,0.0966068031076539,0.11615054817217978,0.1780441979223628,0.09737211136481469,0.00137577721113523,0.002663841471730829,0.0013632846204989604,0.010625060381289216,0.07964631574387569,0.06976938874231708,0.030728320518958692,0.015396567767386906,0.0013378473237992015,0.0021198179428601723,0.012158506847005524
spot_0019,0.15438344737078563,0.0035137277779932197,0.003421578797413778,0.003552279339811499,0.11330341472964413,0.004403158394549291,0.003738549587681046,0.004024606291934363,0.5252197156633933,0.02475387775291013,0.0037573235069314017,0.05262048212457967,0.0039903283264095795,0.0045205688556009364,0.003945946879009319,0.09085099460135274
spot_0020,0.10162865089678576,0.21067425055736166,0.32546215236584025,0.12801777499265818,0.0021513132578488553,0.0038354105246254117,0.019127988099390803,0.0029496926750368193,0.05355771822589591,0.017818133771758067,0.036538306791153656,0.0016297338769410464,0.021085930101378922,0.0029214082694943577,0.05353506386558391,0.019066471728246354
spot_0021,0.39124968038477903,0.09197289737087745,0.25761376464683433,0.02559578056678797,0.0053606323335423514,0.003029894386762211,0.06811798517210053,0.02196901533842062,0.008079351834129228,0.06043149187971253,0.014704086652169109,0.013240055898902044,0.00557608836809784,0.012011145483041668,0.008662285724185906,0.01238584395965721
spot_0022,0.45002785962515035,0.10712880295783225,0.022483188823731563,0.08622369570702296,0.08670923992907323,0.0125030141091001,0.008510729515237311,0.08049488861269086,0.0006896392396371431,0.0007210802017471734,0.049962683731353846,0.00767875168852077,0.026817056831161427,0.04049586086591071,0.01879361515354354,0.0007598930082867889
spot_0023,0.24110150229784513,0.1788244438481633,0.10152738213580774,0.27100474597837176,0.03377894746579736,0.0022432345618354603,0.008194845661959695,0.0026988595836037366,0.0005982011403467718,0.000611388000769876,0.10914482975089711,0.005990505090896245,0.03490342242434377,0.0024986927145479593,0.006342149973958091,0.0005368493708560129
spot_0024,0.00405755306013752,0.14555892450980373,0.2063453438416259,0.21450340666075482,0.003752924921816667,0.002862338783066909,0.01856502202095253,0.003913605395976587,0.0016511444606580321,0.0013975701252265677,0.20406227344046526,0.1115822877662395,0.006059671898578181,0.004140234846277329,0.07015032532627265,0.0013973729421478437
spot_0025,0.08896713207927345,0.22840278134608602,0.20006567992230248,0.2073287231317098,0.004610307330210239,0.008893112291646124,0.01801132893695405,0.08418581503920272,0.0017276034839464498,0.0010355157680272298,0.049909364551190535,0.00887861483356723,0.032854076548397476,0.017845530297887012,0.045992767984782794,0.0012916464548163777
spot_0026,0.48277953621881964,0.1731473406588298,0.18539438334814634,0.019449315882382585,0.005994956854888633,0.022175545693464693,0.01916207024013375,0.03392017451492566,0.0005991937216961119,0.0007189568312136657,0.0043975089235280375,0.002308242393722373,0.013681321041891927,0.03296559123530096,0.0026602903568455224,0.0006455720842102945
spot_0027,0.38683861309968626,0.12838413024870607,0.2012556786794291,0.1402156720564076,0.0047471061462049415,0.00617289427358788,0.0489075677494887,0.028246082128337204,0.0007915818571929984,0.0005759458665408527,0.00857665089336473,0.007984586625549331,0.01884753656685523,0.011686569744389723,0.005697297570804086,0.0010720864934553207
spot_0028,0.036578119862100314,0.10626881473695375,0.05256164269806045,0.12926439826450195,0.13114851826586482,0.04922713575683429,0.017894437218519743,0.13715692599627316,0.12320593936482972,0.005917394749302204,0.04807755445473134,0.05577389797879013,0.01908262106226946,0.04422626499193194,0.01826316306977205,0.025353171529264692
spot_0029,0.23952799959624216,0.1194803150936874,0.5196621862589424,0.007543663912734973,0.006824831416681314,0.0016192251740438904,0.0026569453170587143,0.0016433790730551049,0.001465411163706111,0.001514381439248737,0.023772948321884736,0.009867128990524561,0.005955392929305356,0.0014097917510635712,0.05524157510847144,0.0018148244533495548
spot_0030,0.4074171284532499,0.01832782870272151,0.14064120434645713,0.027666350868134293,0.005426356343759096,0.026221808322073572,0.09794398382771863,0.028697580227060093,0.015792283163323845,0.10861511664220075,0.03868327965477614,0.009146172191496962,0.010588618581500233,0.026626891189294694,0.007149280327449915,0.031056117158783238
spot_0031,0.08765222941207045,0.06901036163580483,0.17441326899470164,0.41388490313933457,0.11790030684032618,0.0039127791687991135,0.007270856216620227,0.007716170773187173,0.0009670404187138353,0.0012827167476096037,0.0560988785692139,0.019537864628135504,0.029873284145968678,0.005311402580206227,0.0038634635518724524,0.0013044731774356508
spot_0032,0.29306962730409974,0.011351750113602706,0.3603107295467932,0.017257386799530608,0.15576857759728152,0.003884805391811579,0.01958498280908224,0.018710904530867725,0.0007855003566563766,0.0008905388451510306,0.053410504106443726,0.010696354779720602,0.033449034386373575,0.011305976607275704,0.008746217002246048,0.000777109823063574
spot_0033,0.21666563516779555,0.15546259866878226,0.013741443764202515,0.12057038125877628,0.15517835238929104,0.010516613583075353,0.22960923076892603,0.030296110220417272,0.0016399190896383613,0.0015547540976716585,0.00652382634660531,0.024116115375682496,0.014352892819532722,0.013090077690226005,0.005112243790211385,0.0015698049691657524
spot_0034,0.16674213859901194,0.22622132704884937,0.26051611589978374,0.017626181095336303,0.0684562215643381,0.003260668985855237,0.013992840737412268,0.013342529398527335,0.01782400072150419,0.010460211708381639,0.007446422703604261,0.11534335831621637,0.00898451397542941,0.0073057656253172785,0.0026343752544165607,0.05984332836601603
spot_0035,0.3422818111700515,0.2714789198067902,0.15202538885703684,0.06585290435449653,0.010849626433572143,0.0016334820208421625,0.002726324121343264,0.0013030282578236146,0.05943275690594459,0.02589329343837956,0.013360204569174213,0.02479808333086398,0.008582976042301595,0.0012272294438552054,0.0022296526730224008,0.01632431857450219
spot_0036,0.34000100840556313,0.11784937916757998,0.40917054895564997,0.029700580655240845,0.017704536502543108,0.0008840359951684787,0.0022321369493221097,0.0008065673026936779,0.00064870486681824,0.0009361488244853382,0.007738763887504961,0.057905325569893376,0.011616515741351996,0.0008132829517782244,0.0013692857226652896,0.000623178501741217
spot_0037,0.23501375066085278,0.2320730539974371,0.1810222535024549,0.08530357621462704,0.004058986864154906,0.04991486146497935,0.010762146061485327,0.005765831657124877,0.021452000187695407,0.06555772444229625,0.02201594366705985,0.0052758015117293396,0.03183966881878609,0.008608160282563133,0.003831922991279813,0.03750431767547381
spot_0038,0.2748772014842676,0.12627402035628504,0.2437510429656996,0.013965983246966034,0.10511877896146798,0.0008706603587306326,0.0015456705769490262,0.0008591244589027027,0.0021735972528382184,0.0027385736540282662,0.19721154240519417,0.015627422259898043,0.009761982528330621,0.00087945275690476,0.002021434099659635,0.002323512633877678
spot_0039,0.18437526423500303,0.1524202322219061,0.28339394774614535,0.08675017207254532,0.0028952023936457748,0.04591045579285806,0.01368826415694453,0.021181352485584948,0.011454163705839855,0.02606829142684599,0.009454793725422876,0.002905326362175454,0.09858853084558464,0.038847491185355854,0.0026820445057589965,0.01938446713838327
spot_0040,0.010823186216019085,0.23602828420927907,0.21979782604627549,0.1332485395794071,0.005933344409243142,0.006549877779049546,0.03685218700753767,0.06222416053490737,0.005105051980090941,0.07052228411964968,0.03437134486313077,0.09652080200939062,0.04340850109960265,0.021742276766821684,0.0081840391188304,0.008688294260764798
spot_0041,0.25702466678580765,0.010120008961255113,0.034173049481380835,0.10601856543795453,0.044831477161217055,0.02512641746838889,0.03029776694771612,0.10500546000765215,0.10642025796307504,0.006926193386659184,0.1295628082547647,0.06662448809629543,0.03206600301122989,0.02209601538405721,0.012564269491102098,0.011142552161444098
spot_0042,0.10118123875908418,0.33222960851974076,0.06981061341025487,0.016528529304304953,0.012841327236021284,0.008294780410974974,0.006201594570764719,0.06377611668867049,0.17339846836309025,0.099373455200622,0.017099364385528837,0.005616543642864397,0.01094555220859104,0.050213180061018936,0.004084848552542353,0.02840477868592596
spot_0043,0.1696551797250512,0.13219804736523555,0.07947903969922741,0.11975997314015178,0.1350181462988926,0.003265817744878462,0.14323100379147222,0.015625263155596984,0.0009842310779738356,0.0008377062273177964,0.06751533623192413,0.02305309556515138,0.058652537884251996,0.008416737130267284,0.04134883315744481,0.000959051805162552
spot_0044,0.2009363816671948,0.04756055035725381,0.4292667834689192,0.19665616299549452,0.03665620059998083,0.001586614262415011,0.006750343932678042,0.0026920663850256436,0.0018236084369337355,0.001539994242898223,0.02394457122654,0.018389952984120342,0.02623981330670157,0.0018843890160815432,0.0024873131895586605,0.0015852539282040308
spot_0045,0.29810882580731646,0.05911892931262853,0.22346708614432315,0.014155205401253923,0.01763650071312368,0.020957350200569238,0.05781829101082801,0.036310897862283135,0.09959208675000228,0.00993654634031003,0.013466489821727117,0.07700642563074611,0.009526765169896492,0.009301943161002583,0.01353224296021063,0.040064413713778606
spot_0046,0.3557936390530836,0.015293323409051885,0.007629943094540069,0.06577993485709019,0.16056938742452992,0.010351200827582285,0.13777517842183645,0.025415870458046292,0.0017633952953877935,0.002321399667263972,0.1312418324290858,0.012832936066913915,0.01336562729148813,0.027328394953152625,0.030331136486903595,0.0022068002640434933
spot_0047,0.1970699288554708,0.06961575756286119,0.22492646840577274,0.1725462031359024,0.05554722487162514,0.0009712350376155542,0.0026086058167858178,0.0011165196120894558,0.005021091443157077,0.0674471808986421,0.024406511518675466,0.004140022410751902,0.167196738439286,0.0011492782492870577,0.001988691786808008,0.004248541955269255
spot_0048,0.21554328408418716,0.0973657887339461,0.0243753943734959,0.037498471017404375,0.08411988391136904,0.09545222585404622,0.06015615028732888,0.1369894773232799,0.0032269027377018486,0.06832379971542399,0.018908088883026943,0.040543072737053584,0.028814461586472783,0.07877572096743549,0.006660873460813075,0.0032464043270147023
spot_0049,0.3820689681772845,0.1817404368033478,0.18782666073077078,0.027543666140652772,0.02597433556704532,0.002286859447755425,0.006219192745355411,0.002604316643804642,0.04078391653035323,0.014597132935161058,0.004742233578627513,0.020810045647405004,0.043156270505564226,0.0023037929601941853,0.002021089063291792,0.055321082523386376
spot_0050,0.31145477476390926,0.08796728793556481,0.06733779501882506,0.23597397584320345,0.004551454802515255,0.001036610837019556,0.0037917192733881986,0.0013280748882255609,0.031064353856623147,0.037243834653656764,0.17579018007278874,0.01068008514501167,0.005336528697201037,0.0011486414904892186,0.004751478726949785,0.020543203994628504
spot_0051,0.4060545611222977,0.24015173178058352,0.06997358248116807,0.07555017962819711,0.061887371944868756,0.004324881978910921,0.04467446131116655,0.008815429735684607,0.00045529083425396486,0.000587053606878603,0.01176375499342895,0.017448242684254257,0.004195524414634146,0.008492692451446493,0.04508386611106392,0.0005413749211624464
spot_0052,0.6474515265718263,0.2166992468167189,0.013563092963369218,0.05102499235022799,0.0063599874707911085,0.0011661971291396422,0.0028522192177946673,0.0012325998110770332,0.001253940847747688,0.0019103366451636524,0.021340320026610203,0.003447486868787467,0.026181212550523088,0.0016867178563548936,0.001882532888640387,0.0019475899852277549
spot_0053,0.4441407750857783,0.16109216277789387,0.10838903853395389,0.11654492908549721,0.07747278062004088,0.0022808000552582155,0.013747127677217846,0.0049361956719644095,0.0010727654015186912,0.0011740152414881375,0.03173067611706715,0.0060258681048592135,0.008303498882544731,0.0025201588675151892,0.019573601302309205,0.0009956065750930197
spot_0054,0.21661649728678312,0.1957359284996557,0.13100243070021175,0.09316886730839118,0.011118660034415641,0.0011915402359448301,0.0027795705491136706,0.0010674102652627237,0.1619878710864951,0.006646010996610268,0.005304995883475677,0.11540528861473545,0.00722769309643851,0.0014376569529580114,0.001223898480136839,0.04808568000937153
spot_0055,0.1851235822936296,0.12819079678656364,0.3737956245782144,0.040324653073137366,0.04213465688420884,0.0052114367287042305,0.036946945083349066,0.023167486780092,0.0085781406191428,0.0029028860945234884,0.006484806819422553,0.06102852554696944,0.008139337640962627,0.03182147072438084,0.039314191106705275,0.006835459239993808
spot_0056,0.0910544726353992,0.2846767335421036,0.1462861564218098,0.15543437927641615,0.010555760747865376,0.004592524828989754,0.0282654320409757,0.04867459399831054,0.03492903228659144,0.02619527848855866,0.07548661943100876,0.010498919733453916,0.02845467145237243,0.015964179754977638,0.017848363750394163,0.021082881610772854
spot_0057,0.2770911024061381,0.1909133912031618,0.024180328109141183,0.08113073324286289,0.11651157291611021,0.0014790675216618044,0.0029290976382434185,0.0014638146538511773,0.024932943488336773,0.15543155531947656,0.01866951683073609,0.010406418913744922,0.018344680607944214,0.0015100291061189049,0.0020712391950919165,0.07293450884738001
spot_0058,0.18457916449426176,0.1567738218909435,0.16095261517506335,0.07235850778707073,0.10076031840238511,0.001978350184945961,0.007803998289127044,0.0027212160357302836,0.005597251043096678,0.04551789663397668,0.05951646706400731,0.14269485917066854,0.018653817007839878,0.0020935978462603157,0.029138604127897576,0.008859514846725251
spot_0059,0.21583887169210295,0.08648858563750486,0.043822470274154195,0.04110307030910046,0.009798124307989908,0.0198912161451813,0.04870056882241169,0.09985050287949443,0.1111470688895623,0.009482583645718816,0.030672978180023902,0.0030463555229203686,0.08861116967421742,0.0495895130860478,0.0043964824116400035,0.1375604385219296
spot_0060,0.46978804175777156,0.10012640981611465,0.17652811686957243,0.04373815292391107,0.03937389256181455,0.0014321427045290416,0.013224471507160251,0.0039710723145680036,0.04393809858824944,0.00702201371026062,0.00497112885087514,0.043017996471881106,0.03678330666010743,0.002216443344513615,0.0031342573361352755,0.010734454582535824
spot_0061,0.41234513915831117,0.05715735211524062,0.16344465265103228,0.044497672806567204,0.02222319888848887,0.013168208166389023,0.10991622596669189,0.006231715500142327,0.000850375683511093,0.0013578919812953175,0.046869580998853286,0.017682199976227442,0.04601758481877476,0.029845882639653303,0.027613586907641395,0.0007787317411800622
spot_0062,0.08233026324878331,0.38089631518034717,0.25046659068398913,0.23444638709850735,0.007812625884932704,0.0021631861165030404,0.007523176787356343,0.002381063923263589,0.0012563302368058227,0.0012135430497350174,0.008479383637700049,0.002937363881474652,0.01084752291517191,0.0022654703422023293,0.003696683317517563,0.0012840936957100486
spot_0063,0.3679566434641572,0.010414753438776053,0.006750280721020453,0.07439115618614237,0.04088576531319361,0.0038587263138539236,0.014135328729745952,0.005142139572399527,0.001979719234865631,0.002238202889312759,0.3296816356474458,0.09101179156964229,0.0068888639243667145,0.003867360047375368,0.03870622892297123,0.0020914040247311558
spot_0064,0.4105109428089082,0.2804690203610711,0.013103874942532219,0.09277431285921271,0.01760550426629706,0.006456670979265409,0.015461721295140944,0.054746452180991056,0.0006654640985801717,0.0005948001675543871,0.017919686687452294,0.012357254584664192,0.04579844429749427,0.016236945291346987,0.014677462390182291,0.0006214427893067176
spot_0065,0.3883582638139044,0.4614675707082912,0.01663543165050062,0.02522256231277115,0.004198435848981416,0.0017068587402309426,0.002556224361402221,0.001523206452273049,0.0007530240876976935,0.000842223652796824,0.0673428981365928,0.0056101983141779365,0.017311695519850637,0.001398533533679856,0.004304763113901123,0.0007681097529480929
spot_0066,0.32486452745005084,0.24553313324267592,0.12994743487117677,0.033032059815050245,0.06932717083105913,0.000879195954978593,0.0018135455288433775,0.0011234473616197154,0.0008404778158789989,0.0012286032208503519,0.06661181763964354,0.09298658237122222,0.028768228804844833,0.0009563515550879655,0.0013725436463285056,0.0007148798906890123
spot_0067,0.5377968772612682,0.1769735329436369,0.10366904590561037,0.02413003317474227,0.0091837634892536,0.0013980640957006458,0.005587084881779025,0.0015551439269526398,0.0033903120358816084,0.00700364261674134,0.01912001178331165,0.020197236240690516,0.08252961892559771,0.0013785691685034675,0.0035527017164586603,0.0025343618338713567
spot_0068,0.31123766439620926,0.12222457286560759,0.11845647806762342,0.03022492130938175,0.06899960576254371,0.005176118020760971,0.06723094530210827,0.014182811018931518,0.05982943525164853,0.008394988204508147,0.04994470516446684,0.034929640020538416,0.035947455798256714,0.016742815631322242,0.04050025380415871,0.015977589381933915
spot_0069,0.19101034264115951,0.16971037659313998,0.2723953671084386,0.029280391871153676,0.10838931381755902,0.011774133878579843,0.032333102855887426,0.00505251969642598,0.001754028915903625,0.0017894315288893555,0.09214915999312902,0.010592824013385677,0.004188297725673777,0.0038350720541223014,0.06418834903131625,0.001557288275235966
spot_0070,0.21868092825172067,0.14166494250500175,0.24014405154858628,0.12688713920002204,0.018230511000545884,0.007439377422970605,0.042003027157270355,0.004395218371142243,0.001387167882819296,0.0013479633227938496,0.0358044468430266,0.004245380228423645,0.13436373293452217,0.007730986755474587,0.013256125093327017,0.002419001482352989
spot_0071,0.0005459218292766762,0.2060330923958052,0.1566074701453536,0.08472321149695132,0.000539324279059726,0.0017679474960367496,0.0727503155651476,0.003589603903689673,0.21293187619919857,0.16917612656645892,0.042050309587554575,0.0005926450104555812,0.01843083191084321,0.0029950083533459913,0.017088885958835866,0.010177429301986727
spot_0072,0.3556271009467934,0.016591482002183286,0.3491299309546776,0.06195269027239135,0.09580034229552063,0.0019156060273715111,0.0034110143880303158,0.0017136806976595482,0.0012304580369918456,0.0015201893972446334,0.07104941863656182,0.017438579206968195,0.009444661972701699,0.0016832562418201099,0.009799261910211441,0.0016923270128725955
spot_0073,0.5574130350874871,0.10585169241344053,0.04063372538992168,0.00539971109833362,0.09744076279804903,0.002678485591417497,0.06261059646670722,0.005886936525245668,0.005872955666454262,0.0024907020285688955,0.0035057049881793093,0.008715601099397114,0.08929212557091612,0.00720469921345682,0.0021971459233802995,0.0028061201390449193
spot_0074,0.24661355705081955,0.04763551744910036,0.03241131758524801,0.20299224668208085,0.008703473746521067,0.01892879295645263,0.13338440463636528,0.040733674544957334,0.1285956367224265,0.008447196241721194,0.012346252160115968,0.00767565967264461,0.05094563385916698,0.011793936582169512,0.026527183325711568,0.0222655167844986
spot_0075,0.3811434792732187,0.0945340722101022,0.0662339548194795,0.06574899769348452,0.025640224539292718,0.00771167971809579,0.005552337977382222,0.0037707926138659414,0.04882627400331862,0.04162125568547078,0.11931595979545258,0.020470073944104487,0.02054629799570111,0.003673773715561958,0.0578341160476117,0.03737670996785719
spot_0076,0.008998166711452097,0.06240052856642053,0.015492715361740933,0.25765704930092803,0.01130333709917103,0.05354611487554698,0.015052156862059565,0.03661846559321356,0.003229512326348158,0.005943648933905082,0.0205350609981081,0.3099321740946313,0.1299924559360564,0.06067532236766172,0.0047954625992897015,0.0038278283734667976
spot_0077,0.24555497880249053,0.1264084168726121,0.2003177471866178,0.0112910098898106,0.1990626558988589,0.006190998078828965,0.01674513327853786,0.05692275007944196,0.001943878891956605,0.040715389930648604,0.003639650795477376,0.06328104738881361,0.01608928712965984,0.005997017421045032,0.004322190284366269,0.0015178480708339741
spot_0078,0.21303277152442895,0.0291194057254681,0.16719365542812697,0.2566232927956971,0.00847281183969132,0.004735576977096287,0.014810807542853407,0.027775283569130827,0.04252880452917921,0.007912887981295622,0.1264689836184821,0.00902703085332185,0.013074840750989799,0.016739905063750303,0.03056468228750844,0.03191925951297969
spot_0079,0.35193786405181376,0.0392377740774866,0.14813826796446683,0.008229377612175712,0.0674483384502226,0.008771529586621777,0.14337747287874728,0.01915449446584113,0.011879518493007262,0.12175517713887465,0.007661245037112134,0.027993842290416626,0.007488887148495577,0.011228357020030449,0.010917299301273312,0.014780554483414324
spot_0080,0.030683808289209503,0.020331745082251457,0.24496492808296136,0.016059582662650004,0.0037129078807625403,0.043132722021901417,0.05567111696802635,0.06669693417780932,0.08959829211155784,0.17730262552777798,0.09239394664689522,0.00491584893200331,0.022028427143905627,0.02239355239552951,0.03462811943573696,0.07548544264102158
spot_0081,0.18420359911291218,0.061037165247201736,0.011639643159679275,0.21292984178761876,0.010552230121919819,0.0031845933600165117,0.1430717621952819,0.02122356187530568,0.06886932328981858,0.045992660671359355,0.1329404986139039,0.005450832062104499,0.010201747008108365,0.007925201839536933,0.022766435627093302,0.05801090402813921
spot_0082,0.3000156583789488,0.19563917885730034,0.17366362193782775,0.006176340272274362,0.025936553037799973,0.000922161223160605,0.0026395639623429056,0.0011170335261433113,0.13062313619373664,0.038331450968848706,0.005407515377202689,0.07526264908236141,0.013604257371118289,0.001149699733754561,0.0015587719966848343,0.02795240808049482
spot_0083,0.27553001866252264,0.11259207229844168,0.48800322327834306,0.031165388814583316,0.037570806200064255,0.002001069922004562,0.008406661731186848,0.0038894860995569496,0.0012757153425742428,0.0013995513287873304,0.012039905735553922,0.00991786577457895,0.007793507104080781,0.004309232802924907,0.0028209297079015093,0.001284565196895059
spot_0084,0.0008618180046845638,0.13763532068261625,0.01775623324649117,0.32546200097100253,0.001068525303359398,0.005287883779500462,0.15299671611223722,0.09550155768066117,0.16357062374289866,0.008654659806431408,0.025745875271971537,0.0009769707844067407,0.010008683605949123,0.014525887129286836,0.02575879263555481,0.014188451242948104
spot_0085,0.1480058889431094,0.030754015998789897,0.11386640952958117,0.08073742056961375,0.22909337869109958,0.0026524930166073007,0.07626735527820758,0.029295202709532675,0.1820469329339853,0.007766573566384328,0.010413484420425898,0.01696550407097017,0.019622888813171948,0.012285232598572898,0.008832301012332082,0.03139491784761601
spot_0086,0.002139375786629944,0.07164954996615633,0.11958787499145464,0.003879766991160497,0.0026342762699610644,0.0009640685936440352,0.0014869219011018307,0.0010767661061925951,0.23053903349624752,0.17930151100406846,0.003485878744009149,0.15858054630126034,0.0038851079957059717,0.0009535090548277691,0.001464073201791334,0.21837173959578854
spot_0087,0.44066497995314663,0.08138677514698368,0.1248113659240269,0.13666956106322717,0.005995163012411923,0.0011959604698250864,0.03670504753891579,0.0016498842256276805,0.0032801710333428434,0.0041858159782884995,0.14001763188800337,0.0059582795714198025,0.00982444762183153,0.0016161282302553182,0.003529291884326177,0.0025094964583675947
spot_0088,0.261674705565309,0.13318756495095682,0.19969135771673252,0.16374117704167496,0.006123299896776935,0.004859823667834103,0.04339975959206964,0.049406087542687216,0.0007317904438690745,0.0008913698952178027,0.021732301417508208,0.0436122115760125,0.008199031442478043,0.019416982822215465,0.042628860036641375,0.0007036763920163405
spot_0089,0.2837198308022771,0.010344108296977739,0.2184708647465863,0.02901292034321503,0.06414433977028675,0.004291145354952235,0.060848166888242884,0.036005719833436894,0.011974506815640227,0.13510986143442474,0.02572970675971458,0.033978471299738175,0.012113288171764568,0.04678868850495925,0.015776252906966503,0.01169212807081701
spot_0090,0.2303617975720614,0.260093625065313,0.03906415395897671,0.08067407775925381,0.14303100406081243,0.001267982701340571,0.004016960319120545,0.001552714349634365,0.0013639815767115518,0.001172026644460412,0.11579103675208743,0.07141587489898424,0.044162286783910494,0.0014587571830202276,0.0035106618100986878,0.0010630585642141136
spot_0091,0.14939753415992793,0.15761058494123395,0.1740819786355563,0.08974295999643923,0.15410595458383772,0.015959168771369065,0.09201977468130827,0.007326853089824401,0.0017880942746824138,0.048618564538474913,0.008878777594773861,0.0033689591273115384,0.07576184405030895,0.003624357926070635,0.014127685855110367,0.0035869077737704595
spot_0092,0.33961755424244267,0.026107469880292146,0.0997509499134722,0.0557393840001701,0.1981371956506521,0.00938678257255858,0.06820664608586176,0.07956236274465583,0.0022176964038701555,0.0016567977648915936,0.04782546657133926,0.03231386329413305,0.014489484111808032,0.012679553608669656,0.010544440512218596,0.001764352642964277
spot_0093,0.3844068495546038,0.3189073381910132,0.20076976815288122,0.018854529202364,0.015724685181762905,0.0012337918462848234,0.0069785030172845415,0.0014347725391669229,0.0010762342424167513,0.0020172357390465545,0.007512055450811953,0.03098530590047596,0.005982921919200516,0.0013668342300184359,0.001592372840151044,0.0011568019925173782
spot_0094,0.05590971177659957,0.12427383233068266,0.07346110204710403,0.061394686009814216,0.01785938463224051,0.009536694978350796,0.04799412195860186,0.08491065379287933,0.028825310806806618,0.11529875680748182,0.2664679980204011,0.011584375921472252,0.018720574734763004,0.027212652338431422,0.030633189505581002,0.025916954338789787
spot_0095,0.6034998651932257,0.08554665217789215,0.2607587424345582,0.008496544973211914,0.004778654247389035,0.001283916898103887,0.001958974062621593,0.0012908714015350614,0.0008098864608878382,0.0008009149130783331,0.00669331197890166,0.015539951039336461,0.004812946341779332,0.0012084338530343722,0.0017517947064773914,0.0007685393179670268
spot_0096,0.26040919835504983,0.22319377948128732,0.18192380608700828,0.009217520048121723,0.047145432583645286,0.0013624888246410469,0.006498669880992121,0.0020304961473915106,0.016123852897914473,0.15123094993683978,0.005982713215286826,0.03484211728110859,0.019840160328739906,0.001417729916309468,0.006563153269901282,0.03221793174576256
spot_0097,0.2577119106424666,0.10773077682465261,0.015357429199970036,0.1185180437384498,0.020361420283981614,0.09540855033612643,0.0916136739003035,0.08116870284841725,0.0008265097149799462,0.0008298336577129469,0.08024658769228094,0.002078941807260015,0.015520541679247086,0.06112056931596258,0.050776977795243636,0.0007295305629449891
spot_0098,0.488628950199228,0.25003331168573933,0.10236942906643894,0.008626428432462929,0.012201606559322455,0.0009411003851634043,0.001444403750067463,0.0007622907005511374,0.010676867117988792,0.04521599865445726,0.009689763427565523,0.0071715598896731755,0.004519406320284684,0.0007881620385739302,0.001471278767177077,0.05545944300530588
spot_0099,0.19631581728541328,0.21695433077966872,0.13896418497868124,0.1191140998726951,0.012280119999271491,0.0022356774524600925,0.12713599056871325,0.009213084639530491,0.0414566422293401,0.011268176412948123,0.010643330943830968,0.05829109883564687,0.012456095427095793,0.008438118596510736,0.014743830129197293,0.020489401848996443
spot_0100,0.1814386454685317,0.1189563038401608,0.05057757338269193,0.2460507383196454,0.12200918890928503,0.004831351818933583,0.07567677365435216,0.1274498884212369,0.0016266938817115254,0.0014108469537264232,0.008439562219455096,0.006130924392320896,0.022345635989077777,0.02643452814171552,0.005138943873306521,0.0014824007338487884
spot_0101,0.08878178825123759,0.08471690223710271,0.18004737051032663,0.0216909207861313,0.017866531732939783,0.019772967125704914,0.023386346854936402,0.10908199399929039,0.0042238233967331834,0.10919945417632042,0.06628648074321976,0.11884510432930422,0.07273370847388504,0.023272755159476622,0.05278110486489822,0.007312747358492834
spot_0102,0.03620056366917428,0.20743731523668668,0.014539896775197871,0.4077576007833416,0.00800467731974792,0.0063405504775701695,0.016103259892350428,0.030419084188465288,0.0018537024296044096,0.002158646770614446,0.07691523456363766,0.05937000574695334,0.0621259585410287,0.04891349191111214,0.02036617576554124,0.0014938359289738484
spot_0103,0.45505428256052605,0.12433948700180848,0.02257152442646569,0.007100127760162775,0.00826662608801684,0.014857120758307836,0.0818594800459824,0.027998671072570168,0.03502241049145025,0.012589970167767814,0.003103928144396682,0.0048426795497991905,0.028710993867732126,0.03694830020441707,0.0027651758522461416,0.13396922200835049
spot_0104,0.15506991437399179,0.0617493662801071,0.34080572904485595,0.07470961524608774,0.008963586033435061,0.006536525614989787,0.037756080732019213,0.039183062174628185,0.13042049302236033,0.01344648477001346,0.049383617835469885,0.010513185256200491,0.0227887012268285,0.013262360298781445,0.01805159749423616,0.017359680595994863
spot_0105,0.4539614009074129,0.27825585203850584,0.019442483016261353,0.09468354748339847,0.0321168248334773,0.0018161376660185617,0.003067798137624749,0.0018199621008810393,0.000603243304623024,0.0006965486985146279,0.009874342331003323,0.047771664033868115,0.05159936035695529,0.0017192178835115865,0.0019645653162589866,0.0006070518916848215
spot_0106,0.17039790815065997,0.050724023877725254,0.24125794002501424,0.25538876381592684,0.007302140228080142,0.005052913940543434,0.061402077683275616,0.027600220540782847,0.0007343212130201534,0.0006847610819207276,0.13458619964886,0.0027240505398787307,0.009886292899771821,0.0066880269818294456,0.024807097746430987,0.0007632616262797625
spot_0107,0.20500201925964884,0.16364011143599413,0.11901975355415892,0.006972557970855235,0.14669928883629543,0.012140077926021382,0.026089511627315213,0.015924713439550934,0.11572858295541108,0.0177407202183448,0.005862647491043769,0.06516801369930324,0.017653587278698188,0.017325979217676406,0.017848758879870894,0.04718367620981154
spot_0108,0.2238300335230598,0.25645383489938717,0.15607531467987004,0.0036694947993534894,0.25799615325657654,0.001852208336168521,0.0026776422548098035,0.0017281306559289568,0.050019708620546145,0.0049373039697714624,0.0030809446662279885,0.01570685015732283,0.003428042078747578,0.0016517479303899394,0.0013014558629594784,0.015591134308880221
spot_0109,0.15786622258704477,0.3217355689870773,0.1396688861741104,0.08371529554718798,0.09629275200121735,0.002643962171802325,0.034846463122367326,0.003818048717138647,0.0027194447230862776,0.002662293516536363,0.009676580694160965,0.09575472730671507,0.005105325239201018,0.002448692154974436,0.03781771335349654,0.0032280237038832624
spot_0110,0.2749093725853383,0.2089060097109072,0.22714109966303198,0.12435646013213515,0.0038321290407679126,0.0023469075854781383,0.023582425256115192,0.019240764493419306,0.0006219840698748127,0.0006329002437147018,0.03355866142891467,0.004644506088958399,0.029924994605557986,0.004328325841425755,0.041342446942045044,0.0006310123123154325
spot_0111,0.083467841963567,0.03674517352449213,0.1632924341776642,0.08030721015417078,0.059891802558615086,0.022541165940334215,0.018769515752894206,0.0573923858372577,0.029344389774507762,0.08594741164579814,0.033530935842451884,0.057824455931444606,0.11268857425505813,0.013833656173961064,0.0894688591675591,0.054954187300223986
spot_0112,0.2978964788904331,0.28098736682355574,0.27673468387095124,0.004025594777852621,0.009788465350802258,0.0012962053953718801,0.001413428613141724,0.000983255034392507,0.05874996769469944,0.009966555286320544,0.002401271768362441,0.006235029025946394,0.0035544346453887056,0.0009520020151825479,0.0010351029491150704,0.04398015785848382
spot_0113,0.3248303112467253,0.15358183882751164,0.2040804766704131,0.03119031634937263,0.09568156026429099,0.0009759404978309714,0.002277960825395614,0.0011021949388420813,0.030774556141001674,0.10918162048575057,0.0060015203813574575,0.010411595636528069,0.007322774441964914,0.0010945769337834196,0.0014566873557881762,0.02003606900344344
spot_0114,0.20949129070237668,0.005881235681604482,0.20272065633228822,0.010807185155219003,0.022299882542521767,0.00828803275536461,0.14350063609269897,0.05787889389330456,0.050722170202476595,0.1619740107174606,0.018125632972078205,0.021748417251512848,0.011176324406475603,0.04059099719863385,0.011784670309871636,0.023009963786112368
spot_0115,0.004206691290580078,0.34603466221895257,0.02297730265402382,0.14020813576794575,0.006395011137342238,0.006068135724282092,0.029183809513301025,0.11981080963058924,0.002310748934925566,0.0024909327895231838,0.03257863960077763,0.23847619856483906,0.01749921819582513,0.020791800157222762,0.008628251357997675,0.002339652461872173
spot_0116,0.13863325997192574,0.09795091054004687,0.061565149284904815,0.21065117726188493,0.05107704477178798,0.03739778813063863,0.036380785894289426,0.012695379641372555,0.018790845698894,0.01695708427975743,0.12121333075489661,0.09968113793881722,0.04365096192471165,0.0315306029776317,0.005375610733611661,0.016448930194828786
spot_0117,0.3263195257303225,0.026620503529865343,0.02218022537046565,0.03519317352300588,0.007753626178657556,0.031093821017810344,0.02674676757431098,0.18375861814534242,0.0013408673071319702,0.0012693969745577527,0.036516790059852144,0.005776535241576443,0.010695108877599393,0.07514710210206572,0.20809920810824126,0.0014887302591946134
spot_0118,0.19022855147145934,0.015292639046717576,0.4441543908080667,0.024569136522121553,0.14555369465575874,0.0038998834530340793,0.017134900600495336,0.0029844688651948104,0.004762682536608313,0.06894353661107745,0.015320999402259916,0.023431336587134376,0.011725453169912402,0.0032269446627630513,0.020140845007413498,0.008630536599982886
spot_0119,0.01652307376584253,0.19863990420125,0.14399632032440693,0.1688257692155765,0.003956762947253044,0.009371873758105161,0.01405298355364516,0.02497838066731815,0.05479106413841209,0.07357142969880194,0.09707752477241513,0.013521864798551666,0.10346624337396455,0.04410443000758296,0.004961502136772619,0.028160872640101576
spot_0120,0.13895201693017972,0.36902421116778084,0.010697091489660712,0.1210793666990536,0.04873459122553419,0.0014786879139420575,0.004365200510737515,0.0014481361877696735,0.04095806299715221,0.09197378573029762,0.004117124894561835,0.1288319049034282,0.012717013254680297,0.0017695380053995796,0.0013937763913886177,0.022459491698433365
spot_0121,0.4151370454805438,0.0012866837348753006,0.0012885705241152368,0.001935714420351129,0.1304333419519894,0.05137312672381426,0.003686951196647137,0.08017585515076076,0.06550033629531914,0.0058840994290503615,0.00437078723430424,0.14472845922380712,0.0019368887059961805,0.04600262818679879,0.03973355001117062,0.006525961730456536
spot_0122,0.12389595883746808,0.14347727331462298,0.07304517516713152,0.052038112328454775,0.02046027999706885,0.011959778038941922,0.1447991559386779,0.061833017579565025,0.054526463488739976,0.11970405852193443,0.05812841648618073,0.022699753927408178,0.010118094090382,0.05475191942975902,0.0092887056919497,0.03927383716171492
spot_0123,0.1912179330764363,0.007883865763912052,0.3201859830356181,0.003410247694313442,0.19396574539097608,0.0011283102153031121,0.0032707240651803572,0.0011546852567812732,0.10794247299071968,0.06782198859970891,0.0026629994907605165,0.0614865071503782,0.003112910366223566,0.0010196011358244116,0.0015538850504930926,0.032182140717370855
spot_0124,0.32350574334337334,0.08678447316851726,0.039166131047932894,0.13913911090914272,0.04316961509274971,0.004565480604776519,0.1396223043405265,0.036131987197972316,0.0020910416653421413,0.0019462312697748755,0.04461878920546915,0.004553438308017807,0.09048101769761423,0.006200734293023727,0.03598155331875015,0.002042348537016718
spot_0125,0.18181378158503422,0.06158920945003889,0.23624163244632157,0.23740913624535206,0.025509478345663247,0.0014395900930894835,0.004087038680384513,0.0023485313275501303,0.0009003389848038212,0.0011971157822759267,0.08548356492192605,0.0038871447424636994,0.15274769308578934,0.001715020709507005,0.002517263282376582,0.0011134603174234614
spot_0126,0.31344058099085637,0.30974248703357854,0.009348503452966315,0.008157233138348726,0.2241713734891778,0.0014666174292605747,0.0022370403490911688,0.001556947739099989,0.030731937337721928,0.013229810246201856,0.003312129238181815,0.01121075228645257,0.046143137225450444,0.0015931919179053274,0.0014865796762332706,0.022171678449473337
spot_0127,0.18014264850090664,0.21045561747932748,0.11344524776343885,0.25297409116956654,0.009400209464158487,0.0018570795166233812,0.03343893624637498,0.0027497275020878687,0.00339211435620831,0.0018766199931761225,0.1304674765655593,0.0075255110711317545,0.016688797277305923,0.0024527741711904446,0.031506152841403734,0.0016269960815401766
spot_0128,0.14762927605843634,0.23839611461770316,0.2517346950566954,0.0559982454700899,0.0039958692027539265,0.007881474203774724,0.1357831448084801,0.0329214395166186,0.0003649281794600685,0.00044727805775920715,0.011569781174722392,0.0010044275000121222,0.011581630906258316,0.01306087571986994,0.08727429985978818,0.0003565196675776405
spot_0129,0.07385185824122588,0.057473512879412554,0.09317989509496374,0.037183803756440044,0.03459234324374712,0.007466151452996814,0.1902392899879547,0.17035091807895245,0.09983974320060524,0.072352331626912,0.010016244967480771,0.009373258325903983,0.012756373310564329,0.009900387858178778,0.010165385218592681,0.11125850275606895
spot_0130,0.2887781542026806,0.21606544004625872,0.26114749685278843,0.11285554451463359,0.00525731184372962,0.0006956918452871403,0.0019076379297967513,0.0010640848454548217,0.0008640240430881131,0.0009930785411344535,0.031034788675595674,0.00972619564427707,0.06661600737902244,0.0009267440695535602,0.0011378877796647039,0.0009299117870343026
spot_0131,0.3379644582915734,0.04075565326129917,0.02473672219220035,0.10506834883264995,0.012961883265899718,0.006568926297571307,0.041348547217923776,0.24933747834262057,0.001738715433715078,0.003948642978830156,0.11367460817836032,0.01597682772882915,0.009305129092766692,0.02922485121462367,0.005821549570751323,0.0015676581003853639
spot_0132,0.4755536364083594,0.07698629240214097,0.14493219264666823,0.037904313945939135,0.008230791977021994,0.0064726871192235195,0.1127845636216933,0.030376562807650987,0.0010398507364536623,0.0010601374228219468,0.009536033056205128,0.005684187309626317,0.035941930076737634,0.04814874109758366,0.004448922242218193,0.0008991571296559295
spot_0133,0.08835759573022467,0.2930514112808302,0.1956127083826322,0.12218192028537628,0.10843865547503696,0.0105706364740991,0.022777484886416642,0.02052972367610806,0.0011653487252520456,0.0012297271513455452,0.02377289630830554,0.016370734511871283,0.01066709134294809,0.010542257968932633,0.07347081821224478,0.001260989588375974
spot_0134,0.05525056256218848,0.012101123360489754,0.4789251362507802,0.007054933163751824,0.00479475435258333,0.010802607129113176,0.2025813904668886,0.07189805001656874,0.008626798450874164,0.07249190813940656,0.004859507534987536,0.002639593053699386,0.007215173038477685,0.023290061108404734,0.018585938791815266,0.018882462579970578
spot_0135,0.2585925019521049,0.2167289714417918,0.11476949762204607,0.00930666498864593,0.01577921041333551,0.018887668774111757,0.12533682078426267,0.08195582030389033,0.005355191169075178,0.044212812308963775,0.0030768192924194512,0.007718051810578796,0.021220044279858432,0.055555569846638196,0.004873583998466905,0.01663077101381033
spot_0136,0.0017728636871690098,0.3683150436306888,0.12260542938741635,0.01831864058282747,0.0016640882506525818,0.0064233098559977105,0.01762670661118044,0.005357882555056985,0.15644552226581404,0.035450814291972325,0.03514576514754038,0.001462910696521839,0.007810911642732504,0.006026593877649948,0.10008293267034687,0.11549058484643274
spot_0137,0.2885321390330358,0.34896445079313193,0.012963330137457717,0.09080446759956372,0.009832737340652997,0.0035474570116675996,0.0026381596559153188,0.0015166134461837306,0.04123053846017663,0.10904891366808243,0.006648196242354097,0.01528877053634581,0.014133576316010235,0.0021316931035875947,0.003263265057088368,0.04945569159874603
spot_0138,0.161016694902312,0.0268899687646095,0.1665737155109904,0.1113741858149365,0.017001026438114842,0.01666846440740023,0.13559799232302952,0.10019803319077257,0.060091062425767526,0.017891176118449172,0.010884851826041738,0.00944935457047024,0.016975769449448,0.051639175507814244,0.09143675822627494,0.006311770523568578
spot_0139,0.38402995169259396,0.026467419031557023,0.09474994597192304,0.11448619888325953,0.0504443554928161,0.0012640565967026527,0.003531507091856442,0.0015635554026170598,0.000857718247629974,0.0009100753676230369,0.24879618720475957,0.05792010136748838,0.007242107768710827,0.001648906215554211,0.005331901087219749,0.0007560125776884517
spot_0140,0.2948967513514134,0.007143770531874472,0.30768452793517737,0.022706272479429385,0.005038754806332372,0.0029270779676690913,0.009787625588641394,0.007865635425228787,0.03660364751471064,0.006778500632237656,0.04086494901702926,0.16031776032695116,0.0076736727086319,0.0035342231538370316,0.006305396890142202,0.07987143367069384
spot_0141,0.21970565966301656,0.045699666714833144,0.179106519622728,0.0610106645039585,0.08341385478714367,0.029413242014786987,0.009647050016987459,0.007195868580552734,0.056819380737930705,0.07504315021129883,0.12515386535906436,0.018830604049895023,0.006687089933087419,0.01218085243117089,0.03331564036182798,0.036776891011717765
spot_0142,0.4226238695117759,0.1803324824469558,0.12130931180000643,0.0739821841802969,0.1267655867367221,0.0010306325023172397,0.0032273558569472643,0.0013364976126485429,0.0043329056662662,0.002621741532963169,0.006675479956735403,0.007032247839716696,0.04172561724363587,0.0009760709642933923,0.0013138480356576713,0.004714168113061436
spot_0143,0.6564208698169008,0.08993094650984534,0.012493552643403365,0.02948836296736771,0.06821995021915261,0.001889184852739788,0.0024736568692550124,0.0013683544547634027,0.0008874144306047095,0.0010792792052831798,0.06182232640625597,0.0628152089491572,0.005537076882408747,0.0016056082857566541,0.003091463383022987,0.0008767441240824708
spot_0144,0.3307366572068878,0.1221475835071901,0.030023247396903496,0.03565756424151578,0.10098987719631682,0.03501524678297684,0.07522637676049891,0.03645629416972788,0.0017709129707834245,0.0016010393507243572,0.09075525597831069,0.011406659072074223,0.02794646309173132,0.02685023710895966,0.07196445067724215,0.0014521344881566064
spot_0145,0.28380815743981386,0.1520588338386213,0.20568572095756352,0.1502384050275947,0.03875018231253971,0.002598766937410425,0.03815391457731735,0.0033918433037407377,0.056776280411570346,0.004606646522446119,0.01476528123806778,0.019487407365981268,0.011910525373319256,0.0040110879412063455,0.00444863281638619,0.009308313936421097
spot_0146,0.3453670826117251,0.09082153385058499,0.22708131313113603,0.03595172813847241,0.010104993040321938,0.018248511029971933,0.015557963790228217,0.11167407595246893,0.012253490699120292,0.007013849214288967,0.01814002114053661,0.016375681403277886,0.012575140825002848,0.02814762089469229,0.01838006323582971,0.03230693104234185
spot_0147,0.014811072743183738,0.03533984429422369,0.15106225100699328,0.2522264681975097,0.16170373871836233,0.0013810138442278063,0.003264822324701425,0.002001328245007299,0.02088390671266775,0.02043881954873799,0.29059400661858337,0.006853831133809891,0.01943868966756673,0.0017144188533456978,0.003352282977931179,0.014933505113148133
spot_0148,0.32683005318008385,0.2771082516415279,0.0513144363342894,0.09199562755340017,0.0866697940188829,0.056025366052750436,0.006572831526084373,0.014960333989380717,0.0009159200507871289,0.0010200578070973093,0.01302642629947245,0.004125721366373454,0.01814753165054302,0.04739747751185299,0.002971470820091356,0.0009187001973825284
spot_0149,0.7465224180696433,0.05887599927116166,0.037215749198903816,0.08652881686137241,0.012247305112297137,0.0020746148834102623,0.0032642105203769057,0.0019509269342671285,0.0010343598808291532,0.00114911487802493,0.005587054043865619,0.0065373951669282886,0.028399371264727993,0.005457276876093983,0.0021630788164454058,0.0009923082216520315
spot_0150,0.2560125465185912,0.016051799467421985,0.018665086114777987,0.1633438926006319,0.10674749887296599,0.008679967873488998,0.014612435956695445,0.04840656824930873,0.010514309134846975,0.02641113538086491,0.1721418850644431,0.0228265981215606,0.0333195784879874,0.014273899814203204,0.07281898896905169,0.015173809373159913
spot_0151,0.37930117470312524,0.029031427771936805,0.2093237224370797,0.06697977541676645,0.028975123593784364,0.010244116182947608,0.07624731769962569,0.016812757099877593,0.0005357027770772722,0.0005596620419591736,0.07092708670131452,0.008332402203741698,0.00601892724514681,0.023404807050867903,0.07284134041974205,0.00046465665500710946
spot_0152,0.06644184708762035,0.40564584405673487,0.11192001778146247,0.05546421063102552,0.08073185394340679,0.008066761923903697,0.05698763257025907,0.14266061981954586,0.0006168851078910231,0.0005765021896678582,0.004526026773630866,0.002742309031655423,0.033875093697938966,0.02153082239053836,0.007605818668616608,0.0006077543261022525
spot_0153,0.5648320230803525,0.22461217816065687,0.0171523340046606,0.0063886508231930485,0.10403532081957105,0.0023274386498280714,0.0032164315221099664,0.002478309937991078,0.0018217514970498001,0.0015869975967580932,0.0045755718812973325,0.05212773094717775,0.008294470592556863,0.002627396777952072,0.0022155331851972672,0.001707860523647634
spot_0154,0.23966224041748885,0.1428930761670395,0.07371238077457481,0.07577973338081123,0.0929701613174554,0.002206036255874466,0.009544555396688872,0.002703763954650911,0.007304530337739895,0.07168598693861143,0.07525361712819097,0.06855437879083981,0.030420525539014896,0.0024719245565345406,0.09638618686432723,0.00845090218015719
spot_0155,0.35276283847313655,0.08420420363361437,0.26738167508557836,0.019007690949333852,0.16064245286691808,0.002805449575189602,0.006134107287204902,0.0018814785437683734,0.0049717700694142915,0.003808876932786924,0.058817300754027746,0.009922319731197466,0.010275459703222477,0.0019233099703509372,0.010909974462391182,0.004551091961864903
spot_0156,0.18062940072000483,0.318541487028551,0.12873699833470434,0.04930603925204787,0.010343875510236855,0.00821850983621328,0.02365244191711538,0.06488890142113277,0.0767946043274804,0.004542409022833547,0.042085322534934425,0.021696442765911005,0.02611857232539094,0.02895039905335596,0.01024874224731511,0.005245853702772322
spot_0157,0.24091438997914,0.06991946210621551,0.5462208906004236,0.006819496580153033,0.01329789676022929,0.05354930908044346,0.004301575410398486,0.0029675961169409524,0.0015761481267940762,0.0017675131752096862,0.005527037916179711,0.011296243121710133,0.025997772176903185,0.01085402562609702,0.003008752840841145,0.001981890382320733
spot_0158,0.11096933986882007,0.23033417139636975,0.028470384374919225,0.027772844021844746,0.16571122413795292,0.004446036909818423,0.11988821149672564,0.027749706720250542,0.12757545672642379,0.01797105637191242,0.010338464137783703,0.058861748288667144,0.010295348080701077,0.01693301822495872,0.03410941665260475,0.008573572590247071
spot_0159,0.130896546344538,0.14306750194079978,0.04135243896406199,0.2080093870204385,0.03433682303835437,0.02374439417735849,0.05424324272272608,0.03541737349766089,0.05054802924280567,0.10204497464463526,0.020677068568516085,0.0055130422253175885,0.014891882540079645,0.015715458269427933,0.06416957345791519,0.05537226334536453
spot_0160,0.06828310083261914,0.1232331434197941,0.268554427974716,0.16188505651274976,0.012553499992721102,0.023955185716601924,0.024157278204627236,0.05499927045230413,0.009290151614754036,0.04422818979090536,0.04207974356204505,0.01610979590276092,0.08421909865436175,0.015201026659769192,0.01789163176070377,0.033359398948566515
spot_0161,0.4718822550170429,0.056584075052622806,0.197750258625356,0.0036142098044516283,0.022904262542271733,0.001346768783966984,0.002634806779524274,0.001856335906848417,0.12456622889572552,0.08075892119977444,0.0024991878808241674,0.01511218382848879,0.003441922291425249,0.0014344423022189965,0.0017202260353670381,0.011893915054091054
spot_0162,0.11348732985602714,0.08227439027230593,0.01081451300456591,0.2868199055314411,0.12181461863904797,0.004635920065263826,0.012069827601008158,0.06616238920847045,0.11567645112601002,0.0069058928589814834,0.049942012455149815,0.006502276242533817,0.012387763362812321,0.015122575533252436,0.02172456688754865,0.07365956735558096
spot_0163,0.014027189799026764,0.29637026580672493,0.144114558309029,0.05488768906026337,0.058751233480759,0.0397500885839532,0.00522191465493301,0.006672349901204672,0.16716029597596274,0.006748696035397642,0.03900302743603324,0.0191841480934027,0.07439259765984099,0.04045528072598286,0.019506287432703686,0.013754377044782188
spot_0164,0.27714376105637517,0.0868168311801052,0.27573041901778755,0.09604743805405153,0.007536037595189738,0.007185852412231506,0.08453068471773033,0.042318641324878385,0.0006884007838557159,0.0006222455938865297,0.06503719016673162,0.008514892029365015,0.0061336673533133775,0.021658622496566943,0.019421646432932878,0.0006136697849985181
spot_0165,0.6386086476794165,0.0749253998079705,0.05513445170837721,0.020486815575041513,0.02459055389897054,0.005269337017745411,0.03407982246558317,0.0566943241452578,0.002820218998862329,0.0011463533110537389,0.032106442327926345,0.006551002570839358,0.028023825472086622,0.013488347905975312,0.0038515741146021125,0.00222288300029155
spot_0166,0.2610970484270233,0.12230263605409464,0.1325561255761249,0.008204725271663188,0.18187646390724327,0.06533492142039389,0.005776452744100206,0.050237870901299934,0.0007927800770581473,0.0009941014792006792,0.08615292125341863,0.005280017323542468,0.026516892858262166,0.04520233431770943,0.006937235557390117,0.0007374728314750243
spot_0167,0.18795231594086978,0.30530599859459157,0.01189498120716179,0.22658982164081742,0.04331043118111051,0.0035908047677585056,0.005919155553185261,0.003195898189456957,0.002606581569654941,0.002428926081199567,0.03995626041410755,0.07120202147714333,0.08761477123535731,0.0032603024948279495,0.0027708654970161066,0.002400864155741446
spot_0168,0.28176103185314993,0.02701008537373845,0.23160565989423706,0.011084313936019588,0.01243666470407642,0.004710341345007632,0.18294727303323502,0.07142844931670941,0.018492650865721275,0.00891637246105738,0.005679275927816851,0.10183972604394456,0.00871407240952518,0.021659810605265298,0.005689368668230904,0.006024903562264988
spot_0169,0.1737795239964201,0.09399257815232151,0.4159557350409898,0.2046002732491892,0.018758370988332548,0.002214881427348737,0.006000189391463375,0.0027676890989338414,0.001342664644882716,0.0015361589011366342,0.014268620601294864,0.02419930162628347,0.0330051391862913,0.0027063694945787683,0.0035287188379546646,0.0013437853625785136
spot_0170,0.2509151876815435,0.06519780376584765,0.3697138366879059,0.00835968495830843,0.006257190432932422,0.04469072640795129,0.030192859318533955,0.0333358857997288,0.008835601953650742,0.05980530450034754,0.008924230514424892,0.01892508567298417,0.015498167920194955,0.04655618325396815,0.02295106635263744,0.009841184779040196
spot_0171,0.5052370326258842,0.1722930467981566,0.09874027112208543,0.07589051291031493,0.0999485407351743,0.0010207955094963391,0.00479072692362564,0.001592540716152503,0.0012285793914884515,0.0011947055419618648,0.009592568363886337,0.009956831525982283,0.013126497114515611,0.0013656206284424347,0.002729907422900112,0.0012918226699329706
spot_0172,0.24692024286326972,0.04769493131868366,0.21483938231108196,0.10494330274969355,0.014233698221872511,0.004611910020166373,0.15511677964798026,0.009518222289698617,0.07834888026353748,0.01374434727754325,0.010013403486369216,0.007061953941523245,0.04382608725358077,0.008565473162387306,0.01035826595201324,0.030203119240598868
spot_0173,0.657236464874466,0.2344955179040246,0.023133060187765675,0.005072810915515421,0.030383465567635954,0.0024042448698781576,0.006152393118422458,0.0020032377556246503,0.0036184893640052026,0.004165617903554842,0.0027147825905358665,0.013719548439895824,0.007361057385783889,0.002061367008653562,0.0024659553038346143,0.0030119868104032813
spot_0174,0.2890636051724085,0.04899341791623961,0.09070403348677754,0.060431487865208126,0.023787791361060996,0.017034262750253142,0.1195932685685788,0.06827918932145219,0.002179174468437017,0.0020261663505624357,0.04181153271644068,0.04172580775943195,0.10471840030406587,0.07477907710296813,0.012537381821891038,0.0023354030342239928
spot_0175,0.6602830726853172,0.040601237393443186,0.012961100596736335,0.016908475472174635,0.014687495696590756,0.031598957377933244,0.05452861507244906,0.045392794390097,0.0029399643055853905,0.0029201682344569607,0.014085201663650317,0.009833396399599603,0.039001531488563584,0.03750460881066517,0.01411772235625367,0.002635658056483905
spot_0176,0.10228698968446917,0.11924544496462114,0.08863616284193826,0.13880249368426661,0.042547046517500034,0.03968054372585,0.10108311718550536,0.10464783196581848,0.015457848177246901,0.09067555241460608,0.06871435132235981,0.014372263017613653,0.010464335923755355,0.04016726321736317,0.013629785612287641,0.009588969744798333
spot_0177,0.40581608145673076,0.0694249027948622,0.016501225437849452,0.1022695930227288,0.015839508345817915,0.025760615727948327,0.009580233973932602,0.033423809343109456,0.03149011587036617,0.08752885205494844,0.0198814877864198,0.01765488036656096,0.06597072407779643,0.07872016341132562,0.0062058036449997135,0.013932002684603317
spot_0178,0.36547860094461726,0.2882989365989415,0.012354377797663126,0.26908880951081765,0.00926785739868762,0.0013374928940659712,0.004007734542224318,0.0018611100988503678,0.0010952952866368315,0.0013554558002036447,0.021245650672572187,0.00869158281773485,0.012257676030580356,0.0013252236770731987,0.0013055673414710883,0.00102862858786
spot_0179,0.2606373089117097,0.03993517763237936,0.021617032694736662,0.07172415706255084,0.07950609148597407,0.0021786340460169863,0.0037728653778733696,0.0022612240871372935,0.002539209700270886,0.0027127023673086904,0.021561431555453207,0.46316891572495733,0.021942295494460095,0.00218251466692723,0.0024045158532028416,0.0018559233390413802
spot_0180,0.30096957490122656,0.07116499641018352,0.022039579332916864,0.07412011977162529,0.10587702284532469,0.006748734434532292,0.031147353150983634,0.005670460794238185,0.03356686968675404,0.014203880368200627,0.04408058605263799,0.021144192972356302,0.016664888138991408,0.004813190679508079,0.13561993666521938,0.11216861379530116
spot_0181,0.20452405021409456,0.03744045800056505,0.34087091613957166,0.018747069564073952,0.043151181771581115,0.006448379543378924,0.034336795509387785,0.09427459659365876,0.0009122208643449419,0.0009901094966273706,0.03683934260290212,0.016743007988445555,0.008569882901570585,0.022526083080358847,0.1327461808470706,0.0008797248823681645
spot_0182,0.1472270429884306,0.05073154774838334,0.049071042055604,0.16827908304869946,0.23116205893946876,0.0025338140450231516,0.00646822475533314,0.002518485293333898,0.008257607935815694,0.12178700629292849,0.1499001863741818,0.03618783640982463,0.007763041915692763,0.0028256557873840528,0.010052732392766836,0.005234634017129425
spot_0183,0.001589831224656783,0.00977270422647526,0.009211266496948948,0.7131928699666907,0.0015694640273781263,0.00542434007662338,0.07807149239044406,0.02456288371807481,0.0021638138497028334,0.0018275180984384032,0.07747913946792079,0.001533705695362456,0.013586115563526492,0.03292248597058296,0.024685021011289825,0.0024073482158841358
spot_0184,0.38878482140407905,0.2978161898657537,0.01107993351275598,0.09541430491295351,0.008887753676487021,0.006132965554794635,0.024280886699394745,0.0036827991848431526,0.028763540825114866,0.018875593108327544,0.005965578795525658,0.018457723650475856,0.04089455772387587,0.002832926149428381,0.002296566341265763,0.04583385859492429
spot_0185,0.10790192262280418,0.33944793597627976,0.20907890199435517,0.014974371499360494,0.13974261411015595,0.000941395867580301,0.005792694796646708,0.0016310809719824633,0.04773173651214957,0.021838961584207037,0.00266131820401852,0.043346492244600014,0.041479860683440783,0.0013428018866992412,0.0016675338622816741,0.020420377183438143
spot_0186,0.018472296707490597,0.548173906918324,0.24328093352695457,0.016607480785080477,0.1297178941575814,0.0012483826067344495,0.0026009448294596377,0.0010976520789347803,0.0007226063073050102,0.0007416400863625768,0.013584219379889179,0.0027100493904990176,0.016849652015013,0.0010355009961417422,0.0023930374272991364,0.0007638027869304041
spot_0187,0.362534787474723,0.07422841178075441,0.2016310913822378,0.035728970536251965,0.00870496022797663,0.11116131704674202,0.005816760597455245,0.0072397226902114736,0.0007001872547231783,0.0007176361243207619,0.1032941076425133,0.005961833928246902,0.05614639634592306,0.0058425488932542635,0.019533886593957744,0.0007573814807082328
spot_0188,0.0769385806800127,0.20504186668974547,0.39449847183209874,0.0896629919253536,0.009538466479321817,0.0029477484308695137,0.04045838672065914,0.004226282018187475,0.038643885995644035,0.04188078817427496,0.007571375831750404,0.002229877881767202,0.015656478300673845,0.0032968656962953295,0.0051088243455724176,0.062299108997773335
spot_0189,0.311666509903136,0.33976740417115214,0.12856990494539872,0.03248700935133285,0.008292563315360163,0.004900084584686445,0.0032027676796844537,0.002058711088853342,0.0022088219330912845,0.0030351959777685914,0.02137144188717996,0.116968373471528,0.01919261840874286,0.002792158223753262,0.002019189652054375,0.001467245406277589
spot_0190,0.1437452229373276,0.19385754200682187,0.1252903856320112,0.26910918967075365,0.04262856456532626,0.00111835364489843,0.008675092331246114,0.0019230889401439916,0.05953905712233116,0.011729879001757218,0.008568004392874515,0.012519895991500852,0.06444390674520302,0.0014680044770627005,0.0025286150683882375,0.052855197472353205
spot_0191,0.3627975670952883,0.31632296723695846,0.05079611548297024,0.00904843024995534,0.006683420130740984,0.017467184561908173,0.008253525544734526,0.029930642797522482,0.022446948687885628,0.08493466028946275,0.0048304897829494105,0.008985709013778674,0.0075224116245493225,0.02173523043266581,0.009770559498381555,0.03847413757024833
spot_0192,0.34437971950307733,0.20873736201391727,0.14644463527229376,0.03793323904870062,0.07672740581266792,0.0011816842470856815,0.002621672866688784,0.001430262595818111,0.0009133488586585908,0.0008470301179286364,0.14269667974761058,0.021446242723611914,0.00984715007123913,0.00105666705375358,0.0029804281922504888,0.0007564718746976046
spot_0193,0.005032252795845767,0.06688261417775353,0.18069427410941818,0.018491385924897314,0.007412810069319076,0.009205300686083528,0.015227040766857308,0.06348748960917257,0.26907751423702325,0.03854823496673079,0.0777492417198307,0.10172043390140241,0.006794570375991168,0.00882561899947964,0.040357774371803594,0.09049344328839116
spot_0194,0.4131518326135665,0.020579864327042355,0.2397237455578629,0.006224874514141325,0.06852876260250085,0.005191208964514126,0.0384112042102982,0.11393606779414482,0.0007706420103767126,0.0008153931502900713,0.0036237754934767704,0.033396334710935324,0.02461738972920034,0.026024142740063295,0.004302164876850749,0.0007025967047356567
spot_0195,0.30432890178742605,0.11850606130749625,0.0679706434664008,0.28047756661733375,0.03658892732856479,0.002023764156101511,0.005644687028097506,0.0020935891246582315,0.011745500502019788,0.07800656431388399,0.016373537272445917,0.04729349212447057,0.009735219105040271,0.0019528726923221155,0.0030104919973829567,0.014248181176355451
spot_0196,0.06636471644419137,0.33269022850200775,0.14112540335354973,0.09927930551465784,0.10948459826023299,0.0026548887438858602,0.02616451168171469,0.03765107574171767,0.0006264842464682601,0.0007333934493191207,0.04518248423864359,0.0015949202815740218,0.12116056593559714,0.006850701853671154,0.007851443020879117,0.0005852787318896755
spot_0197,0.07451755018352052,0.16662027889912914,0.20094567372499522,0.053366906169532616,0.0725421611487985,0.010348108083507288,0.153953307594512,0.00615680346629227,0.006332345335326521,0.0853980159567553,0.05203391504138321,0.0166330681528795,0.0403316087604777,0.007979904767331018,0.04361662023560725,0.009223732479951941
spot_0198,0.17990895177242522,0.24918345170657605,0.017173318528231462,0.2030908843518116,0.01536370813210826,0.025856210149858654,0.017174889389354273,0.021155651435089812,0.10529485709093638,0.01084448029386517,0.01164584014366332,0.01522122814595533,0.0528668915353163,0.04734511292665707,0.002770302761665908,0.02510422163648518
spot_0199,0.3011096759563904,0.2653194858745969,0.08408510218728747,0.169278263932847,0.04003935579821013,0.002834293444668736,0.041826298236807516,0.008434781791085736,0.0014323703375127526,0.0007546488760542474,0.023044885124979875,0.0035708930234841126,0.04557317887993985,0.0036153017284855566,0.008109743931291418,0.0009717208763583204
spot_0200,0.23006733557519596,0.08020766399948395,0.1092022821925286,0.24529575796503217,0.045071721192183944,0.056973991833081335,0.009890108394580162,0.02224293053797654,0.003478636078261536,0.012833187356144497,0.09086486700951617,0.05473889723601993,0.006293088133716138,0.009256723240063937,0.021718044173670487,0.0018647650825446517
spot_0201,0.30142467101042103,0.01048164675849122,0.16958898706649353,0.10379973328562558,0.022662447203866887,0.022371932581677287,0.007142722966986663,0.02952360589447415,0.06252065765018572,0.08230092946186598,0.10206632651302029,0.028816062950541763,0.01104011716920035,0.01527278403193549,0.010273749014358626,0.020713626440855434
spot_0202,0.1729708372033221,0.016078292817394542,0.040905658823187606,0.2895732621836458,0.11385261700309836,0.009292845586666657,0.08959823953392841,0.05316866103907027,0.004427874963145218,0.0725208093988951,0.031290141336353355,0.027170258026971688,0.02277823289077858,0.006011504664365902,0.046548060579021104,0.003812703950155283
spot_0203,0.29855063391693865,0.16966627168617895,0.20692449783046296,0.22928085199230444,0.010633164406467117,0.001340932978227931,0.006106849142436446,0.00285279037679259,0.0008456721900313719,0.0008915797746774384,0.012583393883367445,0.04305892949054381,0.010493991593162985,0.003038939392789571,0.0029097398911744955,0.0008217614544438138
spot_0204,0.20669746287596585,0.3825036580270163,0.16274777348784067,0.028524126899571994,0.005065388324851947,0.012840311550193375,0.011304874266404485,0.01376032643234632,0.0019077425489435699,0.0012347518667600603,0.010108561049944776,0.029162681923060978,0.08991644874148996,0.04008908553544478,0.0018655973545023158,0.0022712091156626042
spot_0205,0.14204306831101046,0.20035180361065916,0.2441590590630622,0.007964167736699277,0.35310707286817133,0.0008867695684405905,0.0020182757962837823,0.001032574594954317,0.0013231871997867709,0.0016394517704401642,0.004778653049646941,0.02716011850511404,0.009214846414736721,0.0009011491730167181,0.0014628936973588044,0.001956908640618719
spot_0206,0.35518791918460846,0.1898305025718511,0.24543896347459637,0.055191103009774777,0.009186946056909806,0.003030695983220932,0.010672789720034487,0.008521921354812128,0.0004259163340082104,0.00044752561082330166,0.021334443767589334,0.008610241916022486,0.01689134839102087,0.003495617897807899,0.07131763819440681,0.0004164265325130348
spot_0207,0.22195077980327446,0.135057237415814,0.23010280521598328,0.11132899710428201,0.019222981186401155,0.029161946957879922,0.015003039097665571,0.0728491458761514,0.0012106231984057312,0.0020058852448834185,0.034398035829122015,0.012767596062712362,0.011393461160198647,0.060255489314580205,0.04186450354383094,0.0014274729888148774
spot_0208,0.29887417586559234,0.2700755008253419,0.014782727226688342,0.08957776992430529,0.1455618926162166,0.000968604987241104,0.0023663333555218663,0.001193755086344756,0.01363657035176246,0.07266770740426441,0.005910646523891828,0.02550318230887758,0.03865791414148014,0.0011402460443540653,0.0013490029290531157,0.017733970409064242
spot_0209,0.12945626664335094,0.023957095517921925,0.05259395646832679,0.19431747948865855,0.03740954508203371,0.0019796837135858023,0.011341388723085157,0.00357321166845137,0.00248821116318753,0.0017005115908568524,0.42547799583280044,0.005101905676158421,0.07140237964074353,0.0030103232558105503,0.033309360091031935,0.002880685443996496
spot_0210,0.3143963283123378,0.16532448937921893,0.029924905887954985,0.10935790521957872,0.01800400867655141,0.00927602999508154,0.13084097817746004,0.07595449061799232,0.0007100079151054554,0.0007028512425641649,0.008525427620123292,0.015954603583001936,0.026439973676262135,0.07977519861960725,0.014039635734391822,0.0007731653427681775
spot_0211,0.0008930799396625698,0.06709416454677915,0.8909180015240306,0.005241418075028847,0.0009007232559568997,0.005404508063872902,0.0040700163579698795,0.0028756676695555782,0.0009757493786613374,0.0010237060378379301,0.0036425023376128523,0.0008690300138949165,0.0059096255562850865,0.0027588736026029704,0.006490957577494129,0.0009319760627544032
spot_0212,0.5273343924150187,0.05959960799659379,0.10297969569615711,0.010364874453373142,0.14348157305565976,0.00914841690163387,0.012834185134928188,0.045097056943845165,0.00767377349981379,0.010280087638692328,0.004250297511743104,0.01351974343041842,0.010178301282753486,0.02888206602342393,0.005380441082005668,0.00899548693393954
spot_0213,0.2829707333136456,0.0518246596110452,0.06676753836689775,0.12933795495330688,0.022051558932253582,0.0017294742946091265,0.023908037280442086,0.0025433888227627236,0.030017532035485184,0.02944541743473633,0.06451242238873942,0.035901923101893475,0.17727415274540212,0.002886805503191391,0.004826709092004913,0.07400169212358422
spot_0214,0.25578874291851084,0.03084729520522237,0.20285295973448927,0.13233466405319308,0.017585299220787214,0.007021287104946613,0.16647712325994868,0.0482486574166929,0.0010357293940101932,0.0011148602608838049,0.004941489192647147,0.0059944172743919555,0.07056701429006909,0.02092498716259008,0.03293652117853981,0.0013289523330769167
spot_0215,0.29410959452928737,0.14514559947389274,0.08301823996639933,0.2071860314870797,0.005882194945721202,0.028128612738403343,0.014334781228940835,0.03575683012444706,0.0010549037205557273,0.0012903272658119243,0.08009513162412349,0.006939697349946864,0.060383462326080814,0.023034098392578115,0.01229462804737897,0.001345866779352536
spot_0216,0.011311407378349585,0.31278933793349245,0.35221039974165747,0.12676707307996307,0.06109790762968496,0.0010993221315357103,0.006097903129369319,0.001315675269211059,0.0008720323698297249,0.0016557648039158765,0.012261355760918602,0.010430560336657499,0.09773791443935338,0.0011484338854189143,0.002445589262631266,0.0007593228480111458
spot_0217,0.24887896284258001,0.15011425879152035,0.05401486633312941,0.2485687897459627,0.004095020280938007,0.0011089349482481128,0.005745234465287643,0.00120568091329301,0.007368088255308688,0.013268470597144873,0.12611956741043795,0.0050084929865444345,0.052561022887397536,0.001279750095025608,0.0027475445725712497,0.07791531487461044
spot_0218,0.42617140314309404,0.16132702488018627,0.12405741360592017,0.007655913774237591,0.07809385800308402,0.0016901935535548137,0.004006205402597422,0.001931789754571085,0.06436302998401892,0.03231761206308227,0.003647480708730816,0.007434917541344451,0.0683186480250342,0.0017534892385393753,0.0011358026060114292,0.01609521771599314
spot_0219,0.30136651346645366,0.016421729677049614,0.4557956643054143,0.013063390954783444,0.14411999744430945,0.0024036531884573616,0.004893215157680885,0.00301910115752643,0.001674356121532907,0.001705409868576018,0.01294770176435048,0.024097445073920875,0.006367232814679437,0.002592847139210965,0.008034508371835399,0.001497233494218771
spot_0220,0.22065222516801236,0.01766237362136697,0.3505116651283889,0.2872108208532662,0.026861317159232758,0.0019120744201531659,0.005807849988692948,0.0029659794701044876,0.0007336927926235418,0.0006318370965030485,0.05603791024308407,0.010776858532123231,0.009467302702470882,0.00269313123229988,0.005399810039621751,0.0006751515520558285
spot_0221,0.19763353650402826,0.25259718667239667,0.3293940735935929,0.006677814441064401,0.008090505282066694,0.0009643535249023031,0.0022779626162338262,0.0011912018448539717,0.0336689150669138,0.10574594382032675,0.006025968019230298,0.007090689849760106,0.00604819461425977,0.000946171714201462,0.0024703992337502625,0.03917708320241851
spot_0222,0.13329583496416586,0.0947423838719709,0.1135201592443378,0.16435904652612465,0.023945329575547496,0.010483827093408424,0.12662963129566704,0.016888964072250753,0.0012995498906964282,0.001543804635218535,0.19808361555101747,0.008636996531574953,0.025150562414400588,0.05401418850854163,0.025141087497527158,0.002265018327550335
spot_0223,0.3195669135637833,0.09138115870578062,0.20641254853069468,0.04193753141871977,0.008656838552169109,0.0018580036091536895,0.006637079538569835,0.003082485066059227,0.02239659050987747,0.06467766116660578,0.1327597763478898,0.06201269643949737,0.008696887118603521,0.002412442715713895,0.009673967994591,0.017837418722290964
spot_0224,0.43121888920034634,0.015056557051869875,0.08540714251774305,0.14353254849214903,0.015549638123147504,0.003715439277807032,0.11949573639666364,0.06546386076833674,0.0006846238571747889,0.0006171637151361482,0.01214053870636822,0.010365976802683283,0.05202189182201914,0.017906641963460847,0.025975825054539735,0.000847526250554598
spot_0225,0.060231474279074375,0.4499129206275388,0.05911758995927407,0.10312577198070766,0.009770942582693206,0.022991733229178416,0.044802123093239665,0.01520229855015443,0.032085736149693685,0.06966255405891968,0.014130089503425087,0.006115345604702292,0.03378006176359294,0.059711558282961257,0.005570625553943646,0.01378917478090082
spot_0226,0.24845006195532407,0.19212073339328425,0.3039395194345681,0.02333073780645405,0.07396899284062931,0.03737250266480759,0.019312043510370122,0.020436977871628292,0.001205996994673936,0.0013254976685044878,0.011432614819366367,0.018321465253367995,0.010723525790727446,0.022719819368596104,0.013984686078549158,0.001354824549148679
spot_0227,0.3768187384627182,0.03730233216232194,0.15054819840483846,0.002695339331491099,0.19431298011550682,0.0009491513353900374,0.0015122567807530612,0.0012271326387591247,0.021974478756957804,0.08045900276338144,0.0021907151657736186,0.06687572582465456,0.0035837941310448078,0.0009399364043888413,0.0013672996357008917,0.05724291808631934
spot_0228,0.2873164745065526,0.10463858496329051,0.02450957017089266,0.10394469634380506,0.018285967742373493,0.003398557413512834,0.12200478609374535,0.027193931681258807,0.04363063657613868,0.03355820313838367,0.004847621213112402,0.04211593692375815,0.010695130215999696,0.005493675397090541,0.005315158236170707,0.1630510693839148
spot_0229,0.3287310725457992,0.4542746155562442,0.07377547972339862,0.05407998561397341,0.009157874423765748,0.0036901815805709323,0.012650789231862403,0.008861218097933228,0.001118183246837013,0.001473832008210588,0.010442955177830738,0.00730161647657741,0.015455017018884392,0.0066854632058598535,0.011287214710802839,0.0010145013814493997
spot_0230,0.3625105147214452,0.13524576348661407,0.09425232983428805,0.2583340560383305,0.01933517813959278,0.004520285499725622,0.02629555621336028,0.004419491441107413,0.0009954750334661407,0.001013347084514915,0.043803116301751446,0.022676484819758,0.011894282275384286,0.004217070895982818,0.009292137296397095,0.0011949109182813871
spot_0231,0.23331930561337633,0.06152678937131896,0.14851800673966717,0.014301089996722366,0.007462452406857058,0.02569676993480655,0.09357375424616979,0.08854295620814985,0.0030970475259188583,0.10059994003346436,0.012910893486843484,0.02635575945830256,0.009396285713412583,0.0576156310900223,0.11302901248634713,0.004054305688620645
spot_0232,0.38772693825147947,0.14437403942731258,0.10247100244265636,0.005434052759456695,0.13996957777893293,0.005244872921304252,0.008391677218871145,0.04362474121362077,0.005866846005623659,0.10173565026558767,0.0029041492788784325,0.020478135659178283,0.007098136201633182,0.01042587786205309,0.00412176983382131,0.010132532879590176
spot_0233,0.3053192228030251,0.14218423871473646,0.08056499906861628,0.1270120820528144,0.017809895107143037,0.001334136445713348,0.038460563738696524,0.0038107706833402756,0.06814010547374788,0.03190001986821343,0.04749231610438074,0.009835505146060207,0.0058138776803444755,0.0038541946296783156,0.07162855970031061,0.04483951278317896
spot_0234,0.0324261765004663,0.10111674878328235,0.25864540067890157,0.04232160202863769,0.05193562197242679,0.03717658447714554,0.00506385892575574,0.004435120529977647,0.009725705070759138,0.04084341461628468,0.023679686536782044,0.19877763785702823,0.17316945126909367,0.007438009442196082,0.006869094506794502,0.006375886804468016
spot_0235,0.18609113658780654,0.16808934463915146,0.17375363347522477,0.17224369951408508,0.03420464971018251,0.12253914204208956,0.007350777099733139,0.006919616249963685,0.0009665140708054372,0.002501730983234229,0.07599473515015488,0.013806011328134636,0.006043697889595622,0.017129361785826733,0.010939686144001554,0.0014262633300101888
spot_0236,0.01934992967665543,0.14784106845299877,0.32020099146319786,0.06854588616321065,0.010301487402659338,0.03975077412377537,0.08283735872174844,0.07425265384017005,0.049135407719365656,0.033892461843016114,0.01037142596163408,0.0070710584537379524,0.031042771562480014,0.04284991867353033,0.037296227387604554,0.02526057855421539
spot_0237,0.2687901940773632,0.008081381688868594,0.010625405206044974,0.023179090016748935,0.04333993019081308,0.023721357347662952,0.10057548395979297,0.08871756227702449,0.004626176886565148,0.0344334360461646,0.05976589374720499,0.041106530507528286,0.008043701674689905,0.055044977358317426,0.21266015366944058,0.017288725345769876
spot_0238,0.2530457718235319,0.37022853250168003,0.12917670655434962,0.11320758590061757,0.00853708031897363,0.0009526745174514497,0.002145939878085363,0.001035986868306728,0.00124981961066076,0.0012160476298731931,0.10000232854843628,0.002489212140421742,0.012401836106476768,0.0009920815451897609,0.0022728435827465096,0.001045552473198699
spot_0239,0.3790678080984584,0.19434524645635196,0.05748657097429403,0.010312262248845003,0.052113038728327565,0.002977834455996514,0.006941710402221693,0.004128346312876669,0.0014291385976224966,0.0010577551670274937,0.07526540070659513,0.1443542282794523,0.02789261708375137,0.0029539913570208625,0.03838464536518159,0.0012894057659769281
spot_0240,0.34325428235359023,0.029731023411193117,0.044991279909011035,0.08377341741856233,0.010551239392274932,0.006708152763646118,0.017889600167462102,0.05403289523197189,0.0009769000521106304,0.0006959190089915025,0.15868026883087458,0.004770374663786361,0.013649352573394054,0.05089020768326775,0.17818162165445542,0.0012234648854079328
spot_0241,0.30023893987921935,0.17879227004627515,0.03879950448521263,0.002454654398267088,0.09164154240353994,0.0006797808408152532,0.00132596012850069,0.0007112291290673009,0.22383677000719135,0.08878599397195723,0.0013190296873927373,0.04888700893646027,0.013075439666984566,0.0006272608166956033,0.0009808277541551009,0.007843787848265747
spot_0242,0.0007272189572054007,0.19179609580388904,0.15125983981539798,0.4139373922234253,0.0007356424287376981,0.0008940836554766726,0.0036762069850107227,0.0013545387553144858,0.02968980517647718,0.017774576815990997,0.04497065860231345,0.00055768211549447,0.07168847744593491,0.0011070981718966652,0.0020998503328742766,0.06773083271456076
spot_0243,0.050522580078871115,0.09862472534814701,0.2165115659404543,0.4390149206665838,0.003118639516097992,0.0034870990581590947,0.00912188940147864,0.050534951586572986,0.00440476200516893,0.002732901778800372,0.00838400649330888,0.0020500168249396105,0.04098537124775704,0.005251221647965408,0.002672187577297158,0.06258316082839768
spot_0244,0.0011105592235314066,0.1633655266569559,0.16036419877394012,0.10691854326659464,0.001049960868331151,0.011848045822618725,0.14994381084626354,0.019152865643534682,0.008440204055120826,0.04414829260303282,0.06164443916027744,0.0010634387949669708,0.07232923731273519,0.00832050811090546,0.18272171399703507,0.00757865486415607
spot_0245,0.14427134552407042,0.21769175665145202,0.3202346240255419,0.11775666306392815,0.00697496322514622,0.0020754287275273667,0.005530205938667786,0.002899274982091006,0.0006975186599345204,0.0007586114440745878,0.02895749700916264,0.005188865975605932,0.13743173568138337,0.0029781111352933706,0.0058074659619333675,0.0007459319941872811
spot_0246,0.05793553566124052,0.17390782066800342,0.30190901487193816,0.07380105709007244,0.17888694424368506,0.005949093030547698,0.018451145820698303,0.0503903249429798,0.009615611910476437,0.053760558343332,0.024749998072235917,0.007630722759426297,0.0049183988514612574,0.016594351347803182,0.01777777250398358,0.0037216498821159034
spot_0247,0.18624033879843085,0.010422230470403058,0.01544074128521922,0.3158518056647882,0.0043481698678816145,0.0045482957110532735,0.03365211510219315,0.14361552855478865,0.001492773033807517,0.0013219013068710172,0.150549677557302,0.07292242603523323,0.006535674695018377,0.013835563938692196,0.03771918502444886,0.0015035729538687393
spot_0248,0.04492738345735003,0.4238623177493883,0.09045137204494545,0.02796287676723123,0.2770148295952742,0.0012344814618751648,0.005823254945129991,0.0018217693468138873,0.012813964894961281,0.08655683157747038,0.004251688474385622,0.0067444788131700165,0.009311926904641832,0.001560589135405809,0.001560397897584031,0.004101836934372783
spot_0249,0.186949370137729,0.1193116699362239,0.2662517414672815,0.029896920466278284,0.027641410582752747,0.002166108446836815,0.005540084660951714,0.0023415473331691527,0.10413202649165769,0.0044820952400602505,0.014251011918140807,0.21043362602690457,0.009946457237907408,0.002933599450446645,0.0036416237880352244,0.010080706815624351
spot_0250,0.40492944278912657,0.3115544736678155,0.0062938244928001244,0.005236577540244688,0.12887293282654064,0.0007965563026627436,0.0010959417850804386,0.0007444918894297561,0.0121862575161473,0.06741285928308655,0.001949566325338742,0.033387684625773115,0.00881285369172744,0.0007800935011211591,0.0008249355415639148,0.01512150822154133
spot_0251,0.11979607855336416,0.1430345147236823,0.28520004181943587,0.18541278837396064,0.07412115377945373,0.006903325032779255,0.03880474896264368,0.007755721384374724,0.0005950495924803968,0.0005774598137232878,0.06747389394895584,0.02486050789311824,0.030952829006853425,0.0064109433369981235,0.007615251401975707,0.0004856923762006022
spot_0252,0.17488713888852575,0.25118329509882237,0.010583070903524486,0.09056390418786973,0.08117745064777517,0.04622586814409473,0.004350569163617196,0.01011376888216128,0.0015259988485672178,0.0009805690354200759,0.16703546966490512,0.023755318677509737,0.012701673287158346,0.047237355423074286,0.07636283885680169,0.0013157102901728166
spot_0253,0.14645687670395938,0.042004684494167034,0.12050539015183509,0.3101859723271512,0.20063576696334434,0.0070899421060865745,0.03210197372434512,0.013310153312999416,0.002348956987059301,0.002431757157266321,0.029856393111475227,0.037350061292310284,0.0315827174102607,0.007684123098974337,0.014104748296275067,0.002350482862490546
spot_0254,0.5227526385098367,0.11148187607614628,0.0631773884940531,0.04820556517477453,0.00574013244020119,0.003447760216852862,0.045435464962254146,0.018380140598453106,0.025922898541350853,0.0028465374914189035,0.07687237736452612,0.0036673499469028936,0.010252950199930755,0.007866105372545626,0.03168149924048734,0.022269315370265635
spot_0255,0.27322716912419925,0.061325547827369944,0.2382404983198302,0.018351392980391536,0.04377815909625092,0.026619126708980183,0.15921696560723908,0.007720162767410193,0.0026745238136951293,0.005994735761687739,0.00605701557772319,0.08772079495509914,0.027105096921440995,0.022939229054541183,0.013629776706974331,0.005399804777166951
spot_0256,0.1569307167381544,0.20995404673333457,0.2635966300318348,0.1920401133553314,0.09799248764921695,0.0021157213940733435,0.008060630377076597,0.0015683863472103028,0.0011438578326614336,0.0016608811224228211,0.01884607315379235,0.0027177895715881735,0.03613627889559395,0.001453745648421121,0.004352763303334497,0.0014298778459532957
spot_0257,0.28099145844338125,0.17998130955892275,0.21554749611765378,0.01774435988822881,0.15148265830130228,0.0020632117999973684,0.007172237221521146,0.002767501567378732,0.0010702888128799391,0.0008163101678407774,0.03199132729624958,0.027773361187311763,0.007459091660747513,0.0026719416058292905,0.06943092144182775,0.0010365249289272906
spot_0258,0.08495905392540777,0.12104607017381881,0.16068684959054652,0.2849135094129559,0.15406015625635838,0.0014991288224035974,0.004173375312335683,0.00192018777387401,0.0008821857239200278,0.00087081318289481,0.11366130165056275,0.053610724328925476,0.008176570066894704,0.0016452315638608925,0.006602999742439995,0.0012918424728006444
spot_0259,0.27770852299714793,0.019422498089941984,0.009161506697756913,0.12259398215748737,0.03827176823866792,0.01395094025323285,0.010801192323310482,0.041641995052791106,0.23036826486506387,0.013271838246831008,0.053448432976393914,0.04468830956186414,0.013120498621701795,0.06746630402432942,0.019052703875108372,0.0250312420183709
spot_0260,0.2653814996752093,0.21745974504053522,0.06919275367668527,0.07653783815032512,0.11676287845643088,0.0016510512862816479,0.003783299972174642,0.0017489537801064342,0.012380509939603176,0.14831655187223217,0.0062741206342232705,0.018144162551851938,0.019683498465082508,0.0016984707306973552,0.0020760407011804426,0.03890862506738061
spot_0261,0.1005440475894809,0.4043627668589572,0.1107604182421786,0.32734344718787606,0.0033008508820911555,0.0005867220722938015,0.0015979916270507535,0.0008891835382216453,0.0007900553730805495,0.0008128532809414894,0.009547127335833325,0.010365786860170765,0.02590524758744722,0.000778806102846165,0.0015987019375644906,0.0008159935239658516
spot_0262,0.7309758661105101,0.1413798991875877,0.008204807809550534,0.012931838555490443,0.03980530584135053,0.0013357062611216667,0.0028187960471698034,0.0013589723181586587,0.0015642300052691022,0.002329980434737832,0.005508890290846434,0.020873795641475963,0.025172022256639965,0.0012021723799757618,0.0017196719075575333,0.00281804495255798
spot_0263,0.18651273599632415,0.029642320238413396,0.16887150907295198,0.4050223043543992,0.004819922665798831,0.01289175561145386,0.08032186818977682,0.015148010851424103,0.0015999171588908846,0.0017303189306063416,0.039196625331162256,0.011476519099749014,0.008910901504831094,0.011577648727084921,0.02051072991574079,0.0017669123513924046
spot_0264,0.24418226682461366,0.1898200561795386,0.026641307484214165,0.16318122473324126,0.054302819292215775,0.01024013898679161,0.02502432768674864,0.08647928437168617,0.03080712982165157,0.026419319778896548,0.046926000034816735,0.007029852159988605,0.018856755731302553,0.025190694424147116,0.02067196597386029,0.024226856516286692
spot_0265,0.5753512560171425,0.018763373980623374,0.020837052620353222,0.057221564234949014,0.03154299051296126,0.0013985931166997146,0.003894626767669633,0.0016686241898316637,0.026407988851341237,0.19207664127472787,0.03078173754502722,0.02124262286708829,0.0037810644483752755,0.001342785135713088,0.0037354958793547246,0.009953582558141907
spot_0266,0.11023440985317731,0.09762126034131136,0.04239016081636061,0.3170431610416345,0.04270150350967625,0.005091522324173694,0.0841867871524164,0.10353579448819768,0.08037737122814594,0.017218106726407594,0.012661139258021335,0.010585391772606898,0.0073115449238423825,0.018618132961224058,0.0176301608271301,0.03279355277567386
spot_0267,0.28277756099566936,0.0021527328847613996,0.00225868941874897,0.003518613088556919,0.1468514932893774,0.007539712428961446,0.05108700686349161,0.3926803484242128,0.0016825915974836981,0.0015999687168721047,0.003668661353945973,0.026253590664439462,0.0033173477028197534,0.03644657238028261,0.03644479472827601,0.0017203154621004562
spot_0268,0.2789801771247014,0.06615178577474275,0.08778707755360951,0.11434653584528605,0.0429530892502091,0.004621921412248911,0.1779499557920263,0.017990222417217948,0.00961703482217673,0.05539833961406899,0.044597293085833475,0.029431229442672697,0.015487286862312995,0.010278851185004417,0.023143475006186052,0.02126572481170267
spot_0269,0.3963633762890894,0.06171196242685037,0.14672091271320348,0.011747644564507597,0.020928788641946628,0.05025439828161125,0.007939273238680414,0.0071168718387848,0.006861838590457525,0.1260167170455854,0.01981624102603666,0.04335029737277946,0.010485258075436793,0.053581401176930124,0.022874806694924844,0.014230212023175242
spot_0270,0.22927670953120585,0.007872421540063854,0.003910773261296925,0.2030465421631401,0.06563861923499315,0.0050907970224214096,0.00816294378126731,0.1471029631377029,0.07482371465608788,0.004633075624332082,0.13191570266807887,0.04135397758457307,0.006856972331487095,0.01419565034722415,0.04045451534576566,0.01566462177035971
spot_0271,0.3093421189825265,0.07106713555334239,0.01891425369079041,0.10103282905914594,0.13995966420791234,0.0084271978996154,0.0480456510060688,0.11770044339267254,0.02705997855573453,0.029494650136800266,0.010464046134578481,0.04113601972612208,0.047150828377684285,0.01860973403717653,0.004661411484304896,0.006934037755524633
spot_0272,0.2229684244838672,0.1527977893345354,0.3172496442236291,0.07230531305106114,0.11278876736567423,0.0026090397688770944,0.010011492851369371,0.002857645503574317,0.0014714059518455313,0.001169658252666767,0.012810211934440385,0.006820341221720531,0.07668196745599418,0.0029100069929296115,0.0031827997779377143,0.0013654918298774382
spot_0273,0.19563978176943522,0.016429854069877455,0.23211955347959579,0.031090107942181765,0.10627220264737343,0.004073318627771809,0.14526915017248163,0.05301840099875053,0.04272081638738183,0.00918141819758172,0.016556726050932984,0.04984377782724124,0.03841915914221013,0.007999498873063086,0.021780607073793617,0.029585626740327792
spot_0274,0.34071340278573714,0.19948863365839314,0.075582299407041,0.06508615221473152,0.038826178627394514,0.00305178562845222,0.16616540690085244,0.015735049772284272,0.0007930406562078083,0.0009109225818566807,0.009239977964804948,0.01462946545131258,0.02996267168503289,0.007090510270877161,0.031940041380713116,0.0007844610143085583
spot_0275,0.12412294004542367,0.1829596839236473,0.35993461937419335,0.06888907456257315,0.03988142276468427,0.0019084655149835658,0.06879140829904272,0.00590360521193922,0.00044281904984861157,0.0004160065054220672,0.07554374898206552,0.004240038600907908,0.055782432200837825,0.0034452315699890633,0.007248443989867844,0.000490059404573916
spot_0276,0.17122243381345373,0.1340293901639211,0.16384981947793442,0.02537507448984517,0.12747838697796027,0.08985911551622405,0.02150207471913927,0.08714810929772773,0.0015017487782660595,0.0017238544346182222,0.03163123880526514,0.03230373749312564,0.019983085241702413,0.08596995350978774,0.005471287845029962,0.0009506894359991131
spot_0277,0.4598300626055737,0.0547413317937783,0.13554973020288383,0.012494113106062554,0.012959265177170734,0.02283829538483796,0.05293038786664913,0.00850767037546662,0.006007096066133045,0.06773390702294256,0.006911763473431954,0.07022348546653513,0.01833388834016606,0.034186610512664736,0.030438548003492362,0.006313844602211307
spot_0278,0.3863293527251063,0.1574157657186724,0.11270203458828347,0.0208486082278607,0.045264004553482375,0.10352045756393881,0.10632329901476634,0.012625904786858615,0.0008249985536522796,0.0006925128142236338,0.009846454219510335,0.01611499402607811,0.005202995333981093,0.012654990206760544,0.008998950090357975,0.0006346775764669893
spot_0279,0.46452120144743464,0.11509731347136379,0.34825053883055584,0.005170582495405447,0.029185128170821223,0.0009851279400826553,0.0021320307187357775,0.0011637047213971297,0.0009093423786588362,0.0010042068454535148,0.0027345462471848026,0.007403376257274461,0.018290174095741105,0.0009974445087240831,0.0012369828040404906,0.0009182990671261638
spot_0280,0.49029339487602785,0.09756968307758573,0.004825618360193726,0.013363306892718724,0.3316772839412634,0.0007412674960322248,0.0016905219765864586,0.0008497124033308957,0.0007567929162861014,0.000955599211354631,0.0024858516566267047,0.009577386405665564,0.042424835292582244,0.0008394554762860523,0.0009794732279242238,0.0009698167895354778
spot_0281,0.3266411724072439,0.23395434735562376,0.1067672807067864,0.03169540092420774,0.05781402235630462,0.04658889698247894,0.006258519939739551,0.0025111474973038912,0.0035045657311957284,0.003446897574138475,0.08919172134214372,0.01558947630342702,0.028818462653122462,0.002970782861900785,0.042509860810137634,0.0017374445542453704
spot_0282,0.5083811712374661,0.08700589156443275,0.14686404515679036,0.008915338461051659,0.018044288002070617,0.007540808833802073,0.0039006600606447165,0.004020896700496891,0.0008768515062741385,0.001386187775286914,0.0026253055594305332,0.13338547179460744,0.03607674691371686,0.0378164530592682,0.0021308304599237096,0.0010290529147370725
spot_0283,0.2688718193885429,0.2150598071813983,0.12428837661912812,0.029133354435749638,0.01777347592760098,0.011403224418142191,0.19069054145062464,0.03685145567357257,0.0015540446686064557,0.0014157546953632273,0.011977311428445183,0.004014749292732491,0.058289457912666556,0.02341351862204023,0.003953350062485428,0.0013097582229011097
spot_0284,0.28613867474176635,0.06986606147146185,0.37721014273943787,0.017658597227555944,0.005780337970853965,0.005883193255530698,0.028667535657329705,0.012906501959973825,0.02453320584678707,0.005824815344057728,0.010800500254520114,0.015138010816187613,0.0388783252380479,0.01546307951434395,0.03347056176811177,0.05178045619403362
spot_0285,0.26907840178623915,0.2782867571555787,0.025271984661924898,0.04265563845613664,0.026078986004652582,0.015022706801786924,0.02647805222628851,0.023456623419497072,0.1087220429549574,0.03234043472944507,0.010238510725040652,0.04862006611109439,0.015591652268133046,0.0129096322757754,0.0524104516220724,0.012838058801377145
spot_0286,0.21632689983315456,0.004351616967444465,0.0033118340760291297,0.09024405983166395,0.003387525131901018,0.005741797736050317,0.04918803466546603,0.11736441367135662,0.03292903701826211,0.021683391835087697,0.34449119103062387,0.005545990702339537,0.011746694228594078,0.03620185756073089,0.0217865461132564,0.03569910959803936
spot_0287,0.17959415079195282,0.16634014229724406,0.2384176580882946,0.17330641018879372,0.008898925652140687,0.0039029343413863574,0.0323948726588296,0.05144395510762431,0.0015383631035695135,0.001115816807615488,0.03643114477986118,0.050341457213341094,0.018163571096302504,0.023411004181236043,0.012651365588621493,0.0020482281031865457
spot_0288,0.3254545957403755,0.08219749114402947,0.17798019131644868,0.014935862818919874,0.09986419400631198,0.006154727660977384,0.009878819421800385,0.05011802945255603,0.059082067511710995,0.013980049628119818,0.010920176919876488,0.1056101279228825,0.014289067548603542,0.0070172667156354505,0.0028304138473396966,0.019686918344412215
spot_0289,0.15330861403946702,0.21550200275726836,0.1715903111709282,0.11387976361882172,0.006341844866503173,0.011435606853183186,0.009466856063806811,0.06974927846056608,0.029225272243941863,0.011230266607696163,0.09511510315882887,0.0015665366112996779,0.01471688980445971,0.029837567082928215,0.03020723924153599,0.036826847418764935
spot_0290,0.2262975392079509,0.10724264080411612,0.3884003382446952,0.08594215220748791,0.011876817980982684,0.004000702678775058,0.009080424539550928,0.002598940623435743,0.00043855395133382617,0.0004678886996249559,0.07877579393712454,0.002818042546082865,0.027862790503576495,0.002679429978947643,0.051077692578953775,0.0004402515173613341
spot_0291,0.0006658129258471636,0.5470684840001142,0.03382398313361938,0.12549832814077783,0.0007197607750054199,0.004470535509280578,0.1094041761274941,0.06666856301398327,0.000655845334919008,0.0007008914363806187,0.007212984753065101,0.0006095960431815874,0.08436839532754253,0.013123806229524365,0.004314692284616364,0.0006941449646485009
spot_0292,0.12645145514566217,0.046713836399240885,0.3670280477282631,0.12282243308175383,0.058840054049075184,0.0030977666154341906,0.09998584950780294,0.011804738877733902,0.010071766308559745,0.005332860133844739,0.0054592493735883645,0.02061703941201589,0.04762089674575601,0.005823716787703694,0.014540867073243903,0.05378942276032149
spot_0293,0.21183197784200142,0.2340731230536299,0.20132657887788852,0.05349350714412492,0.009660682216952106,0.006101514990031681,0.009314041098315162,0.017308010979500472,0.004832790484129753,0.060133218714457363,0.024739567901504077,0.004621380496510945,0.06942092738760994,0.007860339921615158,0.0032121523032019443,0.08207018658852665
spot_0294,0.20122808024458877,0.08216572103916449,0.06071443796203749,0.22361119570119642,0.1481886721786061,0.011125694833463085,0.023093787965955646,0.11517256360480456,0.0007783313248666294,0.0008396258328186181,0.06741890014415809,0.02046482050565235,0.01033502138200616,0.025344722504362233,0.00864530707554691,0.0008731177007724574
spot_0295,0.30076412304094413,0.09949160738630447,0.21060371786400456,0.05044364322341526,0.008030418232829859,0.007378528213747425,0.03453978175276115,0.016135000200752144,0.05494596974228328,0.10851523024010523,0.017460042085802915,0.002632475720824251,0.04313107262221654,0.007008598748413335,0.024757151960806936,0.01416263896478851
spot_0296,0.20297278264955743,0.3541638348013531,0.1656414961529445,0.026052537683022445,0.1822423201443106,0.0015182203553674172,0.00660660162514788,0.004448891278557585,0.0008809065578284031,0.0009374549408514932,0.006880757929326368,0.008216835949544496,0.03466811259169038,0.0024165254845845115,0.001599299591523327,0.0007534222643900848
spot_0297,0.18926540491837132,0.17003880000578495,0.1015199761109363,0.16322230581186492,0.024812284431947176,0.008886197245468701,0.02029254032747921,0.004701229549756254,0.006585543341546945,0.17221520700005694,0.08010077968983612,0.023342221083096155,0.010108270863988184,0.008057283313305715,0.010785536434378072,0.006066419872183029
spot_0298,0.04257646894335362,0.18537432115060923,0.3458570319881546,0.14647470979730434,0.005627052997818572,0.023957119833961656,0.11753404815595646,0.009546458233543248,0.034380088494302394,0.029765205139846738,0.01512973804283854,0.006050370061310838,0.007837711335160799,0.018791106688669304,0.005805338200864028,0.005293230936305672
spot_0299,0.2381142649233918,0.00857802448841556,0.005516121675355779,0.2435559420106161,0.00854898932945074,0.019760199416583305,0.06700644086863114,0.26273715622829563,0.0015292992098553102,0.0010684172136019652,0.027386893184218622,0.003017893390447008,0.017864326946896446,0.07077839585361027,0.023285320066324375,0.0012523151943059454
spot_0300,0.40466803317183814,0.17105276585290397,0.1750973111134607,0.07779483972636668,0.01484145279981328,0.0007917868363320367,0.0019621371576586427,0.0010194800159411554,0.0008416586517207938,0.0012030156816910818,0.11800508588461857,0.016101935883364078,0.013396691610327572,0.0008634778382929477,0.0015686447325635063,0.0007916830431068815
spot_0301,0.18522325988725827,0.30478300063624325,0.14768774530102105,0.006631001870675215,0.15644363029371988,0.007574896538619216,0.01177978101137748,0.12784124350000445,0.0012573701689672478,0.0009071604428275936,0.003239516721828402,0.0185791349575157,0.011453130672920574,0.012141437344916756,0.0032616717637850537,0.001196018888319877
spot_0302,0.16147798419503911,0.142497292621513,0.04884043551394432,0.1444903937573927,0.1323499794637888,0.0047038637723296394,0.08514743399037547,0.012159868984336837,0.0010089232109704912,0.000789026608228589,0.1895760672780285,0.008649626518408204,0.022805685563565204,0.00885468302511782,0.03568118762897338,0.0009675478679879092
spot_0303,0.3092919843044969,0.06527249902866396,0.012028490925551511,0.291767388381287,0.11068833703722496,0.004224464317344177,0.08333190773020369,0.007303129222485057,0.0009014903607781174,0.0008990272832049222,0.045060515702806996,0.012996192852183681,0.030674764027914983,0.007126703321319567,0.01741487361446639,0.0010182318900680888
spot_0304,0.35322582388368606,0.07128341163083227,0.2964662926234392,0.027946556435122925,0.018635480794646057,0.009790674061961912,0.04363034216123518,0.01855313316350112,0.0012372812070532795,0.0013370274642357926,0.10866304064842132,0.00922410980613481,0.00879514708299865,0.012108077660286936,0.017878054843943333,0.0012255465325011097
spot_0305,0.48804391654080465,0.06764078328798011,0.09975915025351059,0.006144802541949908,0.21062599288923128,0.0016073287961294812,0.0023908850310629727,0.001518375206214641,0.001994686014047238,0.0019795869761943534,0.004787144713460339,0.09934765102245662,0.007978597248583059,0.001610647643328469,0.0018403715629639382,0.002730080272082328
spot_0306,0.35177128170383387,0.020065407996341406,0.158023481744417,0.06512165164562886,0.027755242663765826,0.016035583852140066,0.1250727528291758,0.00810139882297612,0.0010889169536990677,0.0012550368643179561,0.04255922481324629,0.07815253024043828,0.006888077629413737,0.01268989166420326,0.0845111130178103,0.000908407558592174
spot_0307,0.26690667840283977,0.5450373161402459,0.09927794020347674,0.004808230185057646,0.007700324160298382,0.0020219720016761778,0.001726761089090778,0.0013781147993434824,0.004405080374190384,0.005931558468460571,0.003487701117428097,0.04703082333932412,0.005130450166424857,0.0013266991580173837,0.0013084201568616624,0.002521930237264091
spot_0308,0.13223871847394963,0.049107553859045396,0.36007900082325595,0.04688717134384925,0.21695020554890024,0.0011991242881426458,0.0036706084667545557,0.0018741786386474485,0.03026833883628987,0.005263260303066663,0.11129209108938598,0.006043592623886379,0.016855641337587074,0.0014487230986327418,0.002580271543755006,0.014241519724851196
spot_0309,0.26663298670303337,0.022885127492594623,0.10957941595732021,0.3310785686000148,0.03646158270378932,0.002400371533622326,0.010409188951924223,0.015609746012298273,0.0008494302552070875,0.00162175061750821,0.15173031075928758,0.009919720752392407,0.027308018497143743,0.006842621140733605,0.005688565003755142,0.0009825950193751004
spot_0310,0.10774228304851559,0.1077317310692502,0.15252489712950637,0.07768929578902052,0.16803578573803934,0.05833277036624063,0.038735844247068336,0.03223413205693975,0.0013250415664099353,0.0013357249834590745,0.10654127915364878,0.021864167394535658,0.011022444258868983,0.07893031836442349,0.034673733472601845,0.001280551361471506
spot_0311,0.043381772457771986,0.22406627064343929,0.1529193254666,0.0945931192189739,0.08091143946808735,0.0030346397900121343,0.048556234776421014,0.011207736654435465,0.03144924863750325,0.0631092707021199,0.040714745156553774,0.005970140444997072,0.05469330602800326,0.003868488375313872,0.03335510853782577,0.10816915364194198
spot_0312,0.003106681186961745,0.128256488924293,0.3210490132198797,0.1468469239137748,0.0031552714066322373,0.005033775534743132,0.12203928689248697,0.06351803160508195,0.003082065291023087,0.002684505066184385,0.05806242671753852,0.08781142303521902,0.022377812197309204,0.018461324113653293,0.012958960085416187,0.0015560108098027796
spot_0313,0.07410085149125167,0.007814342196146384,0.006842590497093957,0.15215819890567633,0.04322734336650076,0.013611716099668691,0.012793013744973844,0.134074704777752,0.06979805351706513,0.17160684878934318,0.09400738403769593,0.11574888835146592,0.02055418793163195,0.05739800850685042,0.019443132350938763,0.006820735435945055
spot_0314,0.15436481069540955,0.32864652013626794,0.1410090164221681,0.19186153269740205,0.012477517528118057,0.0020160727125496086,0.0035876825820648365,0.0016977833122409783,0.0004774362852760574,0.000519081331677835,0.10825970493287387,0.03026664911754106,0.020433115382541972,0.0016920341788345466,0.0022585855114274737,0.0004324571736060315
spot_0315,0.1040887016205848,0.3750988570211543,0.04082975258052203,0.25118007268304904,0.017131415299905643,0.00294757262343391,0.05187324849064277,0.0476258404721543,0.0010079084267153064,0.0011266286375057964,0.0047576697812181275,0.008527253783784928,0.0772084615821399,0.011501302107100415,0.003615427371446655,0.0014798875186421052
spot_0316,0.20509552858145658,0.13936308940654846,0.14351671958931167,0.03933258131993969,0.12469061146278052,0.0008777073807747185,0.0024820862831306982,0.001244515451833672,0.2200890015173607,0.05987035974906323,0.008236807353624758,0.026454684399831667,0.020692291896380572,0.0011247113355360378,0.001467044719740229,0.005462259552686813
spot_0317,0.508520636290436,0.05874130230769809,0.07297672119988742,0.010936158252466754,0.022219267254183495,0.010300215717733935,0.02971452087717334,0.003764841602627643,0.11163643103902027,0.060110316593406474,0.0033614096852902803,0.019678705466717406,0.03333436831557956,0.00468033303221463,0.01710725021716655,0.032917522148398146
spot_0318,0.4378327796035677,0.07228178601047226,0.08105537426601153,0.11243870012682297,0.01114129381558418,0.00770028394858228,0.07165127779077994,0.09180490779236379,0.0023143512198714774,0.02593179248490239,0.006113240596790883,0.02752683799396098,0.014337396731915454,0.00766563443399311,0.026602010850329913,0.0036023323340511134
spot_0319,0.4155229760699193,0.23951589496988815,0.1337071715713452,0.10631893671456627,0.009621079376136439,0.002749010205273895,0.0038925817546234076,0.0032452748025193993,0.001802319655388532,0.0020627417597949976,0.05413988753037832,0.009151773455098069,0.009705373191445205,0.0026854743156724038,0.0027351037887049863,0.0031444008392454022
spot_0320,0.19273627467697338,0.2628653022611914,0.023422528758719138,0.23154689008894172,0.004117671242350383,0.0012092821192647538,0.01846988378986927,0.0026809816943561575,0.02405736325199384,0.004823577582590401,0.06925050073043093,0.0015544710838000125,0.08167176330900036,0.00179547501552079,0.05246299142518704,0.027335042969810416
spot_0321,0.0008907174958883612,0.021082348748929974,0.19361088716705127,0.3185984536819169,0.0008249294272490845,0.007014342523150467,0.05002186964372812,0.0861064326356896,0.0011984882695808732,0.000951435454109645,0.0656565614839302,0.0008620272328288119,0.011584182173201923,0.032596211726010134,0.20770860243279995,0.0012925099039346219
spot_0322,0.3390538258918964,0.017049855900438,0.20618546402194032,0.17633328857292296,0.0434387272821194,0.0016181009053782265,0.04465919623374693,0.003405982391857454,0.09298166502665484,0.013193294985719532,0.010907808239207721,0.017881092794243048,0.004446642601887657,0.0025249696814290627,0.004456561366077683,0.02186352410448071
spot_0323,0.07760520378259664,0.05647818822738105,0.5587906500748797,0.003539551364601897,0.044655074048047284,0.0013057323560405868,0.0017525077265445304,0.0011776521950438907,0.0953939815402521,0.025627665539878063,0.0025699668426509325,0.10186209706050144,0.0039731958156202785,0.0011836778536031046,0.0011465227131052475,0.022938332859253226
spot_0324,0.050810279336166365,0.24942481841571928,0.31454027752979397,0.1936173847284314,0.012800931452098846,0.0007938903830633115,0.0023343883068000326,0.0010508728304147743,0.0014037627288317458,0.0015297389790462686,0.11772201878777011,0.012538484470410869,0.0365606087111747,0.0010032956802416117,0.0022931042908864037,0.00157614336915032
spot_0325,0.3430286187734521,0.15226360618887355,0.03526635379502117,0.14727073827874443,0.014815170226702624,0.009350068895397008,0.005324226113680082,0.08703251527387597,0.012330279361960343,0.04444153407884201,0.061026361436356674,0.007192216910679958,0.028021115193112543,0.043336171923630255,0.003942543624932947,0.0053584799247383755
spot_0326,0.2665370175027419,0.4234365399058467,0.006580858958910576,0.06814256404139694,0.004907264677652936,0.0011701925680441699,0.007424093955859378,0.0011493235626138726,0.12039920374781872,0.047229318696548325,0.00572116452369412,0.022348306015375078,0.01189710464217837,0.0010462299952053893,0.0013280216274083189,0.010682795578705228
spot_0327,0.48544146560494367,0.0949407423381383,0.008686293969682334,0.11684487256779953,0.10457940605023641,0.006225492502018594,0.020964024427275435,0.01295689361518263,0.0007723843995916507,0.0007821577782257442,0.0788506970654116,0.003938825464512744,0.012302981505164946,0.015541622307507684,0.03627218744620582,0.0008999529581028901
spot_0328,0.2786118809654228,0.3498498601979109,0.2609183877318023,0.0056657596468744015,0.05063639317544465,0.001311703912887103,0.002138695489330267,0.0015809148369879064,0.001999677541707371,0.0027211456829497175,0.0035491741729987464,0.028330763153707538,0.007138343285359379,0.0014474277310357268,0.0017206347731192886,0.002379237702461908
spot_0329,0.5741413039497989,0.1713201674057984,0.011755770323564176,0.007001036275916614,0.04393278341534805,0.009740745945777085,0.005490154727770921,0.11894486149433724,0.0012858449472415827,0.0009252397184205095,0.016715300554751834,0.011234743118319172,0.01223538999220097,0.010287007877573891,0.0035988893537660027,0.001390760899414644
spot_0330,0.3146250138386309,0.017145362640310163,0.1647123700359945,0.01754553454208137,0.042686940651516035,0.0015044182859775075,0.00447576414457446,0.002061117521525244,0.01075634198117122,0.152020126664286,0.021093238988832693,0.1121453002437404,0.11476374239232491,0.0016282495746509276,0.0046442629075285815,0.01819221558685507
spot_0331,0.0006247341683425187,0.273686660838947,0.30323136237091,0.06968985790320086,0.0006340626386574438,0.002572816912728251,0.059575679678285864,0.012761245410035659,0.0036224553183391737,0.042807894737518996,0.1485395215977783,0.0005232553295324714,0.012213008819830836,0.006022309398956192,0.05908900320252078,0.0044061316744156516
spot_0332,0.05338584466854001,0.3571094416498793,0.057463420473775055,0.1897314625187777,0.14091378010653835,0.000986910589511536,0.002773894052544444,0.0012265741435071302,0.004033361827716045,0.05152780924047181,0.100103341259954,0.012194964696307426,0.022209146051610496,0.0010868389485318261,0.002515698310769029,0.002737511461565863
spot_0333,0.32850821260326485,0.18983772640415086,0.1586591012804194,0.00909556259445021,0.26910304829913384,0.0016331306233913529,0.0030601741464228826,0.0021964687270109033,0.0013368901230625188,0.0012386667775648099,0.005416424409228913,0.018451590915520413,0.006783047479720121,0.0017692975104551052,0.0017628509193766274,0.001147807186827182
spot_0334,0.23616594244471575,0.16854403451798486,0.2730884210156434,0.1320742780942055,0.06334064867086878,0.002288464964391755,0.007583808866250738,0.0027424790934698863,0.0017081160489853353,0.0018612678545906606,0.022094206826664707,0.004546101439435426,0.07590230235422027,0.0025067189121839354,0.003881682821894405,0.0016715260744945733
spot_0335,0.3348132210462023,0.0569435933698794,0.3769416947828471,0.06798865713184232,0.026206508587105947,0.013518199878931473,0.05058057972316348,0.004497265786367693,0.0021553484637695628,0.005735791782323054,0.008325811426931324,0.01171126411033109,0.008210013410784206,0.005672839463528523,0.02351311748571171,0.00318609355028078
spot_0336,0.13810034083788475,0.06301058039589974,0.179424351357538,0.08993246331103506,0.020152512113513998,0.08131220592230039,0.04824977093920172,0.0046532541052605216,0.08737733518392406,0.028319084552825575,0.171708680945488,0.049931036548649076,0.006307536757258847,0.005457331027885634,0.017756882552686613,0.008306633448648031
spot_0337,0.33059818177607425,0.00930879007453656,0.005280868136706101,0.1526352198634093,0.007615186471892937,0.008972471542562591,0.02477070719166219,0.06370022139717828,0.0010375425936149489,0.0010405599915975173,0.04815081187286641,0.009332127719924973,0.009510487894373134,0.06878590412986788,0.25816076228707246,0.0011001570566604511
spot_0338,0.2568321678753362,0.30410597836602116,0.054950185218865764,0.1610762660168058,0.11774662663442433,0.0011349764883474061,0.003928294765840618,0.001664307345011129,0.0014363050376233343,0.0015671030320118266,0.029760074162730892,0.022970092189207425,0.035714042226465126,0.0013392893950662365,0.004167908229248937,0.0016063830169937927
spot_0339,0.3331299705640718,0.011048664906737254,0.09522416205436382,0.10264243141128493,0.17299006590515245,0.002686803829368358,0.10492313867814902,0.0016663701741432468,0.0112491277345473,0.05686920851146099,0.026449633024091927,0.030280049791753985,0.029256655800892522,0.0024257293135742644,0.011254292337863481,0.007903695962544649
spot_0340,0.31900388360320525,0.008588754331722933,0.18071453076138153,0.0867723274474081,0.00819221127061925,0.005162361880594692,0.1690385914562031,0.009553880589247844,0.004842351502426478,0.07747264043599217,0.047120047168749526,0.01564919479774202,0.005063613594700837,0.004269621814909357,0.0328084496662102,0.02574753967888672
spot_0341,0.4216955047717993,0.006831333342892553,0.08075841427567351,0.10093368758921202,0.019478791177738042,0.0020034705912192648,0.0133909248596203,0.0021139677493629988,0.0373689332164342,0.06609176658263842,0.1474578477067057,0.01883821390040545,0.009644865633406476,0.0020110415618018887,0.026209042488889958,0.04517219455219994
spot_0342,0.2843036562398257,0.1778688305505148,0.014980813183878979,0.1674272469606362,0.017215583678667684,0.007504361142124824,0.03525495244888152,0.028696537232493012,0.006361014020952104,0.07013277556757062,0.01744779131038892,0.02387569070973867,0.051259565433650976,0.014842742540744922,0.05517644136658446,0.027651997613346597
spot_0343,0.13492627931541798,0.07968258281794462,0.1871544879464858,0.053723479331712,0.02577134565115366,0.08143234243888123,0.03029705886307475,0.03050679964799453,0.10337834995850288,0.004565842670923561,0.06003071424217246,0.1046285280201455,0.022661816984595823,0.033514446251491935,0.032991952985177195,0.014733972874326096
spot_0344,0.13374067819168806,0.16328211905478657,0.4101879724439393,0.023090474601428306,0.04098753244417625,0.0018437313501140076,0.003834018352722616,0.0018140809490719283,0.08503343410246435,0.010214359344725081,0.00619951530677401,0.05394355810699707,0.031769810862411076,0.0016358601647246216,0.0019551373003495816,0.030467717423627225
spot_0345,0.17567550217530317,0.2375694834046573,0.08621448700528729,0.2274704643841323,0.012217900075079675,0.0014469543208892107,0.00951678254378075,0.0026984280606007854,0.0026773443294171246,0.004071115017564159,0.016754101822293834,0.012436965267206014,0.20297225901354315,0.0019000318796290451,0.0036194538700377744,0.0027587268305783877
spot_0346,0.13867161776237372,0.2539391693206061,0.11296214981577571,0.08289509777521491,0.1233087928359212,0.0016196036797259266,0.013124088661005635,0.0031896154387180474,0.02384530475345701,0.06780055973173398,0.0856223238927938,0.023585781667180155,0.04546867513010733,0.0023579771335168827,0.008645557129420568,0.012963685272449055
spot_0347,0.23094768299414176,0.12603669721964114,0.11932296122689082,0.009967835371087795,0.14748849646647325,0.017150224520655555,0.015888518193477055,0.04540707266479405,0.15867256519999345,0.006414832574636036,0.005629387079637484,0.03437887770394869,0.010028932262034865,0.048182717532077896,0.015096409203897735,0.009386789786612402
spot_0348,0.2037343779925731,0.16313342105305878,0.07825979919918312,0.3896985703731204,0.025922122671744104,0.0029073077116750527,0.022157709208801033,0.005375941854548855,0.001126957859960376,0.0013831733220506569,0.05500102275104998,0.01851114891078136,0.02224458969047985,0.004042404229724377,0.00531162356439287,0.0011898296068560763
spot_0349,0.28912646938008085,0.19187681590967826,0.12200659950976837,0.02487098645448857,0.06235556198893788,0.0033201207255073506,0.10122132526690324,0.005293832822272592,0.03701865747004551,0.009176027064570231,0.013268898950153428,0.09473137296930952,0.007268606247962014,0.0038687569647877324,0.006304053810625636,0.028291914464908825
spot_0350,0.3032155507495112,0.011579793806630389,0.33751654968077993,0.02132919099736766,0.015110039394631467,0.0030815843252047503,0.04466673770278224,0.004153875773867927,0.05805814634092685,0.00837557413452514,0.019525685971179544,0.045972273574366666,0.006195489004248258,0.004603359324102137,0.007005965799733273,0.10961018342014257
spot_0351,0.15810761646778232,0.013362785078600802,0.11544625138876058,0.050351026023401003,0.008991569754109967,0.03575629045032729,0.19622374379584281,0.016625476440570428,0.0030125887563648354,0.008848673998300327,0.03448772390787194,0.25003877218328613,0.07567357587354086,0.006390930474270702,0.022472706322844472,0.004210269084125519
spot_0352,0.15655097008288127,0.1704841598272764,0.23624219437729313,0.023382835321324135,0.02462565621800324,0.008502313520155076,0.031142839138922095,0.029396466655315184,0.07954272319157674,0.022217259831282705,0.03991668113930199,0.08405711907336058,0.03266913757831598,0.035873198538848995,0.005097904259098401,0.02029854124704406
spot_0353,0.3302625088995426,0.1980686571651799,0.14929648480305618,0.06937284785221894,0.04377056178002271,0.019489610902220938,0.02369270920311032,0.06586732057018091,0.0011483604699193514,0.0012050500801825705,0.019595822154197494,0.0190516529942384,0.02587306529967778,0.027013185900632807,0.0044925487471301285,0.0017996131784889565
spot_0354,0.44660594563815326,0.14965215395223783,0.25715287317496927,0.047391956358209454,0.03631151106289385,0.0010207588595353165,0.008775249729955494,0.0017937354578007189,0.0006275930497192287,0.0007780511325380742,0.004297897019666141,0.015440184094368908,0.02655392898769523,0.0013053947258148668,0.0015312536311536348,0.0007615131252887285
spot_0355,0.5622553791774788,0.09622970047214252,0.04824168410099626,0.0703223352716729,0.033788486230053136,0.010368349830960868,0.03596703031190159,0.053272426119469383,0.0009021751557430288,0.0009767353671778257,0.011856706088047113,0.024375131299014335,0.01033545339867143,0.006918625422112613,0.033304623720890936,0.0008851580336672987
spot_0356,0.006836330017184974,0.3579779288737423,0.35556890201661184,0.005695168172700521,0.247416543390907,0.0012484903269276305,0.001914612112955646,0.0013815599425221793,0.001707023686456066,0.0012953151349560735,0.0025497631529716237,0.0067240649957479425,0.005911673275992548,0.0012109736561590509,0.0012074829308586859,0.0013541683133059246
spot_0357,0.6006854768469365,0.2242789968171184,0.016780632779693397,0.009388750499363645,0.010405393187453128,0.0021354707392086,0.0017839177812700598,0.001455365373188626,0.0023996735816481643,0.0033670828321655734,0.029872782129284667,0.00601381102936173,0.08420701250373697,0.002036710128264422,0.0028674433507695006,0.002321480420536544
spot_0358,0.11259999588809072,0.22028556356110024,0.24644015242068362,0.005092141480883814,0.02404943271868244,0.0011501740493358944,0.0024555334549769743,0.0013573489225797888,0.029812885764429146,0.12483839138340273,0.002615688328412749,0.007774222450841895,0.005887727588848035,0.00121025647100596,0.0015554214579251756,0.2128750640588008
spot_0359,0.4233338890363427,0.18932838220273676,0.0076903884321142405,0.05388369191599033,0.0036340589804060843,0.002383399933488327,0.0032655568072690734,0.0021678118708212783,0.005618715289392686,0.03306674767112343,0.12583519095651677,0.04459189399805396,0.015887185865938444,0.0023942281744881544,0.06380585093783613,0.023113007927481635
spot_0360,0.627559157339147,0.03942996989120852,0.027230854457244373,0.18574043091899617,0.025182350827937218,0.0009184799942411352,0.0015037528054782558,0.0008859810191798322,0.0008399331455382201,0.0011974785119780334,0.03049469364798904,0.027866588436019763,0.028192565659600786,0.0008270992852425927,0.0011737736528633646,0.0009568904073356846
spot_0361,0.12958243561040309,0.07035393112949341,0.09250444930393417,0.20910190913178675,0.005407960611324609,0.002641440782221728,0.06946052212206567,0.010991800164485912,0.05988479385812596,0.010555163796497886,0.020962489092513182,0.09926526531274049,0.13504772218203495,0.008072987482092323,0.0029284960877746158,0.07323863333250524
spot_0362,0.5025884984017331,0.01756749560902856,0.08372308439052709,0.03827972251671826,0.13906574751349868,0.001001187630615769,0.0031213376785272245,0.0012086793905813722,0.014048805622219305,0.008140191672452645,0.04234245609793252,0.061544340150898755,0.03191076803628258,0.0010638656805411046,0.0015076960619024688,0.05288612354654055
spot_0363,0.31503890419416747,0.13474604333154103,0.03846924565461894,0.11860522668081165,0.009474223186808475,0.007287991985988446,0.12411525971047115,0.02180201059960563,0.0017603919743882865,0.0011355598175364103,0.1287496068625965,0.021460357700796465,0.04153695056217062,0.01487336958972091,0.019329024571207193,0.0016158335775707778
spot_0364,0.7003154065859454,0.09398098369107745,0.045081620105393225,0.03138495943423295,0.02540431738962132,0.0039718610837668495,0.04517513400727961,0.003572879989675964,0.0010796417264368262,0.0013431448280522172,0.004975834402449152,0.013703796256109011,0.019592539630512634,0.004896956868420592,0.004421807904658817,0.001099116096368021
spot_0365,0.20888697703072062,0.013091818873992397,0.2814582737354794,0.04535593109097725,0.06738252831323449,0.0021143061379328087,0.009107324163324767,0.0030514675003505383,0.035928340340223484,0.04810150153101106,0.029644445664247426,0.1509806076904837,0.0254141192340493,0.005773247532550326,0.03586467971428125,0.037844431447141204
spot_0366,0.09015851658822539,0.22198569331249848,0.014802343913904663,0.29948245848509597,0.05215299870645891,0.0037486116196219924,0.1954364547026866,0.06319465110002921,0.0010038904881152669,0.0007207160871835281,0.0218193234205498,0.004984059639289952,0.013150377752655096,0.005913166927415032,0.009272525118676708,0.0021742121375934085
spot_0367,0.35112295611558525,0.07588505696780562,0.13212984792025237,0.01696535039622411,0.09104380079827099,0.011188940790757515,0.11109775439123154,0.12670381532522249,0.0006830297709281578,0.0005537668664065368,0.007886030109415692,0.01831292344927971,0.006250351044910012,0.034367994209461065,0.015182691386462195,0.0006256904577867721
spot_0368,0.31340975328914433,0.15182539605979126,0.029248809685743407,0.16559725514060927,0.026155324555000158,0.050994799378429205,0.00800181703072621,0.013285707217347202,0.11759132210701433,0.0032315723190903317,0.02560160512480811,0.00434415748037194,0.034403347169850426,0.03295515018272222,0.009512809267296895,0.013841173992054695
spot_0369,0.3195210820878316,0.08645705543103657,0.21030996712627312,0.041092069822885886,0.016838474373108946,0.00431222253142931,0.1302174782626344,0.017885011254089447,0.0035459118728331314,0.06992833830026081,0.02159026531413097,0.013407381837868897,0.0220768573989549,0.026271265801061483,0.013415327739356882,0.003131290846243635
spot_0370,0.011657379557637204,0.27127793966793884,0.35670265030156145,0.09466003011509756,0.15443597990584396,0.001802085173633644,0.009965571241714204,0.00391214682185389,0.0022147362693716987,0.0019592934608304905,0.03550276382070422,0.0037669555493336083,0.04341236309058503,0.0021125214481023595,0.004234798189542397,0.0023827853862493993
spot_0371,0.12905698448232078,0.34021085476802915,0.16603463721777917,0.05924170361095795,0.002690910962417516,0.03732520085974091,0.06598506778940835,0.09546643119333549,0.0012728103375071282,0.0010632113829907263,0.013041648870221932,0.004708541720294997,0.010991236369365602,0.05940017636047578,0.012268609315570366,0.0012419747595841003
spot_0372,0.45875775345801956,0.16444104540982626,0.03624637041503293,0.1960478740671611,0.09851712851990171,0.0015556195055384217,0.005200787585910894,0.0016808892136830574,0.0016076487853222453,0.0022270444300802016,0.0030604658037170674,0.004938743841718051,0.021802468045947723,0.0016548269782217142,0.001409240739905075,0.0008520932000139828
spot_0373,0.4074364687703616,0.20282459302821998,0.09824016024039449,0.02346534040325706,0.010096623080850013,0.0013318695417288105,0.0017665570027829173,0.0010529574159329064,0.0043566083679076216,0.02105806428326822,0.11492059687462627,0.01089979425585397,0.09300562297569026,0.0010815696908851122,0.00276551047192222,0.005697663596318542
spot_0374,0.0707972554682253,0.2815446229869912,0.0815335194734079,0.1855964619428933,0.004936415186685639,0.0032577852401788083,0.026524329002535783,0.005561200037857921,0.04762325880931851,0.024817517390271077,0.0488489486720668,0.005301431331909148,0.08403973552866335,0.0047299989966673,0.05790001970803995,0.06698750022428802
spot_0375,0.23298062735373873,0.24106180478530329,0.13113370243606737,0.10352780538452062,0.008255369701954035,0.022402318420820768,0.011327915154177026,0.05100074774273325,0.0008414238684832116,0.0007923658508522544,0.10926061665073107,0.0023421570885747353,0.020033183594870108,0.04942432052185059,0.014527529171445161,0.0010881122738777868
spot_0376,0.2952076503745809,0.00969010855821271,0.11578267420297005,0.31730371731425466,0.03210103705020962,0.0016650233660223032,0.003393201073517932,0.0023352226905967955,0.0008107379386206869,0.000819492815731518,0.18693828881335006,0.008208858922176135,0.01584342431908736,0.0015061706789584902,0.007521070053488022,0.0008733218282227643
spot_0377,0.011920441499382843,0.12943884824468702,0.2294038596840409,0.3088075257476527,0.08614484202929397,0.0033559323743347674,0.10901182675670404,0.004060534758066932,0.0009365165479146691,0.0009617152064474159,0.06925663349297984,0.004988014483730863,0.013253472815469394,0.003114839843048657,0.024436244603675213,0.0009087519125708094
spot_0378,0.19037081243278148,0.34372924842858577,0.06708743024429978,0.10664875543251491,0.12572683847085936,0.027823987658095867,0.018367965403623884,0.044613465941870975,0.0006066693184949968,0.0005852066495749611,0.007354762725604803,0.03535250507573781,0.006711179065738224,0.015282388376972472,0.009278772222033526,0.00046001255321117363
spot_0379,0.2179728116511113,0.05159861960326875,0.21881142562722808,0.10969356679378243,0.08241284384699361,0.0048776309509030065,0.07528613493611383,0.05015350760462077,0.006541774675305089,0.03906774954614663,0.07290776233108792,0.012024940128466608,0.025377226946029976,0.01026855930039187,0.018011015254120008,0.004994430804430116
spot_0380,0.2802652251615691,0.1945602954760035,0.06956295631019949,0.05114087275244783,0.16660217462245158,0.008517093415903508,0.008478527883612886,0.061143386800841054,0.0006547099969571615,0.0006437281754667823,0.02993437069328169,0.005041546805805897,0.008759070169095499,0.11029180313901915,0.0038377401250052337,0.0005664984723396563
spot_0381,0.3587854106096353,0.11210627735056257,0.15113365135115947,0.06037296695384553,0.004296018033484676,0.0010692022616076138,0.00405187691977966,0.0012748461775063645,0.0821871593336945,0.07267731579340068,0.10348426093049796,0.009917402848434917,0.014889017480658996,0.0011487290983389904,0.002891631345058374,0.019714233512334357
spot_0382,0.27433664361147464,0.12290618768923343,0.13057000623169282,0.1352280427619082,0.1865157985828152,0.0017404365420805048,0.02227246818911729,0.002561242018265977,0.016566020047637842,0.031135300942824944,0.01032723848827287,0.01811834160384095,0.015169630177787427,0.0018601167154560538,0.014694894210396868,0.015997632187194997
spot_0383,0.3012348976339625,0.11682247770364124,0.18308127679526592,0.10983139340784448,0.04336764803850132,0.00396765196677776,0.04530748212767227,0.009082540906511548,0.007186349482926677,0.03873319492838795,0.04450981119235039,0.06323954295499484,0.01135083543732898,0.010395242223346587,0.004235341169785556,0.007654314030702004
spot_0384,0.3842114781582236,0.014977140065066369,0.023281003530310092,0.07574456236650698,0.011957339071589834,0.005348118613301984,0.02848136834473472,0.005717758153539921,0.0022007126483181215,0.0021968082487724603,0.21264703138145022,0.14019629167029055,0.010655686449645638,0.006398493863895914,0.07398158873927461,0.0020046186950790283
spot_0385,0.11176090307662531,0.557742407130197,0.16652539980290232,0.015801136955852405,0.0036879484855817535,0.006592445764504437,0.010487301181750782,0.021830769900894,0.0008329808121561683,0.0010032042239814809,0.00592491764742606,0.005347801047917441,0.043163919195461066,0.04177478636949605,0.006617439762935481,0.0009066386423182535
spot_0386,0.1567944274947202,0.12998679862917695,0.06538884451907478,0.004686585673704071,0.2761766719616659,0.001489553955659537,0.002008955178980479,0.001317421108530477,0.06619729949937841,0.19907979043460286,0.0031327188102686847,0.035093817331623124,0.005321854980856701,0.0012858279129578955,0.001533130831027575,0.05050630167777234
spot_0387,0.37415733350276353,0.03396260546400288,0.06964529860734263,0.07454843846140909,0.010958461864455237,0.1405887679023842,0.03341237260062242,0.03738218255655955,0.001994543257987882,0.0015032234993682461,0.032206571602649024,0.10989484811310629,0.007805605922386887,0.06098387936056741,0.009451051762699473,0.0015048155216952934
spot_0388,0.3069384490862134,0.28171145728012026,0.3203312053792908,0.047681362343464984,0.0036657284814938388,0.0010308873902677286,0.002593564792453295,0.0011796044153315332,0.0008660613168074441,0.001084976481988434,0.015884058160501643,0.003088901579370136,0.010101670045082816,0.0010555025978626256,0.0019995941617489154,0.0007869764880021001
spot_0389,0.38179118153176334,0.13759940600247994,0.2593467944299453,0.01117075937626676,0.1361218564028503,0.0021803398778019417,0.004828527584824077,0.0022830650982896723,0.0020920786360653074,0.0014868944050004627,0.004392552167335933,0.03752197925664311,0.012564793115325218,0.0025411771268989583,0.002020615893346376,0.0020579790951632936
spot_0390,0.05795869011047242,0.10752463860225939,0.45499866585309445,0.046813961727079634,0.018603991958722647,0.0023575804685357408,0.005271326311726151,0.002636947622729432,0.013108042660262045,0.08356001793093974,0.03614163623921766,0.10315623210165496,0.02678692514974735,0.003035372179312495,0.03354117583260358,0.004504795251642301
spot_0391,0.5211055631764862,0.05473530403204843,0.03882300359033241,0.017056986253050743,0.020287116974006102,0.015311514300577533,0.08069518655315829,0.11341800304883506,0.0008682730254827844,0.0008998854377234147,0.014736888198448884,0.039302341903477055,0.013048682129349187,0.05688957794169737,0.011961771570045682,0.0008599018652808756
spot_0392,0.2651431609359862,0.03858635405463188,0.008827774125412342,0.047872524905163305,0.03190060678610978,0.015179776867362936,0.15698842947555972,0.0441617906371701,0.0443074622909662,0.006133615567144023,0.009120705748884501,0.03375221036251341,0.11467432586705421,0.03880853747128989,0.004672802370317501,0.13986992253443398
spot_0393,0.40182503303596717,0.024504834362894794,0.10495868428467788,0.03345246118498505,0.01875141236429349,0.018392627412161962,0.010388744638862395,0.062381105796151665,0.02999716806639337,0.05300818659467246,0.14908781451757802,0.024270098341006668,0.0060243394420760234,0.021650520764711023,0.01391625914793852,0.027390710045629527
spot_0394,0.47191234068096444,0.09250227854219363,0.1918116606897841,0.08725242794669885,0.029202881122290133,0.0011778485017778346,0.002768668149136299,0.001661615959139823,0.002170236958024863,0.002120466981555559,0.019915933205551756,0.0724244611668827,0.02004673428735618,0.0013473430450952138,0.001891182340841628,0.0017939204227069828
spot_0395,0.11961105935961971,0.0890118371924221,0.1815310705974665,0.01191814118317554,0.054058409383351526,0.005316910667464703,0.021691466268900898,0.07752534269887552,0.06366414155430257,0.17395673210734683,0.027612795505033535,0.09457457004936,0.00434940543524682,0.018694942012915102,0.03583285802539227,0.020650317959126353
spot_0396,0.33346143825899666,0.1764079455676333,0.23202797331376823,0.020309564920177627,0.024232517804407473,0.0011820280521585977,0.00168748851672575,0.001169201030877102,0.04799440449928336,0.05952817052051249,0.004293514293574762,0.01645373195680469,0.009313879312810646,0.0009930677732640516,0.001045814142408396,0.06989926003659684
spot_0397,0.258699774817777,0.06439060358793004,0.28937227029838264,0.028008657587709613,0.015706964364009313,0.008162968372451772,0.016248435167716395,0.027203575027746577,0.0716806765079464,0.005006242346284312,0.03474644387685836,0.08741919295990568,0.00735030920310454,0.008190961929490922,0.04879450211069389,0.029018421841992534
spot_0398,0.09042559220929557,0.2216667285318079,0.28821108597849887,0.08353150893199536,0.17674992922475818,0.0007429187174518497,0.0019148325204653433,0.0009097733042375318,0.003191532187002828,0.07405232081113632,0.008053855136879642,0.010335532946654907,0.02728010664307577,0.0007743453529268119,0.0012300609935937856,0.010929876510219297
spot_0399,0.03288987087732094,0.11544793592738888,0.3397606252258713,0.06963357757271141,0.01851345025409087,0.024782420754684894,0.11203897186206767,0.01881543191116196,0.002135863289722842,0.006376915205910796,0.03576046804481408,0.10730012121930854,0.03678363696443453,0.009006701619327151,0.06845801971614343,0.0022959895550407113
spot_0400,0.18604099580013436,0.20771006928978641,0.20021216501943292,0.03596510518061183,0.14496950443509204,0.0006820534572873742,0.0019187885343889656,0.0009361451683150794,0.008598259938928746,0.03976687339022748,0.015502746491138515,0.08801714486584208,0.014370855644015135,0.0007139799381847014,0.001192374871060119,0.053402937975554225
spot_0401,0.0003939873868435718,0.17949345060442906,0.1326073897910669,0.09022094771847818,0.0005090048437170293,0.12889017059689234,0.10294911672144422,0.08866269465920786,0.0006728338149478075,0.0004800446470836442,0.07342896620512726,0.0003645051954353829,0.01270131819886693,0.12111379164990707,0.06675988168901953,0.0007518962775332526
spot_0402,0.17153682391195005,0.16273762629427216,0.1895184072149858,0.15420494136325072,0.011957973914536884,0.001702817604928293,0.004464275013305531,0.0020675365278607738,0.0011155810497111309,0.001219533005179386,0.08532320358880281,0.04103739909198584,0.16835760729087051,0.001642263778429988,0.001965824627662178,0.001148185722267903
spot_0403,0.41622103201757044,0.0045437881405225086,0.003446492941458725,0.13239750476219073,0.24388190383457098,0.002802144875671438,0.042421492887563444,0.004985045239775213,0.005000609319601971,0.07638488313709481,0.0295243290738512,0.013275360712742322,0.006703677366527594,0.002873737167086359,0.010914299818711575,0.004623698705060718
spot_0404,0.23908772077074567,0.20583375943824073,0.19860963112646296,0.06732166034109807,0.02232946464610234,0.009575872044905119,0.028027321441248775,0.022317034566772722,0.0007645188603539217,0.0007556606631953013,0.0061616346472498015,0.00812031365198358,0.1725614218505262,0.014265130187588697,0.0035188278453311254,0.0007500279181950131
spot_0405,0.1020814964009008,0.1577310813658052,0.12306780578175368,0.2906711154138713,0.008892707310619545,0.007559027034837808,0.06480234565876357,0.049463841436071736,0.0009749361722482794,0.002412873673213195,0.0837974958598886,0.009854077416058874,0.03509109715119338,0.01189862552375966,0.05069656114012193,0.0010049126608924293
spot_0406,0.18431124969273718,0.3332217128969266,0.4333408182179615,0.005283082400933084,0.004499493056150634,0.0028869131525415923,0.005847227391083995,0.002574866976307087,0.0015096324698939852,0.0011714803779397387,0.003620298097388182,0.002646555426338381,0.012908674958869179,0.0021004557053835478,0.002739571522724508,0.0013379676568207831
spot_0407,0.26601715443000007,0.11942698186506141,0.15390452477874725,0.026456289058645173,0.14529265265567098,0.0013815248979211685,0.0024401006263597095,0.0012602895328207467,0.0034342199805164203,0.06731061893480261,0.15759795941493154,0.01528462587828296,0.03323676789374075,0.0012857434350494854,0.002794112712131041,0.002876433905318647
spot_0408,0.2836184129986101,0.10102950810745866,0.16689418004062787,0.06876336628943587,0.009127163548544943,0.00268987456143362,0.027370151060826454,0.004655497230172495,0.012475676745600362,0.14519200943878768,0.1197638272962919,0.005396918968610708,0.025734876258639516,0.004189016072017083,0.012720213562888648,0.010379307820054069
spot_0409,0.19405935241467445,0.08895209664282679,0.18462334034261996,0.22897073096900084,0.02657078846048291,0.0019837167146298826,0.009163503602673059,0.0018828072317259026,0.055478899603495675,0.023628612563159367,0.12861715741072904,0.0077037915401137426,0.030055721151446148,0.0018785594648743518,0.006043510254727921,0.010387411632819987
spot_0410,0.04120151409832804,0.03594126628726622,0.5801026937765046,0.005296877672903302,0.29822304515000125,0.0010953182868311798,0.002326328901866419,0.0010948007798069835,0.0016103877878698367,0.0013561111168144452,0.0022563324521255768,0.018473955474967656,0.0063491720948256804,0.0008863919219241817,0.0010553090458978757,0.002730495152066749
spot_0411,0.06690714408521767,0.10343381726009375,0.24229331100341137,0.22827149977361752,0.015517706887822617,0.0031402310841870075,0.02851744085090607,0.020994838149662187,0.0013554744720124094,0.001352570919482769,0.19342027666724454,0.005834314625056163,0.009360626152233402,0.010796847225812306,0.06710636932240784,0.0016975315208323804
spot_0412,0.3196848355626066,0.3123370096553314,0.15595567244596822,0.027952413620679184,0.008959619088422346,0.010167202489985762,0.005225107622120587,0.030465381567696577,0.006563744913474435,0.008312469215457287,0.045644782283604926,0.0276722236296613,0.00926476177760503,0.013854554308694943,0.007135341908768836,0.010804879909922597
spot_0413,0.20742232642857394,0.18636265026645127,0.02464318893874797,0.13822269512043855,0.10993232534634624,0.0066096326956512665,0.0831589635460951,0.08195764348611803,0.0013509097619324318,0.001507569816219697,0.00538205562690143,0.009462633759754114,0.08420452652837838,0.04342046315507129,0.015255215837616678,0.0011071996857035821
spot_0414,0.12617275313161108,0.016574393016186392,0.2535315416534972,0.13811484236531393,0.0901882533174116,0.003079322235567932,0.05842628577423292,0.0192558594743862,0.09593234304547238,0.007866994172851553,0.03764197316638541,0.0928030994041688,0.005534601034105383,0.018684625411397617,0.018471435682705577,0.01772167711470599
spot_0415,0.10060104616859494,0.06303837541034724,0.28882242241019107,0.21619388094767103,0.13912259412074549,0.001301474149104447,0.005288763697725008,0.0019198232118433978,0.007778995086677386,0.06645916381931322,0.06098520685169414,0.007320021273314554,0.026642981183772164,0.0014455953378335088,0.00932837758251843,0.0037512787486539893
spot_0416,0.325317339476705,0.005995374262046876,0.00483922793752404,0.2444353680681637,0.01821969287161899,0.00585248583489101,0.039994753063727344,0.005923154620768924,0.01453717609405989,0.12389069098816285,0.059808329959236434,0.0924870907448676,0.005468070210148693,0.004127844991870608,0.01977413609719171,0.029329264779016307
spot_0417,0.38034074002771084,0.16967535074452847,0.008350564648105338,0.12659793430402957,0.061970177890680975,0.004828880066975806,0.004495046030086681,0.008654990026997876,0.08271408832694273,0.011973494908585328,0.009582800218886751,0.0705715304671501,0.03187058992526915,0.009770182697393244,0.003946106285409086,0.014657523431248027
spot_0418,0.12232435183226431,0.19591148420181947,0.2148683892831725,0.020809508102575376,0.1568152757968463,0.001530142741650537,0.0027019163012836716,0.0017523473835131514,0.005548144293875208,0.10762206171739226,0.1263458558555624,0.016816957086217606,0.019160207467156173,0.0020739174481018328,0.0023541824962807264,0.003365257992288472
spot_0419,0.28287844330399137,0.048502761379603215,0.12955870061366143,0.13989961546157959,0.13804202155315015,0.014358300246458911,0.07229836716109511,0.014500367569409759,0.018622085285499548,0.020476099483746114,0.04418436891337754,0.010985221839875334,0.007966149304832254,0.03159598418044388,0.0055557541078554,0.02057575959542042
spot_0420,0.31729866241675253,0.1611459025871424,0.18776692131302394,0.015655799202596292,0.08036057858877703,0.005719498661061589,0.04418983573969693,0.1139338658061091,0.0015738980808675492,0.0016600159104213717,0.005256443177130158,0.013483621596446374,0.021117649517033946,0.02156786206502628,0.00834439714131951,0.0009250481965949737
spot_0421,0.0950200738651012,0.06874157036844167,0.03183784805969485,0.1914317910931154,0.00429597034191472,0.00826593416890315,0.022417001755815732,0.05573357302516632,0.006197875566875389,0.1191765723107667,0.17036045141555536,0.021820079996864666,0.032366629858402045,0.01894249048538192,0.12846339164819606,0.02492874603980484
spot_0422,0.09562459439453258,0.34332085517433,0.05429537397607386,0.018948995087798234,0.08832381796492055,0.05716649711202422,0.08250616998241327,0.008240443422437736,0.13290353072591757,0.009691413764985236,0.008701245026447885,0.03445645889903905,0.007917767602028536,0.021550800713856705,0.007496584521826998,0.028855451631367594
spot_0423,0.3690684904055141,0.0733636395159529,0.15094418192303177,0.1761049134831224,0.12578484696259795,0.0023179587743308028,0.03158073951157147,0.021804528009880628,0.0005738754382768448,0.0005625229968258435,0.006766258839951342,0.0052674602224417316,0.028349406492842583,0.004291264098294127,0.002667131089738209,0.0005527822356272771
spot_0424,0.2539669151319688,0.02022712493482117,0.07821366137513654,0.025375759900805758,0.32424980900194,0.01214735724655121,0.06271617371081802,0.028284769378098235,0.00268335493991389,0.0012915446470658746,0.022100836562118906,0.030739114151423882,0.020692623283422116,0.021457836528373058,0.09440550642325236,0.001447612784290166
spot_0425,0.16129748273057462,0.220994927773516,0.2009168504942535,0.08155327179472599,0.17166631715775002,0.0008850812910773862,0.0021492341533815595,0.0009387536984510694,0.0035858682540337657,0.06312988201967706,0.04394379346944002,0.0037400398925670477,0.038002285189091836,0.0008099608645618406,0.001696560463497979,0.0046896907534002795
spot_0426,0.34492069822313887,0.07178745153542486,0.10814260550456954,0.012127363599843576,0.15911445844425204,0.01767114832089047,0.006253841414048122,0.08519341366297542,0.05480075530711441,0.03603803166731841,0.01894488206046776,0.05213630162834857,0.00980128226755154,0.015177309153411823,0.005045018137737643,0.002845439072906965
spot_0427,0.09384157821035857,0.08711340840075178,0.10221768217344597,0.29599495030998135,0.1532955472340545,0.001692943763020106,0.02676626341757662,0.0043233120693305154,0.001310268588223779,0.0011917601262924028,0.1662889919265504,0.017022508424218572,0.022532019378564874,0.0022918078726804746,0.023103003121995782,0.0010139549829543014
spot_0428,0.7082481940396385,0.026655963501280303,0.03173543888974019,0.0777529078755031,0.0072792253746261585,0.0033279698304501245,0.005155565971255768,0.004959909035330149,0.0029764471673504995,0.004599297582819032,0.009223283456436998,0.004037570276747464,0.10189140249635306,0.004085385792534554,0.004559631285583387,0.003511807424350724
spot_0429,0.29943918518607815,0.09379253958561062,0.2355707974594343,0.1220253059909461,0.07945247398056025,0.010982097963936087,0.01705231193605101,0.012923295555838326,0.010762755748841979,0.030374182262091737,0.020526691538094853,0.007562655638805346,0.028864601828742887,0.018873208578372037,0.004193758411472283,0.007604138335124003
spot_0430,0.46358393107174267,0.1654843542624072,0.029170932451139633,0.008804595144499385,0.0736971903482575,0.0016395946577819351,0.0021304026570277326,0.001433557196080572,0.036543963455624315,0.05808318499609462,0.0035127449373325843,0.01567989729475497,0.0078559225408694,0.0013311278246067092,0.001339643768551313,0.12970895739322946
spot_0431,0.4519862969171874,0.07589176087774785,0.005848552102725188,0.3786516329165768,0.013819545885378445,0.0024179176796471653,0.018572824271180052,0.0028142057845968295,0.0010667876796651048,0.0010852375653241204,0.02554971791635794,0.002875880898509133,0.007848015513166096,0.0019009367293701155,0.008611649626595412,0.0010590376359723645
spot_0432,0.31730944150981333,0.01775033922799888,0.21114477484161576,0.1836309908893048,0.011925684288383216,0.0010409995318222981,0.0023993389086660708,0.0010511337204445487,0.0006459479454449357,0.0010490831196319854,0.14476506948910786,0.07500896081668987,0.025810801415100813,0.0010560400296818727,0.004719145007678974,0.0006922492586148376
spot_0433,0.2068777315980636,0.020280988517368898,0.006569291624181106,0.23715990017790523,0.06986707988365298,0.026175592477614074,0.0039411337300608125,0.00266960952730506,0.19744718866765384,0.012352749581204437,0.10811412432759662,0.0527356899280655,0.004372146066485287,0.0030610098074162683,0.025513998581156418,0.022861765504269858
spot_0434,0.03864385198667572,0.21819015633309902,0.01791862062812541,0.32169374771581044,0.0861596331474746,0.002791593279830205,0.06952725791979758,0.0620706352862585,0.04943074302857396,0.029304032861609205,0.024625725504366786,0.004354523193413233,0.0428605228789922,0.006916943762186319,0.013983497915637605,0.011528514558149234
spot_0435,0.3461541116899893,0.07275883002560161,0.08326524260639992,0.007770022360710902,0.15669758154010105,0.0011028542146354764,0.002568269184553914,0.0012802428871617369,0.08942850265639689,0.1679728630348683,0.0044862603762256875,0.03979161818052252,0.005148012861257414,0.0011120382586298782,0.0013074738776979885,0.019156076245247417
spot_0436,0.1754845223527217,0.22165415013754985,0.3059945070131262,0.13775748934304524,0.026267415360590442,0.0028373356212611773,0.006243689080296278,0.0032082630051152123,0.0018963976231764742,0.0022492265765928416,0.04610236346316648,0.006553521893014333,0.054778995789718635,0.002885592486055657,0.0044728332434793,0.0016136970110901766
spot_0437,0.3469888078005253,0.021643005145205667,0.21099704282238596,0.17470841425379985,0.006151072698573392,0.003912645778331097,0.014319660226741452,0.0061601662977372774,0.0012962295454657954,0.0012553667596067375,0.1745624823460236,0.006644102826887577,0.009605100221161898,0.0050933491283635625,0.015445269421327845,0.001217284727863004
spot_0438,0.1864448041800238,0.09748682569796367,0.15658124009515184,0.021038053367383736,0.06172798270052578,0.008827773308660776,0.01820667062826028,0.0437230357529097,0.005762009740930303,0.14693636637139473,0.06239964176126347,0.044231156883629205,0.01492640000678552,0.00996846757881039,0.11014375003630426,0.011595821890002552
spot_0439,0.07494422983492394,0.3242139860522322,0.1388474935856934,0.07909507173009925,0.026255222990965655,0.0018976495128257983,0.003166960019378166,0.0014203527360798422,0.020965126368203392,0.10657798473805852,0.16047935727682405,0.02874016830421318,0.01579459062097521,0.0014469100241379037,0.0022295263608164972,0.013925369844573028
spot_0440,0.45311655002528567,0.027953454422315758,0.21054117142978923,0.006663229855914793,0.08926402749069841,0.003959135112316985,0.024732457829226173,0.04615623620610584,0.04252231481172593,0.002081505936068746,0.004804979919140198,0.06328559079567948,0.003745220504904505,0.008144693333403964,0.01102324905642779,0.0020061832709965073
spot_0441,0.36380110675311383,0.019204439202835766,0.018167486967204854,0.15340248713878193,0.24907568638769453,0.0018734493695650883,0.005844290526389857,0.0020817938716562244,0.0024075389597200078,0.0021999712268101408,0.10125635684494214,0.028523388943587778,0.009459927322730094,0.002160249694202689,0.03669927974804411,0.0038425470427209314
spot_0442,0.193377427791204,0.12897070398676905,0.11519125653501341,0.20088983506951918,0.00607312569367627,0.0011681602637504955,0.002837512817579188,0.0011925652692925295,0.050415428113659885,0.1899883228595922,0.025897174072903185,0.01688825140623089,0.044340639655129056,0.001077593887876337,0.0023979449598975715,0.019294057617906722
spot_0443,0.13837071061923872,0.33595542727911987,0.04180106979558318,0.2815252181235744,0.06055512182624062,0.0007121262315068436,0.0019023246702069953,0.0011777333937100514,0.0007118380250214648,0.001182806482123967,0.009763607155522444,0.10093403413535082,0.02284815908478763,0.0009022552320721565,0.0010250851067944665,0.0006324828391463871
spot_0444,0.28811658360718895,0.08479674238282404,0.10464849600228479,0.015920821314324287,0.009553608986289262,0.006514000738437225,0.08001213198452811,0.17202393139355934,0.0024263137049562846,0.0024421552519284734,0.009191352353059574,0.004186230743272827,0.018070380625206443,0.03637666224795799,0.16192432037581225,0.003796268288370167
spot_0445,0.15952723444567832,0.13503780090232076,0.3361289447178932,0.09471827281156939,0.004209593994982104,0.005224681576890234,0.11500231517436446,0.06278714628190284,0.0007114043443499796,0.0008063445154998446,0.028860593291266577,0.0028883714955900306,0.018986654215034402,0.00818397058318738,0.026313921420856198,0.0006127502286143423
spot_0446,0.1124858555310813,0.46038815580656994,0.2968523205770307,0.046806357654664794,0.01931791741826328,0.0013684648605413188,0.0031913251955796268,0.001986066972501144,0.0022964884534351273,0.0025836379266810845,0.012346118159964259,0.009609171887811938,0.024398903216584836,0.001707050093040183,0.002693540339588107,0.001968625906662331
spot_0447,0.18112309578741315,0.19380158848999193,0.18693488391129143,0.06427420786366705,0.11363802111974015,0.016255099086214798,0.020692384569524647,0.00833597388345709,0.0007757728521140262,0.0007809373566661086,0.090280856319131,0.007662772222751823,0.010740335796748884,0.021844815199713426,0.08211681511356082,0.0007424404280136383
spot_0448,0.19005639488286113,0.10343179759665587,0.18908456449189354,0.04608234413033601,0.12428543953735009,0.01080414628579088,0.024995125353197593,0.09680783730480405,0.0007527997128221527,0.0006585933234495652,0.035713641964851425,0.004746813442335429,0.11449517048238195,0.016489270063460102,0.04081010908892485,0.0007859523388853416
spot_0449,0.12776704287600893,0.2881615058911201,0.15081056994345712,0.23017725018285703,0.004692392274837506,0.005396239110646172,0.005175908948835895,0.002026588032561306,0.0010467363971686909,0.0014480253689380137,0.039057002576015236,0.012744226453199371,0.12259618217863871,0.0021225603552371872,0.0047572405100996095,0.0020205289003790918
spot_0450,0.005493356897094867,0.19160862958538324,0.16775383497566176,0.0670249830529761,0.018427688117375114,0.009000821614670347,0.0876539987519254,0.03353693401361189,0.05517438558037161,0.07051660038478871,0.008493406667818715,0.09164600940316203,0.12891055680605,0.037928682141540375,0.0036040221524218704,0.023226089855147975
spot_0451,0.12006893770449824,0.29917012391534425,0.21513853905733238,0.067785101409732,0.025252984735252837,0.0009386013702932047,0.0032555034274335828,0.0011534536214856629,0.012029710721842331,0.07887915953955339,0.006495606194662733,0.11763569179364747,0.03264814053773905,0.0010710431133773926,0.001602559407097715,0.01687484345070773
spot_0452,0.006611314902057583,0.1145814873305981,0.1983325462600388,0.011495618558182265,0.09194498900748144,0.014998159183376842,0.09597942003191168,0.3110460011514264,0.0011198176485547554,0.0012280254551565917,0.004243712018377174,0.006499483801339257,0.02914499057746212,0.10531686335776463,0.006523680955746193,0.0009338897605262039
spot_0453,0.2503729939795264,0.013539029945636024,0.15772221894924945,0.21223852183772357,0.01712296981076345,0.02511680367011733,0.10550458177259928,0.03544286623176991,0.0015668904475094876,0.007875988408515838,0.10836494581554444,0.01300819599005326,0.0058164189631416075,0.025885099215367822,0.01841116375611062,0.002011311206371505
spot_0454,0.07190674497672694,0.3740045323098319,0.02226043103991055,0.004343472884612681,0.26794463132404317,0.001764256076638395,0.003370813255665932,0.0014821629180347563,0.048667420434883854,0.03150812661876401,0.0033415512030146714,0.007519665987194837,0.00438026304397351,0.0013684394721062332,0.0041764397104156244,0.15196104874418295
spot_0455,0.13765884864013309,0.36642753703020986,0.007263513314018543,0.11280784327803019,0.007025841315885923,0.002493266151416221,0.002781628746497224,0.003001030122800439,0.04769222255415574,0.10171405839045568,0.16181916547304925,0.006438131371502851,0.010896342429276475,0.0023855930024190533,0.005909180701474526,0.02368579747867491
spot_0456,0.3313835098421221,0.11174446719391228,0.18689634864098806,0.06688091197679955,0.009807004377886728,0.018156693312173573,0.07127374034939694,0.019547096502116192,0.03417839333707825,0.03842022984830781,0.011480374571682373,0.036783845177978176,0.004868955149639903,0.012942729224146075,0.003969475428495094,0.04166622506727684
spot_0457,0.27127747447594075,0.14282120802833892,0.34553763199853704,0.030757157968818536,0.049295126989799404,0.0012169797338579414,0.0027882963700590017,0.0013126988750626544,0.006579835951477095,0.10702851771764123,0.009011670663428577,0.006594588982227974,0.014724612873494608,0.0011824380240769317,0.0018336101968445299,0.008038151150394784
spot_0458,0.38502134340452765,0.3395261130174686,0.03138094522806099,0.012523091999486272,0.021057315443930195,0.0429328815071895,0.008192668367252229,0.03050967855962797,0.0015907221423882693,0.0015492995039728338,0.015882410371631787,0.005696340524057243,0.006755069058677711,0.08875473269773161,0.007293940827105367,0.001333447346891789
spot_0459,0.23763472833655705,0.12317327993134507,0.3023814742269076,0.0654706940076874,0.01149635732519862,0.0020520052461804592,0.007424102260148159,0.0036862313539780503,0.005154415457604203,0.11058829942199627,0.009902546034970214,0.055532363764088856,0.04647409023894808,0.0022833141571556997,0.003988639992712199,0.012757458244522102
spot_0460,0.13485152861264252,0.12719225305884213,0.05510896588208225,0.031895559883996956,0.04456340839062382,0.03774495239696348,0.10631885930306607,0.08337945403468977,0.15240179162559273,0.012729800102457578,0.008081297543965844,0.044399547289778137,0.05837754039736952,0.08337663567355759,0.0026692124211580783,0.01690919338321352
spot_0461,0.17334902585700598,0.01171362996647622,0.49558976139772487,0.003985994479525958,0.058265996553166506,0.0018072946915259638,0.003236102058194442,0.0019040726201079,0.0008936607546681819,0.0009581057021824911,0.008436174565923698,0.22932898918658218,0.005159674719614203,0.0019682847183789998,0.0026012021471672787,0.0008020305817551562
spot_0462,0.32225098683433073,0.0037573638791374613,0.0023169135044277716,0.007483265322410727,0.019977514409051454,0.05553689356726574,0.005373438253053654,0.016726148805708704,0.05556899090240571,0.1487172490751454,0.12591346229055653,0.06847841725271922,0.008413267043258127,0.02003659563931612,0.05171372028289109,0.08773577293832156
spot_0463,0.12423997928942121,0.2612407929641533,0.481982375523562,0.017659415853966267,0.003178133394389545,0.0008623247702005373,0.0022483806292973516,0.001533854557367615,0.0013899098421202738,0.0014280574161205889,0.010029895812171856,0.003822041659455641,0.08662330182484788,0.0010457259634638113,0.0012269398258883714,0.0014888706735737315
spot_0464,0.1538221528226723,0.10720663301002281,0.28052292743140345,0.09671045849499108,0.042680763915323106,0.004705516488336079,0.09552310795208423,0.04924053911579405,0.02464150177220751,0.07706206997198478,0.012460678157075696,0.01332432654780443,0.015654708921600313,0.009796973280824725,0.006771461816391701,0.009876180301483737
spot_0465,0.6115770916899543,0.133702135638756,0.15002856453273386,0.012389220735299775,0.016165658204150488,0.02310012692952991,0.00906750766315302,0.008072127878182655,0.0006441735141686608,0.0007378744229629308,0.0035225640989583235,0.0038977315542967567,0.004751284135824082,0.02020313847339672,0.0014704992794549467,0.0006703012491774977
spot_0466,0.014732234254356892,0.013222165289963077,0.029620091350571306,0.10288044216075265,0.06805833423486717,0.004178800076590271,0.31845623560175723,0.06518242559193592,0.0015935176898824455,0.001642754210603679,0.0819707669980904,0.010768510587846404,0.25569462154833467,0.022371446509079098,0.008600376210265439,0.0010272776851033727
spot_0467,0.04297882061978423,0.3865885349393383,0.4463442294026795,0.01126819328803181,0.08644531917460184,0.001319392218637311,0.00272547038196901,0.001592934444334974,0.0009910498764596457,0.0009677506808810302,0.00520556896530195,0.0048053989578675065,0.004643515321457531,0.001377840641656898,0.0017383869942124686,0.001007594092785984
spot_0468,0.29547072203105273,0.01917370078116723,0.02287278522819166,0.27877588398339165,0.004659148338000247,0.00394979202276092,0.017802191605504156,0.015385543030263045,0.04885571947327682,0.05779764361851981,0.14803454401709776,0.004751438106474592,0.04437159763988235,0.010586646111154601,0.01960492304707228,0.007907720966190166
spot_0469,0.1478229724514676,0.023091192786830847,0.43998567351791473,0.010315814191961772,0.01004538618634356,0.028906630440715786,0.05495961955940425,0.12137467820160534,0.012384693470326762,0.038057609526685195,0.007794815069999459,0.053675075120508974,0.006683843005527158,0.023654881828604344,0.016245798553889607,0.0050013160882145975
spot_0470,0.2505044144810948,0.0389061218593851,0.22717397066008874,0.013029783464550799,0.1664504411123048,0.003253466405560466,0.003375580072538606,0.0020562569961853966,0.0929513598581124,0.004783156731420561,0.09241239015881185,0.027669050715335236,0.012473975672682838,0.001853990926011758,0.004972488989453902,0.058133551896462785
spot_0471,0.5171619698269514,0.17448100500474387,0.08465338620068942,0.002867248864543692,0.03213374111441321,0.0008719687652963568,0.0012421912060247905,0.0009509057127316,0.020162827816960743,0.08715655557078514,0.002327830452548332,0.0673217109028921,0.0027345807012363926,0.0008090982280044087,0.0011060718684704073,0.004018907763708184
spot_0472,0.14679988960899476,0.20234351718686958,0.5610341372324581,0.009131923866124523,0.02069265332179002,0.0011150601709323427,0.00220899308806074,0.0010540674245532076,0.000512883573368033,0.0006367882978705736,0.01856771182208115,0.01982722656755991,0.012655469765487806,0.0008601047226102777,0.0019845517902357802,0.0005750215610031676
spot_0473,0.13977215009336597,0.13589406342285812,0.2585933522591567,0.2067467216054698,0.005428309463428346,0.0034456464331317064,0.011441318511836574,0.003450849423854872,0.003034991077622351,0.015277673484030462,0.10575293868550896,0.007507029456382831,0.07899169491472187,0.006094098977559129,0.015832149301529565,0.0027370128895427637
spot_0474,0.44657679213215495,0.12740045461136845,0.18678681054939889,0.005718051964403729,0.00841515930939262,0.030044051958705423,0.010039415087544223,0.1137687758955917,0.0013484209866373624,0.0008608816158229872,0.005569171071057862,0.002260571751578734,0.01456928851381645,0.03777934926871605,0.007091894649809759,0.001770910634000833
spot_0475,0.3117686973257021,0.01298685999598471,0.2621376156331952,0.0322506576161211,0.08843011821505485,0.0031602804304539764,0.04507293737319471,0.009483298969437162,0.020979334519828856,0.0882517538942848,0.07199513514741353,0.011413644400380773,0.02093174180719415,0.0038171942793779044,0.010013446559272401,0.007307283833103781
spot_0476,0.003513991885428527,0.21443223132192749,0.27547748512616554,0.2722801736601037,0.11910524530594353,0.0019262114649942145,0.006555922230007858,0.002027315636612858,0.002815549720849861,0.002728274290192334,0.022184765327650034,0.004743835830289715,0.06507667119592134,0.002144453621421836,0.0024181743738505633,0.002569699008640616
spot_0477,0.5729884846090928,0.011867975698160987,0.08301716152375847,0.00952543663655631,0.09321048630736689,0.0023321940314467706,0.02623434240232056,0.0071539423918117045,0.0015765167807264993,0.0016014364444203479,0.004897437527981261,0.16740111405582905,0.005812131666584267,0.0033226779454786,0.007381317576274601,0.0016773444021909404
spot_0478,0.4917257201073714,0.17165668977135348,0.006880605382257607,0.07919759300648876,0.008982865708561253,0.003685346800854642,0.02139885817112356,0.030876792204471898,0.023222262411133603,0.00865301606934638,0.009651944563943972,0.06209332753563941,0.060284356799319525,0.010234604821226666,0.002500213580310319,0.008955803066597497
spot_0479,0.22111738080697496,0.3397205293838491,0.007219940651291364,0.029149583787795304,0.1577562089556646,0.017284558899440444,0.005568861578373517,0.0183435676788411,0.0018486328451693952,0.001178115123714175,0.12080822047401024,0.023784797192389674,0.030091079696655715,0.019983155741869804,0.0048920564339440175,0.0012533107500165399
spot_0480,0.1538473436025555,0.03425364175268406,0.19127366045051244,0.17560806157577388,0.07809408526523859,0.012465752774738909,0.02931932999461463,0.16007883594975553,0.00067048069625974,0.0005809858834499685,0.09702988666855998,0.01751983561931336,0.026880794465263442,0.013500944250181343,0.008240221259060303,0.000636139792038336
spot_0481,0.20514403461935887,0.17729555751876164,0.4163126419390703,0.021959949494414363,0.005167897027593035,0.005126347978306051,0.02872432365580726,0.008894619882067318,0.005304378559231157,0.020527455521421732,0.0036700668989785214,0.0032121028983137395,0.042521911390515976,0.012442600605769289,0.0026202843352228565,0.04107582767516788
spot_0482,0.4379777496139072,0.08464667210486436,0.021891687100603442,0.11059353379487327,0.0039807161735456575,0.03684663700595285,0.02534701950168832,0.017829031339285182,0.0454417090145113,0.013125770983786854,0.06208474788341094,0.015597225501702613,0.07492093181100219,0.016137431155978755,0.005790413179542617,0.027788723835344444
spot_0483,0.3073098820063516,0.30014024832934444,0.062128385317180165,0.07639960989800727,0.01397656487367855,0.019956616700552345,0.02858284358496911,0.07157226535363928,0.01848918070590464,0.0029425582701874354,0.015254479949866883,0.005866641377319414,0.010882122208174414,0.028024240156361898,0.03026900597615988,0.008205355292302693
spot_0484,0.3424333697406583,0.2264398461005106,0.29325432539508006,0.004521592049277952,0.008683955999052048,0.0011105908200703782,0.0024680167297021507,0.0012089420863566453,0.003258221187953243,0.07554889204523635,0.0029597872510402226,0.026174543448165624,0.0061648481905528405,0.001059444132179354,0.0014895892947680283,0.0032240355293961923
spot_0485,0.1824540515006399,0.022072316632814875,0.011299193701519062,0.08166254226364504,0.08756760979415577,0.0065669792495477676,0.05828493591950735,0.015114421666990372,0.1298239665454699,0.11424365542431286,0.08888101107296294,0.030746977320739898,0.012123628739003679,0.015754613161210372,0.0890152346075289,0.05438886239995132
spot_0486,0.6022704721010356,0.003595428458775022,0.0022695439888038085,0.04998529350660685,0.0149201896423422,0.002105608280971812,0.0051789767144530575,0.005137753531889629,0.08407566943976384,0.023298002239953854,0.02847861526058813,0.04985978417150803,0.11431771961012352,0.0028262015043598893,0.0044529023146021715,0.007227839234222618
spot_0487,0.3885416538597247,0.008105035137421253,0.06637126916318915,0.05040992424440833,0.0042813677224130585,0.00505281725899954,0.06374093110152297,0.14861217094140394,0.0012666657942228816,0.0012460513183643396,0.12502556074007604,0.005783905762493579,0.00408286628181758,0.008194326927472703,0.1178914209611532,0.0013940327853167074
spot_0488,0.3428328999819513,0.04005596239278815,0.08095544249286282,0.018999670833434797,0.1398525887734171,0.050496098883577,0.013789033482503217,0.013707713188735388,0.0076445139936077025,0.0967733369068079,0.04273562113691507,0.012146540764938171,0.09909623685176937,0.016228438847639574,0.020935532322457887,0.0037503691465945416
spot_0489,0.012193549185958148,0.35248578144205217,0.1736453989217442,0.014375744084354974,0.0038815456388825807,0.07915464336335722,0.019503867351149864,0.00867696967917401,0.039926358757374235,0.03546136228264575,0.009879865172540308,0.0046637196159369215,0.077411409336318,0.058518939087668795,0.011520461535246827,0.09870038454559603
spot_0490,0.11003271344568824,0.12793459430000656,0.3405613651771648,0.21727665008483674,0.007641154520190006,0.0058437097583900555,0.03671225309689551,0.021346793105857347,0.0007585012968410683,0.0007587826652898973,0.05711594912489971,0.001998635529017416,0.03936342495428784,0.01810215733842783,0.013793960667677107,0.0007593549345298638
spot_0491,0.379751582409754,0.06868900812179604,0.17528885201947367,0.06199211342352441,0.009016983836905305,0.001554559345313045,0.008500607222562658,0.0020106832286869276,0.03254057290908038,0.06706105052538903,0.11797583775779576,0.005694957581153308,0.03608104262953277,0.0021228175463274012,0.006595138275021762,0.02512419316768359
spot_0492,0.37559218537668454,0.013752870063266703,0.3388503844597619,0.013860113884502074,0.11750350654151,0.003635488507318111,0.008132836523447656,0.005472330767902284,0.0021867470771364016,0.0014515136331507493,0.014190616440797325,0.035024895151196625,0.06095414958851742,0.004656204496062503,0.0032953214829994576,0.001440836005746284
spot_0493,0.1997524122061838,0.009118316930809651,0.2217778155986789,0.19442497903410197,0.013223740133162088,0.01032519209520641,0.05761865351795016,0.018954697944935626,0.0008520715069387678,0.0006079913807300792,0.12187964349192938,0.017203620760235173,0.08702229567526092,0.010934738400140715,0.035494336753359806,0.0008094945703765385
spot_0494,0.008230246503250905,0.15301509915726927,0.04507963867999339,0.09596441269187324,0.0689393859123711,0.10266501670954485,0.2177489767748906,0.11087745660771602,0.03671534192994676,0.04086848464275963,0.006928036262843037,0.0027797819749523943,0.05582693633973304,0.025270615777326165,0.005613501847495303,0.02347706818803429
spot_0495,0.3624271556218601,0.04256489249901852,0.29332008224515,0.1600922982267347,0.01514893994945612,0.0019413378544115834,0.012744769489048511,0.005098520466213331,0.0017195890242202986,0.002654329904322107,0.06591039620847501,0.01507156173459435,0.01289062410292279,0.0026664993812719508,0.004159018499649132,0.0015899847926514922
spot_0496,0.4167954466005582,0.009598095780649456,0.00473034825161079,0.18391991467200702,0.15544058793323548,0.0012707774422740894,0.0022773455381980183,0.0013067391166776,0.0012456934768453336,0.001196638039849591,0.05810875154516175,0.0065166546062375395,0.15300009755395502,0.001277242414420835,0.0021601794019223733,0.0011554876263969594
spot_0497,0.4537236739116787,0.029552047396753416,0.08422920002390111,0.005879980259361424,0.010958759422447843,0.0033262354842449097,0.008537515819527464,0.002066071547923575,0.04311823418966927,0.3140022251808733,0.004549703118907924,0.01566780000505727,0.006087749203266241,0.002004966411020253,0.002458133714889241,0.013837704310478028
spot_0498,0.3437634240047268,0.08691691198395893,0.013873145078188704,0.28108262451314203,0.009717228289323596,0.0011192254737222573,0.0025440647498230374,0.0015347647880679014,0.10193526432968293,0.032541187756658894,0.06976263526942861,0.00782679451049863,0.029707009156201315,0.0014961097271213519,0.003392605928473317,0.012787004440981678
spot_0499,0.46665713166411943,0.0907442198618896,0.13279022681967484,0.022056112249125365,0.011945457139238778,0.02393083262173796,0.04787608931503343,0.04030015767990057,0.0029658024265275425,0.0018361213534679249,0.01465821703913686,0.07204543795733695,0.026801677048606264,0.017837617635920983,0.025737292417253196,0.001817606771030297
spot_0500,0.2379534273392165,0.02953010913144989,0.04436493478529194,0.1587427900806335,0.2616800885603882,0.005849589146660533,0.02614338499385693,0.061805267928236325,0.0018975863079012019,0.0014791729643399388,0.015355384876302416,0.047039071221606825,0.0633921094140916,0.03833289635935458,0.004830569968709052,0.0016036169219605116
spot_0501,0.08245610262142246,0.11654539984047997,0.20316780575192794,0.11981932413648103,0.005524343442826323,0.014255211822435658,0.10616585956848844,0.1329072723872403,0.001329173493763345,0.001514069396723693,0.09538414342869682,0.0016283914811551195,0.010829242627397576,0.013301108835683398,0.09369414886959414,0.0014784022956837977
spot_0502,0.059971220618926145,0.04671402771636525,0.16467391153010247,0.30504922084539254,0.1341547297802709,0.0027004438678295767,0.14559344100809501,0.034960239622641116,0.000917483920077172,0.0009235882984674795,0.01797900864779875,0.031004590919062998,0.023552002630023307,0.008958269882100703,0.02193742815481958,0.0009103925580269872
spot_0503,0.07692833614783963,0.05685369543660457,0.048069433823116195,0.09128962181165477,0.07454000641137055,0.01353200709061899,0.02855366776582416,0.05351135452454704,0.0022802047322971644,0.003515635144345199,0.22843723098504473,0.04233849725801257,0.020401414512872626,0.1363761320001512,0.12125953689097985,0.0021132254647207543
spot_0504,0.0012767355125350977,0.044405096750638515,0.23470804786774555,0.06275368687553413,0.00131234124568138,0.003919669091570118,0.010347723170279289,0.005810028031846598,0.0011854142644457776,0.0011852514628934885,0.37034459033780076,0.0010481490400862659,0.02325793794983979,0.00657149826801596,0.23073916584810134,0.0011346642829859457
spot_0505,0.21610347575872885,0.3244612142241746,0.07855764836901595,0.11588795508185717,0.016866637550260043,0.0010317780728954379,0.0034610214693580675,0.0013974918170308037,0.08765536968391807,0.036340861274846085,0.026404231463556554,0.013811933626266244,0.02779208885144251,0.0012246023672080053,0.0027518817425214383,0.04625180864692016
spot_0506,0.5557514777321411,0.002705021266805833,0.0022884297321622486,0.0059887857784311225,0.15303598763379658,0.0014178896954790967,0.002019975207851542,0.0015971357664833737,0.009510669252093646,0.01301033885042672,0.0025073953388909053,0.14419501172266505,0.008563666055371236,0.0017146076570663648,0.0014061594281430713,0.09428744888219212
spot_0507,0.19887201349733685,0.03302045860155149,0.2620719694403318,0.09170912476393,0.03364908470869535,0.0018968954176277314,0.011956911355098987,0.0033285012962958015,0.004007701867391686,0.041541406024598555,0.2788550715813856,0.005053482462325552,0.01044036879917598,0.002380739982785382,0.017140365477587183,0.004075904723882053
spot_0508,0.551186914361581,0.0017315978682964223,0.0018833843226891654,0.0021455603104014735,0.05612907126320721,0.021574863918048644,0.011046789012781352,0.09247787089116336,0.013519119908385873,0.10073126357916047,0.0023241909393232753,0.06912594304461757,0.003933606932997812,0.055882533988474474,0.004604361915638716,0.01170292774323324
spot_0509,0.02453746509056832,0.26353568031844316,0.24059676907737368,0.12253497319467803,0.03583425459220461,0.006252399851811803,0.01763079487441037,0.007367771770906974,0.006843661264102467,0.0479038788829404,0.10088270604456603,0.0017327537135075517,0.08785646321650296,0.009956932702543048,0.021651372647721684,0.004882122757718929
spot_0510,0.2662424469444659,0.18697474196046374,0.2717153842147969,0.0046314941596984115,0.11279675865081001,0.0008866240261108339,0.0017859926019777967,0.0010480192886123372,0.009113086885751246,0.09096750008032375,0.004665005841833593,0.03393706335415308,0.004083054146593069,0.0009328768306988359,0.0015857112785424069,0.008634239735168083
spot_0511,0.5765156082237244,0.006183755401199452,0.013986998829215721,0.02202766901526969,0.0065485725682193525,0.002027485046710645,0.05992497844505841,0.003340395836893876,0.10360476593444225,0.0953636404386912,0.018499237771260932,0.007297762982818925,0.018223149942920475,0.0036215964027961926,0.003908090536307249,0.05892629262447121
spot_0512,0.3066639464244367,0.0807700332808081,0.1954136530578268,0.06968241721370107,0.09570778294025942,0.001124271558167191,0.009057778930460296,0.0015152789275463513,0.006537871182528209,0.08460260055927879,0.005982325518172942,0.09995075342111961,0.020133196982421993,0.001233608294775441,0.0018228446272880031,0.019801637081209085
spot_0513,0.5894056233288265,0.13540903411914462,0.01654266709151792,0.061640710088392045,0.01911213166071275,0.008749296729254931,0.043748112824976634,0.042178429884837595,0.0006628979605490007,0.0006416121908637316,0.026578065921896814,0.008092145982355865,0.005855866228828412,0.025593984349860592,0.015137013436528868,0.0006524082014536909
spot_0514,0.3782321213881924,0.1773977597360197,0.182404808133575,0.02910012056781494,0.02330200469485801,0.012291203574771358,0.03882291163884141,0.0065411805975880855,0.05368788275980844,0.006393383035678709,0.013985559396139893,0.02548731917872165,0.012056628032866725,0.008480377759675719,0.008402289650671484,0.023414449854776427
spot_0515,0.41866699574101823,0.09936741602889457,0.008305733266436167,0.02187665243726701,0.01335992180568488,0.011430047512053697,0.01861775762713137,0.05047904007475146,0.15369936809671156,0.009765594189657476,0.00756181457743948,0.004534957458067803,0.08556728924690946,0.013255445449448391,0.0051905393376324655,0.07832142715089596
spot_0516,0.10949356096358384,0.1964174218938488,0.04012941202936444,0.1595263905260059,0.01163108288212067,0.009272888669685026,0.014155417656929663,0.04566158040499186,0.0008465952038414469,0.0013511174311409346,0.19556016954718378,0.012914169180000722,0.08848094640504067,0.022220985490098384,0.09147901124410772,0.0008592504720561407
spot_0517,0.33509588326675915,0.039158106104400146,0.12519471295677323,0.11003106136726029,0.006722870534050527,0.0021595624141394656,0.009265095183901046,0.0021653809785474416,0.006641086381319029,0.2217121970267536,0.02304008629921724,0.03715417540529521,0.04790782737592188,0.002744926354624137,0.010114191161724101,0.020892837189313524
spot_0518,0.24040047821720908,0.30577348824176054,0.15556366108056485,0.016958658799386114,0.051652011316372905,0.0009331328468189664,0.0017638110741165676,0.0009065650163156802,0.04921336704971521,0.016630587610309132,0.06856977008645283,0.020110309559499318,0.009289836702063044,0.0008485672511012327,0.006751312383379111,0.05463444276493539
spot_0519,0.3085058803154947,0.08705321932719261,0.2449593764867288,0.22860604826659775,0.021374526777141512,0.013519123680851397,0.04203717107216112,0.003517771344138654,0.0017083213428281197,0.004456010647012011,0.015219175075646563,0.003211433365430509,0.014754162505282165,0.004887809849034051,0.004508986166318289,0.0016809837781417633
spot_0520,0.16959449302001176,0.08657810199187058,0.2603631133877334,0.026290434156419643,0.011697564206016331,0.005131409534173918,0.05810439682802211,0.12967608107296466,0.011344612034446613,0.055302667478457426,0.05600404111316891,0.04916437716332259,0.008526747496671911,0.034671158875860864,0.030780659518844164,0.006770142122015132
spot_0521,0.2409840849892867,0.1992038765145451,0.2649668222270743,0.127697996228403,0.010883534727935261,0.0011468762564543077,0.007761222351893804,0.0023688093107156,0.0017164674776962117,0.001269781334056747,0.02209071470211043,0.07267028904199374,0.04068718891608079,0.0017222787379242478,0.003153902364268548,0.0016761548195612312
spot_0522,0.37902983048939415,0.2612198057880573,0.038798284033519904,0.06785381153277685,0.08184488049136181,0.01671776028189324,0.03734130823328686,0.005245147719960286,0.0008354102873260789,0.000779610505995217,0.034119277654412576,0.015400532438834148,0.008945062405384974,0.018185109149542134,0.032899095494972615,0.0007850734932818555
spot_0523,0.38064960105337975,0.03834952901142335,0.01785256664286041,0.07683204666921833,0.00686282487851886,0.007456176875797067,0.19294613512371864,0.07591632573733012,0.005159760058568848,0.004439121988640675,0.006443034282167233,0.10278233810567308,0.05528233957016848,0.012395653456166151,0.01371310339376182,0.0029194431526071637
spot_0524,0.38054328646226404,0.03346694863856268,0.15857719830593295,0.13246700623917557,0.06761057920377862,0.0040793838463854485,0.008538181856891374,0.04277972655782579,0.006180284852697579,0.004319521980312925,0.010894009019744598,0.054260509699510205,0.05431490456781083,0.02018074990087568,0.016328853462691743,0.0054588554055399864
spot_0525,0.10062126831192075,0.2068482269018476,0.2675226681008022,0.026892169831932204,0.11043004992717055,0.002026632950532846,0.006141852176693989,0.0021148046005938703,0.0012481651840442994,0.0020028892878797867,0.07760533882520936,0.08429542952003344,0.04194764450706066,0.0019555392306427216,0.06734679522540804,0.0010005254182276998
spot_0526,0.48311875650826214,0.06734734169344246,0.15537908929007713,0.04811185568675242,0.019924074178865533,0.0034291629785581424,0.06339633337966867,0.022602809095256707,0.0009072123753186204,0.0010908303750372383,0.007595461482350501,0.013259875163785855,0.04232348030854191,0.011897610509156211,0.05875034891549587,0.0008657580594305982
spot_0527,0.20522560715902072,0.19570213693593436,0.2592991155138767,0.21146406975460452,0.003791817433229865,0.0008185332477979402,0.0015633073842905281,0.0009223779013025588,0.043628831119893165,0.003336563764146338,0.036262527249513905,0.003168158829638108,0.02353574370132353,0.0008934410718971545,0.001480993361417171,0.008906775572113418
spot_0528,0.13216424440638636,0.3229736215349226,0.322990226021686,0.009458125005757224,0.005858249238529908,0.0034132614877350267,0.04203130593500972,0.004635337399303817,0.002179429330028008,0.0010390266258965886,0.024064094937083492,0.010527564441145538,0.005551542069151581,0.005867109512548356,0.10575464717440751,0.001492214880408308
spot_0529,0.1078862140165902,0.037796280673126785,0.02235034010210054,0.28331181777999703,0.015393639428986295,0.006219840912204004,0.1596946126393742,0.15929465774094645,0.06784054323373712,0.006346306188882836,0.008980775860059754,0.02324699047415467,0.06253437738530505,0.02425287577157933,0.004637691611708695,0.01021303618124704
spot_0530,0.3979328934068892,0.24774196012096633,0.08188249407610253,0.0052293301726470945,0.008642504306315557,0.014503717263980592,0.01154011107645473,0.1024769042590935,0.004831029884634778,0.002375558542638744,0.004190797134210616,0.03965618300552994,0.007649037523682355,0.06577269848057238,0.0029614569790386955,0.00261332376724293
spot_0531,0.05298787055455721,0.3185151475088306,0.030905574724468234,0.034661399182627235,0.0714401558022819,0.038187204228093304,0.029656245916279526,0.1422248370101349,0.04642621370407773,0.10019018842949638,0.007150061391454102,0.02517356253260405,0.02857357385721893,0.05538805111687371,0.0057756263699322114,0.012744287671069996
spot_0532,0.1254274589705868,0.15136851262240478,0.030376935003955243,0.10190365151695348,0.005654135974562636,0.01634760937369081,0.05376415337232302,0.1289832707062808,0.0009981833582651492,0.0007984177254563494,0.20593460263284885,0.007613609903758639,0.010342377241638641,0.03679966689956221,0.12273543316306905,0.000951981534643556
spot_0533,0.11637990600188222,0.05084758168910843,0.2543504276632923,0.2015414265598345,0.004762791109507846,0.07762288499367599,0.04996874254068045,0.09038518188033098,0.0006131914713590919,0.0008404373463162392,0.05424988697763138,0.0015541820605134095,0.0679564663125794,0.023056457816628708,0.005335385000305492,0.0005350505763535723
spot_0534,0.38360969021014374,0.23554133952531223,0.13438406510291137,0.03937424449620107,0.0476273802591027,0.00250764493168957,0.01168021960310271,0.0025298234905330136,0.0009125541009385433,0.0007130833888141402,0.03771928772165285,0.020101541133378836,0.03795061725610459,0.0025088978115658024,0.04206293091467742,0.0007766800538713944
spot_0535,0.1913028942538891,0.28326616603863425,0.1878008301011386,0.029391478581424834,0.0030175687903741806,0.0018889845744078139,0.0032138512527632407,0.0014178858637080819,0.08969545645364849,0.08997913124037674,0.01773561888380769,0.007383513344946758,0.01579216957624165,0.0013859483923630927,0.0027044657064329643,0.07402403694584252
spot_0536,0.4046518017086265,0.1516103034758893,0.03858227591264511,0.07480783267890274,0.040495684459172086,0.016198323762752737,0.10211020516664987,0.03782329896860049,0.0008784409990797006,0.001133719098123341,0.04360611531123036,0.0405811835617723,0.009984028109213122,0.026661375239317445,0.00996047013869651,0.0009149414093283434
spot_0537,0.000944766840472972,0.18054285506136675,0.5951187135764706,0.030273277069307773,0.0006133186461702092,0.0016128016357563515,0.017717785254071833,0.004018677939062584,0.0006515993476320027,0.0013261430718902567,0.05793809916132319,0.0005756579482574215,0.029574115939395556,0.002281890170332133,0.07610428564902903,0.0007060126894613465
spot_0538,0.2506636579778326,0.44117367356761567,0.06982935122816716,0.015232879401409318,0.009420851748373772,0.002884537827298033,0.0017553732199228032,0.0012492125585197415,0.004802751974639145,0.1267069545684874,0.04449443844573781,0.0040912460616331255,0.01516774619264185,0.0014330146141560808,0.002971024601393499,0.008123286012172007
spot_0539,0.2002579629836246,0.012044225936731868,0.25710105508731024,0.01951195823998903,0.012578873472621458,0.012418250351510533,0.014232957593197785,0.02534261298450182,0.1023509894637217,0.01418026616695762,0.04661300259645862,0.1175280993220394,0.016983621179494892,0.03332477986092715,0.08473474453197967,0.030796600228933598
spot_0540,0.30288167597074905,0.4831076139639684,0.06601178785998373,0.08529942460733285,0.021481135448324737,0.0009691957648428281,0.0033135685301794557,0.00100872089805706,0.0010057321504804253,0.001338806581273317,0.006386419278837936,0.01616360299223839,0.006889583485198098,0.000855415927077412,0.002281151729033091,0.001006164812423209
spot_0541,0.2560376444173741,0.04924917140504987,0.1469610288833601,0.1542381792309752,0.02813359112127295,0.022857851684421535,0.08472838174454075,0.08897243856332313,0.0005886041550866216,0.0005706433276251491,0.018901251190480695,0.0913349888870097,0.005302661948524427,0.039498294324441345,0.01205384383776494,0.0005714252787495676
spot_0542,0.3180944065902457,0.09458195466154712,0.05707532781322094,0.03590734913500066,0.14047636295333973,0.02411293644428279,0.062446344480429204,0.014906892674129502,0.012510676985326779,0.08372754752659213,0.04818418189866916,0.046714853082128964,0.02123477953879091,0.012790322448475144,0.020990063384353014,0.006246000383468259
spot_0543,0.35970260124040904,0.13073157237720479,0.12949969574336545,0.1300176278220301,0.04154566928613737,0.003843850794422921,0.01262360444679069,0.08414426279542499,0.0007746343100892585,0.0005811287949949321,0.011112513230866136,0.0034968315790004246,0.0690077125388706,0.019095520924894163,0.0030644280369627355,0.0007583460785364084
spot_0544,0.46019406870510077,0.08049767131594114,0.01797749332345223,0.04398070861624875,0.013343398147048035,0.0020344193050485077,0.017586969398284115,0.0023472508541194106,0.2541162423901555,0.015641694157973465,0.00613779389957619,0.016454310822617692,0.03069816516735595,0.0019865569005670753,0.002486934331081377,0.03451632266542977
spot_0545,0.18510724388151453,0.27893987505510237,0.046285346597391516,0.019574730700642213,0.013578781919343797,0.013373631948165515,0.13211671492072385,0.22666078302983517,0.0006178844364312128,0.0006292594852259322,0.008227514688003994,0.038164624652766786,0.010249659202405656,0.01554201311040348,0.0103032278379118,0.0006287085341321564
spot_0546,0.25115947559741497,0.17519803725256647,0.22326834128383313,0.05602156150278955,0.09708540109998062,0.001863245550420768,0.0025943629990312724,0.0031844067086637777,0.0014065323696745916,0.0015477899136659352,0.00950324731843961,0.16428989654900852,0.007379286565041316,0.0019901036785389277,0.0024087895689413282,0.0010995220419892158
spot_0547,0.27561291613702704,0.18200618840002228,0.06903745230999006,0.046400955186042196,0.011796695167938487,0.006469303433859933,0.051948724277719585,0.10777139251615457,0.04756956765533914,0.04740615249409271,0.006056051484155466,0.0485779959894831,0.034575087334409685,0.05092359804168853,0.003959901223935182,0.009888018348142064
spot_0548,0.17378107644839624,0.5184478519726563,0.1346914879274848,0.13865550122903791,0.005762695754002809,0.0007495872198674961,0.0019225754264454926,0.0010129908994490338,0.0006538090143107979,0.0007025354708369524,0.00933514051498188,0.0013906178021120437,0.01022056155613305,0.0008562206271253772,0.0011786017210173858,0.0006387464161423791
spot_0549,0.34648378496875565,0.06371077171343545,0.03368752805326649,0.19010754849145123,0.012185070051353684,0.002685332688858965,0.042879633591252464,0.13604167644265955,0.02668541729869677,0.008678020775488899,0.023534241716310238,0.012583632998730972,0.005427255467012344,0.013506169777588062,0.03567652643001604,0.04612738953512319
spot_0550,0.21997060619860667,0.11918428280410431,0.04583408579478143,0.2925214061351407,0.019509990178362267,0.009110100333241278,0.1093881004556082,0.024787534322784126,0.0027954811409352034,0.0020730687984816466,0.08153441668852354,0.003668409397783447,0.03765695206375799,0.008312044306572666,0.019677516301721758,0.003976005079594753
spot_0551,0.4253691497545278,0.11772139902693604,0.06553808864942567,0.12767294159607143,0.0036279189096672243,0.000914434327468574,0.0178006457706889,0.0011007672920998338,0.03392440982344553,0.048639887540336664,0.021515753305486395,0.0025302730196025028,0.12334893537672142,0.0010039714977584076,0.001531591695488815,0.007759832414274827
spot_0552,0.10880132077138087,0.11675676526052611,0.2610493478577593,0.03521435301402971,0.16263856428240286,0.01295852688954706,0.05458466193363367,0.03956238751825384,0.0006314344304555192,0.0006911945291349331,0.05012338934626564,0.07508013793341077,0.010406809485035263,0.01156091426759713,0.05931381024041017,0.0006263822401571144
spot_0553,0.0013205512988818675,0.11726361212971483,0.5803524393907831,0.0042488486021198734,0.001467922031797208,0.002305369225467239,0.0027067503266199142,0.0021386569583430846,0.16693008744615384,0.06700107916822196,0.0025389729497133553,0.001413573734086267,0.005038013019360171,0.00212674336436913,0.0019099868578150295,0.041237393496553185
spot_0554,0.42310371815894465,0.22048454682403074,0.156526523430919,0.017971158016981306,0.028514284501121888,0.0013660434456413593,0.002230633793492756,0.0012253693298112432,0.0008610899233929871,0.0013317198413225794,0.11563925183048708,0.005552154371114958,0.02083629503835983,0.0011496722298068077,0.002335642453431306,0.0008718968111414904
spot_0555,0.12311888010783646,0.19865065727506767,0.01872857561197803,0.21200511665894275,0.015031998881198473,0.003873756227831491,0.005875899385761042,0.004289112729571378,0.19478975711941532,0.006866005360662308,0.10882692436165554,0.008650933225874966,0.028628855022770412,0.004201517294920083,0.029627130842507052,0.036834879894006994
spot_0556,0.07361789657796518,0.05228864428320866,0.1966087064000058,0.023975085000421947,0.004886327335893811,0.08034620831086049,0.025230243760442802,0.01261827519520028,0.10686591050375167,0.17934727178797452,0.01624417994858299,0.03400739834865705,0.02413372347465686,0.043398789895960646,0.10197825849983358,0.024453080676583732
spot_0557,0.4836298625581718,0.011273476023408752,0.06279723740510385,0.1314010213278358,0.011196953674250425,0.004128301609286099,0.09486617326244258,0.0644073906616116,0.0007389609670325871,0.0007785029715256206,0.014535562723218884,0.01776587367156394,0.019550238608317814,0.017953635841547164,0.0642756552106698,0.0007011534840132772
spot_0558,0.25766163719860724,0.22821751828600936,0.23868083013197217,0.06262923119832534,0.03455891156792527,0.0011582133370237164,0.003068622110196086,0.001393179324989998,0.0008044359061188357,0.0010958132683992776,0.08387078216989283,0.06454994793692061,0.015034988022483054,0.0012484551862728495,0.005212263839746681,0.0008151705151167117
spot_0559,0.0036800819526309194,0.29438474966250777,0.16335977531875104,0.09827573597011743,0.002476139271760651,0.009659374656546522,0.07597000206380122,0.013380370115806799,0.13630966453608265,0.010399216474065963,0.05143443564068878,0.001618303661768755,0.02198918587551503,0.037131277100196626,0.05119854237995902,0.028733145319800826
spot_0560,0.11800783360594676,0.003988937107184204,0.0034784236876155977,0.014755254985175829,0.016901213562093235,0.008995255678969426,0.04862094135248891,0.07454756655306832,0.1785647088213055,0.0982056829358901,0.21640846561648894,0.024344209780994334,0.005873269264024012,0.00815330583470635,0.15583136677950732,0.023323564434541144
spot_0561,0.4072465425754141,0.1871280041343752,0.11423118295216239,0.08099181703806492,0.01103022328892468,0.001166692816411386,0.005302668233421675,0.001471167036355348,0.004206594644680602,0.04843466062357374,0.09360050266134987,0.014911475614400005,0.013434148792716963,0.0013348436579437592,0.003549129320162453,0.01196034661004292
spot_0562,0.06981359729692108,0.02842435467938791,0.015168333971280408,0.37085828186368386,0.21010963758401355,0.001628944374909874,0.0041746131590194024,0.0018076128592264728,0.010952159536902943,0.1231980758783978,0.03391652570840533,0.032798016708736534,0.0646431233986893,0.001636257544643313,0.00208920748903111,0.028781257946751147
spot_0563,0.23405231112346933,0.017519835277357548,0.09906435431346215,0.1662480567369062,0.005317214482200631,0.0022358847183397332,0.007823020512758362,0.0026436672190674536,0.0037529866075572656,0.049012144484541276,0.3169276595277857,0.004311112257180034,0.023539311976986756,0.0027091888621729836,0.03533987605132247,0.029503375848892104
spot_0564,0.37079775893695194,0.0766606683067073,0.11356613371349365,0.21601782854996232,0.04467674357404667,0.0013849559348986828,0.0029331224964618528,0.0019203601558314928,0.01297060634288061,0.08477810136028817,0.01996384524023882,0.018893381059821555,0.022731499468647737,0.001523867790859336,0.002013374377528415,0.009167752691381459
spot_0565,0.18655313950467026,0.14870313360620863,0.2855070648838996,0.0395396078415515,0.08994262714403561,0.0013911818276913486,0.0032365969673529573,0.0014360038854343057,0.035673327400734964,0.12518981097875503,0.012883059470832603,0.026990172085192207,0.01943914723289829,0.0011672505054209936,0.0027959003779811993,0.01955197628734053
spot_0566,0.3481233097067705,0.017200478618739683,0.013865570747687569,0.1176678076950195,0.0519480075620898,0.022583131898274943,0.0809428855389611,0.07247960717150125,0.003267456428450566,0.00174873859437455,0.0702045648806994,0.11088793845628273,0.02542922258111174,0.017645223412206593,0.04190644767596252,0.004099609031867529
spot_0567,0.404173379259334,0.053224708448752864,0.343148938452485,0.007080686133620627,0.024291560109600954,0.0013386991358802375,0.035038476034711746,0.005445434365459203,0.05675875023122095,0.005085089976831282,0.003138381509335774,0.04019872704736325,0.005382199582464707,0.003218108052100283,0.008855986770519006,0.0036208748903201284
spot_0568,0.14762958535266135,0.13472081134493089,0.13983394350913975,0.0963531836324748,0.02823161225614951,0.002062557801469534,0.003650395126804612,0.001941912515936877,0.010608356887042704,0.13704358906589084,0.1786065008513377,0.05550510517300551,0.04504432542422841,0.001983885185589959,0.0030214222882229834,0.013762813585114577
spot_0569,0.020423231224648283,0.34275459333218805,0.28592788750160797,0.10567053778666649,0.00263671215933488,0.007187512762913873,0.029257123099889915,0.009598168706014756,0.018256527683421283,0.007932017168512075,0.07334414873349245,0.004001744444098027,0.03487698884440537,0.03562556865157528,0.011619659380292774,0.010887578520938494
spot_0570,0.19745563822484433,0.07782922466152106,0.006647954706562781,0.15787579999712162,0.007491259231169206,0.004280476235814932,0.004946102689138426,0.003091705996375231,0.08255258527405017,0.03307829839074964,0.056739798854665346,0.02420978168791709,0.17319138087178954,0.003830504315412046,0.004246001711931406,0.16253348715093718
spot_0571,0.5456565769794656,0.012480907679768673,0.028447106207027416,0.07780750525769897,0.005823246376830916,0.0020411561538042403,0.05403708171258938,0.0028504912718495994,0.09911913201267399,0.01610942197218943,0.052858986966319264,0.01097037143480538,0.025194698417670955,0.0024546975056854337,0.006488836108154782,0.057659783943466054
spot_0572,0.43752008709686796,0.010324939098665347,0.0437869997719714,0.027311620262173777,0.06353876200826027,0.008280669623591301,0.1669638886922817,0.010230586829195731,0.0026468376597545288,0.003411799423139555,0.018623815848097337,0.08618437125370254,0.0067326539989666714,0.009323180102824796,0.10321352029859274,0.001906268031914324
spot_0573,0.0005306623579021713,0.3737288458483197,0.3052348372874062,0.04191452398289957,0.0005280425908547091,0.0023026616801263868,0.2107958707616274,0.01184281629001791,0.0007372294642076737,0.0008843338420581122,0.009786373012951986,0.0005164489351583125,0.022113564913247036,0.005507230803813173,0.012781935591555865,0.0007946226378537791
spot_0574,0.0404290742084042,0.25073821553971204,0.1829264343506168,0.13403598552186435,0.19189023879717587,0.006476272075176405,0.03113006556788581,0.08850640583423604,0.0016280863658090147,0.002037560216008053,0.02017207905362166,0.008829315111455408,0.015426257129005696,0.014477567806715665,0.00896250564324689,0.002333936779066117
spot_0575,0.20412427496547417,0.019488425910491065,0.20314245073819837,0.42461786604687624,0.013323866106282434,0.001343400359067048,0.004495308587606185,0.0019380443938154912,0.0007261581980504416,0.0007885075140684304,0.07609107289161328,0.015280922099340274,0.02869925438117086,0.0016963915380381164,0.003008308857039293,0.0012357474128683165
spot_0576,0.41972141984658917,0.06013989417611369,0.33187198127703454,0.019029641950297015,0.01353699037575357,0.0011503281645527431,0.003241451503796027,0.0021097085476410276,0.0008915316054186192,0.000898104160939245,0.013308839212725578,0.043557807210617,0.0856929118556281,0.0015759557722503548,0.002473665448727793,0.0007997688919154909
spot_0577,0.5321632666130616,0.05905516293419916,0.005709639492589414,0.09012965302900038,0.13496574303615927,0.0015094417998982564,0.004963609102256713,0.001707565195073874,0.02970857465061618,0.009695825021570638,0.006725348552060494,0.023636972711947136,0.030522791719112284,0.0013404739696943836,0.00140027173253671,0.06676566044022356
spot_0578,0.18800651370911442,0.08673120587539941,0.14303888836352038,0.3039886045580754,0.005064301025916508,0.005953118214322105,0.03310986763618814,0.016492480910982318,0.018945214233965134,0.004748181986507054,0.041325183663269864,0.018647251694060715,0.05682758931186239,0.009661483330517045,0.06363742763671724,0.0038226878495818345
spot_0579,0.004660600827682948,0.10583694639774296,0.299157272154094,0.011354723138258553,0.19344663754463187,0.008128650609788604,0.011926499357127227,0.017483563621469987,0.005889752130370373,0.01130726241745125,0.009156477593669804,0.18287665489469526,0.010979028606751505,0.011157950674215602,0.111836715621615,0.004801264410435049
spot_0580,0.009027003350498575,0.24875659687536786,0.3331690060693751,0.04507738768629871,0.005977334779546667,0.0022406302567498696,0.005157637496752266,0.002183905692161526,0.049797414586296315,0.05268817001553299,0.08686788419583243,0.10119386583921765,0.012966980642493785,0.0018867275237178308,0.004241870506104156,0.03876758448405426
spot_0581,0.3080776119917341,0.17663773689654316,0.14472391133358387,0.17686107030164716,0.13047859270825984,0.0014607181348575506,0.002821824594492943,0.0017045085808397912,0.0008507233114073529,0.0009108867668027054,0.00936908226114082,0.015014558730055423,0.026372206112043713,0.0014742702184738045,0.0024056265766539625,0.0008366714814637899
spot_0582,0.13531230836572286,0.14802104243908326,0.1612705114460263,0.23906987613534328,0.04917000879694264,0.007677978416452493,0.057424493927944006,0.016667311381565783,0.04469090712334672,0.010625343012136081,0.0068311448206457934,0.011285211384974634,0.08533776894238478,0.003640169156424449,0.008382811450461396,0.014593113200545535
spot_0583,0.3257309761537311,0.16206311142851162,0.022152555004128025,0.15775597055168683,0.013118492841066753,0.024186271314626886,0.012515525882810142,0.011479219699257758,0.008694342631620652,0.05081611129350687,0.018358940191210874,0.015424752620998959,0.11582375276576236,0.03169957309345941,0.009118562601163428,0.021061841926458366
spot_0584,0.4315176156368451,0.03376383434372893,0.15938629072622554,0.031589876901123144,0.012047224908016822,0.005198719303347323,0.020107175783055667,0.03260074556474404,0.03283019652794844,0.007886728553094005,0.14833383152922872,0.023212857292246463,0.01305055065387164,0.016422397409880843,0.010607208494717427,0.021444746371925904
spot_0585,0.22087754900848686,0.18539699054936185,0.07383447060510138,0.196421808806944,0.014510585779071232,0.0016344589567459677,0.0037479755679387917,0.002212787220911049,0.09631971462099846,0.008666484237735163,0.14713429395899005,0.018118169646238323,0.009600633969491519,0.001692883544761803,0.008090518300431239,0.011740675226792367
spot_0586,0.5454954847586548,0.20566306680659505,0.09332429508249708,0.005784534180249327,0.004939350936236307,0.012757946189159255,0.029380761734828606,0.01584534132107267,0.00243449313406842,0.002000792394618824,0.003164988762175434,0.002678901917637263,0.016034355576350082,0.04870094811043981,0.008593631761855921,0.0032011073335611014
spot_0587,0.09543021490455084,0.07165149044007696,0.0626767582230423,0.18912616730668594,0.16531908667801481,0.002972423547328901,0.03334905485312369,0.004627835894311736,0.20973128837007052,0.008666082430669868,0.03469382938137829,0.02308837246432474,0.009936186143111956,0.004943812559209244,0.07204027857060871,0.0117471182334915
spot_0588,0.6157994941916577,0.07518574445205443,0.0053212483547418745,0.16356519555845903,0.03680693615525949,0.0012345849033448288,0.009214483972725864,0.0019339426003566473,0.00381774003604079,0.0024883265055457814,0.020809982330591163,0.009176026424127268,0.04706599362692025,0.0013420719126941742,0.001614833080416231,0.004623395895064443
spot_0589,0.007237804534925956,0.1401111833454671,0.20422182649747112,0.06439714305567142,0.09443031399793453,0.007234630398590864,0.05764099039868916,0.026835339937583132,0.01298793552546011,0.2736009040667737,0.011353675294509936,0.0065984329896923745,0.012573109273810786,0.019163237415898576,0.0490687200740024,0.012544753193518872
spot_0590,0.12326119130589697,0.12447824666322772,0.38616052268098827,0.24273425266404358,0.006618812688534904,0.0015631825208142066,0.008620569411198589,0.0020016574821203107,0.0070840600225227585,0.05846756016573075,0.007699176762158067,0.005438555554317119,0.009314304253739584,0.0015501889309147685,0.003782546921816695,0.011225171971975695
spot_0591,0.0012987431708732112,0.21505957599869105,0.10009731150950618,0.21080436503927738,0.0046485395242840686,0.06504063921398072,0.027344525302691883,0.0064495472612459605,0.0019236598854549425,0.0018126588636803046,0.15668771745841834,0.050542517519618836,0.052868303891354634,0.0053771749210120385,0.09800090452011616,0.0020438159197942586
spot_0592,0.17600763056140797,0.026658227397329242,0.17641782650334317,0.12107639436895518,0.05597654021930848,0.02503037318268856,0.03149049764054111,0.031963656009184056,0.027931133741961135,0.010239751391874202,0.07897232545262248,0.017929497640132214,0.06812248440240586,0.08298718051424739,0.05865343127730467,0.010543049696694283
spot_0593,0.46118716843888474,0.07752893235063713,0.007189165312301376,0.0066981765692472805,0.1484922348191054,0.0010221336187623041,0.0014379681697811416,0.0009379573138694284,0.08812839313897053,0.11833107710924505,0.003238733012237673,0.017725099343443858,0.04740645674560874,0.0009214463899066194,0.001010868778997213,0.018744188889001506
spot_0594,0.18121660981003876,0.12116437781634122,0.11969458372915914,0.07248384620520198,0.12338620709282087,0.1083775769055219,0.012311644699824632,0.03689065598821981,0.001162548815142084,0.001174723504803223,0.07342824325093264,0.06510525403678807,0.036132558410363905,0.011105843589124968,0.035370192492351654,0.000995133653365135
spot_0595,0.3001613725411531,0.2532208637678811,0.02807518242248587,0.12941441162316888,0.013055660391765618,0.0011786869540383403,0.002442567658259254,0.0012745986418140386,0.16748895536379207,0.01684351054457212,0.006017815560143358,0.03541903088507524,0.015926216949748245,0.0011466265721600353,0.0023703523238821373,0.025964147800060587
spot_0596,0.3092165816447507,0.008953103340491542,0.3118722878174521,0.006460030948182079,0.17536921667542502,0.0027531575286284297,0.007414695324526245,0.0031835570793022887,0.001404638998762428,0.0013661890395766374,0.012563493212581132,0.032311636493679796,0.005486065611275411,0.0029325178880295626,0.11733371044701366,0.0013791179503229987
spot_0597,0.1799155271479809,0.2945292438592379,0.2257887726130931,0.03105393519764005,0.004444269062487113,0.01688404109088502,0.009386323603627527,0.03691860552285342,0.08779100423149162,0.011632600770921002,0.03556628650105555,0.007986901023067377,0.030409833113137115,0.012211562542902971,0.01080789422475485,0.004673199494864497
spot_0598,0.1395743878304198,0.21645954091660516,0.5169026763775189,0.05786313144521289,0.0227373902924487,0.001107838749394373,0.0028054978999298304,0.001470429809454497,0.0013756212301576543,0.0009746021081601714,0.018363355370988006,0.0015305814580524085,0.0130754409968169,0.0011598524238773374,0.003506617247497122,0.0010930358434662342
spot_0599,0.059142210933301964,0.3998455237582352,0.027480334419592706,0.07949285212144419,0.028997374715658764,0.018076230682335284,0.06260304499866783,0.13080330722256772,0.0014623560310071647,0.0011317281386769647,0.010089275829526598,0.012161760014485637,0.08029314598935944,0.06257833396207108,0.02480333020178619,0.0010391909812833122
spot_0600,0.18536366478781116,0.048457514700154546,0.27060781559823155,0.14627395371368354,0.04613529729736083,0.02863302731072535,0.014602469229220847,0.016904240044465304,0.0004511909937742088,0.0004519118437315041,0.09430495001585011,0.012272027294331628,0.04903105351490054,0.0331039778864273,0.052918191047522135,0.0004887147218093994
spot_0601,0.0018591410959177017,0.17654798374804054,0.03913802585914155,0.38695913235471097,0.00193573629435419,0.0017191529862439978,0.003499534514736669,0.002741979531819505,0.03338500945311457,0.009342813662479625,0.16491202985020237,0.08297098967481066,0.017372166731737287,0.0022536076310042965,0.011451976600888016,0.06391072001079807
spot_0602,0.151775663436166,0.1690021934021883,0.05079367286174776,0.128733116066838,0.026803159875706268,0.0016443914842979538,0.0028905981724998363,0.0015312623356108245,0.008854134423464173,0.1551094797148095,0.19275652632243379,0.06087129078978688,0.012140602928429596,0.0013042058807447268,0.004115640212435942,0.03167406209284048
spot_0603,0.0222087071828218,0.03357067711873197,0.3299280929573654,0.10401476243498678,0.018519959184513934,0.00537147270841434,0.013198123478345453,0.01018766394158907,0.011597521418807578,0.11758733521347825,0.161466808610723,0.011079645553605997,0.007349170223087388,0.007581810935496733,0.1269390951773177,0.01939915386071461
spot_0604,0.100354262012954,0.0969940492562949,0.32707189636998263,0.10048534605170512,0.024069064916592095,0.010264405631555246,0.03984194442472856,0.11665239937783628,0.06449845061287712,0.00951397699665614,0.02572869146513179,0.018490984780909395,0.013707040951054524,0.036658411225307046,0.0062181561834609165,0.009450919742954205
spot_0605,0.18711857653117325,0.029593219471605682,0.30417877986689634,0.13437834529201584,0.10880279341230568,0.006795111900947439,0.048093198229380345,0.010010820414586962,0.04444809514859589,0.025351988270238286,0.026841085949927488,0.024621930743658735,0.01674272952566889,0.012288397866884515,0.005929379122769517,0.014805548253345123
spot_0606,0.301704383666647,0.0783936801131368,0.10449342200916197,0.0996940930253436,0.015521728500142211,0.007454713537513566,0.03606302417097153,0.018697487371419824,0.03311848231299424,0.012331548733352543,0.020918900049566383,0.15118695474511248,0.05647938213478839,0.04766680307778663,0.006249437525530308,0.010025959026532553
spot_0607,0.09781891866381442,0.06587743165013153,0.32608225695314036,0.060093550748781754,0.11126026667020344,0.0050838178434065556,0.12353006224256846,0.051582607464532665,0.0005392153163494757,0.0005415126579662468,0.058352492742570074,0.04843184824947378,0.013862287409795905,0.01805095864896574,0.018398718104499976,0.0004940546337996361
spot_0608,0.208859804527663,0.10534536460722255,0.13677595973453344,0.008735500476082224,0.058213810152985185,0.0017136686802935557,0.0037064052158835483,0.0019282135921717,0.028742966064801166,0.08726113181212516,0.010079504685138003,0.20207085667706015,0.11434914501367377,0.0018436203664433403,0.0016554225572977903,0.028718625836625437
spot_0609,0.11913501756231563,0.2397370006378213,0.1046476185104741,0.048477438235249325,0.030761868851165865,0.0026759883657403094,0.0040875751760721234,0.003542549762160164,0.0013359117881972023,0.0019384237594612006,0.1292101840503008,0.23562132406732972,0.07005329125995577,0.0038089991268712192,0.003921454999409882,0.0010453538474753826
spot_0610,0.31652336407918874,0.009621038425130138,0.07446010951754231,0.30210966283294216,0.004410264065434479,0.0023454178256978745,0.015130229182877913,0.003380063586269039,0.010412230060910304,0.0043905706429264516,0.11459364056707065,0.003288453156398235,0.051145783679049754,0.005710770689294661,0.0029162636480405194,0.07956213804122676
spot_0611,0.23478912186682557,0.014759793108954266,0.17854715831347168,0.0067480176151833065,0.016742468827850295,0.0726844373257764,0.020481327155974227,0.20827071409253692,0.1454951758390121,0.013801645868033752,0.013160451499021454,0.005056329368897128,0.007484240911582773,0.038708816198466625,0.01134358456952831,0.011926717438885202
spot_0612,0.1217972340614497,0.008164715770353033,0.2014657192145362,0.06781003465900484,0.004906731011753208,0.0017525741257626427,0.11111575790524267,0.003420158580003943,0.005944374146463471,0.08464615505506161,0.18991488882331645,0.0074208027694826996,0.05121047371772086,0.003015365552614778,0.1304311073989137,0.006983907208320206
spot_0613,0.03854894280116161,0.1429107892609177,0.08668787194314492,0.12203008165785659,0.0892632849325946,0.011271565916272128,0.23538739119698007,0.10097187007145969,0.0009368255154225248,0.0010309138199902945,0.03575790282499875,0.0169558941492764,0.04152818253883137,0.06802811267184315,0.007764674991787202,0.0009256957074630039
spot_0614,0.28651243353770356,0.024647284931945786,0.30768807605135323,0.03971544711721213,0.12414834181672936,0.0020171092970384954,0.0052750419767953905,0.003415966700150616,0.07260265036219436,0.004644344390640431,0.027374540772738532,0.08047255053076327,0.01007116745221932,0.0028929844340916935,0.0044358070243675695,0.00408625360405623
spot_0615,0.06702153274749675,0.18015065277448064,0.02469034737769319,0.006296478743766006,0.04361810446464302,0.0029277114429125204,0.005358227496564856,0.00289867676362139,0.4605747010769844,0.01839477850372892,0.0034559945992687874,0.06932814208231375,0.0049166263753869675,0.0028995268849925054,0.0031418072416196435,0.10432669142452664
spot_0616,0.6585994199783961,0.0024831701228029634,0.0025209778870454347,0.0029245710227353366,0.023911103761506687,0.0050954878658347426,0.024451871405259628,0.07082016311651713,0.08276869614767922,0.014650274710438489,0.0023371337122517484,0.03765522439568662,0.004539436753058415,0.030761735036762966,0.003997043531586287,0.03248369055243818
spot_0617,0.25614895572949054,0.051223011200054513,0.23012754013840908,0.010063837240951803,0.02942725332597821,0.002081806031016867,0.006425617394443622,0.0027861545061246013,0.041839364516240776,0.055071520385927365,0.03178465338632714,0.18327722739606506,0.008850889348547367,0.001739344408843013,0.008186434994859734,0.08096638999672032
spot_0618,0.23194385501777653,0.01663190309723456,0.16105730142820246,0.017372276116272997,0.20382043762816077,0.005236795098228393,0.006946737321604659,0.002605889458496495,0.032950505398862184,0.07809193664288966,0.13095348619185487,0.05724341802435088,0.007410467663902886,0.0023428332957816725,0.04177719716975892,0.0036149604466220843
spot_0619,0.47995442448819714,0.034380984561947416,0.18722338032801722,0.12160594664023619,0.061679831676064036,0.0007679691722238277,0.0025104592776520147,0.0009667921362025618,0.0016168596321663382,0.002533984366112167,0.05148407905132376,0.0392853439916712,0.011148891927980938,0.0008884166869683389,0.002455161773822926,0.0014974742894139164
spot_0620,0.20176751861761166,0.049143213241502566,0.4995556560039761,0.014766070912549367,0.005481564079559589,0.002135786917722038,0.008907312064954322,0.0021718219423927324,0.0017614440640518327,0.0015779841982369218,0.15417479657688563,0.016496861810855377,0.015454155878793422,0.0020836034882591088,0.022507305342530207,0.0020149048601191
spot_0621,0.0009775174371553824,0.19963192394480103,0.4912928316835352,0.08285475276015089,0.0008812038643063586,0.002117572049469094,0.012709264450021364,0.002891859207653239,0.0010182190799325318,0.0010446902039408037,0.0403372794803454,0.0007612347653345108,0.06955694806906396,0.0032308065285400187,0.0898006878323051,0.0008932086434450987
spot_0622,0.32743997484805065,0.3002409617130312,0.17763466545873347,0.11540600099135934,0.0051480946891020035,0.002054010031212172,0.008314969402401265,0.004561578524617407,0.000862112803855571,0.0007949237942804693,0.03625529851028839,0.002249620671866842,0.00956455996631243,0.0035236391076172795,0.0051389010306801645,0.0008106884565913689
spot_0623,0.30581478670849593,0.08488314694239861,0.19172519733433893,0.08028808435580725,0.13732512951029463,0.019410886900991603,0.08793773352653995,0.03334826242321807,0.0006081875170823179,0.0006084096782712297,0.00628155211527103,0.012921626425061892,0.012967094268555279,0.01707994106400574,0.008274373312976296,0.0005255879166912388
spot_0624,0.23378235609608153,0.030450536963234177,0.11336077643058547,0.22033800586027483,0.03059707732854014,0.0050965220740370595,0.10014995729643067,0.022156614127248717,0.008242980756837987,0.0037659514058171464,0.05202412529755389,0.0809667887474409,0.015163085412564167,0.00820579882821775,0.026316348782266036,0.049383074592869544
spot_0625,0.4634415235795115,0.048621128225541474,0.17793440832853308,0.006335477284866372,0.07002771512684629,0.001333167003058707,0.0025112764178320582,0.0011460407990944387,0.0074995671315518835,0.1361936531166949,0.0077979875010010325,0.02721348173118108,0.004680194921910367,0.0011230884793300428,0.03574615103021629,0.008395139322830482
spot_0626,0.3440221994334813,0.04911831448914973,0.16299216938384745,0.027279432327617724,0.009799685273288996,0.0020814327428233166,0.019990424214401076,0.002608832222454679,0.03398763954093354,0.0463679462090542,0.2581925021473578,0.006599536419743309,0.012325901935334256,0.002165678900602464,0.010936547164445141,0.011531757595465039
spot_0627,0.2784553762127344,0.11409327242039868,0.05455737534825957,0.16473787490055378,0.01648603707164261,0.013205114158799588,0.09783133585384526,0.08463097200476337,0.012295250716072462,0.03144796020681852,0.018342850872350828,0.030745519056869716,0.015458120091903253,0.020752478649198897,0.02091528575256373,0.02604517668322531
spot_0628,0.31250305803026135,0.0225447140068374,0.29407458580742285,0.20385411634724981,0.005383362701691612,0.0028375798309163637,0.05340641199682294,0.004226497355023365,0.0007810770489624322,0.0006515433251222674,0.044764169959889126,0.02573629395700758,0.00613146808887732,0.005045824933524652,0.01740122881562096,0.0006580677947699726
spot_0629,0.28787872411137605,0.016623253813614493,0.05496925179080266,0.21883314933049203,0.0065562246599124106,0.011231810068863101,0.037739985201053435,0.008548638306990469,0.0021473992126429513,0.0033523085521796107,0.22678715736759006,0.0061840982254982866,0.015113687046162054,0.013334886107999634,0.08749157004594743,0.0032078561588753263
spot_0630,0.638482338902491,0.003403276841890589,0.005579866588235184,0.00550442112712292,0.019802610624525492,0.04780707330188419,0.031674256117396216,0.13653881063174933,0.0025800941857103956,0.0034034504704820888,0.004731629509068543,0.01204800973990456,0.008124830409644004,0.04866751957807121,0.028690982086402656,0.002960829885421637
spot_0631,0.40957228780860744,0.012997630189410907,0.030172494498221212,0.27499769458008616,0.008261068112826552,0.002342499736225632,0.05728876769753465,0.005012815855836589,0.0006389584686857787,0.0006229432915887387,0.12599564999978552,0.015790229100426326,0.008663674003811326,0.0037230379915890732,0.043325568335442835,0.0005946803299212793
spot_0632,0.16289100919828953,0.11163894443041514,0.3268313651821933,0.08009166889426549,0.027282508183301985,0.0014697595352153206,0.0061086318557862325,0.0016650089666551658,0.053396868471054085,0.07517218431800388,0.039418255417992334,0.006485692058204344,0.0368488873960229,0.0016591919513068082,0.051125141596357566,0.017914882544935937
spot_0633,0.2898319577603588,0.2123063689819995,0.030975006006268097,0.039678961108342986,0.006033513875757757,0.00646012618893446,0.01015048696125041,0.01900203017424751,0.11267517384313866,0.06873307749904298,0.1200820155345266,0.006930685521921425,0.00694391231209328,0.0222714694697607,0.03485270856811556,0.01307250619424128
spot_0634,0.20418479899992437,0.07192326275871912,0.1579465238631681,0.13517099747570824,0.031093629373661502,0.010286153603961403,0.055707423236917575,0.06261362478957844,0.05295663762233279,0.02941175619157442,0.029792737668488847,0.026919878881009076,0.02014803731929453,0.014525770601239343,0.011176176360258236,0.08614259125416403
spot_0635,0.29069723262775904,0.11368676198443914,0.17626809960376597,0.017140554962141265,0.025214656458210725,0.0015807816292077589,0.0027988615311722873,0.0018847321940247846,0.08994662733887146,0.04565187935920739,0.07834749544378013,0.09524174837793477,0.021524520556258513,0.0020630693578021792,0.008276703646735181,0.02967627492868942
spot_0636,0.20063422437868864,0.05608952275884613,0.2542883334198216,0.06947060138704586,0.1747859593769213,0.0011647806886630392,0.0035870143377178926,0.0018762503618894163,0.009820602442403537,0.016380516022781167,0.13209046217368006,0.0077813258534715195,0.003868301977164011,0.001272448114525457,0.015111555639288425,0.05177810106709196
spot_0637,0.245272779621323,0.16106498976339345,0.1608563371415636,0.013454951163375039,0.012897316512395946,0.012293570410050416,0.03217908998208045,0.07612368064596747,0.12547221655613458,0.01839596088205093,0.015349966349249221,0.06299412662986442,0.015711110652807673,0.025097818137623372,0.010702475156443013,0.012133610395677433
spot_0638,0.30073244096331936,0.04926411032341337,0.14526793892348405,0.04710198805361441,0.23624406548583526,0.004624026702893465,0.08966284791720323,0.03884256431114957,0.001913706602157524,0.0009925566131845024,0.016526119459870814,0.00766527003209142,0.01669879483988574,0.010251860814972378,0.032711125919787566,0.0015005830371373503
spot_0639,0.40740220568533003,0.2861436868450671,0.08782808284586398,0.07792848768074379,0.07237431656178996,0.0023279195135699556,0.00898463622771097,0.0032391903946956775,0.0006380689342296881,0.0007430729467561612,0.007420807465364362,0.007257520719468387,0.006369845646367179,0.003253266065076719,0.02751337781982993,0.0005755146481361081
spot_0640,0.30251812087373714,0.1677217136241832,0.14532003233754665,0.12732955669535392,0.023437748671438535,0.001652319100283082,0.007373405378467889,0.002170271972543293,0.01637915018945195,0.07483740811702883,0.05779628635135561,0.031013429583479503,0.012712109647018051,0.001975936135282657,0.017435657823926542,0.010326853498903185
spot_0641,0.22969898573682176,0.26029402059338924,0.29470725466554515,0.06845132227412273,0.0036458482478863327,0.0021945258929665533,0.004324184196705704,0.0021654881205708542,0.00406436988922424,0.09583861298562908,0.007098502828553966,0.0033438275228517976,0.01553781430365707,0.0026477078016688845,0.0015037839251580989,0.004483751015248535
spot_0642,0.2947282971299173,0.12245354991225059,0.1583409728450732,0.18118828589348746,0.022177355096145,0.0038369205905298075,0.1319235020386712,0.011139670806946712,0.0012499127721198702,0.0010413667096101737,0.013908360718547756,0.02950272037749,0.011694299066406778,0.008403404749732016,0.007208938605053449,0.0012024426880186492
spot_0643,0.3714648468012298,0.09656747866752952,0.11623237220273747,0.041002530448690525,0.01990140556537974,0.0037883750733001755,0.07398924071475625,0.010675609610226955,0.06948809579283628,0.09054864806615416,0.021778429722443798,0.018853990995787506,0.02569598632884559,0.003672768874733051,0.019524708044176123,0.016815513091173025
spot_0644,0.3800440798499171,0.05897896323007715,0.07022927329328404,0.01321485289657584,0.09621301639103978,0.07804509007361611,0.07315587215834908,0.009543160020534415,0.012959438705120292,0.07167676220391397,0.00705992008735239,0.09746823139654431,0.007086601158778392,0.01097933202218157,0.006620605798640597,0.0067248007140749
spot_0645,0.23050043578933888,0.10532670700038288,0.4611678277425887,0.021814159580359597,0.02065507998298645,0.0015964718468863418,0.003062246022956621,0.001537870747799016,0.0006549911153159487,0.000666266654940264,0.09956479156234158,0.03834247103099167,0.0091146441724158,0.0016552518921241675,0.0036570453902223144,0.000683739468349791
spot_0646,0.005258633245032841,0.18728527334226933,0.34937132245130437,0.02295909485279449,0.08061662714745217,0.004906978868439375,0.07478700727451414,0.028847815549232297,0.15410643961688691,0.009559107166523067,0.020928194773273814,0.008816710243389089,0.014689560790655832,0.006357864540558127,0.009797352651321532,0.02171201748635263
spot_0647,0.08409045563052901,0.0914512124389892,0.41796922148954674,0.01039613629611531,0.24680559264745305,0.0013174754801258534,0.0029092580991405105,0.001427678939790249,0.08493881059649243,0.01194036773695343,0.005649414135601229,0.01030249171282502,0.011858533323631815,0.0015100642309474421,0.0018538003784533442,0.015579486863405401
spot_0648,0.17581402557712775,0.04177268543612191,0.3466792819978035,0.013369869294674307,0.0329034205986606,0.007283968917053239,0.015103944470814685,0.006060997771444352,0.05057479529660365,0.020163815454518116,0.02380642563726914,0.0596944015869024,0.007817026580956881,0.009706948194945622,0.16887058765805524,0.020377805527048563
spot_0649,0.1920772706194896,0.060591352770020465,0.2744266938650577,0.00838995764733556,0.004841880308320885,0.12798855456506467,0.041424681348173606,0.04124856222359696,0.005245146940358458,0.007054055203359842,0.01212965545791651,0.08554561372135269,0.007642493614267257,0.029228461087965237,0.09648344356648338,0.00568217706123722
spot_0650,0.09145795357679164,0.3753284165810468,0.37128700975750634,0.05331776125566289,0.004858927421936984,0.0018064099451546543,0.005522284536528512,0.0018934804408677359,0.0011002154912917613,0.0009988481859780035,0.010671810097060355,0.0019925006923202913,0.0752475125702958,0.0019003729754133818,0.001749152827213815,0.0008673436449310042
spot_0651,0.6466978536212622,0.005361425427360667,0.00312174149639717,0.011460623234702145,0.033498016877623216,0.00125746842827013,0.0019524369779466565,0.0014214949276545692,0.003885632088099798,0.13302733338514483,0.0768102543749523,0.0640856978201679,0.010591308179653772,0.0012309309105462973,0.002677246938738781,0.0029205353114796126
spot_0652,0.2197690150214936,0.09270520171841823,0.27398994963105755,0.01748316702984005,0.035774252825315364,0.024953215576603842,0.04841932856889355,0.019004565313104748,0.005373119548226527,0.01815673168422692,0.023520093340477506,0.14063208549496578,0.0342950357149601,0.008692216780275213,0.020437099195069423,0.01679492255707162
spot_0653,0.3126721426758876,0.229998551759917,0.03985606145997857,0.038655430484414485,0.08640459908034574,0.0019663537946825183,0.01585286374343955,0.005499870907527425,0.018469751163689724,0.12363472346085107,0.005469297719237517,0.08532538803099568,0.012889788798592112,0.004415696359726214,0.0012808306907399238,0.01760864986997487
spot_0654,0.4766201005069212,0.3319105570983985,0.1446921388175768,0.005908337166912778,0.0025327904029106385,0.001072621457916867,0.0014689509230483657,0.00088285947587451,0.0007181798606027671,0.0006664349496508883,0.019560823218319295,0.006399149039164639,0.004249976438313743,0.0008132329044429081,0.0019903197316127126,0.0005135280083333801
spot_0655,0.19944285653421825,0.24979931530413488,0.3190347848612166,0.012667006781345089,0.00819413626380975,0.0046693664004429794,0.05733309712559995,0.1154554562041571,0.00048233037834647676,0.00043374548809027715,0.0060095464076973856,0.00755537484741944,0.004608753888951576,0.007992796994830364,0.0058655046859698795,0.0004559278337699787
spot_0656,0.34937777574451384,0.20355618514336737,0.012570727888936248,0.15841732789006197,0.12805318617201716,0.00354307069837963,0.00542744082797407,0.0027894909143045795,0.002136229501667127,0.0020225703360724013,0.020508170487595546,0.0886216982208947,0.012420646119609689,0.005775435539308042,0.003019323016579691,0.0017607214987179222
spot_0657,0.282512670439232,0.08503654069435318,0.30025320023229446,0.07206822710879716,0.03410087569676474,0.004765868487576068,0.012485605962865222,0.012767148537229654,0.08031666943372553,0.004583213528837378,0.010413693439558969,0.020221990874929003,0.01156453124229146,0.005285447102559331,0.05213163729044191,0.011492679928543893
spot_0658,0.6781487551981331,0.05931296071840462,0.08722773909700797,0.07682643250288476,0.026491648733294522,0.0015824620551268766,0.0031803460101543194,0.0021057878366191655,0.000980295464471086,0.0009922463619663193,0.009312194710724673,0.016382659737090185,0.03127812576016889,0.0027470809168756547,0.0024739632855166095,0.0009573016115612473
spot_0659,0.31835267821664276,0.2674188530984655,0.08668962140661492,0.01528512282234904,0.05701204404585256,0.02339209319736935,0.019092513911173826,0.049527057813162884,0.0009813729286887887,0.0007809041179969661,0.01333823300002094,0.010148509990649097,0.027225802399333948,0.052750800849680105,0.05691225715068602,0.0010921350513132672
spot_0660,0.08906248672623389,0.2961654052445992,0.24232616039561589,0.05027814813960462,0.006649053157903528,0.007965726439910307,0.044839886762346494,0.07305062524906955,0.05645419148744928,0.02803497672169198,0.02269828719697036,0.008862570882905298,0.01943878795302817,0.011310099834629755,0.035374774793406505,0.007488819014635147
spot_0661,0.10902797581758347,0.3136001866545081,0.028400234177193524,0.14900004063167033,0.10758284263594381,0.020112502758218576,0.02427280679917056,0.05266084859711544,0.030072340778641002,0.0788332123676288,0.00992775536060844,0.016004460386051376,0.01648120763272417,0.02771482218093058,0.005323539162677089,0.010985224059334721
spot_0662,0.015933112525624037,0.06922852340307949,0.13006796242884724,0.033417388007706134,0.21390663929766918,0.002357436526847274,0.007040512809193571,0.002985214790894372,0.09377484619665782,0.10677544492291162,0.08169169882861686,0.16673588687093763,0.01458093389548303,0.0024947183212839638,0.01025099007044888,0.04875869110379888
spot_0663,0.22184201714829152,0.2981860385590592,0.1173428758145039,0.13520380018826791,0.18304841292948706,0.0008830461323191302,0.0019052658496046544,0.001086441716798636,0.0007956129798955483,0.0007014759185552765,0.013450060714574566,0.005732297547558938,0.016983266652785097,0.0009421466537137851,0.0011242264309605798,0.0007730147636242089
spot_0664,0.11397274115437075,0.05356300815752403,0.4693303666359921,0.03644607598142564,0.02350387453278453,0.00322050869443148,0.15490218627428742,0.008342447680314629,0.04185035249332217,0.027092370086776903,0.012855059609721638,0.011022765646276151,0.012467423097177056,0.005333613040693872,0.01292814464972274,0.013169062265178883
spot_0665,0.32997083259411014,0.2009156472557394,0.1111003508188543,0.011050517297521394,0.15345504609910637,0.0007714850725259559,0.0017469062653035587,0.0011652284391069797,0.031675317844211556,0.013676648566621511,0.0059307412504879245,0.08290549781064374,0.007670332375876017,0.0010457105384896472,0.0011974857109862981,0.04572225206041522
spot_0666,0.2300630837445771,0.21301140394801807,0.2784322742161456,0.12402263430863734,0.05185358454741745,0.0011660467748261473,0.0027767346509901146,0.0013066576805070113,0.04893555589397298,0.009320206743518227,0.012080494358017425,0.012797205725241187,0.007646565769585674,0.0011691812876374486,0.0014047022356769594,0.004013668115231283
spot_0667,0.0257111818707464,0.3270957546134247,0.4220917744794923,0.08417566458722903,0.08156265856212412,0.0009358148831912031,0.0017917046766940082,0.0010915099307721994,0.0010285180383964555,0.0009865006418856108,0.021414233597386926,0.014711955864728567,0.014233610928103204,0.0009161406023407456,0.0014383731029710164,0.000814603620513487
spot_0668,0.2892890528926173,0.12633296589436488,0.29354989705854617,0.011879427863745816,0.10373065898939121,0.04519591397137263,0.021801371000194185,0.002554394289253366,0.03968460131431303,0.013163407396386313,0.0031511576114832437,0.00970084884167113,0.007327192602556727,0.00359181561703848,0.012425512872278523,0.016621781784787
spot_0669,0.21485329068587883,0.10365473414026441,0.2337620249667605,0.006589369583460829,0.15044229068603546,0.014383960521320224,0.06821246828475783,0.03431966059993119,0.06452651585841114,0.006724925383339371,0.004633679353586611,0.007601708403038862,0.006544895756786932,0.05747330784944061,0.006221952385880755,0.02005521554110647
spot_0670,0.06801848716261578,0.025442148516806505,0.08934814923195557,0.021132818060719413,0.004122410469890437,0.013015839058080094,0.24762318624112453,0.0160644982325822,0.24835282936297548,0.10191902315822725,0.0179341967374781,0.00532635854793803,0.0684173946518936,0.015302753472798789,0.020533372149915144,0.03744653494499909
spot_0671,0.6407673184630767,0.1536241938854685,0.00549364158771215,0.004134661758533165,0.035041221292587535,0.000994949418459778,0.0018972197460526447,0.0009732041274334643,0.08136692711245906,0.016096437756862435,0.0028754575646314645,0.03367950301002406,0.013911615941274042,0.000848012858485459,0.00156091803727862,0.006734717439661016
spot_0672,0.3125488194971898,0.08675975904682302,0.11099115385665483,0.07652950934729093,0.01823891627879986,0.007079350696722388,0.007052695369871782,0.0050028950810667465,0.000893990557011849,0.0008408779807141438,0.23126593680784543,0.05962021418952862,0.023450112984814492,0.013191394177345066,0.045649374484156124,0.0008849996441649211
spot_0673,0.2801659868235904,0.003302587991898948,0.00255284272035645,0.15722988339382604,0.14615740123009963,0.005419278911939192,0.09105998290269314,0.191810667001273,0.0009178739458627172,0.0010225379604514818,0.009469692613377644,0.06746920072228749,0.007562766254344454,0.02291732155508239,0.011927134258416511,0.0010148417145005063
spot_0674,0.28877672409766975,0.089513858949641,0.1435407127889585,0.07717743873323837,0.029006821342426447,0.004327596402386534,0.0412641592006617,0.0935114025946281,0.018310980577775943,0.06356996700500653,0.062279956001360444,0.011808686642277603,0.010395621752293598,0.01061860829006578,0.03641706823472663,0.019480397386883095
spot_0675,0.11185317163569308,0.09171906587448202,0.09076394661322809,0.2989305705165972,0.005679012636249796,0.01984832981748881,0.05468883291973359,0.09787850571828581,0.0017767558345896139,0.000880292302373052,0.06452117500611633,0.010188522569330224,0.07146427422594746,0.05546576030275225,0.02275083783482125,0.0015909461923114226
spot_0676,0.3908331270906826,0.24204476539805253,0.010776649518750079,0.006655726314913452,0.11084561264864828,0.0019538323350562557,0.0028397365120401813,0.001993137023797392,0.05065862503233436,0.02115017865618858,0.004081094026967597,0.08485797488365042,0.007242863913862812,0.0019396077031799202,0.002632615345825502,0.05949445359605004
spot_0677,0.2597332544308142,0.3557294603050334,0.11477167018278435,0.035719302254469974,0.016945812172676506,0.0010666374089873733,0.002753035312764231,0.0014144148768135856,0.009366698984649948,0.04580694723472028,0.10055136258701873,0.01662069146869288,0.012977875498778157,0.001374435189996429,0.002384557367599607,0.022783844724200343
spot_0678,0.19488091990419212,0.11142322619000818,0.24051429082645934,0.19678874481622194,0.09347314549880274,0.000734532833059136,0.00217925134749044,0.0008718762916017973,0.050827321449375545,0.031692338849151194,0.013996298611225267,0.03553501383220188,0.006577150749846337,0.000739114070910259,0.0017381444723348796,0.018028630257118948
spot_0679,0.6262732729059083,0.0769581604656753,0.02022901496577148,0.010932649581784394,0.13169204716632957,0.0024053160089200507,0.003339283731079636,0.0015420401935980683,0.0651113624645821,0.0032660478256142152,0.006338663946727476,0.023770386321375493,0.017488668522064182,0.0016864311511979857,0.004042252632143874,0.004924402117227844
spot_0680,0.32506063801736024,0.2332238135325301,0.10790602005923788,0.05071996837198682,0.11625647457494521,0.0012416261584045451,0.0024991016188064897,0.001413225408543339,0.001178745813960094,0.0011892729260110247,0.12291808099704804,0.024867816805853482,0.006138749826449678,0.001265901376110203,0.0029967038102732277,0.0011238607024796256
spot_0681,0.14633624969792133,0.24114783341628984,0.08282333036732134,0.05101413050563118,0.037636762671779254,0.002706972742340808,0.041654466959796924,0.013008204982093813,0.028573982690943935,0.012740823220795337,0.1281714792485627,0.021513890673319155,0.13931448700369783,0.006421352432268469,0.009530418895443255,0.03740561449179483
spot_0682,0.32645069345507416,0.12173160751131731,0.1881509450865205,0.00681884975135264,0.10978727054032733,0.016381291649083224,0.007948219084285918,0.13794292490084553,0.0018568993774455828,0.0014216621345014742,0.0038925284462391616,0.02370894985735962,0.0068346914197906766,0.037792397663410505,0.007791974837130191,0.0014890942853161564
spot_0683,0.5019395691338465,0.044100952390140793,0.017209612930991137,0.016348953656526083,0.09977810480055524,0.005758765634844904,0.01236019230341569,0.03492866607641806,0.018839609848910158,0.09160545550500736,0.005307963918382175,0.011486355954275676,0.06748565947867018,0.021281526335081954,0.005821073293214667,0.04574753873971947
spot_0684,0.33397638479574454,0.12218870099636736,0.17959466526649998,0.057539782725121905,0.094404405288998,0.003554560492897601,0.025060136597454322,0.05900971715921775,0.03943010823622669,0.016143645568032827,0.0045103388549879945,0.02183987396332756,0.021107033558379434,0.012236372417642893,0.002775985845559379,0.0066282882335417705
spot_0685,0.006231558536987287,0.2935349110735621,0.15249230795865162,0.1423921128562604,0.09078351486453526,0.001262854440200301,0.0027899338122654668,0.0014691238105705472,0.0026599628022800225,0.0019470335011090548,0.2658529310172794,0.01584482995014781,0.012357090545615136,0.0013649111316550555,0.005887639330687851,0.0031292843681926465
spot_0686,0.17950764916171102,0.272391083567187,0.27937919191526056,0.01782106085488566,0.00679203104008574,0.008258001056579787,0.015653888229798917,0.026976780155227326,0.0034952474856258654,0.0023391561285476155,0.03953780131010539,0.012239744149244128,0.014682017009994745,0.06542445440725922,0.05296613215471702,0.0025357613737700697
spot_0687,0.42442279080979217,0.0465631867439981,0.19091306168878958,0.003905729287945616,0.19833902861103553,0.001023131116898042,0.0019172815169259646,0.0012574814854772525,0.0008232785554975105,0.0009054007755553649,0.004195672659926664,0.11844175738462087,0.003896238126811995,0.0010571072509909182,0.0016404830955849279,0.0006983708901494791
spot_0688,0.051315935954919116,0.2427041823306098,0.3682156502019329,0.051259480562171944,0.12914933929511116,0.005979193699578762,0.009298961725120054,0.030923994309240376,0.039152742847155454,0.00821424556199496,0.028417320912220434,0.014978838372221545,0.008242126378789117,0.0053284972686874245,0.0034795850092068825,0.003339905571040029
spot_0689,0.20499941423670098,0.09126539134489917,0.012037336245105114,0.05252946122097751,0.2669431828274083,0.01704144395715358,0.017319151737483426,0.04342040253024114,0.10471356101446551,0.020905186369669752,0.06850058729201398,0.02221798179269347,0.016123290422944903,0.03977055892327497,0.008246705541430657,0.01396634454353752
spot_0690,0.26828874409304204,0.2326772437264701,0.0745892498799345,0.07452009323589756,0.010645436862728227,0.0038184508933921855,0.03306608990081072,0.02552800448757931,0.0628091815903676,0.041010050102552514,0.020870513077314225,0.058464295127070916,0.0182160397709941,0.011648233831447804,0.04993480055625813,0.013913572864140062
spot_0691,0.2886277774501332,0.12564775674667542,0.18769230985690574,0.14497867106553405,0.014766275082422186,0.00786262007529163,0.012275830241278471,0.023015874286343687,0.026583538394438975,0.002748927518637912,0.08616849512050888,0.018246286233769327,0.011324747819891933,0.005894896348108693,0.03277314127597266,0.01139285248408722
spot_0692,0.15062266228840074,0.2085562758744721,0.24706964796984734,0.1152527501790112,0.0486904372145695,0.001080961374391488,0.0025266093069071247,0.001432667181266923,0.040060247406990296,0.005434644288842058,0.06124379156390098,0.04648123219602466,0.014069849035844894,0.0012027536602279888,0.0018806241080047334,0.054394846351297994
spot_0693,0.33175362452236956,0.004390245103501634,0.004674546067632176,0.01122080993240389,0.05960105584359489,0.01260384871420095,0.053117477056065995,0.008330888678660029,0.009267994620975405,0.12112882129630706,0.2024581603851277,0.022747193302458633,0.015901839592622143,0.00735755579931808,0.11484957140266404,0.020596367682097813
spot_0694,0.08877664695041658,0.06849941837852844,0.01746249051624797,0.30566467488355314,0.08825581044786071,0.007314444993883189,0.059059799184450826,0.004712130730080487,0.09055548132144027,0.03327853037714403,0.03336918514008842,0.010154534158780754,0.007974291917735249,0.004478980531087747,0.12271163231010013,0.05773194815860203
spot_0695,0.02487051534055671,0.3762125627938196,0.20383100596862944,0.10130598508873555,0.0380636220880635,0.0026902493155047088,0.021082899501654147,0.03134936132894712,0.029109775907803954,0.025774664145924914,0.0391592595010776,0.025415731155912388,0.01989251012793433,0.028760851114649707,0.01787567723780042,0.01460532938298589
spot_0696,0.41422175783142046,0.027432886730768918,0.03585793223584087,0.07675143662294644,0.03856431056630267,0.05134517613892796,0.05521527590805307,0.04158296234913571,0.0312169606789854,0.013404279662352147,0.030236159851153455,0.039264387722989354,0.0168275696889033,0.03950985536511807,0.049108202038506674,0.0394608466085955
spot_0697,0.4139030592267555,0.28583876763052474,0.03673360785240923,0.10236070611148487,0.004293795897147573,0.0011403697183205667,0.024564852497154368,0.0015637053775123858,0.0030293881832096467,0.0016532806477180314,0.060368631203941966,0.005173156140061434,0.047807768892743574,0.0017940216311132355,0.0073631436760678345,0.002411745313835043
spot_0698,0.492217995910405,0.22288867742045387,0.16979302637198787,0.0048423187303552944,0.006835929014118076,0.0013258445282346015,0.003930965946350243,0.001317406151367745,0.0013532765088289371,0.0016664842182647491,0.0030962400461181645,0.08308413102735988,0.0036899519327535653,0.0010823515493235758,0.0014939458811469865,0.0013814547629314305
spot_0699,0.23307368968266512,0.18356552686474836,0.34802666688797157,0.010978274016290137,0.022940189489510907,0.0015074642468855183,0.0027984849815139547,0.0014660379812882155,0.007926542610865233,0.13696224533445153,0.007749464717603242,0.008484896360846936,0.011144673736905,0.0011727561859754508,0.0016059448977170758,0.02059714200476173
spot_0700,0.21973426241573024,0.21863470561630782,0.39823482633249196,0.011866748453166346,0.014735556094723197,0.001180049247611491,0.0026701243174441546,0.0012892933436246402,0.01050489286646028,0.05527036577607932,0.014273251422273286,0.007681719940604843,0.036593044662018126,0.0013063903253838667,0.001583203275544105,0.004441565910536316
spot_0701,0.22405358573839038,0.011166949551243161,0.16896501630469005,0.012216478614332634,0.20327521306553703,0.014237621692926498,0.05089662848207998,0.04452460104007272,0.05737660818885084,0.023888221784801808,0.008540832972058883,0.030785524516810485,0.011975532803988359,0.012671228171305659,0.008129019849920956,0.11729693722299057
spot_0702,0.31705492582750605,0.21497287865210463,0.259491580553931,0.12126217483518832,0.009486529875776835,0.0020023504981670974,0.003724679217217258,0.001534178856738595,0.0011002825868920477,0.0024202995138243744,0.02213271994733451,0.03299636760183149,0.00711839954599325,0.0014444929695076188,0.0022759715901766084,0.000982167927810258
spot_0703,0.18041660467174223,0.017009315477238725,0.06977128455885562,0.0381087556693455,0.03926112654675126,0.00972987632253463,0.19354344328625248,0.0670791712665544,0.019927493265164773,0.012753083700717583,0.043562708028374524,0.04182859483063281,0.11866341016999375,0.05348650337876611,0.008730798018850246,0.08612783080822536
spot_0704,0.19036227838460357,0.1450025242933244,0.011210681094324037,0.41851426948827225,0.029981350304802878,0.001236705793584535,0.0028908215027856504,0.0016057581988393034,0.0013885088967758954,0.0018542956301097785,0.029629354269224153,0.15254812087458608,0.009241417577407625,0.0014007864161511081,0.0019425558479370842,0.0011905714272716797
spot_0705,0.006208784336297623,0.12146969857297626,0.2472505683998752,0.1565059271184963,0.028770007643060244,0.005867243435440278,0.039064596657448644,0.03366744269115103,0.0023147128859072595,0.0031226817062681993,0.13974162787999395,0.11316929431584537,0.031991776663433114,0.01244158478296867,0.05432494492496615,0.00408910798587168
spot_0706,0.19790207115014788,0.14612944880954717,0.15649143013385694,0.06286407532136033,0.01714198893259193,0.013163672404373048,0.025616415876054812,0.08282954265785336,0.0011681553511113689,0.0011369359605330899,0.07535959961330746,0.004201396340494163,0.0794962206915411,0.0616464073391471,0.07368530764407814,0.0011673317740021091
spot_0707,0.26870356857647026,0.27151965049935656,0.21111623536102936,0.030565052442526636,0.005115817431224622,0.00445410888298741,0.006757783238533134,0.0083841483656834,0.0009197852293035336,0.0008528576690280185,0.05550388754269447,0.006299393004012231,0.01016462200123604,0.008198752251325906,0.11047434669961104,0.0009699908049773642
spot_0708,0.1961613677563329,0.11844963889218581,0.37199370178243946,0.1610009121768619,0.09627942825234195,0.002600471437588203,0.009077239340994242,0.0029223443934650803,0.0017252094588996452,0.0015120631689638417,0.011138215272993279,0.008191032255269683,0.008330746427072431,0.0022168652097453233,0.006154455741700364,0.002246308433145881
spot_0709,0.3241960379193235,0.09560888973823305,0.21459327940399459,0.008495713410198414,0.01634744116380183,0.0017242746758695522,0.002162735810817786,0.0014584723752427875,0.010518419414024425,0.28465617809339067,0.002774491142168025,0.014637148210211937,0.0075196087461003,0.0013815553154178305,0.0014559666137453765,0.012469787967459952
spot_0710,0.07540262004528331,0.2652042700876767,0.13355661809703567,0.0636894128538165,0.005063845737153045,0.014080323210559824,0.14921644413619836,0.11927033267149674,0.0009151230106102,0.0016096198858163299,0.02905180479850653,0.008303487040420393,0.06395808090661315,0.024765461046002347,0.045068912796493464,0.0008436436763174155
spot_0711,0.16483381087893603,0.08119279718298794,0.31593316732771487,0.06650908483838823,0.0478089874929025,0.03774283443202539,0.06158390870520949,0.03701501430470031,0.005083412017484746,0.07275452875639773,0.017309820810728432,0.040793032024040964,0.021020588758687606,0.01786992519817624,0.005203568773532847,0.007345518498086649
spot_0712,0.21096236722817227,0.2095727305257929,0.016078838675217155,0.09516818862939214,0.02947727018401385,0.0856730376984027,0.028474308085333657,0.022615910971271518,0.01370077054609367,0.007134660701699627,0.06872211375300902,0.1435370708039345,0.00656345454291415,0.008955893773932234,0.015959466286810088,0.03740391759401053
spot_0713,0.1889901143017876,0.2488388279870581,0.04476374372928974,0.005001510223094679,0.14857811304623927,0.0019710733421507837,0.0030663843599026447,0.002150370862126226,0.11044321791406636,0.03557923913017908,0.0022518108483793064,0.13095932070609087,0.009192943518674803,0.002210757977643217,0.0011078122879087527,0.06489475976540854
spot_0714,0.38243291125863943,0.06972485980273732,0.02556833210587967,0.1550785142176274,0.014483266925494507,0.0013252444974658063,0.003260384456362082,0.0013994372927235744,0.1059264155077823,0.020782326144098414,0.06380419542010338,0.021459098742650902,0.11845063599368752,0.0011796713846781964,0.002054186595845006,0.013070519654224491
spot_0715,0.06330973910953235,0.26524569259390945,0.1764172646073838,0.019177383795476264,0.04131157991774037,0.007029612464303413,0.06103207837129952,0.04538795650617597,0.004250648528310756,0.0024686355958539125,0.009435215359206328,0.2453622602754326,0.021008144592671724,0.02467166974508781,0.010724197425546986,0.0031679211120687312
spot_0716,0.4027440748567827,0.2353766820656755,0.02593546263265557,0.07580214387420924,0.12954687251143915,0.001102697038041177,0.0020475690228621136,0.0015523668056405023,0.0062271764407282925,0.014452636049089232,0.06024023984282901,0.03204025203311453,0.0068479399497472036,0.0011424441486244394,0.001841625388960918,0.003099817339600434
spot_0717,0.3653650523047395,0.06102322781682111,0.4155646731368039,0.012119161859380273,0.04514895099651923,0.0022763315304062184,0.005828899886678418,0.005538264868254765,0.0006985921183764558,0.0008031160452307707,0.0094974243509599,0.0560276702650879,0.009790887999892195,0.003096545663687094,0.006555148815051743,0.0006660523421105646
spot_0718,0.2840267392308476,0.035953907872672525,0.20330607602707693,0.1394891452097149,0.010387707149713122,0.036184174115865886,0.029305840813354453,0.11233802856199579,0.0040442351898297745,0.05296582940963488,0.02694161483383127,0.0062285727440811465,0.028247095115431393,0.0165709856665992,0.009731011770588802,0.004279036288762318
spot_0719,0.42294545129954203,0.15546932982868897,0.11352558698145121,0.0337945311860573,0.07550407187310897,0.0010186718934163965,0.0026708475587435,0.0011662656716515192,0.006665211124344068,0.09166875452495554,0.004363704840335542,0.042582694720127066,0.03189477411893101,0.0008977554177844452,0.0012825765061881221,0.014549772454674335
spot_0720,0.04313440958821903,0.193652114713678,0.017287523687262774,0.18132813260138886,0.12101914420877564,0.003553517061109845,0.13206830753608859,0.044583188696607975,0.003786089742452538,0.11446116483829549,0.029673790452690824,0.005570022933303123,0.0603719256977262,0.030843430011006104,0.012243832991117877,0.00642340524027714
spot_0721,0.17597083257032997,0.11115560531668889,0.13204183176657175,0.27041325475370076,0.0898432413544828,0.00212247103084659,0.003408043832835147,0.002226553593321836,0.0018971045755779923,0.0013491395683903127,0.042795607512043914,0.12914612458012548,0.03007937883005787,0.0022007121462046847,0.0036404142000440644,0.001709684368777969
spot_0722,0.21587008074407332,0.30666699026061855,0.17962507635023542,0.0036690905714817992,0.017338489132255497,0.0007960940302535565,0.001260946935201722,0.0006894178617502079,0.018494729870357263,0.10507006729418772,0.0032372933821038542,0.12360263848778887,0.00342169082428007,0.0006814736794521701,0.0007952687986550532,0.018780651777304903
spot_0723,0.3276581455400465,0.007648332657393288,0.017844560410530723,0.01601677775482783,0.007716779407086249,0.07138917110203169,0.10077458158200396,0.011487962527071151,0.0015780022441527837,0.0016482127371168838,0.11213629894482299,0.07860189630509928,0.005686983425201316,0.020975711370781244,0.21746108725201416,0.001375496739819901
spot_0724,0.1361652391743265,0.20956160490387643,0.13419990045404268,0.18711528884853898,0.09690996051384076,0.0015460058218508559,0.0482570916331578,0.0028046427589068813,0.03046736277149423,0.019894641163974883,0.007324502250465517,0.017377816027657145,0.03286384838506959,0.0017984086165648405,0.0031593851646007057,0.07055430151163218
spot_0725,0.5102902858550541,0.12458051139169737,0.13507456705067775,0.013814265567717266,0.03398512413874242,0.00888668844568313,0.04591290638674387,0.07875469971915408,0.0010270270768445377,0.0013844599506353192,0.003862220289008259,0.019860056949854432,0.0100197671238939,0.008232438030297624,0.003357120322335182,0.0009578617016607697
spot_0726,0.2549790350095036,0.34108939989607034,0.028957017317797422,0.12489120298551869,0.02481211029402581,0.014752658930605,0.011091825494813252,0.043938688951715626,0.0010046707778652159,0.0011768745958013473,0.027374321501925213,0.025069840433577316,0.033226053122940344,0.05593124467332334,0.010582570062591681,0.001122485951925784
spot_0727,0.24132832957726713,0.05996098575813274,0.18772031437873885,0.025635240171011625,0.07758079395998368,0.008370447949361344,0.04216226074310755,0.07746307731327044,0.004653236672575888,0.04141601199323648,0.14573242058220273,0.01479109034025967,0.04631710673793151,0.015101500714441735,0.009671770202441218,0.002095412906037394
spot_0728,0.06499296896661315,0.11080439497349279,0.26427305252178507,0.24725447233120434,0.008692393400548337,0.003147045635430571,0.021568622544679887,0.0033235477419656066,0.09056207194203182,0.004420259412621789,0.0730458569085485,0.02897068206644539,0.010790424146017486,0.003368678824732766,0.061092691000652136,0.0036928375832303876
spot_0729,0.20911985761058616,0.2172034961418573,0.1733206785882331,0.0893850613845755,0.011093106466867368,0.002383735248605389,0.0646147883645788,0.05028862559819199,0.05017773701778413,0.006703584827498488,0.04173528577962375,0.014851799637795643,0.04344479813902811,0.006888625359737175,0.013349583931141364,0.005439235903895736
spot_0730,0.29455998641564163,0.1773344005630099,0.23211205625589162,0.03066625891648074,0.03463347637507853,0.0006648948222453465,0.013516557068816755,0.0011390317934250472,0.0011759672379092186,0.0011960103496243026,0.006404285865551989,0.13990956690410433,0.06361702394416922,0.0010491695749123345,0.0010080464003764083,0.001013267512762639
spot_0731,0.33671426324087245,0.08702744072665286,0.1489769127220198,0.023333530634679397,0.1493283477448002,0.005430346820209513,0.11089721824891474,0.02582978502173203,0.0011056452725460592,0.0007463200546867478,0.044094109937902796,0.010148883070157646,0.01094481538395434,0.01262947154125176,0.03189678529319965,0.0008961242864200551
spot_0732,0.0012106792706340285,0.2626646404539891,0.01857001774250871,0.19350000517108643,0.0022468967872844763,0.010237363217089594,0.0256803134496205,0.1120459321439153,0.0862932512024979,0.04648413116311742,0.009728729840173941,0.00117588733269214,0.07563643466881803,0.01114270136955482,0.0036621834917786706,0.13972083269523897
spot_0733,0.38746980060599606,0.2078862866778535,0.043728004706477884,0.02993459351109295,0.025256635337478253,0.0014708367943563835,0.0027937520906693232,0.0011736414489346113,0.12108387483374802,0.07582934155584115,0.01815638194154628,0.019647070821204145,0.028292288390770567,0.0010503152482856507,0.0017352173118141787,0.03449195872393106
spot_0734,0.37755767287975905,0.14024146179740216,0.10946079971650789,0.09408903732669584,0.04741238298078946,0.0019492533354088923,0.005941936918561442,0.0017982982194324308,0.0009467688787267844,0.0008647023646513966,0.12741636722097302,0.07527100461178442,0.007100335787107332,0.0015845400453034422,0.007246847277708253,0.001118590639188179
spot_0735,0.020706741576473356,0.18356870283572263,0.10823772585222131,0.10933084881860569,0.13016890253556118,0.002797544284905183,0.07901930701007649,0.053898851938850495,0.008326708867099906,0.0708569902362043,0.1327854827513668,0.005361219289687806,0.025334402467132765,0.008624556439806358,0.046781033951362475,0.014200981144923241
spot_0736,0.5519194323016403,0.11253988386634983,0.00781526878969497,0.2570101569157364,0.018609260755479858,0.0013724673222089998,0.004774708443601429,0.00234134585992886,0.0034798042119083754,0.0028821925940776937,0.009384015629991126,0.010444808003835255,0.010991951167027409,0.0017082658736970715,0.002184421222860258,0.002542017041962162
spot_0737,0.17449693639639177,0.2922918554625889,0.12075417808503396,0.06463878776518174,0.0034218811552306693,0.0022311297412079714,0.01412234605801605,0.00208749940356384,0.12730929988158632,0.05720132098185592,0.07020135875364696,0.0030280413583504847,0.02795442018703329,0.0026392105989167776,0.004264608346146062,0.033357125825249294
spot_0738,0.5126112218005938,0.004480604908453042,0.00538087900767367,0.1882079663362458,0.018283137389150654,0.001496576000790914,0.020340517578338012,0.007465982726744564,0.0013278353989823804,0.0013069892498474103,0.020456510300804413,0.1515139042386988,0.045121718636799625,0.0024788882571332204,0.018031479126157053,0.0014957890435866807
spot_0739,0.26698586504510236,0.04197096479526118,0.14635432540294024,0.09851548526145426,0.009610806254882595,0.005457341503323613,0.1939050952125088,0.026842818997429907,0.0017411576475777767,0.0030945255807816223,0.05916632675791842,0.0026447911659027356,0.022888825954925557,0.011179988091997906,0.10738887322966316,0.0022528090983298913
spot_0740,0.05607283218956193,0.1289924472819076,0.09710144461452153,0.19385511218357684,0.02233097404300709,0.00494580867912529,0.07563276433453654,0.043974836256290395,0.01697619289107012,0.06311654058574839,0.09513757613391205,0.002730853112628495,0.011071977949535627,0.033362212066347985,0.14495172995530523,0.009746697722924882
spot_0741,0.24794019789340474,0.34565850995148895,0.0688416003360164,0.0759416009338199,0.017515239122650315,0.0007660658180930375,0.0018484011845785432,0.0009973585863051976,0.0009882917870171642,0.0009014958001472695,0.20153593146890256,0.01346117717094846,0.02005235932055153,0.0009282173190848791,0.0015779920346030653,0.001045561272388034
spot_0742,0.14709800424320044,0.19049500723072949,0.10613207516375406,0.057486787403004634,0.018440879654100933,0.08985232233541375,0.03670370807427191,0.01711389112931759,0.007937850573114047,0.04414495865393594,0.0701012849756258,0.004911384168746189,0.11281598429913772,0.0636231847553153,0.016702821307492257,0.01643985603283996
spot_0743,0.03948492571762628,0.2091397177453935,0.2089882237104493,0.10263203757615394,0.38480634008833864,0.0014314829021861695,0.0058973519292585975,0.0024932706630959346,0.0008810071269351378,0.0009211151440912896,0.010785101399605973,0.006602007871111397,0.020604792750568066,0.0019166497843768576,0.0025465638676361686,0.0008694117231727394
spot_0744,0.15534225058767492,0.1265041770570669,0.16128728389860483,0.34318341044777656,0.14004956083352443,0.0019223604820005004,0.007143719354640298,0.0029129815985877356,0.0011611667816748444,0.0008431305543128218,0.03351184260085311,0.004006856968588017,0.012965478579788404,0.002716439568662195,0.005296480842386813,0.0011528598438575828
spot_0745,0.23504122419422446,0.22054847066165742,0.0857543878556231,0.009491227410551993,0.214904727498784,0.002671334426701479,0.0040538509013126655,0.003885816790860638,0.09379048254250567,0.013880909326936412,0.006805383692069136,0.069679868378308,0.02908834466848465,0.0032664842633557236,0.002167590727972805,0.004969896660651853
spot_0746,0.07347337298137575,0.23494162894772938,0.44553579634867196,0.05012092051881221,0.02143372563073105,0.056009816212087456,0.036013770517172056,0.009512479614422217,0.0025988739065114135,0.0027300775825794365,0.0057172016915628815,0.0029858860516178668,0.04706733728419054,0.00559584504335111,0.00326098015790424,0.003002287511280424
spot_0747,0.1473125522540366,0.2091454088293485,0.2495623560548532,0.09283920080699937,0.08566910745990088,0.0028115938789730816,0.04647278046937645,0.013197524539709765,0.0012123093315751605,0.0012767001981416227,0.029373825027529114,0.01883984597235803,0.013425768407903903,0.007211552982132478,0.08044056502616435,0.0012089087609974919
spot_0748,0.49137563197559264,0.0075646481158002,0.014597964376431898,0.00685271144338175,0.10751397769800847,0.022626604345784538,0.010729939116230094,0.17621331150635058,0.0015872931072570438,0.001234298250730325,0.007549410701399078,0.007635538367287487,0.006672852210331746,0.12544986119874704,0.011042853930765966,0.0013531036559010956
spot_0749,0.24789058253474072,0.28179775506128757,0.06424432007527876,0.03509096344875494,0.0863987899780919,0.03982979987132674,0.04479261122146848,0.036337100159749385,0.025264230444066765,0.031425266024147865,0.01583024602397435,0.02306650532153614,0.014889293494852456,0.021935227072137544,0.020012711718943463,0.01119459754964294
spot_0750,0.20237161113103966,0.3437161555510131,0.27804516853779776,0.046462149640542724,0.027123232213944633,0.0010641299657282186,0.00313118926275643,0.002479542606379479,0.0006690607185147669,0.000528293469156349,0.07469491012536209,0.0025591512635056886,0.012428845018528636,0.0014617445247677786,0.0027582280398457566,0.0005065879311169535
spot_0751,0.18696869847233097,0.32827872473370034,0.2701271995739582,0.09981793703646641,0.015303705399798386,0.0010762858341498397,0.0019777058565312797,0.001381115339766005,0.00262153323848375,0.04504807555299144,0.008864284358122466,0.022070016687344464,0.009524804332190497,0.0010074119265365443,0.0011382076526879564,0.004794294004941439
spot_0752,0.16712452299556996,0.02980370150499144,0.12278444660901347,0.1103890088853863,0.1104931787081806,0.05565931630219019,0.06854424022225546,0.032185542501057825,0.06184790324937029,0.07094116203958521,0.007365834599825708,0.020705593123083215,0.0538343608164737,0.03647775371421255,0.009558168902143055,0.04228526582666103
spot_0753,0.09254089247620642,0.011980557583993847,0.2733840450437266,0.005913542384665009,0.19505353550968824,0.05311493713526613,0.011456407309239617,0.008382798223146908,0.02681606364269798,0.09913648911434864,0.006922197807873869,0.13761849600574255,0.004012249080389843,0.02257792051635362,0.04301102603440141,0.008078842132259309
spot_0754,0.11277238278844445,0.1978947635000427,0.1738142826945034,0.07935175318182872,0.18931767159148374,0.004582403359036008,0.042866147093929115,0.011447262809672497,0.04155935544087938,0.0078684890149655,0.004700645381165679,0.01992205155181502,0.09257443010607135,0.00785439044915512,0.0031794001871181454,0.010294570849889167
spot_0755,0.1533983929169502,0.04490833800773922,0.5144275954617027,0.008890246575674087,0.02148034078683673,0.014262906649433815,0.04738524147233579,0.020973016810116887,0.0073657043028386915,0.07600543195026155,0.007342019320580556,0.011302711393922478,0.009041206920830843,0.0370710755801225,0.013716035152288862,0.012429736698365074
spot_0756,0.15161039052982114,0.019024036133881875,0.15789659543350282,0.19777412252421694,0.06550751364561352,0.0029328892405618163,0.042650936062100096,0.013057076358105891,0.013080271793642049,0.06870930478769259,0.07839346236616128,0.014660953185018652,0.0717503721762192,0.008845994742606306,0.01544437441578199,0.07866170660507382
spot_0757,0.13046629347978086,0.08516805358077048,0.04440230788843118,0.07206978505121403,0.11086642054395317,0.004705401282861478,0.09395358875151309,0.11227634318290472,0.009770495822262663,0.007932827043168436,0.11364521274477801,0.015795725526029064,0.09784254063978323,0.0060070652028437945,0.04467697883302603,0.05042096042667976
spot_0758,0.4245990383368737,0.2930083757504036,0.10803500466337765,0.004523615664614134,0.017077085956018468,0.00958426076810119,0.009490309844408323,0.052870591299429906,0.0005717523607208093,0.00067570146102313,0.003479196416916992,0.03054070504818833,0.0031351688397794246,0.030134149310230385,0.011713784501641608,0.0005612597782723447
spot_0759,0.1648439439332293,0.20658414417500956,0.06852023593175302,0.1627512959273334,0.00959828580455861,0.01054889019894435,0.09895426254466724,0.024148218285233846,0.06442491810830722,0.005302804425767153,0.033179063876473784,0.018527263352040003,0.038347507360531385,0.010995419085427527,0.017993283394193597,0.06528046359653
spot_0760,0.5720487287549869,0.2828699258650902,0.010867164896220083,0.003972189236783619,0.08855773219473119,0.0014054319489567796,0.0016973446848412154,0.0013272177038985654,0.0021222918077461067,0.002825448711409287,0.002443294738526208,0.019556418010159116,0.005371028429860754,0.0013119315104005611,0.0014549945507447888,0.0021688569556445702
spot_0761,0.31276234130446207,0.20664107203166443,0.13361057871016993,0.027454967062890478,0.10213257030438581,0.0026933363851663976,0.006792094993067187,0.004250450864512587,0.03662074356229778,0.008237964412721161,0.0514024046076598,0.018145139717269665,0.005405341459036031,0.002413852654866156,0.00405592560777461,0.07738121632205591
spot_0762,0.3271971414128109,0.058277308245667854,0.03908358778360737,0.14753430922732055,0.013429722585582404,0.0163712584040433,0.017739475808514163,0.03453887389217885,0.031883681954002256,0.07090541036354647,0.16897166943263509,0.01026318569563293,0.011858042694755494,0.03461518616113203,0.012580616377368155,0.0047505299612021455
spot_0763,0.1274524599046752,0.20071147265854444,0.03388629210848821,0.14324063792936728,0.007964130970311263,0.003631948992011629,0.1722645987828399,0.03305096833245828,0.0011099216907485819,0.0011518053246402878,0.010025540802357045,0.0035439758326372152,0.24671265740698015,0.008423458595361753,0.0058311552175797626,0.0009989754509989826
spot_0764,0.4695237227499112,0.1249563868372101,0.07202399552853728,0.08624233660532873,0.017037613147738783,0.0007160183881930267,0.0018097788446919004,0.000984307696965089,0.0064903763993548495,0.03899499065409918,0.09188888573658971,0.025545544437326647,0.05537450677116898,0.0008373732274913733,0.0016623539226271274,0.00591180905276602
spot_0765,0.38078489252698555,0.014063008602824811,0.053359115813269097,0.017927463275204177,0.06487318643572593,0.0057726222068251384,0.13726975082218495,0.04162392401846462,0.14493018045133815,0.00704895055481565,0.006214680633647462,0.05693370438696938,0.009613338213056944,0.02431036822537506,0.011352845562916741,0.02392196827039631
spot_0766,0.15487114350145473,0.043165155131704276,0.21285700580651404,0.007573085301868092,0.00483161392835318,0.09495484991952974,0.07854576243718656,0.1389801727188291,0.0350984187458147,0.037210494915525597,0.006629979946791016,0.007353092213614227,0.005150064807641129,0.05407920252975015,0.10237666023464721,0.016323297860776267
spot_0767,0.27811472907060203,0.2714137856788505,0.12285327436517132,0.002437487697115172,0.22686139226034863,0.0005027603514374539,0.0008891939905860551,0.0005535996261209742,0.0026774196117637277,0.06187863443203129,0.0015177317636975536,0.02047104475846068,0.004519414455841983,0.0005088594623881704,0.000519667602806813,0.004281004872777679
spot_0768,0.057214404918403836,0.06808712678281537,0.2825492215442398,0.06966731133335045,0.1185060269945835,0.01054559845681721,0.0523964167049418,0.21698393212832098,0.0006542203448116325,0.0006483691473381613,0.04633505490590626,0.0024496785184980035,0.025492132110046962,0.03136937746415421,0.01645163877613375,0.0006494898696381003
spot_0769,0.41852212138330014,0.07289895106015568,0.25728406145141514,0.1056925228197132,0.006038897277625037,0.002046178466531705,0.006612503917692916,0.002357557782874812,0.0006861733225314292,0.0007922715525031235,0.09388340023433996,0.005239202564776313,0.01061895186949024,0.0020106644387901974,0.014635235521016792,0.0006813063372433408
spot_0770,0.45731963675454473,0.01773370511456797,0.23585697979886294,0.14212787491371343,0.046764853990758644,0.0017835340606821455,0.010199156106567245,0.002606444910697271,0.0009173828608827521,0.0009013832891807437,0.031220803854465382,0.022480202495413906,0.02090780686189933,0.0021957021126716644,0.006036040762474403,0.0009484921126174196
spot_0771,0.2958813800812157,0.01668753455624849,0.23365252693424907,0.11180033838422943,0.05037489259997807,0.002693909888325719,0.02090341390861602,0.04573801798297931,0.028067443495911133,0.002884184329689133,0.04474244235882336,0.023147400950910526,0.09501289696369372,0.01073681726187628,0.012381940119436413,0.005294860183817678
spot_0772,0.2883730738721238,0.027867331480954983,0.1309160304003938,0.055883370111871104,0.14629742675992882,0.008941555120392368,0.0229573357757041,0.023248370309002498,0.014629256946064989,0.01442202501610238,0.005776965343003663,0.21137514948444328,0.015916486868185094,0.02369520129759527,0.002511408460679704,0.007189012753554117
spot_0773,0.2560757147334192,0.12506344787752857,0.015897506945900326,0.17194951074205797,0.082297029897346,0.007250488720841632,0.01737105170731057,0.08026207535760796,0.04625391654029438,0.02970946503543207,0.011246502124058415,0.05501625411633238,0.026169086009396804,0.015357504013610001,0.005254125731636262,0.05482632044722745
spot_0774,0.33370022208521144,0.10666634161448435,0.048364339222117844,0.2550555952326934,0.004523102224152868,0.0027507826687285623,0.01483974762726481,0.004966086062351196,0.007863458192859087,0.06197960433896988,0.058919818176401115,0.006039456202208308,0.048147275507641814,0.0029498110768728493,0.01616270091293383,0.02707165885510867
spot_0775,0.0399305035827222,0.142788501902392,0.025163053251943013,0.29090617883369146,0.08360234067243168,0.004930853538757839,0.058033050306084834,0.04387371890259236,0.007107321446567597,0.031637568673380634,0.07749336725903407,0.003192168937735535,0.038959320742157647,0.05345348973048454,0.07359941443634117,0.02532914778368342
spot_0776,0.022350679931045447,0.4645695003599084,0.19266706755406793,0.06411088000241608,0.16735703495005114,0.0021977373061503828,0.003977379992632702,0.002235109891919786,0.002465395502862982,0.002181437509595682,0.021944534575702,0.030007159241300874,0.01712466524342595,0.001840517035324585,0.0021160362368260197,0.0028548646667700566
spot_0777,0.05515602366255418,0.13222483567048066,0.3402767310620799,0.049422105775354504,0.15209654555075447,0.0014289422425566834,0.006298071942201522,0.0018158955108491415,0.0942645162981111,0.07174202580748881,0.0057551103540289875,0.009983182280881313,0.03666838684327706,0.0015809399239111272,0.0015365051194884162,0.039750181955982164
spot_0778,0.22558582723310278,0.16951905312669957,0.10886810472071175,0.2698323654963833,0.053042544773601874,0.001532080281752953,0.01595790708879374,0.0029084299312999887,0.005827145906856387,0.07104580756871973,0.022549447875380407,0.002860962866179288,0.03845963233710131,0.0030552253003797753,0.004455467722231451,0.004499997770805738
spot_0779,0.3485992939125614,0.03334840358048909,0.13729774776072523,0.014925455030847488,0.11367369591839191,0.024169969698361802,0.021226542063298093,0.0027871750799296087,0.10233622418427274,0.006051182162790423,0.03291651951267301,0.006839074422240362,0.048099056748305925,0.0030099990303228564,0.08718319459934845,0.017536466295441616
spot_0780,0.1581612659573556,0.26327763452622194,0.24391330538087197,0.005384518342778027,0.07417763943156648,0.0024000822647456998,0.0025617310962863845,0.0016324898673581584,0.011148944345230331,0.0058775091085348586,0.03723501131305858,0.08515287595726061,0.003617253908702107,0.001472028028880736,0.05242480455422129,0.051562905916927235
spot_0781,0.31639526568092935,0.14866226564684581,0.15833210770636513,0.035840563485323516,0.006894418116687071,0.02623001402694406,0.015228959440274565,0.06066129731700476,0.058445582342949706,0.019393482929925238,0.039393631887211185,0.014515249824042335,0.02076521299124249,0.025313304539397608,0.04152112709426286,0.012407516970594277
spot_0782,0.23256752362302793,0.19684457276264408,0.13119704446200633,0.0705531481732435,0.07020809563943822,0.012014255645528136,0.012168701667460561,0.01301561679938626,0.08788388184729179,0.042299586563725664,0.02463300425237769,0.03195362769330147,0.005829500656322607,0.003752082645428407,0.05270728518818507,0.012372072380632279
spot_0783,0.18869404118354896,0.0424022977319016,0.15787142756485392,0.03737579495914686,0.021551291563652243,0.029370052758190133,0.07368218293075476,0.16766397402377364,0.013557578795979974,0.048457906050649605,0.019969542097263558,0.02610947869432151,0.016966280846528632,0.04217897158697991,0.02855338241053993,0.08559579680191479
spot_0784,0.23999666493182084,0.13110191509485902,0.07533218438678882,0.09340580352931468,0.013140409706044636,0.00249292031858032,0.04287245834535714,0.009623557303978635,0.011686647439729178,0.11984547341370949,0.07594994561369854,0.01722786592154673,0.036331104159486614,0.010771366835297927,0.0522272846673391,0.06799439833244834
spot_0785,0.17685596437350512,0.09361306883975813,0.010378524046038477,0.20880437864759616,0.15089327722862117,0.006740288130118615,0.0745799048436086,0.044656885236406776,0.010610600204228389,0.0124902032978512,0.009092694405210705,0.007691651001383235,0.08604597042436898,0.02713987630974594,0.07025420095293435,0.010152512058624144
spot_0786,0.3620300543160694,0.013566323782702604,0.07579428481159778,0.10847876074448394,0.0687764136994332,0.020009740697417896,0.1260553460713828,0.013869232425115797,0.0030688462670557448,0.002698018530959852,0.08972644275576444,0.007360568876195176,0.04874560604756175,0.020443728182113246,0.037456167903504894,0.0019204648886415009
spot_0787,0.5065258761330348,0.09446668282153736,0.01340734063320724,0.007618602589042735,0.11546236308328502,0.003750284939160948,0.0023745680398614103,0.0023807288482396156,0.001796842619064875,0.0022585024464016044,0.008073315967046845,0.23222304342155817,0.003208039454026122,0.0021040429519252344,0.0025093008525584283,0.0018404652000496193
spot_0788,0.2947878969950169,0.04908657599993039,0.3262969302039179,0.14493093353447845,0.0071829694092973365,0.0012308737985515645,0.004896640737809942,0.0017479760884250037,0.037590944013817275,0.019493800072452175,0.012961549570705064,0.07089170845223687,0.004624792229900386,0.0012447792220653929,0.001638318053989228,0.02139331161740611
spot_0789,0.5009268211561724,0.04644253277548641,0.10454018920523779,0.019024057164423614,0.040465568636917575,0.013813004976429727,0.05465425739735995,0.07832648226227049,0.001486813335696046,0.001605911407731948,0.014611208641253632,0.02127559750917978,0.06639707121383842,0.024320796324377815,0.010544407941572145,0.001565280052052318
spot_0790,0.3656857879505497,0.13630306236769435,0.028384634124334705,0.12024475613030974,0.01585677705084468,0.006095781345425023,0.010965582280110192,0.07160740649003412,0.0010156186310936953,0.00123186998997904,0.08167900305324106,0.052790273895744026,0.053963171144054724,0.01788248322056211,0.03530508743082641,0.0009887048951964452
spot_0791,0.4339763388860667,0.008723179532286157,0.07111884056287539,0.009467176568154217,0.016756233163584305,0.01824629819614706,0.013788240207512948,0.030323316452437302,0.0012492642561740728,0.0011059211721007498,0.15293318446831666,0.0359750847856133,0.006004433201615494,0.051241518325085035,0.14792064560690749,0.001170324615123106
spot_0792,0.42705072823480317,0.28020655977323267,0.005144862972526122,0.005950606929793084,0.05230297668479008,0.0009141910184155681,0.0011960445620130152,0.0009230756695478311,0.016299767266495537,0.03227956442925226,0.002955863529024331,0.16026094462482354,0.00845305681554341,0.0008675576266499748,0.0009143580140067359,0.004279841849082677
spot_0793,0.34162937243869745,0.13680175166520916,0.12024729616010008,0.12508826824485347,0.03865166653032194,0.019042795697666044,0.01649042650645892,0.04614302299434741,0.04348826597395394,0.010385339152292047,0.024524472478644928,0.03580319641532463,0.00841773522662502,0.010480574148196416,0.021065675154680146,0.0017401412126283864
spot_0794,0.2276770631999125,0.097241262475025,0.017578779471866222,0.06873538607837756,0.17509000808519573,0.017063465029379266,0.013677667600914836,0.04338608926465128,0.0786270094186322,0.05251914537816538,0.01977105098881354,0.11746107174765034,0.023215268118907353,0.034349813219800095,0.0037047490179731614,0.009902170904735549
spot_0795,0.19623405206418087,0.017713604635759946,0.08775711829686256,0.02222302307450828,0.2597594327311604,0.007374200586546803,0.017722572662967645,0.018908813886342236,0.0013323578206678728,0.0013698772134928983,0.1376657209831137,0.05263773198372292,0.015132490492106706,0.010014752313246186,0.1526774420421567,0.001476809213164266
spot_0796,0.1073451086675515,0.08853950886025735,0.35663920998989157,0.18026996044510557,0.01677956109593409,0.004720196414687551,0.061505762985688044,0.010815083103194338,0.0009156871125654707,0.0009434601743829999,0.04956177960046588,0.0741510852279378,0.022769662352238606,0.004592192606210629,0.019531317663332878,0.0009204237005557322
spot_0797,0.2819425713116981,0.09796179154344783,0.21231317973278072,0.049062606318826286,0.11460656520524629,0.04438089656076471,0.01309457317318842,0.01353715712095432,0.0008457001080259205,0.0006750524188695468,0.08837260724459887,0.044742184806443853,0.02030958274250749,0.01135148559995411,0.006198804244601765,0.0006052418680917638
spot_0798,0.2942285320061321,0.14047756867398445,0.141134085144674,0.019239058207614297,0.10837568932807702,0.0024792942348670207,0.014044978185371808,0.006657672282224651,0.06574193164035477,0.02048854239075648,0.06369099550343502,0.013160044781073072,0.008011230949667401,0.003657531688705549,0.08907929802698374,0.00953354695607861
spot_0799,0.21614930021928952,0.06969690230121137,0.06448860613833611,0.02118629765596934,0.11946168645173731,0.005302795796592878,0.012007485459698689,0.09604931474160072,0.1428166947225633,0.055215987894772105,0.009911997754489348,0.07700961921194006,0.008662211637265068,0.051999423895926954,0.008373616325078341,0.04166805979352888
spot_0800,0.283224796700376,0.11393621986467536,0.03829541756344469,0.2650455206887354,0.01306713675374366,0.002369750928455773,0.018096256695248964,0.008704872965806734,0.04648867333755854,0.025048567685164943,0.060683474933048306,0.02009111097220576,0.03651543705193089,0.00574707371719377,0.05642413054963088,0.0062615595927803655
spot_0801,0.288201142110177,0.04933270420557163,0.30129470899965577,0.0693786404598708,0.012755419104023292,0.0020672802885049026,0.004718689045777975,0.00718967748442758,0.07581475469515411,0.11826341159191606,0.010374239611642664,0.027021895622966627,0.014775803281240747,0.004051757974484856,0.0028245046330552907,0.011935370891530675
spot_0802,0.12676342787304049,0.20113278803184323,0.01748828101439656,0.11199012221324618,0.016302985466494568,0.00760219186812769,0.17640570691876953,0.018122413188522334,0.005322973600357518,0.07364751988187078,0.021405986320907497,0.01949469413195339,0.15641051957085492,0.014603772583634506,0.011988253675380993,0.0213183636605998
spot_0803,0.2867521466547896,0.020145231841187845,0.23234969780670456,0.1023967530902103,0.02327884737819961,0.00860248252030457,0.07819899253487496,0.0428421076295892,0.005634936118128496,0.04266782624024589,0.025101315276237445,0.09356900105151439,0.0160929919341152,0.010081564886481974,0.008702196962993318,0.003583908074422674
spot_0804,0.5157301743678958,0.0705163891628241,0.10767750706611942,0.044762254854649276,0.07369790593942901,0.006339882710865077,0.021641871754540132,0.09119325025360529,0.0018980121831066459,0.0018997324814599293,0.015200147116635055,0.01034331633379426,0.015459874252640391,0.013090124033024104,0.008658498803390422,0.001891058686021053
spot_0805,0.0025316935918807547,0.0387961627889652,0.29383150547808556,0.07250522049223564,0.00625481007833252,0.004068248321076406,0.10398095598005798,0.03484609825981358,0.03288232572576646,0.16164252083741867,0.02435651016401917,0.05140692489128876,0.07064392018172487,0.00888080072378616,0.005316351345035244,0.08805595114051301
spot_0806,0.29493693095442364,0.03451424209015711,0.09036246855338359,0.008928119340052672,0.0818914830315234,0.018294496271678222,0.022635262933740054,0.15527543435285557,0.041175533581385884,0.04481962628381875,0.0028321247615193416,0.07570238687728811,0.013699889211687528,0.04305482993684537,0.005106306173346998,0.06677086564629377
spot_0807,0.007530887175818081,0.1760754226801077,0.12852976890912088,0.14543193554762116,0.0027478199455328225,0.019884540478869367,0.08614496331541022,0.09059128190336599,0.061538969364415365,0.023753223896265052,0.017164418234240943,0.08842557499797764,0.016548223777432723,0.01681427653307696,0.05539301726293768,0.06342567597780745
spot_0808,0.2711174290507367,0.046219978963423954,0.15847795753876434,0.266319870839489,0.02328024052201813,0.002733729587420115,0.149028871794569,0.0034261930837340034,0.0007957871694457054,0.0008542350733547212,0.03033302843997357,0.011326821052281975,0.020106227429524847,0.003248332761526067,0.01181163681409944,0.0009196598796384433
spot_0809,0.2259531367231632,0.09230121414669093,0.13237643720955372,0.14426544858098203,0.0365202420881788,0.008865626954213843,0.11318217516611097,0.014126126751424538,0.003971087682971955,0.03129504671907441,0.13269234704872523,0.005575081830122186,0.02164638768341888,0.017043896165153265,0.01160068033459931,0.008585064915616746
spot_0810,0.047503095719660965,0.4458967009590213,0.1927275833830614,0.2271407840779165,0.046938168726964255,0.0010511758819020205,0.004708820434130379,0.0015269934529401749,0.0011396153948191419,0.0024494229063406476,0.009895019633187632,0.008094081186072768,0.005797601820230746,0.0012929613346680756,0.0027196278261229717,0.0011183472629610123
spot_0811,0.13175577828138574,0.044553288811431384,0.035941344673063265,0.2188490838331969,0.09991347646556442,0.030033239559396102,0.04612820238116251,0.07953149853271352,0.0020904012092518845,0.0025057945103614775,0.04558219933068234,0.13177923974842348,0.0983508036612443,0.02383488688755469,0.007237713049063968,0.0019130490655040128
spot_0812,0.35203343418155114,0.14619130753804208,0.1920357305412912,0.015355714748870817,0.07511191567557271,0.009739396599621261,0.03381866951173068,0.04864068400877205,0.0007728319704895151,0.00070747308080281,0.01921976962001801,0.003170625924019243,0.012028531139419468,0.02040823970237346,0.07013392452527008,0.0006317512321554437
spot_0813,0.20912690175620266,0.27446387988188997,0.15152519798585434,0.007756466891681349,0.042874725853893986,0.0048597272630569255,0.004901566816935875,0.0038214172628378254,0.10443081979772041,0.0343755071510021,0.008388587864991961,0.05784204779734284,0.007123704076261706,0.003712016544001916,0.004915286544418737,0.07988214651190742
spot_0814,0.3219851864516735,0.15431078935332035,0.21143028497140015,0.17407665092005867,0.01377733324936581,0.0012166866625977731,0.007051415160517627,0.0015447941932485551,0.015643712216914008,0.01960364962972015,0.03794502388329142,0.0167464443960029,0.008135858838039082,0.0013316130704840892,0.0036425486389352643,0.011558008364430623
spot_0815,0.17147299112596281,0.18098964933692946,0.012327852544721048,0.1930721602634928,0.1044702213841655,0.01791167205642751,0.012058205874178671,0.018617439576283337,0.001392417220574865,0.0011407922042221117,0.13867452071407982,0.10156725599495184,0.01733250911135441,0.015916330643078378,0.011448735161594633,0.0016072467879828143
spot_0816,0.179785605632745,0.22066172164018646,0.10434156811709937,0.056226742756301865,0.011809072777252782,0.010200433572111279,0.02329982944108894,0.05510330297788675,0.018818264544231446,0.10083589097300681,0.05553035586363248,0.06319320470610894,0.006937039522246955,0.026496075830888532,0.033148031108570876,0.03361286053664151
spot_0817,0.3898882493442329,0.04052709996900404,0.1473413868128084,0.02107746916379114,0.09454403835347376,0.012281605318172668,0.02203868341334767,0.10043265519685439,0.0016020198850025813,0.0014706396488998416,0.004139722637646991,0.05561572388527302,0.007109771793128281,0.04787451614653598,0.052446957519672766,0.0016094609121555662
spot_0818,0.2202987124746503,0.182837617896226,0.03556610980193757,0.14254250066167726,0.029300884439591123,0.0373973097890914,0.04260706210833252,0.014633275987165384,0.0012997461524522106,0.0015116794918913785,0.12869402251726864,0.03772515053693865,0.06712299592036679,0.03245386580122051,0.02493898829267598,0.0010700781285143315
spot_0819,0.2203798945606796,0.044486791409538866,0.32230900158214093,0.03736188065486916,0.015707992540517517,0.00204855692653618,0.0046813519748451216,0.0019187327708600147,0.046877848636140904,0.10309019943876409,0.050536024451102717,0.05096741260449435,0.020674472333903748,0.0028092159343929128,0.0022485144356376953,0.07390210974557625
spot_0820,0.1786707158671297,0.06924585318509685,0.19093641544242498,0.11096582438650975,0.06747573807285813,0.014166667328036476,0.09729554504841084,0.01100750341268069,0.013234454104586567,0.018538819659941815,0.008416555992044654,0.0983275015740227,0.027874174299136308,0.004395297779460103,0.02930919454326682,0.0601397393043936
spot_0821,0.10666918933591449,0.21724436588093118,0.18068398534793595,0.08748066427835577,0.013978763625990905,0.005950771335121375,0.23819854548799557,0.021727896905550218,0.002049727775269353,0.0021823359018705545,0.0748178627068451,0.009907655797108787,0.014514807990183684,0.010625965571820585,0.011059505834709802,0.00290795622439666
spot_0822,0.19354026648416214,0.21657435967481387,0.17873448444941303,0.09756475753381774,0.08740111839276384,0.04075189734935671,0.03302249700986898,0.02838634801861531,0.0009399361659466138,0.0008635525326240434,0.01888899293042924,0.01787145238255493,0.02856139044967015,0.05333308666730047,0.002586169463979488,0.0009796904946834564
spot_0823,0.1952348443172513,0.22262460256392186,0.11640897601507035,0.1337626983830173,0.06382225667525082,0.004159371466435373,0.007109298851552153,0.015466850179299718,0.061290751127497656,0.04800899195176663,0.03213930068636022,0.036692880273610326,0.02516434145443356,0.0051056166368477485,0.020540959089512697,0.012468260328172302
spot_0824,0.1497342042546419,0.10235934194518086,0.1032692719942389,0.09250534573950653,0.015218427717201725,0.008341634618719273,0.02279830074850106,0.019291182853224554,0.0010387068845389832,0.0009672944824724644,0.16944375926387883,0.05945830481848106,0.13249921832623837,0.07982798418874187,0.04231189865786961,0.0009351235065639971
spot_0825,0.08318662617470761,0.49304259585460875,0.16880961014568588,0.08383932770455411,0.007733133729969451,0.0010854937760048288,0.002461297082214352,0.001248138361141193,0.008499632522677799,0.0056701297169415394,0.0038971086637131264,0.003160739844222203,0.024705232259951235,0.0012884575236676308,0.0013055957265987084,0.11006688091334155
spot_0826,0.3332470792686072,0.0777778362799355,0.4266796431201024,0.007319572635897915,0.003676323257081754,0.0212469571525607,0.07017564429067359,0.020631981424914906,0.0008180614923357939,0.0007572001421723526,0.004387211282792191,0.007158575447853802,0.0059015465640058825,0.015381787624095847,0.0040594514736065745,0.0007811285433635341
spot_0827,0.001343475339665179,0.017420040952707713,0.008774238897866273,0.32052548022933364,0.001428329460369066,0.0066825750500629335,0.034168127586712616,0.40301586862485567,0.0020576943679635478,0.0021400951078175915,0.10795204306318251,0.001402970489655699,0.020752541484643203,0.021424488072357615,0.04884017518365596,0.0020718560891507588
spot_0828,0.2051022746572569,0.29018152798361696,0.1319530085140982,0.03887893708223227,0.028928927337085672,0.004693207811926242,0.036888996079889325,0.014080075355458178,0.015212163711630772,0.11649439346784873,0.018812527043473182,0.002805606961673038,0.011706039803058888,0.024397560708221036,0.013940181988359649,0.04592457149417096
spot_0829,0.2642203233491247,0.09537687380812522,0.35703906444670624,0.01327848879714875,0.06949392981302459,0.01192008512250669,0.005899025059449911,0.01584882011842209,0.02950852797961867,0.003333660024352751,0.05785862495069199,0.006486075688100641,0.005985463039871582,0.02326845421232248,0.03324833781953032,0.007234245771003395
spot_0830,0.33604591984061255,0.04982231342211965,0.19173522701596107,0.02234692324013689,0.005442949451941536,0.008192181515919422,0.1576240856170317,0.050912245098755804,0.0007813930417090216,0.0008218328533140856,0.05467351523672342,0.009786715067193367,0.05848519014527329,0.01390037709425713,0.038659155109970894,0.0007699762490802014
spot_0831,0.15328293282770558,0.10111002963567883,0.1840312066176628,0.09312253736176293,0.05119999308556502,0.006748220927597442,0.12112101756625814,0.030030858584360925,0.07904452350879997,0.005943144555790622,0.02820722780545294,0.026565828294470923,0.06767403180331942,0.006733744006763445,0.0067241806882185175,0.03846052273059251
spot_0832,0.0006442141390924314,0.34164693995285705,0.3944520842474453,0.051127106878232985,0.0005818149041209304,0.0008741013522223119,0.002182224251642772,0.0010946407173181366,0.12375859080446214,0.03679469154047377,0.022329724098134555,0.000600203769303355,0.004993793290855447,0.0009324163594588631,0.0013022884647399338,0.01668516522964002
spot_0833,0.3062145395929532,0.009039116304930405,0.06053342717026712,0.03990150046544938,0.09961422770663944,0.0014981817201855496,0.0038326008445220532,0.001804956404107559,0.0984934553405707,0.024179740546659344,0.14415700065354053,0.1352064686258455,0.042210588178713,0.0015359152126724926,0.006801074512206424,0.02497720672073726
spot_0834,0.1579256256072241,0.007833642964787895,0.05711204255078366,0.2961742484636839,0.01763635945210561,0.0028224510379677562,0.011753442636592329,0.003972974164674526,0.010236415967652216,0.19882444989597411,0.16026331610741457,0.00470196932587013,0.012614347417859854,0.004283946775619436,0.00794411825353739,0.045900649378252535
spot_0835,0.33954790095619075,0.011565590583508017,0.008372517798523701,0.11664055979357701,0.010659369064214767,0.0043779820440490655,0.09384078979091301,0.03657298775355349,0.01650106984191426,0.04701946406535937,0.15552959909003977,0.011847699913748282,0.041624455789776936,0.01696891281095894,0.07377933954203701,0.015151761161635614
spot_0836,0.24167294253991456,0.14911927600796163,0.19413807646730247,0.016042183251062235,0.04199878398194561,0.005744903402223027,0.08683104267174972,0.007492890431513303,0.0008059568410873045,0.0007898810768293101,0.0306462913949181,0.005472655101629775,0.006636828666329489,0.0071570745203475335,0.20470103880110962,0.0007501748440763244
spot_0837,0.5613462833067272,0.00713743541132485,0.15579696685440883,0.00816448093347428,0.009297124424907162,0.06607703439925885,0.09406747839647307,0.0071902341575544645,0.002386932471379393,0.002483866306116062,0.004083454938033508,0.005627894318713313,0.008204799282487116,0.0188571697264603,0.04653812047150484,0.0027407246011767754
spot_0838,0.24273011464445512,0.05743273556628613,0.47420778888677406,0.0034315284001310313,0.01462294057213791,0.0010189823460731696,0.0012364575044137114,0.0007629556069514132,0.08152669620799059,0.020148976562946806,0.0020961891320909194,0.07617570171765162,0.003899488125765584,0.0007999901217074252,0.0015234966694155643,0.018385957935208908
spot_0839,0.20895205768569708,0.011308103492675036,0.00988509869715124,0.4232779108164216,0.05183266287569318,0.0019868984049364463,0.005510956164397863,0.0043488469641044854,0.0014553441154588332,0.001907645357995502,0.1710202348084903,0.06441799992286254,0.03638159799467533,0.0030186488830412734,0.002876640422686581,0.0018193533937127383
spot_0840,0.07407446582422393,0.19093000005457048,0.4437075825409276,0.0538993369403536,0.0029497695655408837,0.0038906742128327304,0.03829557656719739,0.05980326939669167,0.06376210115228753,0.004275523343538679,0.012283361960879471,0.0031019603909309143,0.024471062396524006,0.008105992774427553,0.003589841728038129,0.012859481151035369
spot_0841,0.38106360316747717,0.16362171781823429,0.09648896705548687,0.04515388010654718,0.014770925288668448,0.04939931429337648,0.009422604517081448,0.010025652779490447,0.030928629403610873,0.006810785000768763,0.03392494140638459,0.03438960154792258,0.0760753588465018,0.02373556120828833,0.003878582079170443,0.020309875480990277
spot_0842,0.18232773500220917,0.18604548921159872,0.14197583447683562,0.01598969196056266,0.2486487222352723,0.0014363498587498824,0.003916987389535899,0.0017529940408858849,0.07264194593631522,0.00943817023630884,0.10715599894410749,0.007986504163690828,0.010897969513580928,0.0015720652277276428,0.0028356862657234138,0.005377855536895517
spot_0843,0.24907491583390165,0.066783532650219,0.19396694649831195,0.2312437470429341,0.13668621663179423,0.0026494054622500287,0.0153118665795165,0.003975901247589497,0.001056468115407522,0.0009232901581316562,0.05210585027130997,0.019644886619989792,0.0191301595061582,0.0025851786417891904,0.004107264977351142,0.0007543697633455859
spot_0844,0.26548438775791633,0.03542173548676412,0.14262971923454554,0.07698357297297713,0.06769569985533663,0.0020127099280170804,0.007994482584820653,0.0032220277061475867,0.11095367349282624,0.056882030428068366,0.03527900347561503,0.040704984698141954,0.009206095108811053,0.002226213031138207,0.0035405876046265237,0.13976307663424756
spot_0845,0.01633306301720737,0.22028953325930511,0.16218410409905473,0.11989270501197044,0.15110608628496713,0.011766955733419328,0.1180645717094329,0.01819440094216879,0.007252859229888156,0.06783318494719653,0.013548316257822582,0.008427801391927198,0.025937440124151497,0.006290564585095627,0.031174514311315748,0.021703899095076848
spot_0846,0.44048741448378853,0.2156256884445353,0.103991242311435,0.007297482652528967,0.06262239789798844,0.001133075141757716,0.0022142880298978117,0.0011031628300610787,0.08338351165927403,0.03677756027411032,0.0032906870715992153,0.013752506639275698,0.004248157667571115,0.0010775096066666001,0.0022485308574827652,0.020746784432027376
spot_0847,0.13046191780825536,0.12734838818153066,0.08655224557759822,0.17826264102698985,0.21129295669661854,0.0023291280955260486,0.012306242325153389,0.0017942149301891925,0.06256943438002893,0.08969064527775152,0.03275298453559875,0.010391605868418002,0.009847792128926114,0.002189485499091687,0.004630778242649064,0.037579539425674664
spot_0848,0.20086026526728978,0.07850200325085269,0.3344168677536752,0.21663113016184674,0.08556342941351384,0.0013126785110549306,0.006306940239741571,0.0027411902197968683,0.0022352060190315806,0.002601760945672499,0.033559680962416606,0.00992036426170123,0.016028947125079285,0.0019187075890578654,0.0047108091831775155,0.0026900190960917753
spot_0849,0.059627008547372594,0.05914279815939787,0.2761202585560044,0.18000450041937205,0.005816807250012037,0.0029348664975912086,0.09346576896383219,0.009569206144901686,0.0008169394974473572,0.0008547867861025681,0.20452261594589663,0.0033018068793884566,0.09010398113994211,0.007505104990519383,0.0048490754952808905,0.0013644747269385639
spot_0850,0.1394597882060652,0.04092641180089973,0.08584828241036906,0.1961776164485851,0.04103571223389708,0.02172807256565024,0.15298421106156782,0.07959655530759169,0.002263531504679824,0.03593118876441839,0.03292941605822953,0.07873817306473259,0.013936937091249203,0.032207770934621745,0.0416417533423898,0.004594579205052965
spot_0851,0.3298266699353161,0.18088053656446854,0.13954530765929749,0.05044094894564568,0.016315914403520405,0.00354636700758516,0.14463444224145353,0.0517162882009263,0.001123262649729487,0.0009524441871243063,0.010765945705081234,0.021470971884318738,0.02545572180271853,0.017344721646031982,0.005033025007509011,0.0009474321592734922
spot_0852,0.4652756003472766,0.008172053794496785,0.2853072328208291,0.005864292926246847,0.012510749270223531,0.015228697002710954,0.03921828833039157,0.014952297672784139,0.003438208865016001,0.09942250062638665,0.004450962547152113,0.011474174229013302,0.006751072829993322,0.016411957343385707,0.005414424145208542,0.006107487248884824
spot_0853,0.30266374539134594,0.012556641267209045,0.2878890631517045,0.028062993135676707,0.047562688156811674,0.0028212896903751796,0.012927060881667396,0.0052800647633696185,0.0018597412071293148,0.0018691802027075667,0.13022757495636836,0.004563483574583808,0.04434975147014264,0.0037804686396928086,0.11083512455935256,0.0027511289518628596
spot_0854,0.3099807174035832,0.04641799940022037,0.16990194871369552,0.08849500848879424,0.006985889279731487,0.013102758484595012,0.12397349150843114,0.036080639539485135,0.005505630948809888,0.01609714063032945,0.10793355347904308,0.004922092585141706,0.01561098418781725,0.03366598815395064,0.014020421763321213,0.007305735433050709
spot_0855,0.2646945188552798,0.1757792040871717,0.06284719437910931,0.0038173351627741833,0.12248375789050614,0.0008907865098699607,0.001332200562908033,0.0008651306044803417,0.07698860882082405,0.0392829737866315,0.0028015899966220633,0.14865102995994509,0.0026199963055803326,0.0008321474214805328,0.002400625520913378,0.09371290013590361
spot_0856,0.23331639346462787,0.220213968829466,0.017333115615729967,0.07914774470891073,0.010837822276534468,0.04594882323842312,0.014033221438086179,0.07203790465156167,0.0010246721475396297,0.0013739109829050927,0.07188765153252441,0.0943418373496675,0.005467306991252137,0.033736090146636144,0.0983460333798852,0.0009535032462498591
spot_0857,0.10592584118731045,0.22268405388530085,0.3491452581607604,0.02398519802396509,0.06207670028017259,0.001541403745127478,0.00365193345134849,0.0014849166827343308,0.0022510458315654486,0.003016047355608618,0.010495041426256992,0.011971013758184653,0.1963882170130022,0.0014086885218024,0.002287840421251188,0.00168680025560882
spot_0858,0.12140583620669904,0.016946136795442903,0.15457708899286912,0.09054526165634091,0.010727393627412145,0.004514573852816995,0.03150426259623874,0.11628013681820068,0.06377483427816824,0.1942535089265851,0.04916631340017602,0.017228367498130556,0.09924583426076905,0.011414534003095748,0.009342233082873573,0.009073684004181164
spot_0859,0.6329109977685071,0.10140088717488595,0.011374755953232656,0.077693006321637,0.018389970825788943,0.004111355695327673,0.05950242588761066,0.04978440958545163,0.000548503293780294,0.0005196338522801861,0.010647093428453817,0.006581852883901749,0.008415851872424518,0.005137563942068751,0.012470980537902973,0.0005107109767460974
spot_0860,0.1622828639888818,0.0869695768057584,0.38467609179398654,0.008901640090241058,0.04087249185864137,0.0064503754578025,0.027408577455972243,0.011440022526539483,0.017359480763460437,0.04360456499677435,0.012235067430787271,0.055232279033480075,0.011348761888348465,0.014108443820727496,0.10990130464578596,0.007208457442812537
spot_0861,0.2722632160645757,0.12607246796460983,0.11952381274631255,0.04154394157474236,0.10493117608811536,0.008578159526530953,0.02551491680365158,0.03734596326583937,0.00615739990448788,0.06600924313802131,0.019169718334311397,0.14595725634757184,0.005627842827146188,0.007590348728459582,0.006846960985417215,0.006867575700206859
spot_0862,0.2885891536504131,0.16365347684984144,0.18618547698215693,0.01551893249187773,0.09584564462980472,0.004443313946732905,0.003528334493374303,0.0024615885132837825,0.05351529972934999,0.025123803642246197,0.025473698250538652,0.08868728861879425,0.012179002519074677,0.0026187065982626666,0.004586110886601159,0.02759016819764749
spot_0863,0.32512978561279315,0.09528802158020275,0.11278065532175663,0.26469861717057996,0.03758629255591472,0.0015758648113892817,0.10115838709103936,0.0032731442921603055,0.0013701359113496411,0.0010896531959876366,0.014263564173849422,0.01295539680002605,0.011009538720987288,0.0027349351092803963,0.014043204159284986,0.001042803493398432
spot_0864,0.17066958422259426,0.13921137189956345,0.27438895747600306,0.07964268723770673,0.0035314836608698985,0.0011516174735207146,0.0034797109471204914,0.0012737300186119412,0.14054426930418337,0.10373343575265355,0.020572948844090198,0.015178650373395533,0.03471614494249758,0.00135137579510756,0.0026467626958946522,0.007907269356187005
spot_0865,0.12910085341206884,0.15370200106620643,0.09593840997635104,0.174261004606646,0.20331105124016993,0.0019214164313634474,0.06393936852168644,0.0033320602368925086,0.0014141891766309039,0.0009479936127229674,0.017743234870188845,0.00624839774262659,0.1338301017984277,0.0029086052569296575,0.010271028812762973,0.00113028323832572
spot_0866,0.20436843035928098,0.11496297359927181,0.2165596346635073,0.21892672625106624,0.0035750450788130956,0.01850867364729702,0.012391013851743389,0.02299703916716595,0.001578681756705169,0.002110620994707531,0.07998745590372051,0.00422197020567494,0.07175571229625183,0.018969805088589354,0.005772720266703591,0.0033134968695013047
spot_0867,0.22479269677264158,0.1875171645258002,0.2514189942264804,0.02997467824342564,0.04066854422035492,0.0021519266583665247,0.018449857799573664,0.006470203686408747,0.12938411248185536,0.008963630327761445,0.005608536766481831,0.029549668163069292,0.025675750113579886,0.0036627971730479824,0.0034794528580633596,0.032231985983089205
spot_0868,0.1222876041525136,0.21322855069447233,0.18585990532257032,0.2159650107091414,0.12587380002613957,0.0038211145484985565,0.030728443474530173,0.012621835208352025,0.0011421307661780517,0.0009110109726738721,0.04210187161733023,0.005215210983484898,0.011866914501473364,0.016563721770701968,0.01035389265904824,0.0014589825928913967
spot_0869,0.2636960858216501,0.19721012423833215,0.07672628689680398,0.17150101507920937,0.07554280599640714,0.019170371944406666,0.02443555533588298,0.060790795728140175,0.0011481613113634907,0.0011086197467198061,0.020269977020426634,0.01758319962799123,0.012066347151432406,0.04681143001799212,0.01081294969533726,0.0011262743879044735
spot_0870,0.0934223465263013,0.8295826455271723,0.04009076906703146,0.006465904624625033,0.004082009761787401,0.0018234688907711157,0.004085126555315448,0.0027317340700739163,0.0005713192533878802,0.000509379010220588,0.0031154029280768287,0.004457723378058537,0.004363803413474457,0.002050629863838373,0.0021278667421397827,0.0005198703877255448
spot_0871,0.2623327842106823,0.057979711778472824,0.07559418798692115,0.2532836116462543,0.006817453243926464,0.0015846969733107205,0.007097274291679794,0.002701658000175125,0.0013083655075658445,0.0011358690790272997,0.23347180981066384,0.012652137172176973,0.07457007204634683,0.001932567188755994,0.005810408022157909,0.001727393041882618
spot_0872,0.36405234814692944,0.06176006729170118,0.2156760117129826,0.008639010638563574,0.013316138611838817,0.045273452693936345,0.04549582547909124,0.009707184720896838,0.1369555303320322,0.01762313797281173,0.0055487475034984276,0.0071059861348442286,0.008375870077959334,0.019084147333927524,0.030646556244332334,0.010739985104654187
spot_0873,0.17649531588991163,0.08757366308354818,0.08517269047536474,0.15644561490712586,0.016868218525597552,0.0033989908444019743,0.014902189849501622,0.00604145228047652,0.001702969004297517,0.0028914115002144176,0.2298538721717506,0.11797196488975363,0.03915999374325128,0.007163908199667096,0.05109462006568561,0.0032631245694517493
spot_0874,0.0063796364335753876,0.3622776216264216,0.3510077041356584,0.02002994996854947,0.19605248190086702,0.0018368949209789757,0.0027947655353686832,0.0018638601998740394,0.0019300099091344512,0.0032991256476377568,0.0065142066369401124,0.004421791027559173,0.03587253941337248,0.001695516022955556,0.001753876025233135,0.0022700205958738028
spot_0875,0.1856319032384436,0.31897345372598274,0.00792056443020266,0.08353481412755943,0.0054829175616919025,0.0013811043824925292,0.0037677449248300406,0.002150070072291681,0.0058691391500019525,0.047807004312558625,0.20868939134622252,0.08751674930040447,0.01977817685191067,0.0017093814276852766,0.010586036778571594,0.009201548369150282
spot_0876,0.21745764637281992,0.05811189958659897,0.266592262896968,0.2606955922582635,0.010069332968613292,0.0013364053084975404,0.01350714198171877,0.002760506628382541,0.0005542393264077889,0.00046977196089834414,0.10456390025845443,0.028094808827590273,0.01587623668994428,0.002330661475829486,0.016980611666183483,0.0005989817928293609
spot_0877,0.2549216693208243,0.07474945684734063,0.2084216836428914,0.15053295640041858,0.006233258016699922,0.0020936313511230723,0.023061542182287155,0.0044249740437552,0.07639365318392066,0.008847872266665568,0.0712261692347423,0.005008625772840454,0.04402369165098904,0.0022866071388309914,0.019339248726535852,0.04843496022013488
spot_0878,0.2651972593522787,0.03318227250170698,0.18844926946198923,0.056665816980563805,0.04177659943312095,0.0013714241677299133,0.003986481110552065,0.0020977043205079224,0.03783864765894005,0.009782660825975455,0.08735948209418115,0.11674877296780203,0.13291440062872248,0.001759398070537281,0.002904628791026296,0.017965181634365706
spot_0879,0.4504206642220796,0.23711195633255513,0.061508199287867674,0.06974703269513427,0.012177217875744098,0.026469656763244157,0.020569763521514184,0.012307339691989256,0.0006741875004769335,0.0006760159905801736,0.01547148218470659,0.03617439496895133,0.013008362171603968,0.037875953559233254,0.0051275978656637865,0.0006801753686555833
spot_0880,0.037564466722554486,0.1317211685710906,0.21950075131986282,0.02209138589798824,0.18492612567709693,0.0008161553541447862,0.001499157869094837,0.0007873764614966442,0.01717363890674383,0.07318887205154112,0.12218645923284589,0.11051929096927689,0.01752443674316009,0.0007327253355939565,0.00175165621357077,0.0580163326739381
spot_0881,0.0006691082880724013,0.02194827010636181,0.34808803469651306,0.12542055564600046,0.0006506673630129952,0.0023432802756297895,0.22708816931608727,0.005193867970362541,0.07724811609662015,0.05085598908384206,0.02554430956799542,0.0007254651647863451,0.07102472044021169,0.003024851742145544,0.011585613109053509,0.028588981133304995
spot_0882,0.14480717002492874,0.2256997330217555,0.3245633778250799,0.05459594348942785,0.011456445836758995,0.0006962601917162765,0.0018170771959621205,0.0008635664756843813,0.07978265560271691,0.02140189218141571,0.012418984803928673,0.08789700658564892,0.019510802653047016,0.0007916476431464336,0.001095092127468455,0.012602344341314154
spot_0883,0.3939892600612292,0.10155686665427648,0.09592529553574446,0.1786599833022807,0.0378228479555864,0.006681822395714045,0.011766566109463278,0.05141599718877055,0.0020141389510068978,0.02380830711109567,0.02182561544637568,0.034791430804425996,0.017702663595678177,0.015993530922647138,0.003636288642786841,0.0024093853229184945
spot_0884,0.3559071258579567,0.13377443323392782,0.04591079412655198,0.37004849259428596,0.014598574546465987,0.0018721388180603182,0.006397304245030276,0.0023560972887362443,0.0016784906964755551,0.0009310740311631205,0.035523481035805056,0.01305187411183296,0.00961472160233524,0.0018658113325524543,0.004915893691017597,0.001553692787802737
spot_0885,0.14523149051955475,0.45040859951779066,0.14320294341748266,0.1385211739764563,0.025188140394689366,0.001625118925455569,0.005025579436983665,0.0018510395840499387,0.0010668023621112689,0.0011503875727112613,0.007395574369813177,0.060317583487026864,0.013216173343215705,0.0017416989755266912,0.0029403348720571662,0.001117359245075004
spot_0886,0.45810669179170393,0.09798041269827966,0.3743810279411148,0.015893484504500056,0.0029104258557512102,0.0008684979886801789,0.0017148496281646289,0.0011235322153528562,0.0007269889957685111,0.00076757956937894,0.01801467264275279,0.0045606195216521764,0.019950734857566137,0.000927836246504188,0.0013319592740196511,0.0007406862688103527
spot_0887,0.27982181491683633,0.004301299153686962,0.0025429363113711064,0.13358642673230672,0.15476907863968978,0.0020534341594952523,0.004618326599928658,0.0018488498978497768,0.0014044084573909305,0.0009674543857498899,0.28175033395412075,0.10202042939257136,0.025649173833266304,0.0014815348619886485,0.002125426485237388,0.0010590722185101565
spot_0888,0.2841791264952922,0.13022656608172045,0.12248506344949589,0.10378018910247189,0.012239772138770548,0.0274009453556279,0.013268335693187992,0.0674471725076948,0.08563374925751836,0.007266393946051829,0.02688826113285644,0.07091808801850152,0.018322648693910364,0.014115915197275477,0.007870901560336147,0.007956871369288158
spot_0889,0.10065393531509889,0.39900807823734974,0.09909648012235901,0.10326668764407533,0.007340295413766122,0.0009841592386901552,0.0026759672454307977,0.0011876545803368606,0.01855022444527384,0.007669066740886094,0.06591295675700548,0.001930604488129216,0.05080518755313622,0.0010539834166542555,0.0017795081165175974,0.1380852106852904
spot_0890,0.11408873894262361,0.45214522533978796,0.13635020283336427,0.01184203087942293,0.006097199297065054,0.10556710487619882,0.004393444398598876,0.003539839131827109,0.015009574876861451,0.061236204404874116,0.019460722914196,0.014988614791017613,0.008650285287429251,0.006020732266020765,0.03432443217698801,0.006285647583724166
spot_0891,0.32030763024730535,0.17693619641486946,0.008187860155550068,0.2778455419271356,0.03499592519131135,0.0008930142934528968,0.0016538940313399722,0.0010046644531619758,0.000978549896868571,0.0009893042353508817,0.15811093014761973,0.006182657378338424,0.008273762636187298,0.0009401164554878058,0.0018097018448093396,0.0008902506912112278
spot_0892,0.44712315129536845,0.09778595555674766,0.012042144603939564,0.14014421595674117,0.11556185682852815,0.0027705663354420365,0.008983661392502144,0.010683571147728953,0.0009359847716062614,0.0009357183143360329,0.04663538424793905,0.09216728449577977,0.006146957872695324,0.012824756532199328,0.004301626721933918,0.000957163926512184
spot_0893,0.23157229867959858,0.27729558640195384,0.11042705831939764,0.21626864681313523,0.005598965504716534,0.001399328107050232,0.020526277464907303,0.005170533263891348,0.0008530096514788339,0.0009880793044595606,0.07703930160421087,0.001965169553977641,0.029859159668643935,0.0029774009940348525,0.017167306648298002,0.0008918780202455593
spot_0894,0.18764218532877272,0.03226451894784043,0.3316157868213846,0.18746465564068465,0.0027483103706806428,0.003907674171026869,0.17527592553585014,0.03038124014982906,0.0010350029914873557,0.0010670227879129297,0.012684810956862747,0.002761875208057022,0.008915939281474529,0.014579242419870825,0.006623169170431593,0.001032640217833864
spot_0895,0.46710324146101456,0.23287372405909293,0.04758298028447948,0.0877827741446518,0.00821372606488397,0.01798596128339642,0.029750700580103474,0.030364466922471772,0.0009311197374879474,0.0012101761812807906,0.04249618578731571,0.0035742354044483783,0.0076980685253953355,0.016792640427805667,0.004568467413753129,0.0010715317224186105
spot_0896,0.20027516651666905,0.2934032957456785,0.10399224846658918,0.022842651416223343,0.02113193969195839,0.06342522857282445,0.04851726431604055,0.07593436260651525,0.06504731092533597,0.018314143951903592,0.0076322687716567535,0.023889847422366373,0.017725055885504507,0.026812706081554623,0.003748210448605215,0.0073082991805742134
spot_0897,0.34336142017156024,0.17912068635496947,0.22438632763608124,0.03153719043932881,0.06773950874609067,0.0022514517339229582,0.030619454299175078,0.008034451143249457,0.0009736717160412604,0.0007413178009925691,0.04120538856585971,0.04377193176790848,0.0060416797512987805,0.005338084026741413,0.01389244277089503,0.0009849930758848513
spot_0898,0.6132514295436543,0.27603391846064346,0.03162643669728944,0.012160031607486282,0.0175695126170315,0.0016181625753270432,0.0022553175468061123,0.001615169065008867,0.0014779845583662821,0.0020131383824825368,0.017930361106245032,0.006944648209442048,0.01021588941181476,0.0016183771272611103,0.002305870812212858,0.0013637522789283834
spot_0899,0.1788760584845413,0.16681258040743752,0.14914482967323658,0.08036701422748717,0.0826358038170532,0.0017377340174707981,0.010723901937276532,0.005576888342409905,0.17675022569075816,0.025047455610843365,0.03728945418193902,0.008057329435975279,0.019260566806691262,0.0022003257029707614,0.04870751303871189,0.006812318625197257
spot_0900,0.2990808205679482,0.222275910300081,0.23192706873619526,0.046376513435782744,0.020399501263848645,0.006114543525791625,0.04924597417430389,0.029142383484608386,0.0011893179819211053,0.001325174636632168,0.030661008267657774,0.03523479252325797,0.011722033772864163,0.009239715050991422,0.004921684239213512,0.0011435580389021114
spot_0901,0.0070148252557815805,0.02283335722028766,0.6058483311392673,0.006449615433252924,0.001088839003692765,0.17353214743400638,0.08642055161475559,0.02954273453491342,0.004241674429392287,0.010399299471766897,0.004373420293159814,0.0010945996005698488,0.01431900260301131,0.022308647972766143,0.006187959836748285,0.0043449941566278
spot_0902,0.448465650269869,0.0585557661116824,0.0711465282901977,0.10376549455987016,0.0805671569778882,0.00510062661490794,0.020787287139523065,0.005879696688159179,0.007226340532271589,0.03429798582212188,0.08864739028195624,0.016982384110799317,0.012073191115780906,0.007490347512245707,0.002729847755181639,0.03628430621754505
spot_0903,0.45902228702229775,0.1608166483873177,0.11066446483049133,0.06943789040133341,0.039002502996550385,0.015993614264897107,0.02283284921027566,0.027281332359797125,0.0018620044091009348,0.0017835968427542537,0.01721133237297477,0.031488797761842005,0.02152527059096983,0.010645706775324813,0.009145614989075701,0.0012860867849972173
spot_0904,0.035700733788205846,0.2298085948139611,0.10500006093298923,0.15509154746397258,0.0032056708508670694,0.007335779214524402,0.08004501838948076,0.15190539365227068,0.01811344596945447,0.020754653760034058,0.008799170209544377,0.0015644199183001894,0.01071504111641256,0.06918459903076243,0.048028092802922036,0.054747778086298236
spot_0905,0.10329541942589654,0.10584611311368661,0.1418967262087073,0.09667182165659802,0.01243724211200064,0.02422742677191509,0.18542621370950163,0.05772814999049226,0.06948502054227354,0.004929268934341406,0.0720050358754156,0.00997267507418708,0.0591702089099414,0.01775641696451004,0.034557257125220446,0.004595003585312386
spot_0906,0.13518651451382674,0.27432707607510143,0.22165064894973874,0.019865011229750155,0.004069098593510752,0.007297539542002955,0.21063606274632057,0.07488096290453135,0.001268961057037464,0.0010674129196690328,0.006358112685406481,0.008583381172942267,0.013697237649809072,0.01577087532925397,0.004330603330714356,0.001010501300384715
spot_0907,0.3998592056371167,0.19045673003008873,0.10629717762773225,0.04581139293698321,0.0227850247672939,0.0009991023693938495,0.001971736282944385,0.0011335778637500654,0.006374418667396101,0.08350884966253992,0.011623436528624758,0.07110307050521633,0.040503235652730264,0.0009545337393554686,0.0011234419865742927,0.015495065742259789
spot_0908,0.27447129733814174,0.09046204479223145,0.12925984279803396,0.1321321681460036,0.044736667676535946,0.002182273268982083,0.018605834582572613,0.002890571516501743,0.13870382051360516,0.009703079530087502,0.008789394830330475,0.08355705733597124,0.05381089532765035,0.0028955440065488182,0.0020966008062366097,0.005702907530566684
spot_0909,0.20411598710981174,0.18900733562487526,0.07596415068484691,0.07679106737135415,0.0047502607155332135,0.003373507327974975,0.007626823443010646,0.002751227835130724,0.003758284244932384,0.06851633157925965,0.15085735386543694,0.0083325560663328,0.15427381435657628,0.003038191622331223,0.041092538904117695,0.005750569248475425
spot_0910,0.2179085569170255,0.1102458636283741,0.060700854569264016,0.03393172278255452,0.013994724779576313,0.002387671442356971,0.0681120123982213,0.004842224564814973,0.02554444894725286,0.08285871653285717,0.008600918387209798,0.19152156859834893,0.08048412007751103,0.004051847278843713,0.006050469180826163,0.08876427991496266
spot_0911,0.28451093276147366,0.1715470565860601,0.1490175766939755,0.1352204081666629,0.010033486418827248,0.001221957039504871,0.010196446785114313,0.002387136003062304,0.04373955577577266,0.04652684017335708,0.06588683617096769,0.01790517720063467,0.007207907951282096,0.002528374339273693,0.011725119484145018,0.040345188449886216
spot_0912,0.3481075026616089,0.006704726367576048,0.07479568558929761,0.005037283360051882,0.12891825766063278,0.0010036156849065857,0.002411500411061032,0.0012798781946665682,0.028391560766499267,0.1536128593309874,0.005225284516911773,0.02017817562449456,0.111954117584447,0.0011370128688770373,0.0021760778186882108,0.10906646155929338
spot_0913,0.30823060289741394,0.07094358257659794,0.0471540077124626,0.10509060940204845,0.023938421753567626,0.007201215893324296,0.038175084005196605,0.07664195841553453,0.12542807660119928,0.004581821643694422,0.02101576914898422,0.03553134857290912,0.0064315323036741425,0.00987089439088371,0.1114721736330098,0.008292901049499302
spot_0914,0.16592271141855433,0.09665786434635715,0.2608983002199933,0.1415390403001823,0.01438983964838175,0.0024989174173330126,0.0071537123236623075,0.004012954332536435,0.0026503157150759436,0.0024390299471501917,0.04991789584832816,0.07588351537508693,0.16235631702739015,0.0033846214554455528,0.0071924684122882995,0.0031024962122341965
spot_0915,0.16445926959267568,0.11610114164527074,0.3309132052169132,0.028768163763947856,0.0696370290219983,0.012176374962613262,0.05242684110015682,0.007858356428489754,0.007505849145961855,0.0521128935323139,0.07680150455651753,0.0020152671342174183,0.02379776034084394,0.030845639780519414,0.018732584479201272,0.005848119298359058
spot_0916,0.1218377080931382,0.21142288434745302,0.03754400968482093,0.04700372705985391,0.04437274116754379,0.03846809834933341,0.02127434255366406,0.17054716152778387,0.11954308507860546,0.012253156293759835,0.08601725908034333,0.029511983517896582,0.00937456397921917,0.02028318720272371,0.009542195343446892,0.02100389672041386
spot_0917,0.5701493257216081,0.036145788925135945,0.04079085355161141,0.20537411965714833,0.02337039209855769,0.0023245944670323235,0.021782260735356156,0.005547613810747458,0.0011332356860222507,0.0008377869267598673,0.02523244087851452,0.010619626238966218,0.04537585262939766,0.003470867715306272,0.005672698940704299,0.002172542017131428
spot_0918,0.23833649479114258,0.2218145191443628,0.39048120582455587,0.09255505868586549,0.0032285720551438373,0.0020381192806776314,0.004472949130791092,0.002467215184902488,0.000682484247179456,0.0008156980421771235,0.022506831759624008,0.003021146570934046,0.011948557282761061,0.0016109404344696798,0.003434309446270374,0.0005858981191424863
spot_0919,0.18295518519552173,0.011517695994950164,0.3092208475744761,0.05061615166333017,0.0516132618814969,0.00851248939963397,0.06391436518165407,0.06973651468415609,0.03465807284049674,0.03897449116176008,0.06615792297209823,0.03833520447913759,0.0354962065145703,0.01580645640533281,0.015900683440548704,0.006584450610836336
spot_0920,0.35800693054856836,0.13109368892331816,0.14728366737846657,0.05375850499137805,0.041202731773704405,0.005335569956167605,0.06655121245060684,0.07108291928178308,0.009968841557547441,0.005448255163170516,0.016405615181510607,0.0028979247637423984,0.009963840651057808,0.01330667666914381,0.010016894414433025,0.05767672629540137
spot_0921,0.1271571453856423,0.1398219758289762,0.34207927785274767,0.03242747242715429,0.04649490995555442,0.004939795182319514,0.009491203135406735,0.007700813230173556,0.06286322557460715,0.012347528391716744,0.04610552755607395,0.008310940751837175,0.04642591677988158,0.004281523817931756,0.054840587152702035,0.05471215697727494
spot_0922,0.43123711463144143,0.01758694301350265,0.11169922363459953,0.014956576395651781,0.004903391845281237,0.02524956858715325,0.11117369141432448,0.04427759768939207,0.0011306635387315874,0.0018639836886463622,0.05102437215931332,0.010147932936420535,0.04290154025976539,0.12120474671453331,0.009656663836156217,0.0009859896550868446
spot_0923,0.21452882755881125,0.023990644885244522,0.17402687140753767,0.0774895539221931,0.012018321583272871,0.04215929099651993,0.13468884414411825,0.09017013140451395,0.009148050668399636,0.03738553171924967,0.01781499257403743,0.01408063236009926,0.06563791246218821,0.04983297868213314,0.03415712924312989,0.0028702863885511896
spot_0924,0.12012932152449601,0.2671683280289845,0.028839279465152936,0.2454657134955399,0.04951813280281998,0.027686256205846096,0.07736141317315061,0.09735423043811398,0.0009178069801075304,0.0008812400512712714,0.01235631728830851,0.0021826235613625275,0.04344472678988182,0.014110983880181194,0.011379173394108972,0.0012044529206741946
spot_0925,0.1383487579865176,0.0033685979970027083,0.003650001631798527,0.2832144402222625,0.020833001506978022,0.0027529019142171073,0.2518467362253092,0.032947641092427316,0.07931901903140605,0.06040679545969463,0.04466980790685934,0.01606740591016766,0.01140517818582787,0.004683163980664865,0.02468753601929924,0.021799014929567366
spot_0926,0.08672056733121601,0.06686031856626473,0.25756155766275296,0.07004175462756931,0.09876473895047952,0.005122213714448248,0.13709545520054614,0.06062983500164383,0.0019029794126867506,0.0023189881148145595,0.0807371891695705,0.026140758206317512,0.08217420148745512,0.009139479270553688,0.012633725483074704,0.002156237800606392
spot_0927,0.09213544695054077,0.31894710538615884,0.254640140892643,0.010426214390485114,0.11471233487023559,0.023175459054972203,0.054695726568576866,0.015597124289208349,0.005198404060046849,0.054062723006319126,0.003655059400456466,0.021187264824234834,0.008944859959742583,0.01004272225868737,0.0036307313561898973,0.008948682731502186
spot_0928,0.26497462767281443,0.03220966092866598,0.1524688578906766,0.09866289084538134,0.02226152684471965,0.0074111407885952205,0.057913219812865804,0.03421758443511453,0.0015737032618789205,0.0013850241002130277,0.16855339129239555,0.06879171600528844,0.017619198095513027,0.01928562483158718,0.051298349867360815,0.001373483326929476
spot_0929,0.24665113119934656,0.28018942832719107,0.2781997395816283,0.005068434737769433,0.00659829396436133,0.000751226944500724,0.0017149500845157085,0.0009482263673586782,0.006531697372082471,0.1511543125241321,0.0024716775659143035,0.0040849675588147645,0.007939950831991276,0.0007743337968372135,0.0009306095098628616,0.005991019633693221
spot_0930,0.5818425262279384,0.14337036268384343,0.004169292174871645,0.0025229027316181134,0.0580900440213954,0.000695197214316026,0.0010547753574183165,0.0007466966086783188,0.004076277100366631,0.13627661080623518,0.0013583633835737015,0.05801485389772411,0.002421217565461717,0.0007056676753309741,0.000777866445338783,0.0038773461058891744
spot_0931,0.3049085170055014,0.19280885915054294,0.18901034693670943,0.08712568634699722,0.05402373831271252,0.004062278646144519,0.04980102926261199,0.027897872695075585,0.0062603424978973955,0.007212721312325026,0.0205379842474009,0.01847661602000512,0.011414956524261315,0.013273088441518921,0.007608063343608008,0.005577899256687702
spot_0932,0.2387753832320127,0.14853605536102016,0.07338513825073271,0.1298632782837583,0.08249829240415237,0.0034835903226877133,0.07514585858438967,0.007448788720165883,0.0674066457380391,0.0038628227632857503,0.009931278078282601,0.061757715756706286,0.06273703602940726,0.004945270285691319,0.004094652926187169,0.026128193263481026
spot_0933,0.41946719721617276,0.040184073228859314,0.09307130809906013,0.12406265865692413,0.07560339184582178,0.001402864721065578,0.003655187287628129,0.0014895927614594065,0.09180913831971164,0.00878163852710704,0.041752249958378,0.03780063980599174,0.012380205302566404,0.0012260962735769528,0.0017697719742789668,0.04554398602139804
spot_0934,0.21177109678939915,0.022384717675988455,0.07235223890968294,0.11444013891093618,0.025137514237691127,0.0058716914915676426,0.1170683257587074,0.030617382502873304,0.0019772386003787897,0.0018522617671731828,0.0563392791122789,0.23044728467646006,0.009630793116426993,0.02049812532476888,0.07783056841800821,0.0017813427076587539
spot_0935,0.5140131850170022,0.008456631551566514,0.004901746033782551,0.058864183683475305,0.051662465211140055,0.011627873512075036,0.07555605977334102,0.04966395201785921,0.008103765926509507,0.008550681432647816,0.08483877787631157,0.018614522250598516,0.024216105292696456,0.025042556135161386,0.01829381308238036,0.03759368120345248
spot_0936,0.4679146174990726,0.12029012321203192,0.08228635099287256,0.10004787578594738,0.005736081992663358,0.0010496852073044217,0.003453686084799891,0.001428610496365972,0.00269029031039792,0.0015704602352504518,0.006174807887512274,0.002967099991472823,0.19906170070253565,0.0013312076577517405,0.001911907566038386,0.0020854943779826714
spot_0937,0.32683129381243775,0.34857828726256895,0.08064753424878922,0.06552574863672099,0.0040361271846340325,0.0011515405916083417,0.009772087974904626,0.001505918170414826,0.00660987181832343,0.07937537053209696,0.028170353661571085,0.021141667903232284,0.013941076200692565,0.0016283074030934625,0.0023814245444428095,0.008703390054468654
spot_0938,0.4227993345989412,0.0952697720304539,0.08059124227679881,0.08137946324552545,0.08311068603458309,0.0020430628674831443,0.015996135652637595,0.0026281869015661718,0.0037216062540829827,0.006815186206993829,0.11519120918463764,0.028729838464803422,0.051052192058646514,0.002472443962948003,0.006433589329666539,0.001766050930231692
spot_0939,0.42102110237954715,0.040013800111481,0.061885946164712935,0.014222630875965755,0.2190165709578125,0.01843557851621353,0.02218401931158496,0.02542946072380422,0.0026373331227174225,0.0012828515004462185,0.08061655256655499,0.03460416634467333,0.010270902358371758,0.015596944239287503,0.030782385259404396,0.0019997555674223164
spot_0940,0.4686422741180782,0.10548625878893783,0.1331205112412135,0.15360611289556664,0.015512447182700275,0.0025190915526354172,0.01533324055645015,0.0035424476108291765,0.0008663204883600573,0.000946177507131821,0.04098190615931228,0.006251051471111635,0.03854721041874617,0.0030730789023258754,0.010720504138144146,0.0008513669684568382
spot_0941,0.0007382666876487523,0.0994193625081256,0.42506735075867574,0.20176528836226149,0.0009026363482463269,0.006859082591212909,0.03934296874282232,0.10221222165136762,0.007074928903793128,0.027745198128466052,0.017469371400814285,0.0006372624657444982,0.01957704218759505,0.026985014724692186,0.017258949911959205,0.006945054626574808
spot_0942,0.1939536389515417,0.10964608123823681,0.03217084481943545,0.11688887708410577,0.011292886027084538,0.018130474466060493,0.11811787893547387,0.04837561344643241,0.04972898316174141,0.055595991582298075,0.04194897175506162,0.005649821925978883,0.015907586891936113,0.054010310163819644,0.05022644577073703,0.07835559378005619
spot_0943,0.025159678601788946,0.13619076240531292,0.0717518497537957,0.3714940094143139,0.014671899767958492,0.0048231525384528785,0.1245485704342813,0.023953670778226407,0.0005022566156657065,0.000528779442342455,0.1514230130789041,0.0023322572260043475,0.03293173161059284,0.012686510023039652,0.02651983974888185,0.00048201856043852964
spot_0944,0.27330204178743667,0.1151798731333437,0.1752794402571946,0.1823681567281794,0.17251810213114613,0.0010476485184151923,0.0015150134339028335,0.000992136423898275,0.0008026755114483263,0.0011912431861304334,0.055361575700956504,0.009775593575059683,0.007701540825455219,0.0009569309225559164,0.0011254552843315362,0.000882572580545563
spot_0945,0.35607310902195316,0.04531048454490714,0.14719569281017988,0.006809129609849796,0.2257077113608751,0.010520272937004523,0.019078248416725615,0.1166049259332035,0.0014152026515013012,0.0015513872360755421,0.004266405111259281,0.03327515529229532,0.004866674186462962,0.018807437585242844,0.007338264922798898,0.0011798983796651248
spot_0946,0.3005940241906376,0.1688120420669264,0.39902691479893637,0.06132181759026705,0.02083929295775112,0.0012227680534488104,0.002713935275145235,0.0011522382062545769,0.0013948529839992552,0.0016276282455730485,0.009003779670252897,0.002680358152390206,0.025716024966930217,0.0010297748765122092,0.0013771255700673556,0.001487422394907679
spot_0947,0.15811656293629603,0.11262325000237894,0.26836049019805835,0.19312727957652764,0.01697789803316981,0.004513991282170108,0.014651813334677372,0.04706756827635755,0.0008657406935646153,0.0009583688018429147,0.02711762246811139,0.0018842018149275522,0.11739711454308671,0.02660438574736608,0.008922048528785455,0.0008116637626794735
spot_0948,0.028717541643592588,0.1901554087263584,0.10444920978259462,0.2423325539165761,0.04675373068638166,0.002703284469446228,0.13131103761315435,0.13887294642654144,0.00047065652045219926,0.00044858397784720833,0.03018003814134261,0.0025015183525834775,0.04785103143007002,0.009236388595258646,0.02356780109594839,0.0004482686218520622
spot_0949,0.2586206987145772,0.1430403045957009,0.09263315734629289,0.09970262629971363,0.003678884037374932,0.030012835326627334,0.01547550143200505,0.08617411239519564,0.001473185728216596,0.0009668262427328993,0.132059125836409,0.010337770004470002,0.007844662648078581,0.06769808188363154,0.04869020511287298,0.0015920223961008314
spot_0950,0.4396286011236511,0.014820705652138857,0.14954889819226097,0.008209546054025017,0.039296304492205336,0.0629403458784606,0.006997097761884198,0.01636191988623839,0.0011603483404402132,0.0011483544456750564,0.02182081602436431,0.13876625052508973,0.021095257538117102,0.06910760520316922,0.007932305053023125,0.0011656438292567792
spot_0951,0.06869277781364069,0.22583129235424734,0.17281727910391803,0.024448843791117135,0.019694041028107078,0.029392439312909302,0.011184856841942812,0.01979046055328153,0.05660581204546862,0.1447731971698298,0.017779213915664515,0.01566226206801376,0.09689058002721113,0.062133545183579754,0.00443481904661761,0.029868579744450865
spot_0952,0.28588667250038985,0.3576561523818307,0.11149959331397007,0.05328715717070952,0.0030697535743469755,0.0023448380524003533,0.015508383654691005,0.004873399251851305,0.02312201190109102,0.011729606484238231,0.01539523249001252,0.0033123188080533914,0.10144736127726832,0.005002913144333043,0.002445639264139854,0.0034189667306739023
spot_0953,0.019676237239721624,0.28109686127485156,0.029205031893265013,0.02419855194053335,0.15785605834627958,0.01865219383662133,0.11765754684311254,0.07536444444728822,0.07286478288788685,0.06961575871710493,0.01902780773325403,0.01673909573581741,0.011596479809608925,0.026903196710279735,0.013338917949970002,0.0462070346344049
spot_0954,0.32471019215615826,0.0640245333007423,0.3866074212015974,0.13424986083894402,0.005221765182158548,0.00103547170999949,0.01082358898404562,0.0020708669253587863,0.000426105958024133,0.00046624197494388815,0.024023260975392112,0.028125981520634436,0.009523674653536077,0.0014544979202400208,0.006835600528817759,0.00040093616940710603
spot_0955,0.33827256518753224,0.08091889145646199,0.17383094068612417,0.21128179579106796,0.014570905431891022,0.002434022045132356,0.0205680810331855,0.013148672598217111,0.0028351104072709245,0.03789239705932358,0.046257323108179885,0.014280305375728952,0.00868031369324385,0.005789796681521827,0.013913563627248925,0.0153253158178697
spot_0956,0.20661745871117712,0.137958551417176,0.3247331817384487,0.03455049511166964,0.011750527808985438,0.0008082939053958063,0.0015342139096047789,0.0009118045878181539,0.0303833905171817,0.009666968519512029,0.020913745820083176,0.09447743791433963,0.049553768432836647,0.0009032023975513735,0.0011006687837539877,0.07413629042446587
spot_0957,0.03132077385432249,0.09341089994381008,0.30573418883075554,0.11748088303840006,0.004703865420207722,0.0028488286864514385,0.011504938554458648,0.0057338385322506,0.1456085753775444,0.024158016991811422,0.13044881678632272,0.00575934842590893,0.023940593932868723,0.00471857670485841,0.08393849435469013,0.0086893605653387
spot_0958,0.6517131784730965,0.13774801671139117,0.008285227032791175,0.056662122954625235,0.08271012363243721,0.002110169457459674,0.003914586674904371,0.0018781737603730708,0.0010796513362686438,0.001191687601051424,0.017818290188618028,0.02372840796993553,0.00515993471167211,0.0014466153090733783,0.003463394157592555,0.0010904200287098775
spot_0959,0.24469148575891672,0.01367151514382628,0.014705982446702744,0.24437468801902626,0.12595638018034028,0.005795821108984788,0.1348764592304813,0.09880089344059133,0.0005535014439949391,0.00048088321999518167,0.045323279780712857,0.005737438653563188,0.022762491410925605,0.01474530879335828,0.027038280390804022,0.0004855909777762179
spot_0960,0.24758889969126094,0.16925005543413527,0.3518280194518842,0.1427546042105944,0.0048551423242057315,0.0018480042275181886,0.004006720836190747,0.001680794883683407,0.0011546203519605862,0.0011960029766705585,0.029903272397036117,0.01412152594142957,0.024463008072500896,0.0014358104128439665,0.002611770731377059,0.0013017480567083838
spot_0961,0.37773164681739413,0.09341283362808149,0.2299343847871767,0.07155282538843485,0.010749568024236718,0.0011526736785499563,0.147532243345644,0.002622799005518499,0.0008826237194171632,0.0007388491421861672,0.003653193893899864,0.002227378957315759,0.048067809375853705,0.0017062103397387537,0.007213373867021149,0.000821586029531102
spot_0962,0.4415632165536899,0.2131714790085012,0.055905362745833326,0.1042445799495618,0.05985424939667898,0.0012319119247001273,0.003732377118293368,0.0013128466703880167,0.0025285033852586376,0.004307536985336402,0.012728047179683963,0.03146481205125614,0.062385913634323734,0.0012238711919180176,0.0019404154548384287,0.002404876749737994
spot_0963,0.41738899549188146,0.10071342682801085,0.04935509022311882,0.045011586103699514,0.17884980773363746,0.05619662765916504,0.005967105005849325,0.0063320064402538285,0.0011991687525535932,0.0012812185063410262,0.07752492459151307,0.019914056719021602,0.013600143379699238,0.015175247978951952,0.010375512840536127,0.0011150817457670674
spot_0964,0.3863671950472088,0.13986575605288715,0.0452899909503485,0.010119262655936774,0.19593530091532413,0.008878722838115602,0.06078812743752457,0.017473314478162708,0.051003174292627136,0.01146041908095568,0.005526281916381711,0.016941646374368135,0.01998907844484067,0.006791642865457753,0.003062722700732239,0.020507363949128457
spot_0965,0.5107841104964752,0.07064677510125406,0.0766279857862909,0.1602273477591149,0.12441849758902229,0.0007635970157859911,0.00188110036873116,0.0008370814611468163,0.0008173591227485587,0.0009312176042027653,0.012868957530583338,0.008784522204864519,0.027456768000647988,0.0007592546319716037,0.001179557065536421,0.0010158682616234795
spot_0966,0.03971709159646432,0.10035610135220914,0.1538316109009488,0.10827495459638,0.19584236569845076,0.006558390120871713,0.019384684823014676,0.01154107035425479,0.06744116217238677,0.08271725716417304,0.03752932470049822,0.022227390217589484,0.013332824790932063,0.004928512453369193,0.07209343045910341,0.06422382859935365
spot_0967,0.33914421806991385,0.008588177376377877,0.16427826277853574,0.005593769858478252,0.22579513311894112,0.01060816370793431,0.06662500920238097,0.09573172598569217,0.001250515452148987,0.0013336011836287951,0.00614038440060262,0.011920367240687442,0.007920932352746041,0.04043262757034676,0.013373737827690132,0.0012633738738949245
spot_0968,0.1318808269879443,0.28727640319800674,0.09460254173914084,0.06089012229789929,0.07309245182519433,0.00569801042904827,0.011670648095178773,0.020775254505495725,0.067247626544163,0.018261639197341795,0.03018933341170808,0.09679720956445864,0.028690395726983592,0.0077701086078857725,0.028606263576800878,0.03655116429274996
spot_0969,0.3655269236013568,0.05560153120069516,0.15373916045100938,0.03271158565447736,0.019539659289936905,0.004421327719704502,0.09482886151963786,0.1529485342554582,0.0007633058701333547,0.0007028102340630759,0.05507104269018242,0.010830107658124376,0.01783357426071994,0.0231730361078455,0.01165525848781438,0.0006532809988407881
spot_0970,0.3631566829383972,0.07171972063534303,0.2396220675669997,0.006685122723395456,0.11842196565679791,0.003625173857727317,0.0051786669032042165,0.0030198086942962474,0.10179279334727412,0.008366765181465511,0.0030832154630965735,0.05951286552634918,0.005369557522566193,0.0033343914905828915,0.001991732602668365,0.005119469889836133
spot_0971,0.2961037635646463,0.19740848406738135,0.22608230778504057,0.03484344786818425,0.006269070762311242,0.03190370731670027,0.04732725997485892,0.03113183031991273,0.0009970661621934794,0.0008857251204167105,0.013512180925489881,0.03452809053596988,0.009599357414027019,0.05930037912830407,0.009019927050449305,0.0010874020041140662
spot_0972,0.16404519266259204,0.26141578736348176,0.011096993642952703,0.2084249536014557,0.06455954491301506,0.0006995899989302939,0.0013580076523492354,0.0007746517757885394,0.0010725794449975231,0.0010551846022949056,0.272555879237421,0.003736880665584884,0.0057930422269221495,0.000698233632168069,0.0017953055999270558,0.0009181729801191503
spot_0973,0.19414898293450636,0.03729854255152654,0.11336805310536738,0.08475669220367917,0.017105563614928827,0.01940961572559874,0.11766235161452408,0.05749095252342601,0.08927404589864632,0.007794675110241197,0.027441777095087883,0.10375311209974998,0.07730566191612921,0.027834189288052088,0.01955517739390617,0.005800606924630062
spot_0974,0.00040301905164045847,0.4265060049845909,0.26632875555507446,0.14801936715898995,0.00047111937145900054,0.001063122832856834,0.03036268694664754,0.0017204961743710794,0.003780949084519718,0.03409073335847667,0.005574825374957637,0.00038652956724574423,0.06829774877902763,0.0016528343938128109,0.0026092471775000896,0.008732560188829485
spot_0975,0.26888549511145093,0.03784820842909051,0.015576595128918532,0.10991122667650495,0.012616479735888243,0.005828107360429315,0.025304516447172853,0.06812251408369227,0.04439042771957401,0.049999324123731675,0.20979181134962638,0.021909787191546858,0.011507141487482166,0.01188828748855547,0.09122182246853612,0.015198255197799704
spot_0976,0.11481495995370954,0.4538572578724147,0.2328779415671821,0.007109777431150932,0.009552475620616108,0.001134959609003707,0.0023367477816220532,0.0012745691018965044,0.018310977714702133,0.07632953666095559,0.0032365473412517875,0.005755913987193115,0.017376992518523954,0.001151288420716397,0.0013387445644460103,0.053541309854615325
spot_0977,0.7165991422067782,0.011732744318924924,0.007815685211186935,0.06860402669774336,0.005319424054332955,0.0030563815284199523,0.014307940402706103,0.004466173541768738,0.001027735122374226,0.001452296563172391,0.04982533826894318,0.007050508888788308,0.01073898936144361,0.004354239404276083,0.09284192219014681,0.0008074522389942051
spot_0978,0.5157424228817877,0.08272495571539489,0.022097115074989394,0.03456888804384103,0.03229085781997713,0.013631712021475142,0.007986863801115783,0.10496115748310086,0.0011249010518923702,0.0012651919612130314,0.012093476893271414,0.12722862684219943,0.013362432979446254,0.02423771594797366,0.005552017140846447,0.001131664341475446
spot_0979,0.24581885134615356,0.09847537873496935,0.04167392074994891,0.029092445581644834,0.010736167681579851,0.006109351701221684,0.05850992741481705,0.02606685595570478,0.09120094757306531,0.016313372370011174,0.062097297926357736,0.12578700023181685,0.009641382061787855,0.03413597931167188,0.10331304580135942,0.04102807555788976
spot_0980,0.3730000029069321,0.3966170858733446,0.04209517329747835,0.052693868142059896,0.008938046741889721,0.01029743198923641,0.010432179437020768,0.02685316552413991,0.00047624251432305776,0.0004901698414031889,0.024442143905277592,0.014428756226675206,0.005713533602822312,0.02129676496598398,0.011766365690141643,0.0004590693412712598
spot_0981,0.25700633870971507,0.09478669159053607,0.22026681413641325,0.12306142903243741,0.040035829778413204,0.007068705904511254,0.010309729882889734,0.005089915059164422,0.013210495052295391,0.05648070016571715,0.08065107101421408,0.004805480309686606,0.0064885988825354015,0.004753342973337878,0.0483006420907137,0.02768421541741939
spot_0982,0.12643798783447144,0.4343431120115539,0.24877155589526856,0.011069021486044798,0.08466780497574782,0.002949520330755133,0.004391762686043926,0.0028930757752009583,0.0016610733194312736,0.0020491861291970295,0.009360638148831838,0.05188594682727307,0.009753103925894447,0.0023498144445828987,0.00582400206931083,0.0015923941403920832
spot_0983,0.46984827265575774,0.29519005402333554,0.10474633123065316,0.05320090397190633,0.00868946396422202,0.0017882231337538878,0.0028592500775156396,0.0016615239654317272,0.0017257650225188847,0.00218130798539809,0.008119265141123301,0.008034735291322804,0.03676498116478023,0.0015838574153739658,0.0017219412436215362,0.0018841237132851555
spot_0984,0.2566657973488168,0.22980136620863642,0.08071241387507545,0.014434145272684768,0.0453012992260447,0.018268584372008127,0.06855750604973324,0.11037718680723933,0.05072785477201518,0.01780780123434012,0.009463827499513636,0.060726265221062725,0.012172182726384748,0.010769449644809729,0.009632215103642712,0.004582104637992344
spot_0985,0.15359930542290742,0.0051482927791813345,0.0036522266498780903,0.1309454452381732,0.10572606265090632,0.0017215201267752759,0.0059037231581404595,0.004907046472570711,0.18263218609708212,0.026057113371692902,0.05957530473528771,0.23457250123221407,0.0675030795364781,0.00288337626134063,0.0031304212635582425,0.012042395003813378
spot_0986,0.13003891695494293,0.23535135660406856,0.04701359669028527,0.10811106108656847,0.06749305812329985,0.013804193316740173,0.10649959249194181,0.08212202873614863,0.06357528382419612,0.01355283934484284,0.006617584070687813,0.05697778361623823,0.009477818903080455,0.05080796465926168,0.005690529864978617,0.0028663917127185663
spot_0987,0.47622228190366056,0.3351670775287945,0.14078187213205287,0.004349477410099048,0.008531148093442879,0.0015399029652846236,0.0018135770335357614,0.0014928049630495135,0.0013180431664598525,0.0014891669857420434,0.0033975566953151483,0.01666064082695887,0.0030814898057897363,0.001272661759222513,0.0014996340809883511,0.0013826646496037215
spot_0988,0.2695788509953867,0.29545148787387876,0.10498328202494281,0.2106778464183109,0.013551958734480672,0.0022240918945941103,0.00608731094040226,0.0023484808591346987,0.0017505956790561826,0.002815032414085727,0.012375098355714938,0.007650803249834976,0.06329476307077661,0.002663615936263917,0.0030988028748220337,0.0014479786783147543
spot_0989,0.2246476371038173,0.2932740362451307,0.008749733563624552,0.343397783620348,0.01519328250773915,0.0031051216942317972,0.037427640584614404,0.005616689800340593,0.0012633850208629025,0.001459896917052089,0.03225056175412375,0.008139613093547177,0.014934508421743969,0.00476108266600018,0.0039405572321328,0.0018384697746906084
spot_0990,0.25494278728043746,0.07525129089023236,0.36966112988794964,0.015255077867192188,0.059494943901895,0.013342503012464318,0.010938337711424287,0.02063480574172833,0.003669749663524033,0.08259936045423506,0.04024623096333684,0.020109546407223067,0.007173390691518424,0.014067792967513391,0.00994150431354656,0.002671548245779019
spot_0991,0.20721305689113997,0.05120006808855679,0.4542674620958885,0.04074917201655191,0.0034328796122164926,0.007457009752585575,0.013544600911041151,0.027877926125392086,0.006379063353677279,0.08728454298822859,0.017667523005432922,0.011566602378802908,0.04080158171651019,0.020247462156974077,0.00452188229412832,0.005789166612873281
spot_0992,0.03392644019713892,0.017818575270007866,0.3510720125772183,0.04464939313077349,0.1351126369719675,0.007986630811136123,0.1694859727177496,0.13051671411794524,0.000984287445886626,0.0010072668489322799,0.01947025080093901,0.040197039194151095,0.009273899830607465,0.018033977123851953,0.0196884740595021,0.0007764289021924064
spot_0993,0.25492579978423296,0.2986581453109257,0.015240207910387675,0.15680368884534998,0.010789317345116792,0.005909920090379184,0.026568557386217214,0.004301193689962665,0.002395846400114292,0.002049297977431342,0.10173281714549086,0.0028892540467297836,0.09863682859608154,0.004375680150516417,0.012291591209142697,0.002431854111920879
spot_0994,0.22711376855172666,0.0639789516950635,0.11595342025079393,0.13507870328736182,0.18778626010928992,0.0015252375053547407,0.014417855252945831,0.00290428798900056,0.0014247126962373576,0.0021514451650536054,0.18751015983721472,0.01418432591717008,0.030154770812100842,0.002116272207924631,0.012532734043664746,0.001167094679097032
spot_0995,0.18640560015539484,0.10950589250409123,0.4162843219030076,0.12220313345917655,0.0029624187907903807,0.004237897147423023,0.04344307876349226,0.031943910446460465,0.0013480277577470271,0.001256308880759887,0.01574303082066513,0.0037679475192450803,0.02123683463052457,0.02405337422761227,0.01402494076205602,0.001583282231553655
spot_0996,0.38021901202006203,0.06237043964053866,0.19415752760505897,0.0624147936553908,0.013982851384483701,0.0039117556292273155,0.05734516097499257,0.034185215971133935,0.0008761060591644203,0.0007813729655231137,0.11571562792386625,0.011308009260751564,0.007177565296425714,0.009900815833102374,0.044799064685031656,0.0008546810952469222
spot_0997,0.5237193759289609,0.02494273068896871,0.14140453210241707,0.005361714448427649,0.02338749317329564,0.018241459979750154,0.01172797289667654,0.012393822657365633,0.1168326811595754,0.009948513987763998,0.00409506816575885,0.014891432090869393,0.0049502268708557975,0.005875926359451967,0.052365844148011056,0.02986120534185118
spot_0998,0.27468129413405745,0.1645677152392017,0.39245907527807916,0.004531013756710156,0.01117740184756547,0.0010000002577347676,0.0020441520503479706,0.0014831402013974425,0.004017258297502735,0.06158485041020673,0.0029640592406987446,0.06673857587058332,0.004903737352987468,0.0012358218736690312,0.0010473512290439543,0.005564552960213952
spot_0999,0.2629475162269673,0.20915960249988597,0.2380271197802605,0.18413681384997377,0.029444937252680204,0.001501481045445987,0.00416666962693508,0.002195983539379639,0.0010573188371563744,0.001431067681242171,0.0371880025204386,0.014807200070644459,0.007756444041605918,0.0016324220673550288,0.0031361361872049498,0.0014112847728240275
spot_1000,0.2142000225692175,0.13815032053944848,0.11877356353486099,0.07938826175616762,0.013142912868653872,0.028545512807841733,0.1361884347993187,0.008323454233880928,0.003651501678256685,0.046055784458666045,0.022982564153864786,0.1447161257900776,0.005678615176474402,0.0051637734549057285,0.028887894480956182,0.006151257697408778
spot_1001,0.5309886776888492,0.0643114305364386,0.025153839212788572,0.25006971265364275,0.0068125224437816665,0.0014591099520829419,0.022204670545194694,0.001999795217173728,0.0014178200809301334,0.0014225597884038428,0.009171473434882388,0.011026229404409896,0.06676212882758806,0.001771069293025829,0.003173627095995547,0.002255333824812192
spot_1002,0.416317907376262,0.25361376556545584,0.01804686075187901,0.003872443763697455,0.007027796374946656,0.0017736928448858417,0.0016793552912907214,0.001384457292436596,0.06238461849167125,0.08562904406619408,0.003182922763776021,0.11777910528412128,0.009174039450200674,0.0011261181450929925,0.0009285450121765929,0.016079327525912974
spot_1003,0.4370376376465136,0.013608498048002737,0.1592489462528664,0.013432318737869235,0.03837053516889205,0.0016612609755413097,0.033793076477182105,0.0029287388859297377,0.003957858628854204,0.048534764217313515,0.009014016074175329,0.2023539257855211,0.023872712797772394,0.0024026287983510493,0.007127314998279174,0.002655766506936011
spot_1004,0.6113401256359617,0.2169301294989798,0.11984505727402961,0.0110277590238373,0.00957850487702441,0.0014535055621112869,0.002664523943355095,0.0014919382237008132,0.0017096860420274353,0.0015219241670862828,0.00582939790954129,0.00649177571196986,0.004467247217492935,0.0012582566495544204,0.002053493307712855,0.002336674955614805
spot_1005,0.45598298947865107,0.07265634903219703,0.09167491428751201,0.0791853227800088,0.008455031886969104,0.0029978666249509613,0.00907243898521966,0.003417706090198401,0.0017401671933706773,0.0020136721140343265,0.16393103440437473,0.019617734157374257,0.00538314358959952,0.0027538137160542033,0.07969561849478075,0.0014221971647044994
spot_1006,0.750563415400676,0.001997421065664798,0.0020137379459387703,0.0019422907681997037,0.18619304714902885,0.0018074273935288964,0.0018673024045237586,0.0017807199007549063,0.0023394401322395842,0.0024220615922251366,0.0018938584480778903,0.03756828487039632,0.002022184473365873,0.001768474765438713,0.0016936655262762463,0.0021266681636645567
spot_1007,0.44763103687035066,0.06411926179210282,0.038820738680588524,0.14895866105059677,0.05490050411392169,0.032048795505401795,0.05175654958126406,0.03613759793107803,0.001331048092841974,0.0011245628087140367,0.044149337428917496,0.005325041993066693,0.019953731842039465,0.024481786971894584,0.0282353390740925,0.0010260062631289085
spot_1008,0.25156608220144483,0.11887762854548012,0.142668773413244,0.005092244468158297,0.2887133790402222,0.002078414101307301,0.002336210877193325,0.001701494255778028,0.002521821086356847,0.07259164515846232,0.020960640886533072,0.018555563660441088,0.04880903262777957,0.0018367402497973342,0.019410202950494025,0.0022801264773076426
spot_1009,0.19399969597277067,0.04475922875122458,0.23069611284523658,0.13628340270818137,0.03585801151032542,0.004709917472068953,0.013479160705431478,0.01680351783487298,0.034220343212158534,0.04228817721808013,0.09329509712897334,0.006907183536217166,0.0061388681921062125,0.005986412107059947,0.08459406739146602,0.049980803413826644
spot_1010,0.3166425463215035,0.27264659395274066,0.18927488692689928,0.007058887833652308,0.02945877016895532,0.017664444628222357,0.018410295790949247,0.01694974816221325,0.0011769345373806982,0.001244567879895819,0.007164572405976596,0.03448469065940661,0.008034276951986753,0.06987344417384331,0.008736483659223308,0.001178855947150968
spot_1011,0.20095263051010387,0.0039819230674796695,0.005363322678452735,0.04363963271913726,0.057416579051489,0.007398545575986037,0.0663892820992108,0.08087633935459067,0.12610387012745758,0.016470947233509305,0.03209169198069573,0.22570795011718264,0.00864731607882467,0.011919291038753608,0.02655962079088615,0.08648105757624028
spot_1012,0.30785966872810744,0.16627692382543227,0.004259764906455658,0.23270053139706687,0.11899707044203062,0.0011147066880143439,0.0028580845433164104,0.0013539092701813742,0.0013731825407478136,0.0014641538215120868,0.0554827421288852,0.08519861428660312,0.017091298129356416,0.0011998838966992475,0.0015631660082057995,0.0012062993873853168
spot_1013,0.18092421534221564,0.03001357492555584,0.32160840981341376,0.01889550673138827,0.023497294923419263,0.0042715907040968715,0.06414325718988527,0.04336334253631618,0.026362080598214484,0.06112668186229455,0.005084533727293434,0.1704423408152025,0.011913331450184155,0.004943304596220914,0.0033469264487766565,0.030063608335522237
spot_1014,0.3259000893888692,0.1137880246487769,0.19015966685853627,0.06077352077002302,0.05687877828877203,0.005271862046784079,0.05374714875258541,0.057004911308986654,0.001446026878995474,0.0010464323459502625,0.03378046600494904,0.018444977759171675,0.00803949327635451,0.04945646845509352,0.023099856936575937,0.001162276279575985
spot_1015,0.2999715601060169,0.30368665450771687,0.08894684685128883,0.18399328600459552,0.017950884678064466,0.000639327094793298,0.001537336829138939,0.0007694054902592581,0.0024145369992529093,0.046443870353681964,0.010248149439320122,0.006759404315346113,0.029256108496894244,0.0007128253560192809,0.0016521990508095218,0.005017604426801742
spot_1016,0.2556287020854499,0.21304673702127883,0.11152421474461166,0.19398920179550488,0.00413344209829257,0.001733103109870031,0.005275966090168893,0.0020643264603978978,0.07199297141112634,0.041639012797042414,0.045440924192777524,0.023296895345053144,0.012710201368194228,0.001965351274248923,0.0036842563495368998,0.011874693856445849
spot_1017,0.048012474021413905,0.19845859740497937,0.1470014371631891,0.25108843499554245,0.03109201000976198,0.0058370361213925664,0.09913298180823202,0.034145667523225696,0.0350633031011363,0.03178689360851589,0.01937136969827442,0.010965315147085642,0.010020095445363687,0.01512930988950853,0.04427750541584731,0.01861756864653114
spot_1018,0.3666737046503925,0.016160171069719537,0.022561493574487234,0.23096726956289432,0.09105969622534094,0.004149638562041074,0.04224109445834048,0.022157580984990693,0.02339152915424421,0.0029865084258628516,0.041390691762037884,0.05270500804228225,0.018921921547578636,0.008780099133245145,0.02864666495174337,0.027206927894798876
spot_1019,0.10394674257296253,0.3790400774608563,0.0697472793685568,0.0842731827490495,0.025537994263144646,0.004496848833398364,0.0716489466399542,0.06560534191233504,0.0019130522897224207,0.0015037619968940221,0.03492525358314418,0.01095363220303215,0.13016430319307631,0.008811232471790003,0.006071367058488867,0.0013609834035947014
spot_1020,0.2653211983706229,0.1542611824275139,0.24241071569236383,0.10155125974058006,0.014971061022900604,0.0023942703286258626,0.021022113893760935,0.0024871916555935674,0.01857473787045402,0.020159707291437828,0.01062839403802968,0.029665013945892684,0.06334369597764754,0.0033619671818655075,0.004651461338058645,0.04519602922465241
spot_1021,0.043675119802542656,0.07121897185901314,0.2707089194569859,0.016627944975191617,0.011474470757826503,0.0654179685145776,0.010035861894975994,0.060209132324373464,0.21048954060793376,0.01143354741907536,0.07884377462405986,0.00958024953472981,0.016768682272469145,0.05205868284330944,0.010323646427509754,0.061133486685426
spot_1022,0.3330265728119001,0.12504317275055374,0.3308704197071916,0.004402916101518863,0.04613750375217638,0.000990744112720706,0.0016693165050952108,0.0009286278379348621,0.013257032628834686,0.10940780740822065,0.0028239407442440232,0.01890019481962852,0.0039446160910229285,0.0008907730914029362,0.0010655037438353674,0.006640857893719422
spot_1023,0.06018680325794429,0.0609320752270342,0.2120588767064072,0.07997528953047377,0.029854252185455624,0.013207990803094543,0.12112050473733334,0.11497193235668246,0.04779804293445419,0.013208392346885865,0.12552289701745586,0.0192835265508518,0.022136972021445864,0.012665770327230885,0.06489050730667821,0.002186166690571907
