,q05cell_abundance_w_sf_Adipocyte,q05cell_abundance_w_sf_Atrial Cardiomyocyte,q05cell_abundance_w_sf_Endothelial cell,q05cell_abundance_w_sf_Fibroblast,q05cell_abundance_w_sf_Lymphatic Endothelial cell,q05cell_abundance_w_sf_Lymphoid,q05cell_abundance_w_sf_Mast cell,q05cell_abundance_w_sf_Mesothelial cell,q05cell_abundance_w_sf_Mural cell,q05cell_abundance_w_sf_Myeloid,q05cell_abundance_w_sf_Neural cell,q05cell_abundance_w_sf_Ventricular Cardiomyocyte
0,0.014001851715147496,0.06029192041605711,0.15539152249693872,0.29794850796461103,0.7888802856206893,1.0643751680850984,0.14658631682395934,0.12658736929297448,1.0006257891654968,0.9878374516963959,0.5497402042150498,0.2944737583398819
1,0.0033477563760243357,0.002611780015286058,0.2199213348329067,0.16842580884695052,0.9532559871673584,0.8295435935258866,0.08068336322903633,2.2085777163505553,1.2626820266246797,0.6248713821172714,1.5291794955730438,0.0021224885480478407
2,0.10986518524587155,0.16328584477305413,0.37878471314907075,0.1818297617137432,2.685778868198395,0.26391963511705396,0.3890454337000847,0.614718672633171,0.019183221273124218,0.5490683585405349,0.2401289723813534,0.42655608206987383
3,0.000851991557283327,0.006270685978233814,0.8002552688121796,0.0067172321723774076,0.3033322229981422,0.6104039758443832,0.007102718367241323,1.5967162132263184,0.011349330004304648,0.0758039366453886,0.9980136752128601,1.2424482822418212
4,0.025181063823401927,0.04745305050164461,0.6463088750839233,0.24076129347085953,0.03974924106150866,0.13774294555187225,0.011577089969068765,0.5472004592418671,0.2481153540313244,0.13968105167150496,0.9617496192455292,4.085142135620117
5,0.0016123058449011298,5.0463011939427814e-05,0.882285875082016,0.26758428663015366,2.5166253566741945,0.10304516442120075,0.489561665058136,0.07728338949382305,0.007133523351512849,0.1521363414824009,0.7783478796482086,1.559389447720605e-05
6,0.009894777089357376,0.0002234261213743594,0.06947420798242092,0.058996078372001645,1.728234100341797,1.0983269214630127,0.13641180619597434,0.6221589535474777,0.010615376196801663,1.656906968355179,2.237660765647888,6.767801241949201e-05
7,0.25275961458683016,0.08992742523550987,0.23098444268107415,0.24000706300139427,0.9386575907468796,0.6797677040100097,0.22211115285754204,0.08084270320832729,1.4771296560764313,0.9623473018407822,1.0762832939624787,0.6311102509498596
8,0.0028692402294836937,0.0001634935397305526,2.182330918312073,0.15238876715302468,0.5862605392932891,0.9501852005720138,0.0841960784047842,1.654732495546341,0.7102669954299927,0.7853003233671189,0.34625851809978486,4.9205245704797566e-05
9,0.11582795754075051,0.43311666399240495,2.1420142889022826,1.2751661837100983,0.03995692990720272,0.4132289007306099,1.567653876543045,0.1812642827630043,0.8622153460979461,0.33355125337839125,0.27510939836502074,1.7023421049118042
10,0.09728056378662586,0.040149169787764546,0.8168365746736527,0.24214466735720636,0.7000674694776535,0.49564742743968965,0.29602815210819244,0.1696272999048233,0.13824258074164392,0.4040094867348671,1.3741413056850433,0.21556420475244523
11,0.7317717403173447,0.09382591098546982,0.026629166305065156,3.183265781402588,0.07239776328206063,0.2905588909983635,1.1050087451934814,0.05843351930379868,0.009884939808398486,0.365993070602417,0.1611473709344864,0.3589583858847618
12,0.1138676717877388,0.01326719606295228,0.2686579331755638,0.9359585046768188,1.994865930080414,0.12145330384373665,0.06835372112691403,0.45281315594911575,0.06807787716388702,1.4821532726287843,0.11384482868015766,0.6111057996749878
13,0.07123881131410599,0.02599085820838809,1.4396952748298646,0.1355198323726654,0.19602274373173714,0.4892155960202217,0.31717865318059923,0.24277882650494576,1.1305744886398315,0.17754229828715323,0.751478236913681,0.0009968203550670296
14,0.1665992833673954,0.06554033532738686,1.4015766084194183,0.10881733298301696,0.2117362439632416,0.992997744679451,0.48131043910980226,0.7677860975265502,0.02860604003071785,0.4150069519877434,0.09881988316774368,0.3909547746181488
15,0.0005208691465668381,7.51364390453091e-05,0.17853313758969308,0.01687321374192834,0.3055283099412918,0.5424258142709732,0.031997247226536275,1.3167608022689818,1.1887521386146545,1.2286491811275482,0.0578457199037075,5.500582028616919e-05
16,0.0038925309549085797,0.009417921584099532,1.2136128842830658,0.04502515476197004,1.5569591879844666,0.3514555737376213,0.8597285956144333,1.2284498989582062,0.03713895827531815,0.3048339918255806,0.5076224029064178,0.6897936701774597
17,0.4432404816150665,0.5507566213607789,0.1014199409633875,0.06717102713882923,0.7011474967002869,0.19033255502581597,1.6251156985759736,0.8785370141267776,0.015720940520986916,0.9018011391162872,0.05490341689437628,0.13318306654691697
18,0.10806041434407235,0.041279683634638784,0.039257435128092766,0.031371700949966906,1.8060916900634765,1.1178284645080567,0.2975032597780228,0.2441653184592724,0.013787937723100186,0.29365823417901993,0.5354081898927688,0.8277123987674713
19,0.004873116011731326,5.133185513841454e-05,0.9523053020238876,0.07583351843059064,1.6995657324790954,0.5742182075977326,2.466345250606537,0.7060104250907898,0.1651160717010498,1.7402547776699067,0.035702369175851345,2.032659822361893e-05
20,0.055700987577438354,0.002869540185201913,0.08147029131650925,0.5988478243350983,0.21809003502130508,0.2207824394106865,0.07983601652085781,0.5724002212285996,0.9890809565782547,0.5363483011722565,2.299321210384369,0.03344759363681078
21,0.022503475565463303,0.00028902118792757393,0.12287885919213296,0.7295844495296478,1.3061850666999817,0.10534240417182446,0.37239839881658554,0.022390534076839684,0.5661906242370606,0.2979897066950798,0.0910350602120161,0.0001877221067843493
22,0.0013691731670405717,0.0037876779912039637,0.9043113857507705,0.007908405084162951,0.01749103404581547,1.0961104810237885,0.19742932096123694,0.005812793597579003,2.1185923337936403,0.19389851167798042,0.46890814751386645,0.7343865662813187
23,0.0014211642148438842,7.728950040473138e-05,0.6248018324375153,0.6501038938760757,0.05715347249060869,0.716622743010521,1.8105489909648895,0.5133268862962723,0.4325520768761635,1.5573065638542176,1.628653883934021,3.6836818253505044e-05
24,0.5533292204141617,0.5298042356967926,0.2751843690872192,1.7048959136009216,0.10494818575680256,0.05721920151263476,0.20459846779704094,0.36184931695461275,1.4996956408023834,0.17631997019052506,0.8554855018854142,0.410310198366642
25,0.044643164798617366,0.00016336374246748165,1.355000627040863,1.847844523191452,0.04006533958017826,0.7163359731435776,0.02852060440927744,1.1891916811466217,0.357860603928566,0.3072596713900566,0.9904318541288376,8.268243036582134e-05
26,0.0061319602187722925,0.22596227154135703,0.4252928778529167,0.02155526038259268,0.6940035313367844,0.11015266217291356,0.05369007866829634,0.05660555846989155,0.536346161365509,0.8069042831659317,1.2938040733337401,0.44534219056367874
27,0.04813405796885491,0.001121049316134304,0.33698255717754366,0.37498034834861754,0.06234317813068628,0.5406964778900146,0.7268472909927368,0.18994307443499564,0.016895923484116792,0.3628068342804909,2.6063874125480653,0.0005949815385974944
28,0.0010837557842023672,0.07665149718523026,2.9543362975120546,0.007835658406838775,0.583759731054306,0.6356834352016449,0.008439196133986115,0.004881878127343952,0.09018996767699719,0.038736477866768836,0.14178607761859893,0.5322536945343017
29,0.0019524843723047526,0.013443508464843035,0.2538259580731392,0.016439714934676886,0.3772161900997162,1.3890766859054566,0.8908326476812363,0.4154226124286652,2.019791901111603,0.19322674870491027,0.6541323304176331,0.9202943682670593
30,0.25647384524345396,0.14618463888764383,0.1408362530171871,1.1995392918586731,0.39008847028017046,0.10631286241114139,1.9491183042526246,0.2115035779774189,0.10506777539849281,0.856291902065277,1.7990712344646453,0.6285314857959747
31,0.0031827571452595293,0.00010223319150099999,0.060931581258773806,0.1564093478024006,1.4268651127815246,0.23204578086733818,0.8434872567653656,0.02151727993041277,0.04480624403804541,2.6920703768730165,0.021441160142421724,4.6940083302615675e-05
32,0.007532040239311755,8.196093876904343e-05,1.9836705207824707,0.35213692784309386,0.20351930931210518,1.7566766083240508,0.2900620371103287,0.7216064065694809,0.020738958753645422,0.44100911170244217,1.9539941668510437,3.22579593557748e-05
33,0.33683129847049714,0.4305429384112358,0.018054590746760368,0.1294813372194767,1.2101856887340545,0.049139505811035634,1.0145531594753265,0.18914588391780854,0.006261328211985529,0.13034638836979867,0.03007872458547354,0.6733851879835129
34,0.058658157289028165,0.0032998890615999698,0.2753652766346931,1.221567040681839,0.14628540202975274,0.1785326786339283,0.07079391889274121,0.05961347781121731,1.0163106381893159,1.0911860585212707,0.7030991405248642,0.0034223197144456208
35,0.01949286935850978,0.004618825600482523,1.5068412721157074,0.4137003913521767,0.05827067419886589,0.12865618318319322,1.2055246889591218,0.9679798364639283,0.4241261050105095,0.3802892878651619,0.9013734012842178,0.0014832544606179
36,0.22504284009337425,0.0006498032889794558,0.24594274982810022,0.22697687149047852,1.524296224117279,0.2839770570397377,1.4071794509887696,0.7213527083396911,0.016826801374554633,0.4980156123638153,0.27861025333404543,0.00020788839101442135
37,0.08407880552113056,0.019855121057480572,0.06533402390778065,1.0671288549900055,0.8457579731941223,2.0555780649185182,1.0402053415775299,0.09290342815220357,0.0733848750591278,0.4315057843923569,0.37130938321352003,0.4713023766875267
38,0.13840872570872306,0.011204576259478927,1.1166116774082184,0.1616574175655842,0.462112295627594,0.2569708228111267,0.1696053370833397,2.557992994785309,0.36319831311702727,0.40022685527801516,0.22619646042585373,1.0601962447166442
39,0.002482694655191153,0.049197669886052606,1.7473428189754485,0.07496722601354122,0.30504306554794314,0.5482811093330383,0.12113138996064664,0.6937791913747787,1.4552887737751008,0.15607579723000525,0.04664381761103868,0.05486391205340624
40,0.03501501865684986,0.016290544345974923,0.16016204357147218,0.04378639422357082,0.599341994524002,0.8850705474615097,1.2374930441379548,1.0308048844337463,0.16381843984127045,0.4574944719672203,0.050781917758286,1.1121676027774812
41,0.008256620541214944,0.009086084365844727,0.260786235332489,0.09355363547801972,1.0260660350322723,1.2514220595359802,0.23150830045342446,0.25875102579593656,1.8139523983001709,0.22171096429228782,1.3223980605602264,0.1336818277835846
42,0.04072028957307339,0.00016520472781849093,0.06795984767377376,1.4901056587696075,0.1663808561861515,1.6779583632946014,0.4681025862693787,0.017212011851370335,0.03723731581121683,1.0804715871810913,0.7638950765132904,7.698563640587964e-05
43,0.07788840532302857,0.36381456553936004,1.15368709564209,0.41957051008939744,0.5591188222169876,0.3969311222434044,0.8329751312732696,0.1852428324520588,0.6058999091386795,0.7171542972326279,0.14327761232852937,0.09700645692646503
44,0.14875867143273352,0.2386029839515686,0.5176865696907044,0.41816887855529783,0.05896323528140784,0.13065143749117852,0.5650712847709656,0.17944959476590155,0.07217685244977474,0.42657835632562635,0.7893942147493362,2.3922067284584045
45,0.030580723471939564,0.0032812768477015197,0.10479977764189244,1.2730593919754027,0.43732353299856186,0.11312168166041374,0.05950654782354832,0.7432157129049302,0.894837173819542,0.17405838742852212,1.1364665687084199,0.09303822889924049
46,0.011370280431583524,0.0012679114763159305,0.07230886667966843,0.2964805379509926,0.08531992547214032,1.8317783534526826,0.222867514193058,2.8939963936805726,0.16656832918524742,0.17938512712717056,0.7866822957992554,0.0010251166415400804
47,0.04170399382710457,0.012714328616857529,0.29798373878002166,0.20751454979181289,0.03004581034183502,0.9495620548725128,0.7295987516641617,1.8296356618404388,0.46039850264787674,0.1271095223724842,0.8876252621412277,0.37395927011966706
48,0.014895141217857599,0.019085105508565903,0.05251646302640438,0.12477166056632996,1.4685694932937623,1.0784420609474181,1.066678535938263,0.44453816264867785,0.059687819331884384,1.864925628900528,0.03392482604831457,0.04303888771682978
49,0.0018513386428821832,0.005294814193621278,0.06280450969934463,0.010900915786623956,0.05878031123429537,4.022781610488892,0.5312290161848068,1.780210304260254,0.007804642571136356,0.12227767258882523,0.8103337615728379,0.6045222073793411
50,0.0011501326109282673,0.003043309843633324,0.06796411611139774,0.02705298699438572,0.7541798621416091,0.739476814866066,0.17973623275756836,0.7193283945322037,2.025774896144867,1.2081009447574615,0.1516380228102207,0.006312641757540405
51,0.30854111909866333,0.537907961010933,0.02486981088295579,0.09279526025056839,0.02486349167302251,0.07110741101205349,0.3911855980753899,0.23721423149108886,0.9516248345375061,0.7783736705780029,0.5830276191234589,1.986909383535385
52,0.12895795404911042,0.0603236248716712,1.1219086706638337,1.4314898729324341,0.47597157061100004,2.5935232281684875,0.1409536838531494,0.026161201018840074,0.058679486624896526,0.13056741505861283,0.10591321773827075,1.5442684888839722
53,0.010338780470192432,0.00015714630499132908,0.45051598697900774,0.1896260805428028,1.421683931350708,0.40646798461675643,1.0872731149196624,0.48031348586082456,0.10930856950581073,2.0598587870597838,2.7468957185745237,4.42709979324718e-05
54,0.24614174142479897,0.013859639829024672,0.24454431235790253,0.1449643649160862,0.08391368240118027,0.5321567475795745,0.11381323337554931,1.3841930091381074,0.5854365199804306,0.7162672460079194,1.5865824341773986,1.4871636271476745
55,0.001814431423554197,2.7461850004328882e-05,0.7632226377725602,1.1059993922710418,0.09774461016058922,0.18877413049340247,0.03435000944882631,3.203487956523895,0.06887225471436978,1.0773624181747437,0.6843418627977371,1.6790499375929358e-05
56,0.7956907242536545,0.3309863105416298,0.027720681577920913,1.5070611953735351,0.08517345264554024,0.030093069653958082,0.1932895787060261,0.8177346557378768,0.18844125270843506,0.18716200515627862,0.17617287188768388,1.0759025812149048
57,0.004917036555707455,0.004869188112206757,0.32413476407527925,0.07186133787035942,0.5768798172473908,0.3427263557910919,0.7833202421665192,0.2936149135231972,0.24819056391716005,1.8548268139362336,1.8597326934337617,0.1817699372768402
58,0.25492191314697266,0.200104221701622,0.45796428620815277,0.9726712703704834,1.461514514684677,0.23374824300408364,1.5213457584381103,0.780951663851738,0.10780539475381375,1.287188458442688,0.0986377589404583,2.2096939206123354
59,0.07226623557507991,0.01487822006456554,0.010892344638705254,0.05202555060386658,0.020457699056714775,0.06265722177922725,0.5306187063455582,0.1983803004026413,0.008971047447994351,0.48063216656446456,1.358425098657608,0.19457973018288613
60,0.37254476696252825,0.0048550253733992575,0.48273560851812364,0.20277052670717238,1.665586632490158,0.29710611402988435,1.0786746382713317,0.17062577083706856,0.2205117993056774,1.3450748026371002,0.22701176404953002,0.04568916093558073
61,0.09868981800973416,0.39483811110258105,0.44949817955493926,0.36198760718107226,0.03458569925278425,0.0855598844587803,0.04893801342695952,2.638395309448242,1.2541806042194366,0.43183533400297164,0.05340639464557171,0.8702847629785537
62,0.0015106329461559657,4.897799917671364e-05,2.2500071287155152,0.17145011350512504,0.9833484023809433,0.8186659246683121,0.05465977843850851,0.5425099074840546,0.6423867791891098,0.416139067709446,0.08296081498265266,2.3288483225769598e-05
63,0.0068345882697030905,0.00018547852814663202,0.11429569087922573,0.9437706798315049,1.0763542890548705,0.6445795744657516,0.47798713743686677,0.982267239689827,0.8304606288671493,0.09743853099644184,0.03522525150328874,8.843076902849135e-05
64,0.006379673187620938,0.027757498621940612,0.7331709146499634,0.0757625050842762,0.22535940781235694,0.7026832550764084,0.8951187402009964,1.4634576857089996,0.04375729635357857,1.6517054080963134,0.9960129410028458,0.5106165528297424
65,0.002462967170868069,0.004873724980279804,1.072509628534317,0.009129146160557867,0.8893464118242264,2.103524696826935,1.0415156185626984,0.02736829686909914,0.01575199356302619,0.45887659192085267,0.06853636205196381,0.850854116678238
66,0.018372014816850423,0.08457507863640785,0.20265348106622696,0.07606949731707573,0.9770846724510193,0.6576720297336578,0.2652907565236092,0.09768247790634632,0.12859356477856637,0.5277708619832993,0.8787838280200958,2.513104808330536
67,0.0034035998512990774,0.05200315918773413,1.7023475885391235,0.02676513995975256,0.8877099812030792,0.834166556596756,0.9596933960914612,1.5961529314517975,0.11122277528047561,0.4025095418095589,0.40802210122346877,0.502763757109642
68,0.5516175419092179,0.17293568849563598,0.03002700787037611,1.455846482515335,0.1669340915977955,0.38423127830028536,0.6575157821178437,0.3609455913305283,0.03924783784896135,0.8291736543178558,1.6996913433074952,0.2645270347595215
69,0.021189336571842434,0.037272982858121396,0.5295649200677872,0.39627214074134826,0.25396821945905684,0.29140674918889997,1.7736799478530885,0.18916776776313782,2.1143304347991942,0.9523543328046798,0.3234394371509552,0.005214372323825956
70,0.1551622547209263,0.011012894101440907,0.11117317229509353,0.2727560892701149,0.716898289322853,0.4665408357977867,0.7436042040586471,0.4423322036862373,2.2360279083251955,0.14193805158138276,0.47225866466760635,0.1537740372121334
71,0.003774656995665282,0.014691158663481474,0.09293554425239563,0.018734611943364142,0.30694050788879396,0.7899782210588455,0.8329211235046386,1.3909608721733093,0.04486457332968712,0.3724657356739044,1.0414806365966798,2.206605625152588
72,0.149762012809515,0.023603359516710044,0.40233437418937684,0.5520452350378037,0.6809297114610672,0.40518055111169815,0.3604936942458153,0.17686751037836074,0.800736916065216,0.4402006551623344,1.5317988336086272,0.3567097082734108
73,0.015142731415107847,0.04631531331688166,0.08097143508493901,0.051470353826880456,0.11805944703519344,0.2702150523662567,0.19069016799330712,0.7781981348991394,2.1084767818450927,0.37219182401895523,0.9129814505577087,1.5129882276058197
74,0.5000639259815216,0.04441870991140604,0.22788066491484643,0.7694804340600967,1.8274856150150298,0.03872250635176897,0.15006540715694427,0.13628045246005058,0.4915258213877678,0.5747493892908097,0.06093433946371078,0.10668658651411533
75,0.003361960826441646,0.0037700807210057975,0.4346812218427658,0.055139912851154806,0.545588704943657,0.9313846856355668,0.7137263953685761,2.081491458415985,0.03927272725850344,0.6737384140491486,0.09788915552198887,0.2098694309592247
76,0.005074744741432369,0.007498042308725417,0.16902309581637381,0.8568471431732178,1.01513814330101,0.06890545599162579,0.11740036122500896,0.5397245198488235,1.371012282371521,0.23830681294202805,0.45425187349319457,0.0013021767139434815
77,0.1340964123606682,0.03015118734911084,2.3855401992797853,1.1625979542732239,1.534972083568573,0.4556244179606438,0.6495585948228836,0.7389952331781388,0.26795208603143694,0.6053810149431229,0.2449682429432869,0.4127249702811241
78,0.017605800088495015,0.00031091696873772887,0.42050614058971403,1.3716217517852782,0.58427295088768,0.24034599214792252,3.133471596240997,0.6290725737810134,0.38970569521188736,0.8067936688661576,0.45224940329790114,0.00015561384425382131
79,0.02760372217744589,0.058484579995274545,0.3229288950562477,0.055099996365606786,0.4961635127663612,0.2735841780900955,1.7842288792133332,0.9808053433895111,0.031717841140925886,0.39105673879384995,0.07905460968613624,1.9917437553405761
80,0.0856278020888567,0.017711814772337676,0.34443976134061816,0.534281387925148,0.19618701934814453,0.7134158670902252,0.8328439146280289,0.9246275186538696,0.9354848980903625,3.0207329750061036,1.9657947719097137,0.7779435485601425
81,0.009075728431344032,0.002059757278766483,0.08594059906899928,1.0159392476081848,0.0599123552441597,0.39004200845956805,0.03826507553458214,0.9680811613798141,0.020344253443181515,0.5425417423248291,2.044275438785553,0.1734551504254341
82,0.45230990648269653,0.24325066581368446,0.009427683940157295,1.0672184348106384,0.024269068241119386,0.010102690476924182,0.007318815309554339,1.5105407595634461,0.013938996149227023,0.06779405511915684,0.5216778516769409,1.0802143454551696
83,0.003132963948883116,0.020641261711716652,0.12318607680499553,0.7918557763099671,0.7307855963706971,0.3795505717396736,0.493479323387146,0.021297571063041688,0.11061091162264347,0.5744445145130157,1.381033903360367,0.05044553596526384
84,0.0011410837701987474,0.013917554263025524,0.0221942950040102,1.436006897687912,0.0172682280652225,0.7100182682275772,0.036814865097403525,0.007688287761993706,0.8624203652143478,0.15084742456674577,1.561083686351776,0.054089251160621646
85,0.006672262796200812,0.0008454934199107811,3.416272151470184,0.16315843313932418,0.04294603299349546,0.3560754135251045,0.36051921397447584,0.23079931512475013,0.056487987190485,0.6423648536205292,0.5150467664003372,0.00039717349427519365
86,0.03593773636966944,0.11792021021246911,0.7005472272634506,1.8667902767658233,0.21496672555804253,0.4406376913189888,0.63301422894001,0.05100976452231407,0.016081437561661006,0.3669628813862801,0.07379380837082863,2.342968988418579
87,0.0023655388969928024,0.08112620562314987,0.061407958157360554,0.02124802703037858,0.5662426888942719,1.586825293302536,0.3687042251229286,1.7012866973876952,0.16751566529273987,0.27060526311397554,0.2076570689678192,0.6690305739641189
88,0.2734122708439827,0.10963465459644794,0.41505090743303297,0.07602631710469723,0.08343437165021897,0.13107673302292824,0.4006279155611992,0.44526206254959105,0.016647486109286548,0.18556357845664023,0.07495875172317028,2.8958985447883605
89,0.4218766659498215,0.34790550768375395,0.09845493361353874,0.7201649874448777,0.06342962644994259,0.2599284008145332,0.9397315382957458,0.3880340665578842,0.3166156500577927,0.6103905469179154,1.4921079576015472,1.1527388513088226
90,0.01728730779141188,0.011325460765510798,0.16827635541558267,0.11102528907358647,2.6338536024093626,0.8254966706037521,0.7655446082353592,0.7591769427061081,0.02993315514177084,0.5077725708484649,0.4914284959435463,0.737768891453743
91,0.07444084621965885,0.28768856078386307,0.18844482079148292,0.1377983033657074,0.6652955561876297,0.3884541854262352,0.37431915402412413,0.21774975284934045,0.8252560883760452,0.8803136736154556,0.05238612089306116,0.2413712166249752
92,0.005373998708091676,0.0001317538357398007,0.9849634826183319,0.6998936414718628,2.8346224784851075,0.11847214624285698,0.8075105965137481,0.13313667252659797,0.07414500154554844,0.24649491608142854,0.7683832108974457,6.0361212126736065e-05
93,0.003817130229435861,0.35533533096313474,0.01611429760232568,0.0051337790209800005,0.005007329653017223,0.010715059470385313,0.003129337215796113,3.051734471321106,0.923089274764061,0.025822568498551846,0.010700283106416464,2.1387654066085817
94,0.001451487105805427,0.000665276066865772,0.3119154885411263,0.2606158882379532,0.03518477324396372,0.2048979088664055,0.01992807872593403,0.43992124795913695,0.03260007407516241,1.3798746824264527,2.5626651644706726,0.00028138742927694696
95,0.3475917011499405,0.092775035277009,0.058463292010128495,1.3603164553642273,0.506663516163826,0.1125176727771759,0.13654963970184325,0.03912814967334271,0.05669970251619816,0.4220100581645966,1.9147081196308136,0.11664228327572346
96,0.001124589564278722,0.005585002433508635,0.28372910916805266,0.004784761508926749,1.621278965473175,1.7635593593120575,0.41534693390130994,0.04391316026449203,0.005385029199533165,0.4320461228489876,0.04924107864499092,0.83344084918499
97,0.0386084983125329,0.1883874900639057,0.06133755967020989,2.049877738952637,0.08758651614189147,0.2426905356347561,0.7313333660364151,0.14865199849009514,1.8693636298179626,0.7074400216341019,0.4114026665687561,0.8015512019395828
98,0.025406997743994,0.047975418902933595,0.6222152501344681,1.007908922433853,1.3133265733718873,0.9462396472692489,1.5110700488090516,0.35440960675477984,0.33012325912714,0.23220934569835663,0.48953007310628893,2.343208074569702
99,0.3680895075201988,0.5443846255540847,0.5484701693058014,0.7725415527820587,0.7108987540006637,0.03742122780531645,0.02355522718280554,0.05733124539256096,0.13795490935444832,2.701852536201477,1.0641608953475952,0.7187688648700714
100,0.15082868486642836,0.0829733021557331,1.0027835547924042,0.9564323782920837,0.3467129603028297,0.13026627376675606,0.015129117900505662,1.9619698226451874,0.07230201959609986,0.20412232875823974,0.823055961728096,0.14484178125858307
101,0.005372096016071737,0.00012704849796136842,0.7430224329233169,0.05605311393737793,0.899984422326088,0.32779562324285505,0.90340835750103,0.42787760943174363,0.026212258730083704,1.860166198015213,0.9311376959085464,5.5201740906341e-05
102,0.10478991083800793,0.005221039755269885,0.08069591894745827,0.08442227393388749,0.20348478332161904,1.1742276191711425,0.06100851856172085,1.8997620701789857,0.026760870032012465,2.0615020275115965,0.8670741289854049,0.182565987855196
103,0.012339386390522122,0.00031388466013595464,0.4421124428510666,1.1150418937206268,0.18480547443032264,0.5083160012960434,1.7035731256008149,1.091595035791397,0.7104312270879746,2.707467794418335,0.734527537226677,0.00018748766378848814
104,0.013479282381013036,0.0003548021908500232,0.17223556265234946,1.7494900524616241,0.11263717561960221,0.09801688492298126,0.4485157921910286,0.29738213270902636,2.3147910594940186,0.4536756739020348,0.0388315612450242,0.00011012308059434873
105,0.05842716787010432,0.005367807298898697,1.4529124557971955,1.8207226395606995,0.2735696852207184,1.8160534739494323,1.4942598998546601,1.0193648099899293,0.7679164350032807,0.4114201322197914,0.32579159587621687,0.0009690035716630518
106,0.016158065292984247,0.0007742289657471701,0.031288979668170215,1.672554749250412,0.030996429547667504,1.4710251331329345,0.809876698255539,0.04631855022162199,0.008507889788597822,2.413200306892395,0.02097311317920685,0.0008196786511689426
107,0.04336240850389004,0.007918431563302875,0.3198186054825783,0.10625839158892632,0.3556053712964058,1.2701159715652466,1.1642086684703827,1.7962543070316315,0.1363575741648674,2.5257452964782714,0.11840227022767066,0.8706958144903183
108,0.3274435669183731,0.012459960160776972,0.05795701593160629,0.03222931977361441,0.14305051043629646,0.7768869489431381,0.02355044987052679,0.024560681916773318,0.05412289835512638,0.3570709004998207,3.189299726486206,0.5763098716735839
109,0.7001635938882828,0.3350340649485588,1.0950660586357117,0.2851904883980751,0.2837132543325424,0.07009187340736389,0.8292486518621445,0.17968178391456605,0.23177749142050744,0.34984683692455293,0.3864277884364128,1.223801463842392
110,0.04615963585674763,0.00025150920992018656,0.29628553688526155,1.412061470746994,0.19859113544225693,0.40197219252586364,0.9865689605474472,0.15597840622067452,0.17591018676757814,0.40790796279907227,0.035912876948714256,8.06991523859324e-05
111,0.02971098767593503,0.0014418612408917397,0.5063874512910843,0.45256113111972807,0.44152271896600725,0.27804667949676515,0.7595071375370026,1.5503320455551148,1.7134977519512176,0.8954284816980362,0.45007431209087373,0.0003886205202434212
112,0.06858729049563408,8.511148516845425e-05,0.6691549926996231,0.33355503976345063,0.8681953132152558,2.224712646007538,0.4030535861849785,1.2501980721950532,0.03347314950078726,0.22702164947986603,0.06667107567191125,3.380845864739968e-05
113,0.37317302227020266,0.0006505141995148733,1.2416295468807221,1.0735799670219421,0.03293792977929115,0.3271201580762863,2.6174335360527037,0.20438468605279922,1.925251120328903,0.7679993152618408,0.3485220357775688,0.00022126062758616173
114,0.016427863948047162,0.0372950715944171,0.9269369661808013,0.3797535240650177,0.08905544690787792,0.35950699001550673,0.1857385031878948,0.3295558825135231,0.4535993099212646,0.9251981824636459,0.20357016921043397,0.6728881686925888
115,0.014714871998876333,0.0011873971088789403,1.2262380421161652,1.764434951543808,1.2075853288173675,0.03192739486694336,0.017271580826491117,0.01630063196644187,0.11228913031518459,0.46573355942964556,0.14505744129419326,0.00031212322210194543
116,0.003456358809489757,0.04946149829775095,0.3313645079731941,0.06911062411963939,0.1896369621157646,0.7882918745279313,1.8501267433166504,0.9216102719306946,0.17835650593042374,3.5865579724311827,0.15923028737306594,0.778157913684845
117,0.002391552925109863,8.938507380662486e-05,0.727039235830307,0.8673815697431564,0.5387228548526763,0.044993248768150806,0.015906757954508067,0.153293027728796,2.7111769318580627,1.2940051138401032,0.06800057403743268,2.91779820145166e-05
118,0.004389536380767822,0.011271716421470046,0.06474883258342742,0.020046791061758995,1.477061241865158,0.2119779884815216,0.6224797129631042,0.5348806738853454,0.5728979766368866,0.25456371158361435,0.11595893427729606,0.8990151882171631
119,0.0047492423793300985,0.0010968205111566932,0.6196685314178467,0.04143578577786684,0.6855544924736023,0.9740000486373901,0.8486903727054596,0.07018793113529682,2.377141058444977,0.3501720860600471,0.054285814985632896,0.07972239777445793
120,0.006071101548150182,0.0002809782890835777,0.23139623478055,2.398663353919983,0.8303061872720718,0.5419774413108825,0.15732105895876886,0.4575948119163513,0.07608564868569374,1.126870685815811,0.10280625969171524,0.0001864379650214687
121,0.005836503999307752,0.04995820056647062,0.062448358908295636,0.6138624787330628,0.3894654154777527,0.0874195147305727,1.128433620929718,0.04906808696687222,1.0187427878379822,0.1247601244598627,0.9407749325037003,1.4321759581565856
122,0.031367641687393186,0.00010402838051959407,1.0688448131084443,0.03618061617016793,1.1127163350582123,0.18996658846735953,1.156211680173874,1.0493423283100127,0.01164566408842802,1.0268788993358613,0.26800382435321807,3.259148106735665e-05
123,0.09141027964651585,0.07629760839045048,0.16472651958465576,0.5034263789653778,1.8296062052249908,0.1297971062362194,0.060246217995882034,0.07390042245388032,0.5427730232477188,1.5918042063713074,0.24435550346970558,0.17901797369122505
124,0.0059539241483435035,0.09085316509008408,1.641247457265854,1.4716640710830688,0.6205523252487183,0.5456377148628235,0.8131218940019608,0.058992577344179155,0.9989243388175965,0.5413111984729767,1.009060662984848,0.9852536290884018
125,0.2117663860321045,0.19033121466636657,0.21658615842461587,0.6514635205268859,0.14937886223196983,0.6299338072538376,1.363696575164795,0.7022096246480942,0.3977624520659447,1.9726585745811462,1.0542884528636933,0.29955613017082217
126,0.0007436540821800008,8.383075037272647e-05,1.9562431871891022,0.01386768976226449,0.146310056746006,1.2602326571941376,1.897400176525116,1.0708865761756896,0.053418359346687795,1.654689610004425,0.11864052489399911,3.2511423887626735e-05
127,0.022958844527602197,0.00017637313067098148,0.44610417932271956,0.6414857506752014,1.354525125026703,0.6963653653860092,0.19500099122524261,1.1929351210594177,0.40448976308107376,1.9349189579486847,0.9288893312215805,5.895328522456112e-05
128,0.0015253127145115285,0.00010505173122510314,0.5623414725065231,0.023799645900726318,0.9586113452911377,1.136087679862976,2.18878436088562,0.06148222032934427,0.6818285793066025,0.1361794091761112,0.9238201797008514,5.4212203212955505e-05
129,0.012760541029274463,0.021276987623423338,1.2614962577819824,0.9564686983823776,0.9199068456888199,0.24200779274106027,0.4770903766155243,0.38155328333377836,0.2642479106783867,0.6997209906578064,1.0882419288158416,0.46469995379447937
130,0.0007120822876458988,5.327768703864422e-05,0.7059567868709564,0.017256861552596092,0.041025354899466036,2.1242346286773683,2.727591598033905,0.43514104634523393,0.042553489282727244,2.220872235298157,0.23866301402449608,2.22942322579911e-05
131,0.016496791131794454,0.00033754260075511414,1.7521275758743287,1.0248399734497071,0.17350536808371544,1.0243654191493987,0.4645990774035454,0.4346839502453804,0.13084355667233466,1.5223126709461212,1.0203429341316224,0.00021559877059189602
132,0.12297232672572136,0.012331394292414189,0.08906417414546013,0.21460277140140532,0.6015123128890991,0.2557939007878304,2.7715324640274046,0.9642242938280106,0.1292985886335373,0.6941855162382126,0.08735232166945935,0.8924778431653977
133,0.27880855202674865,0.0028610801324248313,0.10916256345808506,0.13754406943917274,0.21001312956213952,0.6178929835557938,0.01825960911810398,1.2415494084358216,0.4479088544845581,0.09008587412536144,1.0485832691192627,0.20303334817290306
134,0.13461447060108184,0.0027999759069643913,0.30626015216112135,0.059336294233798985,1.0661712884902954,0.055998518317937854,0.6140967726707458,0.5711259365081787,0.05896309465169906,0.1875144638121128,2.3006336808204653,0.3829819694161415
135,0.374904128909111,0.0602007707580924,2.3410966634750365,0.5570536494255066,0.1601828493177891,0.5305721819400787,1.432243251800537,1.1651224672794342,0.037855167500674726,1.953625750541687,0.08642352297902108,0.540978416800499
136,0.042819634452462195,0.211988016217947,3.4240125179290772,0.25667150467634203,0.564541357755661,0.10003353394567967,0.09643160179257393,0.0731799304485321,0.37962531894445417,0.9762053281068802,0.741956713795662,0.0073983343085274106
137,0.017312031984329224,0.3857766672968864,0.5246703594923019,2.5309234976768495,1.002626770734787,0.36319098621606827,0.2561300352215767,0.5458501130342484,0.5670541018247605,0.20667782425880432,0.5217201232910156,0.006804094044491648
138,0.051116745732724664,0.45290911942720413,0.435340541601181,0.12073783800005913,0.014532963186502457,0.15026113465428353,1.197097659111023,0.08221046812832355,1.5484264373779297,2.3227320551872253,0.06750271320343018,0.3113420784473419
139,0.10390864089131355,0.4112888813018799,0.06429524384438992,1.8772333204746245,0.033575552701950076,0.7643566280603409,1.9599645972251891,0.20233543887734412,0.011209509195759892,0.3093011394143105,0.08683324009180068,1.0878474175930024
140,0.012394085619598627,0.17158879488706588,0.12811498567461968,2.385568046569824,0.34290461242198944,0.26663424223661425,0.9189680069684982,0.11039716266095638,0.9113096445798874,1.2207570016384124,0.19227809607982635,0.19910074770450592
141,0.20982958003878593,0.017510878015309574,0.02521526189520955,0.15059264972805977,0.2992705225944519,1.3209708213806153,0.917993888258934,1.2832849860191344,0.02097264351323247,0.12267277538776399,0.10493959710001946,0.3430790528655052
142,0.1268794633448124,0.7176370650529862,0.08948086984455586,1.1936919808387756,0.6852480947971344,0.1073173612356186,0.10385954342782497,2.747904825210571,0.013542112382128834,0.17986790537834169,0.6100743651390076,0.18280446231365205
143,0.1519588388502598,0.19494550451636314,0.1611037112772465,2.0164029121398928,0.1930796481668949,1.0640544056892396,0.18836263343691825,2.3495579957962036,0.04114823155105114,1.0122553706169128,0.5879316478967667,0.18060458824038506
144,0.14583773016929627,0.07217009030282498,1.1526736319065094,0.3239456251263618,0.04171670489013195,0.3730251669883728,0.5205231130123138,0.8074777126312256,1.3933534502983094,0.24297135695815086,1.4580338954925538,0.017548634484410287
145,0.003939188248477876,0.05052885040640831,0.25734281837940215,0.016929334495216608,0.3582306578755379,1.4726392149925231,2.426687240600586,1.2439215540885926,0.05474329777061939,0.24436218813061714,0.1912826232612133,2.036990487575531
146,0.0029620734858326614,0.009507247293367983,0.6484804660081863,0.014194958191365004,1.2695047438144684,1.2122776627540588,0.6605141878128051,0.5918343931436538,0.9243444263935089,0.2299732744693756,0.05645809546113014,0.4357279270887375
147,0.18853171691298484,0.003780680138152093,0.029435973707586528,0.6238785296678543,0.9302361249923706,0.5966181546449661,0.30721249282360075,0.04730913732200861,1.2810935199260711,1.6904910802841187,0.06461737677454948,0.023041191417723893
148,0.031317342258989814,0.12224440798163413,0.7210427403450013,0.05236815493553877,0.7920275926589966,0.5935575366020203,0.18565261587500573,2.1497281789779663,0.033827587589621545,1.3481719970703125,0.14184415861964225,1.0272436916828156
149,0.05198325216770172,0.8861948668956756,0.1623643770813942,0.061386906914412974,0.08381934836506844,2.1134875297546385,0.14806633964180946,2.8085052013397216,0.012216262659057975,0.8239634156227111,0.04000368230044842,1.8404738545417785
150,0.0032305135973729193,0.013275349978357553,0.13066656440496444,0.10118502750992775,0.08741454146802426,1.0491723418235779,0.488827683031559,1.6980854332447053,0.17637429460883142,0.305549818277359,1.216879665851593,0.6058930695056916
151,0.006483500031754375,0.03140673600137234,0.3354290291666985,1.267838704586029,0.670531502366066,0.06070956699550152,0.07907609418034553,0.6766747444868088,1.4881341338157654,0.07919388934969902,0.08443885669112206,0.03430768698453903
152,0.3691407635807991,0.024287238996475936,0.3766356989741325,1.9681297540664673,0.8910942524671555,0.19411370009183884,0.32771420627832415,0.15095441564917564,0.06584315709769725,0.3344285532832146,0.05823767464607954,0.20329089015722274
153,0.13815915063023568,0.007674070540815592,0.2794697120785713,0.9154129981994629,0.8325584292411804,0.4769032999873161,0.5332345783710479,0.22100761532783508,0.6729666322469712,1.3526563882827758,1.1552464187145233,0.022270375210791827
154,0.18499239385128022,0.11093380823731422,1.7158855020999908,0.056698606535792354,0.6896623402833939,0.08027524463832378,0.5166073858737945,0.6781952768564224,0.030742054991424083,0.26424419432878493,1.184755313396454,1.8989496409893036
155,0.015058348746970296,0.02509212475270033,0.1563132829964161,0.05915059689432382,0.08568249605596065,0.3937097191810608,1.054749184846878,0.10699520967900754,1.5382855713367463,0.7161019086837769,0.39867951571941374,2.1758312821388244
156,0.007973080221563577,0.001626219757599756,0.11755938194692135,0.06277994327247143,1.006927305459976,0.3445754572749138,0.08014413081109524,0.04871811605989933,1.974866157770157,0.2944521516561508,0.6113331586122512,0.0695848036557436
157,0.03352486025542021,0.03847309201955795,0.06596161425113678,0.4266518339514732,0.11252780556678772,1.1810048043727874,1.229330098628998,0.5231570959091186,0.03499665819108486,0.09522556439042092,0.16617058590054512,1.708343082666397
158,0.20313606411218643,0.13630549907684325,0.5206119120121002,2.9667457699775697,0.3062141716480255,0.5185102969408035,0.08651646934449672,0.07091723456978798,0.8630470246076584,0.4081738829612732,0.5339183926582336,1.3173153817653656
159,0.09316943436861039,0.03647443186491728,0.24121134132146835,0.0216131703928113,2.5135586977005007,0.20206658393144608,0.37729915231466293,0.6820946872234345,0.19981097802519798,0.6787699222564697,0.1441528357565403,0.019539074786007405
160,0.0007256479264469818,0.009939565043896436,0.7416612565517425,0.014021954080089927,0.024237608723342418,2.9847628235816956,1.2143123745918274,0.012765552569180728,0.018654463905841114,0.12031876295804977,0.09336142130196094,0.67267424762249
161,0.10454633012413979,0.15524114444851875,0.7704290330410004,0.11224976517260074,0.47014373987913133,0.08205631971359253,0.5349766731262207,0.3065814048051834,0.12754946276545526,0.09034998007118702,0.744338545203209,0.5848164111375809
162,0.33728267848491666,0.0901081159710884,0.22769917473196982,2.167073130607605,1.447191745042801,0.1873873695731163,0.8531268805265426,0.19458038210868836,0.4859268367290497,1.111620032787323,1.5196031630039215,0.8235990166664123
163,0.009133683005347847,0.00035008019622182477,2.2421019434928895,1.1943325757980348,0.828122490644455,0.0935455534607172,0.8723577231168747,0.15818022042512894,0.08503654077649117,0.9907526403665543,0.027671705465763807,0.00041042945085791873
164,0.3582347959280014,0.03071747496724129,0.11143929697573185,0.46599229872226716,0.2825384050607681,0.9566446900367737,0.20206761956214905,0.8313778191804886,0.04104010090231895,1.337343007326126,0.7646766632795334,0.5437862545251846
165,0.2633147001266479,0.24755345955491065,0.15042311176657677,0.09381690248847008,0.08434183485805988,0.3864844605326653,2.141967308521271,0.16098333522677422,0.588337418437004,0.369680880010128,0.1218609094619751,0.5539050042629242
166,0.15222329422831535,0.13905046954751016,0.12219768054783345,0.044393650628626345,0.5991004943847656,0.21882501542568206,1.4083369970321655,0.18926744237542154,1.4027526378631592,0.16372208818793296,0.45003418028354647,1.0638116359710694
167,0.0006517026107758283,2.216381644757348e-05,0.15408625900745393,0.0074041242012754084,2.9282726883888244,1.7087549209594726,0.4640643194317818,1.1921908378601074,0.004535515792667866,1.4148790895938874,0.015169568778946997,1.0073107659991365e-05
168,0.010375579120591283,9.649081548559479e-05,1.5939823687076569,0.19765759333968164,1.7317049026489257,0.5841221541166306,1.4424879193305968,0.3610642313957214,0.27354859858751296,0.3605901271104813,2.680497181415558,5.494788474607049e-05
169,0.008530694991350174,0.2674396574497223,1.0356123566627502,0.09606799259781837,0.6647144705057144,1.6309973478317261,0.091364436596632,0.08764898665249347,0.15192450135946273,0.39074995219707487,2.3000481128692627,3.073973071575165
170,0.026313916873186828,0.5574963390827179,0.045571739226579665,0.0477859366685152,0.0840240191668272,0.1415145717561245,0.5013677448034286,1.3173228979110718,0.034382805787026884,0.47038802355527876,2.4580413103103638,0.6537562876939773
171,0.00038013462617527696,2.166478279832518e-05,1.653203397989273,0.009481788147240877,0.7901037812232972,0.5592160046100616,3.1854482173919676,1.765871560573578,0.008280338905751704,1.008685940504074,0.014457169035449625,1.5193695753623615e-05
172,0.016135415993630886,0.04410112556070089,1.286235326528549,0.7607876718044281,0.9215620726346969,0.8549963951110839,1.008985412120819,0.11322708316147327,0.1617654524743557,1.454672598838806,0.21426349952816964,1.2145441830158235
173,0.006975429109297692,0.0026435981621034444,0.3519630268216133,0.07418426014482975,0.665142685174942,0.4320197060704231,0.07611626647412777,1.138508129119873,0.3964603111147881,0.6854816675186157,2.4225226759910585,0.3717402026057243
174,0.019571606907993554,0.004255212680436671,0.24345336928963662,1.5376958012580872,1.3423063516616822,0.13796433955430984,0.032464968785643575,1.1591506838798522,0.020592253562062977,1.8098994374275208,0.11757829710841179,0.00921895755454898
175,0.46972662806510923,0.009081070031970739,0.04588758200407028,0.05161938238888979,0.1641548305749893,0.21816663295030594,0.8114179700613022,1.6402909755706787,0.4002718612551689,1.008233082294464,0.07341322340071202,0.5890734225511551
176,0.00858975825831294,0.1032608412206173,0.08426274247467518,0.42026872634887696,0.03587447833269834,0.09026239924132824,2.145268476009369,0.4082806333899498,0.3377120941877365,0.13533375188708305,0.7285492300987244,1.0661163449287414
177,0.2845854923129082,0.07443056292831898,0.03332223743200302,1.675148719549179,1.4374451279640197,0.04086070023477077,0.015920950658619405,0.07143635228276253,1.0918109714984894,0.06755524761974811,0.09557250514626503,0.09197142645716667
178,0.0006770853564376011,3.618521677708486e-05,0.27504105865955353,0.4621141031384468,2.411652088165283,3.084087145328522,0.0267658144235611,0.15892017707228662,0.24449165165424347,0.1641933001577854,0.1748698703944683,2.1437587929540316e-05
179,0.11167785078287125,0.4238532781600952,0.01828612918034196,0.3697529464960098,0.08542796075344086,2.5203248262405396,0.16825255006551743,0.6846224963665009,0.04265680592507124,0.17803158313035966,2.1492048501968384,0.11348202899098396
180,0.00899664992466569,0.003476476587820798,0.26672775149345396,0.5344078749418258,0.13202593773603438,0.8348729997873306,0.13866327106952667,0.7680392593145371,1.1414919912815094,0.6400566846132278,1.824142336845398,0.1937975339591503
181,0.07025782167911529,0.03356182035058737,1.359592068195343,0.5654227942228317,0.062034761533141136,1.4383646368980407,0.6237971723079682,0.8435827314853668,0.06110740453004837,0.44709193110466006,0.680017027258873,0.5266673862934113
182,0.018619361333549023,0.017259953450411557,0.8828908294439316,0.5193892359733582,1.2436669588088989,2.5224037289619448,0.13124627470970154,1.4023721277713777,0.9372888028621673,0.46927440613508226,0.444582836329937,0.018742045480757953
183,0.006429013330489397,0.13609934598207474,2.062794601917267,0.01273615942336619,0.7519452691078186,1.6019823789596557,0.2858000621199608,0.040467208437621596,0.012703285086899996,0.0714198399335146,0.06450152732431888,0.7603936403989792
184,0.06127481665462255,0.04502980001270771,0.2381971687078476,0.562504106760025,1.6618739902973174,0.18495913594961166,0.11593524962663651,0.20237377807497978,0.031081960536539555,0.4167230069637299,0.3970262184739113,2.422497737407684
185,0.14843233227729796,0.01912804404273629,0.4340560853481293,0.9496129751205444,0.5860296934843063,0.24432917386293412,0.7682103306055069,0.43640739768743514,0.060305267199873926,0.19014611095190048,0.4526031345129013,0.973712968826294
186,0.0013157165085431188,8.030164935917128e-05,0.5979283183813096,1.159297615289688,0.057727929949760434,0.35663048177957535,1.878029477596283,0.3721362292766571,1.0315593659877778,1.6225997030735015,0.32641514390707016,2.7915040755033262e-05
187,0.13198702409863472,0.6322121888399124,0.639962038397789,0.8074811846017838,0.5059414803981781,0.04006957784295082,1.297442799806595,0.2617636114358902,0.057140107825398447,0.06556285321712493,0.05031248759478331,1.276386946439743
188,0.10335522964596748,0.4264376536011696,0.09156555868685246,0.11607382707297802,0.8407724589109421,0.1653125286102295,0.628666552901268,0.08924897275865078,2.2239497900009155,1.152464085817337,0.04572412911802531,2.029374897480011
189,0.0026443767827004196,0.09447494708001614,0.10595835447311401,0.46970909237861636,2.2674249529838564,0.2848273664712906,0.6528608322143554,0.19169149100780486,1.3671795904636384,0.12324128597974777,0.46529035866260526,0.2960014000535011
190,0.15060360357165337,0.4815120786428452,0.035774384438991544,0.8150012731552124,0.02352830320596695,0.04246862586587668,0.6608637899160386,2.757519769668579,1.3224090933799744,0.06152266785502434,0.07573879994452,0.6950601279735565
191,0.00690422176849097,0.30125351101160047,0.9357499182224274,0.017278026416897775,0.022029368206858635,0.6805910468101501,0.02570420876145363,0.47784711718559264,2.0149338603019715,0.11449959315359592,0.9946830362081528,0.33866564035415647
192,0.6140183806419373,0.5268891513347626,0.47638411819934845,1.4471388041973114,0.2993766337633133,0.13279627189040183,0.19687606245279313,0.21066214367747307,0.21340188831090928,1.7171058177947998,0.1632368341088295,1.1710261821746826
193,0.010507262591272593,0.002799024898558855,0.9992855548858642,0.5441587835550308,0.4748713314533234,0.21215773075819017,3.133407378196716,0.12734391614794732,0.5359344959259034,0.25185916274785997,1.1257774889469148,0.026263609062880278
194,0.0059574423590675,0.17263043969869613,0.2785849705338478,0.15888794139027596,0.6579139918088913,1.0467918038368225,1.8697358191013336,0.16420866325497627,0.47890267670154574,1.1506725788116454,0.1075521681457758,0.00474450490437448
195,0.052340302430093286,0.04609274175018072,0.24164875522255896,3.0370611548423767,0.3788896635174751,0.6208995461463929,0.050103047490119935,0.2165804199874401,1.176760870218277,0.5625668108463288,0.16987371295690537,0.0026667457073926925
196,0.003152241837233305,0.00047946537379175427,0.02926452159881592,0.048564246669411656,2.2345773458480833,1.2274201095104218,0.38736525028944013,0.04054661598056555,0.7048374086618423,0.06930819116532802,0.7791055470705033,0.0002054390402918216
197,0.28701052367687224,0.3428408518433571,0.17476459369063377,2.0248367190361023,0.07735747620463371,0.3896090716123581,0.40984359532594683,0.055141077190637586,0.6680325418710709,0.9166236072778702,1.2643321454524994,1.7810115754604339
198,0.0023483831668272615,0.0045857826014980676,0.5229956895112992,0.02884742580354214,0.9102642267942429,1.1178461015224457,0.16174747049808502,0.8794685155153275,0.8634784102439881,0.16439272314310074,0.6729584217071534,0.2705188915133476
199,0.015891306940466164,0.16752217337489128,0.05113232620060444,1.4189351975917817,0.6143015205860138,0.16448935940861703,0.4988050848245621,0.9562333345413208,0.3634755700826645,0.10197599157691002,1.0780832707881927,0.020788012258708476
200,0.0014404593268409372,0.16011253148317336,2.018925595283508,0.009226981410756707,0.9125241726636887,0.16198961660265923,2.563486385345459,0.7927865862846375,0.010955068748444319,0.2593311592936516,0.07728220038115978,0.3555923759937286
201,0.03717645313590765,0.0002623283289722167,0.7726569890975952,0.5028957605361939,0.9953414052724838,0.18863057792186738,1.8227573812007904,0.06099606677889824,0.34010166525840757,0.27777179777622224,0.7621062904596329,0.00016322713781846687
202,0.3214091002941132,0.449586446583271,0.06958066746592521,1.440999984741211,0.3473938912153244,0.1518012098968029,0.07663455717265606,0.13486337438225746,0.4316117882728577,0.2858263894915581,0.1479488842189312,1.1656709492206574
203,0.0013451533217448742,0.00010424984247947577,0.35108581334352496,0.1242216020822525,0.0852151244878769,0.1753591738641262,1.4678091645240783,2.8058349609375,0.038758793473243715,0.5151296555995941,0.8629987120628357,6.13054575296701e-05
204,0.09546722024679184,0.08394515998661518,0.2311474859714508,0.01612612521275878,2.4680602312088014,0.017031601630151272,0.03201793264597654,0.20169431790709497,0.8717368632555008,0.03918374367058277,0.014976431615650654,0.16710799261927606
205,0.19025885313749313,0.10716461278498172,0.06465532518923282,1.3801198899745941,0.0798408892005682,0.6147654622793197,0.11807040013372898,0.3915112867951393,0.030602436698973178,0.28259772062301636,0.6608664333820343,2.716183614730835
206,0.0013060003751888872,0.013143058354035021,1.7972015500068665,0.009992297692224384,0.1448655255138874,2.2950669527053833,0.5083912938833237,0.11703350730240344,0.07871057577431202,1.5671113550662994,0.17347725704312325,0.05764317847788334
207,0.4727818578481674,0.25148165971040726,0.24716306254267692,0.1075089942663908,0.2966291382908821,0.21032516211271285,0.12216302044689656,1.2040592014789582,0.02515045451000333,0.8547002106904984,0.4335563614964485,1.944017118215561
208,0.03138103447854519,7.058799274091144e-05,0.1692742131650448,0.5036964535713195,1.2692954957485199,0.23005201369524003,0.8709832757711411,1.8637885272502899,0.4348312258720398,2.2520865321159365,0.13914482295513153,3.8697464333381504e-05
209,0.048633170500397685,0.006736418115906417,2.0402198433876038,0.9818283706903458,0.07668995261192321,0.6775011569261551,0.8564959675073623,0.07743946202099324,1.6649142861366273,0.18637339472770692,0.4278770700097084,0.024917816929519176
210,0.013759940769523383,0.00867343763820827,0.21959758996963502,0.46172387301921847,0.17853332087397575,1.1524915814399719,0.23295113071799278,0.733341783285141,1.0393275499343873,0.403819178044796,0.4829456701874733,0.820860105752945
211,0.006886629108339548,9.620410128263757e-05,1.9433663487434387,0.03669286295771599,1.3218646228313446,0.830690398812294,4.624467134475708,0.1503735825419426,0.7780847907066345,0.791067972779274,0.4182702288031578,3.859448133880505e-05
212,0.05518252365291119,0.05163133647292852,0.8931832611560822,1.6733963072299958,0.4116593047976494,1.1184536159038543,0.95387222468853,0.2484210178256035,0.3653589576482773,0.5004654288291931,0.2752805411815643,0.8193335920572281
213,0.1994964987039566,0.42225574553012846,0.552912425994873,2.3668396949768065,0.018460830207914114,0.505628788471222,0.28347468078136445,0.08167469687759876,0.009157100645825266,0.3177429258823395,0.04182553235441446,0.1998602755367756
214,0.5650881916284561,0.18653970658779145,0.2585346162319183,0.28672698587179185,0.0953514438122511,0.27199801802635193,1.8426680386066436,0.25820847749710085,0.01929250489920378,1.0702916443347932,0.12366590350866317,2.843549108505249
215,0.020525859110057353,0.007519967760890723,0.5552157878875732,0.2031903363764286,0.7028609901666641,0.6178854823112487,0.05697143655270338,0.6155735135078431,0.15245531797409057,2.3198703289031983,2.0778656721115114,0.6106410473585129
216,0.05232623163610697,0.007345078699290753,0.39203616678714753,0.08267733044922351,2.2515966057777406,0.6116962432861328,0.8590126037597656,1.8633890569210052,0.22683599069714547,0.3656099334359169,1.3598684430122376,0.2305404029786587
217,0.3616397961974144,0.0307385528460145,0.058930409513413905,1.0088222324848175,0.12737700566649438,1.188386207818985,0.9266891568899155,0.5360714435577393,0.6722170352935791,1.6834027111530303,0.04241809118539095,0.11162301674485206
218,0.0008873993210727349,8.727991262276191e-05,1.5611737489700317,0.0227347444742918,0.6107254534959793,0.44409121125936507,1.5990591585636138,1.2983216404914857,0.03070967709645629,0.5051811426877976,0.05739214885979891,3.580178563424852e-05
219,0.022756005078554152,0.00023046299975248985,0.03895912822335958,1.6788604855537415,0.08847573138773442,1.4816048920154572,0.13645525127649308,0.3094766914844513,0.025416551716625692,0.4505036726593971,0.493512849509716,7.919530726212543e-05
220,0.3092729762196541,0.13049829825758935,0.3658909097313881,2.077151119709015,0.34242784678936006,0.11217924319207669,0.1171643652021885,0.32324158847332,0.04105204865336418,0.20467006862163545,0.2918809548020363,1.1559024453163147
221,0.0005923649616306648,0.0001156971720774891,0.7854806572198868,0.022960735950618982,0.1704007141292095,1.489837634563446,0.8614626884460449,0.37192755192518234,1.510268235206604,0.7774330228567123,0.5428834229707717,4.779767186846584e-05
222,0.5974912345409393,0.10723656862974167,0.11292723827064037,0.059873402863740925,0.034664088673889634,0.4323411867022514,2.2104140400886534,0.28489267379045485,0.024896286707371474,1.318230801820755,1.5174397826194763,0.7840811520814895
223,0.006062875967472792,0.005293614673428238,0.3059616401791573,0.2676401674747467,1.178743189573288,0.869858342409134,2.385788989067078,0.9990468919277191,0.03328998349606991,0.8746440500020981,0.9535893887281418,0.3395656168460846
224,0.2467247873544693,0.35542895644903183,0.259814190864563,0.6641373008489608,0.3516946598887444,0.3196520760655403,1.3352327346801758,1.8115367412567138,0.07918533273041248,1.3293684661388396,0.16957393661141396,1.4321508646011352
225,0.12765034511685372,0.0004723442310933024,0.2999920353293419,0.777037113904953,0.3405213952064514,0.3583241686224937,0.44275461733341215,0.8681549400091171,1.2132362604141236,0.9800137907266617,0.2020554095506668,0.000304604614211712
226,0.30084255784749986,0.2700255513191223,0.26698008477687835,1.8690088272094727,0.3516301468014717,0.14774487614631654,1.8729660749435424,0.19732002913951874,0.075864502415061,0.9465991854667664,0.10445148423314095,0.662386131286621
227,0.26438465267419814,0.2446195103228092,0.0716121282428503,0.710369411110878,0.18809644430875777,2.083444964885712,0.882126298546791,0.10321769453585147,0.013355665700510144,0.5244364708662033,0.32883522361516954,0.8316626906394958
228,0.00286887027323246,0.007879417901858688,0.24089715182781218,0.03113835761323571,1.4707748532295226,0.4081478536128998,1.1862468123435974,0.8064504325389862,0.03349765446037054,0.6570761770009994,0.38585093021392824,1.2729142367839814
229,0.17229319661855697,0.030999185051769018,0.12245871424674988,3.6569779992103575,0.8844641357660293,0.048867196030914786,0.9541347801685334,0.14215774983167648,0.011781648499891162,0.2164333276450634,0.03244449943304062,0.1779979534447193
230,0.2943127229809761,0.007946117594838143,1.5683729767799377,1.3193572819232942,0.12847322300076486,0.4948196515440941,0.7384309589862823,0.06425641216337681,0.08039987869560719,0.9462503671646119,0.08971932381391526,0.0022751635173335672
231,0.17014533430337905,0.014288949687033892,0.980055394768715,0.9026713699102402,1.0536366939544677,0.9863120943307877,1.1177050948143006,0.5012946248054504,0.18355786353349685,0.8726758927106857,1.938932365179062,0.34307090640068055
232,0.09208867736160756,0.0009623208810808138,0.9260203510522842,2.0310471534729,0.2945688769221306,0.6687567710876465,0.3770755872130394,0.08637269102036953,0.022632773220539092,0.8006826996803283,0.18459429070353509,0.0007610785833094269
233,0.2261645793914795,0.047937956266105176,0.6147704035043716,0.22116825431585313,0.19599823653697968,0.8084820359945297,0.38520631194114685,0.5125976383686066,0.346602600812912,0.5105144739151001,0.9058323591947556,1.3722553908824922
234,0.008772441279143095,0.011854408588260413,0.19038960337638855,0.03741324096918106,0.23825481608510019,3.073533630371094,0.37461628019809723,0.022696714568883183,0.09401814453303814,0.5980923920869827,0.21298634707927705,2.2817864418029785
235,0.016419722605496644,0.02604943737387657,0.13133373484015465,0.03495715912431478,0.37085387408733367,0.23886768370866776,1.2456571936607361,0.7603335320949555,0.02284080870449543,2.38880934715271,0.09275749064981938,2.13778703212738
236,0.3486694574356079,0.05409153625369072,0.03163811499252916,0.312347249686718,0.39575235098600386,0.4012331709265709,0.44632163643836975,0.026305586751550435,0.024893576744943857,0.9149355590343475,3.10299699306488,0.40658189058303834
237,0.003955275076441467,0.0020012852270156144,0.08194787874817848,0.015302540687844157,0.017874097172170877,1.7685754477977753,0.3615491449832916,0.32202511727809907,1.069238579273224,0.0810073610395193,0.1480962373316288,0.0008290899859275669
238,0.008865287434309721,0.014989311201497912,0.7306887447834015,0.01601231899112463,0.12031921409070492,0.633922603726387,1.8153361260890961,0.34956011474132537,0.01600394630804658,0.8805799067020417,0.12955068275332451,1.204444569349289
239,0.019677476771175862,0.015431350423023104,0.22943981662392615,0.014301535999402403,1.3673769593238831,0.1929908998310566,0.6050568073987961,0.43500093668699263,0.3182569608092308,3.3593588352203367,0.025403921864926814,0.1144230991601944
240,0.032976833172142506,0.013099841214716435,0.037358978390693666,0.4216968432068825,0.09994521401822568,2.191550886631012,1.1241718590259553,0.027869254630059005,0.004067109548486769,0.20971056818962097,0.022983835823833943,0.03982416670769453
241,0.06282663866877555,0.15196868702769278,0.5000795841217041,1.2643284022808075,0.509820556640625,0.48691143542528154,0.23181673735380173,1.2358593225479126,0.03820377178490162,1.0219029843807221,1.955985862016678,1.205106693506241
242,0.24302590116858483,0.31059896051883695,0.5657957792282104,1.071267706155777,0.06834724806249141,0.037485101446509364,0.27389825135469437,0.15994007810950278,0.6016001671552658,0.9410418540239334,0.21469836831092834,1.771914941072464
243,0.016868512053042652,0.0003006317638210021,0.5867868900299072,0.33345666229724885,0.07036216743290424,0.8563978224992752,1.3340170741081239,0.7182408452033997,0.13302421867847442,0.4949332892894745,2.464184582233429,0.0001428130577551201
244,0.0027128508896566927,0.0010367114387918265,0.05923668034374714,0.021745871100574733,0.04318442400544882,0.6212853580713272,0.09261165671050549,2.510358512401581,0.19187363535165786,0.4432456508278847,0.8811999976634979,0.00050381098408252
245,0.2470635712146759,0.20326062515378,0.10223519317805767,1.3884481906890869,0.37762068808078764,0.12596920132637024,0.43695569038391113,1.3973064064979552,1.7221426844596863,1.6227612614631652,0.10618683509528637,0.10995339713990689
246,0.003170752595178783,0.00017503768103779293,0.036885891482234,2.37144695520401,1.4620577991008759,0.07381656803190709,0.12615161538124084,0.014244807185605168,0.04551795832812786,1.336399245262146,1.0651075184345244,7.946801670186688e-05
247,0.004659300344064832,0.010616904543712734,0.30834043174982073,0.035024359449744226,1.8355549991130828,1.6293643891811371,1.3943570613861085,0.20979482382535936,0.5611431539058686,2.0497480392456056,0.1532970853149891,1.4121637165546417
248,1.2345439672470093,1.4321796119213104,0.005621750839054585,0.014181877253577113,0.005778697784990072,0.050723961926996707,0.006969263358041644,0.016180227790027858,0.0016435239173006268,1.3918203830718994,0.03663281314074993,0.107431186363101
249,1.800117164850235,0.01678005652502179,0.01572284670546651,0.015120808500796556,0.02721303729340434,0.14028426483273507,0.05426238477230072,0.023146322183310985,0.004383101267740131,0.42233198434114455,1.7354512751102447,0.9228455364704132
250,2.299250602722168,0.5323993414640427,0.21800937056541442,0.04705724772065878,0.3208285063505173,0.09596611224114895,0.05001063719391823,0.26396283954381944,0.19197503104805946,0.6824143141508102,0.528858232498169,0.0072362108388915655
251,0.28684793412685394,1.6340657413005828,0.01736571090295911,0.013450817996636033,0.009939944418147207,0.01613705698400736,0.05462860073894262,0.017274703551083802,0.0024526455788873138,0.44405760914087294,1.6471210062503814,0.03814966902136803
252,0.6888600170612336,1.2893664062023162,0.016897748969495297,0.03127335831522941,0.05506165977567434,0.08511534221470356,0.2184251256287098,0.009946712665259838,0.01839107219129801,0.28950376659631727,1.6449412524700164,0.9712192982435226
253,0.34362376034259795,1.5831606328487395,0.005253735138103366,0.00969973048195243,0.012387136416509747,0.022869890555739403,0.005931151541881263,0.008854286139830948,0.0022799663711339235,0.09323742836713791,1.3708404541015624,1.975568264722824
254,0.30226935297250745,0.2404795102775097,0.011618699971586465,0.015451766410842538,0.013240029430016875,0.017733655497431756,0.020166205428540706,0.007712624897249043,0.0556185495108366,0.08854428455233573,1.4025455832481384,3.670210075378418
255,0.09391853772103786,1.2450710713863373,0.0736394140869379,0.1891433909535408,0.01863654749467969,0.07056582756340504,0.03686183094978333,0.2294225737452507,0.008875565277412534,0.6463717013597489,1.086500072479248,2.939355230331421
256,0.25523111820220945,1.1527519464492797,0.005969536653719843,0.007995401090011001,0.004198938654735684,0.013541986420750617,0.03328830003738403,0.08494680449366569,0.001955987827386707,0.09884778447449208,0.018866719491779805,3.8466310143470763
257,0.06113110203295946,0.22847323194146157,0.011103347642347217,0.0106098341755569,0.21749069839715957,0.01918959328904748,0.005241198581643403,0.20290943756699562,0.005430461303330958,0.05896218530833721,2.209367847442627,2.4555661916732787
258,0.41336849331855774,2.3454222559928892,0.016780692059546708,0.37865019142627715,0.010237618442624807,0.04739790633320808,0.011430273531004786,0.007221400178968907,0.008796007139608264,0.14832912757992744,0.25879445523023603,1.0467969238758088
259,0.41400665044784546,0.014355951687321067,0.009059484349563718,0.009663257002830506,0.0969395987689495,0.05313377771526575,0.09819113276898861,0.08248109668493271,0.005085606616921723,2.254246139526367,0.12703294754028321,0.6263489246368408
260,0.16578188464045523,0.9215592741966248,0.011567788710817695,0.01665642810985446,0.016629627346992495,0.026553642842918636,0.1073733165860176,0.012836447590962053,0.22247784733772277,1.7073844075202942,1.368696492910385,0.03221336547285318
261,1.2851935923099518,0.6445318847894669,0.027336080744862556,0.09687383472919464,0.0441069345921278,0.1072035014629364,0.01247382122091949,0.09859586842358112,0.01856919638812542,1.1831106960773468,0.8386455237865448,0.44312712699174883
262,0.0010987732093781233,0.8615541696548462,0.02779965065419674,0.003488812758587301,0.01760681699961424,0.409819507598877,0.1287680111825466,0.005893277213908732,0.004184169601649046,0.13649130538105964,2.861341345310211,0.8193217128515243
263,1.0844145238399505,0.746693241596222,0.016866627056151627,0.8784662812948227,0.014892407832667232,0.11202921159565449,0.03837167005985975,0.037123441137373446,0.0031644096015952528,2.1002339720726013,0.05630147103220225,0.0014558913244400173
264,0.09933382496237755,1.2613281548023223,0.019185873679816723,0.03239555601030588,0.055107783339917664,0.02885407702997327,0.009466102300211788,0.08468563407659531,0.01927562300115824,1.8291945278644561,0.4262305974960327,0.7158185452222824
265,0.14201031848788262,0.9483378112316132,0.013624358549714088,0.015764017309993505,0.047629312425851826,0.23419154733419417,0.5771398603916168,0.09887928441166878,0.006495378748513758,1.7561791241168976,0.021298511791974308,2.1035651922225953
266,0.12265206947922706,0.7765424609184265,0.0052798603894189,0.012731369119137526,0.00917723742313683,0.052968740463256836,0.018318673968315123,0.007855507079511881,0.005593097559176386,0.0320792531594634,0.8698107987642288,1.8688460886478424
267,0.0026827911497093737,0.6186268478631973,0.0007844326522899792,0.0007367045676801353,0.001029676990583539,0.0033482073107734323,0.0012005342112388461,0.0024998693261295557,0.0004405040148412809,0.006677621090784669,0.0035775520955212414,4.017116951942444
268,0.732521915435791,0.06531599573791028,0.009664171002805233,0.3151815563440323,0.011426235595718027,0.02754125390201807,0.006931545375846326,0.03862668909132481,0.00984241827391088,1.7753492832183837,1.054138684272766,0.0017006775888148695
269,0.05477739442139864,2.99868243932724,0.033377531357109545,0.036050709523260595,0.0737451147288084,0.23130439296364785,0.028699719905853273,0.02550014425069094,0.01144989305175841,1.010952651500702,0.9702988564968109,0.07325705960392952
270,1.0376161277294158,4.973762702941895,0.00958536402322352,0.02648323904722929,0.008747905399650336,0.07953786253929138,0.01092088189907372,0.010376869002357125,0.008650398440659046,0.19769028723239898,1.166996294260025,0.24386413916945457
271,2.148332643508911,0.7920435011386872,0.029403515905141835,0.01480057924054563,0.024974849075078964,0.10793255865573884,0.14777679815888406,0.023589590005576613,0.004428913025185466,1.0367959916591645,0.026723035983741285,2.5868942618370054
272,0.028335286770015955,3.5845968246459963,0.016880908235907554,0.03126305211335421,0.013857371453195811,0.030998869519680738,0.20900870785117148,0.03980914801359177,0.007233797572553158,0.6787042766809464,0.05944182146340608,0.7616840720176696
273,1.1955415904521942,1.9798537373542786,0.0056541395839303735,0.028131178487092255,0.013236325047910214,0.030823202710598706,0.0060811766888946295,0.008598956419155002,0.007616483769379556,0.13036452010273933,0.2715927869081497,0.02851899843662977
274,0.9573462694883347,0.021078344248235226,0.008350996766239405,0.008065721346065402,0.027859684731811284,0.10191308818757534,0.012034916458651424,0.007031522854231298,0.0035909704631194475,0.14075491949915886,1.614156150817871,0.39229453802108766
275,1.751098769903183,0.8095543652772903,0.006549640581943095,1.6939166367053986,0.005318925622850657,0.009849476907402278,0.004498445452190936,0.05056879073381424,0.0015127498423680664,0.06191312130540609,0.017460466455668212,0.29541708827018737
276,0.5756784468889237,1.823449730873108,0.08874751999974251,0.5384865820407867,0.045018122345209126,0.17597025036811828,0.06804147623479366,0.07120436765253543,0.011375820823013782,0.15556193813681604,0.36854538321495056,0.7550637722015381
277,0.4474170446395874,0.0236084695905447,0.00938897910527885,0.0073419672204181555,0.00492069551255554,0.013700042851269245,0.015925670694559812,0.0588260143995285,0.0015170247177593412,2.7502934455871584,0.016353851463645697,0.4295145615935326
278,3.507314884662628,0.15627164095640184,0.00449564796872437,0.0035738703911192718,0.002808701666072011,0.01282973438501358,0.003524908295366913,0.014404947124421598,0.0015619102807249874,0.09958325624465943,1.0234432637691497,0.17193346619606018
279,2.7890647411346436,0.13633470684289933,0.00301623004488647,0.004697188828140498,0.003979969886131585,0.007198543706908822,0.015565314469859004,0.016430090926587582,0.001032644184306264,0.07413618862628937,0.009130394598469139,2.7693325519561767
280,0.023573991470038892,1.7444889962673187,0.004525044956244529,0.01090826946310699,0.003010891459416598,0.011343431426212192,0.011924659181386233,0.015510711818933487,0.0017044430947862567,1.4558406591415405,0.031866537220776085,0.896552449464798
281,0.6781806349754333,0.16600889787077905,0.009654842410236598,1.2805911779403687,0.01808689730241895,0.02233876334503293,0.009688421431928874,0.009901188360527158,0.005729421507567167,0.04001333583146334,1.3856827676296235,0.1793762758374214
282,1.9071135997772217,0.6662637054920196,0.02796799996867776,0.13399670347571374,0.011186155164614322,0.013330365344882012,0.004692915407940745,0.012494484707713128,0.27504311352968214,0.07608486190438271,1.0359562575817107,0.8489630460739136
283,0.7673046916723252,0.3509651646018028,0.003376684000249952,0.34707054048776625,0.0023275949759408833,0.008851094776764512,0.0009926478029228748,0.003412327845580876,0.0012602450442500412,0.023253273870795965,2.7724094867706297,0.007264451961964369
284,0.33436001241207125,0.15718118026852607,0.006330266431905329,0.008924448629841208,0.008447434939444066,0.01296710716560483,0.006121905660256744,0.022354354988783597,0.002332435792777687,0.07045316994190216,0.028424424678087236,4.34652259349823
285,0.6206196576356888,2.983487403392792,0.009747042274102568,0.2933626025915146,0.2460796870291233,0.08969415314495563,0.08715252578258514,0.06387357041239738,0.0032943028723821043,0.20035813748836517,0.05198097825050354,0.14827432632446289
286,0.07820376791059971,2.545633924007416,0.06009563561528921,0.22363370507955552,0.04109510723501444,0.16592924296855927,0.04313550870865583,0.15733828097581865,0.06369103118777275,0.7097222626209259,1.4318517684936523,2.3627709269523622
287,0.2765327334403992,0.02955817636102438,0.02382143335416913,0.012954263482242823,0.03090424267575145,0.01760133933275938,0.014103736728429794,0.02322575217112899,0.005999964918009937,1.498270857334137,2.4290003657341,1.0638766586780548
288,0.3217844918370247,0.38324256986379623,0.06541806980967521,0.34837801456451417,0.11136468090116977,0.12334583513438702,0.036092756874859334,0.014277643943205475,0.05887840483337641,3.0003641963005068,0.8542443484067916,0.25543726831674574
289,0.6212164282798767,0.051204425655305384,0.07226104326546193,0.03565687220543623,0.13905955627560615,0.05231711510568857,0.06511428691446781,0.01067524990066886,0.01770037757232785,2.8569148421287536,0.7680353194475174,0.41522287875413894
290,0.0069649657933041455,0.816137170791626,0.00535904688294977,0.007956183236092328,0.006015533278696239,0.11836174018681049,0.125839477032423,0.04363379906862974,0.003240208828356117,0.03606489673256874,2.658204126358032,0.6164319813251495
291,0.0329837491735816,0.9518794775009155,0.0011994635802693666,0.0012685528723523022,0.0010411253897473216,0.002531829453073442,0.0025828794110566377,0.0029930660850368443,0.0007348820450715721,0.008299247035756708,0.006440657819621266,4.91574718952179
292,2.9937268137931823,1.3286477625370026,0.008913872623816132,0.014384248573333026,0.004120315425097942,0.014750120509415866,0.00630609046202153,0.040001020021736625,0.0034972199820913377,0.7870253473520279,0.6817296773195267,0.8616677284240722
293,0.03209773916751146,1.207893532514572,0.03500401210039854,0.060706259123981,0.047018454782664774,0.8883179306983948,0.20113989636301996,0.06260495595633983,0.017254829127341508,0.8439484924077988,0.2966394990682602,2.206283700466156
294,0.02600063839927316,0.1446346178650856,0.03796464949846268,0.017582487128674985,0.040117802843451504,0.04184190016239882,0.06779651045799255,0.12233369573950767,0.004799509095028043,1.5472199320793152,0.7093998730182648,1.0252537906169892
295,1.4891062557697297,0.10070125386118889,0.02744580917060375,0.08918724060058594,0.3162873715162277,0.027020211797207594,0.013052801229059696,0.10304983854293823,0.08762142919003964,0.7816545128822326,0.04597916342318058,3.5025825977325438
296,0.0500751756131649,0.349907223880291,0.011415123287588359,0.008497786754742265,0.005228857253678143,0.2746397465467453,0.010665140766650438,0.01757536632940173,0.008735145395621658,2.4493566036224363,0.38212665170431137,0.05962338391691446
297,5.568897318840027,1.544778037071228,0.007818647404201328,0.039661433547735214,0.008476841589435935,0.011862031044438481,0.020388169586658476,0.08763713873922825,0.004734800313599408,0.4932601422071457,0.01854128623381257,0.7577692896127701
298,1.6670673966407776,0.3665628731250763,0.0009782747394638136,0.001309371995739639,0.0013798373402096331,0.0033911496517248455,0.017865675408393143,0.0033740599523298443,0.00048884750722209,0.03564609475433826,0.0020497481687925755,2.544782853126526
299,0.25961602926254274,0.6997060686349869,0.009735181881114842,0.018185306154191495,0.02739115748554468,0.08277470022439957,0.07619615755975247,0.20001194179058074,0.0029300040798261764,1.9684256255626678,0.02184517253190279,0.1094496950507164
300,1.6079837322235107,0.029646517150104048,0.007698217476718128,0.01786146583035588,0.012935548042878508,0.026647614780813456,0.01085719531401992,0.005576667352579535,0.007408674200996757,0.2119367279112339,0.07650068141520024,2.4616654396057127
301,0.1521742448210716,0.004943967540748417,0.045493627339601515,0.00736767000053078,0.06809652149677277,0.018771312292665245,0.0026456062332727015,0.0061108820838853715,0.00820577903650701,0.17307305485010147,1.7604242742061615,1.3518143892288208
302,1.7983809173107148,0.04934448879212141,0.040638750232756135,0.03457534592598677,0.0752580888569355,0.2269360676407814,0.034443178586661814,0.024065199494361877,0.020138973463326694,1.4795914173126221,1.7502041041851044,0.223050107806921
303,0.02931047771126032,1.6692466378211974,0.010237620212137699,0.01730568315833807,0.0044542718678712845,0.030161617696285246,0.15984765738248824,0.04443550184369087,0.002407523314468563,0.33521564602851867,1.2952529847621919,0.5071074217557907
304,0.10394224524497986,0.23570313230156897,0.02212164830416441,0.09656614325940609,0.06540397517383098,0.08590049557387829,0.018184557929635047,0.023322216887027025,0.015805832482874396,0.3879149153828621,1.3921887934207917,0.4756780698895454
305,2.091887724399567,0.03899362850934267,0.003946674847975373,0.009081795811653137,0.006258180644363165,0.014079120010137558,0.012294750101864338,0.12097176089882851,0.0022556243697181345,0.1069031223654747,0.013856381177902222,2.7999160051345826
306,0.27986849695444105,0.293925966322422,0.22409868091344834,0.5242048233747483,0.35968786031007766,0.10593704953789711,0.07270544730126857,0.06709313616156579,0.09496767856180668,0.10949296951293945,1.2676547586917877,2.371530604362488
307,2.1103103518486024,1.758661651611328,0.005596597143448889,0.012929413979873062,0.0062454894185066225,0.08633391298353672,0.030508381593972445,0.00762447735760361,0.0034530109842307866,0.09433812536299228,2.326521468162537,0.1448452465236187
308,0.6528896749019623,1.0387799978256225,0.024286456033587457,0.02813195576891303,0.04068291485309601,0.016789088491350412,0.009382206527516247,0.01797390254214406,0.011264380440115929,0.08396245278418064,0.8502229362726211,3.2185081481933593
309,0.9589540868997574,0.21982654705643653,0.010834174975752831,0.010566384717822076,0.03341977149248123,0.04616610109806061,0.014164427947252988,0.007849341840483248,0.006354801310226321,0.5733715057373047,0.12987470030784606,4.523561191558838
310,0.5848380148410797,1.8838871955871581,0.008125814190134407,0.021887206565588714,0.008826128905639052,0.02598967319354415,0.06900503076612949,0.042969441041350365,0.009526353795081377,1.3164415061473846,0.4333305850625038,2.936461925506592
311,0.44331835508346557,0.025899223797023297,0.033828869089484216,0.010117659298703075,0.02245583375915885,0.07881372645497323,0.012369873374700547,0.004617406730540096,0.011573310103267431,0.9153765976428986,0.9723323732614517,2.1348212718963624
312,0.04233250468969345,2.5685569524765013,0.015299296472221613,0.021327174082398415,0.006106397649273276,0.05650217123329639,0.085726797580719,0.037909805029630664,0.006253682542592287,0.08090928420424462,1.3062377572059631,1.2534522712230682
313,1.0272310197353363,0.004100200766697526,0.023108086083084345,0.3265580594539642,0.032945999316871165,0.1254337929189205,0.009002469247207046,0.005655696359463037,0.6741489857435227,0.681119579076767,1.1511101722717285,0.493189300596714
314,0.061694840900599957,2.203525197505951,0.035797092132270336,0.03812436126172543,0.10436662547290325,0.1607350379228592,0.019194261450320483,0.02805761331692338,0.015728626307100056,1.5684043347835541,0.38040702491998674,1.5175078094005585
315,0.32215686440467833,0.4155305683612823,0.08198121972382069,0.04953725766390562,0.06425629816949367,0.05181384366005659,0.027155916951596738,0.04660875666886568,0.016013220231980086,2.4914942622184753,0.29014681875705717,1.137931662797928
316,2.0600122809410095,0.009896937711164355,0.018382672034204007,0.0054995154961943625,0.013079501874744893,0.0664824191480875,0.07958421148359776,0.0050900658592581745,0.0025759236421436073,2.023038685321808,0.03272481355816126,0.026255568023771048
317,0.9127124905586242,0.37392141073942187,0.01067511858418584,0.023488818760961296,0.06532179042696953,0.09199293479323387,0.378474061191082,0.09707033894956112,0.006491358694620431,0.2351178377866745,1.4322216391563416,1.4293401181697845
318,1.5182873785495759,0.437051060795784,0.01759210554882884,0.022610069904476407,0.07535476423799992,0.08807240650057793,0.1839895613491535,0.017315112613141538,0.012166102277114987,1.988008975982666,0.6219245076179505,0.2235831007361412
319,3.0652825117111204,2.2561299204826355,0.0022484945482574405,0.3953777104616165,0.0016019999457057565,0.004286063881590962,0.00205401967978105,0.013963786978274583,0.001358274294761941,0.06581864953041076,0.025329515803605318,0.6915548145771027
320,0.005398611119017005,3.8504544258117677,0.004515880858525634,0.0061312902485951785,0.003446840529795736,0.01225027577020228,0.008760541025549174,0.006078851758502424,0.001895836793119088,0.0545960009098053,0.8294276505708694,0.43439591825008395
321,2.4550057530403135,0.4153923287987709,0.07114749178290367,0.9717495143413544,0.02398208389058709,0.03618417736142874,0.01648850170895457,0.018552070669829845,0.009633499523624777,0.821821641921997,0.43397708237171173,0.4297784388065338
322,1.2504785537719727,1.3615275144577026,0.015074299648404121,1.2728462398052216,0.029752253741025924,0.028947616275399924,0.5198216289281845,0.08032752871513367,0.0026027374784462153,1.0257221043109894,0.016613626573234796,0.002492476790212095
323,0.07066859193146229,2.031476676464081,0.07985826171934604,0.4128282368183136,0.0783513393253088,0.18217266201972962,0.04611869417130947,0.0252680666744709,0.08163675591349602,0.9042641788721084,0.7714026749134064,1.6825428366661073
324,0.07656727060675621,1.136086094379425,0.008571746805682779,0.02097345655784011,0.012014685990288853,0.037611386738717556,0.2917974844574928,0.023237301781773568,0.0027247717138379813,2.386897087097168,0.06549278944730759,0.2722466975450516
325,0.8752455055713654,3.1395665049552917,0.0053831386845558885,0.0209559072740376,0.019852056913077832,0.042954057641327384,0.029066666122525932,0.0386492257937789,0.0014815186150372028,0.155241696536541,0.05703379269689322,0.06503152176737785
326,0.1603095442056656,2.6076800346374513,0.02495228433981538,0.050147623755037785,0.01540808635763824,0.02012681756168604,0.008509718300774693,0.045118140429258345,0.005113982711918652,2.031399202346802,0.36027169078588483,0.21776581853628157
327,0.9268707811832428,0.029574665520340205,0.009520607255399226,0.011159244505688549,0.014113999018445612,0.04827778451144695,0.3465126097202301,0.1452080301940441,0.0038527651689946652,1.7702535390853882,0.12279974408447743,2.383508050441742
328,1.199267214536667,1.5625157713890077,0.010624324949458242,1.0951995134353638,0.025789967458695173,0.011292847385630012,0.022715144976973533,0.04083083309233189,0.0062655877554789186,0.41235907971858976,0.027313730493187905,0.1688114173710346
329,2.3767157196998596,0.7953319102525711,0.009884106134995818,0.011402403237298131,0.010193612147122623,0.14916655719280242,0.05841853357851506,0.0069940548157319425,0.008016371168196201,0.33112813383340833,0.06864199005067348,0.08164106644690036
330,2.5475486874580384,0.08929886631667613,0.008091991906985641,0.014149223500862718,0.03405325636267662,0.07127184048295021,0.045812297612428665,0.032248443365097045,0.006752492184750736,1.0765787303447723,0.12317131720483303,0.1153242189437151
331,0.12965851426124572,1.6311395347118378,0.006971937837079167,0.050112405233085154,0.017576313484460114,0.016214764304459096,0.4053741067647934,0.02154575875028968,0.0027639146312139927,0.07482006065547467,0.026152628660202026,2.3785575151443483
332,1.5417888343334198,0.008234187355265021,0.0053276655497029425,1.0879584550857544,0.05238461252301931,0.008636806765571237,0.010615236544981598,0.1484535500407219,0.001941183238523081,0.2495148114860058,0.006804406363517046,0.6342162370681763
333,0.18759117797017097,2.384218716621399,0.02098292075097561,0.08071971386671066,0.07898423187434674,0.05211458466947079,0.0180703385733068,0.018901525158435108,0.03016493497416377,0.7962802410125732,1.0001959592103957,0.8070656388998032
334,0.16189289167523385,1.633875572681427,0.07789931073784828,0.4134771555662155,0.09159011542797088,0.03565558400005102,0.015404646517708898,0.030748974718153476,0.010967786889523268,1.2130088090896607,0.4729429200291634,0.018411634862422945
335,0.43426722288131714,0.8252717107534409,0.02680964469909668,0.4084951117634773,0.023194670863449573,0.04613784402608871,0.06904833875596524,0.015599880972877145,0.013779434561729432,0.3215686872601509,0.7035144209861756,1.071372491121292
336,0.0098287140019238,0.7192893177270889,0.026622051745653155,0.011222148220986128,0.0792311754077673,0.053617322631180284,0.004317962029017508,0.013615563604980707,0.012424332508817316,0.17605313137173653,3.688613545894623,1.7124354183673858
337,0.49763052761554716,1.5168125689029694,0.1949522778391838,1.2090098202228545,0.006756306136958302,0.006681900168769062,0.0009788363735424356,0.15464541614055632,0.049415559880435465,0.03997541703283787,1.4352313041687013,1.1631479382514953
338,2.151294445991516,2.1142481088638307,0.0011445491458289326,0.00593845818657428,0.0014745090797077865,0.0039390044054016474,0.004652870283462107,0.048059511370956896,0.0008612066885689273,0.04191605392843485,0.007459521130658686,3.1567950367927553
339,1.1055419504642487,0.3708969086408615,0.032628534361720085,0.01686875121667981,0.015364713221788407,0.042123638279736045,0.008238331926986576,0.026218635495752096,0.012267128238454461,1.8009417712688447,0.32424389123916625,0.8848912090063095
340,0.6525713294744492,0.13251894637942313,0.018956303875893355,0.1457158587872982,0.010303808329626919,0.028496250789612532,0.017972485814243554,0.10821711197495461,0.011156775569543243,0.16097457706928253,0.46394153982400893,5.197227835655212
341,0.3875137656927109,2.022866678237915,0.011022205650806428,0.013411951763555408,0.02903978228569031,0.04451797585934401,0.038523864559829236,0.013944797590374947,0.005476784333586693,0.6644977033138275,0.018490285892039538,0.4837365120649338
342,1.483923602104187,2.0075087904930116,0.06789373494684696,0.05345749147236347,0.15015247613191604,0.19791627898812295,0.02394064636901021,0.06126691233366728,0.00797471166588366,1.858414089679718,0.9945540577173233,0.15669834688305856
343,0.5015694111585617,1.270268476009369,0.010298455599695444,0.08390052504837513,0.0251691322773695,0.016801620088517665,0.037180972099304196,0.16125793159008026,0.004303297190926969,1.0414111852645873,0.9709425956010819,0.011144729843363167
344,1.0109184384346008,1.6054396152496337,0.025976882595568896,0.11661927215754986,0.007918576779775323,0.052779984660446644,0.006860815151594579,0.01921045491471887,0.043865513615310193,0.262702152132988,0.917290884256363,3.3061300039291384
345,2.693918561935425,0.9661324977874756,0.018198737781494858,0.007963510695844889,0.019397473987191917,0.01847345717251301,0.0055550105636939405,0.009683053055778146,0.00734919891692698,0.19293296262621878,0.18088613748550414,1.0661679565906526
346,0.9121045023202896,0.12229658998548984,0.008808832662180067,0.016869695484638215,0.010944314720109106,0.037837502919137476,0.04746264573186636,0.10331475101411343,0.0023253686260432003,2.09806649684906,0.02137771584093571,1.4811110973358155
347,2.2808632850646973,1.2453578293323517,0.009977796347811818,0.07812136895954609,0.006520624295808375,0.014455430535599589,0.011263335263356567,0.07338497303426265,0.0032599199446849527,0.878113055229187,0.05077832192182541,0.023449071403592824
348,3.205395686626434,0.35949481278657913,0.0093082785140723,0.027972391992807388,0.01970192212611437,0.020453617628663778,0.2757088616490364,0.0377818601205945,0.005391025193966926,0.4894909381866455,0.024242863897234204,2.640939199924469
349,0.0038481149822473526,0.41012824028730394,0.01825563432648778,0.006397949811071157,0.006465621083043516,0.4176273629069328,0.1417258657515049,0.0030504131806083023,0.028471082076430322,0.49933621287345886,0.8878774523735047,0.15769250318408012
350,0.0028811418218538166,0.0376236217096448,0.017483706492930653,0.00503905052319169,0.016088685765862466,0.08300890289247036,0.004411975736729801,0.007643239432945847,0.007361741364002228,0.07876439355313777,1.6274697840213777,2.0741927862167358
351,0.0054066981421783565,0.1023943867534399,0.009351946506649255,0.00418595306109637,0.004266466223634779,0.050437473319470884,0.002906705974601209,0.002677801449317485,0.004413171764463186,0.02855364978313446,0.7504918456077576,3.9776486992835998
352,0.02153684590011835,1.7055093467235565,0.021120662894099952,0.03737120479345322,0.16608494520187378,0.09829469732940196,0.15473058968782424,0.02997724423184991,0.014147557644173503,2.2435437560081484,0.40029235035181043,1.2381792545318604
353,0.06011934317648411,1.5348060369491576,0.012953180260956288,0.29462426006793974,0.00978883532807231,0.020146669540554284,0.05098632518202067,0.10602493025362492,0.004067150969058276,0.7913848608732224,0.027183191478252412,1.1412409245967865
354,1.4318982064723969,0.48613822758197783,0.018801436573266984,0.029294581431895495,0.006654691253788769,0.015600086655467749,0.009742290247231722,0.09213578365743161,0.007177738077007234,0.9811351031064988,0.03313031140714884,0.3718768686056137
355,0.4429083466529846,0.9617080092430115,0.03196256160736084,0.0311368721537292,0.028696595504879952,0.042783709801733495,0.00651922773104161,0.1256093055009842,0.03636661879718304,2.6939002752304075,0.4486083880066872,0.15422496423125268
356,0.020188783761113882,3.293037450313568,0.05316828396171332,0.023541014548391102,0.05381570216268301,0.060450056567788124,0.008304100390523672,0.035310130752623084,0.010997628094628453,0.6235980421304703,0.21993470191955566,0.029341119062155484
357,0.44373507648706434,1.1198878943920136,0.008312042523175477,0.0419185558333993,0.11128592565655708,0.024163367692381144,0.16005607396364213,0.02967836828902364,0.0070749467471614485,0.09833003506064415,0.15467306077480317,2.294435203075409
358,1.5842390358448029,0.19989554956555367,0.006274317158386111,0.003764372249133885,0.01122687985189259,0.02053300626575947,0.0044337696162983775,0.0037951591657474637,0.008068966399878263,0.1248394999653101,0.4273125469684601,0.4896583691239357
359,2.2196250557899475,0.12282379642128945,0.40293793976306913,0.1126839317381382,0.11360488273203373,0.05331767480820417,0.0466228511184454,0.030658128578215836,0.029705329146236182,0.4556659907102585,2.20917010307312,0.8905600845813751
360,1.2607698678970336,2.3685102224349976,0.00794581430964172,0.14832258671522142,0.017997605167329313,0.015620545996353031,0.05240715984255075,0.05308151133358478,0.0029883584356866777,0.9490462273359299,0.03559185154736042,0.2092566728591919
361,3.9863614678382873,0.007876843307167293,0.01139497635886073,0.04235897306352854,0.009777140384539963,0.014330494683235884,0.1773182861506939,0.0037622476229444146,0.08284954130649567,0.7736045807600022,0.08830197341740131,0.0009075068141100929
362,0.014299927605316043,0.7618003398180008,0.016663957759737967,0.1428048588335514,0.008713995199650526,0.01622606748715043,0.17355863079428674,0.007347213849425316,0.006102559878490866,0.22631476148962976,0.543307313323021,1.916191303730011
363,0.011416081292554735,0.5914584338665009,0.010094227408990264,0.0078098789090290666,0.03900300581008196,0.03033179771155119,0.01441701538860798,0.02549313912168145,0.0037198075791820885,1.3131035804748534,1.7532709836959839,0.8063887000083924
364,1.9407704830169679,0.03746061455458403,0.031244109384715557,0.0487677676603198,0.0570512667298317,0.05530827902257442,0.019483975227922203,0.01873141285032034,0.012521356949582696,0.18910982832312584,0.9772770494222641,1.8501308977603912
365,0.00770445263478905,0.19004739075899124,0.09744555205106735,0.012805684702470899,0.03463650885969401,0.1761201985180378,0.029485201463103294,0.00857233996503055,0.01599159250035882,2.761926543712616,0.8050948888063431,1.7857573926448822
366,0.3187619999051094,0.6005982786417008,0.027947752363979818,0.019570875726640225,0.029277489800006152,0.059336701035499574,0.04476834125816822,0.013987599965184927,0.015534797916188836,1.612877506017685,0.3568999856710434,1.6514365732669831
367,0.12223057374358177,0.2058859162032604,0.03990221694111824,0.06765631549060346,0.02741420203819871,0.054204027727246286,0.01401247181929648,0.11231038942933083,0.00881784949451685,1.1900048911571504,2.0428241372108458,0.76317999958992
368,0.2614964857697487,0.30296353399753573,0.14991515427827837,0.06314034201204777,0.07998687736690044,0.056032328680157666,0.04226074833422899,0.051350051909685133,0.08307502754032611,0.23246417865157126,1.404494732618332,2.575660598278046
369,2.247028076648712,0.0006652492971625179,0.5368101298809052,1.9285194873809814,0.013703637756407261,0.033347548358142375,0.016641792096197604,0.040655148960649964,0.10072409175336361,0.8643955558538436,0.33490376770496366,8.942147142079193e-05
370,0.0291969976387918,0.1109160166233778,0.10141820423305034,0.014721288299188017,0.014384967368096113,0.07067489847540856,0.016504114866256712,0.011507554678246379,0.028098756819963454,0.11935324519872666,1.4290217816829682,0.44781172424554827
371,1.0697249054908753,0.40760747641324996,0.012531719217076898,0.012915139785036445,0.02492711003869772,0.04708121083676815,0.18332255706191064,0.015201080637052656,0.011363771045580506,0.5510662257671356,0.20315326750278473,1.1249105334281921
372,0.012716017849743366,1.089130014181137,0.008835668349638582,0.01666296413168311,0.007723460253328085,0.02542215371504426,0.008078179275617004,0.01416149507276714,0.015339543856680394,0.10564170628786088,0.33847794234752654,3.11826696395874
373,0.013140766276046633,0.16963030770421028,0.003730501502286643,0.01446940191090107,0.004684617626480758,0.008408736996352672,0.007946122996509075,0.11674369387328624,0.00140923437429592,0.03296799063682556,1.1749600768089294,0.5221848428249359
374,0.005360611295327544,1.0233387410640717,0.013748501567170024,0.006082657724618912,0.006937021878547967,0.4771463185548782,0.14490318447351455,0.006580194015987218,0.005795727670192719,1.3369712293148042,0.15554583966732025,0.012526547163724899
375,0.968479934334755,0.27375747114419935,0.029360002744942906,0.795472052693367,0.017204526346176863,0.024505957402288916,0.05199387688189745,0.09166197031736374,0.006789015023969114,0.5978768289089202,0.10882573947310448,0.59607153236866
376,0.7607723832130432,2.7173613786697386,0.003310742508620024,0.061990960873663424,0.0022502620122395456,0.005284582008607685,0.004150938824750483,0.14485471397638322,0.0027248527971096338,0.06930063925683498,0.06856332570314408,0.06991013064980507
377,0.009264808800071477,0.6908481389284133,0.020470184832811357,0.008787770243361592,0.007575479801744223,0.025605269335210325,0.014997862884774804,0.004872140800580382,0.005381342698819936,0.06368728540837765,1.4759896576404572,2.280483901500702
378,0.00218064304208383,2.434449255466461,0.004473896394483745,0.0035751690389588474,0.00545809455215931,0.05474558472633362,0.027322869561612607,0.002078083239030093,0.0030852783704176543,0.059142121486365794,0.7436214089393616,0.5939628630876541
379,1.0200086057186126,1.43494952917099,0.013894519861787557,0.009271123772487044,0.1291216492652893,0.05120743941515685,0.31694017350673676,0.06317633837461471,0.0029290170059539378,0.272111614048481,0.012664777459576726,4.494626426696778
380,0.9071425050497055,0.04506046790629625,0.028618054743856192,0.05760189723223448,0.05749746803194285,0.45687424540519717,0.056285932473838333,0.016982435435056686,0.014803086034953596,0.5851492196321487,0.1280446879565716,2.9761439681053163
381,0.19057023972272874,0.021501428820192812,0.012679210212081671,0.00823266776278615,0.008805762929841877,0.0529285591095686,0.22750178426504136,0.008011466776952147,0.00440010151360184,2.144326090812683,1.641025072336197,0.9240219444036484
382,0.011775123467668892,0.8409066826105118,0.09778619818389415,0.31957605481147766,0.03199373707175255,0.3623144134879112,0.07962491102516651,0.03570043463259935,1.4305736541748046,0.2720984548330307,1.6451377153396607,0.003663907328154892
383,0.224098152667284,2.529893660545349,0.018911146000027655,0.029734188970178366,0.030008848756551743,0.06309322230517864,0.025253661163151263,0.055627339892089366,0.005975357280112803,0.49385110586881636,0.34950938671827314,0.1989058792591095
384,0.1764905944466591,0.9174952656030655,0.02888639997690916,0.29495534002780915,0.14064522832632065,0.054824155569076535,0.011708930693566799,0.13161864504218102,0.0943477425724268,0.28304846584796906,1.251163375377655,1.4688862204551696
385,0.6134947091341019,0.05463190507143736,0.008062477642670275,0.012496594293043017,0.013558156555518508,0.044187483936548234,0.1026302669197321,0.017642324138432742,0.006301843840628862,1.2311405897140504,0.06776536665856839,4.628738880157471
386,2.952531659603119,2.3855002522468567,0.008898951346054673,0.214203405380249,0.030694702733308078,0.005860487627796829,0.002476178796496242,0.0622087499126792,0.005858009937219322,0.09258165210485458,1.4419215500354767,0.020561598148196934
387,0.004530640318989754,0.6863266110420227,0.010459449281916023,0.006945396587252617,0.008231052290648222,0.39139880836009977,0.01177467592060566,0.005138376704417169,0.009126340411603451,0.1071765273809433,2.130489206314087,1.800786066055298
388,1.27465563416481,0.8379117161035537,0.012376178707927465,0.12112617678940296,0.006426511099562049,0.011952885240316392,0.006197783909738064,0.22680086344480516,0.0025680463295429945,0.7309258788824081,0.03654268924146891,0.6370697915554047
389,0.14797548428177834,3.2069754362106324,0.13389495983719826,0.033552462607622145,0.007294720248319209,0.06810794658958912,0.0058924901299178606,0.012695150636136533,0.00466029760427773,0.21411746293306352,0.3325998395681381,0.536399582028389
390,0.04107815120369196,1.099505865573883,0.019855251349508763,0.04557073134928942,0.022608595527708532,0.24279444366693498,0.06325259804725647,0.008455213438719512,0.016887402161955833,0.20009258389472961,0.9369174629449845,1.7239308893680572
391,2.3200995445251467,0.20690556466579438,0.001970267354045063,0.0017207179451361298,0.007908092951402068,0.024816493969410658,0.004674758296459913,0.0025631547323428094,0.0008103939675493166,0.04885060023516417,2.714894652366638,0.004240878741256893
392,0.4194304943084717,0.01877269195392728,0.024292414635419847,0.020468819048255683,0.1847045361995697,0.032269527390599254,0.013978296192362905,0.06539969928562642,0.010346088744699954,1.1012865722179412,0.6543282479047775,0.474379263818264
393,0.009397298377007247,0.815731355547905,0.00977436830289662,0.0048735271207988266,0.008829975826665759,0.01040289644151926,0.002892925462219864,0.007211740594357252,0.004563716659322381,0.10113151930272579,0.04903803151100874,3.179026782512665
394,2.2318869471549987,0.6924377977848053,0.01365730632096529,0.01006207587197423,0.04660649001598358,1.0249007046222687,0.061398562788963315,0.006148496712557972,0.006843883404508234,0.24144124314188958,0.0677797332406044,0.19118469208478928
395,2.0717350840568542,1.3247918725013732,0.017217694222927096,0.018077669199556112,0.05129320472478867,0.038647900335490704,0.0076808622805401685,0.07157940603792667,0.005330312834121287,0.2990103647112846,0.21672278866171837,0.4425579831004143
396,0.5629442363977433,0.5152900815010071,0.07503267228603364,0.12377942577004433,0.1293528348207474,0.14026162177324294,0.06759200766682624,0.028717283345758914,0.022055879421532153,1.3412321150302886,0.4616151973605156,2.9182551741600036
397,0.010596895078197121,2.0866066932678224,0.016982377879321574,0.3881896987557411,0.017472760286182165,0.022254654485732318,0.0065385842928662894,0.006536714266985655,0.013272499479353429,0.24636184573173522,2.2312469124794005,0.05461988914757967
398,0.85202816426754,1.0911775767803191,0.0036463499534875156,0.009647824801504612,0.002046861976850778,0.005602116533555091,0.005002589523792267,0.02248218273743987,0.0017280914646107704,0.03396657463163138,0.01792770018801093,4.580160093307495
399,1.841275441646576,1.8029478371143342,0.008024063194170594,0.033514374680817124,0.008497721748426557,0.015196626912802458,0.0027304246439598502,0.005632864101789892,0.018894409108906985,0.05323968287557364,0.08926074132323265,0.949525099992752
400,0.9201229572296142,3.3560963749885557,0.00952145573683083,0.04656749051064253,0.013859023433178663,0.016691992431879046,0.027570836152881383,0.2895050197839737,0.003328950167633593,0.5253737449645997,0.06222541779279709,1.7455505967140197
401,1.3203280687332153,3.671252489089966,0.011750829173251987,0.029782430641353132,0.015723295230418443,0.27271611988544464,0.027174659445881846,0.03555317968130112,0.0037382479989901186,0.27704061269760133,0.10218981318175793,0.35479636043310164
402,1.202950519323349,0.626642370223999,0.9105655789375305,1.2589921832084656,0.0506028076633811,0.26875785142183306,0.09556433819234371,0.01065929103642702,0.031107960641384127,0.614285358786583,0.08876346386969089,1.261751836538315
403,0.30146974623203276,0.019389120489358903,0.015440112259238959,0.018156812340021134,0.008061720989644527,0.02328174263238907,0.005345791974104941,0.005456332000903785,0.006232438213191927,1.0280236184597016,0.19304596856236458,2.913947916030884
404,0.006642225850373507,0.42305582463741304,0.011421314068138599,0.019737120997160674,0.008221818180754781,0.023218699917197227,0.0038988670334219933,0.005564456479623914,0.009577301843091846,0.3176922157406807,1.5593334555625915,2.318776345252991
405,0.7189639240503312,0.9912675440311431,0.02295942511409521,1.9197972774505616,0.064822356402874,0.030722364131361247,0.010699636209756136,0.06418899334967136,0.04458689950406551,0.9414157867431641,0.7133575260639191,0.30541980266571045
406,1.0194479465484618,0.3221770733594894,0.029877708572894335,0.5536240309476852,0.03342754431068897,0.32399462908506393,0.2622788995504379,0.16354116275906563,0.022772642876952888,0.8631547600030899,0.16187370270490647,3.253303754329681
407,0.39914076328277587,2.445150363445282,0.00939467311836779,0.14231744408607483,0.048351105861365797,0.03167292177677154,0.007028090581297874,0.005513785360381007,0.011412752419710159,0.31978284269571305,1.27425656914711,0.148907683044672
408,0.034929198771715166,0.33294217884540556,0.03067030953243375,0.015241095423698425,0.03168935514986515,0.3673338875174523,0.28736998587846757,0.019115891121327878,0.01795248668640852,0.8161482334136962,0.14326235204935076,3.7314548254013062
409,1.8358231961727143,1.4954968214035034,0.002892712643370032,0.007256503822281957,0.0038324276567436757,0.00782351370435208,0.009587861644104124,0.00924737909808755,0.0009246697649359703,0.0758630458265543,0.013049988681450487,0.5962516874074936
410,0.4940274178981781,1.4520122826099395,0.0022747103474102916,0.00739424682687968,0.0017109588196035474,0.0031956974999047816,0.0009243305219570175,0.03945666383951903,0.001179199997568503,0.02576406206935644,0.010653117531910538,3.659826159477234
411,0.4812605932354927,0.4431765556335449,0.02649597926065326,0.06790922209620476,0.06777804903686047,0.10750513561069966,0.029599276836961508,0.0212074376642704,0.0073614646680653095,0.33212388902902606,0.8470825254917145,4.444468331336975
412,1.8189797937870025,0.02807388864457607,0.0021616728743538262,1.428642463684082,0.002626106096431613,0.0027736359159462156,0.0026176512939855455,0.0028137708082795142,0.0010479391494300216,0.016171639319509268,0.13280471935868263,0.06412150897085667
413,3.6216924667358397,0.0245762437582016,0.004613406490534544,0.00526640813332051,0.0031704424181953073,0.010831210669130087,0.014873489225283266,0.008646726468577982,0.00271685014013201,0.32605030089616777,0.010311637772247195,2.066166639328003
414,0.3900852844119072,5.467559862136841,0.04546327367424965,0.2685371205210686,0.19366749748587608,0.08123792223632335,0.036154207587242124,0.027357232477515935,0.05449805501848459,0.3597666546702385,0.8973310440778732,0.2074788101017475
415,0.3707341834902763,1.0341377973556518,0.012921428261324763,0.033773564547300336,0.03162270374596119,0.038302303105592725,0.09999268501996994,0.1222805168479681,0.004048971622250974,0.35302126258611677,0.025022713374346493,1.6417608201503753
416,1.1447840809822083,2.0226685285568236,0.004039547289721668,0.0927982322871685,0.012276797974482178,0.011503558279946447,0.0790607038885355,0.04716438949108124,0.0016690352233126762,0.17812540903687477,0.023513126652687788,0.9196816444396972
417,2.652019035816193,0.05101011954247951,0.015168436616659165,0.7955555737018585,0.020422555319964886,0.015146589651703835,0.008253690646961331,0.0830116830766201,0.004613706655800342,1.1184292435646057,0.018133422266691922,1.6998281836509705
418,0.05840633623301983,3.1402273297309877,0.00565477239433676,0.017140387371182442,0.012004622351378202,0.03459113910794258,0.38368700444698334,0.05528970491141081,0.0020972563070245087,0.06335656344890594,0.025510114710778,0.7364853829145431
419,0.6164665132761001,0.021932528726756575,0.006759030511602759,0.006945597194135189,0.029712271876633167,0.028516188636422156,0.008087043184787035,0.004742090217769146,0.00342883839039132,0.7305703312158585,1.1904458403587341,2.374902629852295
420,2.3746609449386598,0.019646494183689356,0.0517202204093337,0.013446041196584702,0.2035929888486862,0.05302365683019161,0.1681395247578621,0.049499066546559334,0.010090089309960604,1.6860588490962982,0.07043015547096729,0.25692986100912096
421,1.0928864240646363,0.08768081292510033,0.01207084502093494,0.006842705770395696,0.006363003002479673,0.032809142209589484,0.18731272220611572,0.019210004713386297,0.0025661827647127213,1.5058303415775298,0.4590852588415146,0.8584625065326691
422,1.2399647116661072,1.006075417995453,0.029430575668811798,0.028844983037561178,0.019241489190608262,0.03620714843273163,0.015346257807686925,0.10626794546842575,0.017256020195782186,0.3867144137620926,1.477772843837738,0.03724547401070595
423,3.663265120983124,0.6898796290159226,0.004735109070315957,0.003764226892963052,0.0037643527961336077,0.009204206429421902,0.016433776821941137,0.011070938315242529,0.0012315578584093602,0.31843232214450834,0.0814311072230339,0.19351478815078735
424,0.17780048847198487,0.6757956504821777,0.014308914495632053,0.03364913873374462,0.04704144690185785,0.04367306996136904,0.014743876969441771,0.014535477291792631,0.12365656867623329,2.436149203777313,0.39891192466020586,0.13751575946807862
425,1.0512190997600555,2.4804104447364805,0.012222230387851595,0.36453110426664354,0.011733780102804302,0.029129703436046837,0.004224346065893769,0.050425853580236435,0.013357430789619684,0.09573044665157796,0.6469590306282044,0.09791361317038536
426,0.1565054476261139,0.5759386450052262,0.04407835230231285,0.3517854645848274,0.03243065308779478,0.04223098494112492,0.02885835412889719,0.04989075232297182,0.023773837089538574,3.686755955219269,0.31600452214479446,0.0016353504674043507
427,0.7801456451416016,3.1391658902168276,0.0058027300750836735,0.0320141201838851,0.010309525672346354,0.013950534304603935,0.0047496409155428415,0.016450471244752407,0.0024380138958804308,0.09704069569706916,0.0709977075457573,1.0257826924324036
428,3.1870652079582213,0.950432538986206,0.01845520092174411,0.010731744021177292,0.01200383510440588,0.021291025448590517,0.0996823824942112,0.011251031560823322,0.005132229230366648,0.45990965366363523,0.05843226257711649,0.9067538052797317
429,1.22273188829422,0.017839246802031992,0.05013926886022091,0.01753205871209502,0.02122073378413916,0.2867462560534477,0.011940010217949748,0.012827672157436609,0.007568612229079008,1.8388891756534576,0.7291792899370193,0.8964083939790726
430,2.177021062374115,1.8550561189651489,0.006295628636144102,0.011618910869583488,0.010779337724670768,0.02555854171514511,0.0497136689722538,0.06163061875849962,0.0025654661119915547,0.466067861020565,0.04856160990893841,1.319645345211029
431,0.0028356331866234543,2.2494966268539427,0.013923327019438148,0.0058758430881425735,0.0011620574980042875,0.005125952186062932,0.0005532662791665644,0.0026227937894873323,0.002860604878515005,0.048161148093640804,0.34321304559707644,0.760941618680954
432,0.0013126083358656615,1.7836126744747163,0.18258809819817542,0.00872338111512363,0.010349676804617047,0.058050904609262946,0.20765187442302704,0.017469340283423663,0.02347276620566845,0.12407294288277626,1.7008277595043182,0.0037872710498049857
433,0.589504063129425,1.1218937575817107,0.003025819221511483,0.005933796288445592,0.0028148920508101584,0.010482275020331146,0.006403801497071981,0.005393707565963269,0.0025993270799517633,0.02706469502300024,0.0661592036485672,4.023011708259583
434,2.2060417771339416,1.9702097356319428,0.0031252941465936606,0.007802134961821139,0.0029580114991404117,0.007607276388444007,0.006313202087767422,0.01376437759026885,0.0006102902494603768,0.09739549644291401,0.016710848454385998,1.5561712384223938
435,0.612480816245079,2.3704065918922423,0.04865205697715282,0.0859792660921812,0.0585164749994874,0.13314446434378624,0.1844582326710224,0.10444426462054253,0.016734887566417455,0.7766798108816146,1.074226188659668,0.009149097045883537
436,0.635928076505661,0.40923861861228944,0.016224561166018246,1.0048979640007019,0.008219308080151677,0.017126526962965728,0.04592087436467409,0.03522819634526968,0.008099482767283917,0.061427421122789386,0.31840814352035524,0.9249562710523606
437,1.5080754816532136,0.4844922870397568,0.006102657271549106,0.01170115415006876,0.012986726732924581,0.02406429061666131,0.02381643084809184,0.04145199302583933,0.0016379522567149254,0.6689880698919296,0.9150787711143493,0.5428357779979706
438,1.1278052747249603,1.4043216228485107,0.05298762507736683,0.5313141345977783,0.014804665464907885,0.05700690876692534,0.004754813970066607,0.014200470596551896,0.8065811157226562,0.1875861570239067,1.8872125506401063,0.30065357238054274
439,0.9509351879358292,0.006198568199761212,0.031102336011826992,0.02209784584119916,0.08384654708206654,0.0605804231017828,0.1811525709927082,0.03860327117145062,0.005883637792430818,0.7899687349796295,0.5027690261602402,0.08518233262002468
440,1.6685742139816284,1.1149039268493652,0.009887325344607234,0.03199896812438965,0.023035128228366376,0.1453564777970314,0.038135164976119997,0.006723997113294899,0.008305278792977332,0.8438373446464539,0.13173515051603318,0.010203927708789706
441,1.2710421681404114,0.24601867720484732,0.005515800905413926,0.012918509356677533,0.004590876470319928,0.09416300021111965,0.3229255065321922,0.0028342109522782265,0.004243521904572845,0.08290579728782177,1.0653162956237794,0.09778559319674969
442,0.551544314622879,2.706981372833252,0.02146027106791735,0.04573420751839876,0.004628178104758263,0.014386493666097523,0.007491018786095083,0.008998746983706951,0.007482846477068961,0.23838112875819206,0.10844462960958481,0.8652626365423203
443,0.30642529428005216,2.4510009050369264,0.004658391536213458,0.023579713609069585,0.0039015863789245487,0.009425240522250532,0.005730409920215607,0.008463004603981972,0.004051232803612947,0.7585086405277253,0.048722926154732706,0.45971215665340426
444,1.3961415231227874,1.4356241941452026,0.005703925108537078,0.008468855638056993,0.009121144097298384,0.045821824483573435,0.3563644543290138,0.0038186683552339676,0.0028731912607327104,0.509331464767456,0.030075844284147026,0.8999484747648239
445,1.239992183446884,0.5921778231859207,0.0743985764682293,0.02096888078376651,0.02500030789524317,0.6559035778045654,0.01790611045435071,0.03020167574286461,0.035111482441425326,0.7712755858898163,0.9603635549545289,0.6059866845607758
446,2.2723066449165343,0.01015285481698811,0.014966501854360104,0.007979544438421726,0.018910926766693592,0.02834937907755375,0.014327720133587718,0.16223861202597617,0.008332154527306557,0.3808097139000893,1.9952363550662995,0.5935326963663101
447,0.04070556089282036,0.3808522015810013,0.10901066362857818,2.224348723888397,0.012047130893915892,0.01996493889018893,0.004155064933001995,0.02651613773778081,0.0067756130592897534,0.12846313118934632,0.9274255782365799,0.4602462112903595
448,0.6827617049217224,0.6901796221733093,0.08281418606638909,1.6755313873291016,0.08824458532035351,0.10419112220406533,0.08295929431915283,0.07075364105403423,0.11506941504776477,0.26401275098323823,1.2556672871112824,1.6409498512744904
449,1.1870084762573243,2.0635743260383608,0.016652298532426356,0.02611668109893799,0.05395168829709292,0.023939828854054213,0.048985541611909864,0.010976358270272614,0.006951468088664115,0.25017881393432617,0.2685226783156395,1.3906174004077911
450,0.8591768771409989,1.4455476582050324,0.012577796401455999,0.017783173266798256,0.007223792769946158,0.02797803599387407,0.15554218962788582,0.017746104393154383,0.010484009888023138,0.4833102270960808,0.04569211490452289,2.0141021013259888
451,1.2328725576400756,0.1491509661078453,0.0016882346710190177,0.004413082799874246,0.0028898749500513078,0.006472567422315478,0.00349430984351784,0.007557133515365422,0.0017714046989567578,0.045401031337678435,0.01354152481071651,3.814719545841217
452,0.08115750029683114,2.5633177280426027,0.018141440209001304,0.03641244899481535,0.023196358792483808,0.04651417061686516,0.1662720687687397,0.058413480408489704,0.008026245934888722,0.6852169811725617,0.09758878275752067,0.10794023312628269
453,0.443680165708065,0.17990870401263237,0.03847074769437313,0.4017220214009285,0.11272036992013454,0.1383874960243702,0.2044250451028347,0.03674481865018606,0.017208057269454003,0.8810728192329407,0.5696506381034852,3.203272545337677
454,0.32376289218664167,0.002538926503621042,0.07235083244740963,0.03157473616302013,0.18205908983945845,0.36281480044126513,0.010411753924563527,0.023113257996737958,0.015249938005581498,1.3752760112285614,1.787741094827652,0.04503457359969616
455,1.3906998455524444,0.8366509705781937,0.025647925585508345,0.1353513330221176,0.033537997491657735,0.045734550245106226,0.0445574339479208,0.07023724466562271,0.10470817871391773,0.33303501456975937,0.6228308022022248,1.6218988656997682
456,0.07327867299318314,2.898075354099274,0.0188204032368958,0.015485154278576375,0.013316883146762848,0.01625561574473977,0.0070025545777753,0.11460030004382134,0.0038657351862639187,0.23179485872387887,0.0659425299614668,2.0361999034881593
457,2.67419548034668,0.27797738164663316,0.0031757882214151325,0.00532491528429091,0.0065651084296405315,0.007513484125956893,0.16434286236763002,0.00885783638805151,0.0008803298638667912,0.2851677030324936,0.005462406412698328,1.5913994431495666
458,0.20770505890250207,0.5416251480579376,0.17339663431048394,0.013151054130867123,0.013202557805925608,0.08817075192928314,0.00754695674404502,0.007938518235459924,0.03393386714160442,1.5812291860580445,1.7728428184986114,0.9652020126581192
459,0.7441593319177627,1.0282658755779266,0.017600958794355394,0.7484765619039535,0.006141019123606384,0.02059155832976103,0.003226069745142013,0.03988039419054985,0.0577760161831975,0.08534798994660378,1.4869552373886108,0.9792781591415405
460,0.6109206527471542,0.08728316314518451,0.01762552047148347,0.025213939417153598,0.008535182755440473,0.0974589552730322,0.15384809598326682,0.01132780876941979,0.0036300567327998577,0.37734400779008864,0.06283757202327252,2.1639416217803955
461,0.002368760108947754,0.028597043268382548,0.16625900343060493,0.011138937436044216,0.009710714919492602,0.09830312058329582,0.004234706377610564,0.005665608076378704,0.008232540311291814,0.3131742373108864,0.9796792715787888,1.2812323689460754
462,0.3909592792391777,0.05711746513843537,0.024496316630393266,0.01354862814769149,0.06001465879380703,0.14937095418572427,0.19533825740218164,0.014365988271310925,0.009851116547361016,0.6602720230817795,1.491124939918518,3.160439658164978
463,1.5100099444389343,2.7504235744476317,0.0076854290207847955,0.03392077796161175,0.02019702037796378,0.032865752838552,0.005609896173700691,0.011709865182638168,0.007058476214297116,0.1866783693432808,0.05129267144948244,1.9809188306331635
464,0.029473771061748266,0.6132987201213836,0.05464735515415669,0.022190338280051947,0.02628326239064336,0.06262564845383167,0.1413856066763401,0.0236007877625525,0.468061101436615,0.17537470012903214,0.18264157921075821,4.741511297225952
465,0.2686894401907921,0.392935486137867,0.018573234509676694,0.017791406717151403,0.1936013214290142,0.06007909905165434,0.16698524653911592,0.01742258705198765,0.005333227920345962,1.1891089379787445,0.02231149924919009,2.544209909439087
466,2.5379990220069883,1.4486546158790587,0.0020127768744714557,0.004293186054565012,0.008732877532020211,0.010926419775933028,0.006356605072505773,0.0842901386320591,0.0010102653002832084,0.4418566644191742,0.005908848531544208,0.1733513966202736
467,0.02247862033545971,1.6202163755893708,0.03118689376860857,0.08957767337560654,0.006172306300140918,0.014252042397856712,0.011541177984327078,0.023657375108450653,0.005579987494274974,1.096961295604706,0.9728253036737442,0.11137486808001995
468,0.33930788934230804,2.023436188697815,0.007612417778000235,0.014029422774910927,0.0036926363944076003,0.01682227160781622,0.016790317371487617,0.010380686959251761,0.008944316394627094,0.06430923566222191,0.02909477660432458,1.6575133979320527
469,0.7278635561466217,1.217747873067856,0.015461256867274642,0.04203118868172169,0.08013096041977406,0.020024082995951178,0.011192463850602508,0.09723366536200047,0.008399189962074161,0.7322459787130355,0.17094400450587272,1.3250400304794312
470,1.0054307460784913,4.70441460609436,0.012566837761551142,0.042778360284864904,0.016766570787876845,0.12937511652708053,0.03232699502259493,0.0833978109061718,0.0029635778861120342,0.149443668872118,0.12060813121497631,1.2642527222633362
471,0.9115088015794754,0.41372927725315095,0.17639527469873428,1.1771769523620605,0.015430302731692791,0.06684281565248966,0.02040864070877433,0.051050804741680625,0.012763016391545534,0.46423890739679335,0.32713610827922823,1.7481240034103394
472,0.044129937514662744,2.580489122867584,0.014622480981051922,0.03125419216230512,0.017609561141580344,0.05838193017989397,0.04054953083395958,0.03683099318295717,0.008192236861214041,1.7237277328968048,0.4351124241948128,1.2241565763950348
473,0.45565336644649507,0.005397036159411073,0.012430650554597378,0.3182692125439644,0.008868091739714146,0.05175215639173985,0.01239707195200026,0.006092033651657403,0.20198290124535562,1.126940953731537,1.7184982538223266,0.22816811949014665
474,0.4033937782049179,0.32271907329559324,0.01961758006364107,0.04196730311959982,0.017084935121238234,0.18662623167037964,0.21736658811569215,0.026677521597594026,0.005625051143579185,0.4049234926700592,1.1493001520633697,0.7113105475902557
475,1.4741611659526825,2.2527213215827944,0.005838284268975258,1.0078556776046752,0.0037937270128168164,0.007579723768867553,0.01533829839900136,0.023713011667132376,0.001983459945768118,0.05489492379128933,0.07927881702780724,0.008842356549575926
476,0.7473683506250381,0.15126843601465226,0.17291557565331458,0.9436889916658402,0.043763200379908086,0.055844427272677424,0.011254425859078765,0.04059266801923513,0.29399715960025785,1.225382435321808,0.42256117314100267,0.5757818967103958
477,0.08832580111920833,1.5872189462184907,0.06474601589143276,0.053032218106091024,0.013666162127628922,0.05630441326647997,0.04240786880254745,0.009807562781497836,0.01046414626762271,1.3904466509819031,0.5486970782279968,0.2649316444993019
478,0.7093589812517166,1.3602929890155793,0.012681663222610952,0.024384905025362967,0.059039529785513876,0.08129711672663689,0.5058785438537597,0.2572465673089027,0.0038062517647631466,0.6191987216472625,0.032723250798881054,0.9273719608783721
479,1.0490800142288208,0.6625474750995636,0.043826765939593317,0.019361364003270865,0.038260175846517086,0.03707094881683588,0.01633310141041875,0.047723781876266004,0.005911347270011902,0.1460332676768303,0.3671901851892471,1.6241082012653352
480,0.1012029655277729,3.0286981582641603,0.01938128676265478,0.018679947685450317,0.014372340543195606,0.050403153710067275,0.0795677736401558,0.08483892492949963,0.010391243314370514,0.3403173416852951,0.48768492639064787,0.5322891533374786
481,0.4214557662606239,1.205717635154724,0.032914839871227744,0.01980976415798068,0.06932921111583709,0.32248914539813994,0.022309520933777093,0.18607660979032517,0.009309802437201142,1.5183750212192535,0.43857196569442747,0.4392158895730972
482,0.535991233587265,0.42992477118968964,0.01023151450790465,0.2866919696331024,0.010496370866894722,0.02314797304570675,0.016848147846758366,0.08641456589102745,0.03224896155297756,0.38602284640073775,2.2766401410102843,1.8375816106796266
483,0.02023829845711589,2.0369296789169313,0.006312315678223968,0.0310904280282557,0.05838668681681156,0.009687176952138544,0.011480877501890063,0.10939029827713967,0.01168052302673459,0.03968570288270712,0.3032155573368073,0.7664060056209564
484,0.007042892021127045,0.016290522180497646,0.03326546084135771,0.004512804397381842,0.053065686486661434,0.4436422988772392,0.005555098713375628,0.007582872593775392,0.002346484747249633,0.6618492901325226,0.026087357848882674,3.029945135116577
485,1.4605955600738525,2.918647563457489,0.025193276163190604,0.12031484358012676,0.023158717900514603,0.07845254577696323,0.11093684993684291,0.013214721763506533,0.028318876307457684,0.45809960216283796,0.2248188190162182,0.016053255647420883
486,0.3693667232990265,1.3737563133239745,0.025873912684619426,0.10000710897147655,0.016129667311906813,0.13804348260164262,0.025004398729652166,0.030622556898742916,0.005365674337372184,1.7697372674942016,0.10074452385306358,1.1637054920196532
487,1.2556347846984863,0.7614270329475403,0.012178824050351977,1.267567366361618,0.012958393339067698,0.01439072610810399,0.00696850074455142,0.06296160034835338,0.006774976872839034,0.14403765574097632,0.028301730565726758,3.4845902800559996
488,0.0609015628695488,2.8289496898651123,0.01578765846788883,0.02879957277327776,0.03310035206377506,0.13022051900625228,0.05238089542835951,0.09423669427633286,0.023075851239264013,0.7033069938421249,0.049705819599330424,0.4255356118083
489,0.8246413677930832,0.009643342159688473,0.01707173427566886,0.03692737426608801,0.0056161215296015145,0.011750627914443612,0.05366495512425899,0.031162104010581972,0.0031320153851993383,2.40401371717453,0.5431359469890594,0.33077423721551896
490,0.46264023780822755,0.7102708756923676,0.055293948762118815,0.03697116523981094,0.03154147770255804,0.024070075526833535,0.007821462000720203,0.012371779978275299,0.008513626176863909,0.21779653504490853,0.07403323575854301,3.1129701733589172
491,2.1658451914787293,0.3865585491061211,0.00398696877527982,0.0074090132722631095,0.005393209517933428,0.11343495585024357,0.023195137083530427,0.1502278797328472,0.000929343022289686,0.9868627071380616,0.00886168354190886,0.053973131254315375
492,1.5597268164157867,0.8720481127500535,0.04993002209812403,0.12291175834834575,0.018026950210332873,0.0587614769116044,0.2454334668815136,0.259672749042511,0.026723488327115776,2.853336048126221,0.4634967505931854,0.27977040559053423
493,0.23669446259737015,8.206783131754491e-05,0.033703889511525635,0.02009596060961485,0.07477050684392453,0.05938476212322712,0.008503131940960884,0.004219279740937054,0.009975827997550368,2.354006552696228,1.3416601061820983,5.040469095547451e-05
494,2.7193889141082765,0.8313175976276398,0.012746159639209508,0.01034271763637662,0.01152254082262516,0.029596483055502176,0.08779288232326508,0.004428782220929861,0.00861273412592709,0.33117122799158094,0.6841894209384918,0.37003162056207656
495,0.032338517531752584,1.6909599244594573,0.01845522653311491,0.028745323326438664,0.022380804177373648,0.054436791129410265,0.01580941751599312,0.06789865605533123,0.01272950079292059,0.295257967710495,1.2932759284973145,2.5303561687469482
496,0.03973333854228258,1.339608758687973,1.1917436718940735,1.06578449010849,0.47501445561647415,1.382264459133148,1.9354265868663787,0.9428196042776108,0.0990272868424654,0.5830279022455216,0.3923246324062347,0.40246245861053465
497,0.7129305392503739,0.11051354743540287,0.25157748758792875,0.8373635202646256,0.9870051324367524,0.4507014364004135,0.06263822354376317,1.5867182791233063,0.2188354954123497,0.8216271281242371,0.5251768946647644,0.7146871715784073
498,0.003296255215536803,0.00044691060029435905,0.20219713374972342,0.03610388599336147,1.62595654129982,0.20191836804151536,0.15010531917214393,2.776065099239349,0.021879360638558866,1.2856829047203064,0.06642240658402443,9.972497828130145e-05
499,0.08734048195183278,0.9920017093420028,0.015384026244282723,0.032797140255570414,0.025207271426916124,0.1175202801823616,0.8472998380661011,3.7355546712875367,0.0028167931362986566,0.2366331361234188,0.03833798598498106,0.6190547674894333
500,0.004039774811826646,0.43059086352586745,1.0614823579788208,0.027525368705391885,1.839322030544281,0.15988275408744812,0.06379432007670402,0.8753811776638031,0.038990911655128004,0.1124385915696621,0.6647134482860565,1.7908946096897125
501,0.008430857816711069,0.18812962397933006,0.37817533165216444,0.016591021697968243,2.4890677452087404,0.601079723238945,0.9115852415561676,0.36265907287597654,0.03412198014557362,0.15496396273374557,0.6028781920671463,0.4527338191866875
502,0.001588593685301021,0.0003894894267432392,0.5015448212623597,0.6201142817735672,1.5690186500549317,0.6717777848243713,0.8571592777967453,0.039459879882633685,0.10773970149457456,0.5789795994758606,0.29060124456882475,0.0002523502305848524
503,0.17593513876199723,0.18893145769834518,0.09495007582008838,0.11737569645047188,2.3689404487609864,0.7886627644300461,0.7962104618549347,0.2763205453753471,0.05845454316586256,0.698832580447197,0.4581466823816299,0.44712340980768206
504,0.003639120189473033,0.012367643974721431,0.3230022549629211,1.1915354311466217,1.2201661050319672,0.24922126680612564,0.8359947383403779,0.0946418683975935,0.11225437074899673,0.4153610825538635,1.134106057882309,0.26675250083208085
505,0.08972852230072022,0.4887766197323799,0.2621589183807373,0.08623611070215702,0.5701205849647522,0.6508557200431824,0.09280362837016583,0.6567290395498275,0.15753162056207656,2.0468222975730894,0.5109749019145966,0.3432374238967896
506,0.007858521956950425,0.46513705998659133,0.03438189886510372,0.044601697288453576,2.1785794377326964,1.399742031097412,0.8257014364004135,0.04690058119595051,0.023208384774625303,1.6725741386413575,0.04560564551502466,0.042843171395361423
507,0.08507272824645043,0.0021160566713660954,0.1276689127087593,1.3892650604248047,0.16432023793458939,1.0932405829429626,3.259640336036682,0.40206691324710847,0.14012038037180902,0.33126849830150606,0.7635678172111511,0.0005295230977935717
508,0.036848898790776734,1.0612749814987184,0.6959103912115097,0.07761965841054916,0.7429064244031907,1.0610509932041168,0.5969792693853379,0.8019534915685653,0.015995793510228395,0.6253658980131149,0.04398762825876475,0.6373269826173782
509,0.021534761041402818,0.28733991235494616,0.3271492585539818,0.5401806682348251,0.27653939723968507,0.3118268057703972,0.3031140133738518,0.07342755533754826,0.06340527646243573,0.9682118445634842,1.083388513326645,1.3756902098655701
510,0.0025876969215460122,0.20428711473941802,0.06715032570064068,0.024172048922628163,0.057789357379078865,0.19567104429006577,2.8041089177131653,0.5734592288732528,0.13994526714086533,0.13150339648127557,0.9762105941772461,1.824035757780075
511,0.042220339179039,0.13887397423386574,0.09156075417995453,0.02758752480149269,1.6352929770946503,0.4094289645552635,0.1146596536040306,0.5716666370630265,0.03907387424260378,0.2982972294092178,1.3471676230430603,0.6779269754886628
512,0.8448083132505417,1.1006561994552613,0.040607002563774586,0.19496597945690156,0.28601656556129457,0.04730148557573557,0.5577499896287919,0.2779866024851799,0.016920789331197738,0.13709231168031694,0.08479654341936112,3.2728516817092896
513,0.48328869342803954,2.324628973007202,0.02191533027216792,0.08560138754546642,0.2287365399301052,0.1180080570280552,0.11856392696499825,1.1836097478866576,0.009821492386981845,0.2890707299113274,0.044945601373910904,0.7993134915828705
514,0.43608865737915037,1.0855454325675964,0.10390711426734925,0.6430958479642868,0.37802436053752897,0.8780668795108795,1.6630128800868988,0.8456386536359787,0.02458020830526948,0.6295741379261017,0.19194864779710769,0.06335363015532494
515,0.06321296095848083,0.6540379405021668,0.07152523398399353,1.5274182081222534,1.957104790210724,0.09881469681859016,0.6376491099596023,0.17864846363663675,0.03495893720537424,0.2671349048614502,0.5750442206859588,0.07545901052653789
516,0.007114964514039457,0.12765804603695868,0.46962264329195025,0.04613396618515253,0.2336432568728924,0.47335523664951323,3.5754190564155577,1.770985299348831,0.21643659397959708,1.046956443786621,0.0746536135673523,0.1522103615105152
517,0.001992211618926376,0.00012746728461934253,0.34461173713207244,0.425211438536644,0.10525730028748512,2.8526687622070312,0.09281988702714443,1.2119120538234711,0.16318560764193535,0.10684332922101021,0.6648407399654388,6.45322732452769e-05
518,0.0116713582072407,0.13011545389890672,0.807455325126648,0.3621035560965538,0.7184142947196961,1.2857115805149077,0.6694195330142975,0.27766035199165345,0.017170734331011774,0.5535545915365219,0.05528170131146908,0.5444630891084671
519,0.4796126693487167,1.43896182179451,0.7595063954591751,0.42286189645528793,1.1199892163276672,0.766516524553299,0.7183076977729798,0.1625769779086113,0.01616253834217787,0.27924292981624604,0.03657740335911512,1.6347902059555053
520,0.0236945703625679,0.00012524641788331793,0.1193312793970108,0.6895824402570725,0.09868576191365719,0.36994368135929107,0.3467076599597931,0.09246714673936367,1.3553603827953338,0.4379584312438965,2.445898938179016,6.279675726545976e-05
521,0.007739275647327304,0.3064320608973503,0.1654943622648716,0.011024442641064525,0.6183735281229019,0.8802458435297013,1.70882186293602,0.13495871871709825,0.007283920655027032,1.5430061042308807,0.024551341682672503,0.27055262625217436
522,0.753339084982872,0.26201207637786866,0.4583345606923103,1.1825119614601136,0.117049290984869,1.1843858778476715,0.5808223217725754,1.2631811797618866,0.02873853957280517,0.5180899620056152,0.25930729061365126,0.00951654720120132
523,0.006039933697320521,0.3789460614323616,0.3150595188140869,0.05547000486403704,1.3419486165046692,2.025064158439636,1.6102577805519105,1.1437025845050812,0.17729124203324317,0.6838471353054046,0.11345931813120842,0.06732983738183976
524,0.10090336240828038,0.08175203166902065,2.1212209701538085,0.0943485327064991,0.06518102400004865,0.4531333014369011,1.3759674847126007,0.0916896965354681,0.01358877527527511,0.9053008645772934,0.19851481169462204,1.411340206861496
525,0.008263274189084768,1.668210941553116,0.33301196098327634,0.08532711192965507,0.11503483206033707,0.991898313164711,0.18153231889009475,0.9463041335344314,0.045367788337171075,1.39443878531456,0.47232742309570314,0.02938716309145093
526,0.0029645439004525546,0.3938902735710144,0.1990954466164112,0.06951690465211868,1.1267520904541015,0.6739638388156891,0.028445584885776042,0.7309606224298477,0.10748440511524678,0.4659135460853577,1.4867331743240357,0.07000749185681343
527,0.02110740654170513,0.263193866610527,0.1861559458076954,0.08366626016795635,1.4872724175453187,1.8746764600276946,0.1179826721549034,0.5521041184663773,0.06675265580415726,0.15623567923903467,1.6859378159046172,0.5924465000629425
528,0.01078020823188126,0.004920946853235364,0.11765767149627208,1.146578985452652,0.043835092522203925,0.9129410147666931,0.3407900333404541,0.34127765595912934,0.20014668628573418,1.2115863978862762,0.9549412578344345,0.11563150547444821
529,0.04363235160708428,0.6406533539295196,0.37664839178323745,0.2724065989255905,0.8324091047048569,1.9578122556209565,0.2435030907392502,1.3297978460788726,0.1967452734708786,1.5849153220653533,0.23641329854726792,0.6041151821613312
530,0.0037468673777766525,0.009494758350774646,0.0762269876897335,0.013690633000805974,0.4981363549828529,2.3335728287696837,1.0690498352050781,0.5976260244846344,0.030660777539014816,0.5433861792087555,1.9127862811088563,0.9281268268823624
531,0.18361343517899514,1.9861374735832213,0.37088736444711684,0.773122000694275,0.8488473653793335,1.7122238218784331,0.7014961242675781,0.1382996194064617,0.028051901515573262,0.35353159010410307,0.7397390902042389,0.01084206667728722
532,0.010487619461491704,0.015848498418927194,0.1734211802482605,0.01753918854519725,0.8330222278833389,1.3966516971588134,1.6222578465938569,0.3402403861284256,0.02282465137541294,0.5854517489671707,0.25452462732791903,0.6666476011276246
533,0.0192964150570333,0.8264067113399506,0.10969665572047234,1.0826424419879914,0.16855036988854408,0.20902006328105927,1.595309317111969,1.2562081933021545,0.019883262272924185,0.17694147750735284,0.7451196908950806,0.22589050009846687
534,0.4598969206213951,1.0500421106815339,0.7346254616975785,1.3961267530918122,0.7097040057182312,0.25907725393772124,1.0589774191379546,0.2591673210263252,0.04748349990695715,0.2964060455560684,0.09237162992358208,0.23154668584465982
535,0.042500995472073554,0.5806521207094193,2.0790032267570497,0.03786311820149422,0.2231644295156002,0.6797152698040009,1.3494414031505584,0.44998602122068404,0.0122922508046031,0.985189038515091,0.20109321027994156,0.8183754533529282
536,0.010610018065199256,0.7175924777984619,0.279110024869442,0.1780383363366127,0.13829695880413057,0.7442174196243286,1.6859934985637666,1.671715074777603,0.15246141850948333,0.7661279708147049,0.8649747014045716,0.0379151176661253
537,0.14652777835726738,1.0195439994335174,0.3702898398041725,0.12567515075206756,0.37375142276287077,0.219623214751482,1.3948729693889619,3.007268249988556,0.06631708182394505,1.9618294775485992,0.1878597430884838,0.07636338137090207
538,0.007710636407136917,1.3996899724006653,2.059779679775238,0.1210080087184906,0.2972164496779442,0.1191122654825449,0.02556595727801323,2.7164752006530763,0.13672376200556755,0.2678750529885292,0.42326533496379853,0.06280116811394691
539,0.4513118535280228,0.09191965274512767,0.05563818719238043,0.6049326926469802,1.651235032081604,0.5071675181388855,1.3692599534988403,0.4030556321144104,0.00948704113252461,0.18924254029989243,0.5834731340408326,1.4388767421245574
540,0.1604665957391262,0.861884155869484,0.025949821155518294,0.014850300457328559,1.409977024793625,0.10602705441415311,0.3748095467686653,0.7565388023853302,0.004623044095933437,0.6062095403671265,0.02006809860467911,3.4462852597236635
541,0.0059539237525314094,0.04556753914803267,0.26896101236343384,0.0315436527132988,2.892062175273895,1.82573704123497,0.7446010500192642,0.046810791827738285,0.01609294703230262,1.2343322575092315,0.37043696343898774,0.3057639539241791
542,0.14391150698065758,0.7959601908922196,0.524136358499527,1.2156642973423004,0.34255769699811933,1.3867708265781402,2.508493518829346,0.23327794894576073,0.07948742285370827,1.8924459517002106,0.16432473659515381,0.016863752994686364
543,0.19352159649133682,0.08374970592558384,0.03460271153599024,0.15281780883669854,1.186700415611267,0.16466159597039223,0.01696587847545743,1.4217025697231294,0.019517934136092662,0.22414145469665528,0.14714332967996596,2.7216369986534117
544,0.06609060280025006,0.04505897220224142,0.07964135706424713,0.27288695573806765,1.522373867034912,0.15898335501551628,0.6099573791027069,0.2619162932038307,0.0877495102584362,1.7021686375141143,0.17507966607809067,1.3181936621665955
545,0.09624186754226685,0.03443329986184836,0.9448944061994553,0.45353424847126006,1.1676646232604981,0.0886194121092558,0.024022878054529427,0.11150286197662354,0.03224459514021873,1.3367586255073547,1.380666333436966,0.017188576515763998
546,0.005186525918543339,0.013355176197364926,0.22895599529147148,0.7290091872215271,0.7538677811622619,0.22810999527573586,0.022285374719649552,0.013160614622756838,0.25458948612213134,0.27098236680030824,0.9459854632616043,2.4458792924880983
547,0.06601309962570667,0.7956524103879928,0.04022815451025963,0.1128292765468359,0.25084845870733263,0.06694176271557808,1.2931318759918213,0.22274990528821945,0.6954553812742233,0.15458570122718812,0.09662649743258953,2.1136608362197875
548,0.26025785505771637,1.0294643223285675,0.28975080251693724,0.6433161914348602,0.046103678084909915,0.04388865493237972,0.23810020536184312,0.18583703488111497,0.141904366761446,1.8355043828487396,0.041482810862362385,0.20256261751055718
549,0.2160652682185173,0.6322979092597961,1.0315853595733642,0.26592376083135605,0.9837024986743927,0.5528032004833221,0.7741874009370804,0.17786984518170357,0.03931686636060476,0.593184831738472,2.402355170249939,0.6669009774923325
550,0.45210051983594896,0.06652050651609898,0.10520902909338474,0.3443159431219101,0.22373324632644653,0.4655874788761139,2.7755773305892943,1.0627438485622407,0.01678249649703503,0.16590620651841165,1.1273722290992736,2.947313129901886
551,0.27057149410247805,2.3685853719711303,0.11463407166302204,0.34927939176559447,1.4520211100578309,0.2300572283565998,0.5255302876234055,0.08181969560682774,0.20906193256378175,0.40990949124097825,0.3630422160029411,0.40360288321971893
552,0.030599511601030825,0.027104813139885664,0.23584043979644775,1.6067662358283996,0.43756488114595415,0.10465868040919304,0.828556764125824,0.09730131588876248,0.04615361467003822,0.2931519582867622,2.3292457103729247,1.1028782606124878
553,0.11077226176857949,0.11180623173713684,0.426591694355011,1.504198569059372,1.4828899800777435,0.6134205341339112,0.9944500803947449,0.06975454315543175,0.01782248681411147,0.6855622828006744,0.2902142658829689,0.0029560435563325883
554,0.21859456077218056,0.7222592383623123,0.1412961795926094,0.8282089591026306,0.14098553210496903,0.33574148863554,0.16305940523743628,0.27555093765258787,0.05576345343142748,1.0010970294475556,1.0866158843040465,1.6467253983020782
555,0.251239775121212,0.1146137222647667,1.906646490097046,0.36542077362537384,0.5602136880159378,0.7706373870372772,0.27452015578746797,0.8551511406898499,0.017141806334257128,2.0816806316375733,0.07850796058773994,0.02723643323406577
556,0.4133668392896652,3.0502313375473022,0.009735461696982384,0.18866562098264694,0.046738170087337494,0.03386755045503378,0.4782240971922874,0.8474175930023193,0.005163247254677117,0.09841162748634816,0.04576276727020741,1.2997136056423186
557,0.07255349606275559,0.15022519901394843,0.5989985883235931,0.5440275013446808,1.3982383012771606,1.251277643442154,0.08188862316310405,0.3765454739332199,0.08363814540207386,0.872464781999588,0.05011370461434126,0.305705688893795
558,0.01264974195510149,1.2467985332012177,0.0500320952385664,0.03307766653597355,1.8100297629833222,0.2261036053299904,0.365978367626667,0.21242914199829102,0.013287619454786181,0.13893591165542601,1.1371358454227447,2.0057375550270082
559,0.22731754258275033,0.057102509401738645,0.2482129730284214,0.11055936962366104,0.7041526973247528,0.6619184702634812,0.25062423646450044,0.041941748559474946,0.05559105090796947,0.9464187920093536,2.1369476556777953,2.622732400894165
560,0.8589473307132721,0.508157628774643,0.010239450633525849,1.6565958559513092,0.0065693720942363145,0.017819589003920555,0.007461566012352705,1.0686411023139955,0.010574797075241804,0.04832717105746269,0.029865276440978052,2.9988056659698485
561,0.07399289049208164,0.19200402051210405,0.8852206826210022,0.30887793004512787,0.884020009636879,0.09584089554846287,0.0893166221678257,0.40919076055288317,0.2627393364906311,0.3410655051469803,0.14992107376456262,2.102360963821411
562,0.031061417143791913,0.8600709289312363,0.48723849654197693,0.06095078717917204,0.14839234650135041,1.1708474934101105,1.7722708404064178,2.80552659034729,0.10235710777342319,0.6171938180923462,0.6801335960626602,2.0393317222595213
563,0.00874198842793703,2.4152228116989134,0.18268617987632751,0.034626425802707674,0.08524677902460098,0.1257763050496578,1.5884164988994598,0.2043901652097702,0.007170142233371735,0.19605199098587037,0.05569478049874306,0.3577254801988602
564,0.018017191626131534,0.0005194322759052739,0.15946521684527398,0.09439320415258408,1.6833848059177399,0.8906386137008667,1.2038811504840852,0.21090440601110458,0.062025519832968716,0.24042678475379944,0.3861169531941414,0.0004010847100289539
565,0.01015349654480815,0.16453152596950532,1.9107406795024873,0.2075957402586937,0.1492763079702854,0.5093741476535797,0.28882641047239305,0.7831335604190827,0.0388823801651597,1.5124359369277953,0.3497807547450066,0.10772916264832019
566,0.007500642794184387,0.22729674577713013,0.4883540511131287,0.061067637801170346,0.89302077293396,0.4434708818793297,4.4635814189910885,0.32500675320625305,0.08471927046775818,1.2252807915210724,0.06932409219443798,0.0029392554657533764
567,0.07203968502581119,0.002154472074471414,0.0464393824338913,0.026648714486509562,0.25515803694725037,1.717082154750824,0.544181051850319,2.220741367340088,0.009801118867471814,0.12990238815546035,0.037961754761636254,0.21974456906318665
568,0.23657415956258773,1.2397703289985658,0.08051199428737163,0.09855858907103539,0.11991248987615108,1.903377252817154,0.023520565964281558,0.7337224632501602,0.01725907726213336,0.7066624134778976,0.2244918279349804,0.8963988870382309
569,0.03242776524275541,0.5884950399398804,0.026593729108572006,0.10808154456317424,0.7907270640134811,0.05497901048511267,1.0864854097366332,0.4913351386785507,0.008963063685223462,0.2529680669307709,2.0754961013793944,0.056218646466732025
570,0.009282991383224725,0.2986489489674568,2.4296237349510195,0.03964590430259705,0.28945824652910235,0.09464039243757724,0.016049391776323318,0.6326680839061737,0.04394218772649765,0.1312004081904888,1.5141126751899718,0.13883283063769342
571,0.5103923976421356,3.990607404708862,0.1045414224267006,1.3867254614830018,0.10929859578609466,0.6769856214523315,0.11367979124188424,0.5342701852321625,0.020704584755003454,0.5899442374706269,0.08887662589550019,0.19195600003004074
572,0.017368292063474657,1.4222742676734925,0.36812621653079985,1.3230296432971955,1.4750580012798309,0.155802983045578,0.2443730913102627,0.14769063144922256,0.1222552314400673,0.9423694759607315,1.516522890329361,0.057885580509901044
573,0.45876219421625136,2.325031566619873,0.021129447687417268,0.15139858722686766,0.3696343392133713,0.037024539150297645,0.14371645972132682,0.05239346288144588,0.006147938035428524,1.1317131578922273,0.028247516229748727,1.0793209791183471
574,0.0014173924049828202,0.0006602653826121241,0.059360678866505624,0.010735706193372607,2.3986347317695618,0.874487218260765,1.6170054614543914,0.1689169630408287,0.0057107009924948215,0.1623416669666767,0.18712578415870668,0.00038420103228418154
575,0.498600609600544,1.414915180206299,1.026677006483078,0.35049714893102646,0.3781339466571808,0.6875731140375138,0.10955197960138321,0.46962238699197767,0.0882385402917862,2.3580667614936828,0.17270280718803405,0.00670660745818168
576,0.23659117966890336,2.525568401813507,0.3235959365963936,0.26529173254966737,0.043833180144429204,0.1080891776829958,0.7324716359376907,0.6968093752861023,0.06242386512458324,0.13719338178634644,0.46038193702697755,2.477261316776276
577,0.08577118963003158,1.0159905552864075,0.3429835319519043,0.3210636511445045,1.5849850237369538,1.09893958568573,0.18296945095062256,0.6491243004798889,0.038464739359915255,0.9878979712724686,0.18601129204034805,0.005271275877021253
578,0.0014737424440681933,0.1472936250269413,0.5065688252449035,0.007876277156174184,0.31914246678352354,0.9348833501338959,1.7572414696216583,1.3959635078907013,0.021981846634298564,0.17242693528532982,0.04384230300784111,0.9651101142168045
579,0.0037709440337494017,0.5494700193405151,0.19189595952630042,0.34605234265327456,0.0843940194696188,0.6368862807750701,2.7749560117721557,0.4013842597603798,0.028725528717041017,0.7515288114547729,0.24875005930662156,0.06008047722280026
580,0.00894671780988574,1.4620324075222015,0.3100195094943047,1.5868498504161834,0.09239879511296749,0.16824319288134576,0.20877592638134956,0.09384874477982522,0.07499297820031643,1.8981121480464935,0.8452231764793396,0.003253803588449955
581,0.1841404877603054,0.05267508886754513,0.18367985188961028,0.11323417201638222,0.1468936212360859,0.8699333399534226,0.5705225378274917,0.6173108994960785,0.07476251497864723,1.8851881742477417,0.10941212512552738,0.6270510017871856
582,0.03773996736854315,0.0002521426271414384,1.249632430076599,1.3906274080276488,1.0669639527797699,1.504036283493042,0.467663611471653,0.11743953712284565,0.04253451284021139,1.4217806160449982,0.10894351713359356,8.934755423979368e-05
583,0.04454315043985844,8.4766217332799e-05,1.077034020423889,0.5284908741712571,0.2968145966529846,0.4276631250977516,1.5726529598236083,0.06223802156746387,0.02054332885891199,2.0724526762962343,0.0664802510291338,4.1990467980213e-05
584,0.02296953583136201,0.12824973165988923,0.154673932492733,0.4262601062655449,1.2727337658405304,2.2565781831741334,0.40312922447919847,0.39727437645196917,0.12262371182441711,0.64502834379673,0.13305783346295358,0.016166773345321416
585,0.24842667654156686,1.029465526342392,0.2553475484251976,0.47169801145792006,0.49757420271635056,0.37223208546638487,0.3384036600589752,2.168581485748291,0.06685405671596527,0.5311569541692733,0.1588540941476822,1.7255702078342439
586,0.14251363426446914,2.417711591720581,0.030690311174839734,0.048104586824774746,0.19913357496261597,0.3639272764325142,0.6144700050354004,0.03659297507256269,0.009943233896046877,0.16305151879787444,1.5321857571601867,2.440870726108551
587,0.10087973810732365,1.0921252191066741,0.3014341935515404,0.8897455245256424,0.6391405373811722,0.09881700091063976,1.8276145815849305,0.3640925779938698,0.10942839086055756,0.10876067727804184,0.03474146947264671,0.13944485262036324
588,0.018079790379852058,0.044845465756952765,0.08451425880193711,1.5852927446365357,0.1818154826760292,0.3374141648411751,0.24014054760336875,0.6818413138389587,0.06046714596450329,1.6217489302158357,0.16064246520400047,0.0006811897124862299
589,0.04991037789732218,0.20603362917900087,0.067971957847476,3.0147335052490236,0.08656944148242474,0.4504126667976379,0.30615521520376204,0.48584776371717453,0.0430689511820674,0.4374545902013779,0.12715923562645912,0.2995672181248665
590,0.03040846511721611,0.5477245509624481,0.1695892706513405,0.04250563848763705,1.5588153541088103,0.24401995241642,0.8958346098661423,0.5779078125953674,0.02456501666456461,0.1719821535050869,0.05829432345926762,2.6280694365501405
591,0.058940768241882324,2.6314930081367494,0.02245234213769436,0.08654204085469246,0.03296486232429743,0.06493717096745968,0.06217458620667458,0.32012126594781876,0.008901061955839396,2.475327205657959,0.057541169039905075,1.0317005574703217
592,0.005117646884173155,0.009042387641966344,0.34140595644712446,0.019600133784115317,0.70509093105793,0.9775890648365021,0.7773199647665023,0.38131932765245435,0.02910046530887485,0.4531713217496872,0.18376300483942032,1.3410246133804322
593,0.049525591731071475,0.22007562294602395,0.2060051754117012,0.3321589842438698,0.5331290662288666,0.3083443075418472,0.2751637890934944,1.0086901783943176,0.15165470987558366,1.0649486601352691,0.35901337713003156,1.5886614143848419
594,0.0857519268989563,0.0033337068860419096,0.03059267457574606,0.4075535491108894,0.7286381095647811,1.0259170711040497,0.8663002282381058,0.8115156263113021,0.025912387855350973,0.6097290277481079,0.08871986456215382,0.001463619194692001
595,0.09335905387997627,0.029399059247225523,0.045081470906734464,0.0649733565747738,0.8598178118467331,0.42295110821723936,2.0211201190948485,0.18006370291113855,0.010221595223993064,1.4721838355064392,0.20411497056484224,2.006221330165863
596,0.005488850991241634,0.24764707386493684,0.19609594643115996,1.0366791903972625,0.5336793750524521,1.2856952726840973,1.1646094918251038,0.05599781014025212,1.1161346793174745,0.556890019774437,1.171328055858612,0.31676815152168275
597,0.0049623063998296855,0.7112407416105271,0.8746109694242478,1.9720068871974945,0.0193644299171865,0.246866924315691,0.36755510866642,0.03201942518353462,0.10623831897974015,0.6556228131055832,0.23206305950880052,0.009379356307908893
598,0.3682263731956482,0.7762408554553986,0.09578684233129024,3.53283406496048,0.09571145959198475,0.08041678965091706,0.2376171000301838,0.067184342071414,0.00756558810826391,0.16780696362257003,0.3549306109547615,0.5337215155363083
599,0.059273361787199975,1.9925940871238708,0.08925651535391808,0.3222420871257782,0.8489266782999039,0.49977475106716157,0.7406572103500366,0.17560600340366364,0.016020195558667183,0.3549683228135109,0.6381988257169724,0.021018701139837503
600,0.027238543052226307,0.6875571310520172,1.665508997440338,0.07441069558262825,0.4722204774618149,0.6827901571989059,1.027010405063629,0.12819230183959007,0.15026783272624017,0.9247067898511887,0.28046749979257585,0.005836643138900399
601,0.01631631487980485,0.08144875206053256,0.713265261054039,0.02637630430981517,1.0055482923984527,0.6653916239738464,0.11616380698978901,0.6670079082250595,0.041849506087601185,1.1873422026634217,1.8538142681121825,0.7025396525859833
602,0.160707239061594,0.14279295802116393,0.020803172048181294,2.1999807357788086,0.9715113431215286,0.5928310662508011,0.9766172975301742,0.13018629997968673,0.006273377407342196,0.22123019099235536,0.03574097063392401,0.01859706863760948
603,0.03765987120568752,0.36310830265283583,0.704477670788765,1.0678318738937378,0.08606370240449905,0.14255769923329353,1.7326976239681244,0.21480634585022926,0.18400379940867423,0.5433664441108703,0.7855989068746567,0.6783558845520019
604,0.01685679666697979,0.1380716808140278,0.058923177234828476,0.043888393230736254,0.48551447242498397,1.3534827470779418,0.04593852162361145,0.01658270014449954,0.016188326571136714,0.5318541526794434,1.0381503343582152,2.625992405414581
605,0.021358288079500198,0.9622908174991608,0.09262698255479336,1.2372343242168427,0.8434977948665618,0.448901891708374,0.03294794913381338,1.0493524551391602,0.038656446151435375,0.11103195771574974,0.2730855718255043,0.22787482813000678
606,0.3996034175157547,0.24714878723025321,0.010057196952402592,0.8996552735567093,0.3870707988739014,0.8897547841072082,0.5140658885240554,0.025490024592727423,0.004813383636064828,0.09188303649425507,0.03137778444215655,0.8068956643342972
607,0.23051267117261887,2.5785709500312803,0.05429543573409319,0.13493871986865996,0.08910121433436871,0.692697873711586,0.22119902968406677,0.03853316400200128,0.02294787410646677,0.5402410626411438,0.32291561365127563,0.663392087817192
608,0.49480468332767485,0.06399163082242013,0.018478828482329845,0.16294420287013053,1.2049776375293733,0.10215884558856488,0.05739301256835461,0.19027385860681534,0.013695313036441803,0.3290293261408806,1.4015803992748261,1.7225134253501893
609,0.2111774392426014,0.3399956002831459,0.23686573132872582,1.6730598986148835,0.9550211042165756,0.09901920706033707,0.17589692994952202,0.664769920706749,0.013619567081332207,0.21413736268877984,0.07865446507930755,1.2586160242557525
610,0.043430713750422,0.07753565236926079,0.0491628484800458,0.029839247837662695,0.7569686502218247,0.29946498572826385,1.7390728056430818,0.9410873562097549,0.005174107546918095,0.23035041466355324,0.025550498347729444,2.7170531272888185
611,0.0016918258857913317,0.03765444289892912,0.04714405909180641,0.013706369465216995,0.2569667354226112,0.9217516094446182,0.6069995552301407,0.04827233143150807,0.00977407544851303,2.0550675868988035,0.7020751893520355,0.6415177524089813
612,0.003639889426995069,0.14234738200902938,0.04349340032786131,0.01643249737098813,0.04826358426362276,0.6485142886638642,1.3608412146568298,1.5051951944828033,0.008120516734197735,0.3934446021914482,2.9838499426841736,0.004259415413253009
613,0.06512219421565532,0.025676045380532742,0.07808811217546463,0.2919391945004463,0.3406753525137901,0.18846140578389167,0.16331568360328674,1.3769893109798432,0.026305913832038643,0.3266118735074997,1.2726950883865356,0.3931358397006989
614,0.07367441318929195,1.6737559616565705,0.7422851651906968,0.6936663061380386,0.11920934133231641,0.10571377761662007,0.011144147161394358,0.10752418600022792,0.3597949013113976,0.4343540668487549,2.0385623812675475,0.5376394897699356
615,0.10209173336625099,0.20361055433750153,0.23045105636119842,0.036543530970811845,1.8096283733844758,1.2562408685684203,0.33857435137033465,0.3176914885640144,0.014052972663193941,1.4787080943584443,0.1915653981268406,1.4934515058994293
616,0.23800856173038482,0.9489554703235626,0.24494144171476365,0.04944881238043308,1.0055148601531982,0.24217690601944925,0.9663503140211105,0.8300296038389205,0.013371564447879793,0.3126241132616997,1.7194661617279052,1.4678164422512054
617,0.005520275444723666,0.08639795258641243,1.8350964546203614,0.021921639703214167,1.0603658437728882,0.36281732767820357,0.2847022175788879,1.0291982591152191,0.010882040578871965,0.3190508529543877,0.05723353512585163,0.4894536703824997
618,0.08977677747607231,1.3980937778949738,1.2558421671390534,0.3768020078539848,0.6359677225351333,0.48593942523002626,0.029016420990228654,0.09128378257155419,0.07047245167195797,0.4191205441951752,0.5009305417537689,0.48137535005807874
619,0.15050484910607337,0.19821444824337958,1.0916170120239257,1.199346899986267,1.0898288011550903,2.1395832300186157,0.4687175557017326,0.24061969816684722,0.034929285012185576,0.5105302035808563,0.13883117511868476,0.8360906720161438
620,0.11844917945563793,0.13034584373235703,0.6395589113235474,0.04619884770363569,2.696757161617279,0.25188167542219164,1.9612362444400788,1.4999211490154267,0.049852247908711435,0.6317756831645965,1.3109250903129577,0.3529730498790741
621,0.48428657054901125,0.029805589653551578,0.5312426090240479,2.0706980228424072,0.14195529893040656,1.078237384557724,0.3285605669021606,0.4480165526270866,0.2704408705234528,0.9037849634885788,0.5451123416423798,0.34132670909166335
622,0.006475544790737331,0.004326242161914707,1.3342739582061767,0.02536650002002716,1.8688901722431184,0.7169139862060547,1.1711852490901946,0.618867838382721,0.017838070634752512,0.980761581659317,0.05208284966647625,0.24314430505037307
623,0.4117438182234764,0.7686724007129669,0.04264178890734911,0.03655022159218788,0.3940273478627205,0.38089667558670043,1.261092334985733,1.1100029051303864,0.022324592154473067,2.081534743309021,0.09032609835267068,0.9713631480932235
624,0.13291150256991385,0.001452201307984069,0.20712865665555,1.1873433411121368,0.1239207573235035,2.125967299938202,0.8151705384254455,0.6116022855043411,0.059627892263233666,0.8364511847496032,1.464861524105072,0.0007107018114766106
625,0.001938349788542837,8.425437190453523e-05,0.9793473601341247,0.22300849184393884,0.3174916535615921,1.3633261144161224,0.7517966061830521,1.5817287862300873,0.023304393142461778,1.9945724606513977,0.24746999368071557,3.632519856182626e-05
626,0.1469276338815689,1.844112855195999,0.3142928436398506,0.08763399496674538,1.760733288526535,0.060089665465056896,0.4765103355050087,0.6881709158420563,0.01720377467572689,0.4884465977549553,0.2086017571389675,0.7427445918321609
627,0.013533139135688543,0.08063278459012509,0.37611571699380875,0.06257266607135535,0.6165837556123733,0.05634756274521351,0.37197854816913606,0.6111006498336792,0.12059716619551182,0.13241679221391678,0.17729652225971224,1.383059996366501
628,0.06758597530424595,1.041043221950531,0.16518450677394866,0.08183327540755272,0.4979864120483398,1.172218656539917,2.2212631464004517,0.2655244082212448,0.032132673636078836,1.1470028102397918,0.3247984230518341,0.6173257172107697
629,0.3605448842048645,0.25492523014545443,0.1690312258899212,1.8166929543018342,0.6812821805477143,0.8614553570747375,0.14061133116483687,0.10140437632799149,0.025323580857366322,0.8606901526451111,0.10391145050525666,1.0470929980278014
630,0.0403620021417737,0.21668525785207748,0.23283367082476616,0.35258800387382505,1.5996275186538695,0.03202674053609371,0.03459747899323702,0.26670252084732055,0.025745380017906428,0.4404038831591606,0.2729412019252777,0.0015957038383930923
631,0.058110025338828565,0.31437759250402453,0.21192502975463867,2.2401042580604553,0.3471877008676529,0.6067750364542007,1.3163698136806488,1.3401037156581879,0.10774485059082509,0.9717742145061493,0.2487405613064766,0.044933507777750493
632,0.2740778312087059,2.0702392578125,0.42018124610185625,0.03898014314472675,0.3497420161962509,0.07879503034055234,1.0472462475299835,0.14196474999189376,0.10143462531268596,2.0787893176078795,0.7627202838659286,0.16081848815083505
633,0.0030356844305060803,0.5965561836957931,0.2837455704808235,0.013714399421587586,0.21875664219260216,1.8078299701213836,0.029718950483947994,0.021334165520966054,0.053120003826916215,0.47289434671401975,1.994175636768341,0.81883325278759
634,0.04500546045601368,0.3913269504904747,0.07199655808508396,0.05979092344641686,1.9172381281852722,1.6895209193229674,0.4953045129776001,0.5210445165634155,0.06118067614734173,0.1947876274585724,0.15802754312753678,0.302553391456604
635,0.3915851294994354,0.19275751560926438,0.038138356246054175,0.2307977333664894,2.373578202724457,1.3678469240665436,0.1351615756750107,1.2753833889961244,0.012625266518443822,0.27513048946857455,0.028235615510493518,0.5374476045370102
636,0.03994729742407799,2.0164612174034118,0.2553978458046913,0.2022521823644638,0.817952823638916,1.513897430896759,0.5666894137859344,0.2779599592089653,0.04571089670062065,0.18507245257496835,0.07374505437910557,0.16363075897097587
637,0.021283589024096727,0.0149286272469908,2.60362948179245,0.6116269856691361,0.8709701329469681,0.9942484259605407,0.2352820537984371,0.6965297609567642,0.10029781982302666,0.21267405897378922,0.19058350399136542,0.04006857313215732
638,0.06615074761211873,0.27044790983200073,0.8941057085990906,0.9388366907835006,0.3510673508048058,0.4907408654689789,3.2267834067344667,0.7951548904180527,0.33906383216381075,0.4744176745414734,1.8389386057853698,0.5357124358415604
639,0.09399852491915225,0.6417921870946884,1.1597079277038573,0.11613875553011895,1.727211844921112,0.06763268075883389,0.3049402475357056,0.3939005881547928,0.011532434588298201,0.23694297000765802,0.8426638007164001,0.007816398865543306
640,0.10954658165574074,0.3653083235025406,4.2234063148498535,0.8629220277070999,0.03493795730173588,0.05640912856906653,0.015248071029782295,0.08402026258409023,0.01989840790629387,0.16243609935045242,0.8411074817180634,1.1561949968338012
641,0.014934908226132393,0.02613824447616935,0.44201170206069945,0.10372117310762405,0.137598218023777,0.09597878940403462,0.13019188046455382,1.6129758834838868,0.12275415994226933,0.6596734344959259,0.9843174397945404,0.8052425026893616
642,0.48909792304039,0.613602128624916,0.30251092463731766,2.62755172252655,0.19834188669919967,0.11062574833631515,1.3259472012519837,0.30619404911994935,0.01871515028178692,0.6605025887489319,0.323614601790905,0.5135174125432969
643,0.037983540631830695,0.014724662899971009,0.11372495517134666,0.027807635720819235,1.1094603657722473,0.2989212542772293,0.7597334086894989,0.2111980699002743,0.012077540904283524,1.5296787440776825,0.7720050275325775,0.5620636612176895
644,0.21385886147618294,0.6989033579826355,1.2721250295639037,0.5830077260732651,0.9707828134298324,0.48811289072036745,0.04714082479476929,0.34079948365688323,0.15569004863500596,0.23865093514323235,0.37154025435447696,1.5526061832904816
645,0.01124398917891085,0.6098469883203507,0.09020809121429921,0.06020038351416588,0.09218179248273373,0.15661852955818176,1.747994887828827,0.05479805581271648,0.2649760365486145,0.9332946538925171,2.961295795440674,0.788641306757927
646,0.398108971118927,0.53013114631176,0.029939742386341096,0.7875812411308288,0.020532891061156987,0.0955885410308838,0.6354716211557389,0.22056806683540345,0.010618102317675949,1.969185757637024,0.07671564556658268,1.2146242201328277
647,0.01567305251955986,0.04000090640038252,0.5609620720148086,0.041404553502798085,0.174555179476738,0.40286444425582885,0.9613199323415756,1.505840140581131,0.01881899628788233,0.3285083815455437,0.3833018660545349,3.863104748725891
648,0.0043458977015689015,0.5679992496967315,1.0403834879398346,0.37171217054128647,0.09796524159610272,0.39402546286582946,0.34192816019058225,0.057080439291894436,0.05371571257710457,2.6519330501556397,0.33881281316280365,0.003881577029824257
649,0.008886044612154365,1.6884090185165406,0.13582018092274667,0.03492741510272026,0.0911768551915884,0.5811535298824311,0.3699201107025146,0.11953029036521912,0.6388966798782348,0.40275524109601973,0.8633598804473877,0.004202909953892231
650,0.05994623880833387,0.01709462432190776,1.0427851021289825,0.12683187872171403,1.9180890023708344,2.633490812778473,0.05050353575497866,0.4788767069578171,0.044488406367599966,1.0156955122947693,0.30151277333498,0.010431739408522845
651,0.05124374032020569,0.08516179993748665,0.16444362029433252,1.5601283967494965,0.09628530256450177,0.24860402420163155,1.381393599510193,0.8803283542394638,1.0086365997791291,0.5917682647705078,0.13830514028668403,2.5762295722961426
652,0.027265924122184516,0.6778181791305542,0.062321797013282776,2.0225675225257875,0.5399910390377045,0.6294392049312592,0.7002071470022202,1.1522900462150574,0.1440770797431469,0.215703833848238,0.3311208337545395,0.013327987771481276
653,0.05464083254337311,0.0009401915391208604,0.744541323184967,0.11360948085784912,1.1696320533752442,1.0097184896469116,0.14826614782214165,0.717518013715744,0.054086281545460226,1.4704241514205934,0.2182778000831604,0.0005238454759819433
654,0.0036449482664465903,1.7933817982673645,0.11808702014386654,0.011955087119713426,0.9091111361980438,0.0827103439718485,0.0054223255021497605,0.531560155749321,0.022828851267695426,0.08949522599577904,2.1760209441184997,0.2373485669493675
655,0.019895048905164005,0.7154548585414886,0.24139887616038322,3.403458821773529,0.2651039406657219,1.2989708721637725,0.23053353205323218,0.16766630709171296,0.07145226895809173,0.631511589884758,0.11196152865886688,0.6393008351325988
656,0.003467987314797938,0.45142253786325454,0.5974569380283355,2.833618128299713,0.1531783752143383,0.013678096141666174,0.04312924351543188,0.42787775993347166,0.003550164552871138,0.057207546569406985,0.07447576634585858,0.019153057504445313
657,0.010795926349237562,0.0031825267244130376,1.3568259060382843,0.44327853471040723,1.0844702243804931,1.002837461233139,1.0047904431819916,0.3546501487493515,0.06892146691679954,0.18599623069167137,0.21863650903105736,0.6723917305469513
658,0.025220114085823298,1.0667228043079375,0.1526563845574856,0.06339129321277141,1.2765787422657013,0.21757957488298416,2.3802186489105224,0.12283593118190765,0.020233958400785925,0.7089620113372803,0.20563705042004585,0.1481758810579777
659,0.6322444379329681,1.3459654569625854,0.07057664915919304,2.534912645816803,0.11759057678282261,0.14291599839925767,0.04064071737229824,0.30245916098356246,0.1473064601421356,1.3999175727367401,1.3000946402549745,0.037395704351365563
660,0.19145793989300727,1.593085765838623,0.050114203803241254,0.23761620447039605,1.310310709476471,0.038478892482817176,0.23431412354111672,0.29032267928123473,0.02211665315553546,0.1812317691743374,0.2353539541363716,1.9007531106472015
661,0.1113203790038824,0.34840226322412493,0.07596103474497795,0.04534150268882513,0.8403335273265838,1.6011448860168458,0.3439964488148689,0.17934243604540825,0.038962305150926115,0.19703342765569687,0.6391175329685211,0.05698043182492256
662,0.2043774701654911,1.6059032380580902,0.29866074919700625,0.05983210206031799,1.2341554939746857,1.87659010887146,0.24912263974547386,0.08963782563805581,0.01811600886285305,1.4665729820728302,0.2023713394999504,0.008650958351790906
663,0.003953918791376054,0.7256509453058243,1.7273262202739716,0.02031565848737955,0.5539639919996262,1.0246396660804749,0.015784319676458835,0.9435913652181626,0.029583666007965803,0.1495738610625267,1.0239555180072784,0.08824596293270588
664,0.6129110217094421,3.7347628712654113,0.0810422070324421,0.2668367251753807,1.309350025653839,0.0971644677221775,0.11300663612782955,0.2726882591843605,0.008689642744138837,0.9249559611082077,0.08434582352638245,1.3694036066532136
665,0.31037535071372985,1.1521014034748078,0.12528420239686966,0.11103354655206203,0.7754043817520142,0.06656497307121753,0.11835660263895989,0.08950845934450627,0.008799987751990557,0.7691054552793503,0.034337393753230576,0.9893516957759857
666,0.23779144436120986,1.1056350946426392,0.14353765919804573,0.08890525065362453,1.193818461894989,0.2791668698191643,0.9948924541473388,0.2319479450583458,0.011464662058278919,0.628572353720665,0.21364360079169273,0.00681754513643682
667,0.14407941550016404,0.6119729697704315,0.07621766999363899,0.22397170066833497,0.9711638569831849,0.8943433165550232,0.1277913250029087,1.0690130352973939,0.0872370146214962,0.7893233150243759,0.10856021903455257,0.2809263154864311
668,0.039645053818821906,0.39614335000514983,0.2553588211536407,0.43116669803857804,1.290193122625351,0.3932003155350685,1.1113319516181945,0.06675745584070683,0.032377917878329755,0.4066784217953682,1.4762050449848174,0.3054239541292191
669,0.004673416796140373,0.21557117998600006,0.07944000475108623,0.021129799727350473,0.05122490040957928,0.31523660868406295,1.166478031873703,0.02787440111860633,0.120979680493474,0.34232542514801023,2.3678341150283813,1.083853018283844
670,0.0020621971925720572,0.012211210979148745,0.7915612876415252,0.6756172806024552,0.040820342302322385,0.8317049503326416,0.5481348365545273,1.1025594890117645,0.19649554044008255,0.16421397849917413,0.3261642515659332,0.32776250392198564
671,0.009176816698163748,0.009712689509615301,1.312757635116577,0.12562532499432563,0.8510387748479843,0.8654622226953507,0.15311558693647384,1.692179536819458,0.08828313872218133,0.7244092017412186,0.866921278834343,1.028041410446167
672,0.0032652339432388544,0.011553028086200358,0.4625860020518303,0.013950689788907766,0.6005474925041199,3.7746931672096253,1.4001904010772706,1.8355934858322143,0.023857629299163817,1.0385412335395814,0.08923121765255929,0.15373540222644805
673,0.025617364700883626,0.4629536658525467,0.06897409297525883,2.0397418260574343,0.035464403219521046,1.0793287992477416,0.6821903258562088,0.7828074306249618,0.03281154595315457,0.7493631094694138,0.5139905661344528,0.0057712053181603554
674,0.27415685504674914,1.6186345994472504,0.056091323308646676,0.19706282541155815,0.6223247617483139,1.1437665820121765,0.17717088162899017,0.037392454035580155,0.02554823663085699,0.19997028559446334,0.1481580652296543,0.029072722233831883
675,0.005591681716032327,0.05959174670279026,0.289054761826992,0.034643891453742984,0.024818116333335638,0.23633281141519547,0.17026280462741852,0.11466586776077747,0.01725296089425683,1.4020851373672485,2.160836100578308,0.661070904135704
676,0.13025885969400405,2.3368101596832274,0.038667375966906545,0.23130878880620004,0.314399479329586,2.2325899839401244,0.0726013284176588,0.6307636946439743,0.02189739812165499,0.1833032839000225,0.523099684715271,0.6293531984090805
677,0.1326236180961132,0.13126103058457375,0.19996461272239685,0.32495097219944,0.8181920737028122,0.8171166807413102,0.23707157894968986,0.28674735873937607,0.07042679823935032,1.866857612133026,1.957805734872818,0.04051513522863388
678,0.008595674857497215,0.0015473443258088083,0.04394398499280215,0.08482512645423412,1.294141983985901,1.3130350589752198,2.5223171710968018,0.302493616938591,0.017550486698746683,0.28521326929330826,0.18697612807154657,0.23760952278971673
679,0.008727510133758188,0.9541433095932007,0.3355446204543114,1.4573487341403961,0.04157233610749245,0.321374249458313,0.16221956834197043,0.38056178838014604,0.08993642553687095,0.8097140580415726,3.676145923137665,0.8046208888292312
680,0.0017503709124866878,7.615038339281455e-05,2.187405157089233,1.4719265520572662,0.15088408514857293,0.3204873502254486,1.2074245154857635,0.7707628786563874,0.08584544770419597,0.5065266817808152,0.10520315170288086,4.4646706919593276e-05
681,0.0667336866259575,0.1987753614783287,0.19921521171927453,0.4280301213264465,0.1737471491098404,2.4012341141700744,1.0911992192268372,1.0357941091060638,0.03671172633767128,0.36834338754415513,1.2158444046974182,0.20055952817201614
682,0.03964324202388525,0.667488569021225,0.20189381018280983,1.159485250711441,2.095217776298523,0.17571810707449914,0.019388813339173794,1.2636154115200042,0.1019037626683712,0.3831444412469864,0.18294124603271483,0.010775233106687666
683,0.002456532046198845,9.104451673920267e-05,0.1855543226003647,0.15253266915678979,0.7360446751117706,0.277315054833889,1.4332346141338348,0.37466975301504135,0.0162478513084352,1.756917655467987,2.558406102657318,3.8567164847336247e-05
684,0.3634358420968056,2.028142249584198,0.022705325949937107,0.019531083386391403,0.026377602200955152,0.05829269774258137,1.3880849063396454,0.9826304167509079,0.005071663553826511,0.15414509102702142,0.014254922885447741,1.2438966751098632
685,0.03695800080895424,0.21536631807684897,0.24477224051952362,1.3223727762699127,0.2898269295692444,0.361453241109848,0.13683890029788018,0.15419989004731177,0.1579497002065182,2.4211772799491884,0.34586761295795443,0.8930285274982452
686,0.014706690097227693,2.100236690044403,0.24939344003796576,0.2961625725030899,0.07799642980098724,4.05528953075409,1.2622071206569672,0.0465402215719223,0.017511043697595596,0.3460638716816902,0.403162507712841,0.00896450811997056
687,0.006382526899687946,0.18307400196790696,1.1161615073680877,0.1532241240143776,1.5679497838020324,1.1058024883270263,0.6277350127696991,1.0099367678165436,0.055500426143407826,0.1708250604569912,0.1725066587328911,0.6375020146369934
688,0.007488360605202615,0.20354244709014893,0.12243304289877414,0.033469059690833095,0.9262059390544891,1.138093149662018,0.5025263249874115,1.254549354314804,0.03063885197043419,1.4608568787574767,0.7232156783342362,0.2784208804368973
689,0.6467851907014847,0.231162241846323,1.0217435657978058,0.9060243964195251,0.6194897681474686,0.14790230467915536,0.35585545748472214,0.8436308205127716,0.029814919270575047,0.5080365240573883,0.36036358028650284,1.495096743106842
690,0.023611598182469606,0.003182080911938101,0.5108521789312362,0.5883185207843781,0.37429202944040296,1.736071664094925,0.15444774702191352,1.5480777740478515,0.19249094650149345,1.6106389343738556,0.1817047253251076,0.6991336464881897
691,0.029973285272717476,0.1531067296862602,1.0563912212848663,0.769427838921547,1.6343536496162414,0.7895328521728515,0.08601789325475692,0.13289002776145936,0.056773508340120314,0.4063547059893608,1.1846376717090608,0.18608666807413102
692,0.01824606265872717,1.1585395812988282,0.26193599253892896,0.3198215812444687,1.0300785720348358,0.5578323781490326,1.9871179699897765,0.8388497620820999,0.040885723754763605,0.465922586619854,0.7862952321767807,0.06869355216622353
693,0.06828222833573819,1.8485915422439576,0.039711893908679484,0.01719226287677884,0.0253511649556458,0.7723068118095398,0.382655493915081,0.17372111231088638,0.007949815690517425,0.6451860994100571,2.0855098485946657,1.0550307214260102
694,0.2674988105893135,1.0934962987899781,0.0763364665210247,0.04218006301671266,0.9406378179788589,0.6020560413599014,1.821879357099533,1.5288069367408752,0.024127371329814195,0.8360841602087021,0.03392642363905907,0.09292203411459923
695,0.021751105412840845,1.5914553582668305,0.207070479542017,0.05493923015892506,0.7827459782361984,0.44961142241954805,0.8050192028284073,1.9432547867298127,0.03269340340048075,1.1566857159137727,0.1619594745337963,0.004827514034695924
696,0.0011385310266632588,0.005880844383500517,1.0737391591072083,0.004172836523503066,1.1093644559383393,1.2825609982013702,0.4748091042041779,0.014289872581139207,0.005101628857664764,0.058928688243031505,0.017611850611865522,1.5200346529483795
697,0.012100306805223227,1.3181616127490998,0.14081985577940942,2.456350088119507,0.06454584412276745,0.10288436077535153,0.35286502093076705,1.0089807212352753,0.3194679424166679,0.2729266181588173,1.0766040861606598,0.07515742555260659
698,0.07615299858152866,1.1628106474876403,1.1019868493080138,0.27920992821455004,0.9810693085193634,2.74020140171051,0.0285674556158483,0.2625767320394516,0.0622804868966341,0.4696830838918686,0.28973163664340973,0.6132326155900956
699,0.001364746765466407,1.0639400243759156,0.0516490263864398,0.020112781133502722,0.8196872353553772,1.7381024479866027,0.3734899938106537,0.7392982751131058,0.019930590130388736,0.4701559394598007,0.2816659465432167,0.002802238671574742
700,0.12120536863803863,0.8307026088237762,0.6141108304262162,2.7243765711784365,0.8882238835096359,0.0638910535722971,0.9185990273952485,0.6362446635961533,0.026941616646945478,0.3282216116786003,0.11918800063431263,0.22775688916444778
701,0.05789598785340786,0.5831682085990906,0.28547068536281583,0.8109218925237656,0.8516550689935685,0.7095545053482055,0.6413678884506225,0.6118511199951172,0.026824689563363792,0.19994803443551062,0.47442545294761657,0.002409115945920348
702,0.262724794447422,0.09922884814441205,0.09238712154328824,1.1970734000205994,0.21095467284321784,0.9852909445762634,0.5145758897066116,0.028261221013963223,0.05649040117859841,1.0309735834598541,0.21430250704288484,0.8358789265155793
703,0.036372503638267516,1.044273990392685,0.3602133452892303,1.130257397890091,0.4571081712841988,1.2112989187240601,1.2155498564243317,0.13603322580456734,0.5327728062868118,1.3839527726173402,0.7067743450403213,0.5449150800704956
704,0.2372347854077816,0.04992551244795322,0.14468367844820024,0.2892159312963486,0.2377465210855007,1.1831918895244598,0.422572149336338,1.89360631108284,0.2513946518301964,0.5102098226547241,1.721975415945053,0.20571323484182358
705,0.44011835008859634,1.0410851657390594,0.03167053172364831,1.2306183278560638,0.4876174360513687,0.05613660383969545,0.2698669537901878,0.1039372842758894,0.005950785032473505,0.39544118791818617,0.3910316929221153,0.24157000854611396
706,0.014891520468518138,0.8357163965702057,1.0175373435020447,0.03637216687202453,0.1654073067009449,1.2312222480773927,0.12947051152586936,0.2850679188966751,0.0399875208735466,2.2605812788009643,0.15162226408720017,1.9309740245342255
707,0.46735307276248933,0.3246326893568039,2.574050486087799,0.16192862689495086,0.5253050476312637,0.18875133693218232,0.2657729730010033,1.711075621843338,0.1086577620357275,0.7431531041860581,0.09588325582444668,1.4857085585594176
708,0.04456716477870941,1.5809935092926026,0.08717427328228951,0.04721748922020197,1.1766100347042083,1.1980831146240234,0.2375488832592964,2.5927083849906922,0.011187498783692717,0.6704509943723679,0.22317658066749574,1.7559774279594422
709,0.6547628045082092,0.7816757649183274,0.08092548586428165,0.46882534623146055,0.3595411002635956,0.07050891742110252,0.3899212464690208,0.14031791612505912,0.012045714305713773,1.6510897696018219,0.11885673440992832,0.5935641139745712
710,0.08922743275761605,0.3941327229142189,0.19468877464532852,1.0599330484867096,0.06961069442331791,0.6617337852716446,2.1732962846755983,0.8117197632789612,0.015757163148373367,0.4692398101091385,0.17741793096065522,0.3240784168243408
711,0.5896208226680756,2.205165112018585,1.3439837098121643,0.6840027242898941,0.06595356315374375,0.0852730292826891,0.5345612198114396,1.1864920139312745,0.014894037228077651,0.3633436754345894,0.1022146474570036,0.3515002682805061
712,0.1642335072159767,0.26041524559259416,0.4464909002184868,0.4120948925614357,1.2154207885265351,1.1268837094306945,1.4265308678150177,0.9580301284790039,0.022867797687649728,0.40304972529411315,0.39141679406166074,0.0006061150634195657
713,0.32839260399341585,3.680589747428894,0.3500867232680321,0.1165070440620184,0.3372728586196899,0.08287063464522362,0.22468634098768234,1.337774932384491,0.016718074958771468,0.3405850872397423,0.14233026430010795,0.8826642632484436
714,0.008549374574795366,0.1896447457373142,0.023512822017073633,0.02768102250993252,0.029477833490818738,0.16818636432290077,0.05956219341605902,0.18204572275280953,0.056191826425492766,1.66260507106781,0.35807497054338455,0.8035619705915451
715,0.17369305565953255,0.12182546146214009,0.038836641050875184,0.9008668899536133,0.21945303976535796,0.21228672116994857,0.06141354329884052,1.5555101335048676,0.03979671373963356,0.5682194322347641,2.129013478755951,1.1974861681461335
716,0.0036699477350339293,0.5583397775888443,1.8830526292324066,0.03668595068156719,0.1404053382575512,0.2283473163843155,0.5404928803443909,1.0793317317962647,0.09039051719009876,0.5768831461668015,1.0870839774608612,0.23340748846530915
717,0.000491370155941695,0.0013054066221229732,0.9721856027841568,0.01020235437899828,1.3183237552642821,3.603224992752075,0.01492975833825767,0.39736576825380326,0.05109195690602064,0.16430386528372765,0.9509019434452057,0.0026322434539906682
718,0.045719582028687,1.3672856986522675,0.07094744704663754,1.0176475942134857,0.8829900711774826,0.19672847911715508,1.1793257534503936,0.05081498138606549,0.03157110419124365,0.08768375031650066,0.7083242356777191,0.012911048065871001
719,0.12374563701450825,0.010181036172434687,1.6635983824729919,0.4361905425786972,0.2496286764740944,0.0835942815989256,0.02959527224302292,0.7260353654623032,0.1862261913716793,1.3006585538387299,0.5020519316196441,0.09961081631481647
720,0.405781552195549,0.0002175833462388255,0.05296457465738058,0.2021991528570652,0.3447593152523041,0.5437598556280137,1.698491483926773,0.5042457103729248,0.009150522900745273,1.5202025473117828,0.040385330095887184,0.00010406858673377428
721,0.03401538990437984,1.4412261307239533,0.2463282011449337,0.21634554639458656,0.22072413563728333,0.7239550352096558,0.16336111798882486,1.3985374450683594,0.049160553328692916,0.4418834701180458,1.3308154404163361,0.6509035766124726
722,0.028793684672564268,0.22378896325826644,0.4712632492184639,2.4736799716949465,0.6076911211013794,0.2604653641581535,0.13790034949779512,0.24895049408078193,0.1018074706196785,0.8462124168872833,0.2354099191725254,0.09280088394880295
723,0.0037749296752735972,0.34820792078971863,0.18620974496006965,0.020262386091053484,0.37551674991846085,1.9267657697200775,0.9442985743284226,0.030480147060006856,0.028681798465549947,0.8825986206531524,0.29060034453868866,1.3115184783935547
724,0.023946214467287064,0.5944625914096833,0.1750680312514305,0.4625949516892433,1.6947086095809936,0.8343280643224716,0.04710777681320906,0.27056392580270766,0.048757612518966195,0.322121387720108,0.8816474795341491,2.402930223941803
725,0.06758080422878265,1.5027440071105957,0.6053550392389297,0.016447868105024098,0.812807023525238,0.3782597601413727,0.2079190991818905,0.02915532113984227,0.04023050647228956,0.5681792944669724,0.06313163787126541,2.1114936232566834
726,0.27656295895576477,0.020709900930523873,0.1755768544971943,0.09912168979644775,1.3930983364582061,0.4354317456483841,0.33517291247844694,0.3253593951463699,0.06813483014702797,2.622462821006775,2.0563984632492067,0.1877884440124035
727,0.5555659174919129,0.030314784217625856,0.04460072536021471,0.7723945260047913,0.03200287185609341,0.44591235667467116,1.2250222444534302,0.627957820892334,0.008561912132427097,0.23441392555832863,1.4256246984004974,0.15070294141769408
728,0.012612240808084606,1.5885165810585022,1.720266091823578,0.32195471972227097,1.900564569234848,0.04969333708286286,0.008822989789769054,0.09096046686172485,0.214652269333601,0.08474979065358638,0.2572555497288704,0.22394218146800995
729,0.03228957131505013,1.3187361061573029,0.0985607486218214,0.6929972499608994,0.5721321165561676,0.2141542173922062,1.9311381042003632,0.1150686003267765,0.01938073756173253,0.18103114813566207,0.6575684070587158,0.1560290887951851
730,0.012952298996970058,1.334113645553589,0.12222784347832202,0.08854762464761734,0.764041805267334,0.6441865921020508,0.5796786248683929,0.021315309032797814,0.07123352847993374,0.08178855925798416,0.12267708219587803,0.32150029838085176
731,0.0016108479991089554,9.68018521234626e-05,0.14326342865824698,0.3653816744685173,0.12689940482378007,2.801927316188812,0.15378245189785958,0.7123094081878663,0.2631449341773987,1.3552046716213226,0.402092045545578,4.87725148559548e-05
732,0.41816826462745665,0.07311126925051212,0.27249862998723984,0.09422884806990624,0.09500785432755947,0.11794473603367805,2.097485911846161,0.8405234247446061,0.43921179324388504,1.3116046726703643,0.5183293640613555,0.9336282104253769
733,0.13357813209295272,0.5130486965179444,0.03290374130010605,0.054248548671603204,2.206662619113922,1.511575984954834,0.5808337330818176,0.6349958509206772,0.015310321329161524,1.4772479951381683,0.039174577221274376,0.09263737499713898
734,0.003496505506336689,8.252052175521387e-05,1.060526728630066,1.079322874546051,0.2196759134531021,0.7668220192193985,2.0817418456077577,0.1872523196041584,0.02929610079154372,1.3323467254638672,2.3887757658958435,4.0537986023991834e-05
735,0.010591796552762388,0.00039558179996674887,0.11869406700134277,0.2035169444978237,1.1967781007289886,0.26476151645183565,1.6383402168750762,0.5164996445178985,0.061671724542975426,1.7385843396186829,1.7032566606998443,0.00016806960193207487
736,0.8622246980667114,1.938795554637909,0.08016063570976258,1.6676765739917756,0.06583560854196549,0.07704667299985886,1.0635252237319945,0.369160957634449,0.008609863324090838,1.5290801525115967,0.07294869720935822,0.30350160598754883
737,0.1422433838248253,1.902288544178009,0.042739744111895565,0.04410807602107525,0.5618167728185653,0.3455864921212196,0.18804464638233184,0.5304829061031342,0.012051284965127708,1.5077973425388336,0.07132632918655872,1.9008825778961183
738,0.08030888289213181,0.003865512367337942,0.8540180027484894,0.17792393937706946,0.32766944319009783,1.0381800651550293,0.9746038049459458,0.6728895395994187,0.011203774344176055,0.83380728662014,0.07687626890838146,0.23600925430655478
739,0.039507651887834075,0.02869189279153943,2.0027811527252197,0.12499180771410465,1.678949123620987,0.16184376850724222,0.30008578598499297,0.5374276161193847,0.014225598145276307,0.45427561551332474,0.47762232571840285,0.13794974833726883
740,0.018147091567516326,3.123106288909912,0.06163525450974703,0.023759364150464535,0.1116411492228508,0.851191622018814,0.965231430530548,0.5320230782032013,0.025016373582184316,1.2294557571411133,0.07025761529803276,0.8905722707509994
741,0.07484425008296966,0.029589955415576696,0.13094317838549613,0.06995914541184903,0.9214813947677613,0.23010708540678024,1.0693431079387665,1.0683113873004912,0.0766193263232708,0.6071231335401535,0.2789792627096176,0.9934433549642563
742,0.24351970851421356,0.13511586412787438,0.4947535902261734,0.09374133422970772,0.717673608660698,1.1664526462554932,0.2171883128583431,1.9104284942150116,0.04573967456817627,1.072416466474533,0.05534405168145895,0.7434438824653625
743,0.08146289587020875,1.365528255701065,0.03540181946009398,2.4866774559020994,0.10381722822785378,0.0373451478779316,0.4538918912410736,0.1291157141327858,0.08194735422730447,0.11009640879929065,0.05266003534197807,1.8784637153148651
744,0.005115274921990931,0.0012340825982391835,0.007802417012862862,0.004519998165778816,0.02631291663274169,0.2737648203969002,0.009030025452375412,0.9652222663164138,0.0011782582092564554,0.11638347767293453,0.004786423477344215,0.015552549902349711
745,0.137677863240242,3.0853383213980125e-05,0.0325693279504776,1.415527629852295,0.01119982018135488,0.06369530409574509,1.982914638519287,0.6389548033475876,0.0054283755831420425,0.24801280051469804,0.015255814371630549,1.515225058028591e-05
746,0.18609717562794686,0.29096136838197706,0.0029338076477870346,0.0033897591754794123,0.004509907076135278,0.011589558003470302,0.26408732384443284,0.2575035646557808,0.0005273232993204147,0.2858723759651184,0.005276474892161787,1.0508483529090882
747,0.7987054049968719,0.003494764608331025,0.008341851644217968,0.27350052893161775,0.015381069807335735,0.014340269705280661,0.6820808351039886,0.02114827446639538,0.6745692253112793,0.03157576229423285,0.011951272562146186,0.00041279604774899784
748,0.0008102027059067042,0.024321915116161108,0.035952331312000756,0.001921362744178623,0.01050294078886509,0.27802866250276564,1.8668474018573762,0.14978549629449844,0.0021206376026384533,0.10483102276921272,0.011475042905658484,1.0957714557647704
749,0.0018543377809692174,0.0003093733888817951,0.00048396563943242654,0.0004500264360103756,0.001429055619519204,0.0033096246188506484,1.271198183298111,0.010061907581984997,0.00010831377403519582,0.007387509173713625,0.0007074914290569723,0.00013997010173625313
750,1.2045669674873352,0.00041499389189993965,0.06746420711278915,0.22229466885328292,0.03266543783247471,0.15045838803052902,0.0736364483833313,0.3648585230112076,0.06345466449856758,0.8804411321878434,0.4210059016942978,0.0001327099424088374
751,0.0022054854198358953,9.038813223014586e-05,0.005405020317994058,0.0029637602623552085,0.008975440822541715,0.30288250744342804,0.034844943508505824,0.5742511034011841,0.0008149480185238644,0.5133029580116272,0.0038549270713701842,3.235828407923691e-05
752,1.9229458630084992,0.00025850015226751565,0.0032431179890409115,0.005146738863550127,0.0032351861824281513,0.04492236282676459,0.2768391162157059,0.049724601209163666,0.001271618576720357,0.10968147180974483,0.015301149245351553,7.135497944545933e-05
753,0.15085706040263175,0.014486355055123568,0.062169591523706914,0.017735976073890925,0.06257866155356169,0.10316306576132775,1.0279448211193085,0.125734593719244,0.043062940984964375,0.2420002616941929,0.04138144459575415,1.2238155603408813
754,0.09959624633193016,0.00013877386081730946,0.009844258334487677,0.006262464355677367,0.01189251602627337,0.44251539558172226,0.0035281219519674783,2.318273866176605,0.001980213774368167,0.06339208520948887,0.029620359372347593,5.0575108434713915e-05
755,1.2748040318489076,0.011285324255004526,0.006001693406142294,0.00435722537804395,0.010527187027037144,0.06784402132034302,0.04574771393090487,0.4419815644621849,0.0016417916864156724,0.978867819905281,0.00623022629879415,0.27165667116642
756,1.1559853971004486,0.006257271603681147,0.0066362728131935,0.0046537716174498206,0.007042023120447993,0.2715815782546997,0.6907653540372849,0.009316399320960045,0.0019877013517543675,0.20230068787932395,0.008331080107018352,0.360802398622036
757,1.1641676306724549,0.00010379266896052287,0.006050568073987961,0.0027187958941794934,0.010938373440876604,0.23681611493229865,0.912536010146141,0.044881990551948546,0.001572106988169253,0.34926173388957976,0.006477048760280013,3.412005498830695e-05
758,0.001432720705633983,0.0945095282047987,0.0003042453245143406,0.0002963468417874538,0.00030982849566498773,0.0009024676081025974,0.0003263902995968238,0.0006378571997629479,0.00011989588601863944,0.0018027961952611804,0.0009259113110601903,2.6918042421340944
759,1.352830171585083,0.000313367263879627,0.0010130322654731572,0.0006798412738135085,0.0007530959352152422,0.01021170634776354,1.3766603112220763,0.009976630983874201,0.0001877896698715631,0.04158568326383829,0.0012668122188188135,0.00013856879086233677
760,0.7275775909423828,0.015892840456217527,0.0044956709491088985,0.004547401727177203,0.00491298376582563,0.019825675152242185,0.00666896493639797,0.02282319711521268,0.001718617236474529,0.04651610516011715,0.010751622868701816,1.8649470031261444
761,1.4801128685474396,0.06748537942767144,0.01774946488440037,1.0810555338859558,0.016948887333273887,0.03994447011500597,0.39205934554338456,0.015726508945226668,0.005091831809841097,0.14762979969382287,0.03386140279471874,1.3948822617530823
762,2.9168078162911117e-05,3.68535943380266e-06,0.0013061214820481836,0.00032585230364929886,0.0005855781870195642,0.14783986657857895,0.0005340698407962918,4.233896374702454,0.00020880761003354566,0.006290551763959229,0.0014868544414639473,2.247551765321987e-06
763,0.0038115251110866664,0.03521433174610138,0.01267818477936089,0.0022790719056501986,0.010693640587851405,0.15143661797046662,2.8341213345527647,0.13466279730200767,0.0015752057021018117,0.20752930492162705,0.011024544900283218,0.6569001197814941
764,0.0017368673987220972,0.014742292417213322,0.013641595793887974,0.004827629658393562,0.0138200125657022,0.06997698731720448,0.010762867843732237,1.7156437516212464,0.004525957605801522,1.0477562606334687,0.01880568256601691,1.5118538081645965
765,0.00024954068212537097,3.0760854861000554e-05,0.008995838882401585,0.0015161596122197807,0.013880471093580126,0.4054173186421394,0.6402839422225952,1.4414533495903015,0.0007696360320551321,0.34456933438777926,0.004234185488894582,1.4949073010939173e-05
766,0.056173702143132685,0.16740113943815232,0.0034866568283177914,0.002913976320996881,0.0045388821512460705,0.017903106007725003,0.006928550987504423,0.012993595423176884,0.001468265091534704,0.035779514163732526,0.009333570022135973,2.5968393802642824
767,7.643891840416472e-05,9.130190755968215e-06,0.09987236186861992,0.0014712038508150728,0.015666529536247253,0.8147028744220733,3.952471709251404,1.61365002989769,0.0021490895538590848,0.24593262374401093,0.006133723771199584,3.173048469307105e-06
768,0.0035596316447481513,0.01715292911976576,0.0021921777981333433,0.001888114557368681,0.003011532686650753,0.006741038616746665,0.0033656029030680657,1.568222951889038,0.0006253790168557317,0.01451460225507617,0.005544579168781638,1.1846723020076753
769,0.9236575722694397,0.0010214134119451046,0.9025221288204193,0.12659261226654053,0.029842942114919425,0.138948255777359,1.1937511086463928,0.4525646924972534,0.21095005422830582,0.27421507239341736,0.26009576171636584,0.00033438050886616113
770,0.24362575486302376,0.004946785792708397,0.0015171458013355733,0.0017226926633156837,0.0008144724037265405,0.005564066953957081,0.0063448001630604265,0.12749649584293365,0.0008180141274351626,0.02615263955667615,0.005317564564757049,0.21885230839252473
771,1.1604542016983033,0.0002270107484946493,0.007599261240102351,0.006002296484075487,0.018755954783409835,0.06382576599717141,0.10056803114712239,0.3139677822589874,0.002081131155136973,2.261263632774353,0.009771866630762816,0.00022312018627417275
772,0.14820801392197608,0.0001176029778434895,0.40359917730093003,1.160854959487915,0.015134867141023278,0.03606684412807226,0.06470245905220509,0.2677395686507225,0.0059180963085964326,1.126198959350586,0.014491549553349614,3.481568983261241e-05
773,0.0011294824187643826,0.011373950401321054,0.0023533990490250288,0.001463205966865644,0.004390781675465405,0.003985090483911336,0.0008562190370867029,0.5415091812610626,0.000982863674289547,0.006271014478988946,0.005247451993636787,1.6432370364665985
774,0.011146982712671161,0.03960896208882332,0.027182752266526222,0.21090236008167268,0.020892315451055767,0.019411166105419396,0.015447700768709183,0.29367468059062957,0.0035856124362908305,0.5162222027778626,0.024828403443098068,1.3511174082756043
775,0.13359129503369332,0.005223109805956483,0.0032192169688642024,0.003312280273530632,0.01234319591894746,0.025410870648920537,0.36324343234300616,0.009124692855402827,0.0009666405007010326,1.2079217970371245,0.009147309698164463,0.5992949098348618
776,0.43349639475345614,0.0018043906951788814,0.004304390028119087,0.0021465562051162126,0.004711639950983226,0.06345715373754501,0.01785932956263423,0.8206527262926102,0.0015436917135957628,0.8613053977489471,0.007391361659392715,0.03224262557923794
777,0.2261066682636738,0.0003381803398951888,0.007630628976039589,0.006127492105588317,0.031228672806173564,0.03425975069403649,0.5714629173278809,0.849296921491623,0.001306526007829234,0.04392184801399708,0.028206784557551146,0.00013856664154445752
778,0.2337054081261158,0.9125067532062531,0.0005609152838587762,0.002719484828412533,0.0004671756280004047,0.0008807200123555958,0.000942384303198196,0.23479993119835854,0.00021388258901424705,0.004150243219919503,0.0016488963970914484,2.09857656955719
779,0.004056162503547967,0.02585459006950259,0.005700767901726067,0.00206133114406839,0.008733551250770688,0.05524108652025461,0.6757335662841797,0.009528413554653526,0.0010472634923644364,0.5033817052841186,0.003625558118801564,0.4338631138205528
780,0.00015408494364237414,2.2720846664014972e-05,0.0033075765939429404,0.0008774715126492084,0.0016533094982150943,0.0442889392375946,0.049802412278950214,1.447335171699524,0.0006021722336299718,0.012723603146150708,0.0036427777144126595,6.624861725867959e-06
781,0.0017949923290871085,0.05231468677520752,0.12049956843256951,0.004810227081179619,0.0064117559930309655,0.0290269142948091,1.3412434935569764,0.026651232782751322,0.013274117093533277,0.5560651659965515,0.01139046810567379,0.36743827164173126
782,1.4426586151123046,0.12277322709560394,0.010064983461052179,0.9887722373008728,0.004789323662407696,0.007768012629821896,0.0057526261545717714,0.5485065907239914,0.004550590738654137,0.03319229371845722,0.02071292782202363,0.06901774741709232
783,0.07699323520064354,0.14584265053272247,0.0014683314482681453,0.003240694745909423,0.002591062989085913,0.005855887313373387,0.1460106372833252,0.09551402516663074,0.0006185005477163941,0.04386911913752556,0.004691263474524021,1.420994371175766
784,1.5985019266605378,0.0008214401314035058,0.0012250838917680085,0.0009490740165347233,0.0022267053369432687,0.05306073054671288,0.006091314787045121,0.01392395244911313,0.00038907702546566727,0.03489248156547546,0.002985782967880368,0.0002646490349434316
785,0.0037799929967150094,4.699223336501746e-05,0.02127814283594489,0.005310635990463197,0.0627633560448885,0.018344363011419774,3.3167861104011536,0.004200102109462023,0.0030232210643589496,0.0566980853676796,0.012251269211992622,9.571624059390161e-06
786,0.0012238159542903304,0.13485394045710564,0.015648317523300648,0.007713369838893413,0.016081100236624478,0.2900200873613358,0.029552983213216068,0.2419323891401291,0.007758147618733347,0.8401525169610977,0.061797259375452995,0.6122346013784409
787,0.0013178424909710885,2.8842239225923548e-05,0.14248898401856422,0.029517492651939394,0.031232379283756016,0.23996320813894273,3.5095459818840027,1.1899577260017395,0.015332558006048203,1.095784032344818,0.06404384523630142,1.7925010524777463e-05
788,0.0012277156580239534,0.10593754015862941,0.0011942156590521336,0.000605315953725949,0.001291131746256724,0.00214041443541646,0.0009423834155313671,2.5704394578933716,0.00036858721432508906,0.009136981889605522,0.0022566978237591683,1.4945433795452119
789,0.0003297599731013179,0.003485223778989166,0.007651793165132403,0.0009470135031733662,0.00805568820796907,0.7373523980379104,2.533687341213226,0.007546023582108319,0.0009171711892122403,0.05308497101068497,0.0036454950110055505,0.719329011440277
790,0.0007796886377036572,0.17822547554969786,0.012709107715636492,0.0019263055524788798,0.004635647241957486,0.09283388145267964,1.7210065424442291,0.016209149546921254,0.0018172197043895722,0.07923073545098305,0.008672021888196468,0.8982091337442398
791,1.9196829915046691,0.00017932504197233358,0.1858158215880394,0.10327267907559871,0.04180503226816654,0.2699873924255371,0.019596034102141856,0.009001673804596067,0.09564393237233162,0.6931158363819122,0.13205254152417184,4.789754857483786e-05
792,0.7671145379543305,0.00876205055974424,0.057199131697416306,0.7480959504842758,0.00985851902514696,0.01159955859184265,0.016009933594614268,0.3258959099650383,0.4084104001522064,0.0720504481345415,0.07258847057819366,0.0014018340560141953
793,0.00010658830215106719,1.5802884263393935e-05,0.10658002346754074,0.0012443534331396222,0.02286314871162176,0.20147718861699104,3.451494872570038,0.026599651109427212,0.0017176483059301972,1.825275194644928,0.005021843849681318,5.156659403837694e-06
794,1.483708494901657,0.0058466556249186395,0.005102480086497963,0.004020463116466999,0.0025904679438099264,0.01556752691976726,0.1840806223452091,1.0906360507011414,0.001141553238267079,0.03198294937610626,0.007046833960339427,0.07303375340998172
795,0.4327691361308098,0.047796026431024076,0.01754419058561325,0.03189025325700641,0.006344899046234786,0.021289705485105514,0.003991461568512022,0.009311659587547183,0.08337407559156418,0.04647411368787289,0.06016201563179493,1.9962880671024323
796,1.0118040323257447,0.0001365272080875002,0.36148786544799805,0.03177555985748768,0.035968535020947455,0.29498062580823897,1.0367220222949982,0.33498546928167344,0.005708775506354869,0.6862962186336518,0.0310747254639864,5.783322721981677e-05
797,1.1027204811573028,0.020715362671762706,0.002455270674545318,0.15951332151889802,0.0026764023234136405,0.004927245271392167,0.00391847500577569,0.03407041616737842,0.0015305418928619474,0.15413440763950348,0.010510161472484469,0.18351907506585122
798,1.518313992023468,0.28582939207553865,0.0035817367024719715,0.0033646791591309014,0.0036479935050010683,0.0032946721417829393,0.0016920053691137581,0.0024696911103092136,0.0025628669653087856,0.03571966215968132,0.007457597018219531,0.4350540429353714
799,0.0003174793266225606,3.822923554253066e-05,0.04422573931515217,0.0032682279124855995,0.03238877225667238,0.7455372929573059,1.2029124200344086,0.9205412924289703,0.0019332387775648386,1.0956585347652434,0.009666801989078521,1.3954424957773881e-05
800,0.006064394535496831,0.11331698261201381,0.005516550759784878,0.020143974293023347,0.00595470096450299,0.013468883419409395,0.9869585126638413,1.132306832075119,0.003532035683747381,0.021823030710220338,0.015765188634395598,0.9157107204198838
801,1.330745953321457,0.095752440020442,0.010899455100297929,0.08375443890690804,0.02880147434771061,0.03886627126485109,0.022305210027843716,0.020138878282159565,0.9066824346780777,0.13324824050068856,0.029912351444363595,0.0009419521695235745
802,1.1645031690597534,0.41311903297901154,0.009909509727731348,0.017043911945074798,0.011814023042097688,0.11073866449296474,0.06440306790173053,0.011920835729688406,0.0029230390558950604,0.24539225697517394,0.015002920059487224,2.9169678807258608
803,1.0531478762626647,0.0001903279800899327,0.005370346689596772,0.004509581695310772,0.010058053163811564,0.03521736972033977,0.30231398046016694,0.22573743015527725,0.0017475090688094496,1.4551979780197144,0.026933338306844235,8.675981334818062e-05
804,0.005483051482588053,0.008011405868455768,0.0321515841409564,0.009862017771229147,0.08060861118137837,0.2608051598072052,0.09695654474198818,0.7615345150232316,0.015345681039616466,0.5386735379695893,0.02795406272634864,1.432675313949585
805,0.47312053143978117,0.03353449609130621,0.01394051630049944,0.008752881735563278,0.049813879653811455,0.22712560817599298,1.5790339469909669,0.11686178855597973,0.003640627523418516,0.1565891019999981,0.025804970506578685,0.07730700485408307
806,8.654203375044745e-05,9.541823101244517e-06,0.006973743997514248,0.0006393309129634873,0.0040870180120691655,0.10554605424404144,2.889475917816162,0.1712423674762249,0.000737656801356934,0.8718892276287079,0.00275833725463599,7.991776601556922e-06
807,0.0001151051834312966,3.148632786178496e-05,0.010714710084721446,0.0030057631898671388,0.0036196124739944937,0.11648770309984684,0.4360467404127121,0.13459582924842833,0.0014804126345552503,2.5262606739997864,0.0046314359176903965,1.3232840865384788e-05
808,1.4447645723819733,0.020958795305341484,0.0009026403247844428,0.0008549029851565138,0.0011343684571329504,0.002264399139676243,0.001688065635971725,0.002847695932723582,0.00023467750361305661,0.01851694555953145,0.0016667449031956495,0.03175544608384371
809,0.0004426143408636563,0.0002633899173815735,0.0038716052426025272,0.0014848613005597143,0.0038517734035849573,0.1331937663257122,0.20575693920254706,2.324932670593262,0.0008530627499567345,0.027249441109597684,0.00845677345059812,0.00010306543190381491
810,0.003029751149006188,0.0015669601096305998,0.02266986817121506,0.004975987831130624,0.017739382479339837,0.2221796691417694,0.8019375294446945,0.9445909649133682,0.005228188238106669,0.35374079197645186,0.026093517523258926,0.09256032407283783
811,7.169320342654828e-05,6.71007890105102e-06,0.0032990555046126246,0.0008231742074713112,0.003439913294278085,0.21401956230401992,0.003565515286754817,3.4351150512695314,0.00038350105023710057,1.084165334701538,0.00203495342284441,2.433098813980905e-06
812,0.5682768523693085,0.1766922205686569,0.024341811798512934,0.10497199930250645,0.007243345770984888,0.010236392728984356,0.0036398581811226904,0.679757609963417,0.0036867758608423173,0.02519185245037079,0.018974214885383846,1.3260853052139283
813,0.029148378875106573,0.013515430223196746,0.010730165289714932,0.015461847605183722,0.0084925280418247,0.4190672352910042,0.370061194896698,0.015071955788880587,0.00356407017679885,0.7530038207769394,0.08279638402163983,0.29203270077705384
814,0.005619554570876062,0.005317239137366415,0.01819006372243166,0.006202217703685164,0.0786246232688427,0.025681519135832786,0.0027830169070512055,0.7796403050422669,0.0077616537921130655,1.0299135625362397,0.035894437320530416,0.13844799399375915
815,0.0006357647973345593,0.0016282611817587168,0.017282857093960047,0.0017140500014647842,0.006173374527134001,0.04833422750234604,0.8384811788797378,1.1820036828517915,0.0014000766328535975,0.043898421339690685,0.008794836793094873,0.4808877408504486
816,1.4006785035133362,0.00029285314085427674,0.019098022021353245,0.10547112673521042,0.015948182716965676,0.09204260148108005,0.2623026639223099,0.3578286603093147,0.009072005935013295,0.16463855803012847,0.3087571009993553,0.00012591885824804195
817,0.0031880027265287934,0.0029695027275010943,0.011788207804784179,0.006380613124929368,0.008249750779941677,0.03941718507558108,0.4858623117208481,1.4527245581150054,0.007217688555829227,0.22615824192762374,0.032526187412440774,0.06824701949954033
818,1.016145074367523,3.926890640286729e-05,0.014250231673941018,0.007446099491789937,0.012394520035013557,0.20886481180787086,1.6428246259689332,0.5984236270189285,0.0017204686533659698,0.25947132259607314,0.005167601373977959,1.8351553808315658e-05
819,0.00206496543250978,0.2764567106962204,0.0015671698434744032,0.0024490934796631337,0.001992688688915223,0.007844415446743368,0.0054358894703909755,0.6547889649868012,0.0005887278850423173,0.010287416959181428,0.012059099273756146,1.1757116615772247
820,2.0999165534973145,0.0005686935008270667,0.0005668163008522243,0.00047733851097291334,0.0009018951677717268,0.004089865530841052,0.5243143230676651,0.10433139316737652,0.00010747232263383922,0.020951029565185308,0.0005659874324919656,0.00029981146508362144
821,0.004625279502943158,0.004157579876482487,0.012011718517169357,0.0024844034574925903,0.01208952465094626,0.0770676176995039,2.4982251167297362,0.3506750285625458,0.0015404976322315634,0.32531447559595106,0.00682694383431226,0.6296083241701126
822,0.001054695318453014,0.023638365883380176,0.011282233847305178,0.004416221007704735,0.01341314408928156,0.1976534202694893,0.10580558739602566,0.35854829400777816,0.002919043053407222,0.16407626867294312,0.02336524724960327,0.7029831171035766
823,0.009299185639247299,0.036947798915207386,0.006651584361679852,0.016634949017316103,0.009889255417510867,0.03658105153590441,0.24517524018883705,0.5728789001703263,0.002223699516616762,0.04113505594432354,0.013554587867110968,0.2200768321752548
824,0.0035470543429255486,0.090002116933465,0.5764211624860763,0.0321068299934268,0.03371911626309156,0.10634207054972648,1.6180779397487641,0.9004308938980102,0.07119176834821701,0.696175429224968,0.371428008377552,0.7170563131570816
825,1.7468278586864472,0.003837119205854833,0.0007908560277428479,0.0013818204577546566,0.0005259344034129754,0.0025589474476873874,0.0008101115905446932,0.014738626219332219,0.00044915971957379955,0.013848420977592469,0.0027109917951747774,0.10519557520747184
826,0.0044801785377785565,0.002131496067158878,0.03343530371785164,0.005125609296374023,0.05282167792320251,0.08898690678179264,0.8370047569274902,0.021027405746281147,0.0025864065974019468,1.7329777300357818,0.018992107175290585,0.26929871290922164
827,0.003702896670438349,0.013864615000784397,0.004877233318984509,0.0023462374694645403,0.0027837038971483706,0.005057417554780841,0.0016073832870461048,0.8239188909530639,0.0008752618741709739,0.02248899908736348,0.010855047265067697,1.4038589894771576
828,0.11697877869009972,0.00010081438485940453,0.04239175040274858,0.011695204768329859,0.018368932139128446,0.19243743866682053,0.857886815071106,0.03265024032443762,0.006754576764069498,1.8440511763095855,0.03240855783224106,0.0001098290849768091
829,0.0020788550726138057,0.010171660780906677,0.015793341491371394,0.027539934776723386,0.01209783460944891,0.04558803625404835,0.6627258628606796,1.152696031332016,0.010549137787893414,0.026286024134606123,0.2932114973664284,0.24357110783457755
830,1.3219483077526093,0.00011060491415264551,0.007569780969060957,0.004313736571930349,0.004236815124750137,0.0901936274021864,0.1417597383260727,2.0880621790885927,0.0054049714468419555,0.08051892891526222,0.025895420741289855,9.634278649173211e-05
831,0.0007727625139523298,0.002398111729416996,0.023893539141863585,0.001954902336001396,0.009457135666161775,0.6922136098146439,2.2276676535606383,0.01642130594700575,0.003628829587250948,1.05632826089859,0.01720129428431392,0.8071086257696152
832,0.0036972636356949807,0.06595600731670856,0.01655646599829197,0.002520313486456871,0.023360284510999918,0.08955021910369396,2.7265152096748353,0.16271774396300315,0.0019273662241175772,0.13505132719874383,0.00708788929041475,0.4674776390194893
833,0.6094673871994019,0.07036341279745102,0.02640574676916003,0.012285620020702482,0.10168237239122391,0.02347074607387185,0.006864909827709198,0.6892539203166962,0.0028865117463283243,0.04580629896372557,0.2589838311076164,0.7015970855951309
834,0.0006643060449277983,3.0455930391326548e-05,0.018738165870308875,0.002283159934449941,0.04504179488867521,0.10866116061806678,3.064197361469269,0.040581749938428405,0.0012103789893444627,0.245968572050333,0.008714440651237965,1.1753156923077767e-05
835,1.806906133890152,4.554398547043093e-05,0.0003733886711415835,0.00045372483436949555,0.0004154197784373537,0.0019048039219342172,0.0008453870075754822,0.3517145961523056,0.0001690020304522477,0.016251294687390328,0.0009009542351122946,4.3402078335930125e-05
836,0.0007308747619390488,0.012426376389339567,0.017431921698153018,0.003019799501635134,0.02102786712348461,0.2550432294607162,0.012817871803417803,1.0037447154521941,0.0029645725269801916,0.03280541058629751,0.08052729666233063,0.6662073761224747
837,0.01039625946432352,0.0021925667766481637,0.01786063117906451,0.005594366323202848,0.02822467675432563,0.027678538113832474,0.019772397819906473,0.0034043665626086296,0.003361168340779841,1.0616606950759888,0.02921331422403455,0.40992752462625504
838,0.0004844499926548451,0.03459773138165474,0.0041304239304736255,0.0006515064742416143,0.0030184446601197123,0.023695627134293316,0.09876985624432563,3.5257869601249694,0.0004857704567257315,0.012037549680098892,0.005391103844158351,1.1902181088924408
839,0.17973683550953864,0.05359364952892065,0.0010314818704500795,0.002805612178053707,0.0013228304916992784,0.007185100205242634,0.04763362016528845,0.6910849452018738,0.0005101938237203285,0.06535591296851635,0.003518360503949225,1.0138878524303436
840,0.5053353577852249,1.2982049202037161e-05,0.0075349860126152635,0.003734106954652816,0.008549072686582804,0.16273076757788657,0.019845877215266226,2.641311514377594,0.001383690518559888,1.5156998336315155,0.005548512446694076,5.390920455283776e-06
841,0.0014717681449837982,0.00013687872851733118,0.004788741935044527,0.002887291507795453,0.03327566981315613,0.012914960924535989,0.8377172648906708,0.0075700228800997145,0.0004812607541680336,0.18661018535494805,0.005240497319027782,0.00010207200793956873
842,1.4892570614814757,0.04549493957310915,0.004355714260600507,0.00297172621358186,0.0035801242222078147,0.025726049579679965,0.38827056288719175,0.10510591082274914,0.0011701506562530994,0.07863642759621144,0.004868058697320521,0.8473545908927917
843,0.0013264794659335166,0.011816560989245772,0.009813011065125466,0.002566871780436486,0.01799869053065777,0.16899095997214317,0.37506327629089353,0.005362356267869473,0.0019142581266351044,1.2435308933258056,0.009614068316295743,1.6972480833530426
844,0.10911120362579822,0.7283038228750229,0.5322327941656113,0.10104884207248688,0.008056725282222033,0.03564431853592396,1.6286865293979644,0.18199442997574805,0.005890578939579427,0.18011245578527452,0.07674353495240212,1.2727939188480377
845,0.00016574937835684979,3.515785574563779e-05,0.006444765883497894,0.00153452645172365,0.0034462412470020356,0.6445329576730728,0.743032032251358,0.010491095017641783,0.0009857320925220846,1.2830749869346618,0.005059293867088854,1.2731484275718685e-05
846,0.43600243180990217,5.773666143795708e-05,0.014936280949041248,0.015181606728583574,0.020376202929764987,0.38286108076572417,0.008211724227294326,2.084252917766571,0.012698957975953818,0.12269492521882058,0.13990695551037788,4.189560058875941e-05
847,0.023950020782649517,0.037221941724419595,0.0015549554314929993,0.0016103526460938156,0.0018519613309763373,0.005948623199947179,0.005350369424559177,0.29268800020217894,0.0006790849001845346,0.013408856745809317,0.0055899824248626835,3.634724724292755
848,0.001216178049799055,0.011394021566957235,0.016486783046275377,0.001961621199734509,0.004953926685266197,0.011478290241211653,0.0020907141617499294,0.001730159454746172,0.005313838529400527,0.12446150109171868,0.09470698721706867,2.2236952900886537
849,6.27875040663639e-05,6.469473009929061e-06,0.0042741261422634125,0.0010156330594327302,0.0033756567165255545,0.15534229055047036,0.1882237486541271,2.3619615912437437,0.00045486379676731306,1.7547427237033844,0.0019926813314668835,1.562233467211627e-06
850,0.0091089335270226,0.008946620672941209,0.00515361144207418,0.004199905297718943,0.006334909540601075,0.005534852133132518,0.012184410588815808,0.0036332326126284897,0.005668206862173975,0.08186158239841461,0.010210355231538414,0.8429539918899536
851,0.021192740090191366,0.010338794346898795,0.0015295693068765105,0.002678355691023171,0.002274281403515488,0.00801657121628523,0.19955959618091584,0.002046208595857024,0.0004921701896819286,0.020608727354556322,0.002219592942856252,1.3852896571159363
852,0.00203239283291623,0.008190849516540765,0.0006098869896959514,0.0008550670958356932,0.0010108395537827164,0.0034018396167084576,0.000876226750551723,0.6495976328849793,0.0002631731840665452,0.005042701307684183,0.0021544957999140024,2.34936009645462
853,0.49451322555541993,0.0003775569479330443,0.0018151295138522983,0.0017298477876465767,0.001401246088789776,0.008281971467658878,0.00590379061177373,1.148878562450409,0.0006489524617791176,0.026438619289547206,0.004511850257404149,0.0004966421765857377
854,2.2783654808998106,0.002582223201170564,0.0040215397719293835,0.0021120702265761794,0.007230914989486337,0.0165105689316988,0.012648120941594242,0.3994381263852119,0.0004798284484422766,0.4392566829919815,0.0027736196294426917,0.14290333390235901
855,1.1276570498943328,0.0026433695224113763,0.016947113443166018,0.007648612512275577,0.004258053214289248,0.014995378954336048,0.00707550416700542,0.24066691249608993,0.0020155964884907007,0.05854716766625643,0.011410680320113897,0.0021985930856317283
856,0.0001741397732985206,8.772876208240632e-06,0.006820777337998152,0.0012875701242592186,0.005907135084271431,0.24219142347574235,1.0389926195144654,2.54886771440506,0.0005233237199718133,0.7889339834451675,0.0019025680376216771,5.3657606713386485e-06
857,1.306141346693039,0.24848151877522467,0.0033342081937007607,0.011476273974403739,0.007325921417213977,0.0076939025428146126,0.25365103781223297,0.34778974652290345,0.0023316788719967008,0.025362107902765274,0.014401339739561082,0.018869183771312237
858,1.058085161447525,0.06322085224092007,0.005559188593178987,0.0032614480587653816,0.011099775321781635,0.9517576217651367,0.4790078476071358,0.011025687446817756,0.001745188399218023,0.3311090886592865,0.011709596216678619,2.123698914051056
859,0.10785432569682599,0.00017545252994750627,0.006692747259512544,0.0019169665640220046,0.018237119261175393,0.05727296378463507,1.8247623562812805,0.016233410965651274,0.0007739964756183327,0.7288088649511337,0.005922779091633856,0.0001287879902520217
860,0.00011492404810269363,2.534600016588229e-05,0.028606289718300103,0.0022113799233920875,0.014984003081917763,0.439077290892601,0.11681431643664837,1.198929524421692,0.0014208530017640441,0.03799568172544241,0.014374054269865155,1.1613318019954023e-05
861,1.2840416967868804,0.0005449693970149383,0.0026952250860631465,0.0010363391367718578,0.0020711382036097347,0.012137052975594998,0.6042507320642472,0.38034532219171524,0.0008460610173642636,0.03236594423651695,0.002843159530311823,0.0005826818844070659
862,1.6049456119537353,0.0010585080599412322,0.0015875039622187616,0.0021880361484363673,0.005921854684129357,0.011802106210961939,0.0029551955405622723,0.40454634726047517,0.000344008112733718,0.05021235793828964,0.0018521166173741223,0.0005601778975687921
863,2.0108397126197817,0.08959387205541133,0.010934783611446619,0.8267609804868699,0.00948443845845759,0.023996481206268072,0.23282122164964675,0.029200552497059107,0.008606446906924248,0.2094627097249031,0.01305467332713306,0.48583241999149324
864,0.002181894599925727,0.06968307904899121,0.0027224026969634,0.0013177490618545562,0.004834986617788673,0.014698609756305814,0.14128841683268548,0.010899380268529059,0.0008932587312301621,1.4675013840198516,0.004363411758095026,1.9321799635887147
865,0.6184042513370513,8.931736265367362e-05,0.03164713345468044,0.006981821148656309,0.007427039742469788,0.08769198916852475,1.0071776330471038,0.005469571938738227,0.004971037595532834,0.876470884680748,0.01682216478511691,3.579374733817531e-05
866,0.0003656624699942768,1.1205397277080921e-05,0.008108972292393447,0.0036306572845205666,0.008692631963640451,0.45183226019144057,0.22250480875372886,1.9329936385154725,0.0014831306238193068,0.18286094963550567,0.008332112710922957,1.1655778462227319e-05
867,0.2610096961259842,0.0031131923780776563,0.006698486721143127,0.002790639502927661,0.008427478093653917,0.549586609005928,0.11830469444394112,0.003012898820452392,0.001971223042346537,0.656248751282692,0.012601532274857163,0.8940051674842835
868,1.6631250858306885,0.005897255288437009,0.0019774768967181443,0.001412138476734981,0.003906436765100807,0.05930797066539526,0.0038268158328719436,0.001919784868368879,0.0012597551743965597,0.03950848802924156,0.008605099748820066,1.319785475730896
869,0.001339202345116064,0.0008121655700961128,0.001838250394212082,0.0012149279529694468,0.001738336350535974,0.012395100202411413,0.24586675986647605,0.5068217754364014,0.000928308445145376,1.3724539697170257,0.0037525298539549112,0.00047565045533701775
870,0.15011719167232512,0.019297523889690638,0.02974332692101598,0.013926043640822172,0.2131993904709816,0.10876497477293015,0.011242288071662188,0.6312998235225677,0.00847533978521824,0.17049605995416642,0.07953361421823502,2.7142170071601868
871,0.0001228477598488098,1.002873586912756e-05,0.012733277073130012,0.0015209498757030816,0.007523140544071794,0.24938573092222213,0.8505472332239151,2.525960099697113,0.0010581632668618113,0.6024468183517456,0.004753401596099139,6.501221423604875e-06
872,0.8717355012893677,0.3819682657718658,0.00472528066020459,0.004132587183266878,0.007531207683496178,0.019894740264862775,0.11753775477409363,0.020105112995952367,0.001981621445156634,0.3224416673183441,0.0073583158664405355,1.5050667941570282
873,0.3844500705599785,0.8214386403560638,0.0030247157439589503,0.024662242084741593,0.0022025704383850098,0.004725436260923743,1.1491577863693236,0.09450946897268295,0.0007559682213468477,0.03867425695061684,0.0034784401883371173,0.48285895884037017
874,0.129331573843956,1.4410174344448023e-05,0.0403695622459054,0.010717790946364403,0.018729710672050714,0.461931611597538,1.5282284259796142,2.610011339187622,0.00421727632638067,1.3279430568218231,0.016820980794727804,6.144750341263716e-06
875,0.48587407171726227,2.95736702355498e-05,0.003675545344594866,0.004037695145234466,0.006484918226487934,0.025695359520614146,0.028925156127661465,0.9452948451042176,0.0006937596772331744,0.47981227189302444,0.005907537951134145,1.6662566576997054e-05
876,0.006329231639392674,0.0565868241712451,0.001141682208981365,0.0008956058416515588,0.0019861246226355435,0.007482717093080282,1.2691290020942687,0.006631133914925158,0.0006089349393732846,0.013923730887472629,0.0021414737682789566,2.4050179719924927
877,0.6944171607494354,0.1447947420179844,0.001038214104482904,0.0027442835038527847,0.0011036416923161595,0.0019243997870944441,0.0024842248763889073,0.008828881569206715,0.00038879811181686825,0.008725335309281946,0.002820251358207315,1.6701027810573579
878,0.012512729037553072,0.0002856558974599466,0.012807537708431483,0.005126140336506069,0.016606414504349232,0.0709821529686451,2.776665723323822,0.6694312810897827,0.002027975011151284,0.11628506407141685,0.006402794132009149,0.00015014797681942585
879,0.05079593509435654,0.00013929812048445455,0.20755962952971457,0.014963813871145249,0.043722039088606834,0.34080967754125596,0.034248242154717445,1.0591776192188262,0.02652528407052159,0.40094183534383776,0.138150405138731,5.216928730078508e-05
880,0.8297834664583206,0.001101187156746164,0.0038097143871709707,0.0015304639760870488,0.016753281466662884,0.10256280042231083,0.03325289990752935,0.003774027153849602,0.0005366004159441217,1.2392647087574005,0.00384245723253116,0.2762274518609047
881,0.0005885561462491752,0.08617886155843735,0.0027064420399256052,0.0024044882855378093,0.006711960770189762,0.03405099343508482,1.5605695247650146,0.044404345005750655,0.0005244820262305438,0.03428664412349462,0.002335397433489561,0.26965721845626833
882,1.4976192951202392,0.00019392887479625643,0.00946887331083417,0.32082006633281707,0.008116785530000925,0.023564251698553564,0.006906019616872073,0.19455653801560402,0.005954895378090441,0.13162586241960525,0.03797394968569279,4.72831905426574e-05
883,0.7443236678838729,0.002607213950250298,0.004378340789116919,0.001438463811064139,0.001691393496003002,0.017751091346144676,0.10319158248603344,0.007892307941801846,0.0008332096243975684,1.180657958984375,0.004945401148870587,0.012028793478384614
884,0.00022583613899769263,0.0004615972124156542,0.02277962174266577,0.0021024615038186313,0.011968321027234196,0.7101074755191803,1.2557804882526398,1.7871975481510163,0.0033465104177594187,0.09241003096103668,0.019577113166451453,0.0002830948404152878
885,0.7400183886289596,0.000124667830823455,0.00536767733283341,0.0028709905338473616,0.0049390368396416305,0.098355695232749,0.35507661700248716,0.009906130796298386,0.0015206619515083732,3.3022027134895326,0.0136894466355443,9.856567194219679e-05
886,1.7019638955593108,0.0002826337789883837,0.01714670043438673,0.7592116445302963,0.0207473611459136,0.01619571605697274,0.2600444421172142,0.015293451491743326,0.10686943978071213,0.3452517792582512,0.015368199162185193,8.687409390404355e-05
887,2.317435312271118,0.00010790445012389682,0.0058777078986167915,0.007612474728375673,0.005967043875716627,0.07760337218642235,0.05254306811839342,0.0066786451730877164,0.0019499861635267736,0.6780650556087494,0.05633360091596842,3.468436698312871e-05
888,0.39041437655687333,8.196203452826012e-05,0.039387672953307626,0.022696634847670795,0.004888349887914956,0.03248064182698727,0.0049771037185564635,0.7193039953708649,0.008448383444920183,0.03968736845999956,0.07802193984389305,3.876913342537591e-05
889,0.8127334743738175,0.00010996431665262208,0.016188837587833405,0.007948005851358176,0.03301105685532093,0.10272786803543568,0.018831558339297772,0.39495357424020766,0.0028447900898754598,1.7611051678657532,0.050789965130388734,5.4907367120904384e-05
890,0.051562762819230556,0.0012350491189863533,0.002843731315806508,0.003515824140049517,0.006486556702293455,0.02160134185105562,0.35907713174819944,0.010039227083325386,0.0008296290325233713,1.2924301147460937,0.0043565299129113555,0.0606071300804615
891,1.3988852679729462,0.3112516403198242,0.08553347140550613,0.0173272579908371,0.007124052755534649,0.017390753887593747,0.7329657524824142,0.1564672350883484,0.0027132495306432247,0.08064222447574139,0.039247954823076726,0.045575937069952485
892,0.5985564738512039,1.4261147558689118,0.010426016803830863,0.015156625350937248,0.004140350711531938,0.011581553798168899,0.01378537006676197,0.013185629202052952,0.0013832839031238109,0.10482320263981819,0.011594705283641815,1.3645583093166351
893,1.1631914913654327,0.00019642235201899894,0.0016743859858252108,0.0019612878793850543,0.002129520627204329,0.013348548114299775,0.08742647618055344,0.0030591732822358607,0.0004936036275466904,0.46680735647678373,0.002230522164609283,6.325974645733369e-05
894,0.0005589497537584976,0.0012817892711609602,0.028776923567056654,0.0024519123136997226,0.010564518067985773,0.1576305851340294,1.7626820862293244,0.02045248420909047,0.010978751070797443,0.9047929078340531,0.157820975035429,0.15641671940684318
895,1.1200742959976195,4.30640442573349e-05,0.007004654244519771,0.011360288644209505,0.006056735082529486,0.03977911807596683,0.004780571791343391,0.8230419814586639,0.0015749178361147643,0.9646630465984345,0.006864301883615554,1.1980083490925608e-05
896,0.00025709562905831265,2.2120663834357406e-05,0.01612851405516267,0.0015978705137968065,0.0061683786334469914,0.07558508589863777,1.471317285299301,0.42206033766269685,0.0009163099341094494,0.6510392695665359,0.0068976710550487045,1.2102958044124534e-05
897,1.9399843394756318,0.011955764889717103,0.003079332830384374,0.0017645986867137254,0.002182880975306034,0.006974941398948431,0.0012709926464594902,0.4884542986750603,0.0011078343552071602,0.03978946655988693,0.006522520026192069,0.19376625046133994
898,0.0001820043478801381,1.3952705603514915e-05,0.03376608826220036,0.0021959485136903824,0.027117533329874276,0.8175444364547729,1.4747780501842498,1.8505668640136719,0.0020600912510417404,0.3210161209106445,0.005485185608267784,1.0668812865333167e-05
899,0.26548958420753477,0.05071136709302664,0.007507442007772624,0.009450245043262839,0.013447728101164102,0.04836059585213662,0.3929332256317139,0.007846189639531076,0.004420319269411266,0.33476354777812956,0.03967268541455269,2.87528680562973
900,0.0007170927012339235,0.016716187261044978,0.0030262164655141532,0.0009955662884749473,0.0030011396040208636,0.024066994804888966,0.0063314020400866864,0.7603091329336167,0.0007214217883301898,0.030489077139645816,0.0064554090145975355,0.6947281002998352
901,0.0009310845169238746,0.0145802840590477,0.0043102215975523,0.0008472264715237544,0.003182665735948831,0.054578620940446854,0.0188277137465775,0.0012767977139446884,0.0011173592356499285,0.021442163176834585,0.018356940429657697,1.6751594483852386
902,0.0007001156423939392,3.457125058048405e-05,0.04248098470270634,0.006759920483455062,0.012414480606094003,0.32408351004123687,0.2066853351891041,0.41321750432252885,0.004850899567827582,2.333217966556549,0.025254701357334854,2.1363485393521843e-05
903,0.003013382328208536,0.0027862871414981783,0.02510651545599103,0.011715238401666283,0.04063052870333195,0.46822333335876465,1.8367468476295472,0.859445771574974,0.0037451231037266552,0.26458086371421813,0.01759723760187626,0.0744690626859665
904,6.476126000052319e-05,5.39635746008571e-06,0.002042046037968248,0.00048665364156477155,0.0012527542654424907,0.25541956126689913,0.01075798380188644,2.666126525402069,0.00029571111517725515,0.01752307340502739,0.002407827915158123,4.539739757092321e-06
905,0.23508934080600738,5.4484866996062924e-05,0.014442417630925774,0.006790935667231679,0.011631576484069229,0.37528568506240845,0.8008190035820008,1.2510519802570343,0.005204497766681015,1.1312035501003266,0.04351352266967297,2.0832476366194896e-05
906,0.9524792522192002,8.391853771172464e-05,0.02336244285106659,0.006702629732899368,0.014019609615206718,0.692373976111412,1.731808567047119,0.5526139318943024,0.005114780925214291,0.3448896393179893,0.025771148689091205,3.426010152907111e-05
907,1.5961962342262268,0.0002751231790171005,0.5865384012460708,0.933207568526268,0.01876487657427788,0.04830358847975731,0.006947480933740736,0.15222722589969634,0.0045169568853452805,0.09840750172734261,0.01224061087705195,9.067467799468431e-05
908,0.8547486752271652,0.015662899985909463,0.00606166017241776,0.00400844777468592,0.011456174636259675,0.007173481862992048,0.026524919737130403,0.864012748003006,0.0017930735077243299,0.3968005865812302,0.0062742510344833136,0.7399095982313156
909,0.000253139111737255,2.2151085158839123e-05,0.024267454538494347,0.003438279137481004,0.018589452747255562,0.29614675492048265,1.3071945786476136,1.6954445958137512,0.003390615317039192,0.9892918288707733,0.012108898861333728,8.054194813666981e-06
910,1.5339829564094543,0.00324463244760409,0.0073008690495043995,0.0022904886631295086,0.013801620854064823,0.19825065433979033,0.015003484394401313,0.12686834931373597,0.0013329369539860636,0.08043869100511074,0.012258249614387751,0.33750888258218764
911,0.004430385772138834,0.024425330758094787,0.0072357448982074855,0.0030931916553527117,0.0060277359792962676,0.1484343186020851,0.024907554872334006,0.2583700567483902,0.002350136777386069,0.06581648737192154,0.017338587157428264,2.6277363538742065
912,0.003101365978363901,0.0020112607162445784,0.0012077157967723905,0.0023042656830511987,0.005836248002015054,0.02123281667008996,0.18831278383731842,0.021960344258695842,0.00045629167725564913,0.040580527298152445,0.0060798449907451865,0.3140279307961464
913,2.463112986087799,0.00028285528969718143,0.001475505210692063,0.0015103165700566024,0.0026307002874091266,0.012515565287321806,0.0021125033847056328,0.0010808026243466883,0.0004403406535857357,0.1443955272436142,0.003909828269388527,0.0001646205535507761
914,0.007357447547838092,0.015966150164604186,0.004343392420560122,0.0028580995509400963,0.00821206602267921,0.018757657986134293,0.04324499983340502,0.004273826442658901,0.002310187788680196,0.06899286173284054,0.025365127902477982,2.5500661611557005
915,0.23844239711761475,8.32604338938836e-05,0.008383388770744205,0.00409264808986336,0.006519566685892641,0.41525997817516325,0.29004938900470734,0.0023853990831412377,0.0022367422352544963,0.3392165243625641,0.015332514746114611,3.150348893541377e-05
916,0.0011600941594224422,0.004558298038318753,0.009190322598442435,0.0026934741996228694,0.004271978395991027,0.28707887381315234,0.8005360782146453,0.0051706752739846705,0.0018957633641548456,0.02279166290536523,0.030882062576711177,0.3712734118103981
917,0.00010928284973488189,1.3077227959001904e-05,0.02490345844998956,0.0018540946592111142,0.008088059024885297,1.0441938161849975,1.1230275452136993,1.353946077823639,0.0022523662191815674,1.684848713874817,0.01281303851865232,5.039817710894568e-06
918,0.13162653669714927,0.05675323363393545,0.020878233946859837,0.012139133643358946,0.0284017289057374,0.08209914602339267,2.0832220673561097,0.05406553260982037,0.009992742212489247,0.2787992775440216,0.01778600551187992,2.583157682418823
919,0.00012446775726857596,3.0758055800106376e-05,0.002541000326164067,0.0005279309494653717,0.0019149121770169586,0.07907404378056526,1.92220795750618,0.006329763540998101,0.00039721772773191336,1.330051189661026,0.0008926038455683738,1.3480650886776859e-05
920,0.0003051987223443575,0.0023270895355381074,0.04181456100195646,0.0008925137168262154,0.007028050883673131,0.7201826363801956,3.1098589181900023,0.015378451999276876,0.0007916705362731591,0.15071558579802513,0.007587554329074919,0.41995103359222413
921,0.0004877612591371872,0.0009152382233878597,0.008361879689618944,0.0024703731643967333,0.011865272326394916,0.8735613971948624,0.35496899783611296,0.35574356466531754,0.0011299391102511437,1.0284502744674682,0.005294199963100254,0.17647201344370841
922,1.941815584897995,0.02817323859781027,0.00320867276750505,0.0047343072015792135,0.048786689341068265,0.010381389921531082,0.20178488418459892,0.0830252680927515,0.0007280895835720003,0.5113808393478394,0.0040358642116189005,0.0023641577921807767
923,0.20934557020664216,4.030539239465725e-05,0.005690849339589477,0.003411916492041201,0.0034969517844729127,0.08539081029593945,1.6090228796005248,1.353837937116623,0.0008935983147239313,0.1026643879711628,0.003820153046399355,1.6547606537642424e-05
924,0.49252211302518845,0.004719688068144023,0.009103200584650039,0.014969623275101184,0.05016874205321074,0.2149478293955326,0.5512332648038865,0.0075702940113842486,0.0022874841233715415,0.058241328410804274,0.05293717440217734,0.3823063403367996
925,0.1383168026804924,0.2558783546090126,0.10906647704541683,0.012992209475487472,0.027113620843738317,0.09755016043782234,0.8128987640142441,0.11920324191451073,0.010478163650259376,0.21383240446448326,0.05649938546121121,1.6466093719005586
926,1.1442026436328887,0.036480342224240306,0.0005728533549699933,0.0006908241979544982,0.0017970715241972357,0.004924394749104976,0.8392508566379547,0.0048921211855486035,0.00012937824503751473,0.02122400850057602,0.0008471624081721529,0.4154783561825752
927,0.00041885699174599723,0.0014096653496380896,0.016203560680150986,0.0018128664174582808,0.016146954242140056,0.9280216038227082,1.1813083946704865,1.2913278341293335,0.0018502233957406133,0.15645735263824465,0.021657727379351854,0.765150859951973
928,0.7398668348789215,0.24641710743308068,0.0017863484739791603,0.003196098504122347,0.001927384437294677,0.006535928230732679,0.00874692779034376,0.012218314688652754,0.0007757347309961916,0.01613017376512289,0.0040388452820479875,0.8565055012702942
929,2.2188481092453003,0.03319718353450298,0.004794317856431007,0.004906625836156309,0.022526922076940535,0.035822489857673646,0.010239779110997915,0.006866912287659943,0.002268179936800152,0.46140059679746626,0.03884015046060085,0.5955654710531235
930,0.1878644719719887,0.005105600645765662,0.0724694725126028,0.0068374746711924676,0.01228674161247909,0.24107506349682808,1.509835559129715,0.007766916183754802,0.007839130656793713,0.058793471194803715,0.0931149747222662,0.9766738951206207
931,1.0586159884929658,0.00023909787632874212,0.005190264876000583,0.00511580933816731,0.006133657367900014,0.0192254695110023,0.005735525884665549,0.005760085280053318,0.0020972729893401266,1.1692099094390869,0.007201011758297682,0.00017213773317052984
932,0.06794702410697936,0.12488360740244389,0.005321758100762963,0.005389763019047678,0.03377598635852337,0.05233488120138645,0.25419048219919205,0.04794282782822847,0.001708213140955195,0.10455008707940579,0.008505166089162231,2.296074366569519
933,0.7716675043106079,0.05575723871588707,0.21354621946811675,0.027224033139646053,0.02071469761431217,0.14776825308799743,0.033324120566248894,0.07438658736646175,0.018200191482901574,0.31049143671989443,0.2619791179895401,0.6014293968677521
934,0.00042208211380057037,0.11258087977766991,0.003579558397177607,0.001379682234255597,0.003328964638058096,0.014156919438391924,0.004925955180078745,3.612585151195526,0.0005517172103282064,0.6264128863811493,0.004855229263193905,0.015332449041306973
935,0.021635066345334054,4.134464779781411e-05,0.03516829013824463,0.9738348186016083,0.010141384042799474,0.04654036536812783,0.2982229575514793,1.675356251001358,0.01349330386146903,0.0510918254032731,0.12646644413471222,1.7579327413841386e-05
936,0.015671493858098986,0.18325429409742355,0.0019486016302835197,0.0023464964353479448,0.000734098264365457,0.0017407532199285925,0.0006412174348952249,0.9032147765159607,0.00047111280000535773,0.01874233251437545,0.0041465865913778545,1.466808009147644
937,0.04047192931175232,0.01407994139008224,0.02499350905418396,0.020999391563236713,0.16091682985424996,0.14352459013462066,1.3315810441970826,0.044776979461312295,0.016963827051222326,0.5038788735866546,0.026285296585410834,2.513349711894989
938,2.852599799633026,0.0004896681915852241,0.028596936259418726,0.0030669793370179835,0.016571438778191803,0.0720421388745308,0.011260227393358945,0.002329705411102623,0.0028658903203904627,0.42833826392889024,0.04215792678296566,0.00029047830030322076
939,0.0001763741107424721,1.0757132258731872e-05,0.006475876457989216,0.0023006572388112544,0.006403826898895204,0.4469987377524376,0.009842462465167045,2.3579008102416994,0.0017699639662168921,0.21171924099326134,0.0061053111217916015,6.691062617392163e-06
940,0.7278192520141602,0.06670269705355167,0.0038304269080981614,0.05731034744530916,0.0024794038385152818,0.007513154996559024,0.0020139046129770575,1.002769309282303,0.002053959434852004,0.023583265114575626,0.008366847364231945,2.254329764842987
941,0.05604678262025118,0.20597422048449515,0.002593523054383695,0.003956936812028289,0.008688033930957318,0.01938482290133834,1.0374212920665742,0.6075222045183182,0.0006797984970035031,0.021827831957489253,0.0034135365625843407,0.44583839178085327
942,0.0004508052545133978,4.905942969344324e-05,0.11521475240588189,0.008980545261874796,0.028372686170041562,0.5855781942605972,2.9127130627632143,0.4678509384393692,0.017382903210818767,0.3621214747428894,0.17212152779102324,2.3687717839493416e-05
943,0.3583597555756569,0.01169226486235857,0.010198181821033358,0.00362405136693269,0.06734347455203533,0.18097194507718087,0.4616402670741081,0.9610511720180511,0.0009183769871015102,0.10648579336702824,0.006064900499768555,0.6348726689815521
944,0.2950927644968033,4.041094689455349e-05,0.013835557736456394,0.005594334658235311,0.01236425400711596,0.28890827000141145,2.764485001564026,0.01325106848962605,0.0015344215091317893,0.38139260858297347,0.006402430403977632,2.466948644723743e-05
945,1.9630923509597777,0.00019012209595530293,0.00609426680020988,0.7808350592851638,0.0016066885960754008,0.008225677069276571,0.001157548202900216,0.012075378512963652,0.0036041325773112478,0.054472333379089834,0.023159061558544636,0.00011919047574338039
946,0.006064965040422976,0.00011958633695030585,0.006308974255807698,0.014387757796794177,0.003622071887366474,0.11626378670334817,0.009913844102993608,0.05889003369957209,0.0012449671048671007,2.4462704181671144,0.00768177395220846,6.910517840879038e-05
947,2.2504668868350565e-05,3.983880299074372e-06,0.003005722619127482,0.00017002419408527203,0.0015610800648573786,1.419919890165329,4.132668972015381,0.005423111608251929,0.00018756859717541376,0.04778504278510809,0.0006915373145602643,2.699302342534793e-06
948,0.4230412170290947,0.4695407599210739,0.0027099514962174,0.010494545148685575,0.005595287308096886,0.005386550724506378,0.010409993911162018,0.004364876984618604,0.000865044625243172,0.036425425484776494,0.0041528974892571565,1.5489207625389099
949,2.046194648742676,0.00017792559665394947,0.01384522276930511,0.9138305246829986,0.014481105748564005,0.04794735796749592,0.16796642914414406,0.0067445583874359725,0.33527241796255114,0.40225372314453123,0.049656009301543236,6.0385563301679226e-05
950,0.5904072970151901,6.761348849977368e-05,0.007394465454854071,0.003774444130249322,0.0022395757609046997,0.01478402321226895,0.009886768786236644,0.0017700865166261793,0.0025013820384629072,3.8312293767929075,0.022429731953889132,3.9211957846418956e-05
951,0.047300327196717264,0.08254289999604225,0.003927945997565985,0.010844819247722626,0.0035053544095717372,0.04411427415907383,0.3094865381717682,0.05483613722026348,0.0012832363485358656,0.4307486265897751,0.00657908502034843,0.06702749580144882
952,0.21174786612391472,0.0038763564312830566,0.005736542562954128,0.0027018878026865423,0.013218234153464436,0.036677169241011144,0.1253531001508236,0.9497812300920486,0.0010169800021685661,0.1120996706187725,0.004995082062669099,0.469181714951992
953,0.008304376527667046,0.06461510248482227,0.0029989562346599994,0.0019678160431794824,0.00309524656040594,0.03377155233174563,0.014681548438966274,0.0036619056132622062,0.0014426481095142663,0.02336221802979708,0.0124849040992558,5.301243281364441
954,0.0031158903031609955,0.01689064400270581,0.005747326649725437,0.0017901942075695843,0.003450978791806847,0.015187317132949829,0.31907461285591127,0.01881423145532608,0.000938623319962062,2.6381133437156676,0.006396259646862745,2.2450875639915466
955,0.0019892578129656613,0.03354745730757713,0.000984107522526756,0.0005382379691582173,0.0011272716685198248,0.005068127089180053,0.010805022995918989,0.000880207828595303,0.0003842611928121187,0.004888484394177795,0.0018614814500324429,2.8980459690093996
956,0.02039842652156949,0.17380330041050912,0.011122753890231252,0.006774835288524628,0.013237247755751014,0.029874617978930474,0.0843860525637865,0.17245448231697083,0.01203273222781718,0.27388955354690553,0.10492423176765442,0.8086346596479416
957,0.21996667385101318,0.0008679856400704011,0.00521614127792418,0.002300773153547198,0.026890879962593317,0.07111661583185196,1.987501460313797,0.23073790594935417,0.0006900371721712872,0.6120712608098984,0.002787795034237206,0.0007345451915170998
958,5.5735538080625704e-05,2.0752137152157958e-05,0.006783967767842114,0.0007057666050968692,0.005171221168711782,0.2579410210251808,1.856527841091156,1.1629679143428802,0.0007154262944823131,0.45908805429935456,0.0022480518906377255,7.470920536434278e-06
959,0.0008639668114483357,0.0017903274681884795,0.003966457513161004,0.0016144704422913492,0.004041749681346118,0.31291609853506086,1.0247916400432586,0.8601125121116638,0.0009263424028176815,0.022952270600944756,0.0027938659302890302,0.34262940734624864
960,0.7695069223642349,0.09707052484154702,0.018300680071115495,0.01267153276130557,0.07819940596818924,0.20146381631493568,0.4795111671090126,1.4012814819812776,0.0053437659051269295,0.15161995366215705,0.01916616829112172,1.6206227660179138
