spot_id,CD14 Mono,CD4 Naive,CD8 Naive,CD4 TCM,CD16 Mono,NK,CD8 TEM_1,CD8 TEM_2,Intermediate B,Memory B,CD4 TEM,cDC,Treg,gdT,MAIT,Naive B
spot_0000,0.4577586367523059,0.14668305456290698,0.05767189025244362,0.006173697505445105,0.11791523951429561,0.055927405307378504,0.02078014685522686,0.031962683504420525,0.001199582365446503,0.0013470038545995164,0.004598946976405291,0.026219703529630142,0.01035069173782779,0.05564804418785803,0.004800602008890676,0.0009626710849190022
spot_0001,0.002313453925022663,0.012626950034916633,0.08300241988385795,0.03765423554827339,0.003307414959464031,0.004696393589657835,0.13659849386412318,0.07997186433188207,0.17958630866683267,0.018836851030298203,0.15077247055385448,0.10683313644888047,0.02124322551866565,0.01042385177621162,0.05753518562104507,0.09459774424701405
spot_0002,0.011974768300367238,0.20251044187338943,0.01847031698195433,0.07009934454562035,0.13013986462214994,0.09756127795143105,0.05233261935449842,0.031948445667472236,0.01869369863517452,0.12711975075454365,0.04425744779473126,0.007665559839135635,0.00942468983012563,0.07065823384870944,0.10207679661988982,0.005066743380807047
spot_0003,0.004930368728024787,0.021573545075450742,0.04917168249735479,0.13573568247014559,0.008296664021459168,0.004152747465116856,0.12358603305664519,0.030967908212473264,0.18365800002444957,0.012201362199049954,0.05479458216795687,0.17893340387700146,0.015981576438956598,0.011817248237485844,0.08418397478609754,0.08001522074233176
spot_0004,0.01668002433552616,0.07555917452399616,0.10682325364431018,0.0654239251027573,0.17794731210162015,0.059300845366901944,0.038407605793811195,0.10552274200591574,0.1018611878013359,0.03760338093044364,0.022285529785695132,0.015076907861027467,0.00815147651155702,0.021939678828550278,0.012220253885001087,0.13519670152155064
spot_0005,0.04809997788921307,0.006729632183262367,0.007571531483976225,0.013460085971868593,0.013392360692782138,0.0316320618233053,0.07222042063529105,0.2633184703249884,0.1464126819013272,0.03319685874089325,0.011674396875446157,0.1132340326176468,0.018150505886189515,0.07037213481484599,0.0799566382612853,0.07057820989767867
spot_0006,0.0698724664030946,0.005892637204592227,0.005728993996633544,0.0345389658419036,0.01155878301493764,0.024719046537118934,0.0893757917444744,0.058647830264872594,0.07592553159350232,0.20178644772479695,0.07114341981077371,0.15965212852391503,0.008751799310558346,0.03675295677638461,0.12842022164104847,0.01723297961139302
spot_0007,0.0005164031667344354,0.135259467042866,0.19758412099775394,0.0785427581696167,0.001481583899195076,0.08302979175691261,0.0274568607450014,0.05750815263587138,0.02263624648838707,0.04876327252108876,0.2112993749276348,0.0006249015358749911,0.011255754337008261,0.01063377555483798,0.10976349050942158,0.003644045711795048
spot_0008,0.021343821507020723,0.1341428696304601,0.015031240591512828,0.12495742351572063,0.07647215431976537,0.04549555109468704,0.027052492131628494,0.015398892303240522,0.10564250530731334,0.0120104740900098,0.08754122242846338,0.09983303451782956,0.09455910535790071,0.019897713906584808,0.11435299072519961,0.006268508572663082
spot_0009,0.06475429847859313,0.014586534051658571,0.20077756125042895,0.017661863590576376,0.00829886631722761,0.1467132258760818,0.045098344171421494,0.047979055925135884,0.07818666036323191,0.08206069059795,0.05614114963939541,0.019924474943041448,0.008225796278210505,0.02853681204680658,0.17414909344010915,0.0069055730301312
spot_0010,0.0041779823948547455,0.05320275601684761,0.10514943752735048,0.041281636580045265,0.09571097215720574,0.12127444322398921,0.10608450845395745,0.0053716318170641255,0.08370178108201017,0.06391126579964028,0.042887991743225676,0.07112492123016775,0.04495360710657811,0.005721111429931202,0.08007771167007216,0.07536824176706002
spot_0011,0.008674110145801727,0.16039171719311573,0.06124301833361259,0.11624767351734067,0.08199061132651804,0.029424771935822918,0.012508690172588143,0.13605719005281292,0.0005526192373201332,0.0007273726499352374,0.08865537534913398,0.08350326883222593,0.14230707923789124,0.022423284978822424,0.05467056404038557,0.0006226529966727658
spot_0012,0.0024116741381528606,0.010654889495643067,0.007197848278119172,0.09084641917637384,0.001829491594390418,0.00892097455992513,0.04853300797727937,0.463420611079235,0.08412152002376976,0.06275303680740985,0.034674085318672186,0.0017642864584558097,0.1145563808139135,0.01617297042097261,0.03263420611941891,0.019508597738268515
spot_0013,0.17865003801064588,0.0027944057718613203,0.003598296638581203,0.006868378422268155,0.020074744272301343,0.0057968205936530254,0.0402932224754638,0.05202872482702307,0.18262856862367852,0.00984938929081823,0.03840017517552885,0.18264718753443754,0.008655203676266083,0.07128434433117596,0.05341875122128486,0.14301174913501216
spot_0014,0.006260419385062066,0.06931876091401151,0.15425427684867993,0.05669117066288808,0.06871808633354727,0.0030096768918117197,0.009618573141178905,0.002865862821438659,0.11127951238056596,0.12948744637378592,0.02500752459088479,0.19456813057369987,0.04234151930821511,0.004761424227411829,0.00752307036323671,0.11429454518358168
spot_0015,0.04735801999466528,0.019395555888427878,0.16173549603971563,0.020163311465898653,0.03075906404262356,0.007754050911341025,0.1361749627472228,0.0730872186687773,0.15388684019465385,0.010707430725207152,0.03010151252318223,0.1332139845289608,0.011340648954444758,0.05516131256565172,0.08756318683127093,0.021597403917956462
spot_0016,0.0009164720279918987,0.07566123564401837,0.09737190582206168,0.008021270661067932,0.0009442384636079498,0.13784469866595647,0.012626257101378458,0.07692545438390538,0.15607191226293804,0.19647110466260745,0.038159250163931784,0.0007915649839372465,0.010099325156894335,0.030181920507758697,0.09188199372080018,0.06603139577114413
spot_0017,0.0019426457416086436,0.015911196629727724,0.06168229979944513,0.008824674028337708,0.004038993111542581,0.305061463971102,0.016025528351791947,0.010862680712445559,0.13147633683959245,0.1465553886516056,0.013591794997373053,0.09573018065326537,0.006059410541523583,0.024120256756060162,0.11850183104723587,0.03961531816734258
spot_0018,0.036606436146618675,0.018058158337688805,0.035960781587598474,0.030281104468659573,0.0894688183586609,0.06713345120196756,0.010395038887818973,0.030621986125217944,0.031140612764216136,0.058192844697479804,0.17731689464363704,0.29909713584465336,0.013876959163210354,0.0406691622331678,0.012902457980012957,0.04827815755939168
spot_0019,0.0012528549158723583,0.14786101540046662,0.09547323157659708,0.07590279077834992,0.0012653340730500876,0.1721223605517038,0.029488011374420732,0.016270686609067626,0.0426961642555439,0.04373849980514545,0.10620775885172251,0.0009724575950658975,0.0078121363009294,0.01872803536448419,0.06767967804874862,0.1725289844988318
spot_0020,0.00029127024454912747,0.010566055784662666,0.1838973020536844,0.0071492212825485756,0.0003250319283519477,0.27002456540824427,0.07315964955214643,0.1764555510738391,0.030720271315150642,0.07307016288810615,0.008234353211484797,0.0002555199424172131,0.009120759135904946,0.03185855658675342,0.07738746048470713,0.04748426910744922
spot_0021,0.003963110098064048,0.04284042631313795,0.017048586812256204,0.02163993451540693,0.1589631951878822,0.1596664589014047,0.09438602608098294,0.03866158069987019,0.05498343922224807,0.005695694653002196,0.007147617246834704,0.08796189952873473,0.16451986253326495,0.11538757170424302,0.00926230349873467,0.01787229300393248
spot_0022,0.05053023323247621,0.016140360118331903,0.02788602248457372,0.10117891446556704,0.0036242812210526294,0.04240217551275879,0.07085373730814867,0.11600969242603401,0.006675520160151533,0.2529914154625627,0.17456646132557743,0.009157340536063542,0.02437884946454524,0.03169168304600085,0.05124340276176524,0.02066991047439049
spot_0023,0.0970589902750521,0.02201606222718751,0.20293542658841046,0.043418171969277886,0.006972750581541383,0.010339626006745579,0.09767008225469936,0.033652910452450495,0.06645220207087982,0.1731427702409302,0.013781094112439121,0.0704119377541952,0.04360172440290113,0.03694420002167173,0.04989817698292379,0.03170387405869424
spot_0024,0.08344932022927744,0.11693418335887615,0.010573099905678656,0.08746959781114184,0.04812616768768033,0.005088085744498502,0.007699323772257232,0.06940174324292102,0.09217058975971884,0.04034441341197502,0.007490786763346842,0.3052016741146276,0.009194246113826307,0.028687822967507312,0.0025638894254054498,0.08560505569126148
spot_0025,0.0008913402185641415,0.07472021949539251,0.13482996105169595,0.09665915056675096,0.0015003031270539703,0.08655662621701095,0.05361876729473283,0.07090741238134807,0.01342601903963101,0.1588652192318719,0.15012672153360435,0.03789614887075855,0.015083702962626268,0.0349094329036133,0.06053802658366132,0.009470948521683927
spot_0026,0.0009376105343046881,0.010107195852208668,0.07866404793033895,0.06904451853346603,0.0010878170373536872,0.010800668973090111,0.31170549029540784,0.06619324785188735,0.013166268450504413,0.04238382830441153,0.0786157253045956,0.000734533013259872,0.06318319971002599,0.034636418632167106,0.13331492056502564,0.08542450901195253
spot_0027,0.07332791142306246,0.010636959699717808,0.20395009829207286,0.060861803134868435,0.12200355043744385,0.11357538284487448,0.03865058352902731,0.04093500215125432,0.0009359243440730648,0.0011268879004217491,0.05003633546840071,0.004510926886998733,0.08875537691696932,0.03154023006957536,0.15835648906869393,0.0007965378325456106
spot_0028,0.0014714128713362422,0.0592616753443145,0.38215398858743516,0.027269698080249594,0.0009396848165365483,0.2561710491633368,0.014150221451509518,0.024264603249550317,0.057852220582558116,0.03585260470697471,0.023410326140386423,0.0013028083491674757,0.009201960411244096,0.048209682905275206,0.02827495619117235,0.030213107148952974
spot_0029,0.004723001534060136,0.013797582519489015,0.1563417797311634,0.014987336089392752,0.01732358867888392,0.037227095378057504,0.008720693992018129,0.03590005595493956,0.2545323439032893,0.06044118314826748,0.06801613896854021,0.12773823193380415,0.010669436692037626,0.007422289624749359,0.13385887806088992,0.04830036379041756
spot_0030,0.0008761482244541258,0.1081292503697953,0.03860019606813174,0.06626366571164885,0.0008898412762181415,0.006429054643706078,0.027965176189406676,0.0652195878225575,0.24161897498893448,0.06023861271937346,0.07222126367278428,0.0016293401554158472,0.026381968233936914,0.09822360881076322,0.04425307352337887,0.1410602375894945
spot_0031,0.005833570718423941,0.006613525750615277,0.020470820784166902,0.010791781621745364,0.07929755071673075,0.11923266824751168,0.11878583090459775,0.01920476085162757,0.09150680400933547,0.16823569318944218,0.061499557372887835,0.008302553023746382,0.007511880373355924,0.10634973399977396,0.09484685516826276,0.08151641326777626
spot_0032,0.026406186322324637,0.2479668627463194,0.09914471741955713,0.08662742353919495,0.21813069287818837,0.0055682488999371635,0.0633693676815526,0.061234722495107044,0.000745440086019366,0.0007217241498760734,0.0753948131049078,0.004198921541767091,0.01570496287211063,0.0201226836178414,0.0739348505834312,0.0007283820618651235
spot_0033,0.10114216984887728,0.04465095426528868,0.13780469102025206,0.04210383486278749,0.0043698027023996965,0.028286454805304527,0.13347186875013622,0.06683207216005822,0.24103937917330687,0.008187511001807457,0.01196901713308118,0.008816084546609433,0.04252276569271396,0.07806701508484043,0.006164393243523802,0.044571985709012704
spot_0034,0.07800463407465576,0.039069349091635015,0.010932213096612664,0.15954152241711772,0.0023437742584711384,0.10854093527082562,0.10408446502366302,0.10042997748669825,0.020722645420214875,0.07818682900227393,0.07666080402789949,0.002717978216653386,0.02557039193573545,0.06532613413635467,0.0271803800966489,0.10068796644454012
spot_0035,0.11632809472544281,0.07178419749512194,0.05955085373183134,0.13715904604230678,0.08899807487822954,0.004445497617396061,0.07900849931663648,0.1348262950371493,0.008821573703202117,0.043075166065213985,0.056044715265316625,0.050308501801381626,0.07169383323112653,0.06395798075957443,0.009831077036052058,0.004166593294018404
spot_0036,0.0555835210671496,0.02203875049897096,0.15754644119420588,0.03520740798866226,0.005545364449076067,0.08158227034376357,0.17842267519347435,0.01685123733275375,0.005039896748012444,0.14756343355536236,0.023883637621140763,0.16870039265691458,0.009818908283046053,0.030412940481551586,0.05577054728701704,0.006032575298898745
spot_0037,0.0006284101957532462,0.10166441850003764,0.039578854196494664,0.020429173785666138,0.0009180064555253257,0.005944255625159107,0.0712514272961173,0.027149069563863707,0.1786623443606008,0.10491815216338947,0.09680278149976572,0.000610929116329788,0.019724619611902996,0.07326862384067048,0.24503233739229635,0.013416596396427276
spot_0038,0.04777801223579253,0.001686923209273658,0.0014575172204196012,0.002693275973482602,0.3081743685235934,0.012415128521714959,0.004774284097517023,0.12285884285203959,0.2890674647517166,0.03426978609370565,0.003832813772805975,0.1176677355111931,0.003448411063552163,0.013716363327579206,0.0038323188142521886,0.0323267540313617
spot_0039,0.04747455816385697,0.1715209658470474,0.10145963599766096,0.02314898835917366,0.07239748414370716,0.18627981574317024,0.007095212781130798,0.007167214902388671,0.19665152565266036,0.011088918529213256,0.01825683700622469,0.018112738100941515,0.10947749393941034,0.01344053952578656,0.012481878593433297,0.003946192714194141
spot_0040,0.001107020738155062,0.1957487036878828,0.04946282110190245,0.053644168414670984,0.001279233396753169,0.24493377729291552,0.04208543322946205,0.05277575608839261,0.15002340424515387,0.008224263603698432,0.053256639327349614,0.0015694369151239992,0.01934697699030446,0.06677028354790333,0.030273314202751214,0.029498767217580418
spot_0041,0.135348115364458,0.0119506063682031,0.04448769330642007,0.014132502267337215,0.010402659170169113,0.08256501414564991,0.030795259112298082,0.08666510492272872,0.11862783918693161,0.027759295579139354,0.07927444240241559,0.12284347444495952,0.10189998289630119,0.049073732976020606,0.04695080736468591,0.037223470492281995
spot_0042,0.17555601437332835,0.004367489716536033,0.005405913393002909,0.0223066272128625,0.04654644196296459,0.009532953791430073,0.03499506739268845,0.02933104966448494,0.04015118961820033,0.17666083992056134,0.2435383500539004,0.11183445674976804,0.016208314280440426,0.01742408207451916,0.042094599679561306,0.024046610115751182
spot_0043,0.2560238627684123,0.006944252747936004,0.006122221660851556,0.012548776681076753,0.15386746697413634,0.17874334686952986,0.0457198561437659,0.026482873964241652,0.0019861362572532668,0.001636309501474254,0.10200888548138339,0.07261702839495099,0.008066368343891942,0.06993950297956235,0.05479406520215447,0.002499046029378961
spot_0044,0.0010931078001971692,0.37950373025868905,0.2295336174880667,0.016048143341966678,0.0014660775414690604,0.004821964834645152,0.04195783147486937,0.024296000610206554,0.015800670171085787,0.10198682693729953,0.016107206604903966,0.0015772930887774973,0.0065903393117115695,0.007875399521100286,0.09749717472498261,0.05384461629002902
spot_0045,0.0005212949842420741,0.006076960086419289,0.004150426984277677,0.023956081104575356,0.0005014867681084695,0.11805143689297096,0.16817898925485542,0.3402720047914823,0.0005859603428221031,0.00046380712222276685,0.0152336467006387,0.0003377323639753273,0.12053770176188115,0.1545703078358403,0.04601589768819799,0.0005462653174901677
spot_0046,0.09980461575539697,0.11046192780489834,0.08326703521185275,0.09183382794766648,0.047567902893108124,0.003047078526163642,0.036210832185721756,0.004014864744392191,0.16808042042907323,0.016491422475596672,0.13935126582865834,0.06574193185859736,0.01465285225719837,0.005429965186978216,0.09496949270089401,0.019074564193803552
spot_0047,0.0015099916653801557,0.00613640068835676,0.006030734102530024,0.054165515654997526,0.0038154492222648804,0.004962118397780601,0.0946451660043927,0.14432150790325468,0.14712026125660205,0.2183985638468534,0.08919210894398504,0.002876385663396349,0.15866626831583794,0.021575826114260975,0.037893795151932676,0.00868990706817421
spot_0048,0.00291167756750594,0.044482917660765384,0.16750044839925543,0.1077309021464465,0.010001659226279571,0.11919777960336281,0.049402692425115184,0.026349319146009506,0.10779865380327308,0.11677721741913659,0.015588332248867486,0.09852743081953232,0.015681845384052148,0.059566526480881524,0.04741276069799914,0.011069836971517368
spot_0049,0.0041468471908970225,0.01408084256777994,0.05504944098042712,0.018909058346529877,0.0036954413290162928,0.01956571040184817,0.07759658050036579,0.013395124513821351,0.17659752229889353,0.05883776059077167,0.14128004524343138,0.020691095787486683,0.021567855969174727,0.015325480425076523,0.23895952705383883,0.12030166680064111
spot_0050,0.08353405254884418,0.0027181070306774714,0.002776326820392115,0.01438817796401914,0.023338142631143876,0.11927807174120793,0.03168525203306611,0.10306503187329681,0.24162150045635683,0.028164134118406747,0.05108957073136776,0.09838074265113869,0.0366142347327986,0.05674326971799727,0.012167998713861915,0.09443538623542455
spot_0051,0.005403513910171609,0.005348762015914633,0.012954939944301079,0.015710854736617107,0.13475749798842446,0.014797807040399515,0.10393754007001949,0.15825684874762339,0.10060486081497783,0.0030224757366404103,0.12560797016390943,0.05590278099986141,0.010045690174808523,0.06973014626722168,0.16691739917755194,0.0170009122115575
spot_0052,0.0021416674209227145,0.0986973623568581,0.05442829794724583,0.06895246547208848,0.01548933914912147,0.06286671109660495,0.10710333281488178,0.042286429197827095,0.1352786611368868,0.10218424477477012,0.01871343514439659,0.09279913284092886,0.009627685513438674,0.018373205731792797,0.08286307437694135,0.0881949550252944
spot_0053,0.019944626636524385,0.21449152759094606,0.21898374046911953,0.026838759648093943,0.07936837269713015,0.021299340436212365,0.08922087714691407,0.14976243360301902,0.000952221291512256,0.0008206760257185503,0.015665657708453178,0.0100522467537924,0.012841801482647278,0.07849475540375435,0.060078559864054124,0.0011844032421083378
spot_0054,0.11569383545418353,0.02524634811557367,0.15498675880632712,0.00770115070186809,0.16168609049698013,0.1600454706957844,0.011438608919950128,0.04105491992706488,0.03497679581349994,0.18163353395491955,0.0070836823656544165,0.008068776070367113,0.013490670133390429,0.05304739625693062,0.005652231040643678,0.018193731246862313
spot_0055,0.0034242014564596457,0.011938996186047308,0.05593307394560088,0.019707039050847922,0.09450759238126026,0.11886009930118024,0.11963933697496067,0.05246376258813026,0.07444414426622413,0.005191142938650144,0.08960231369625973,0.1389352145400855,0.02497685257836053,0.104647095680746,0.057791604281807095,0.02793753013337967
spot_0056,0.0017763782905567908,0.047775856178264096,0.009849854612141783,0.25652466270386576,0.0019254199678084027,0.007125744758221674,0.034162943816271545,0.16456433235406595,0.07644061155859391,0.12870072644230057,0.054483528558878065,0.002507740235122243,0.017691234120323508,0.0242856454222243,0.08389304004829547,0.08829228093306592
spot_0057,0.04217213849260836,0.03144934577848409,0.06593374880485232,0.017904853882300672,0.09850315733100111,0.02297528927413193,0.1298682591799295,0.09334386211658083,0.1173245376992508,0.013436865729044485,0.07820194073204104,0.21258399764277144,0.005854901532995138,0.038635446130328766,0.025510000131240197,0.006301655542439318
spot_0058,0.041173663366042036,0.0618635696536542,0.06049723145147852,0.14474045411997977,0.005654153448955789,0.1229039741376289,0.020388601834122035,0.10616824908867839,0.07374109887448935,0.051852569118114915,0.09102793620048388,0.05984478173150329,0.06485827005065203,0.01878568788263889,0.004388533566018756,0.07211122547555926
spot_0059,0.056066264625968726,0.005990217229713564,0.026582081351635284,0.009330508209863359,0.10753837669393523,0.07322836853310997,0.04144836494327566,0.007454574138260632,0.06831655478026544,0.13830978138986838,0.10051530282899769,0.04250611041553165,0.012041802289229724,0.015691662322529387,0.26666631984082295,0.028313710406992345
spot_0060,0.054890315424418454,0.02607381962139231,0.16294769975751863,0.07328066214801919,0.030182490645556153,0.013708570972092823,0.06340179603384384,0.12572360108734731,0.06290044205118377,0.09142162803148521,0.15324565701969067,0.010799261727805964,0.018320352871357245,0.019107977372312242,0.08568815722534075,0.008307568010635433
spot_0061,0.0009068314231950534,0.21787405000772853,0.11700125861383232,0.01611181203970911,0.0013313106230582884,0.017033118561192294,0.010781615565392194,0.037251874320232845,0.20987855241414027,0.060722629683645515,0.011432399299312921,0.000927356330279695,0.03262085173536805,0.030006284448057585,0.006879302847082467,0.22924075208777286
spot_0062,0.0037989712702865214,0.12493172938968648,0.05923866270813971,0.02148879652036979,0.09764831085064213,0.002634035289288829,0.00486392290602168,0.003586566656742005,0.14473102996807843,0.023047990846150876,0.04867902163480991,0.0811203466347073,0.2127578683024346,0.0038240013905077508,0.03084469998648629,0.1368040456456477
spot_0063,0.014501095749342682,0.024142390526288766,0.039088673267327984,0.04247547455320889,0.09709032564354768,0.025309926386273957,0.02481776160446657,0.06452175909299213,0.11952981196955201,0.0070983329794360875,0.07627412274120819,0.13448414104304326,0.04525780899652217,0.10730595085655732,0.1353231655616496,0.04277925902858269
spot_0064,0.0030367104097432187,0.018507940730726726,0.032781107753136036,0.11904558702447217,0.1353812784441112,0.047278185850254666,0.025903085862126907,0.09990173132789182,0.10136848396456338,0.03725728589311545,0.15042852049844233,0.009226678873004962,0.004680795037303347,0.02230860589944639,0.09411678481832632,0.09877721761333506
spot_0065,0.1969859752880959,0.0018867165198895974,0.0019185023845339165,0.003907627277543366,0.1969448333867419,0.13997265214627952,0.007293866017398767,0.11724035944123125,0.06256589408212203,0.016842548587599288,0.027871599801487984,0.10332298443219756,0.0037551392527621287,0.07236432797139915,0.039141399812184334,0.00798557359853331
spot_0066,0.0015344195329574661,0.015601521795429174,0.008366856596195299,0.21335493701237848,0.003256280262307575,0.020032174289026452,0.0332748845679945,0.11909541869843195,0.13624075052974807,0.01653385484971279,0.062208350327957025,0.08481182747510088,0.05155087405814751,0.058241003326646876,0.019948355439801155,0.1559484912381648
spot_0067,0.0028229470118507245,0.0029204184440568596,0.003757072254849572,0.008131962377857299,0.0042306418026350065,0.33274667134111735,0.008295002279006217,0.009972350825872606,0.018373190397561336,0.044246483798619764,0.17082212860523918,0.1369830960198551,0.03497478087913694,0.016089166556467784,0.05270172300053164,0.15293236440534266
spot_0068,0.01126347185713505,0.015972084398614972,0.05140814553934029,0.0819596658091941,0.08267726862673741,0.0028523921956984054,0.023059590027436783,0.004230822748431305,0.189385245494937,0.1585543501413961,0.11652923029371784,0.04388351893364889,0.07386202327880347,0.0030458667761686293,0.03166983316036449,0.10964649071837529
spot_0069,0.20991765406115773,0.22681162719935485,0.011364379114847036,0.01316017050520675,0.005743823384755855,0.16303349408071038,0.03537977011588491,0.01397506141579735,0.040275894268895364,0.09722111108427321,0.008067196425267487,0.059694136153621825,0.03606945488096923,0.0597751321151171,0.0051452651048325,0.01436583008930843
spot_0070,0.09039187534896836,0.008355077148605804,0.02237921535896784,0.013803697158214995,0.0464641613547192,0.22974324817832684,0.12547229737149226,0.10699393393231042,0.10599500573741177,0.021228370854180702,0.024449645368518208,0.00947407654950336,0.009768158501756058,0.0732286554873079,0.08417454413802383,0.028078037511692442
spot_0071,0.0015278826579803871,0.014955985656538856,0.13207588661556655,0.009464377377625155,0.0012220494718132773,0.2253397208773769,0.018794289161421274,0.01257669100772658,0.014518386486102017,0.4492900967454831,0.008847567027880903,0.0011418285314774006,0.008471676130553635,0.01993930253964444,0.012584084215837177,0.06925017549697238
spot_0072,0.003231525089092501,0.10648550575276818,0.11292636936183494,0.07032464122866953,0.07027758411362979,0.0904521576716225,0.06415230171912592,0.03419319591045518,0.09012503341189489,0.026043037784411575,0.1813581991596048,0.010088023413934206,0.011068348372462905,0.03925429122702056,0.0753772859081261,0.014642499875346417
spot_0073,0.13967731161022107,0.02726523810368865,0.009681601725006136,0.29240786237086075,0.010942740923579466,0.020175685346369165,0.014114743494644456,0.1392627712264629,0.0020866687868034144,0.001462700675644281,0.07327763116158217,0.14028528889821462,0.009106525930741299,0.07522898392975928,0.04286752542567314,0.0021567203907492142
spot_0074,0.008706466667037218,0.01802434638837514,0.01589874619641304,0.16108409851619115,0.013007534697057965,0.3118946772932294,0.014154208402730307,0.007525659394168327,0.07564129740174315,0.12090786513419348,0.1529811398206948,0.00782189313716531,0.008849598279807072,0.008569106541399632,0.050590256575264794,0.02434310555452923
spot_0075,0.005701547147408779,0.3035006025898297,0.011610393354958391,0.039287104809844,0.1143909140024006,0.0009969331125806403,0.002672371920943926,0.0014167387954082187,0.27246444437244577,0.023644022781870923,0.005098118862912823,0.005464273880928158,0.11169397114627526,0.0013296800546755032,0.0014716604952925267,0.09925722267222478
spot_0076,0.024922105150200914,0.2327454617151894,0.027412971253556344,0.15589147694653796,0.03590140910449588,0.2009749891383837,0.05275266144992159,0.04779159109389142,0.0012322483417588177,0.0014073526968557488,0.014319529643634357,0.09772155950373221,0.024917473874386965,0.07293405701834925,0.007722653040906613,0.001352460028198819
spot_0077,0.13012006883341326,0.02118965071206181,0.0057779937015145525,0.0187203868810473,0.06146076872508388,0.10909168946093975,0.007577759063928838,0.007373027743188952,0.13112750103323503,0.02034080809830764,0.08187562081680391,0.19410854940829728,0.07840118303281925,0.04058473699683583,0.023446536877733598,0.06880371861478911
spot_0078,0.002752109468509219,0.032234081544479314,0.017202394917823646,0.025097409194970312,0.004292472736477643,0.043304358621660995,0.053539359816082495,0.17682148238187984,0.003673867136848665,0.0068818162706681335,0.024408025409841563,0.3887458605480525,0.03705837935960596,0.11457099047942305,0.06064144777304233,0.008775944340634344
spot_0079,0.0021512196850724126,0.005834740778199913,0.05077613216346081,0.006259744531717516,0.003671116629615661,0.008748348670988504,0.03569163485564889,0.05960041058471939,0.2741443688462188,0.18386665819443,0.0063924928593537,0.09169570184548724,0.005047581059148977,0.009661640693766802,0.08679787063390985,0.16966033796826155
spot_0080,0.000748576087238124,0.004639528613184212,0.003829415767877218,0.21053442745293818,0.001072312682402207,0.04283753946176749,0.0365323083669229,0.04138936242962988,0.09506332742299406,0.17839789035658546,0.14275189759415563,0.0007485803490447133,0.07634004049994565,0.023211569702786792,0.00613606673236105,0.13576715648016643
spot_0081,0.05718783197036849,0.019927946557548072,0.03819650804423242,0.06196771204291534,0.14654807076305795,0.005451256573290781,0.1350165665738218,0.09174466470740048,0.008153688736346571,0.004924055292176886,0.23503748216081918,0.026337954482100516,0.03145438047023394,0.015315490045281108,0.07800043822210502,0.04473595335830148
spot_0082,0.1227206649004716,0.1010981871731687,0.2494487691880617,0.12189226396915682,0.052612200151189704,0.004354167240203557,0.05800046759592313,0.004510649044643847,0.002280042214590804,0.002800621129921611,0.018258754392488096,0.1392603026654433,0.1099986105889059,0.004649250073392213,0.006198667213326391,0.001916382459112654
spot_0083,0.0706989403370677,0.006641932296821023,0.004989148341894653,0.051303479962988306,0.09188547225038587,0.021144473929344293,0.1282137508157538,0.0314501849299461,0.04108198186605074,0.10623692139337804,0.05570408522293748,0.042761921453167685,0.1699220682732761,0.06688828584742129,0.09309609271953381,0.017981260360033096
spot_0084,0.08553677411652046,0.017358108574098485,0.16720068334042135,0.04518129384192982,0.017680438276518922,0.06322845098356782,0.031837693703496144,0.13671490345891404,0.04408040388145277,0.06995313321286113,0.011370190841898789,0.09421963318894387,0.04071897281725184,0.07568745304458883,0.05093228986400614,0.048299576853529605
spot_0085,0.02157248712097979,0.16392439587968602,0.019829189589293802,0.01892220877116542,0.19488963088534103,0.2340671644364012,0.08417158340787247,0.12934222083488192,0.002034624607864439,0.0017369157903217589,0.00653727110807044,0.010051650679621348,0.030334135234578438,0.07494933760307994,0.0057550044384742025,0.001882179612367821
spot_0086,0.00368728611379294,0.04190633547383451,0.11957632013275167,0.02048092397126996,0.10853545983872784,0.08580331676180886,0.052163094775869515,0.09235297455730222,0.06624875418866133,0.10846057616460898,0.04204670086615452,0.00696518848089345,0.016020968452337383,0.06754823570495311,0.1327402519403229,0.035463612576710796
spot_0087,0.06150695100169502,0.006754089104539574,0.09427290400682752,0.021982185580175867,0.10338322823161523,0.0027232419638728,0.10626203188018356,0.007154614171173192,0.08195401220071963,0.026311973587659482,0.15025234805176008,0.07260137192904934,0.0232397183888804,0.002991139449342184,0.08744623527872697,0.15116395517377917
spot_0088,0.0516517930389046,0.11131667950775379,0.15169440997962422,0.014401160296930251,0.03287321104372835,0.011030570115268838,0.0330017116488489,0.07212789418877724,0.032737126847394306,0.04219334186953728,0.027537271689470587,0.1443526465651272,0.008137610703171066,0.03281448570659424,0.22954411283853965,0.004585973960329519
spot_0089,0.0949741675392312,0.020473984835842122,0.016751681981613538,0.01639391408246353,0.036410195666705836,0.022872684392869314,0.11343705781331676,0.17549315392986617,0.004020043018314697,0.03034549331520381,0.13815303339970703,0.08880355404611419,0.015406986432955476,0.09034983090637484,0.1309421757325665,0.0051720429068549826
spot_0090,0.004199064816750909,0.01675420271400377,0.037270868703119533,0.13297839297156072,0.0851706641507116,0.007282336942336456,0.08523340794988885,0.05875610271459194,0.00670575220732933,0.007971218916442181,0.27490119051919043,0.02428968819883365,0.019128465935016287,0.009389464319977241,0.21888135326797134,0.011087825672275776
spot_0091,0.061097366574155335,0.006663388896294528,0.018826121326475338,0.020086254476124856,0.03566919786773301,0.10790808099609786,0.06660915912987497,0.12198179291020192,0.003364241760859434,0.047124037568291186,0.19584005814048308,0.09426548277676697,0.007009250010322218,0.07810492432477531,0.1305919441411427,0.004858699100401284
spot_0092,0.0004509143183252292,0.192421211352902,0.1847892584314978,0.012169640466561795,0.000395348323589024,0.14091922200911666,0.013201140508354709,0.025233164444213082,0.0005431619756395984,0.00040667167448959346,0.1368668292856067,0.00036282285321114806,0.009009162656156122,0.045429307699838425,0.237220966359153,0.0005811776413451446
spot_0093,0.010134904126672227,0.007091315451750308,0.04208980790722119,0.006292267857052244,0.11843736256449655,0.10116682503730592,0.13189744765315786,0.25336305185702934,0.060586184513857264,0.05221013527563437,0.005649580122107545,0.06088125086673877,0.007265441197766112,0.03997984481389366,0.060309661397189025,0.0426449193581276
spot_0094,0.15560363440227665,0.002936125192895631,0.0026026563490117983,0.009953184655500723,0.27745074141294085,0.14145403804259007,0.01870362390071245,0.03687623862065781,0.002421733164055228,0.002148496286399401,0.015807824012173472,0.029853770103566372,0.1485072198765118,0.1123341837311091,0.04173394822184828,0.0016125820277503146
spot_0095,0.006545690964941413,0.07138912418288304,0.02334253444748225,0.014471040644134781,0.18632136326747809,0.034757692925772375,0.0672048339265317,0.058567994712013606,0.21588932481533446,0.03398780491294764,0.011008733731826825,0.11872271178583158,0.010544381034562232,0.03699168989106923,0.10301002295903126,0.00724505579815955
spot_0096,0.006131965565157744,0.00815588774945061,0.0400953040576292,0.17755536257072627,0.10579749454628189,0.0037476349836686853,0.07945379840010945,0.008973203055130956,0.22280746146280378,0.2016226102061271,0.03422462975337766,0.022549113063036447,0.012651372552294815,0.004503810778725626,0.012333313867202513,0.05939703738827725
spot_0097,0.0004295483229246341,0.025548939957237556,0.1569926257613692,0.07407423751891076,0.00045188670206129737,0.003635783346174568,0.19441579621714897,0.029548437200090007,0.022897587123179235,0.1466390191173274,0.19901615056196495,0.00041032209559272115,0.019296757463357694,0.005231391679673865,0.09215871242346811,0.029252804509519035
spot_0098,0.07581959894103141,0.009219740705240407,0.020264844565960914,0.0931929611937074,0.11402425291687736,0.014659383719250685,0.06589966622882126,0.12196500106051558,0.06600314656490495,0.041898018503066695,0.21444864930032215,0.027991407330455072,0.03575431633158892,0.021409035099465092,0.03282334899691071,0.0446266285418814
spot_0099,0.0007533631682012365,0.08242374484675312,0.07041259956633268,0.20306374869367685,0.0007945399776025348,0.0031465618231911537,0.07835835932936493,0.014869762316712248,0.0009638324358640448,0.0008120308642757552,0.40817276812082953,0.0008233267748120623,0.014877798032003462,0.0049806369037704,0.11478171238886078,0.0007652147577491958
spot_0100,0.07690208283643281,0.04248646249441769,0.024506361136735103,0.1111420837488126,0.0781122769928942,0.027166745001635458,0.032239010640052156,0.0696543488257122,0.109597997234041,0.027585448412756477,0.07615473846582613,0.01946310963712304,0.08901495038834469,0.04695030965705656,0.07916686559786146,0.08985720893029844
spot_0101,0.15196368431500792,0.01995410672270556,0.2217423340882635,0.0084093353514201,0.04192702137592526,0.009008449042473825,0.018091622805332087,0.006653763478422938,0.0019085886739944533,0.0024120435625542597,0.048535531335576136,0.12580976174402791,0.013100947820789513,0.008273806527767245,0.3200911892820212,0.0021178138737181483
spot_0102,0.034830897241067194,0.014054427874174805,0.03323651798007404,0.1729048088229571,0.1567600768860249,0.008326374846613546,0.13916981271440565,0.06498126106577053,0.0014938437543772082,0.001342353300252411,0.11779455912369628,0.12467968084504923,0.01854257325153645,0.041680441501280516,0.06856987997699483,0.0016324908157253114
spot_0103,0.051457316990006385,0.003091413139308892,0.003949252835483535,0.016620516887033376,0.004467262468173204,0.023025652021079288,0.1981404238389538,0.06948253239181514,0.08357368017778469,0.0334362188341563,0.20443389420229846,0.0030332374889748054,0.036027187915119004,0.03122580978733153,0.20245040291123123,0.035585198111250334
spot_0104,0.0405246994716548,0.013820059101335304,0.19115349303571952,0.033258114418010284,0.082649106110677,0.004766444783947971,0.011119336350270194,0.003296459890565734,0.035315978519271644,0.03079047111904047,0.07664748073854603,0.34836219796329854,0.05810309913824018,0.002676471894183195,0.06281968447339203,0.004696902991847081
spot_0105,0.005964121553713008,0.013353968546519887,0.01812479014505253,0.029107227891234443,0.0836084696785431,0.27297251169878334,0.031565277664277344,0.10896517785259056,0.015101273484272747,0.11300670143375768,0.11824374370599335,0.01439809017594198,0.08315636354244582,0.03051148600518618,0.04966857468493323,0.012252221936754773
spot_0106,0.005029499419352728,0.026556190035321118,0.2394762743779897,0.2373203204617876,0.12854447030951177,0.002231974778652862,0.010415925370609074,0.0020423875356629317,0.008099265253363632,0.015773801893422906,0.009523906307209399,0.0072909681729269905,0.29239788386472865,0.0023681591628628,0.0034676987677246685,0.009461274288873169
spot_0107,0.10686540554183437,0.004548720320875857,0.003651578298809688,0.028210046901293057,0.011223167742202583,0.18603501626752178,0.06387846732409562,0.017296823173477787,0.026232884720913133,0.19300617473802523,0.1089924368375154,0.006795571443495156,0.012967583872065478,0.07429357693148234,0.074767673735595,0.08123487215079754
spot_0108,0.0036607761031369267,0.019547598297200992,0.1296804807817675,0.016681381828430084,0.0035142120668475705,0.297341854120405,0.010869571715902896,0.040438772359373244,0.030447562020317183,0.056942269742927584,0.05066818657624059,0.11107155796308589,0.012059392332390638,0.11311119561264533,0.06922638318897222,0.03473880529035638
spot_0109,0.060458977244348136,0.0010814188531980391,0.0009934058017859388,0.001284067428155233,0.016925892990057426,0.3264996078263474,0.0024799672510987946,0.10836019557851372,0.1943694277392692,0.009316071401396465,0.001304024013477754,0.014521865725171518,0.0017742730938500998,0.19036293284187136,0.0019979111654840043,0.06826996104597492
spot_0110,0.144763540768602,0.011764638956850766,0.019703797383892056,0.21890912941264687,0.0457186423430706,0.17198541800977346,0.04305856752754248,0.02732117769741778,0.0017717368173738926,0.0010095308749556821,0.10928632725415698,0.046460344036400925,0.07637521461019467,0.05546617869844885,0.024853344831671065,0.0015524107770019365
spot_0111,0.009929355517178709,0.024808871408295376,0.057369272918833605,0.038473895295799455,0.16804836785870067,0.028160068574307688,0.024700707313084512,0.07777388812648005,0.12009519951336106,0.042034451523818815,0.10308905441307903,0.048273656811180066,0.09223929061291943,0.12981926945783728,0.022106438919149665,0.013078211735974584
spot_0112,0.014366527930582988,0.03520946601168922,0.004808498765308387,0.044005878851462545,0.09830851192601742,0.13062688642047152,0.007267421403229015,0.03256222728035003,0.1462861303911652,0.10258816424904996,0.010182937326823318,0.09240493841201906,0.15763617981155548,0.07080746925279158,0.004843324763953413,0.04809543720353088
spot_0113,0.20183709828857488,0.04672251686667692,0.010025475879929972,0.11378192763639208,0.17805696908116594,0.032976916720905955,0.05911176253084554,0.04633614544333214,0.06064783808083717,0.0713671414737014,0.02247678779926129,0.014252019122064372,0.0174283116600212,0.0412826694039804,0.026353281991815178,0.05734313802049554
spot_0114,0.08414118532477273,0.010410218108990418,0.016972178103662906,0.09436891883802925,0.036115974164906396,0.03836595145613476,0.0266955689800452,0.22805425650123823,0.1732632564614667,0.020091902765250188,0.05113919185510542,0.06336423094570116,0.010981025959511847,0.044208694364698174,0.05809896759946343,0.04372847857102318
spot_0115,0.011673299700614984,0.0008308720553154039,0.0008035518436442042,0.0009378233502592222,0.20301323802760027,0.1784169753904931,0.001227596192489467,0.0029480926079921126,0.1716242272511626,0.08369028094765557,0.0010226684081598703,0.30983574600426883,0.001329150676771886,0.005829908812341148,0.0015825870065901977,0.02523398172464114
spot_0116,0.10707638846910997,0.06470788965066254,0.058318305868681114,0.11579008781238954,0.005280400346176639,0.10579293300124583,0.03199305665195273,0.15282204994478008,0.004500666455154052,0.06787808473493666,0.03973959380417816,0.006952975116477702,0.02941015005701377,0.15566234123792724,0.047777518032701805,0.006297558816612175
spot_0117,0.07776237030308114,0.008937350311685003,0.010245062315815758,0.03483069525994182,0.16111150750238754,0.08545299755131879,0.01775277217321941,0.015998328377500832,0.03782191938305323,0.17219731924628412,0.016423321026372825,0.22802223444350195,0.008079688346068228,0.01635233215065618,0.056939654088823094,0.052072447520290104
spot_0118,0.05013137233052858,0.009319471973314987,0.04813349021372982,0.005150827989919979,0.11452093724586482,0.12431477643989174,0.017645479029579785,0.11143116506514365,0.08076228098258632,0.05929993736720823,0.006016701113186964,0.09487198423366533,0.006639769458247335,0.03686885529691098,0.15143830186749896,0.08345464939272254
spot_0119,0.0451207037257668,0.1123822333088122,0.22521419660557665,0.020631449947931355,0.026705060301446006,0.10588661994258504,0.012438739710448796,0.16817639388526837,0.044929977869990284,0.026555363798126196,0.04154530085523451,0.087960176193244,0.00812170762241645,0.03447614775234437,0.009628772642867394,0.030227155837941586
spot_0120,0.004638036358560534,0.11641294374561041,0.07691986804772716,0.14940793121633075,0.08656235618601503,0.004528437467647455,0.015869720884166678,0.0102700085291238,0.17611916314589685,0.11822911153861866,0.05437244878590956,0.10896985083404095,0.02474161503668397,0.00662136893006395,0.034336667721055036,0.012000471572549179
spot_0121,0.18973804680398754,0.2453654276466171,0.039870186658564,0.01697542099686577,0.07555355024417912,0.010751418806340188,0.018367788722921066,0.021529751911882913,0.23250192088454116,0.017807608338533235,0.0063297005503275255,0.08531403479835435,0.006545068008417862,0.012378183667504787,0.009856218922632035,0.011115673038331358
spot_0122,0.023157808257074097,0.20212373757241792,0.15174863028710586,0.08079400637524582,0.0027225832132952038,0.011543925825238268,0.11564094919757596,0.08023493394771346,0.1237866644439794,0.005456448869134229,0.02771049489724051,0.005161254830733167,0.10233371707551117,0.03506073051254772,0.02854432698017355,0.003979787715013679
spot_0123,0.00028051217631245803,0.03078795568422826,0.09845592836450187,0.16805099311470417,0.0002733000090007327,0.005200814587438443,0.18046708696977734,0.1223364723814151,0.000531898809986149,0.0005361706610813347,0.11736258102198252,0.0002561118764270533,0.06950226303382291,0.08751328215368134,0.11785683538177165,0.0005877937738686828
spot_0124,0.04589540096336825,0.0018836092222879169,0.0019151257131831917,0.0037203500553064095,0.0731666391498316,0.08347262035764605,0.0071289131035894,0.08449452407364796,0.15693355588359711,0.011647063966764338,0.007633853749017198,0.1403825822318935,0.0038006648192257138,0.16467908742898102,0.054698460377574344,0.15854754890408596
spot_0125,0.03946327142503461,0.1357503973778183,0.05383674293038,0.024877023073449127,0.00462850072173767,0.1400481223583397,0.034707250230527835,0.05949032031032435,0.08321906921502893,0.016673224042718555,0.1155178372645801,0.04703217455201593,0.005165627626794366,0.053257387643463674,0.1298999823465984,0.05643306888118841
spot_0126,0.004859493985446534,0.04880665693844354,0.11357562721846608,0.029625570154806664,0.20953401729209148,0.0665755926745374,0.05862431910001544,0.03629794854276102,0.13228557234987,0.06867289797641314,0.011719686082416582,0.005872803412440722,0.005935400226983831,0.011256571505489012,0.1111447769294204,0.08521306561039814
spot_0127,0.04030479062579618,0.003044185870479592,0.003191479078792234,0.009477409064631945,0.06164526036018523,0.08218651824541691,0.011746411222237409,0.020657928667740383,0.010701055234285411,0.08355073749693638,0.3050215399135577,0.041085262452752555,0.004465020083444974,0.08322709045472138,0.22121482047733748,0.01848049075168427
spot_0128,0.004014938731155636,0.19753686229511092,0.178990360848984,0.017588965049871265,0.017858965877769833,0.11469106763053283,0.029642803043222265,0.16744149412404974,0.0057741702602741455,0.06214245703173047,0.005627582341373269,0.004589345126858922,0.0513150172538767,0.10557044993868175,0.025970997275054256,0.011244523171453987
spot_0129,0.0005644797785251001,0.0745050599325113,0.1974478109913142,0.07947153316252119,0.0006567556621253439,0.1831370221215339,0.14844080090932385,0.1433005208983583,0.0005998812532009697,0.0005308908180048141,0.04492684360622362,0.0004912170518728263,0.017712743660735907,0.07590749694078049,0.03167324149452094,0.0006337017184472361
spot_0130,0.09646598316662695,0.002165402436957003,0.002135433451759669,0.0034611259960490044,0.18285499342567807,0.03120283385320509,0.026350649441417087,0.2584424304125266,0.001126238058330403,0.001101179815104025,0.0033584906718981612,0.1549888386247036,0.004059650782473639,0.195589580766804,0.03569767462380366,0.000999494472663001
spot_0131,0.0007578521325431003,0.020463143673474217,0.06338811425060113,0.06303309066398398,0.0007683420345233698,0.0024823456620415114,0.007430070731711423,0.005948472536047294,0.09539585678313264,0.14224800964004133,0.2758128322584572,0.000680072348157937,0.06172982655595234,0.0038560385465935187,0.07270795878166886,0.18329797340107015
spot_0132,0.0757118918536937,0.05901280386207142,0.20926412502418618,0.11482773773529475,0.06252632965418797,0.009591714094430121,0.14792193691233926,0.11693958420191626,0.0018300285287224552,0.00245431027332356,0.04607342251528503,0.005806973440781721,0.09846514420849804,0.020459659196626772,0.026296035117932732,0.00281830338071002
spot_0133,0.20914434228336734,0.037556540208985585,0.1436027652224199,0.08251885592428251,0.03761934274212956,0.08058351643493085,0.03466170394934849,0.004016873211393289,0.09687177002518317,0.014219393573293868,0.06146664116638366,0.006035724726339259,0.013724110098982594,0.009222906532511012,0.06293960367321198,0.10581591022723691
spot_0134,0.001047221495852745,0.2058606818869297,0.17824837744488495,0.050870227258347105,0.0008763308234276561,0.09965141460830385,0.017646458227243516,0.03212128233173386,0.12123148563564702,0.11745257876038166,0.0128212338730674,0.0009156505342799412,0.027912784412420004,0.07177645040832856,0.012589603577118231,0.048978218722033826
spot_0135,0.004869075098704546,0.0183036350886117,0.034377306557668304,0.25603803977936374,0.09058889367496567,0.18372004171337705,0.07612315035524708,0.13769429663178134,0.001656671069890562,0.0009054882409911455,0.050340631685325224,0.0036006831470301224,0.010733799559941547,0.10971448243826706,0.019944472940180147,0.0013893320186547915
spot_0136,0.031835301637312734,0.02058658773655388,0.12854095043965114,0.10447772752948334,0.06980384388870896,0.0025956798374417622,0.20665635136415683,0.032494432019381105,0.027110570161927725,0.03249334749825823,0.08543561443258912,0.09220042136151045,0.009834433107883664,0.007175821430033149,0.09410038074025551,0.05465853681485242
spot_0137,0.015773543678658228,0.11141803047971917,0.03321690526825752,0.01843229257554184,0.1807293675575131,0.12601680948891153,0.009103048828847214,0.006635877777383139,0.03849899168411072,0.14265498191719903,0.009568602916576515,0.27400491241889596,0.00813598753284398,0.007304243593678151,0.009025365564523645,0.009481038717340254
spot_0138,0.010090827389978753,0.07259810082865942,0.015098543046791731,0.13772241762453194,0.08432347250287733,0.17096904326811033,0.01827629476096384,0.04483818819901579,0.1015325892303629,0.14204873275045682,0.01810086346356558,0.0165109053150672,0.02737198789291976,0.033580734740976226,0.06169527596586715,0.04524202301985525
spot_0139,0.0663926474813091,0.22546455160973733,0.031367696700126575,0.06908649715032797,0.1407322999471204,0.1379297640850783,0.010255246833461334,0.004511399884517782,0.1019319485149453,0.009195253388323658,0.12356418574738338,0.010606139903238629,0.017487291776462466,0.007954159010707399,0.029096514669478095,0.014424403297782322
spot_0140,0.07054831367869237,0.002337172696582086,0.0021430609847241343,0.009434330692292868,0.06177814360013047,0.012657257804012839,0.1468306444131126,0.07162971787200358,0.056620381979695454,0.043253786511641155,0.12773730006002892,0.08811207384281204,0.09807230026303675,0.022044962480915923,0.06407274399847598,0.1227278091218428
spot_0141,0.09486527839072795,0.15778289229918366,0.039701312897008935,0.026362488331288302,0.16890444256953052,0.10443624875779743,0.00605425057533045,0.010707276129499144,0.06333467963855341,0.0066572395937027394,0.08232571029011197,0.06174214023244622,0.006327687669657628,0.0207431754859454,0.14247054925335834,0.007584627885857878
spot_0142,0.0023794923648122967,0.03690825643157011,0.0990615937147969,0.029189818035026637,0.002436478500962834,0.03272408976635743,0.06580795778045832,0.25813207439632385,0.06610014277979163,0.1113592427307709,0.007933577762865674,0.15139992276894368,0.00977090676595724,0.09080920963547642,0.02605380677488218,0.009933429791003855
spot_0143,0.10736064708706085,0.06490346310557744,0.13265928242487204,0.022627003310817063,0.05553511224523763,0.23272075844036832,0.01587825305855427,0.0801950907314755,0.0006436618384139727,0.0005132846705165566,0.1779877184809543,0.0024358334834467246,0.029828965030117595,0.055535101175606186,0.02061613557310173,0.0005596893438797934
spot_0144,0.04740492241005359,0.04714918684291454,0.01244243398916334,0.10164019519707827,0.023724126300653927,0.16147825428067497,0.10422975662825791,0.020051361894307007,0.020064588898915943,0.056713453438469084,0.11368459338935007,0.0963586123280578,0.08791282872254311,0.05878664615513903,0.03426149761071561,0.014097541913705797
spot_0145,0.012852016155129103,0.18067178336433107,0.11814811934873538,0.014794500852726917,0.04314346260441691,0.11371045616263406,0.008754328704168127,0.048257391954845914,0.18008883847076976,0.019001624359763696,0.04419173468654455,0.017992324436250557,0.0173019662630121,0.11811892972207563,0.04789172406976181,0.015080798844834395
spot_0146,0.02758566737573062,0.007965195431061133,0.006631691984110522,0.0195605777296469,0.15291869366832325,0.028656854865956254,0.0867535520525769,0.30949694986988374,0.03810992694445422,0.15171293231859206,0.014560635293400959,0.013734677057242604,0.013612802613799779,0.06871672182689913,0.03580166327635219,0.024181457691969725
spot_0147,0.0037654610731786735,0.0023315397890917933,0.002021633916339219,0.0034890175981226214,0.07585575851250534,0.16153959953431887,0.013355708266191344,0.08283865448384614,0.1168510152963183,0.08333603506691943,0.006614403870757819,0.06275530357622457,0.0028861511097975664,0.09071222357863402,0.18667195742337633,0.10497553690437794
spot_0148,0.05838772121905271,0.007322370849768586,0.013104362232809728,0.01254438098381492,0.012522257594329829,0.03057382610917522,0.23287430603270662,0.04486393670671682,0.06803144707815668,0.02886994976440373,0.13572491502754802,0.013039392136339175,0.008472260355624615,0.05073941949179391,0.2637084204128999,0.01922103400485953
spot_0149,0.021681307213532817,0.010891041791096883,0.004273284180304549,0.19795845533608375,0.06033278251367131,0.00768813604240192,0.006789979665708909,0.009641259795812176,0.22070701204626436,0.12443601485967612,0.039889584972258696,0.010371337754369101,0.17589897656011885,0.00875794126505142,0.023232725585674133,0.07745016041797499
spot_0150,0.23238628278527604,0.00304439464528734,0.002052895930381695,0.09151262696745906,0.0033438303783991843,0.08573871576654182,0.04462422143102395,0.07394729780470857,0.12539708966908078,0.007926116551891661,0.08478484855431971,0.108338590750864,0.02948789431290789,0.04328879531171172,0.013342070466331948,0.05078432867381467
spot_0151,0.06707946602595993,0.008537413641825278,0.009421217508407444,0.08969715288998072,0.042354068670748396,0.030360466847829417,0.18680216386333814,0.18941868734758127,0.08991897109076744,0.006296538659312395,0.02973470209069028,0.02243492217488208,0.09568911031755109,0.08237619692857592,0.04163009476200654,0.00824882718054364
spot_0152,0.16164854743263102,0.24665444622958171,0.014335176018527797,0.09825594855463865,0.2790681740053912,0.0621409783671546,0.010304207600168607,0.018427563902310318,0.0006458291296404043,0.000619519733460008,0.019064901057173556,0.05044233504414176,0.009337523043613738,0.02238521492290867,0.006076375402729263,0.0005932595559287031
spot_0153,0.11376657168190085,0.013367601799785115,0.015020581239546561,0.070756512110326,0.14509106523714652,0.11861153914479164,0.1271998633529698,0.01828923886213339,0.0506711111243166,0.0749475265372096,0.02538320183165295,0.022383273854835916,0.014137139105200716,0.03364937591640395,0.034211388904623656,0.12251400929715671
spot_0154,0.005681974856278355,0.11595614827517264,0.09442897895415338,0.023896486429767,0.11099427860443073,0.14273774092600422,0.024245622864735993,0.007714008363606122,0.0014808650651035719,0.001826797428456487,0.11228918452460554,0.02551512933083472,0.01486418412957672,0.006950207569367566,0.30996531036586894,0.0014530823120380216
spot_0155,0.14146043261837013,0.043905797237824916,0.08798571903337384,0.24337833493771902,0.015908395077340067,0.0741252854007944,0.09673491930353702,0.09449614695482504,0.013927886320142439,0.027072702745084325,0.018882238863712045,0.0686945093258158,0.008165025516566721,0.035985487536894886,0.011411327327573806,0.017865791800425544
spot_0156,0.004764507214114475,0.017558125254069787,0.026748863589088394,0.017318275062453477,0.06817783959777741,0.12108980437792569,0.050682860297096954,0.046169444860242895,0.024254936760436278,0.06502479135595053,0.14087438160607457,0.21775211230245717,0.012061660895717252,0.08715384818530228,0.045861442555659195,0.05450710608563363
spot_0157,0.0009349748202059948,0.052535015469517055,0.12302536430867554,0.31692407630054376,0.0009492891022916125,0.008896034731207359,0.046364111371563516,0.008481933913680137,0.1343984785303422,0.01934407753615172,0.1774893194864577,0.0007592516478596294,0.019732565943188448,0.007344590215034782,0.017707490999308267,0.0651134256239723
spot_0158,0.0003265481170097165,0.07771818426077702,0.12116792998453425,0.017280343428210974,0.0003542034972464274,0.12298509479118809,0.15691445640843416,0.05259122796441182,0.09772539006416053,0.06600294244588858,0.026569060824916592,0.0003270449582772621,0.012585210320686536,0.06651094500579888,0.10110483668746423,0.07983658124099492
spot_0159,0.17786679971252584,0.30079857928576825,0.062383192727032126,0.011586783364710805,0.03782787492235793,0.14570024996938338,0.011091970948929088,0.0381861656022293,0.0009987631831174322,0.0010166502238790189,0.007891650312364116,0.045201847964128676,0.008368189872691164,0.14317485739674848,0.006988373817277308,0.0009180506968571038
spot_0160,0.16271147538467431,0.07262045804207304,0.014498290639839078,0.0346976380766077,0.017376772013463024,0.01996418818689405,0.2910815356166459,0.20068505923018395,0.0012509934205713227,0.0013037809835058556,0.015238304795812582,0.008062244684646176,0.019572075680251367,0.09291121330405622,0.04668533343085326,0.0013406365099221259
spot_0161,0.0834485830838298,0.005148222936141505,0.004128403741754991,0.045082744242624186,0.027166005363605077,0.08184308699957972,0.12349072559153612,0.11450988180268297,0.11074899874622814,0.10624278867467811,0.027171057296068973,0.014543341174162061,0.02659623596220949,0.09567311331016183,0.11648517081682183,0.01772164025791521
spot_0162,0.07352945108742391,0.018913132967799697,0.015762051026407996,0.10792122405502065,0.0243772085911623,0.029707755433194274,0.05464596421585985,0.0480895771345276,0.13759299472939207,0.12345346001672074,0.06467569284319552,0.11055440728287548,0.054502207916787136,0.06423942725249647,0.0626614657407158,0.00937397970642053
spot_0163,0.04271642179468557,0.04078842068397635,0.06369887349257007,0.01758944387700147,0.12987621936468563,0.013651274799521745,0.013239418850193783,0.054358895297253663,0.03491866382085344,0.24311629371639035,0.06148202838274209,0.04096627776060357,0.030528430368032,0.08069089265917424,0.07328817559591141,0.059090269536404616
spot_0164,0.12837134064600345,0.015220758792617872,0.02153798921186463,0.05123508004897329,0.1167818637616444,0.08516792467859467,0.07180621973696509,0.17921509461738938,0.018875738208424666,0.0710089860017753,0.008362019463699674,0.08093411802477876,0.013336741061921658,0.11197295822561974,0.01170091275438744,0.014472254765339984
spot_0165,0.20033240635240396,0.019971040872490495,0.20269429194043567,0.011941313101329428,0.007915578880747296,0.045962872581256586,0.08110910580781484,0.020615934480205787,0.10876404206665574,0.007007337703868796,0.03699177167827576,0.05919213159355091,0.006308641032140535,0.11679299993835318,0.03711216735775063,0.03728836461272038
spot_0166,0.13332117510775082,0.030171081970708932,0.013959892976731145,0.19170216939486737,0.15510358088339568,0.030172965581293884,0.01579859793688094,0.05426238004533068,0.10137915072890691,0.029133944300785152,0.148753710847154,0.01091317705406067,0.024325444615074677,0.033777303800524974,0.014256763943250948,0.012968660813283213
spot_0167,0.040695787534307824,0.02838152694143732,0.006467652493972803,0.09586316813088448,0.15507002633030992,0.007931378495803552,0.008524110184359227,0.009124880082166055,0.10946704266686307,0.012597394734472285,0.231337480355819,0.006887642588063725,0.02501980406359282,0.008508859346735188,0.2236435760717436,0.03047966997946916
spot_0168,0.38534069870363646,0.0019114791676396663,0.0017333707662193442,0.002803950020147628,0.015156100868911355,0.12649168372536154,0.00308314861010802,0.02022174953763312,0.15444602600885995,0.01940357182061181,0.004167592058052808,0.1590376543201905,0.0036646213811201292,0.08465858532431038,0.00494980986194683,0.0129299578252504
spot_0169,0.039376433132956065,0.016870387921330998,0.023097286155033682,0.050856684936680586,0.18412186775743675,0.004710311473535151,0.04587103555573128,0.012589739486905192,0.10946336680235626,0.01115193710820362,0.3053279533711206,0.015464374444624169,0.02144361320918502,0.007217941399690258,0.06601011949586492,0.08642694774934546
spot_0170,0.003814280477157989,0.11637057663707154,0.0328919959184495,0.05246322873885126,0.09434595500064961,0.016901496012430912,0.04809763454797028,0.04706437062924483,0.002857284176293191,0.003085752422394834,0.16205614751234407,0.21052851059457167,0.05346709297460816,0.048224877936198736,0.10568865998148187,0.0021421364402815597
spot_0171,0.2601071540584686,0.027262943731560046,0.09081387991570716,0.009033762175489386,0.008381176315871744,0.24107844136879134,0.012795608428232947,0.026877362183505366,0.04321797831528484,0.09782272610490483,0.016018887944901857,0.01325965001759585,0.008887350615089289,0.015227243175444325,0.10172429840947442,0.027491537239677954
spot_0172,0.12379038503016535,0.008739418759810779,0.10574492493755806,0.006322636611745438,0.014329539513306911,0.23636652613864276,0.01609620068012547,0.013597722178967639,0.055843614579877195,0.028017733052896173,0.005857227195405041,0.09564577819211374,0.003574170282651152,0.023488418468110835,0.23559807156652043,0.026987632812103014
spot_0173,0.038161179823457736,0.01923788382812465,0.2480590975896638,0.014163468995005481,0.11468016510732865,0.21675152689642738,0.11204779050771305,0.027633197853764575,0.0015928972707717434,0.0014623301945526743,0.011062949064228273,0.07751468212998,0.00858808092394236,0.06596192397073164,0.04177026988390198,0.0013125559604060227
spot_0174,0.09339668487237202,0.13865088983563478,0.03164971816062721,0.016532414830279393,0.008576210111266072,0.12509604225408635,0.0432021217185045,0.012592586570201013,0.09886705025703765,0.09365200071247354,0.015355469091699497,0.009053612909528866,0.1686527389152692,0.03286056483215916,0.01850848655001068,0.09335340837885008
spot_0175,0.0030636222267705474,0.03839413646126526,0.04625088747452813,0.06833307551357626,0.13298977597347078,0.12081351514351367,0.10047139950165591,0.01631278684986692,0.08941280612573954,0.046893185545765874,0.027788111749352803,0.12425982426139416,0.07875284604010763,0.03163646515199361,0.06898229972626875,0.00564526225473014
spot_0176,0.01757462217514632,0.029018741531067753,0.025344076742826568,0.05869657637472436,0.00440168798405886,0.1351431386964656,0.08227325581576565,0.0600719312826746,0.024111281533256104,0.03458748410047024,0.14228878724815605,0.1891695949883385,0.018643618779658793,0.04920060743440711,0.08967848498782506,0.039796110325158424
spot_0177,0.12652500317622253,0.019862378967013043,0.08647553967211934,0.14626955783183934,0.013274463710926025,0.06162842598248625,0.15318077096886437,0.080031224360805,0.002827592511973664,0.0030465453050380347,0.05643711470483887,0.029499585774166125,0.01885095692933716,0.03510791321983181,0.16331995617509962,0.003662970709438845
spot_0178,0.03801375446906799,0.013363811828905257,0.2497182255692965,0.00889246117435973,0.11844523697318227,0.21470903468921743,0.06087261594357683,0.062366704505987795,0.027310968423626326,0.00465900461274096,0.017983949611414887,0.01518286983934795,0.0065855292185997534,0.08508266309971389,0.0726958097782762,0.004117360262686264
spot_0179,0.007363260900183344,0.0024760196850140952,0.0025209902281433678,0.004331616548438374,0.019174949248633402,0.041616026118926834,0.08852967651159163,0.17324446315343925,0.07442763174236319,0.1112597659235131,0.00370530664844842,0.2803348216408703,0.034226652202635044,0.09321157597668414,0.01199121314438818,0.05158603032672729
spot_0180,0.040642457042199945,0.009578490551323536,0.04382341075444478,0.05467373852238115,0.05513831341130606,0.03010984455949754,0.08332405287829506,0.011853382123572363,0.105966488823468,0.06920526674414922,0.04061072397318012,0.09909581786663399,0.07252637484456492,0.015766564998217453,0.14288520389612172,0.12479986901064415
spot_0181,0.061814481764356353,0.0813689307186834,0.05913255346294907,0.015262103436649962,0.1596762430070276,0.013311901920581685,0.06822218012623167,0.06516339582317011,0.15652320080140875,0.0938775343841338,0.012286692963016207,0.07216740236908584,0.005062296131268432,0.012192219208252319,0.0677989732168457,0.05613989066633909
spot_0182,0.0037129990542073355,0.003905697924746992,0.0074815866484024916,0.0069227857360667925,0.0819108866474573,0.003902688049549582,0.05398338154260127,0.06363364822446228,0.36520215808567896,0.08929971091416067,0.0363855480765806,0.12544617512099035,0.0038499244676410403,0.0049350253104078305,0.08696925759977693,0.06245852659726954
spot_0183,0.048086337053330305,0.010550560307884135,0.10780205250368989,0.05099572261780605,0.10151775722690194,0.04522627059651153,0.11706550352235277,0.03537884581612933,0.08591912255854166,0.059869733542648775,0.10320491525722583,0.015005734272407738,0.024860454295433692,0.05577485321600193,0.061170824709152735,0.0775713125039817
spot_0184,0.005231403218427144,0.01905008851939341,0.036451410983527804,0.031055867277356597,0.006875993112740883,0.1598179636398291,0.01908928440128342,0.005533624837146506,0.0074184659457401944,0.1026572988012206,0.16104815197992883,0.20781402395320656,0.0053317112161664,0.00598614045003982,0.20269260117396068,0.02394597049003208
spot_0185,0.003677082714074835,0.03238830760748948,0.14029273965768657,0.14030289340486604,0.002771844235640421,0.011785179758895764,0.1288014045195086,0.05265258124804312,0.06122403366638436,0.07049431885590061,0.08321880341036825,0.026642980241269928,0.06976917083200238,0.07593220376748168,0.07366287865780065,0.026383577422587325
spot_0186,0.0043087048187093364,0.22235993987206637,0.09373809900560039,0.14673894905464266,0.06393853057966785,0.04098731419279163,0.021492050880971215,0.010911736363938447,0.0734032282644397,0.045839952677359484,0.06499798951697744,0.02381676798290361,0.08860807503682576,0.028467060691909674,0.010182332024605839,0.0602092690365906
spot_0187,0.11439686609918809,0.01454807990012605,0.16999015329934178,0.040645865844232555,0.14078765947868124,0.004896005805767216,0.04029645715306561,0.005422060570244887,0.05696655888865704,0.0047561820642622295,0.13169439836119018,0.005050904659686229,0.028205488439263782,0.005822817172421387,0.21393962131924202,0.022580880944629726
spot_0188,0.1125855598532023,0.03212812168097091,0.03453262674841415,0.04235385380744771,0.027910990700428732,0.021519008778266697,0.026594791527395058,0.10363310571633291,0.13668903398809862,0.07658042996383967,0.16716018353212297,0.01660828733397156,0.043492239389999215,0.014184954418509014,0.06670952133867329,0.07731729122232721
spot_0189,0.0005455839028591979,0.01962282005248202,0.14020114181370588,0.3018143193031735,0.0005983726007713525,0.004231374863169848,0.08194714916684892,0.06849508250312619,0.02435510123734913,0.056754963932258824,0.08916012295055852,0.0006069831852565563,0.04367132928007804,0.006180360345150381,0.008256740007800332,0.15355855485541134
spot_0190,0.06350952160986233,0.08170083528904334,0.15662925739008252,0.026725894208937163,0.18877019769328113,0.009527400903934814,0.2074712990407074,0.004925155546316068,0.0027504821985203693,0.0029057394763972555,0.023851515420519234,0.03069717570565183,0.015205481468495185,0.007084813714547303,0.17444824857435712,0.0037969817593469226
spot_0191,0.10953042436866486,0.009208510796716933,0.15182784629756088,0.007470378430295739,0.10562758952961514,0.014372178376115617,0.05529398079676521,0.046346393834148306,0.14405354232331855,0.06442436233655126,0.00781336908413128,0.003981725948668987,0.10085318558657952,0.08781593680450966,0.009766305394797918,0.08161427009156014
spot_0192,0.0033311798449211826,0.012524207731704234,0.018089698426408674,0.0740208031052704,0.017996732201149876,0.008516012803397324,0.011089672747874356,0.03928690006904408,0.18431801553599136,0.03719845754465805,0.3305185850981025,0.15994806419985041,0.029103759510755677,0.030266760284377133,0.00695117905534917,0.036839971841145576
spot_0193,0.011446891772588988,0.032336105396884605,0.09354507023849722,0.18367043854031329,0.16181177660406304,0.24201691836108882,0.022721105481112693,0.009386536106040967,0.0013323448272309021,0.001243963433369438,0.1325206057294163,0.006543311968800041,0.017223342411121004,0.01403920382417271,0.06884753652498928,0.0013148487803107426
spot_0194,0.16937431206457132,0.019357353560150295,0.19804818261466997,0.01303704419654172,0.05274229652933273,0.019470140966915832,0.054216348268763155,0.007771715345187052,0.06890859427016224,0.08742397181993103,0.03115429182794746,0.009808167641986849,0.06952701259228261,0.0073146910407436,0.17255123055530597,0.019294646705508157
spot_0195,0.11512935523113292,0.15911928792318508,0.020579280923757968,0.014362881951734166,0.13818932838786904,0.07299790176665664,0.056262654184445884,0.03298635510178835,0.04862422297971305,0.06507913106645696,0.047078530102554424,0.08871886524872265,0.07424744960263858,0.03723973321706975,0.01239531801756909,0.01698970429470542
spot_0196,0.017699551746616252,0.11876773776385097,0.21243721827997689,0.007715309035844653,0.344564190110677,0.004371108819419472,0.004813275309991882,0.003552293839500355,0.1434284664290275,0.07105612824752197,0.004340083946010487,0.018223980701507138,0.007436463351129497,0.0031795997839061826,0.0032423369443284867,0.03517225569069123
spot_0197,0.057149399815324485,0.0710949551986509,0.0409197018930039,0.2271125036221114,0.00514222104514934,0.041576459459086335,0.12981637438278837,0.019469094258299006,0.009026948903145355,0.0026288184013046516,0.10311336163216994,0.028239085694080526,0.0686367546336946,0.06961115880086174,0.061942843427476135,0.06452031883285328
spot_0198,0.2392726652105857,0.005988023984038217,0.0072906640987164435,0.027724325601771883,0.023965077155082948,0.15383953736578723,0.06955945222302047,0.08168473753294916,0.0392826221015633,0.053386992523374005,0.01819022574999849,0.04036663789874388,0.080408017181074,0.054277380917750334,0.016069423441481677,0.08869421701406223
spot_0199,0.004222219589224399,0.07017808277649056,0.0465120284229893,0.14656306754549175,0.012892874764772463,0.12581551637092972,0.045334415180094685,0.0887474462698849,0.0016586749513456882,0.0010433044036067625,0.1022733714024794,0.06660875218520157,0.09749770440461374,0.14525625248887855,0.044350720899751256,0.0010455683442452386
spot_0200,0.10132151886743308,0.04428057636966262,0.12769528519352108,0.02431222580499482,0.051819410818061004,0.010943662985985715,0.01791254089758698,0.1468427497739629,0.015616095149205998,0.16331257401945695,0.10497602256642656,0.01691757695312235,0.08175962423474058,0.01579361710234711,0.011400579330425327,0.06509593993306693
spot_0201,0.07080254560771977,0.01819922600943389,0.08541676478546345,0.011779388927113114,0.16076468652801962,0.11550342101256326,0.1867592167403553,0.027482027558826512,0.15168658523306344,0.09272688143892142,0.004975090034135673,0.033769887007240304,0.009886491614758068,0.011865568229945864,0.009619114138109905,0.008763105134330354
spot_0202,0.020913346260733063,0.01592298533568829,0.16277166146860492,0.054290548366304744,0.03180966806856625,0.007009423976072398,0.1827852586442546,0.013549200862960988,0.046547961917905126,0.1740217548184691,0.04622782119780571,0.033648169939695806,0.1080454427788779,0.02138799683129915,0.012363533111396555,0.06870522642136541
spot_0203,0.0022541281542723703,0.03475545421106652,0.3359682605862158,0.01628920388746043,0.00448072182605842,0.01896353027464592,0.04387179360332365,0.12765869011445818,0.041085749032587104,0.023742856462901724,0.044171073523937496,0.04723606733435258,0.01809787022259456,0.08313457931542698,0.10892935198759289,0.049360669463105356
spot_0204,0.007869441030907521,0.021670904047355406,0.06747188957036364,0.09084699789173455,0.004424020170899701,0.03729987830387121,0.23318921514580238,0.15340462885250947,0.0010119584103079483,0.0012058236268482655,0.08140147832833002,0.004754644588422807,0.06317926451029882,0.05247923979562452,0.1786874828965484,0.0011031328301753266
spot_0205,0.08375890492269361,0.1393880318286699,0.03358735408479157,0.08752831603766206,0.012529823472674008,0.16787970051730042,0.00991348066057793,0.009948756271030063,0.14042061959838037,0.024499885591943042,0.06622123941991431,0.002333110089678798,0.03355668460908507,0.03504905398382437,0.12239754450990363,0.030987494401870833
spot_0206,0.08654916481671343,0.03858436009406461,0.09934395833864823,0.03359935980426429,0.2589167615508739,0.005191676094347863,0.021972032243075087,0.04927800262967071,0.10496803175587877,0.05656924637735861,0.03675200437430586,0.007796953959737924,0.01256377152351212,0.008466703813941366,0.0299624541925182,0.149485518431089
spot_0207,0.11740440316987258,0.006657831279327416,0.0045139210721427256,0.07174147573652226,0.023188251672259724,0.004009736310682147,0.056122710323079264,0.07672969593139933,0.09857539603282293,0.05730394556884847,0.025749420891588305,0.20512986410657383,0.1271047289791649,0.036624909081009384,0.007699904293797694,0.08144380555090902
spot_0208,0.04370557690606871,0.002789161418621777,0.0023559023671438865,0.036971750847827216,0.1797099364465247,0.003345539775468086,0.03159746520979695,0.12100262744121687,0.025570884111045286,0.010527402266327061,0.1775922868500553,0.04602307858340344,0.06192642152882196,0.027883721775892736,0.20641468812082442,0.022583556350961646
spot_0209,0.055012872705670304,0.016681486628437287,0.05164840061002342,0.0899759681407746,0.22797016103964893,0.03060385486763892,0.10291610120794942,0.006427109260233628,0.0011710247011520218,0.0017385350380494011,0.21219728228887108,0.013346618577275317,0.06819939961516346,0.009895405133009854,0.1108391480455068,0.001376632140595549
spot_0210,0.12904835019743072,0.045293463033784724,0.025393647224664997,0.011479467568196604,0.16667958461049018,0.06959006849943428,0.006288270572499873,0.023077306664829083,0.21263009993346205,0.016093115100099774,0.023256264875959203,0.028491090141412,0.06974259174388517,0.0875977160347878,0.022302640859207277,0.0630363229398563
spot_0211,0.20241075902825717,0.013995940813064132,0.10051947315202205,0.011585707933303492,0.18772935802223506,0.13178804054542542,0.02747566934909353,0.10460391613845772,0.0008898830098396474,0.0012680499009682727,0.09201073438517354,0.0127994475961317,0.04266909884650914,0.019570259828067826,0.049849000422607266,0.0008346610288439951
spot_0212,0.09870251253116985,0.10221507363118273,0.011180082502552185,0.11838329491545391,0.05194244733427903,0.018731144868565038,0.02805484093670023,0.07426962860891212,0.0957324172034088,0.0445150158479833,0.09321586129113914,0.1032757491247488,0.03742118191664615,0.020483858241992323,0.03798642288355735,0.06389046816170905
spot_0213,0.020214513954330382,0.08744548673017453,0.08406992682858193,0.1334799180975044,0.018974053638452712,0.01125508766213276,0.013243419058664914,0.10725506008348203,0.17519209106429143,0.004594438317873997,0.017163703424714943,0.08935889993978045,0.0440265594003005,0.11306976275243255,0.004756157609558657,0.07590092143772383
spot_0214,0.13290543245989767,0.1459634227623852,0.06641791193132804,0.04671476404546238,0.003991991033506776,0.09869839535055817,0.028939431196982345,0.11440001156712225,0.020678911081599295,0.007746452602486539,0.011220725682875327,0.06674839479126729,0.07975614842102217,0.06455230772643461,0.03917673550423247,0.07208896384283947
spot_0215,0.004988568155871908,0.023780226004528438,0.0135191644750447,0.17423988560004494,0.11528658886570646,0.014638811500815568,0.11668824005271063,0.18457836632902194,0.055929196428406054,0.011872512355445826,0.058632191383635665,0.004173506372710038,0.0460713158554033,0.03851012278613122,0.057854800887402406,0.07923650294712092
spot_0216,0.0008802568806935495,0.013198798246979762,0.1933074083709454,0.03672699326016885,0.0009853087669032389,0.1654360467614452,0.07716040549153112,0.05373959818695721,0.09168701984549256,0.05245103581246736,0.12523347195587942,0.000828926905742317,0.04674518016082546,0.04829996248435228,0.04795027624800429,0.04536931062161199
spot_0217,0.151792758534549,0.014336248633661508,0.038865514035011046,0.020448341275272886,0.11122902541151694,0.010245772395052772,0.0426990094383407,0.10530441299784143,0.042680858430620326,0.10903333749985364,0.13524295012882312,0.021941303468052006,0.009830647528227833,0.016315497034199627,0.12944722402028722,0.04058709916868996
spot_0218,0.015792445023823078,0.27085300505547666,0.1065657437578624,0.05613586524445258,0.06085978422284701,0.10995161818987953,0.02111585829952264,0.030209359587467486,0.015531995050589404,0.07322811620897805,0.03233642965215759,0.09617987826677159,0.039537516438864086,0.010660514392507058,0.03563648172310263,0.025405388885698207
spot_0219,0.10960369782155824,0.043055700289980084,0.07697548535209588,0.20600375677844487,0.0062595686696472926,0.01376589366948608,0.2033547724639867,0.048990641553851626,0.0010652917316855072,0.0007192920199935412,0.0904271123475976,0.03896160864033658,0.008045234944293463,0.04665952012833987,0.10496253415201513,0.0011498894366875315
spot_0220,0.05858346948126082,0.0036540802807866254,0.0037719921651309467,0.006713251936364974,0.07367789276756138,0.055994211540710145,0.07523821427690341,0.17261663560928556,0.009291126888420534,0.044412873352639555,0.10297481076828527,0.0314562982807003,0.009269311834699156,0.1712870076688086,0.17083359413713148,0.010225229011311215
spot_0221,0.00073013642805251,0.012993687909410743,0.21222839369989407,0.050632684062134364,0.0009932375462170554,0.10945646180657558,0.038717972867225926,0.025679794653218683,0.014739142325100311,0.17654540613643843,0.048286247001620944,0.0009024437457665816,0.0504990833833662,0.027282592512107032,0.13677950855078097,0.0935332073720906
spot_0222,0.12230835856891394,0.0062403515240026354,0.011679098609342917,0.025540350889857902,0.14897582829001993,0.006669026035526762,0.1325395469601664,0.042218793605099766,0.001004760165341164,0.0010900861725783488,0.2156286888751386,0.018734738376996914,0.08063530218028676,0.04101794300790497,0.1447360140094577,0.0009811127293652398
spot_0223,0.007320515968716544,0.02386848225728673,0.0170856647874708,0.026377352807798723,0.062840371679276,0.1484076475453932,0.006328933649252301,0.011891802923067012,0.020534592099528893,0.020406007005290196,0.3009331353605205,0.1712536229800704,0.010785395468423,0.05230585377006715,0.04785806590688362,0.0718025557909549
spot_0224,0.07280710961888101,0.05788701233269961,0.06174702297545292,0.11786790419522515,0.011971940609776152,0.003076446785006335,0.028668380551447516,0.03879740836742267,0.13136606131302683,0.01770554203216361,0.08348211998531531,0.08921976770172188,0.2480982170723961,0.011954698054412285,0.007282685156152872,0.01806768324889974
spot_0225,0.07212194428474726,0.09911098793132499,0.15584451829426493,0.0193649536994848,0.02093588385529949,0.004015389457373491,0.011932275200998778,0.0034758267855152466,0.018486495451750264,0.11634355258891745,0.049309163786413285,0.2614962476839749,0.016497996717371337,0.003941885949468177,0.14242113594146633,0.004701742371629303
spot_0226,0.05550152886725429,0.03729198888804272,0.05548350943855222,0.07614013388454713,0.11055211700856547,0.19210250350098462,0.046904940207422675,0.041829757423528034,0.04339487939011026,0.005941637995096361,0.16752535133044652,0.022996844984149147,0.01067707821070576,0.030512418677648773,0.09699571760218313,0.006149592590762864
spot_0227,0.000570584634867143,0.05232617522361485,0.11309887633953788,0.058414595773142175,0.0006106015060496786,0.0029959820523588797,0.044932013255001534,0.05097590902701246,0.32781638058951973,0.029801614063607713,0.09193620267982713,0.000544104919348772,0.03142482003291899,0.01282816330370698,0.11122902811940846,0.07049494848007762
spot_0228,0.01844955180818736,0.002095781740971103,0.0016323209606987131,0.018899036157395608,0.017243413510467723,0.024735354140816762,0.03462678053330266,0.15050762596983835,0.0829285487714656,0.03866200483678518,0.10993983158276889,0.06083102358239806,0.07950764773381246,0.14640738319034627,0.06661068939096446,0.1469230060897808
spot_0229,0.00034917778585281267,0.14600507994161144,0.041287999685766935,0.03522382486499747,0.00039944742393528183,0.032046048883951454,0.11905749344147393,0.11832635000107566,0.044249593847546856,0.02978660500023019,0.17116289286134434,0.00043217038035605384,0.009623645015123862,0.03616192814613879,0.20928415786256782,0.006603584858027089
spot_0230,0.06690270106388813,0.009802134558500776,0.11447777968926184,0.009195969320470437,0.02383995396075455,0.010454800115173813,0.029058675915800258,0.06446080063232643,0.15872803131296717,0.02285122975516249,0.12721745662007722,0.0995327423510393,0.04056435698629673,0.024348184313057106,0.1595176105222837,0.03904757288294007
spot_0231,0.0035140249362415397,0.047878649579841205,0.0863290614034732,0.017544608752124963,0.15789880052369148,0.0903188924551411,0.041021024343638586,0.0771418361423762,0.12257161869316488,0.05427157333875236,0.12597961942064884,0.005994093154666995,0.007356702308063593,0.08147849257917031,0.06463089350179128,0.01607010886721345
spot_0232,0.0009043580836731346,0.10980232238659254,0.04497217816909509,0.2531131992343356,0.0011175358465680418,0.11909679475425713,0.06974806027427556,0.013510211516982779,0.005780200738550491,0.15947350652039077,0.11715877603162682,0.0013226043683117286,0.007675541608676153,0.034821816756899965,0.04026744258575271,0.02123545112401145
spot_0233,0.0004941475730900352,0.16275070290869623,0.022564799593181882,0.02206005037501542,0.0004990565383716058,0.014646630877385934,0.08638348726956974,0.40662040629497403,0.0021149566548824845,0.0017084610446725006,0.020663100475793804,0.0004162248791657494,0.010431791870589416,0.04905170803433334,0.19822967809318562,0.0013647975170921853
spot_0234,0.0007222024804196025,0.004121917445632904,0.0033739958469819254,0.13419470965013244,0.0006841190549528695,0.003484535435623028,0.11124754956573579,0.1227714465193848,0.03667511794826279,0.13740101182698145,0.11642864197786663,0.0006006392596590341,0.12859173496385023,0.02628362333862069,0.01074915457134895,0.16266960011454684
spot_0235,0.3522092387965766,0.01642561224085828,0.022450362044396148,0.02179812190475655,0.05981074756483841,0.002983130530493287,0.013676113578442593,0.003432943848775352,0.17839848774293196,0.09076059411604673,0.012933046034250249,0.04711320669428952,0.007155046974124437,0.004481895341395751,0.05720026352023734,0.10917118906758679
spot_0236,0.008601452746639723,0.0835622598999857,0.007390643853652403,0.046642539875256656,0.08840011376992117,0.10195830971342687,0.006452537898190906,0.026337178214836922,0.09520522165562699,0.2565797039063464,0.020818186020252004,0.08771480092320506,0.04313557103865327,0.06543947217797225,0.004108244431437362,0.05765376387459636
spot_0237,0.06572959279197248,0.0381234970113526,0.06882474815348391,0.06894547919826813,0.017549642984939096,0.06654392923251681,0.21053335172834933,0.06695947587997454,0.11624155964256727,0.01776544097463603,0.014056167080615817,0.014443709455199683,0.16271081624004669,0.019962841541707847,0.008609461828937605,0.04300028625543218
spot_0238,0.12439210609641116,0.01708028048846405,0.012193951532101418,0.04174938243161382,0.09032461927853841,0.025435199523691464,0.0427813250396734,0.0718637982047418,0.04475167047827253,0.09385157017390079,0.19951925570485546,0.03656201957993505,0.007664505094311396,0.02345415972056862,0.14059698919757485,0.02777916745534578
spot_0239,0.04409319244812039,0.007340928686007106,0.02311313274757629,0.023100752338364464,0.1391744462585459,0.02264465073639891,0.0946407083383927,0.2072588543638966,0.039548135005540164,0.009914569778229122,0.059741204159270325,0.1344718823554491,0.005196634845087263,0.01875229419459865,0.13491019888946168,0.036098414855061337
spot_0240,0.04209988619951772,0.030014791130655867,0.03530702923026871,0.15265958978568905,0.04275759473188376,0.019396224638947558,0.1397565179919362,0.17754797212123674,0.19898647194284924,0.052089355967321165,0.026594697247617892,0.01452971582690241,0.014837163192198162,0.017082502842019922,0.018821760018728203,0.01751872713222742
spot_0241,0.09313620629116995,0.025211861482292465,0.14502399932545823,0.036725204097242545,0.0310538763588173,0.10863500470764464,0.015249566501533918,0.0415224496542462,0.02664989935116577,0.14528791688549275,0.11775569046838574,0.005008331550076051,0.01945204914551321,0.07172141502909284,0.021205895038726788,0.09636063411314158
spot_0242,0.001138376365325684,0.05361563902676184,0.19510523907820332,0.0364539701601496,0.0013861528045990001,0.00953306951610817,0.03897615770304974,0.1346349763887206,0.07727212103842959,0.07860494978420643,0.04431647144655933,0.0009880641236153997,0.10930010417957908,0.03968723259052705,0.02299986052847175,0.1559876152656934
spot_0243,0.23296489378199497,0.1459444083449612,0.3156375215838358,0.005930964080388455,0.08905164309322929,0.08624167182672399,0.005324282898588085,0.01788230797497121,0.000945445098296846,0.0009728293269596278,0.004442651413592575,0.00916030031991679,0.014396207529582976,0.06600133833931958,0.004036810461709233,0.0010667239259294016
spot_0244,0.11629037181698713,0.008957502835019048,0.23573342425664157,0.008900666665668756,0.14050860456358102,0.009145578916111063,0.06517730480074697,0.019011481298856495,0.00702091177565201,0.1470425424936773,0.02637130759577957,0.08166310984703612,0.008416133352424278,0.013329798659071503,0.10485840950347629,0.0075728516192708805
spot_0245,0.11373899867737083,0.08216609619802138,0.14640537303404602,0.025825804674272073,0.11423495681962631,0.023029450276937386,0.08765891366241295,0.11295662925404813,0.10742967266550131,0.006235002458369755,0.05070135101798734,0.030040017854848902,0.016581278913318787,0.017821182175192816,0.05206908229267799,0.013106190025367996
spot_0246,0.05147231784399203,0.012645215893621609,0.17535798721578594,0.046931950803586434,0.17091486043091464,0.005215574097267501,0.06788355389189883,0.011070068985733858,0.001244063996829881,0.0014662563188697416,0.047457267837489304,0.18959967163046634,0.1555530214518726,0.006497063092430385,0.055338251674419935,0.0013528748348209578
spot_0247,0.018147408258650223,0.016702884018175313,0.008919106640618173,0.016401930864910538,0.08568305906337026,0.2919169377107803,0.08556697538175645,0.06300838056010667,0.0008489463585299441,0.0009187151619651008,0.08425669321625585,0.10988699164977966,0.0109892967172138,0.03202316139912195,0.17396890377984878,0.0007606092189169669
spot_0248,0.0976317863877788,0.13602858441714402,0.06436462289227998,0.013104726812987908,0.0996314609687705,0.021038567161388175,0.04442353960505592,0.08170401429583313,0.11308095152746946,0.049989162861038355,0.005734403769806735,0.13488584251924896,0.007584343535272392,0.029766477530053098,0.0386747652010906,0.06235675051478198
spot_0249,0.18795703010219064,0.13462978807582865,0.0470218317358471,0.023204927009950943,0.007414299493791437,0.0018351580739332618,0.02250846037575823,0.0035940212030377587,0.23262659579735642,0.10548997362318564,0.016677514916427702,0.061493744293228916,0.008425304836727033,0.0028697093646700756,0.007746966841063278,0.1365046742570029
spot_0250,0.02036575424656138,0.04568753316018775,0.21460172875082364,0.09277285925521582,0.014679524726606842,0.061093119988160305,0.09994304379903131,0.010646430611154266,0.08605412442622573,0.015005158261347797,0.06653878115158463,0.07515299826769213,0.009590888134346902,0.030074482233736113,0.09767981170398427,0.06011376128334116
spot_0251,0.1829910932650516,0.05859511231418295,0.01227835155480257,0.008071913355292492,0.1477517841644711,0.026026534248335155,0.007151818604491673,0.03045170692693539,0.33331300387297164,0.016049544727938115,0.008444305537167233,0.03933129396109645,0.004108920807350231,0.021295945740251076,0.002914122562349565,0.10122454835731276
spot_0252,0.0014060810691835812,0.008227353710703659,0.005601425799210846,0.25489771419738827,0.0022870418644625125,0.008065012171649217,0.05077369394593559,0.2716490631215621,0.021180399074396346,0.016714115723853274,0.10333660651241763,0.001087698446578275,0.07214380673605078,0.15418659806483126,0.022059273066263426,0.006384116495513228
spot_0253,0.003162292048231991,0.020368174102818663,0.027759035920140628,0.04320273741890828,0.03865492017771071,0.025197148806223486,0.07956469270952515,0.051333763407689983,0.08503938360623611,0.05818858954872881,0.05922824844256343,0.1999087769817931,0.07809977016001181,0.03438931378630373,0.13709124202249703,0.058811910860617087
spot_0254,0.1673509701544345,0.003925986549117601,0.0034987297570253147,0.022564616918925275,0.020060651927135433,0.008964001230040845,0.01816083951011034,0.00856110837140385,0.1702986554808077,0.07093854403384206,0.1723212581886428,0.04078044702693968,0.04877012395393445,0.030584698164889762,0.17410532410561114,0.039114044627139265
spot_0255,0.14963113857756416,0.07756462663817881,0.21673021068860396,0.043346790794701495,0.004672395107268367,0.06863823226949979,0.24173410440314844,0.066432691827185,0.0007312484860043247,0.0007130223285286655,0.010678703870176736,0.002437118095327165,0.06946140732154765,0.03636009814529646,0.0101504523106825,0.0007177591362864823
spot_0256,0.01163849788658663,0.003247557259216687,0.0027048473615521418,0.01012744623512233,0.09562025470991778,0.01336351033900361,0.013198826349491254,0.1131943495140152,0.19896937592586322,0.12089487429858656,0.08209485236026577,0.03458807949576046,0.034259773951170705,0.1061887366750335,0.095002476644665,0.06490654099374912
spot_0257,0.08132638885851738,0.028989949857585028,0.07100208730218353,0.042367292676606744,0.14773836028813625,0.010106479193449223,0.04291029354091946,0.04445035990739429,0.11190403455759311,0.09093156442546022,0.014632560233542062,0.10045862694340182,0.13405653868901335,0.008211152084763123,0.00375456257888054,0.06715974886255385
spot_0258,0.014126784034134823,0.08844737704505418,0.0349448443825502,0.08440500213155608,0.231083272186106,0.04922522093051986,0.01831774835378683,0.007248313069172236,0.01953669489393879,0.09403447208728162,0.05736353343974722,0.14574682443496936,0.013166525889973519,0.030341975109141217,0.10361376466655127,0.0083976473455168
spot_0259,0.0015018108063283898,0.012494780354743587,0.17330401352226116,0.009534903232993006,0.0013079253834813488,0.0085018242191942,0.032611036730513264,0.04153040650915605,0.1590589930144689,0.035890827338037015,0.097464700100128,0.0019080617725861803,0.0054676288961335645,0.02577154168170517,0.37663859890971907,0.017012947528551085
spot_0260,0.02475127773928632,0.0062091849491787785,0.07388194864719548,0.004590979839566486,0.08368287240470831,0.05600128822472362,0.20748046917480198,0.02330300011731232,0.042521078239638556,0.08095250772078416,0.003089228370902415,0.23312642103646913,0.006562905691649953,0.05957795410751057,0.01091914628889474,0.08334973744737718
spot_0261,0.00042484266981799364,0.04399618139151178,0.03144261988078799,0.05803844919151523,0.0004916344593037253,0.17884920570884907,0.10195136693363248,0.06815539627865301,0.06893778124219142,0.030896165514040067,0.027909388595508164,0.0003621961403390645,0.06340248603740146,0.20456523271448002,0.014634597090474367,0.10594245615149417
spot_0262,0.28337813680895757,0.011558259736230753,0.053276572364256605,0.05506692852556336,0.022390245341273755,0.04867239269158628,0.09817389499635494,0.11344766289059305,0.0004961755233215714,0.0004099061424235311,0.05950531197862611,0.005899252584245216,0.07435361296218497,0.0256859617005513,0.14725891476736483,0.00042677098646612703
spot_0263,0.04460105148951516,0.00795838487228063,0.004873031003082236,0.042311938250970266,0.011780278228081368,0.2010662817385631,0.009843545984549344,0.006860827051916558,0.11183445951332656,0.2602370084229184,0.0848144384927065,0.014868638574911783,0.01424166778437584,0.009587663567225894,0.01608749209089872,0.1590332929346776
spot_0264,0.007418660953316515,0.010978489470491888,0.02319665879976718,0.038084706052732877,0.23630397484915924,0.12189213330637635,0.09502822094500264,0.048732768680124536,0.0026754514125121582,0.002278913150925098,0.05473996630904748,0.14686924105614266,0.01867772709650666,0.1339063194183384,0.05588151442115591,0.0033352540784004066
spot_0265,0.02958364741148947,0.02000045919905731,0.12478923067343102,0.0667355117133347,0.07296684355785736,0.01770381437285344,0.041524463307599346,0.12436313266590311,0.009611046458390017,0.1313113626909057,0.11900914293597187,0.12930916055409794,0.05507868473914786,0.032854810577698366,0.009248262646220886,0.015910426496041602
spot_0266,0.0014593453331171078,0.07028571423101414,0.014950129220043552,0.1025884534525826,0.0014491565504845436,0.12897076054230394,0.018130225754275864,0.008511747769333168,0.14609496414679984,0.19479314938649211,0.17135364572743172,0.0036631210283129437,0.013656804544668874,0.010991382249495031,0.048790166566504374,0.06431123349714014
spot_0267,0.006792892714547662,0.014293140921518788,0.22424874109476547,0.006202897257786333,0.1730756684400342,0.03982873153427733,0.14413936606923677,0.13821683099226725,0.0011056377966457464,0.0014398037282047458,0.004982634577448626,0.137277221816717,0.005415752656357886,0.07363184341081003,0.028392657022022996,0.0009561799673591527
spot_0268,0.0006851208218150329,0.02498435948768196,0.06348128984482325,0.1371728768017021,0.0006807884632235978,0.004152962583292741,0.09628036853716776,0.1623745509168715,0.059601268777908126,0.011064761029207155,0.12031561511524792,0.0009283246866473312,0.060913967775886375,0.03048901301130452,0.14899483913088632,0.07787989301633431
spot_0269,0.04841782356837133,0.23074840060439022,0.10967628858986211,0.10441099748974873,0.004793663965492001,0.049338851421073075,0.09287726710349821,0.07883679184160998,0.000862053644226488,0.000844689281144701,0.07298599074578463,0.06468287370008946,0.04135635884013161,0.09469845171013197,0.004758332699228356,0.0007111647952171179
spot_0270,0.03434199601683831,0.007725523950480886,0.02886267151592317,0.020703511609117195,0.011542525649493755,0.012800752905132284,0.05120499690871901,0.05244088196535732,0.1772360235952272,0.07137834254739672,0.012548818600738441,0.16798067170892617,0.14714604630377198,0.006337156275740083,0.0336682064685691,0.16408187397856835
spot_0271,0.05796474549492799,0.09117394605896495,0.026363318966590592,0.04207600943773731,0.012461737569153685,0.11080291721170013,0.10774689458743081,0.13040505202322442,0.00092540264417268,0.0009887568406639223,0.10274110972907995,0.007266344897932866,0.03604889516765436,0.16086544667046346,0.11135686478305866,0.0008125579172442254
spot_0272,0.08335336461836414,0.027788113563659747,0.05164483356512596,0.043510718068727486,0.13270190867479098,0.10845560514268236,0.09258486567355217,0.04108099212878376,0.0011132814427443135,0.0011976912896634036,0.035242812131900864,0.20582298470023125,0.0050676678343619915,0.021075375333927678,0.14844858044056433,0.0009112053909195647
spot_0273,0.0004884326176596078,0.0061709520090363025,0.007200740634086217,0.06534572248826971,0.0006206942708457758,0.008025197005108866,0.13545190088881087,0.09590301391903241,0.007188105508693879,0.11034862129868526,0.039730745800647255,0.0004695775001565705,0.135869651633162,0.09746440149292568,0.18094145077779553,0.10878079215508404
spot_0274,0.0008079335332903118,0.026952292607602357,0.10991741929007186,0.024500482952929614,0.0010766297592918136,0.009716155132561636,0.16302922365521508,0.24956273397006248,0.05289375413283862,0.07445532430309068,0.07380426253652322,0.00085551591955064,0.012880896230275022,0.0644370794027645,0.09182575125930333,0.04328454531462883
spot_0275,0.0018521117678246735,0.0572690590777155,0.09529188606166455,0.04117046916387823,0.005974825799329155,0.005637182069471347,0.09584964053020659,0.07155047856027077,0.04396369435658328,0.031801314928548305,0.10304949133857216,0.0766565812531506,0.10068864690431549,0.024211222072168154,0.1057778717087451,0.13925552440755606
spot_0276,0.0008967668757664459,0.12206679069677119,0.07634237776268016,0.11303190409207226,0.00085765723305796,0.045975335170060944,0.20956632806722353,0.059196999263265444,0.004687691711425297,0.003920675985029007,0.05763474151961946,0.000740113863543239,0.014892070373302263,0.0925349458948678,0.14241413018786692,0.05524147130344811
spot_0277,0.010868229686582164,0.04607655524642122,0.06577057495165137,0.22666101618677414,0.022937405665032235,0.0073642059219534445,0.010155066286964349,0.010312204473576255,0.07883858831471459,0.015718011940078973,0.13172317333399772,0.09131964691653213,0.25650210119428357,0.01764637411448766,0.006247028471541736,0.001859817295408472
spot_0278,0.11953908815067156,0.018447570348243403,0.1822552574489766,0.07363429336574755,0.002526331675724285,0.06382560934404218,0.07954889756600195,0.0814843191974975,0.0011615966624068227,0.0009867375418169456,0.1790375359825057,0.0035017812183217797,0.07979558164650505,0.018847178307033374,0.09381227782354117,0.0015959437209641402
spot_0279,0.011472526556235468,0.012373733286188078,0.2862760012371265,0.09076519244930097,0.051563819249254766,0.007224030566177775,0.1422444640169369,0.04813753004941654,0.0012468509691346973,0.0011218736570061886,0.02306532644149267,0.0024260117158996387,0.1893350691903663,0.1187898499785569,0.012695632136052327,0.0012620885008542946
spot_0280,0.03494205755859751,0.026557122276915417,0.07688140143060969,0.020249296798601525,0.13437032920360237,0.18811256760050596,0.07371654526570079,0.009667210630131474,0.04355130412489525,0.01785333760449721,0.09266127108491129,0.057375035532723835,0.013807254452030435,0.03625772990125052,0.14231748171764694,0.031680054817379774
spot_0281,0.010610251244254458,0.05180393894232417,0.04701588526243944,0.16230508737400093,0.07928305836260988,0.01623578448097873,0.1501041177163873,0.03824366559475553,0.10785942840083673,0.009150095401061932,0.10898706278573367,0.011460217293300438,0.10017216195033338,0.018274954012084094,0.04028027824055424,0.048214012938345124
spot_0282,0.0024491228559755454,0.0462106008969673,0.13863419102727992,0.029626848370610973,0.003732731507948833,0.050414876206591665,0.11501317846740462,0.035244016503684986,0.0338565078229558,0.08037227427662048,0.05698729103165299,0.27838724233975887,0.0073379792860621415,0.07152805667555037,0.026073088113246105,0.024131994617689428
spot_0283,0.014335205453601915,0.004583926381216404,0.004092869313258186,0.01362714491742021,0.21765100654153635,0.02040196541347645,0.049721675973669215,0.009003934476599716,0.06864863880997737,0.04989567718866996,0.06744757958698434,0.2602142386003827,0.004356730711020739,0.0071335809471512615,0.033716578436896835,0.17516924724813837
spot_0284,0.07180993946347905,0.04368098449364297,0.00715917403094486,0.01734278672596095,0.12007086731061843,0.30533872620303265,0.011100290608848993,0.07615824458088055,0.0056454397355473005,0.08888042106307333,0.00631467057501522,0.11588601790228197,0.06664796428218064,0.05238516713058665,0.006887149006187971,0.004692156887718457
spot_0285,0.000989950919785475,0.022670950059807484,0.043092195053103306,0.03686788528966602,0.001673379927556223,0.0033580841383268486,0.19718015785157497,0.011688254853482351,0.08379794113227974,0.1239311487256776,0.053879223968661794,0.0012214927712060652,0.17471504338379068,0.005797733945175796,0.11733717276263984,0.12179938521726578
spot_0286,0.10269346861246068,0.016020283584524713,0.018380659974497057,0.2686588001003208,0.13902892263597635,0.006812253058416772,0.027464660911428417,0.03981903311292812,0.0017324197955765357,0.002038749256251211,0.07826853288228591,0.12055577349883723,0.10084445187647488,0.016261093758773933,0.059986738097004604,0.0014341588442427877
spot_0287,0.06213820684997979,0.046671347184993696,0.1149710142203208,0.010930247952438648,0.19070802053349734,0.03199856178503254,0.029729464177485194,0.007004708016827261,0.11637009977504974,0.051662160374322655,0.07741706246423546,0.005708114444673994,0.010306879364851872,0.006892108384124243,0.16829978513863245,0.06919221933353434
spot_0288,0.041545716006366605,0.014979882093182063,0.01467656074337788,0.026332398724529058,0.018870387958807813,0.12986158362245045,0.026882319432341636,0.16928605988944806,0.0010177447482134408,0.0010079051604837332,0.2675515046724785,0.12439325386920853,0.008389489382793136,0.08262998793868619,0.07150694886036756,0.001068256897265363
spot_0289,0.10849914413315721,0.04585258681543755,0.010218609509542254,0.09839481047971027,0.01959960749773596,0.07532140047565478,0.057607427587645026,0.019846251663045954,0.006097133332118172,0.026729373219301654,0.13242659270556786,0.06854291907529345,0.23264419303719008,0.02442138933016759,0.05309919040960419,0.020699370728827982
spot_0290,0.14305566179493454,0.06942519201773951,0.25701398826258415,0.09644543550289203,0.014522525586351538,0.002356089633103714,0.004806482314178929,0.0031445537998479587,0.1233284429995955,0.06075879587595309,0.006932827327443968,0.12494664684007624,0.035238283827898426,0.0026827569218513246,0.0020173258898231045,0.053324991405725976
spot_0291,0.02584810536776185,0.006377309452669343,0.0037228353984351367,0.19265978036139178,0.057769434660470916,0.00992462387896436,0.01205984864244734,0.05224686688943449,0.07643668910874978,0.032923097768832975,0.12601113803154623,0.024366567689472533,0.15657308450442498,0.037030475588296925,0.09570577091494682,0.09034437174215458
spot_0292,0.019057152865613457,0.10409925228271907,0.1641307587134181,0.019199169246440183,0.23223485718384657,0.0019629420465109492,0.009488349979571207,0.002441361499264159,0.09708057062212425,0.016696115438647924,0.12566490382660336,0.07875864600893114,0.01599819235713749,0.0019163923079849384,0.06551117827263414,0.045760157348553085
spot_0293,0.0027774367830172525,0.008340490343099036,0.005562258117990103,0.09326672788310242,0.0036833520846861786,0.031136224633930832,0.20415934521148274,0.050267659227358645,0.2207206453079363,0.031488329522658974,0.03105766379620196,0.004707430642076895,0.15779323128041214,0.06546066688331417,0.020288106426836896,0.06929043185589547
spot_0294,0.001040150621202037,0.10403119223582864,0.07688876589677605,0.10591025521758288,0.0015850470970272556,0.04907370141069113,0.08563336520444309,0.1146260145449007,0.09410235069329352,0.07883879759482693,0.04684719338163707,0.03363647563224371,0.014826825037159649,0.0609364079655689,0.023679842993525976,0.10834361447329242
spot_0295,0.0007394562271634565,0.2031369443475091,0.09365231114454757,0.13958381446061247,0.0008081110468513835,0.032822212970606966,0.050151860098090896,0.008075596758649417,0.03955512161485164,0.12437718008707249,0.06491462723672296,0.0008416484540023184,0.05648184562357538,0.00779197954585729,0.10030831724845583,0.07675897313543081
spot_0296,0.15956474584352698,0.098660336417214,0.12040742332064863,0.04176186514087663,0.14019136212494404,0.051198681486909516,0.08760816847237735,0.046141745324902964,0.0011971957998389577,0.0010299165366191886,0.009664414020591197,0.03149843630388411,0.1656683365262792,0.04091298961376735,0.003548249099740128,0.0009461339678797693
spot_0297,0.1108553309148698,0.03468070225090342,0.05557136871036941,0.01765484015320902,0.16853266007729234,0.0344818230807338,0.09079034441517742,0.029083092302344505,0.09736542086127929,0.00395834440789024,0.028487358283131925,0.027656655430147836,0.09186692094565205,0.12974025410233556,0.07091687585329014,0.00835800821137324
spot_0298,0.04276574664388717,0.01505625292315559,0.0716628400758472,0.005948446118044738,0.1997451248326917,0.14758930923000993,0.15231860784768872,0.10016966066730419,0.019726508874137003,0.01300585003757713,0.004990400369154307,0.09860098895373398,0.005294687834344679,0.030157787937438688,0.00883787289312698,0.08412991476185801
spot_0299,0.0027152320360962416,0.010480013787878727,0.009814157421337765,0.014791726264313675,0.12403315536975779,0.0351851342419544,0.013193420300603189,0.18005769946905076,0.12763847808680015,0.005384198586643263,0.141760422752191,0.06131642092539208,0.033419891158780544,0.120466924612497,0.11588313058450508,0.003859994402198359
spot_0300,0.09404040509404092,0.053613364280022904,0.012493335327323798,0.05987029741120718,0.008489603664127977,0.008492826299750863,0.10460590709349213,0.06550697199422793,0.048343695452833846,0.19877330131199844,0.0575495480633377,0.008784602719567231,0.02390191798722217,0.08582111186272388,0.035389743948185656,0.13432336748993737
spot_0301,0.008035594079850375,0.00649325834090449,0.005159065010044525,0.03645001335078715,0.017011089198127945,0.005561297042271474,0.05479514359215729,0.016568359240350456,0.019824634300954824,0.17811212725378864,0.054024355119131603,0.21134342276917079,0.026399855878323927,0.007252346741420182,0.20946422833124786,0.14350520975146847
spot_0302,0.08908463011660403,0.013123184646410744,0.12781649292865616,0.04153466475974361,0.08481187268463262,0.0040071465774663695,0.0462281659109147,0.06443394406343969,0.0438152943428914,0.11694054312114911,0.11184264995273042,0.02148702128068655,0.01717945155619155,0.027753875979701966,0.03499715332349026,0.15494390875529082
spot_0303,0.050588577709217084,0.006280138731172442,0.017945245286412913,0.011559484327386654,0.028115278285796345,0.20495876404484684,0.05284936552502391,0.13931345290219826,0.12081525726535644,0.01620844569231325,0.0684031469011836,0.048588508337692064,0.021156848319421193,0.05828269930676563,0.05870890277933621,0.09622588458587718
spot_0304,0.10058375586382302,0.003652338448327371,0.004971593378100587,0.006285141814959523,0.011803235742797352,0.1266736789561655,0.011655104395741632,0.04451905754880031,0.052521604609268524,0.1766600348037299,0.04914277122651388,0.1662805077861951,0.004567171242734063,0.12239372927436276,0.0687343711059284,0.049555903802552086
spot_0305,0.19656709499100544,0.14883821021533136,0.0803629056739826,0.021894769589540376,0.02043358895106791,0.008417088702375765,0.11835176647171139,0.1358424381868116,0.00560176728839205,0.04271931155573405,0.012194372541409287,0.008484926636388314,0.02021177873602927,0.07359105756332684,0.10054045800894755,0.00594846488794617
spot_0306,0.1885180595857032,0.1631946372755394,0.12832754646681438,0.016545510183182933,0.12239295838995701,0.00983240738536542,0.10425534312747461,0.14589788217194222,0.002148782526906735,0.0018529802267628736,0.012268721652479895,0.014448817070927333,0.015161394006595018,0.04526429318305122,0.027901627497465144,0.0019890392498326174
spot_0307,0.004019047246786,0.12754854420208003,0.12017943391019434,0.11501519192928406,0.004779430157908681,0.02340875693450114,0.015855894998851008,0.03432107301284171,0.009087744503110819,0.11384227867072436,0.057476513994617444,0.1663115714133798,0.02351295934415731,0.07457207278048217,0.027460255976631397,0.08260923092444973
spot_0308,0.09537973521214352,0.03995375448633638,0.06856951557746264,0.033249415066236784,0.02250046848801562,0.023146783717759415,0.1990711004834364,0.09574933713765296,0.19660661817882705,0.07247979623848327,0.009707167010968758,0.006232198607611651,0.01755594341927033,0.03359074688971874,0.010712039000749362,0.07549538048532713
spot_0309,0.21862195641086038,0.05932696447128964,0.05181464699875778,0.020975799151801,0.28120790785538485,0.04613558802220039,0.0424924603556646,0.0314626820697089,0.06421792899439788,0.01580542704506298,0.02529916141250293,0.022199711730155402,0.00787506500690451,0.00930622659858939,0.08854688414952529,0.01471158972719405
spot_0310,0.0007327470748449039,0.21706560556445795,0.17809056386137576,0.04095311463796171,0.001117167459249446,0.010499503631071414,0.05019183618141692,0.1335032395986775,0.00871265958424216,0.007198048079217376,0.06330975364196617,0.05837686434808882,0.06310181611678556,0.06641044543786401,0.09849367758174937,0.002242957201030969
spot_0311,0.06814406144090975,0.03674765956755166,0.007833883919991342,0.1230629357834133,0.11134548754524172,0.003527011663733279,0.05550034555569663,0.1272708173023709,0.04565467824854194,0.045247480625840136,0.0046966386769321175,0.1895163633255595,0.09216181260274951,0.029098366537654984,0.0039026320801035645,0.05628982512370968
spot_0312,0.07055704081841026,0.02375174596613912,0.02233117709943366,0.037370498052189095,0.009697441984251626,0.007772037450327169,0.08958185564816906,0.06996775214219257,0.09307447401340081,0.06019357571637553,0.056690969118420295,0.006190779976211535,0.03769861746621834,0.03656756807034785,0.3359833196286125,0.042571146849300565
spot_0313,0.00631085696787423,0.013355266959769492,0.15979373211405068,0.058142566446405614,0.07170686321199715,0.09538420804926513,0.028521401452435587,0.02204819527271609,0.0115275162150083,0.03303574357494781,0.01353251777802147,0.17148164259008053,0.21259181784819417,0.026986214471020366,0.004208056636799518,0.07137340041141386
spot_0314,0.0038389010833228153,0.012012065113029186,0.1988609258088321,0.09374429707914583,0.07222793438148532,0.09065441856330592,0.15790752558894017,0.01834483167725936,0.01332818724098936,0.012097316575120228,0.08020833611414616,0.006575589610052805,0.03819241573886166,0.017696720224485894,0.1279449348926205,0.05636560030840271
spot_0315,0.0009708163061440839,0.003426479266405362,0.003508645080014814,0.004737800900240642,0.001002366877307896,0.4564585792844049,0.017982427521062872,0.37952364731500216,0.0013185302142062184,0.0014517753861402005,0.004629427323722071,0.0009057761275371722,0.005075583516987772,0.08885181921309107,0.02879821550243718,0.0013581101652955405
spot_0316,0.0005522243565265145,0.07757155171359767,0.2358450193957363,0.17310548193186623,0.0006938608785937533,0.0015533396396015143,0.03288026458827073,0.004114289114657159,0.15989004575849758,0.11888033179914421,0.06352569025496657,0.000609674056853282,0.02802652062750444,0.0025564012319388477,0.0071497354732183264,0.0930455691790269
spot_0317,0.0014531541390586863,0.12908232262774844,0.017420490988655682,0.18826221689601172,0.0015369027325536017,0.002705499057520788,0.004915741996351564,0.0033152376885489812,0.014769486651460894,0.5746561744192545,0.01053547118104327,0.0015393047523753465,0.024967453297829702,0.0032833725818431315,0.0032059423031300764,0.018351228686613524
spot_0318,0.09068528129862326,0.2852430041011751,0.010594832755671815,0.03776773959821346,0.18866069686408593,0.0013733810082476885,0.0021954867247677068,0.0011063300724313677,0.11784365179101539,0.021828790995320334,0.025438383971425046,0.14486666251762118,0.017966967305599886,0.0014464278311472826,0.00210671582697138,0.05087564733768318
spot_0319,0.12546856389262728,0.00560342693346253,0.004408480061867114,0.05334226861725426,0.006614596614977978,0.006087085089660336,0.08268794730972985,0.03180027596804925,0.010998161401531406,0.18815272342643952,0.26117867170307707,0.01590858252091345,0.1261322368400032,0.009856298966276992,0.02749763924062002,0.04426304141350974
spot_0320,0.14987970895881045,0.009087613293005694,0.023522103676377772,0.03529051751715349,0.06820219656877172,0.01849506984173051,0.042158184255709504,0.050498584044021654,0.13153181115082788,0.12114701356883867,0.10569263123207949,0.06833560251735407,0.012331599008767048,0.04222335682525403,0.08946997059739166,0.03213403694390635
spot_0321,0.03962433209395349,0.08066488816559482,0.11092718423897045,0.08296078383239877,0.006767697984274379,0.006336823023007041,0.12082879516888637,0.0579101092829713,0.02173106521502369,0.05112481046914038,0.01682657485852674,0.0485064442055215,0.19333434366452476,0.02495994150936944,0.12013588780348819,0.017360318484348717
spot_0322,0.14749829825433544,0.0015938398081982682,0.0015643669019744083,0.004621191751418008,0.05751310998810026,0.12662237217280725,0.006628066539787902,0.11199239062976488,0.015765915822439462,0.13066895366409578,0.13282488984326654,0.06270960373216697,0.0076587355521870555,0.049648153047157556,0.13259677536910236,0.010093336923197848
spot_0323,0.04058231181335941,0.06378744994787955,0.17161315204174268,0.05772578249202496,0.006669014150278653,0.005010512286860556,0.04601325318187284,0.024733894475844318,0.09061719203159983,0.16313945170404737,0.038710118584132786,0.015644466498703075,0.008309536739152764,0.007144054800739816,0.09587501619733221,0.16442479305442917
spot_0324,0.11912360601422636,0.08525067909002525,0.08718065164530432,0.05123447666026144,0.019727228392624033,0.08293224465913489,0.008418158018788178,0.008952669733696118,0.07938815123949361,0.052826530577152336,0.12497503362704025,0.05004341302535987,0.03433075947998455,0.02612111481130082,0.05060106644271163,0.11889421658289637
spot_0325,0.035343686263313086,0.011263482508811696,0.005878968692318088,0.027888563271073204,0.070126620408708,0.015582795639543944,0.03252668983755775,0.10414329538657464,0.20153838494234452,0.05333883694329532,0.02176960066412605,0.006793460272989666,0.04161448344955829,0.11066729378132797,0.032559098305249196,0.22896473963320857
spot_0326,0.040528828844477054,0.03486655739254277,0.08580343505537419,0.04140139529191788,0.1389033480403826,0.22662008064617803,0.03918728820095565,0.12446714905513084,0.005193870685568301,0.05350926144802604,0.0716159657743544,0.011526235848724246,0.006778598944702595,0.06461907135965958,0.05183084363064074,0.0031480697813650606
spot_0327,0.0012048098456052558,0.005480777794099484,0.003908149758320377,0.010315775919141113,0.001197597368375044,0.007662804197750045,0.027915212482518808,0.23989115422216117,0.13169540334310553,0.1746049955146116,0.0827635001291493,0.0007470417683466953,0.0077344268596996136,0.10509544118019795,0.112267813759747,0.087515095857171
spot_0328,0.0005340495393618598,0.0866190005615813,0.3484870737582736,0.025379943383505913,0.0005820638452259818,0.11578790980955307,0.09934238239230136,0.10837777846638008,0.0005979571618339823,0.0005905315547281811,0.026475614339478242,0.0006052143722354294,0.01845927406855019,0.09313531406572768,0.0744061209978134,0.0006197716834497372
spot_0329,0.05103497394548324,0.018774568837419892,0.03886562646590225,0.021326242797477975,0.15945393849225264,0.1262233294510088,0.025023651366299728,0.02977767404879035,0.11494414001973811,0.1043347123670445,0.04292688168435293,0.09615843766357286,0.0081634872239619,0.018301504070115722,0.06280277028613321,0.0818880612804459
spot_0330,0.05836938399816453,0.065854747823017,0.006197027022489771,0.18111896246604137,0.042780909865717504,0.0011128978792359083,0.0019052652247673841,0.0011287960087736518,0.26861692130546866,0.03856960542225377,0.004844869098509985,0.025858639498790376,0.035078096912475605,0.0010986971371814598,0.001166513016651975,0.2662986673204611
spot_0331,0.02848548277403257,0.0042288114261949585,0.007926356190619335,0.012055497295958397,0.06577024269283906,0.02162979211556424,0.08213307165794263,0.023622391159993584,0.23553472722640598,0.12461779578999532,0.01604372668750705,0.023082396913173788,0.016251448897401516,0.08592476022031227,0.14735811523053283,0.10533538372152645
spot_0332,0.0008424332302733417,0.07814109058873964,0.10581875499114514,0.09333034936323499,0.0010465527501942852,0.13336622346967517,0.1034790945658966,0.07672080169995162,0.00846300866022496,0.07474822847091572,0.04219889656963792,0.0017517724307184886,0.07079815111509197,0.06321792780064919,0.13941137325743194,0.0066653410362190494
spot_0333,0.0030739913472259232,0.03832304719353213,0.09441778863595501,0.21320108913340133,0.006896742980309174,0.0020744511910553076,0.010273120460446117,0.0026814623195252855,0.06884761455643837,0.16941891969473208,0.13541686800268865,0.07404927457272342,0.04033393227054006,0.002061977736305658,0.07242984151384294,0.06649987839127852
spot_0334,0.12059997457448805,0.01557181036085823,0.08089520304537612,0.1778143797791016,0.06484771655631015,0.00789217833251557,0.16555228888102502,0.03300069800182869,0.11077876037736255,0.039358311329021914,0.01944022060426038,0.03371480977288896,0.01797395867769933,0.02711470002275851,0.01967360122457605,0.06577138845992889
spot_0335,0.09386524653402079,0.01422350323420089,0.14777330107503123,0.009952467810770364,0.16101519466135583,0.029605488837087024,0.02354987825333635,0.16293507458571865,0.03128093873793475,0.03060261350962314,0.0195904684348206,0.029084360610096192,0.0056045063228359485,0.03493626511071637,0.08596859327462733,0.12001209900782456
spot_0336,0.10652870628418168,0.00822927422767944,0.0249320909433345,0.010767701590760117,0.10912715793673522,0.02806781284018229,0.08656869842551686,0.026543432518828985,0.21395606008763893,0.09783492665700486,0.02338357247435702,0.08495835087723867,0.004466111136108199,0.019805791426804744,0.08658498405135562,0.06824532852227289
spot_0337,0.0012518261013211613,0.029122576473142186,0.03621400525803025,0.17347258971016824,0.003809444786912046,0.0061486192180408685,0.012183824765137437,0.046135651095288124,0.2089773908918162,0.014292383728864785,0.15848067671363286,0.004009582077037507,0.09284507821992191,0.10451516955825378,0.07129590249269278,0.037245278909739866
spot_0338,0.014729529494847581,0.07309763353299861,0.16341235994555528,0.025286468411915067,0.11163915977106158,0.13980166020499768,0.10986142856815198,0.018101108082942574,0.08010836308321823,0.007468198024208439,0.10100661934043961,0.03801822786539619,0.013324652083313135,0.08013358369111949,0.01689634522962299,0.007114662670211575
spot_0339,0.008719337398695369,0.21290599947801753,0.015846164254108,0.015368949939116106,0.03353117210013236,0.02829100963684601,0.01667352945539333,0.03709421642166551,0.09130696798586681,0.2505948065001847,0.010898378810089917,0.09288138631856681,0.014624656353075331,0.035720031787977426,0.03862424797379636,0.09691914558646847
spot_0340,0.01579039985087907,0.004227243749528365,0.0036983128583846325,0.0243145300855255,0.1257476203263292,0.009766554017176491,0.0378285432100142,0.06444369374231125,0.18410761285222352,0.0812359127582517,0.21178300062872718,0.0251467953395511,0.017098100681627357,0.04642042324167224,0.06914134935037314,0.07924990730742507
spot_0341,0.005330838956879043,0.1046438214594164,0.11969863563696548,0.014407044859573165,0.00690359679914081,0.07702089623453098,0.015716779674263725,0.01297873734307651,0.0142726510865055,0.07395336586559732,0.06440804706184708,0.2335670267201208,0.06840357125213128,0.020824808319894875,0.056118647140458375,0.11175153158959865
spot_0342,0.08244523859015565,0.038785080255962556,0.08830132698656418,0.05262970527634681,0.02488378537029751,0.012634241175041402,0.021007752488054327,0.042583700014163985,0.0015074633175698167,0.0036984807603786586,0.130121416264754,0.322740553387094,0.02141967451779972,0.04614243242104847,0.10886138543938012,0.002237763735388778
spot_0343,0.03822424034889355,0.007433386528832176,0.008901910515264093,0.007636115651752544,0.23858823711839766,0.13411655370699402,0.0042397357454369245,0.026767162655467615,0.2417389888547892,0.012440776611209821,0.015161973186884187,0.015251372637699887,0.011632784364399936,0.04237314036504603,0.007061805201098369,0.18843181650783394
spot_0344,0.013620828645076832,0.43361152200450676,0.09294022578885629,0.050795645136195645,0.055710986288162935,0.0008358932282761777,0.0019635369192236955,0.0010704224806884135,0.03450527079143325,0.13490663274011627,0.008792714587761648,0.10374295899424708,0.04832954156247901,0.0009217170009101854,0.001032090095727434,0.01722001373633838
spot_0345,0.06831187736944272,0.004919596685546906,0.004240518906007248,0.029679225416817313,0.005273627208144952,0.06326414433272999,0.0221675851086953,0.03838076103889489,0.1352530811369136,0.045940536905001744,0.26068552338037154,0.00229901096342743,0.19940163856977453,0.048792584380461565,0.03245740762317497,0.03893288097459535
spot_0346,0.08670545954361712,0.019032865841398225,0.11999848157979659,0.02062698696486792,0.08112635986637953,0.01255065072696862,0.052188605406554234,0.18154918633216882,0.07817874500134075,0.03691076258761978,0.04120631013857989,0.09351071990878579,0.010462251721010847,0.016688351661549302,0.01231304916416817,0.13695121355519443
spot_0347,0.09957795536248715,0.003707786197177575,0.0027139256082710176,0.023368387440799214,0.07282360009388063,0.1867106630254021,0.06277189119684733,0.04198325147200415,0.04680224565199059,0.019509620907594286,0.03643608574336693,0.11777214903018454,0.015334590835678803,0.019687677318584465,0.20849303506145322,0.04230713505427801
spot_0348,0.1101095061474979,0.2570529259032765,0.010678468000408451,0.06403694675507764,0.038473830795661225,0.026344591081567205,0.03085137828783268,0.01014985324747113,0.05505467968569656,0.15410096629051728,0.029922997408674597,0.009511819354687688,0.012793418712108751,0.012728700234973805,0.017479477029620022,0.16071044106492857
spot_0349,0.09733297840224352,0.04301199199328202,0.3396855409603229,0.016570405419233172,0.006554318147278636,0.05451825333497627,0.018012469378558577,0.034759554774344524,0.017674771694513244,0.006569145749962614,0.09712280911113991,0.028814087809159804,0.012332641310845657,0.04769172385044493,0.12164216497195954,0.05770714309173469
spot_0350,0.0005171353899803095,0.003922438211897535,0.0036261556700558466,0.12793884472628841,0.0005081538303166526,0.3299350531491306,0.022342603711309174,0.13078803831540248,0.0004902835951361463,0.0005686007776834236,0.14310983835876753,0.0004810239714029293,0.1273723217214684,0.08256413066771223,0.02534956227896694,0.000485815624481416
spot_0351,0.003635110713697365,0.06078951030436551,0.25947158219789634,0.12978083782791688,0.008195960411555576,0.00460498126246467,0.01774710793656164,0.011917135356043246,0.0356374810828358,0.11697495176238727,0.1254036540140947,0.1220726682661649,0.025840264579397573,0.00917389521645991,0.04682446246139412,0.021930396606764508
spot_0352,0.0400400815097771,0.002655578318464739,0.0027131276301944735,0.006077965037699841,0.007054497385600341,0.1080017695674366,0.005917124316027485,0.0529746081384915,0.05144945924961982,0.02838770360060215,0.14300448261852036,0.11420657962853385,0.004139036019611093,0.16314110875272286,0.187653766264423,0.08258311196227477
spot_0353,0.0008768881172435448,0.005612305141630344,0.00525395152422619,0.07085968125356612,0.0007147508462343064,0.013420808420202953,0.01728172298761507,0.2215654657332596,0.19317661913888834,0.04241856004869005,0.08938962367693028,0.0005923463161799034,0.04843613135601388,0.04088311676133242,0.09409008925365488,0.1554279394243321
spot_0354,0.009614254268119038,0.06845480823689161,0.04030417125533554,0.03561629753249714,0.008650094177050533,0.005311744749445655,0.11007456486357863,0.058406061915450974,0.006716501238634864,0.23087808339509552,0.01574046865321646,0.23403736669805583,0.1099245944715418,0.009302948303910347,0.04898938206319401,0.007978658177982054
spot_0355,0.03190860200370919,0.06904154809768781,0.019855377894308305,0.03212614158632528,0.11963411424228544,0.15782747990311072,0.022778502172113947,0.004375692480043583,0.02238110327670957,0.08271177610296425,0.019348268059834254,0.28143358428086046,0.009869980156627715,0.005952273706085922,0.08747198197044727,0.033283574066886305
spot_0356,0.003990250256861436,0.0190198452975905,0.0419485860719743,0.1098156957714575,0.06994995623393545,0.1128130531025783,0.13746584869208753,0.026484470120806233,0.023956458329218056,0.04291380199570166,0.022087862610911915,0.0015221327912206533,0.06356635714626914,0.07075977348232751,0.12645017911204348,0.12725572898501633
spot_0357,0.20775011815406444,0.09122791263429081,0.09854580281228668,0.01942374249938276,0.0750388572774813,0.09380566616285059,0.007063870402277369,0.02211532321661673,0.04398498500349262,0.09625625877821906,0.05015679830558566,0.08900600861774467,0.012291505949787337,0.03780096643816361,0.01603500468529512,0.039497179062461245
spot_0358,0.04364222889547478,0.0033149335960795034,0.0026255209632683294,0.012956932473376516,0.03110257021997501,0.01261275440371207,0.05713112020973631,0.28172288742172186,0.001221185404364809,0.0010917529019493707,0.01461343376727429,0.26442504390368066,0.006247759281773875,0.20346212398942434,0.06273887617108694,0.0010908763971013674
spot_0359,0.30516606245525857,0.017091034264091913,0.11415997296800012,0.029070139022958894,0.011746621993736907,0.01534435826946526,0.052183182315058155,0.04219196297304997,0.045555852296522294,0.05348968568187198,0.021927128837109712,0.16089871497233812,0.05559265205055369,0.06152593770387624,0.005860063018297401,0.008196631177810748
spot_0360,0.05559377401969512,0.02251898114187961,0.018262477967731408,0.0906226152886158,0.12903054004316397,0.01754037983457715,0.11729622483674335,0.09356740722325536,0.011072369420572752,0.002605736817367103,0.12819986264512548,0.08282812949946476,0.06544160447868179,0.04357261517883604,0.07645123030850381,0.045396051295786506
spot_0361,0.06269328246340801,0.04187147253372789,0.14388076799109106,0.27012764536231904,0.008321378895215977,0.0011250718069364546,0.003103784744730255,0.001444682674955039,0.09094224665840844,0.12313920478862886,0.008202110008597942,0.009828547757139256,0.16067991907076024,0.0013689991276945909,0.0011265787179590657,0.07214430739842789
spot_0362,0.013017463004696582,0.053157443411805616,0.030953193305563505,0.012318729717948625,0.16529817146062328,0.16432509370389453,0.01963472365856842,0.008048242876731048,0.11946246101161036,0.15973197629854013,0.01676702019067709,0.011901123139379279,0.05867545853558181,0.02488027530289469,0.13153462088571483,0.010294003495770209
spot_0363,0.009123777594727798,0.00762139839361527,0.010113798328511874,0.01536636347933874,0.00875974045208617,0.11709571309943899,0.06090221133234846,0.03740999457225957,0.2258991319602627,0.07150994182516815,0.13616330466178397,0.07185652611381337,0.030499429546119197,0.0764987083631,0.03853793475403929,0.08264202552338647
spot_0364,0.007495852437107907,0.02165052417814793,0.2130778022801893,0.18620950539458717,0.17543676681033218,0.0030562817821615015,0.010471465384475534,0.0038192156524243137,0.0016898493178387438,0.0020650032604458248,0.22450472015336667,0.004719288622980383,0.0156286682584887,0.0026586005996798094,0.12496476561403722,0.002551690253736795
spot_0365,0.2564595921213298,0.008192424809201775,0.10354203361173385,0.007956406574279028,0.012273488805914324,0.04858437074053826,0.16612948131565242,0.010207656881704873,0.034381028194519395,0.011142099869669872,0.008669313113314684,0.041486225191891095,0.0059826469443025315,0.026488060086491613,0.18911412231945024,0.06939104942000625
spot_0366,0.14495209609065152,0.1404616769018824,0.048527330091745244,0.15375117274308098,0.03882840518524546,0.047801503396231564,0.05089085075531985,0.054315555167687435,0.09028004178574467,0.06332621942085724,0.005695829634028963,0.029129413167474992,0.02682301436362622,0.013130398405669472,0.004152644858698428,0.08793384803205558
spot_0367,0.014968267711321035,0.043074018312689734,0.0098562772579387,0.15123195395387706,0.021827447721866594,0.07313492029890545,0.08761447473243288,0.03439818080663596,0.06473171035275183,0.08173233352170016,0.13570525827274285,0.1756215101569334,0.007455997835704539,0.00581683690169912,0.04283317587997175,0.049997636282828974
spot_0368,0.000755684886789792,0.20637999837091553,0.020530444436556456,0.11880948578840735,0.0006327044879835265,0.1685098161027682,0.026057123091418957,0.10675485899024342,0.009750011775534658,0.021371645466374347,0.15812202893640723,0.0008507176289995101,0.01817852704894572,0.013785747642816058,0.12274225095124455,0.006768954394594693
spot_0369,0.1294039369744776,0.02074517187267832,0.01581383898641071,0.11503829409605457,0.09073830281595541,0.03814120582657889,0.07282655121669103,0.17743901276005442,0.03505661135207832,0.08331032644222597,0.030604784083497483,0.020038056978951623,0.052497835876526316,0.04360259416974869,0.06054322314359096,0.014200253404479708
spot_0370,0.11761386251697889,0.0017605946539875014,0.0017484070897985315,0.007720250642496424,0.07246536933700855,0.11004088839692175,0.06995238463090868,0.06129833045499955,0.16522218548504872,0.013595789113418046,0.10030057535133376,0.059650522658004225,0.003954842222328024,0.05512353462751566,0.0741619167127931,0.08539054610645862
spot_0371,0.038116405624016705,0.020687561519475497,0.03143308786180476,0.14557692527118143,0.07702631808290242,0.011090774795504367,0.11465732972931236,0.1754951353141258,0.14004794330080536,0.09406245489803725,0.01735306445131551,0.013062459637059499,0.056361523830594444,0.025246348107345152,0.007331417130970384,0.03245125044554905
spot_0372,0.1153238740711112,0.12379837955874756,0.02295103212145895,0.0604063379313253,0.0062125379424402515,0.03695962638035603,0.006711136557532329,0.007571203637430056,0.013127529846421633,0.20750063530816026,0.2008040254922161,0.01842770682498198,0.027071502173301936,0.012850961108476356,0.1283106865758107,0.011972824470229357
spot_0373,0.06837519340757324,0.0032000151930939758,0.002643336977763141,0.09386591082318542,0.07713997460856065,0.03726191236399798,0.11573217101867954,0.1390030844122685,0.07233388148197196,0.01048115491680296,0.08010351933084899,0.08212464222483343,0.007947038665801471,0.06332066895258144,0.09826117442634362,0.04820632119569369
spot_0374,0.017354306350394512,0.028953401565671777,0.03865005015958129,0.16113855515002914,0.013239880637312533,0.004939947336980069,0.1962285901492743,0.010480242723747632,0.0012079387156442856,0.0017407832767447997,0.13846259638031902,0.29350656784702317,0.02690157701775025,0.005545441840753321,0.06040426530648712,0.001245855542286774
spot_0375,0.23643882142830974,0.025535157457147604,0.007996101390489086,0.027108186487566837,0.0086244442566737,0.17709640531922682,0.01341157181237909,0.01778781720591553,0.1382412325357955,0.030700665261954346,0.13963303995266657,0.013469259219912655,0.03860512586911345,0.0986715370133567,0.017457875891886784,0.009222758897605569
spot_0376,0.2408477843427973,0.03556010751020118,0.013989041051227438,0.012227125829466591,0.24285160990482943,0.0419177929451543,0.015585033168315993,0.07873965162102353,0.07377084563478092,0.060928133615869934,0.005604109624563306,0.11975297413587795,0.008924404730462333,0.02604382823243564,0.007922272431422636,0.015335285221571545
spot_0377,0.2290086016033625,0.10359760545470685,0.13554797676970934,0.0180182373104977,0.009555011942078659,0.004384237042224363,0.0773587384979219,0.0729952976538836,0.027788738574276044,0.05088664945107027,0.00789618978402419,0.17601094150599678,0.015840349713943106,0.016595074090925414,0.00817789988243924,0.04633845072294007
spot_0378,0.21651031967119,0.037100676720287044,0.1454162982283909,0.028306037191451416,0.05635995996190788,0.0012763038313542486,0.005006331652290228,0.0016057004887622148,0.11837328970285327,0.13026811544372843,0.008258313778786833,0.0725259599592627,0.13078659801542888,0.0014868918477396959,0.00275998523933655,0.043959218267229726
spot_0379,0.055185424249366,0.013674929937273097,0.05849859077801263,0.12415708974683237,0.03621494287970761,0.015408362272116527,0.17428828066785249,0.30180555478475823,0.0010118251233896891,0.001261516604521478,0.013778310064443477,0.05419243170343681,0.06598744362960944,0.0767543754621464,0.006570693886257463,0.0012102282102762622
spot_0380,0.003290290736425508,0.008619322877016439,0.009946673614454477,0.08345689490183349,0.08416826825950477,0.0062040647874090065,0.06601490524146955,0.1924612757983318,0.11305190749838909,0.042425486025286716,0.1107897754160752,0.004027995135097938,0.010742621905119177,0.05531799511111408,0.08456731123905187,0.1249152114534209
spot_0381,0.1424472620710289,0.005456254015683031,0.00425616683938637,0.012374206944932645,0.05610205566410912,0.004161715829853635,0.10063200216748638,0.0219382461309298,0.058228142892686637,0.04216674462349313,0.06524174668874065,0.14567645073387436,0.007496842911263951,0.007558126777739636,0.14629907054804542,0.17996496516074634
spot_0382,0.005103531089696774,0.017701461645916974,0.029635052683475153,0.0756665106472002,0.006876937728517498,0.0038354152547771868,0.008423447938656684,0.0033095677837840136,0.0996979893612882,0.08291421173048631,0.1282645644820013,0.29619390645170773,0.08795901307835212,0.003502201085499341,0.0040051864009927165,0.14691100263764778
spot_0383,0.01312669903617741,0.13766162256514547,0.1562692541580677,0.07602423949738954,0.08177198400369148,0.11160422918046599,0.06124992136497311,0.07903744708781714,0.00080556744574086,0.0006877696851130756,0.03939462290973432,0.0032319372654347482,0.09812699286765539,0.07007393095450848,0.07018916897737838,0.0007446130007069046
spot_0384,0.03814727742119548,0.020581875339401007,0.059691914312268786,0.005507758632267466,0.00781356924837293,0.09622676081151219,0.03984943116261986,0.20110329009616446,0.12039160548715713,0.042980873384764,0.0034418355792055757,0.2114696695049116,0.010251362845896835,0.10876261419594314,0.005153280114619783,0.02862688186369975
spot_0385,0.24785092919686139,0.0035019669143788105,0.0037923091202081796,0.009078535562029106,0.1692475306270236,0.007804622271701557,0.02837732567984831,0.13944043776472978,0.0011886820017075047,0.0013481730084864544,0.1443159367990786,0.028287556231990866,0.011780750837511848,0.047984433960426405,0.15473340107570746,0.00126740894831013
spot_0386,0.2085849100103703,0.017624045727883206,0.2668460705244872,0.078554736651701,0.004801769245281707,0.005558578661884196,0.04592391867012658,0.007152401513486478,0.007776390712284777,0.04679982938947656,0.06801805857769279,0.017031691007440137,0.08589104125016239,0.0049726972789549476,0.08648908338667241,0.04797477739209529
spot_0387,0.15538275288695533,0.17788027988461624,0.19879830357059255,0.06873934374283082,0.012171466695922756,0.08718657610796503,0.03578957671832347,0.015417168606901281,0.0007436567950561255,0.0006552506645566655,0.03661419394868094,0.0023990929875302405,0.06347662667101599,0.028876618691987193,0.11520106680354443,0.0006680252235209171
spot_0388,0.000964939572957013,0.02173243788499388,0.019226108418149424,0.04286712843981413,0.0008161726904406287,0.06305568713596212,0.12855571942271124,0.10919245836464611,0.06145428175592627,0.07985333939056331,0.10452406229684245,0.0007042667558593054,0.0927619616906172,0.10632647288378898,0.10812916680737059,0.05983579648935735
spot_0389,0.18683937183610644,0.02733600984242441,0.14014477242995385,0.09319220083572655,0.024945436911088414,0.005369407901307707,0.11761544042479748,0.011343463417813296,0.09552914081938353,0.06650928651120247,0.031627442809696246,0.05641592758378526,0.017779386957556417,0.021223512027188297,0.04521437336988241,0.058914826322087215
spot_0390,0.05672546603002315,0.020406583962622495,0.024680471277240427,0.12093465738673166,0.013893248322884832,0.1126540633513717,0.06676521685222186,0.09830903522268365,0.06380802557839982,0.07239695119112086,0.07922989622400117,0.055992121461309004,0.04213476940961368,0.08720816895520637,0.009183825049249581,0.07567749972531976
spot_0391,0.007192238293328185,0.025959866994313286,0.01705187220639788,0.08421278092860347,0.011841614865336083,0.08866596581393883,0.07978237959397848,0.019548690979373673,0.19679772531466044,0.015339577498181123,0.17800595927846682,0.07715565699004666,0.06550063835816518,0.0701406026780208,0.03416222837896236,0.028642201828226722
spot_0392,0.024601988347119217,0.004881162712819751,0.0028714768062980105,0.0234448279557144,0.2210764263431918,0.013993561646526029,0.01640168655120261,0.006600530477726862,0.2521028320006639,0.031686758142919935,0.030046975786610718,0.16922205480543642,0.16294214702646537,0.012919221074812828,0.0069317394881373,0.020276610834354877
spot_0393,0.03355901812426359,0.10084167397909648,0.04514299836591546,0.027167740072229895,0.017254564343517333,0.08201381761610309,0.00949758801729993,0.11757888619902739,0.1331607532473422,0.14009470337653862,0.10752153519291224,0.008647865608755845,0.01843693069228605,0.08741417626367896,0.05396603641220951,0.017701712488823435
spot_0394,0.009288233065147351,0.1646684053747283,0.23771138613489884,0.013036153640586443,0.008494533983031698,0.03307100834140293,0.013633060433998213,0.05648352290978746,0.0015529709060085348,0.0020116155927309676,0.016538706949305624,0.2850643692962616,0.007936572937648061,0.02522408932561367,0.12355566470573301,0.0017297064031173283
spot_0395,0.16966439254696983,0.00957794184599425,0.01060840392993325,0.1247912414135779,0.12128823985376352,0.2148293819650777,0.09418748376697654,0.0229474935555031,0.0013950927094118913,0.0012895452874131278,0.03962566462020332,0.12389317793162935,0.006121878646662564,0.027194982970983533,0.030266065251228356,0.0023190137046717593
spot_0396,0.07667107515624036,0.02084176567253261,0.02021005150684956,0.03566595400919319,0.1395129538820604,0.18877481348408676,0.018407599067454216,0.1617144568819303,0.0013761378405955733,0.0016805659476352543,0.031763863926300796,0.12209149205000971,0.013332616102203168,0.096384015222166,0.07027946044005454,0.0012931788106875757
spot_0397,0.16492581988041066,0.04028162311570318,0.1000207674441088,0.023722032996986324,0.01802273176560343,0.008431082375914736,0.10548521165024244,0.1242117383328715,0.1960531617351201,0.023305605021159706,0.03349059996994832,0.013253207737850388,0.057200115839090133,0.009165076678786032,0.017246892111025685,0.06518433334517856
spot_0398,0.1364964541117639,0.14835938599269025,0.0151464668158174,0.0198433543564374,0.010068289996250077,0.15032014222585083,0.020712216788367356,0.10702418202182083,0.09661049463448843,0.052477433101502546,0.009155379750866877,0.014792451184648241,0.014211097971773376,0.10063809325543664,0.012913387958734517,0.09123116983355135
spot_0399,0.0008497707248478868,0.16209839337469464,0.1932870596265236,0.17201708713335898,0.0009047828772773044,0.0018753594607465996,0.02226606197490203,0.003420041579179529,0.001167590135225653,0.0015116580998700505,0.3875035306162766,0.000884630604151524,0.027041618247476838,0.0024052541886564463,0.021526629666965367,0.0012405316898469476
spot_0400,0.13274480594106705,0.0015911854095594412,0.001543184652100222,0.0020413896377324274,0.2542018329160505,0.34572044424078535,0.003864016864118613,0.007901402320542797,0.15437711498255235,0.022971977178991305,0.0019449864699600122,0.02793276480160126,0.0022929758249597785,0.024954240275209358,0.003925089801270277,0.011992588683499275
spot_0401,0.0017633621502000704,0.003532910665802243,0.003602062775871703,0.010592530698527034,0.0021551505503104584,0.21765593032550679,0.03652642234732118,0.10991813659651219,0.2312834518685852,0.03436279762284143,0.06127231036395172,0.001901642017283224,0.009538967880976225,0.06755610453081792,0.1410418270891668,0.06729639251632581
spot_0402,0.1182882945530343,0.0316755853010285,0.16477829188600668,0.049534184330360005,0.009340504862771909,0.007213894735642802,0.010454019983477968,0.0938208683915014,0.0427011747703484,0.10816377103980852,0.08998527377527443,0.07159498744280779,0.0895127948187373,0.03995927985228635,0.04656227523604647,0.026414799020867148
spot_0403,0.333598288885436,0.010161040500640208,0.005593562077316918,0.02731675175847683,0.09168427398424864,0.006244292538928201,0.04713802516206402,0.05808383633751955,0.06416917110270894,0.08420807723417456,0.05119721136071135,0.092162094126579,0.007696541105558627,0.015564774060351056,0.09866036444058679,0.006521695324699314
spot_0404,0.14303806757824494,0.012314332499363763,0.04620279132957285,0.21189249532307594,0.14981405285996377,0.06420340185512931,0.12465059386161348,0.04883126327150876,0.033847599057952794,0.00719820975539679,0.03815290143705004,0.005403210603950489,0.009583603259719171,0.04463912300452704,0.013525611402087325,0.04670274290084353
spot_0405,0.0010169338063327378,0.014044856073371009,0.011944704683754807,0.1690395685923767,0.0017995886504709872,0.1411735947987673,0.02675162194400425,0.055966535730496106,0.06509166447811852,0.17031708206468432,0.04054626769374281,0.000900244344940358,0.07337491020864079,0.06022853056823645,0.04794029092652901,0.11986360543553387
spot_0406,0.09411696306793053,0.017371645394671873,0.03817678610634853,0.07945085778479011,0.12934598832773553,0.004816549530664866,0.03883480480380358,0.036018296970382495,0.0068829302315857425,0.08718868421320138,0.0956723348437519,0.13012986984274078,0.09169086324774389,0.014664334141916657,0.073795947310546,0.06184314418218614
spot_0407,0.08537122469230488,0.005621224918055009,0.008274322361373451,0.011926780126792243,0.06599077654529518,0.10440008942960556,0.06524535220420442,0.013787949220380295,0.3933404762575508,0.07756600747479782,0.011014232263837794,0.02047527459688701,0.006777367280697036,0.020816125674300738,0.037619379222305654,0.07177341773161211
spot_0408,0.2608059208038297,0.024754363635874146,0.014795407116473763,0.06420130990885681,0.06420374170414815,0.08727605677279376,0.028842835900504158,0.11064374459856734,0.0011710164913399845,0.0009240067947638948,0.035162745295616415,0.005768416630611933,0.01132277879385329,0.1785229887906217,0.11009608129548654,0.0015085854666584276
spot_0409,0.16428096880751608,0.026460321970825734,0.17652283850372064,0.014133545076898001,0.051091669974334016,0.04798038896715423,0.030988175556783626,0.02226267791887559,0.15538084563756252,0.016210747615637826,0.004409670089315631,0.09613622603245135,0.0478254840197575,0.023492464988492428,0.002958775065055276,0.11986519977561955
spot_0410,0.04025946362426378,0.010298649827873874,0.06022869007169612,0.01252120351789037,0.1847565372283777,0.0017704131184526556,0.003291747051631252,0.0021738540151095085,0.2322175670361305,0.26152337852944346,0.11426359508843838,0.025358168946182827,0.005314199040394255,0.0018068625936171888,0.00795479797992502,0.03626087233057311
spot_0411,0.008194345773672241,0.007871039445550123,0.07448509608323517,0.011832558818699249,0.11483644873671321,0.07575614389840336,0.04653511039170596,0.08651491604007834,0.010618993074450024,0.0027845414941404167,0.032815491427584303,0.29154917458852936,0.010120290464396189,0.07258211896317353,0.14595315311018842,0.007550577689480126
spot_0412,0.0006478560336684786,0.009947173734010425,0.007696440615638032,0.3015040052035898,0.0008772526977137749,0.02773374038600049,0.019005354861064486,0.26876008577622496,0.027513101614640424,0.037209302992081535,0.12094351211239199,0.0004781915362909343,0.02383857484678297,0.06585261421807577,0.008180894942703944,0.07981189842912202
spot_0413,0.0007721720627232745,0.004017058982231652,0.0031316433539509193,0.01594748781662921,0.0008340305581966793,0.012417849355540177,0.12861578337839413,0.3483627675813837,0.1660710602440505,0.0740021543391549,0.004551123464201469,0.0005654220438156411,0.011944487261570057,0.0820717679421166,0.04259603571228142,0.10409915590375969
spot_0414,0.0006443066624917448,0.02153064534430832,0.09608133301361363,0.07841366872741481,0.0006180953270352135,0.3108887393891583,0.03709415660789215,0.04549950771146888,0.027712565566808303,0.0021303329033695796,0.1145419245277875,0.0005413792940200443,0.1498278572063185,0.049808631675135405,0.06054317637952389,0.0041236796636537855
spot_0415,0.09293954318779056,0.003475971440742409,0.004627859135931382,0.012287187221348889,0.174791554592478,0.17108796768966122,0.1581005971605952,0.013865351316796075,0.001139630923718517,0.0016002085603586617,0.12535275560074743,0.07275159763852061,0.004433007937423148,0.021172949440985033,0.14118393133428192,0.0011898868186209033
spot_0416,0.0030569268372980136,0.12092773665758237,0.11474932494811117,0.10145258227909693,0.009798597988568901,0.012657344348225956,0.10807747585176702,0.005824241351986646,0.02173863884331412,0.22411193750622327,0.07474025326364828,0.008768537914781887,0.06959258083761534,0.00690229464699872,0.05885807959308014,0.058743447131701244
spot_0417,0.04732265659018344,0.002426806849491892,0.00237764784965462,0.004640440080030349,0.27194868445834286,0.12121607567394833,0.006586393465957888,0.06631510777038126,0.008731654333351307,0.0050626056360594885,0.08490853380993447,0.022969515106826655,0.004211198958454591,0.1321757428965142,0.16422508183332363,0.054881854687545036
spot_0418,0.0024711180852868453,0.07590793694902323,0.04120539913941649,0.1358035946878032,0.009480300961171403,0.12416644297591156,0.023229955693785626,0.1734394582123009,0.06367200306487601,0.023846948975958553,0.04994155507067192,0.034273462544718455,0.05823657842351693,0.1202817223357757,0.06148162038078353,0.002561902498999635
spot_0419,0.12674305017079662,0.009423422920440504,0.008657601644196006,0.08054254590786178,0.0969858066631999,0.10917797510137177,0.04200814952229735,0.04846007576201282,0.0020221937536530656,0.0011259891077988924,0.1688759821306362,0.013287695202285222,0.03464497243052347,0.06872381543135854,0.18679343069632187,0.002527293555245992
spot_0420,0.05977382970802047,0.009907151636162638,0.00569483135730858,0.09760980075193676,0.060566049872718034,0.02167271504382035,0.02964068822227624,0.019774526314418155,0.03277847800293298,0.017847872916186926,0.21295500290563224,0.017161995913338023,0.10615430411417745,0.07914303589254112,0.10376317637610541,0.12555654097242464
spot_0421,0.18398572694780355,0.17077634794088684,0.0752092068838808,0.052251105905468616,0.10666350737290353,0.025078147851269054,0.04752602383305293,0.06904419076728602,0.0006528839600616709,0.0006438878045343649,0.06047425575407894,0.0569526604907378,0.022982581782307745,0.05176451946201581,0.07540470777628826,0.0005902454674240865
spot_0422,0.08503630700620887,0.02036858998201523,0.010095624584103407,0.028005523853381276,0.012747793735513706,0.12317603775809488,0.05836094309221153,0.02746743278509453,0.17074497787265197,0.005068117194525304,0.028478381413255163,0.01963526911087764,0.04433341593767722,0.18585590490703838,0.06654081216519432,0.11408486860215657
spot_0423,0.17702846831826377,0.0037762211651123645,0.004798334980080542,0.007301008116351081,0.04177312443624622,0.17543127714977796,0.006511149463429747,0.09979279359206798,0.06457338685746053,0.18820621428607873,0.02736378022103596,0.02928760183209105,0.008511569453992705,0.11436958878431996,0.04561997232071081,0.005655509022980581
spot_0424,0.0007649415692559311,0.09735664958460168,0.03624401099019374,0.27045971419951836,0.0011721603811388564,0.004181681400678273,0.06947534084403172,0.09147744854696475,0.10127640489292392,0.042373507143939726,0.06611349379477244,0.0011048625907412759,0.08434444966618218,0.019279624073130084,0.006194714805907036,0.10818099551602003
spot_0425,0.00996818667564932,0.0019318371610450489,0.002035695688685423,0.0027862790136681495,0.10172125197923654,0.07278061686998101,0.007112177266009025,0.08983969624149916,0.3048337071194809,0.03179124621436584,0.0025397537941330662,0.01620172532481346,0.00383823257651263,0.1775189275995124,0.03539677012111332,0.13970389635429473
spot_0426,0.1025245951648404,0.017209463098492958,0.07841943312166484,0.022978907714476266,0.14159051445444693,0.00415538034261933,0.08397941913213575,0.058040556177838626,0.07557159824436782,0.034278285889084964,0.0792636077419037,0.049020814214414336,0.008201275686516745,0.015592303162062796,0.1920810505365556,0.03709279531857893
spot_0427,0.07429055498808021,0.014683366071081332,0.06542868195409324,0.053719369480539216,0.010541722668806555,0.017631182951674127,0.014198337340958853,0.031547093155875776,0.13955531106068175,0.33781844816001344,0.05417563870718883,0.006466683856383458,0.03297297526412074,0.0355742996461611,0.00783720474251907,0.1035591299518223
spot_0428,0.00042227380775719894,0.039081617955608196,0.07496352540850952,0.1083604807827082,0.00043961452712528364,0.06970778720821678,0.07383777155826057,0.07087279597720851,0.03333036439874139,0.13373122113882613,0.12042796862070282,0.00038715161943560895,0.019550589377338706,0.04557601122673178,0.14476533563973323,0.06454549075309605
spot_0429,0.05805849270171758,0.08012936141041974,0.37367737853534116,0.016865970535594275,0.06524824073350252,0.13609713334026066,0.04528551468223935,0.028341582744450092,0.0015147935531242755,0.0013205536456985618,0.01928841591613171,0.007469237697687729,0.10973696521966156,0.01818607764801764,0.03713400957920399,0.0016462720569491338
spot_0430,0.0005670707800404114,0.029409514563750492,0.30119013963949226,0.055694337902767704,0.0005755090941214094,0.2599324083716317,0.02882249184867944,0.022331945932567297,0.026653663917842404,0.017220226388381537,0.0302755509111122,0.0005179232356540541,0.026832209062514982,0.015258850475011215,0.04761841922783974,0.13709973864859318
spot_0431,0.0009344597433914445,0.32928242513186173,0.04405846635189842,0.33699643283933933,0.0006613551075328408,0.005173823972269382,0.03940512974216759,0.12691824320454917,0.0009452469358381462,0.0009373948015858674,0.011210238912144305,0.0006640843575751128,0.06931248097123828,0.028700044568416083,0.003934800220448212,0.0008653731397440801
spot_0432,0.03496004725121361,0.050664444954868715,0.10245557015931855,0.11277328459238752,0.2217329952835827,0.038884515931175784,0.11327367731533705,0.06287300171745826,0.11750288163654261,0.005218993127219667,0.03538704525767381,0.023173724973659448,0.029743733858174207,0.0328209139687882,0.007924866877920801,0.010610303094679058
spot_0433,0.0006287403098748788,0.1863890144307385,0.024129312705640265,0.3286260866125439,0.0007947813231543336,0.02402771826401819,0.12010330437621394,0.2114425304402838,0.0006631526214934755,0.0006996959403562198,0.018388282327890575,0.0005839230959655441,0.03294613985549886,0.031743932099409164,0.01814520105080803,0.0006881845461103404
spot_0434,0.07273183139439175,0.02493974011529535,0.28036763662040654,0.027150984518697074,0.02252848178567427,0.1658260517582455,0.019223083369026915,0.017146888890470904,0.011016533267052438,0.12583994513174143,0.06488515163658937,0.09695713631312933,0.007085204828692796,0.015124444272169392,0.042271264053569804,0.006905622044847119
spot_0435,0.21220137161751643,0.00435635222395489,0.003641508128770331,0.04286411760042388,0.19598932274935257,0.06100822126297722,0.01803625257344197,0.07180312590467315,0.0850799281152175,0.03234913026420372,0.044401616821680034,0.022383160622598076,0.00399691127175057,0.09090983228518298,0.035240076113017764,0.0757390724452389
spot_0436,0.09933791746599682,0.014032386292677789,0.009363702113246445,0.014307307752133706,0.004487923539635578,0.06454531492326973,0.028189149235018987,0.07459894842697536,0.02971476568886702,0.19728664595093923,0.06434044922289903,0.020020563904261154,0.007288895728140259,0.0711828925975382,0.14052626178490138,0.16077687537349933
spot_0437,0.0005562593622000726,0.0054652591933825375,0.011046921134969207,0.10853369025254894,0.0005790214758334138,0.002006543877058071,0.03058865471861722,0.005936489210177988,0.15892289633188408,0.19838899453925368,0.12235754141605615,0.0005272439662645771,0.1417969475499296,0.007416399131709875,0.14452100991824116,0.06135612792187341
spot_0438,0.2016065186292748,0.006816748762608064,0.05277990295659441,0.005722071835672723,0.13000254212096293,0.16546134178131294,0.007600267785412568,0.017142029215062155,0.03876754402024036,0.011820874297568151,0.020422881848830288,0.10964346361735623,0.006282048762581659,0.07414245534359734,0.06040237850520945,0.0913869305177159
spot_0439,0.1341145949439064,0.04074573705375958,0.19653748191093415,0.07976773631277621,0.006904286981603194,0.022906048939952923,0.06086185369226632,0.05810199187751529,0.04069300733227276,0.0432961510187667,0.132572460856242,0.01652320636213527,0.10081457030091663,0.0461419332216288,0.005485065224961914,0.014533873970361856
spot_0440,0.004383651847552346,0.006301829665005116,0.007485690977575127,0.022392325229040746,0.1129213040040489,0.005191694477982777,0.06646917625234493,0.009303200246511207,0.22194523059699525,0.027565730556372788,0.23362200104803776,0.006621474162116425,0.005630125408384952,0.005981856950900522,0.07068863166973018,0.19349607690740098
spot_0441,0.08093551371020766,0.030685581122205846,0.053114678868346824,0.12363874416770682,0.10773055713341571,0.04165124649013857,0.013166591291289382,0.014996484041005299,0.14849478361382681,0.10230987037859775,0.1578074904865853,0.0250535882940165,0.01704168988026343,0.015949377272095458,0.027808498661296026,0.039615304589002635
spot_0442,0.09145452371041486,0.2515627453883217,0.0107879139124706,0.03545833579811509,0.22733379144672236,0.006638723174424837,0.05790396268055886,0.018054671247733915,0.014537808516347402,0.09689774224344391,0.00461938646377812,0.016644046007254592,0.1435614992541322,0.015059293938205936,0.0023168868077582125,0.007168669410317393
spot_0443,0.022176153787545522,0.10487904942160038,0.209222594394706,0.06150251073980317,0.06462478400706356,0.015328343639929746,0.09620437367047936,0.005714621867381235,0.07716442730842327,0.04931610081824158,0.03272380709500471,0.172075979002035,0.009268008780951882,0.010415121022642748,0.015394076330124146,0.053990048114067685
spot_0444,0.08998114261452088,0.037540909082393145,0.2539566960516452,0.07877788310528408,0.017302808250254157,0.050220355592749295,0.01763511562525634,0.020685660279216957,0.18613388993814803,0.11703273720163412,0.00973380830563593,0.008478710055196964,0.06500226501982889,0.006203868944989378,0.0048784550584482665,0.036435694874798356
spot_0445,0.04362422206088949,0.04402127706143123,0.25697944733970396,0.06579302301937387,0.03314410033409503,0.021509842750371534,0.01759394970733006,0.038880048250043105,0.011019933847418293,0.10299241769087693,0.12632106607148086,0.1415704087517142,0.030894155449250033,0.05160386864831154,0.007253595223414052,0.00679864379429581
spot_0446,0.07164311508988991,0.01807808682558738,0.006475809686949711,0.052113628537303336,0.05839170732234479,0.009034927228747604,0.10951719929099665,0.1594042730331637,0.21335939018756495,0.0330279915616923,0.12462363259976876,0.008469673358858386,0.00575734522105795,0.05932512409327375,0.04846549479054107,0.02231260117225977
spot_0447,0.04736513442322629,0.059136158647661495,0.06334260479371108,0.18226330270537505,0.160511415057331,0.018182005732366373,0.08672028150525671,0.019038519460276227,0.0071272031777887416,0.022728536656165105,0.018698143390840687,0.03508073287582122,0.07393661294288123,0.11814047312964603,0.00803255204361723,0.07969632345803555
spot_0448,0.061665159232321846,0.08208953434716075,0.03858379364540764,0.08162911981844241,0.02126436268101574,0.03131526982851121,0.1391237214593217,0.13205348827098837,0.02254177655768461,0.08683473502385883,0.011343489316968354,0.12693427686269715,0.012694771484934426,0.015653512797676506,0.12317184472281688,0.013101143950193605
spot_0449,0.02499099711467979,0.030065644787494402,0.10210208331742766,0.01516305326218363,0.05379804605417568,0.19168813240820978,0.08287111752636107,0.10461739267685627,0.02578811875480361,0.026121670710592976,0.005440141275633916,0.154089920300337,0.0712196744921832,0.06666323695045268,0.008539312642338532,0.03684145772626981
spot_0450,0.08058518618893483,0.023555272100377615,0.008686795786481625,0.04712743728294128,0.005257428423350286,0.20900389400146638,0.057012811780123906,0.07796786657429498,0.13890552253025928,0.018398521216200028,0.07397284636530006,0.003086923325571297,0.054546464401121576,0.05101269895244847,0.11195624423981707,0.03892408683131131
spot_0451,0.0010771991435818812,0.11788243509184174,0.29600560307127327,0.047035309070149495,0.001501353117660297,0.0020751797504856666,0.0033528428316322986,0.0017166517220822423,0.08859907487515561,0.008777768948326322,0.29956782697374723,0.001090543319414167,0.028873131612804147,0.001703759136609362,0.004066440143396069,0.0966748811918402
spot_0452,0.04277653086183381,0.093694494959883,0.18199654100373827,0.0659917525114748,0.004723973385177399,0.11488962705028474,0.057870770704027935,0.05082570098729038,0.08756038659536697,0.028182859098419607,0.10621583461766464,0.014423155913140955,0.06691765889443359,0.046910315573127116,0.029497428318324345,0.007522969525812443
spot_0453,0.06239635337991277,0.025898218877159988,0.01836276830420885,0.0286512790476499,0.008780009773000865,0.2553195911420736,0.12918033147689142,0.15477728666876245,0.0012016562230982404,0.0009173351028690411,0.04876933752481418,0.0048595691188947614,0.010346419535518505,0.1171640710475976,0.13221665037615726,0.0011591224013905697
spot_0454,0.06576621127826854,0.040395606070129805,0.04512980929619291,0.09160235278910228,0.08575761540108656,0.005910117179338212,0.12752906176292672,0.012840281931550993,0.008087789666303665,0.013260459518552953,0.2445083567770477,0.19182429120009548,0.021733432228575215,0.005895166364434158,0.011867889991291233,0.027891558545103595
spot_0455,0.13391506606768083,0.06654765657929643,0.0923199224829444,0.12161196691669808,0.04999593445284756,0.04246105495934836,0.014944530038610015,0.15689908394594235,0.01741763350106081,0.15685882421634204,0.06133795408667011,0.009165599529352543,0.014901066980679263,0.020637431862511005,0.01796511596637495,0.023021158413641264
spot_0456,0.0011120030161963325,0.062023675479078375,0.029026466043247198,0.0338971658720597,0.0010198960131725429,0.30770142136740647,0.025442144318332867,0.0930637253101559,0.02842364012371635,0.17371133223595042,0.09100551861669197,0.0007835587538409103,0.013626869860693567,0.0736410939421769,0.05439247204306018,0.011129017004220353
spot_0457,0.04728793297418941,0.05149489202095789,0.14894172806468492,0.08245182158271012,0.10022496470612607,0.038207710187971415,0.07375067693831185,0.046230854856219916,0.012771309617419176,0.10445325628424171,0.1562518391407833,0.01727211723184999,0.013657705284988907,0.028690429069445574,0.021274222079914806,0.05703853996018495
spot_0458,0.05564031619717205,0.011690722361620042,0.0052164122678856634,0.16024620982116683,0.1923465334077549,0.011875263816621018,0.030451996637658928,0.09257307364903603,0.023174317597627052,0.010533379500804005,0.06893636260600854,0.009009804237844329,0.013505377014509235,0.0638337155898597,0.16251297800046485,0.08845353729396684
spot_0459,0.12480958733800357,0.11355222288014015,0.012926705570123037,0.16618678422654695,0.014354524637985203,0.06462625946972533,0.11003159267189859,0.1352316907189958,0.057326611961789044,0.012390709890143708,0.06980661159226764,0.0216179823310749,0.01588296506040863,0.032671017224175675,0.012815246423131844,0.035769488003589915
spot_0460,0.056494054286963115,0.02332645680809792,0.09903111416202696,0.010105953569577253,0.08364575715896587,0.015497782269942174,0.07635158099810133,0.2745901620433577,0.0016011660004056746,0.0010640266855142465,0.01157294667958886,0.04833779094828399,0.006476767479460164,0.06106135387229809,0.22944243237230016,0.0014006546651165169
spot_0461,0.0027057718251284318,0.037483191782559044,0.02231941840745064,0.13244004215787739,0.008469733959197498,0.09452765455077784,0.016587596920733607,0.027021462000433424,0.10979088125797995,0.19897458787015607,0.10976717016205365,0.057965233479615505,0.08338885914448402,0.037078659384846814,0.020193646469309264,0.041286090627396875
spot_0462,0.05854098443410283,0.004920052740289941,0.00606392315885795,0.013406069610831357,0.004047695925263162,0.0454213958471056,0.11185215658151546,0.23527664312804136,0.0008401117028326145,0.0012609201253401048,0.07272141228724371,0.07890548196340542,0.010180804672761782,0.04334444835946215,0.3124080788612903,0.0008098206016563085
spot_0463,0.09438126135535813,0.09567334032488742,0.06894233521571996,0.09694516047132844,0.06888093708581884,0.01271493622239164,0.03763221442796492,0.14854925864687415,0.06741800505141778,0.10824224572119574,0.010281610218889231,0.02963711926334336,0.04981941409888338,0.03710258089734426,0.003226730294465734,0.07055285070411703
spot_0464,0.1515854653761082,0.05349928251081504,0.14327207175267564,0.045381539951920465,0.04973774827131735,0.03935702753533658,0.062344792004883055,0.1331031534141274,0.06332219096166464,0.033185530105408936,0.02829764905075142,0.02444821088972343,0.011091210828780078,0.04093388806523857,0.04014094488788143,0.08029929439336778
spot_0465,0.06378526819954328,0.1085570812498452,0.11712147415411776,0.0719231728089206,0.00768727042884585,0.09729700290529811,0.13178757766783705,0.12006329339667512,0.021608467219442363,0.012088911299156676,0.012877390588676279,0.049151589246552864,0.03858622947014509,0.018005162633098145,0.05889643900239898,0.07056366972944664
spot_0466,0.08130280741611115,0.107097458101654,0.02513638039406885,0.022891043675458467,0.00806902747901733,0.03124180216278449,0.0520271118974145,0.21989127837665212,0.10225228302133649,0.010559481862226583,0.023497394254612496,0.014166966061541462,0.012372642511214619,0.13510549076424808,0.14353692643324034,0.01085190558841901
spot_0467,0.002315039577113696,0.055225543635461276,0.1533868551275682,0.01756684136728844,0.003273538683407422,0.009859426924132527,0.1427855151003211,0.12344233232116221,0.22531056424270493,0.11160380789315084,0.015382831432474839,0.0015357262338188563,0.02265878878686235,0.053205479133863434,0.025966024138111075,0.03648168540255884
spot_0468,0.0014581939039455493,0.10275686625027683,0.12007698026557122,0.11650260128959052,0.0014987605721737962,0.0037728584670478423,0.076961386427044,0.010607634562870413,0.06450026877854831,0.01407968853348179,0.07141835183749315,0.0012926539640345167,0.27271151778204566,0.010237813846559926,0.036676466538474034,0.09544795698084248
spot_0469,0.16078750686421395,0.20574507191069605,0.16399632113939056,0.013838620282837801,0.08770832073887123,0.019530310150036288,0.13480107727322588,0.10133578839636478,0.0009771995346784235,0.001321571597353046,0.0056459634521490365,0.023839145611260843,0.007222178671928347,0.06713779129401069,0.0051999494412288275,0.0009131836417542346
spot_0470,0.0024622882914285232,0.1447078625079985,0.16630861170975333,0.02513944327884975,0.004671269957959352,0.024852719917290197,0.006106342397739716,0.02570584467207997,0.07109489075372072,0.0922800294758545,0.040322055726498905,0.14844549414093344,0.07913048642868181,0.027368068571610477,0.006840952523174202,0.1345636396464266
spot_0471,0.0014976659432217709,0.06170120589905614,0.0060821864112280246,0.038128554298154836,0.0020785826344969973,0.28088249925151193,0.006789036320878445,0.008709461583274248,0.27292930709588414,0.10340739579019792,0.10210687227386044,0.06404366288020838,0.011216349008692688,0.02133742030786178,0.010039982606176027,0.009049817695296256
spot_0472,0.016857275329071837,0.1319247150847386,0.2563808811274351,0.011872137089495615,0.2715399760797251,0.0019028033161633201,0.004032184771936293,0.0018254841144203853,0.08173087567948494,0.02002517253138567,0.006314878673838062,0.05221352683430466,0.007921762787864505,0.0018510288646002783,0.0030661080026337427,0.13054118971290193
spot_0473,0.04425926083479279,0.013658656282071992,0.010788758581691062,0.16216214680609176,0.08341883848694694,0.06248355784387782,0.08211878180939565,0.08162616324647094,0.007637610894475852,0.07617126421249833,0.09396481778789581,0.022942670997893867,0.023136370766751645,0.012858929689318096,0.16517380152934624,0.05759837023048121
spot_0474,0.0006259217069090573,0.09554023098125658,0.04620906838246377,0.0287938748290987,0.000714592411902693,0.08721909561457385,0.028746742939679156,0.07139673089740489,0.05964097519550676,0.017365906577757453,0.2102595085932573,0.0006410389920201432,0.07654815159489317,0.1481565675710939,0.12133645816598318,0.006805135546199382
spot_0475,0.0007708595885375383,0.01842053380599462,0.1351299171597926,0.01540800441895284,0.0007365456659807256,0.009710346096492331,0.07308441040637231,0.39973503660366966,0.09461842649968896,0.017852952367149604,0.06734988334201297,0.0006093566219001597,0.01368669787285359,0.09270025178245173,0.020378998193401814,0.03980777957474853
spot_0476,0.2899040842818055,0.010329328677947718,0.007362690997651771,0.16318325235327819,0.018797791256964506,0.04752439177710397,0.02791591695146086,0.059736509469863086,0.001862923014424408,0.0020762023874121294,0.01929886801755218,0.13344185402105632,0.10416325844444867,0.08278106819588531,0.02891478664398532,0.002707073509160125
spot_0477,0.025696014568215006,0.07545826712730914,0.07287009297868238,0.04147499892765378,0.028880267326104964,0.23152220294777107,0.08615939822306451,0.121494537396146,0.0024703816935677243,0.003510025375875579,0.05963168007623782,0.12770287720673448,0.016995527720067957,0.05472776741481818,0.049337348068491015,0.0020686129492603787
spot_0478,0.10032876078611498,0.05414206180105903,0.18379607469028775,0.09754494940822707,0.013023445043361037,0.04575757018956557,0.042902262244546026,0.08987104938874478,0.04112176876996925,0.09695752341227902,0.03005344771405956,0.009801308533270672,0.006645908000822059,0.010638538233072859,0.06668514243254249,0.11073018935207782
spot_0479,0.1191036882080337,0.0016231873416473887,0.0019883387584301786,0.0023497191817691055,0.02341275698212756,0.14962855687051332,0.010424163033923357,0.022238686869877743,0.054180591460241005,0.17144110725914966,0.0036237177911568937,0.048226469454870066,0.002931266501175857,0.02341888379511004,0.05015658192745096,0.3152522845645232
spot_0480,0.05052701864124015,0.004328535996644234,0.003614230801989087,0.11969561411541697,0.28737424589843796,0.0075708939005733975,0.02533393587922237,0.05860370590455859,0.0012105647032799043,0.0010259118578136617,0.1554102511249234,0.07481426884810417,0.10737696270761128,0.020618511139997006,0.08151543704183915,0.0009799114383486397
spot_0481,0.002348191363857713,0.061009779872885375,0.1375867017795899,0.23786651125397348,0.0033376901836250808,0.011989769240041413,0.20885682859262023,0.057225401754858914,0.003155356325583688,0.0026230446955823818,0.04991411508381721,0.09439014435223507,0.10010979123027694,0.01826775256372128,0.00974050087895076,0.001578420828380569
spot_0482,0.011727168135072196,0.019598543959019284,0.007494906767169148,0.02678002014636868,0.266584243611112,0.01872116186251667,0.026483238140399167,0.00530758482959888,0.17825280491731557,0.05433009078254906,0.008346843343153219,0.21824946241577087,0.06991434117918688,0.012831397920653196,0.0039264617870375775,0.07145173020307764
spot_0483,0.11057319784200771,0.21913307014966907,0.03503551916110915,0.02349070913066584,0.24705579058118846,0.0013954853196281728,0.0027872904453069185,0.0016067584668820662,0.1016156826245578,0.020593955142052284,0.17576230483832433,0.010841530764974409,0.008042569659510041,0.001302620508364427,0.004237051292587205,0.036526464073172143
spot_0484,0.10617606701883799,0.02888587397134408,0.07412794557904201,0.14698052412461313,0.05364577799724519,0.02505893919224472,0.09073489897327881,0.07365733396040537,0.04816287160973238,0.00971048260369996,0.05446861213779323,0.00956507458582847,0.015589514108479719,0.02793473231082452,0.139297811973141,0.0960035398534894
spot_0485,0.006247653420372831,0.025971569423446795,0.08311328425163457,0.03994330715970186,0.12606597590013863,0.013459492414437724,0.1443703961694084,0.19405490276798257,0.025683319998139224,0.06352924398637616,0.016298660062408744,0.0052003157623747,0.013101447119759411,0.09397791612464117,0.09550898954312702,0.053473525896050214
spot_0486,0.07546701179910603,0.0012679365812388107,0.0012222394664554296,0.001518494490603526,0.31053293371672636,0.12226302886934699,0.002499937865244052,0.031110287774926946,0.08824946067288479,0.06198739532893888,0.0015280639058784043,0.21504513697381994,0.0018602380887713784,0.02962612874561951,0.0021066181763977794,0.05371508754404119
spot_0487,0.003403170168011255,0.028596810174335893,0.128731276837326,0.029191689929189142,0.005687321468965587,0.02492930876395761,0.12145160312979444,0.07401496334084913,0.1315210893208486,0.008641728759827586,0.10610693537517987,0.1444155741126985,0.0177589981963698,0.03676657294767925,0.13138781863252605,0.007395138842441238
spot_0488,0.0011075032959383386,0.013628258827159435,0.08387269781429003,0.04682854874950668,0.0012788299080659829,0.05184560087233875,0.18929119247070816,0.029495656414303333,0.22095402799982017,0.008055904550367943,0.018753633959447753,0.0008372958086564055,0.11144614646065437,0.08420874913367171,0.01277136132914351,0.1256245924059274
spot_0489,0.0004568290918613918,0.012113818545107641,0.24667683263998166,0.17363899610713399,0.0005384012010031221,0.0031161686001846475,0.1036716040061939,0.013909664079663108,0.07314789915824825,0.05770210269734472,0.03325798836739636,0.000425077468999161,0.06436032314014513,0.009498591505074178,0.15889556305053743,0.048590140341125306
spot_0490,0.08762660479408131,0.12379555000343982,0.038417673339903195,0.014030980243698385,0.0392852378753043,0.05151131722235969,0.008143977779307253,0.006183307224973202,0.07301813031169287,0.1782802815846174,0.09225523576531473,0.03163516804017716,0.048645257896257545,0.011292682699830033,0.08496862101027966,0.11090997420876345
spot_0491,0.007312821173464895,0.07361292732488278,0.008305233318290013,0.11174337938927145,0.10445663843116748,0.020773079742718973,0.014213343862909634,0.005813723999815621,0.07189169996477601,0.020367191948582185,0.11733236154773945,0.1257947977423091,0.041102965865271644,0.02074539067818532,0.09798094348384413,0.15855350152677133
spot_0492,0.07603108963797786,0.0814157129608698,0.026396616181005004,0.014944016697601604,0.2013023448902194,0.03523559032965896,0.06817707323348535,0.07338912167290389,0.05979087472633483,0.05626867244859315,0.006030171155078834,0.004955270191544509,0.08407179884710629,0.14644031135236454,0.006919198364242507,0.058632137311013494
spot_0493,0.16107696516853592,0.01979475871582707,0.15949111961813467,0.02156252191544221,0.0935581730715447,0.02020376176457025,0.12632127322823633,0.1425516453713498,0.053904598165833116,0.013818368073748368,0.04982632608375836,0.023767127234191335,0.0436407924774813,0.021442935296904466,0.014722792025997902,0.03431684178844421
spot_0494,0.022119504893621085,0.11043349409808634,0.0370822714772146,0.15651238303383166,0.07891532790098374,0.004514567318778284,0.0045263995174176334,0.0036711026935789155,0.0010665835147615557,0.001111071467050699,0.3593835612490562,0.1727744072981181,0.013775893047878318,0.00452952638070863,0.028557366536973144,0.0010265395719410949
spot_0495,0.1575612734463192,0.03019039835944216,0.03616223190967298,0.030199672017909192,0.14101987459883708,0.01296732362924241,0.036254337370364285,0.045557880845810104,0.031952267887386455,0.026515506720591712,0.11589807477505866,0.1695730439761481,0.031775318111782705,0.04892038704518438,0.043466889822874916,0.04198551948337563
spot_0496,0.044590828038892645,0.06739086243503507,0.3285558727528382,0.05613319809233643,0.04916059027979639,0.07849459946625843,0.0056239073898163355,0.006523453102730077,0.0014139258894660842,0.002062617017439326,0.15634614729314736,0.005026649781341939,0.15815599111200762,0.019350596979802334,0.019884778040780027,0.001285982328311704
spot_0497,0.0008052012505021194,0.022617924863019067,0.18593893886448423,0.01823681457219647,0.0007082187672431234,0.3050055204242654,0.026455356148257232,0.10920711457588625,0.0012226047795729953,0.0012169461228900896,0.07382901187310201,0.0007968339841782986,0.02953752285175513,0.12054774972312286,0.10291215817731408,0.0009620830222106591
spot_0498,0.0016101445126627137,0.007625597266522997,0.00406804024145322,0.042973010857228926,0.0026488566646670855,0.2606729086484202,0.019647496377652188,0.058560682338448466,0.20350489614522232,0.01563930076183116,0.1266258512505013,0.0013100407510077377,0.08348314353104838,0.07167399577549176,0.011451435294063696,0.08850459958377789
spot_0499,0.09318756082909467,0.03449374952247244,0.19519879565115822,0.010264420706707487,0.008304926365053663,0.0735010709316355,0.08891289968001115,0.05868277563945185,0.132162308103341,0.044446895541967665,0.004995650299911007,0.06847122591627748,0.016384234349697963,0.14353045205664935,0.004098243673503224,0.023364790733067325
spot_0500,0.02383034751622462,0.005274747716341283,0.02377274486403327,0.010941602584266439,0.03183627485111154,0.05926986371889876,0.018163351133440427,0.004084285319930181,0.11050949728445167,0.1294955037063771,0.15897333964332735,0.2988781391790969,0.0046986940013764205,0.00851389464392669,0.0544954476137717,0.057262266223425624
spot_0501,0.012126660653838451,0.0580956374556043,0.23983767911737766,0.02875224918983978,0.21571406565326776,0.02019788445019227,0.048467505832132204,0.02567554085946441,0.13109806051555734,0.03044695073797681,0.04256472651461533,0.05372457261536761,0.0259152762950229,0.02770445157338653,0.031789007532805384,0.007889731003551274
spot_0502,0.001988552246907792,0.14864001346802583,0.2402240632093698,0.03093577691634329,0.0031187316579718806,0.10443816013690482,0.011185326753635122,0.01322994651801316,0.11159324611769116,0.008596954277751786,0.014093374337708893,0.005852570318918147,0.13917668599360206,0.021372479935852482,0.0037939506642237037,0.1417601674470801
spot_0503,0.07120080614071558,0.1364828169696834,0.00791268497824419,0.05883815131402038,0.09771713437891548,0.0023680228007058914,0.005571358550736652,0.0025271409615483216,0.18390185242498053,0.09517993141898382,0.2399437233157424,0.007412146520302727,0.005914957310662248,0.002497880029610936,0.05152509314836743,0.031006299736780013
spot_0504,0.15267093179118102,0.023610579981280435,0.025592642905624508,0.01305867572995719,0.008585148735605595,0.19596639806468225,0.08649458079873903,0.10577980287279443,0.0013903897651937932,0.0013691494411197079,0.0071894072031147135,0.059745669272492294,0.037430653258966655,0.20848398900589754,0.07133912771992629,0.0012928534534245248
spot_0505,0.02504927295588851,0.004017723235171747,0.006796082219588771,0.005279433151154394,0.15354345866587413,0.23655318213317658,0.01792755115520043,0.04618314391930247,0.06475204579403247,0.04639541773513388,0.0077046947851479464,0.005117778734760314,0.004696976596495741,0.15471932031895014,0.14975179568948646,0.07151212291063601
spot_0506,0.0006780983102187953,0.32091899310293753,0.2155444653965896,0.15924281810289106,0.0006949604257457778,0.0014358831508275464,0.0032743972828106972,0.0017687920365250553,0.0007710932499352914,0.0010334071603446463,0.1392096038959864,0.0007514667965378744,0.14797634334141438,0.001772274382684798,0.004136331983688355,0.0007910713808621654
spot_0507,0.0016194214428550666,0.0066224182052612894,0.005147724612569053,0.04671874063390693,0.0017128238359545229,0.41724697583762327,0.01779387988300673,0.12277186974061323,0.007107166545827326,0.1285204765531756,0.0505291804878441,0.0014038528462334584,0.00819476695003901,0.0859200558475172,0.08357984530730724,0.015110801270265973
spot_0508,0.014017600642038023,0.011282002173214876,0.04743690249275208,0.034819845614218095,0.22688480012619996,0.01631945745894052,0.08372290481036279,0.11566616369551035,0.007692220105882813,0.060735516326883246,0.038192012728329436,0.016774680867903798,0.1629938226145737,0.03825324042331674,0.1081370556154763,0.017071774304397266
spot_0509,0.010656332125238858,0.00748610259994539,0.009717674868263063,0.015113357674867203,0.02943317819878271,0.1343060588551206,0.1642981656234498,0.034145096347764595,0.00079292973139325,0.0009739660618348956,0.1277978200255699,0.15394909581850436,0.10417136355093938,0.020613476299051713,0.185797063718981,0.0007483185002933167
spot_0510,0.02016427269270615,0.038004050465249115,0.06311188401880864,0.11433106145983565,0.017744018720872078,0.1399525348649828,0.010385591815340314,0.08780494527580573,0.03851318233301018,0.06114085746556917,0.07092356602738868,0.0016127499245529885,0.2087275452275099,0.040505324619647405,0.010296533702877754,0.07678188138584345
spot_0511,0.004837160809180961,0.007720535012386557,0.004677732309798912,0.08513504961294649,0.1929282862660314,0.028370009966718197,0.011739757047874113,0.13960440104079105,0.1546660049739898,0.0513584588269395,0.08812273147409432,0.07201755550832206,0.008060681727047856,0.05147038021684408,0.03066388823700472,0.06862736697003
spot_0512,0.0015716994754356988,0.10015859190304789,0.00822947891195826,0.007045430795919491,0.003201167710611829,0.0367879545325351,0.00658737181958058,0.02787832098180306,0.0816381730517475,0.4268170885977827,0.0040022794608408,0.0021904891729195362,0.011414667945276027,0.0709711753834054,0.0026252764236943758,0.20888083383344175
spot_0513,0.19478046363581156,0.002311375639507455,0.0020675817692419724,0.0043557478346938645,0.32901430721775354,0.024691933651008344,0.006343804768867611,0.09838629727942697,0.038849439803424056,0.08886857928999975,0.005601576403051891,0.028298347897284973,0.0038427436084553677,0.05673642140555303,0.008573811747919971,0.10727756804799962
spot_0514,0.001610060028790771,0.005173576630571344,0.004920929555448491,0.016670047517415222,0.002671703566370241,0.004544233716876161,0.15509613705592987,0.2496274702251387,0.3202020478435364,0.026582677378461723,0.04816625305951121,0.0037703602277203434,0.09372245598028585,0.02322586663498883,0.014314255316581375,0.029701925262373478
spot_0515,0.12932994975407638,0.08692177671492798,0.006692870837662114,0.06551721740848454,0.016857850093359716,0.1211286517232095,0.005339715784068724,0.057525253280066274,0.07433886746732998,0.1243645855329568,0.12749778045193,0.03492072090561295,0.006158021039095163,0.029645058389384096,0.06371316707644373,0.05004851354139203
spot_0516,0.09271899408452387,0.003696546514147858,0.00389925655820003,0.0038444205485730666,0.007149898787367657,0.013342199579145349,0.04261323476588235,0.37889621712353544,0.02281889976690973,0.11690893945577004,0.004852287966844838,0.0723208445587202,0.004025916392066741,0.13379649038576355,0.05180952594750656,0.04730632756504269
spot_0517,0.06511027762685968,0.027280329016820707,0.010801259580320815,0.043656619477577166,0.007139051892775477,0.0061979137214120275,0.21340454751209204,0.07512397478644539,0.09447981358994427,0.08286086447109757,0.06334325012709204,0.1762075939862274,0.06520060199838267,0.032808628675571015,0.01594206434772922,0.020443209189652516
spot_0518,0.21904334724010144,0.2063833399426603,0.07816969653300063,0.01188354471920519,0.14723680635400282,0.02646704356330632,0.04538170829722099,0.03712511767228323,0.0020594907631633036,0.0020361662300646204,0.006412183899015368,0.03257963178209284,0.005987848169006331,0.07718202509678541,0.10036454030639329,0.0016875094316979153
spot_0519,0.13734426956603296,0.12013992971695864,0.015554588503411099,0.06578830399842046,0.2086657691171947,0.006225285783802601,0.06799142909982953,0.037851294490394954,0.11763245917166419,0.02071084916124717,0.013499480482356673,0.010867154579367367,0.08685497599131742,0.03526113230977631,0.004821231543297644,0.05079184648492828
spot_0520,0.0014108439398037818,0.006113107040094048,0.012470720410345438,0.011905366415897636,0.002139672796985875,0.044963901320220274,0.11439118605778882,0.05230394044683101,0.17651455921959708,0.044795238261633,0.00804457882371974,0.10589785869314718,0.2017228153344399,0.15684865852983684,0.0562282792324935,0.004249273477165862
spot_0521,0.07718283423356649,0.025245119094439383,0.10813197642823354,0.07496130254488163,0.04419914649869274,0.04195955877163967,0.008331829822889587,0.0074746549569135465,0.11622260689897419,0.07161345847425249,0.10842354228523993,0.1531912118025191,0.027351602797785205,0.014551907021419794,0.07677311572138179,0.044386132647170895
spot_0522,0.13952453693978215,0.03884775111012419,0.09028157223287447,0.035213862103971726,0.009004651965173437,0.06354798766579231,0.05500537168747895,0.10619713158003516,0.05415635475683126,0.1050339872794369,0.012710636795026499,0.007061477299411544,0.010678246225736432,0.05828185305377973,0.15223408352449838,0.062220495780046854
spot_0523,0.08691775134812528,0.08558244839247948,0.014583010248375623,0.011162855109509241,0.01630094824595579,0.021957984263026843,0.029524591057607047,0.05912127075846794,0.226598809388538,0.1862941932600436,0.02532473522097749,0.02002363602095604,0.010369033902715959,0.03558423596233385,0.10080159796675803,0.06985289885412979
spot_0524,0.04343667704230539,0.02252974526106576,0.007521549847647666,0.03662550385895413,0.021262603586039094,0.184871885129757,0.09848893638006029,0.13181484935361554,0.004324007472132659,0.08372439372899336,0.12202557888945886,0.08791130179671977,0.010077229044255263,0.035195150892881326,0.10445648294933838,0.005734104766775523
spot_0525,0.3575667444732057,0.00662532646588955,0.056142210494395405,0.006307885078180188,0.05105140840091298,0.019266491704270118,0.049310815752177634,0.0862130307160992,0.001180266699419493,0.0009226908955324104,0.00940848191526892,0.020873079384719873,0.005315666852443595,0.012252118535741692,0.3165168421007471,0.0010469405309961515
spot_0526,0.03702274807452153,0.00928134687680353,0.004420327056821414,0.011622182596612532,0.023118236637128982,0.1538746190825675,0.015388782081075823,0.039421341355164986,0.19505505353923724,0.1751985789829659,0.008939761454845919,0.09765047215338449,0.12605254891921955,0.04161863116084464,0.00545938150074311,0.05587598852806285
spot_0527,0.031029098186853277,0.09141422981216006,0.09354183188792006,0.0722869865606395,0.009444728442955956,0.020972367658734697,0.01925305845673934,0.11157055896964163,0.05549423019640411,0.07129882267386521,0.0987581262383809,0.10642248894083324,0.054038915169930896,0.08611746882648559,0.03255715553165034,0.04579993244680518
spot_0528,0.08569644612902393,0.017431070378611347,0.03997944405552293,0.010658894944285464,0.07316883198075086,0.15046432229912265,0.05967683449010904,0.03235483071957282,0.05547532512452125,0.0643608309331614,0.08068702028081784,0.026510350398473284,0.01577635579260181,0.04816629924115592,0.11352675056247695,0.1260663926697925
spot_0529,0.11478475838716319,0.03383111090276137,0.00919067614401601,0.033422258702959166,0.08217916022236435,0.01011799278616751,0.053337489712792764,0.06972973491521345,0.06041205304181887,0.0133234933740776,0.21751848176938213,0.004105852911374703,0.007067948002644056,0.034689979920204624,0.20092645545646015,0.05536255375060006
spot_0530,0.08944617116747193,0.006019337119227964,0.005123062425159033,0.0500911328224097,0.07891004635750441,0.01413192696086968,0.051172161959160356,0.02992389753409079,0.004138081872550776,0.0033272209660388102,0.2803574944676006,0.1979034285554221,0.018737871305138452,0.11424101626078469,0.051278584678329506,0.005198565548241209
spot_0531,0.1111905037904163,0.05272326228416249,0.01108565618970643,0.08400078064367078,0.0034992260240860203,0.17964999981797555,0.04487964270542858,0.021520172778882962,0.019976815407052945,0.03132190331807501,0.17845465232021251,0.005981442998368456,0.012250566553454256,0.029631388629555375,0.13595719901037467,0.07787678752857768
spot_0532,0.007907168338007968,0.015317428541347078,0.01829847773219347,0.2643187921894087,0.008965601840726752,0.016239698004803006,0.09379484477851034,0.12208134631004314,0.03972349501168288,0.1822304112755903,0.016039423680555276,0.021973042870493616,0.03605455326315375,0.06561030791494554,0.016718209375082938,0.07472719887345525
spot_0533,0.07559945785966608,0.0033037439395482665,0.002610992762748379,0.013688945112868531,0.019736087648753373,0.01551666051057985,0.012255582798555287,0.08815408207018781,0.031033077575601364,0.05993231927292979,0.25604540324217057,0.017609106540920752,0.019058478819873735,0.14013109285852166,0.07869109062473086,0.1666338783623437
spot_0534,0.026397814236570477,0.013387530501873983,0.1439891534291283,0.019532158436891874,0.13953324241404164,0.038232611215552964,0.039787461370544785,0.05654152383111587,0.17290406410770312,0.02643235048080197,0.11238867792078047,0.025005589257178426,0.07638125179469359,0.038149110487811534,0.02369073984815641,0.04764672066715459
spot_0535,0.008449784067083469,0.11750477651470981,0.21218344099119915,0.2260454316178755,0.12001297643481093,0.0056757479480948865,0.06503220898534758,0.021021677584029806,0.0008643495349648231,0.0008888051894541606,0.13883295170634252,0.007538342688981703,0.011243901674527922,0.011847427950519124,0.05138620378685867,0.0014719733251999825
spot_0536,0.0522866953517539,0.1017551560214841,0.4107894866935126,0.01611876712414861,0.0054816738761430785,0.00965046330257625,0.024339726476946474,0.08625836070331588,0.05181072535463872,0.0074118230000304675,0.011868447065559791,0.0860729353308961,0.007798828590465954,0.026327604487130517,0.0659880408570413,0.03604126576435621
spot_0537,0.00079341782753099,0.02259522717329457,0.21391086390998948,0.07438875365143999,0.0008338917378182271,0.09310133442557711,0.0862725674308905,0.06295661283101675,0.017581673988842625,0.19935581526540416,0.020604148723512412,0.0006072497500434063,0.02338656911030227,0.06776326447944213,0.02220345169662888,0.09364515799826652
spot_0538,0.0941896384077737,0.0034533150027573198,0.0036434352389296113,0.008021641284973346,0.13036114871148674,0.17064607670669493,0.018912438264172826,0.02223260014343683,0.004218620117256303,0.0067961001545923235,0.0366056821038605,0.35405835903107336,0.05837401264267646,0.0597569606700237,0.017281454422871524,0.011448517097420558
spot_0539,0.16418007607319712,0.08069488027625944,0.13816035087761844,0.041942958439832576,0.038191198019477846,0.0096462367851011,0.09840095782629994,0.08440819260074788,0.11055717190554022,0.08593904595674716,0.01641085755736409,0.019839522490336256,0.043589451633985345,0.023180209980333006,0.010696845119081108,0.0341620444580785
spot_0540,0.03322803457176555,0.016314663496632808,0.04311805546286602,0.05422405097382989,0.12215573752710113,0.020282138841992293,0.12262208229292562,0.03058037953769598,0.020860866436603478,0.019399549082221842,0.24110001975192452,0.023624609725320638,0.007990626384846333,0.008396175437476502,0.11983364478741815,0.11626936568937925
spot_0541,0.11315409133974659,0.012512779811995932,0.16376903277409405,0.024961252017143675,0.19085980341475817,0.012849399976322638,0.037988635275343345,0.017053603525073634,0.15767089857112462,0.09062997366866452,0.03133967379210804,0.009652613779401865,0.022981164708844953,0.010856728694674616,0.07514603668511617,0.028574311965587153
spot_0542,0.014337449530962602,0.39725146732187605,0.03803743710378702,0.03688713085020707,0.009962159866401362,0.11477773523449945,0.0502245535506746,0.06825056879151041,0.0013374651512454384,0.0013196608813160612,0.011245331952991497,0.09771589927719684,0.00930080836292539,0.13945467225796934,0.008704274781585787,0.0011933850848510747
spot_0543,0.005217043526219742,0.08460531905314841,0.12086747238267184,0.013647970216526374,0.04471476973926493,0.1138316322456503,0.013382224685541911,0.08236374901423787,0.1086543847896045,0.012519777599133076,0.05971369222234314,0.10785771626397765,0.00936160593389423,0.10187739430067713,0.037415735375235855,0.08396951265187302
spot_0544,0.02654386070873434,0.04451866435905916,0.20628322249640782,0.01779071224861346,0.04639940156837821,0.0912704011549002,0.0712559580087837,0.017921273025804537,0.03844912987402612,0.05116305194014561,0.014526719852229945,0.1275513477474631,0.01410386050877734,0.011828403465764237,0.13989128684541793,0.08050270619549425
spot_0545,0.1436904082493074,0.011306275399316069,0.004149188515227547,0.06591416745530264,0.35695349106012714,0.09017972303253821,0.06291512776724517,0.014332289171626824,0.0894357572152613,0.06149881874351057,0.012025127891423841,0.022781745579432872,0.007020914692934568,0.0068903064344959485,0.005700904105284604,0.045205754686965284
spot_0546,0.16385063512086043,0.00474075920640316,0.00489175586731711,0.03857007498134774,0.09260627235462156,0.05873170218865898,0.00821667911410543,0.005369227652672724,0.1770046865152447,0.014804035346429434,0.12287770568471203,0.012329991666068076,0.02948071807512895,0.015348359235576745,0.03412499266534753,0.21705240432550543
spot_0547,0.0004770169874225704,0.030424773632520257,0.21878631063921547,0.01870316427057218,0.00048135941805633954,0.004889358724664298,0.1322812306430427,0.034054512340449594,0.0014071456502539367,0.0011081564877628593,0.16273025048109896,0.00047762377210324244,0.008342106615742605,0.015392467744971326,0.36832432827540906,0.0021201943167145606
spot_0548,0.09970515716879862,0.005000452495453979,0.0028444842765219646,0.05880515600295871,0.08509182328773274,0.08339902257488237,0.08745776946985752,0.12192660068921846,0.09528097906201224,0.07107435591458455,0.11550398809425211,0.057104964103581124,0.009394468401887235,0.03434649339495316,0.049774993025675535,0.02328929203762971
spot_0549,0.005135583805052042,0.022540135841223632,0.1744683847070521,0.029101075977525464,0.005881705899601345,0.06369153024854424,0.0970563030602791,0.13893481410408512,0.07658692823232945,0.10058389603561864,0.01351328612604641,0.10968682328454886,0.020030667691306424,0.08276874898011696,0.024612407222025862,0.03540770878464434
spot_0550,0.24359240974758375,0.029357851246209397,0.014430912458005474,0.1462103280177433,0.03632118960136335,0.09034007169170447,0.0834175568212348,0.009162432645236048,0.04888445729665996,0.02270747925033363,0.07809375641804596,0.007687521692645628,0.009950641111156889,0.03386659658574285,0.0641898780678412,0.08178691734849329
spot_0551,0.0028119780329521936,0.04029119630230862,0.014540788156937873,0.016550146207208988,0.0037585694470481687,0.12358663197836936,0.01881549958707006,0.10490793114681013,0.05062273764099987,0.17317601317631995,0.19699802176118814,0.0019456963998405652,0.015650051774039053,0.060105738569759815,0.14665542002935147,0.02958357978979577
spot_0552,0.11530901146122481,0.006996745430738398,0.023599416486791105,0.011342568662323759,0.1740367130988316,0.08456614663134722,0.059936077871028996,0.012222453179943311,0.04863088357235433,0.027088259831189225,0.24183261445789841,0.099034581800441,0.020843335536168104,0.008925862037311981,0.04252385392280213,0.023111476019605615
spot_0553,0.00204575477179426,0.04911963600061964,0.06664030693210252,0.014342727732987719,0.0035463789814425373,0.26429595819609575,0.05984935751800204,0.11234113474315775,0.20019353035864357,0.07961386741798537,0.00566545921420017,0.03218147450342932,0.027093305020661835,0.05427750497508905,0.006674733435290511,0.02211887019849796
spot_0554,0.10062665650831848,0.22302803998826093,0.066576713302174,0.0139296109235161,0.02069002388202511,0.0033481446788229236,0.02137967876233971,0.007098952008055822,0.008502805054102346,0.15358013486838695,0.016076585972279633,0.1017386408949893,0.01052543048365427,0.0056035209074275045,0.23399498609082847,0.013300075674818444
spot_0555,0.4423574109020829,0.0028963248309000125,0.0027580447455203844,0.009455849683055467,0.011931481455565338,0.0069634319908251745,0.017846035786014063,0.10518773087552884,0.031225072897630594,0.07116157529212752,0.09657010321981008,0.03473783365863569,0.007052041759632851,0.0450491366817661,0.10569392412895233,0.009114002091952672
spot_0556,0.10548896527475651,0.1563156919049992,0.017473715891354172,0.06325975791086966,0.14903353117198825,0.12106399517665169,0.012413135937595205,0.06591019775256239,0.0013937269272984506,0.0011483536351002551,0.08214483768226395,0.02941904491270172,0.01934513113028916,0.07970427057543662,0.09461550880105915,0.0012701353150736264
spot_0557,0.12871074525595597,0.008488091870268655,0.007101715295301739,0.09098522317593377,0.12096397874072304,0.07538975763514794,0.021897420360187627,0.05139315649453585,0.10038575426507156,0.012690040643129872,0.016113785981130193,0.1602607316737819,0.038048232530639776,0.008873462117036933,0.044552914889746185,0.11414498907140902
spot_0558,0.058098761365093704,0.02686837381380301,0.06544820082186668,0.047940758497494955,0.0504412093024952,0.08070099624440596,0.03431860103970208,0.032204811949827356,0.058173934025779216,0.08326245262961479,0.03356791693080626,0.03769005110987255,0.18635279633423876,0.08877518183846023,0.00899588507481102,0.10716006902172823
spot_0559,0.001345403982840122,0.15875285459829022,0.12869163893728877,0.032043547085277416,0.0015488552993672136,0.1172388413950314,0.07408763412303312,0.05729800264779874,0.05274998952086125,0.15430142457071136,0.020329243850520547,0.06906328184420978,0.007242426626348685,0.050413916380174346,0.02545660076323063,0.04943633837501641
spot_0560,0.07335076704867947,0.011027115340918502,0.09497803608449468,0.008669428649038746,0.012288638219738041,0.07008934192280367,0.03188808056777179,0.15027724665082065,0.07695689887681502,0.08175543604380611,0.010523208600989457,0.07529866657519141,0.03285750602075821,0.10026565218597758,0.12074943809508265,0.049024539117114005
spot_0561,0.27211743688040274,0.0443616774879102,0.014361926305271083,0.22035375646673125,0.10062554903720337,0.09305308417589399,0.010169435508206934,0.008139083366650571,0.09560192503497994,0.0053550315875943045,0.025576453181189403,0.022323212008128934,0.05047365824891396,0.015277860509123714,0.013561145548788931,0.008648764653010668
spot_0562,0.0638714608184985,0.08910186785862682,0.025765783667609673,0.0914222199140415,0.16955992040293025,0.03948919666880424,0.06764534682221975,0.05787408443773528,0.04114142066833242,0.01228466499143242,0.09779154157620827,0.10283377583763068,0.03192208870356903,0.04492945321364477,0.020065354739253232,0.04430181967946318
spot_0563,0.003355459816289094,0.01841240821532511,0.048181095960310234,0.14835107584868062,0.004319452399425572,0.005692362562678651,0.1477564108204572,0.1016183041947462,0.01305005220283603,0.15877853731783156,0.0879606724628977,0.11166975319668822,0.08117946221828606,0.01261115572411673,0.048388981631138195,0.008674815428292812
spot_0564,0.08830468225217608,0.02526504579291651,0.18224975728897388,0.1059909476309895,0.06026697787383705,0.005828086941778234,0.1864472477777101,0.010522904788763034,0.008397771716410667,0.04319941863286597,0.010268095943582765,0.01569494770941156,0.14101039731033124,0.015159449541554085,0.09522393193339547,0.0061703368653038635
spot_0565,0.0005487004362393701,0.02348701635264351,0.09891198021523119,0.11043194224271624,0.0005625234902588794,0.03824136065547028,0.18601529928194577,0.08771664339932257,0.03554032826847737,0.08559066061185049,0.09953281176212728,0.0005512378426349426,0.021807153542921984,0.05757966427161284,0.12666486707145203,0.02681781055509526
spot_0566,0.001220341994446121,0.009023666389702256,0.006743721554414165,0.13575520966763607,0.0016109824023821755,0.018031723880808308,0.01365592950604504,0.011705229290139655,0.08436609349722234,0.17873933182234372,0.2200168598133297,0.0014644847607265489,0.024805637514550748,0.07736959111801098,0.11215617610253678,0.10333502068570538
spot_0567,0.12377436801079772,0.011399540953155261,0.15781134750244386,0.006027244053110876,0.08604041487037817,0.010601335609667107,0.015103063362451043,0.007516108500022752,0.08708302744085927,0.03075675149915559,0.008156912201435338,0.28071491248167674,0.004997988771175255,0.0074199028421086475,0.10908919789694964,0.053507884004612725
spot_0568,0.06583608568679643,0.02810632149388299,0.23878127300119426,0.007141765776345173,0.009331292107809565,0.0580305469833428,0.031766987307704955,0.19904464665909022,0.12015023248620067,0.03879688231702318,0.004384039352121911,0.005215442994842094,0.005519717223939619,0.02010183124049769,0.012376205232260504,0.15541673013694793
spot_0569,0.15359149799070956,0.005201369140672438,0.0033602960167779337,0.04696620185629214,0.059958927843836184,0.08565776315505624,0.011415039804103064,0.14870383337317866,0.06756556264527672,0.009121047896268901,0.02869553469777567,0.185711593061514,0.049258515059170484,0.07962011039245263,0.047805606387066005,0.017367100679849368
spot_0570,0.000824906009425633,0.0021643199692844973,0.0023775556677047304,0.0025867630600933393,0.001111330154305124,0.4146993996319769,0.004909679922579214,0.10236505915453575,0.14090114773656745,0.11579413883676742,0.002667179285347508,0.0007878906683566871,0.003936049482263127,0.12433908676470012,0.0031275564877206235,0.07740793716837191
spot_0571,0.007031732297326777,0.03628467793687653,0.1391187929708239,0.14616372727669874,0.11176901051930725,0.0023839720918753782,0.00421222270303828,0.0018524951279700525,0.013362529388266634,0.07216675993269082,0.16207834341356667,0.23941538498190781,0.010046223149460454,0.0016766031320710403,0.0038287384557605278,0.04860878662235913
spot_0572,0.035989484411133234,0.09392384064953396,0.058176206547419174,0.14361028266349962,0.05291053622320691,0.006963872413891904,0.1650289045760651,0.03238283892504287,0.04535102637548885,0.020982244707698494,0.13380989301911622,0.05706872896932527,0.010306022903326767,0.02569437510877356,0.08618794074387148,0.031613801762606614
spot_0573,0.07153945876248842,0.06865736561225382,0.012300907059356877,0.12878047427417602,0.07098371846393671,0.04115126271936314,0.04655716358761372,0.10127578687196709,0.04219143746639258,0.02405311274302214,0.07573791768827691,0.0812799976829756,0.007592723956696078,0.07345089844298829,0.14423029143539168,0.010217483233100953
spot_0574,0.10355931430193392,0.1682706467626711,0.008328865403385557,0.06324758486413211,0.00589825338677096,0.17785951395382596,0.010531098863552954,0.03636588381043717,0.0009730346704670908,0.0007105261525380495,0.16152187936322857,0.002085518877827917,0.023896017046651563,0.1203323025786092,0.11530385994286908,0.001115700021098786
spot_0575,0.1480967372132252,0.015210972063039507,0.01830982501140372,0.11251109835210722,0.010717333689674584,0.19544364755484564,0.07236223941191619,0.0834788136881584,0.0016488419127881544,0.0019928265510601763,0.10134741706160229,0.0058607507147280195,0.00865352560919598,0.03767883609188183,0.18507839660988182,0.0016087384644912711
spot_0576,0.10736750669130762,0.12589438983561493,0.2688483253932618,0.009461327127892506,0.011448661397471926,0.03682533072184981,0.09982610845296261,0.02569904708733011,0.012166213681503479,0.0452254389453848,0.012718329665931056,0.006576227417904051,0.010209226599187262,0.09851764907908399,0.11890044263515427,0.010315775268159778
spot_0577,0.1648799588265855,0.1921975260625866,0.1189255026496106,0.09237381484478964,0.10857629582007661,0.11949270281109087,0.0684358952710443,0.030910530682712108,0.0018383817614353352,0.0016911613232306513,0.01673242290457987,0.003407771678405174,0.02317207215593954,0.0482242812508753,0.007243735044164341,0.0018979469128735788
spot_0578,0.0009949282734370143,0.25671275707940144,0.07099986750336441,0.03765020807922625,0.0017801866406486817,0.05356664251426832,0.029951124421997904,0.07465761358501814,0.03966301608815786,0.05865954646246373,0.07213517772525485,0.0009690636555561266,0.029661552197462266,0.12165890259132082,0.04417201887594758,0.10676739430647461
spot_0579,0.07646848583212393,0.08478930201932171,0.17068807399093486,0.03640049837373218,0.10813912466712075,0.05292541634717588,0.08094490262429116,0.006569030141744985,0.05609325242045725,0.007855476113044928,0.01968944369088281,0.13755526842718785,0.02041384516656603,0.07759395243893033,0.020132294983842378,0.04374163276264298
spot_0580,0.01945222780253616,0.075959172503838,0.07153635614737781,0.05828391361240687,0.1344289914043564,0.056288449416819195,0.07334805609710178,0.041030010553286984,0.057360246191653155,0.026334957469862426,0.029144306183400526,0.06326427916524224,0.09467028558362536,0.09087785232180326,0.080684613002447,0.02733628254424281
spot_0581,0.12970540566264915,0.0167359183580718,0.007042132092241921,0.08349932289450282,0.07254226273881406,0.10079524346737609,0.12164842425936853,0.01923795905199915,0.012261846173717134,0.16016919257628545,0.06197923020167472,0.02587964748515402,0.037174750200255825,0.06010215099391345,0.024028530000540116,0.06719798384343574
spot_0582,0.0805998526275139,0.012004452195820746,0.04161439837175646,0.02843979843996042,0.011274473547063707,0.07936870242773249,0.12235072653390318,0.04851746229755045,0.09613437503747163,0.017910916034730412,0.06877174906010995,0.14365637689520158,0.01835886338108366,0.02252926859109418,0.14958372381498403,0.0588848607440232
spot_0583,0.0032622740423033842,0.09906951954954536,0.03203737883356533,0.03069498120311772,0.008276103943229174,0.05025950439136988,0.0664189322839102,0.05590878113473949,0.12885825747226012,0.12629358497073848,0.0865411959204481,0.023069187532837734,0.044805923179056066,0.03299517628634067,0.16551566001544946,0.045993539241088836
spot_0584,0.0519200049583261,0.05984371607949733,0.11705267253065892,0.010595228500212207,0.004886770814540204,0.12490355378722044,0.025346287220796362,0.09763125028500595,0.12526263213267735,0.154492293917642,0.014638074175364812,0.0024289980222242445,0.011938210305059925,0.10276415006064529,0.063642706529266,0.032653450680862894
spot_0585,0.032581091343507,0.0031040253165966667,0.003332378835385843,0.003044404764577645,0.4494002169815028,0.17428153740852317,0.005940869672818577,0.14025032402058726,0.0016745654823469359,0.0012113211901519502,0.0032865722097691536,0.009605751798699689,0.0032079358568035715,0.15873246494258872,0.009076108493581541,0.0012704316825594988
spot_0586,0.011964227982113244,0.01959649930365413,0.11421039388622492,0.032877040759076756,0.015863969550636136,0.08819476219928012,0.16861171219916174,0.13011700832317583,0.12170459080859974,0.01753602090565635,0.06267343560097187,0.08204636655161028,0.006830883349534031,0.02973005611140031,0.052931193361976776,0.04511183910692778
spot_0587,0.0044622271248285885,0.1567944494985977,0.0761056876966634,0.0784383578465722,0.03328873117324435,0.11440787851424293,0.02584297206420411,0.01593311250949528,0.02959209819584565,0.09297079597006544,0.039923919708670826,0.0028551354674890114,0.0844077716688019,0.07890135644018273,0.02934899207938002,0.13672651404171587
spot_0588,0.04827147008583353,0.09927424371239868,0.0662772310614378,0.06185658809499443,0.08217358214863218,0.14794851065592157,0.04032087360521479,0.057503464144758355,0.12823825447094508,0.01295551983444811,0.06733680380405264,0.04954641847935568,0.06255410511941767,0.01651107066955315,0.0530695798094327,0.006162284303603604
spot_0589,0.023558941448654735,0.14073821274505682,0.057858324932459446,0.032827746784623926,0.0858506300238659,0.0024537775325413342,0.1899000089066006,0.006912146471898239,0.08224377184447022,0.009792554421490003,0.011284138612735967,0.1384339689238837,0.16146729488517914,0.004879518284120365,0.006167079683346831,0.04563188449907276
spot_0590,0.0035406717303097216,0.07283455398702791,0.020465425657921886,0.016965707940102832,0.0031614900163752266,0.13970594533226463,0.156936260407643,0.15644338285470627,0.15190014236232283,0.004985399473726176,0.008418521747669909,0.0016828895342756098,0.01637535943365214,0.1407611355082677,0.09581337089946207,0.010009743114272107
spot_0591,0.002450731719238265,0.1440932789172293,0.1488258084662586,0.033329850368461866,0.004723494727959664,0.008461920123077688,0.06294772739125162,0.05744717103465267,0.10572473142862078,0.25840033143169494,0.01255298580872268,0.02859981685684947,0.00924559509694263,0.01625260501187408,0.0535490813513479,0.053394870265817865
spot_0592,0.004940838641823094,0.018442704936652364,0.2268196941823779,0.01404251594337437,0.015662254489072266,0.09901983378072912,0.2797573874274014,0.02928116874127018,0.026660523506313615,0.03739355993991897,0.005087393781904444,0.10701479103024605,0.011268559556816368,0.04784997972942298,0.008696270383787789,0.06806252392888908
spot_0593,0.04028639974657126,0.13195765857456548,0.007865210368051254,0.17265498754865152,0.16060635750654498,0.004171831947372961,0.022674199224239015,0.005864815706998709,0.02672760876382158,0.008768498528871845,0.007069407642256019,0.1783036876778298,0.13903663371262512,0.010139607422288678,0.0026028063780853083,0.08127028925122641
spot_0594,0.0013121954488794299,0.006279552546473627,0.005931764430339786,0.034797195601159445,0.0013299957424710975,0.02884229378542158,0.06313583190481543,0.13136186596443042,0.001768703711633463,0.0018418610780961044,0.22612710707768546,0.0015556433751896046,0.020851520152325505,0.1311059015978701,0.3418008617916577,0.001957705791551237
spot_0595,0.09848161887753017,0.025605699016298753,0.12823365094825484,0.007300471780165485,0.03111568843597341,0.21712617761427996,0.013106163286292086,0.028911704945942432,0.02183133673296309,0.014657505745139023,0.009502307216809903,0.3294606547393366,0.009220483067228247,0.050832017358372235,0.006784375096272325,0.007830145139141457
spot_0596,0.08539061130685578,0.2143286880424867,0.03376700957337465,0.0968222308375478,0.07605091705225685,0.09543291158518845,0.015431813749996953,0.004714124921905796,0.050644201860828526,0.014907415252586365,0.02579125709188759,0.1793835251705781,0.017152881289654004,0.0044813177829769665,0.021471374412161123,0.06422972006971434
spot_0597,0.14003441502805528,0.03455675265848939,0.11734889410515169,0.07854737132426048,0.039909671677650305,0.031407458946037796,0.07093493516917468,0.007565804261049328,0.08215461999807601,0.14304653535368245,0.08097518018666361,0.03947279621553412,0.015759767615923514,0.041238261942338685,0.015909813164708953,0.06113772235320372
spot_0598,0.031212751382242353,0.03567544564052177,0.24581711115994015,0.03199105688048059,0.04856930882121907,0.0038569453113223564,0.029342754656770727,0.007724092673588389,0.0014118558462218515,0.0015465835696181292,0.09933509208674068,0.27131805887417565,0.0774837813340419,0.00639818719882957,0.10686108832686804,0.001455886237418761
spot_0599,0.021967438030789127,0.043371899589468306,0.009330407837316557,0.2237017063596617,0.07521873763448049,0.09338430532127309,0.012286387233949852,0.037571876074266757,0.005019378707282097,0.010130614767276289,0.2087264119577865,0.10513368767378818,0.021255761886349155,0.03667053262904847,0.08612947544714686,0.010101378850116575
spot_0600,0.10764392547917201,0.0861697864803038,0.2548272971545814,0.029533557406910927,0.15593780537512894,0.001208492116687858,0.0027594162906209216,0.001225795229944801,0.11152688044987864,0.015046930999381094,0.13143842407591913,0.0739869741745151,0.007375858226276125,0.001344233210613414,0.008896638966135245,0.011077984363930565
spot_0601,0.07932999109059391,0.017543746301120322,0.07881055660995362,0.016754213662013046,0.1465165041399093,0.04257533226527057,0.035295402931854666,0.09668643969483454,0.1533405382408272,0.036245881128403636,0.10884812271716676,0.09349647188969949,0.01634320079229795,0.024821126293144567,0.04483269839239842,0.008559773850512056
spot_0602,0.06404389303275211,0.10864605402655245,0.023821704845127193,0.034851231334736076,0.12908118415985126,0.21683329905792043,0.19284193389551418,0.07842296134404121,0.0005757569205383202,0.0006319117356425618,0.017535724228420695,0.008480014922855281,0.017139886890276998,0.07382409564333924,0.03273542354243188,0.0005349244200001256
spot_0603,0.0333049616010347,0.07096288837070178,0.18565727950690072,0.09057286913230969,0.019225059022733564,0.03624575018689048,0.03963799680441153,0.02369868604532911,0.140467544046672,0.06266377700991814,0.061518265067994224,0.1552168363264242,0.01881615333297773,0.03469005861763997,0.012531877604223357,0.014789997323838814
spot_0604,0.07608212154326172,0.06649185746194454,0.040423300817519665,0.02961827076571607,0.24190491444772244,0.02270109650520844,0.005282117511992647,0.008968963344535157,0.00504229964671931,0.002909550913283616,0.20958023331143655,0.1864434784723742,0.04123679903155033,0.02540230643057441,0.02819259846687184,0.009720091329289094
spot_0605,0.0009420579124807803,0.03708154246649555,0.08872164893131299,0.020208889601217684,0.000999620360563239,0.008364400237082143,0.1371591754697181,0.24933563331339761,0.037799959552012104,0.029922976887983527,0.06597082492812655,0.0010747072297776332,0.014738073374876403,0.11043252361271827,0.08207403178123451,0.11517393434100291
spot_0606,0.003112907906571085,0.17894183474298486,0.019854269417516564,0.04851872509780847,0.007222504455929807,0.0015744999462056672,0.003983102565917642,0.0022846200828725467,0.048316231504502614,0.3339540726943368,0.10124721598336361,0.18560201708155138,0.03375045542649787,0.0019803898020655246,0.004582370450085091,0.025074782841790433
spot_0607,0.0003830347590179914,0.021607627540169202,0.012849173701319362,0.06574675018378644,0.0003882875800981523,0.037284898487471296,0.1291605841392219,0.1620778048422272,0.1253088279385712,0.036416561170478055,0.015571788546899189,0.00035376688909401286,0.06501706797807043,0.17237994035938928,0.07931666759333111,0.07613721829085517
spot_0608,0.12033018038891555,0.013549626343595644,0.04648637745453016,0.006883912473059837,0.05366955342371085,0.16947199539191418,0.03395058157129058,0.08390271403724854,0.0933584357046374,0.1351036934051148,0.006383550329185871,0.004642817744439924,0.005356220916292574,0.12052165748705596,0.07002264443313296,0.03636603889587519
spot_0609,0.11542274042121242,0.003161946075507509,0.0034226176123917547,0.004527455925948278,0.20565735703440616,0.12862096135112497,0.07957882933304923,0.17393434015743603,0.031868423770349284,0.0913648188914526,0.0046140660777208315,0.023990678652230417,0.008298807377724798,0.08561322459729379,0.023690735584091172,0.016232997138060742
spot_0610,0.06428070621828018,0.119799627809728,0.010444538732878931,0.33698429579971356,0.1514587785616447,0.0018411010516850932,0.010183090905977242,0.0036246528284866954,0.0026790356840742323,0.0025064100401792546,0.1113039913728369,0.006225018591819555,0.1669824578338138,0.003174779157462848,0.00599377508252633,0.002517740328892713
spot_0611,0.06979315845145287,0.007964095377224109,0.1486103747429541,0.03434939414341527,0.11728214116872612,0.020752512732875303,0.10269439002582695,0.1041535945494622,0.02912781995641132,0.015471669832184605,0.12638457643832815,0.026302707757436507,0.02244833458582412,0.0147901703630713,0.0957256284489478,0.06414943142585927
spot_0612,0.07437540774022595,0.00523769365261848,0.003049563286034233,0.21549172243352632,0.04874982435031751,0.07786641655317052,0.03115574460129211,0.052162531438470744,0.05122992242468743,0.013352286502846665,0.0883791060983789,0.07440994289881075,0.05290630418799224,0.057373947456916034,0.019462924794443403,0.1347966615802687
spot_0613,0.2007781819360339,0.13656945312807772,0.027884579005566425,0.014831969479863642,0.12287379600632826,0.003528827441059252,0.0037631297516644902,0.004178830711785074,0.03053944701476653,0.17237598034572027,0.12114403508605386,0.04795095947235026,0.030842869427757793,0.003998375375780737,0.009045252808791895,0.0696943130083999
spot_0614,0.05462015710717487,0.03883313451164489,0.1647695210842719,0.0317348463690071,0.040143802566501255,0.004478557473550808,0.1083743578041727,0.08639443803619808,0.1165859779537312,0.007478287317226024,0.01861424894078963,0.03266656717764203,0.046902361719525595,0.019115748392490334,0.20281854757912893,0.026469445966944675
spot_0615,0.12530751146197533,0.1494960957534481,0.02325201917377088,0.13822630389328158,0.03401118276898152,0.0007672620979820425,0.002241236279289685,0.0011180452877827722,0.06102452823574529,0.1364921116010809,0.0878211268566824,0.012144990834398609,0.22142362855434777,0.000982319585715324,0.0013608448333321489,0.004330792782185624
spot_0616,0.07141990217470467,0.0019042874197953317,0.0015402570993481419,0.004043472865015852,0.20449180412376128,0.020527150804057752,0.003981225445711329,0.10154803535796929,0.18797613511769282,0.04687180999664882,0.054318693333975626,0.1487916029038022,0.00715464760883102,0.0259386601821606,0.09427803954916279,0.02521427601736248
spot_0617,0.09801724975218537,0.13319981838411324,0.0690176879592825,0.17533058868723403,0.1698202210566583,0.002637132644927151,0.1640457115297253,0.009071740088988197,0.001513874200234685,0.0011217656229069752,0.0786216088858735,0.010433808426831212,0.05127287364276808,0.007109037419476099,0.027653232390701526,0.0011336493080938235
spot_0618,0.12934212067067838,0.04117382015999842,0.05662194527807626,0.009245316217700207,0.021852934048769822,0.03243632008603889,0.025370591635555106,0.323932105381601,0.02703124804670623,0.1435251521568322,0.006560309466117855,0.016741556758949266,0.019176263706430937,0.10870650925575391,0.017106282212700486,0.02117752491809102
spot_0619,0.1118511819251702,0.029095650379298774,0.09625872306037804,0.025986596656428954,0.10050543119629746,0.003785804022048246,0.07192061936231452,0.09373762487277167,0.12271950741997342,0.04861337339636038,0.019776635834604775,0.10476604577264972,0.005802405489296205,0.015716939437606568,0.10023521590933086,0.04922824526547023
spot_0620,0.03932889916311829,0.03184060522576775,0.06307628580366896,0.2535955040953157,0.17664878845744444,0.005569325325285288,0.12419310817595813,0.03275910937464925,0.010041547573466536,0.019181023959864794,0.03841535252845862,0.006124192460699133,0.05831999011294255,0.009957437096541948,0.012091881139821741,0.1188569495069968
spot_0621,0.00897542445257575,0.0034669678541261336,0.004030596180047325,0.004637027016219943,0.007856956077337534,0.2564595297504063,0.00955034640422398,0.08124640802141161,0.3544221776424521,0.018943479212443957,0.007267228993399284,0.01008506565557384,0.004308343077646504,0.07666585960572884,0.06473527039571536,0.08734931966069151
spot_0622,0.11844034054691939,0.3274782675588688,0.010048988264576678,0.10590603822142187,0.031275280396613314,0.012904319970770883,0.004525074133231887,0.05682579581832792,0.04866702610926125,0.008930397851443301,0.09130944852891824,0.09726939402052655,0.015242268741926036,0.01665616378314417,0.006110955017991126,0.048410241036058614
spot_0623,0.16257384305707734,0.034930859851152365,0.08164812811806448,0.0433850640010065,0.07729212546189135,0.056192345472114685,0.10565617283727394,0.005714511845133224,0.09373600434273197,0.05292283629588066,0.10691700595367862,0.029028876196944768,0.02716558239945264,0.03919655569758831,0.029747338453070385,0.053892750016938766
spot_0624,0.0006369295594320058,0.0030605313781659313,0.003296770668327746,0.008482849607762199,0.0005784315361461327,0.0034112854624462913,0.026084202333675127,0.11283779101064552,0.16995821807903733,0.22379176086590516,0.16478570464389783,0.0006579007498347783,0.004861866586977261,0.029035107928560254,0.11802897061500733,0.1304916789741791
spot_0625,0.0008475005670337494,0.027189792607382406,0.09987223211427673,0.05788331710906209,0.0010145976782727098,0.017343374402880998,0.11045006899931804,0.13355409345421906,0.222616287866997,0.007213448632787144,0.10865462140996326,0.0008264135718566546,0.023030053276167136,0.045240223435505746,0.1273009828843972,0.016962991989880036
spot_0626,0.006435167600775074,0.0027488382131451807,0.0022804647152572313,0.01694277421692225,0.0575095791752486,0.050367449831807194,0.03307547510957837,0.29873496308410336,0.0449762605603246,0.004636958461684795,0.08300947296632427,0.1479823347513943,0.005629533918194423,0.04681445157053892,0.1626199980179081,0.03623627780679333
spot_0627,0.0823769282264239,0.0614531898242248,0.07094211776102835,0.050262592205025935,0.07853146489791883,0.019568999693533432,0.03937812259151758,0.30760678866815205,0.0005809252103258664,0.0005422526354703658,0.13635921067669826,0.006144968915974772,0.037970560368297865,0.0340442903421796,0.07367087035094229,0.0005667176322860862
spot_0628,0.03395741538217109,0.014998006798511621,0.0958872218179736,0.13856573244103715,0.09121671840627314,0.027310972171598693,0.05915569037124446,0.08357950352148996,0.005091184765030504,0.042972746983212816,0.1295389142045571,0.11644848902951928,0.012293291400377757,0.019869010855115082,0.12031054257393374,0.008804559277954021
spot_0629,0.005036473871111091,0.06827821067212111,0.09538566903195925,0.02997066272795853,0.1371144569522378,0.23668884000503365,0.06123157762316455,0.061756265252585985,0.04619759213293911,0.0385031739162592,0.01797711421175295,0.007365706726808529,0.013143461501593868,0.12687704882519638,0.014303480100833906,0.04017026644844409
spot_0630,0.06302511545311384,0.024481102888291566,0.0855108122090796,0.048883846188586474,0.09001796671414895,0.005878712709795768,0.11578835557346469,0.10132352917701493,0.07828844667486726,0.054665408197595716,0.008997591688467687,0.03341635385047318,0.018056104324610977,0.04153822913983006,0.02231428706211388,0.20781413814854544
spot_0631,0.11230162079329284,0.03702676374532593,0.08794679434305043,0.010375305352597905,0.017416440144019895,0.022111528982254953,0.018213464371346397,0.06692766015977725,0.13145631172967281,0.02964893790634445,0.01701774514274138,0.23989623526591694,0.05895376821763744,0.10876502294445374,0.028234523486176968,0.013707877415390672
spot_0632,0.004257537781778596,0.012757623242852636,0.2907334872405136,0.08462180020952308,0.061417960183186716,0.004489534385700266,0.08441091703657765,0.051614021324721496,0.006227241956880307,0.0065296678630798475,0.07765935484701436,0.007770978850138116,0.02968556467515182,0.030274265251004392,0.16664243289811012,0.080907612253767
spot_0633,0.1678617741835791,0.006861211364722132,0.09951022735636533,0.0049141783328189945,0.014311208640916619,0.05059844626374493,0.0528710191461667,0.10203229741198377,0.2006261867963529,0.011694752173748895,0.00602041809694888,0.010757367458810058,0.005310085347394765,0.0812111980027315,0.07986745113824412,0.1055521782854713
spot_0634,0.0015268926520474433,0.03093058226589305,0.12722489733665127,0.11295245537221395,0.0022158193230199974,0.07655363214171061,0.07141357556073967,0.030973890852566834,0.061224169542287446,0.1194678849693506,0.11018092014667122,0.0009328111635765168,0.11808724321435556,0.030147795021940826,0.09048441871823056,0.015683011718744463
spot_0635,0.006985066187513892,0.027823664808093788,0.12522544095572266,0.022516926408144743,0.005576751874916917,0.11854310852279126,0.018532328209566667,0.023929670518829528,0.1595435494111404,0.051484999408627746,0.05018987689142465,0.18480705548101925,0.09423172315004757,0.04740461101724457,0.015948865331968647,0.04725636182294771
spot_0636,0.12580804446746402,0.037637063736411555,0.01846641878357647,0.08896010247719709,0.01691341393828509,0.12124825835103424,0.09033885771083443,0.009830052114210676,0.0173680345787757,0.22246519282442342,0.03616297807160473,0.005706551205905701,0.015685240151849023,0.007846633855663357,0.02498069086115846,0.16058246687160604
spot_0637,0.056454458797734544,0.008441808529873373,0.06500726729884437,0.012121603756672946,0.09760798175839619,0.0846226476578418,0.05341262240383607,0.019985922793322192,0.08756505814445345,0.07819478294132672,0.09041658446839054,0.038674565794089136,0.00639211635052938,0.028182806114705566,0.12250376302967478,0.15041601016030892
spot_0638,0.06651558341598389,0.004395023982749923,0.003730979574151048,0.0775591040986351,0.021285472067967683,0.017032680436853367,0.04474080447556557,0.1274613557610784,0.007581424018953847,0.10916407015465376,0.204034313483739,0.006002692685176447,0.015004020682079665,0.06932745728962474,0.20325051940060956,0.022914498472178007
spot_0639,0.20921125032931237,0.010467990098773961,0.09619841091149973,0.005702064225905586,0.08000715031919105,0.014152363033672018,0.019119260974917805,0.07388830718135558,0.015112680767816971,0.2120216843592565,0.032156812562431324,0.01916270796225555,0.0032178412887228307,0.019133232319656458,0.17155133579296356,0.018896907872268706
spot_0640,0.0004341936472047029,0.33249908091976493,0.34603515391156486,0.014936489828717883,0.0004472443841622727,0.004076181384495216,0.010765572565064142,0.004718605091795099,0.0026517279255478584,0.13615274647180892,0.022776245501663125,0.0004266524034914783,0.015254986775569331,0.00557357372149524,0.09874568546384321,0.004505860003811722
spot_0641,0.029018556594906368,0.008664700895518468,0.08876004181749064,0.03735840281179095,0.061780491618928214,0.25029888795176647,0.027967148701789242,0.06500811873309904,0.12998464798904663,0.0077741434594163945,0.09103747133699083,0.020193926566863838,0.04679535503965689,0.05486038634488005,0.05016794849004031,0.03032977164781562
spot_0642,0.008093570435139098,0.0597609688003761,0.12386036816963952,0.13524570880622624,0.004310708803229724,0.05003459353942967,0.05048084605682706,0.00434597066558627,0.08317944589100351,0.05855785555084411,0.13343101644483138,0.08723385302011899,0.0077628505822587585,0.006774634297229622,0.021722663385309957,0.16520494555195
spot_0643,0.057739506006575875,0.04436109825689107,0.07955872389423145,0.21749498104379986,0.006285130606829286,0.02895423390490177,0.28590324892042107,0.011691490513495495,0.03218270161056482,0.004417610309501313,0.06358798843748077,0.01364873980018142,0.0788980716908182,0.051237109031721476,0.018664044275975778,0.0053753216966103716
spot_0644,0.05367503694132337,0.14572853441067704,0.0317969999393233,0.04060368371851332,0.005688304811048993,0.059425324728164926,0.12543651175860024,0.07247968672099601,0.2206111011753201,0.08289157385874858,0.008569835421553575,0.004912428920588783,0.030223181106279855,0.04070908167244618,0.009235493020010805,0.06801322179640491
spot_0645,0.0009173735747196369,0.006427623063580752,0.04894483607730439,0.004606063808366396,0.0010005587458331395,0.09217636647605328,0.013749049555486748,0.19059659059074882,0.23793698648183823,0.1461407100168716,0.004443017410159864,0.0012044131389078675,0.005195147284087007,0.07615105949865242,0.02745478648278501,0.14305541779460487
spot_0646,0.12467337172634002,0.04450929007217329,0.02242689057249255,0.017280695250810153,0.017267419375025874,0.0708998410817128,0.038506768154127194,0.06960176584036994,0.1843203151972727,0.05325793101837593,0.01652200152943282,0.06126159217735785,0.0073890572643286025,0.05564655011666334,0.1502122535859746,0.06622425703754234
spot_0647,0.07391213207573571,0.0020719007252031655,0.001986506722761736,0.003006310504205229,0.10072266089685192,0.14114053522203976,0.0062806288622870516,0.16523449837597587,0.0015241757305264319,0.0010063906028720193,0.003841330403165935,0.0055560688364090375,0.003239010702101515,0.1547778785756021,0.33451746947387173,0.001182502290390758
spot_0648,0.004262809348373993,0.03058359641868849,0.06745720602979534,0.10926050209274131,0.0058833176336659364,0.10372680890286948,0.05619161847005326,0.09061591519875359,0.036207620576725046,0.03235475096769179,0.07490762176458385,0.26297899999216046,0.026806172600318517,0.04817784531923313,0.039588429555274036,0.010996785129071781
spot_0649,0.22130783027089881,0.011871743181762647,0.011467696688147122,0.007851275980545054,0.11013200072470572,0.09997668727752108,0.008679831952864744,0.0755794057328698,0.02764360778948306,0.06001497210280681,0.16310764178458645,0.12347346271615961,0.011280593933465631,0.04279453029397987,0.01401497736173783,0.010803742208465748
spot_0650,0.010861725776074197,0.015785775896501285,0.029984277303465014,0.055072026189563736,0.06827783517953498,0.09636552752350906,0.017005025130982263,0.033584301879239456,0.008707734306520052,0.06442831729537905,0.16364085801224362,0.1987482654800265,0.08139847716302546,0.014455539655892207,0.13668767312154517,0.004996640086497945
spot_0651,0.1454397229948435,0.07386310085631778,0.017566003115642888,0.37930131474042755,0.0317893379998178,0.0011721451751791792,0.003038778452616643,0.001262804196898961,0.02834501467812619,0.04559117409068811,0.03227082933509886,0.06962377868159653,0.08220527487744701,0.001166812788331522,0.0014532542821363143,0.08591065373483112
spot_0652,0.13819527466928175,0.13491904165633034,0.3056038547939713,0.00875745255509211,0.017625568241900307,0.03763405500289981,0.019164718815589125,0.07997778226861055,0.05153564924314288,0.015809242641662117,0.056875231706151455,0.049872980576136886,0.007365188849962367,0.023696689692038746,0.009906067003895666,0.043061202283334606
spot_0653,0.0027432622344682406,0.02038843033480646,0.006843907122208074,0.15348672466458507,0.05226153267446312,0.045267638100079,0.15460605984409156,0.1756934744211438,0.024307399673094886,0.0037029325076753388,0.06111842005024994,0.03672769600900429,0.04725596842749674,0.1056089064616258,0.06429264693856743,0.04569500053644025
spot_0654,0.1337769135706479,0.10052169771850772,0.008370096176707463,0.19934048649729594,0.019680033681077982,0.003515648866318757,0.060459462444962433,0.1011978812454854,0.12365939064892424,0.06140586158726192,0.08134025096666213,0.0208299538530997,0.007986387479952202,0.006697176568939323,0.02168110106673155,0.04953765762742534
spot_0655,0.0014180175523326025,0.15662740003644107,0.12980730721521447,0.12221377401082904,0.0015850884423852622,0.000866772315100983,0.0016626426734432894,0.000942947457964246,0.0772250358437003,0.10345437775293335,0.14210579525909964,0.0017384152686529123,0.07869622145182802,0.0008834073727581629,0.0011358982772346042,0.17963689907008204
spot_0656,0.0012818372383223515,0.062129487517386846,0.12954383089301869,0.059828378330713305,0.004074564241976944,0.05897377774103397,0.046949037755773554,0.06601713666304636,0.12022545691418098,0.10681777020750366,0.054602132106400275,0.04736135484406354,0.009920582940655488,0.04026411475460173,0.07382770062276822,0.11818283722855408
spot_0657,0.01341750654499844,0.024108181474066324,0.06619109844900613,0.10125051729833452,0.009689285901013719,0.12216487770201105,0.07938351262275391,0.018108388871012505,0.09061477345054886,0.02746604315269851,0.11927716541559313,0.13772588705258829,0.026676921132485293,0.07197794497450087,0.03506959584083741,0.056878300117551045
spot_0658,0.08837025604026441,0.08780800016610349,0.013196379969037464,0.06804080209483661,0.25513972518396555,0.0926771464008139,0.014094137991792127,0.0691210311913587,0.017998982227495394,0.027542416161919922,0.0729524087024382,0.06479916756005678,0.041627141169885834,0.03723719481982644,0.018992636084913708,0.03040257423529146
spot_0659,0.017972934808600162,0.009350572172131765,0.031130716855473497,0.018090632845613165,0.039993493519912465,0.05721348420560362,0.03883053529108716,0.17450287799242717,0.008301891902431403,0.009915636336972348,0.21091612146015473,0.10576702497614426,0.02886397789335716,0.0788881040859561,0.07233487165831473,0.09792712399582025
spot_0660,0.011725699671719655,0.12584997750171972,0.08889907811220782,0.10922622579578144,0.0031161687683585924,0.053921713579313746,0.0401582833484552,0.02289979741215859,0.07167921255469867,0.017160962420181405,0.2223039306492776,0.05015599951010666,0.06906463799237207,0.013605834565087079,0.06742079442966765,0.03281168368889409
spot_0661,0.0006498759625422117,0.055304258552127436,0.21670375468607983,0.026986843402587786,0.0006567511361306686,0.006584821619881933,0.073297332397499,0.02868607176908986,0.08315733352442119,0.13582799689778413,0.13676907267472485,0.0006596707953458145,0.006939431138486351,0.015255961386634605,0.08558024610246677,0.12694057795419755
spot_0662,0.03528306553223419,0.10694185979861309,0.020651482243546373,0.05104106906393466,0.15244985202149186,0.0949893121218055,0.012491116979204216,0.020806961700430504,0.06664305421261195,0.00990228394628953,0.12128112485039669,0.12632696547091637,0.01084181649883475,0.025857881736522315,0.11599457367752532,0.028497580145642673
spot_0663,0.006782819902482165,0.05357263759789067,0.04877226880218441,0.011186121853310834,0.07747245160753619,0.16406172279708436,0.011859594803382193,0.05744133309224143,0.002196382644883508,0.002066337843291253,0.024255913372985237,0.45524740673398506,0.012872938728041362,0.05425295487480549,0.015928606717850013,0.0020305086280458682
spot_0664,0.035716600962458475,0.06882786836754619,0.28722138292108673,0.06735795871494632,0.12584918845531162,0.004943555566540453,0.09871945358415396,0.08479623914085668,0.0011586046896711387,0.001218459002152984,0.030624998849151996,0.025645948636901325,0.01583826054995957,0.009905640485280172,0.14107745152218948,0.00109838855179289
spot_0665,0.01212815937121047,0.12083939773792267,0.05469337754341619,0.11766915587309888,0.0069365983625734205,0.05094019060987123,0.03541282459696828,0.04233421494001288,0.2459268619557895,0.006766041177679904,0.04738409333724951,0.10209514458067297,0.010531090087398918,0.04883606885267426,0.07423742808192745,0.02326935289153346
spot_0666,0.00893796687577922,0.02566555314654435,0.012331135089884251,0.011746145377684938,0.13529577865993306,0.14433177356852891,0.07019581189201968,0.09139555796355595,0.07836180164391134,0.15866712149481346,0.005003251069472444,0.005716752986511677,0.01390529661231727,0.16467624839374795,0.007186275418914908,0.06658352980638059
spot_0667,0.040350828759273094,0.029342029892370922,0.03930476275817736,0.08419040398236532,0.008440954799140738,0.03961642380501008,0.011295028413561684,0.1286117001789549,0.09681342129151613,0.06293586794313548,0.027801078811075887,0.04567359032078867,0.16784540453324434,0.10673238749939229,0.007817189692894256,0.10322892731909883
spot_0668,0.024834508689542473,0.010890288721704949,0.021042615824422538,0.22708143170139364,0.056175705086044934,0.004308756681584492,0.10045678639632007,0.012999785234864558,0.0014702186218466626,0.0011405149153359616,0.24420728599195016,0.1007670832769367,0.06964263842633549,0.034801725257923306,0.0892422163985216,0.0009384387752724739
spot_0669,0.001056295794237017,0.05264633622804173,0.17605828241074,0.05908222114308407,0.0015380898340152016,0.006904378160446279,0.06596499045780782,0.12185541313478633,0.24713139300489906,0.0373734508252487,0.015126505514325869,0.0009880728894996228,0.04198843749302636,0.01933143848198293,0.02695363502063059,0.1260010596072284
spot_0670,0.006854863569620241,0.03161410662445435,0.013288877590254128,0.02567084950844553,0.19353011090147262,0.12173593006147254,0.099698270196207,0.017558264417501992,0.087680649877305,0.12762619039176415,0.07527188910510639,0.022013516421988545,0.04817036865033963,0.060106144051149654,0.010037728369811049,0.05914224026310716
spot_0671,0.10032982076788184,0.013872048259732638,0.012078726704420902,0.10992906950331256,0.01037621183220506,0.05064855809723575,0.06964055586981718,0.05354223057530671,0.0814504456756645,0.05278866894071831,0.061159460094611776,0.07024237211041597,0.11639358511403358,0.00656200967549757,0.060247023941024325,0.13073921283812132
spot_0672,0.14668631746010374,0.0049714167420126226,0.004944781141887309,0.014465155437426248,0.021781397881676386,0.0068286333257561,0.04076385542173807,0.0412635632161267,0.19506171492837315,0.0359289691182205,0.06566112906624316,0.06841223009899537,0.025442877685416802,0.036458238984154165,0.07446339806369184,0.21686632142817783
spot_0673,0.0012698486822979944,0.3999061521824677,0.015311248661836504,0.04106276918196972,0.0010876236439412588,0.023681819925104944,0.023914166820075095,0.02282450943598247,0.11909619408845304,0.08052205295491054,0.021214874945385955,0.0010858591324748015,0.03744484363543684,0.05216642051988345,0.018740309015958752,0.14067130717382093
spot_0674,0.041969771893702025,0.0039386561747910475,0.006292647977006093,0.010377048681170172,0.020790133422494975,0.004842086541988416,0.08489716588323623,0.02835816743440213,0.2112021667712002,0.2642867320933173,0.013202023589459124,0.11062647471703531,0.004683146657703473,0.015015836032483397,0.13032787286426412,0.04919006926574597
spot_0675,0.20132137631126623,0.04115052643524704,0.22895612509555377,0.05881239363119141,0.08698873061407561,0.004444702335209749,0.03619403069941375,0.07085058561459555,0.026206471971790053,0.05496688345477189,0.015092777042077376,0.09138432566301007,0.015330875951865788,0.044346184720486556,0.007100802036248721,0.01685320842319645
spot_0676,0.016578156713992688,0.031044723352436833,0.04881159836503309,0.11034871857916163,0.05838763695443332,0.01150777111800938,0.15610361908951392,0.05284879929879425,0.014096625084785208,0.10457776943732452,0.14947349935248205,0.11572526464127618,0.05419874526029263,0.028823617969649242,0.040836554892590804,0.006636899890224259
spot_0677,0.006062462146226974,0.02811709032742644,0.010407958484034613,0.10246656207620011,0.17517301813094432,0.004124925293644475,0.05178776516766424,0.026660768855793427,0.2055361146794093,0.07074474301809518,0.05174553974326771,0.11461652254971155,0.022707873980131278,0.011722472441888463,0.030073846615249516,0.0880523364903124
spot_0678,0.01555590502654706,0.007546263252867026,0.015260413388335484,0.06870253327004627,0.08553151922548688,0.0030060007512390944,0.012081789962285983,0.00661229851799409,0.16488482884822955,0.007459417187394395,0.3053015668950389,0.008400821410293172,0.010497977753372412,0.0041973939133969915,0.11222150482747202,0.1727397657700007
spot_0679,0.15258621725685478,0.006585683842742701,0.007114047013231514,0.018010004491693637,0.01826763238226281,0.15470139845396086,0.0322310727402367,0.05726318709999539,0.004212552404059767,0.0021050046417371688,0.13066663423295732,0.005287058866323807,0.046215936445326525,0.07366552975153648,0.2877738526900632,0.0033141876870173216
spot_0680,0.008832605967979235,0.09848988759135735,0.12067025715669105,0.14593115311226806,0.08515013190312695,0.006651091614721214,0.023056669090001543,0.11458259119071992,0.0008354388131342643,0.000789466405909135,0.05691072665315119,0.006353493651869096,0.0850914577902695,0.056017963686005444,0.18982366551899035,0.0008133998538056689
spot_0681,0.042643726757687954,0.09839057017418518,0.022774776543079477,0.058132771870996296,0.055961863093631936,0.028549899876254316,0.04488661216713841,0.045582230555489274,0.11004195966619312,0.1101460983786356,0.028252951436086374,0.19801515636228412,0.033531107183673824,0.032913415005388955,0.005695150260319787,0.08448171066895536
spot_0682,0.003499104168677677,0.1103056230365743,0.22782579919673673,0.04768975358513623,0.060415850294371805,0.06579915405811133,0.0418822921488122,0.04544040671287563,0.10382613139396446,0.14102309369163973,0.00940957589912389,0.0025171102819171536,0.018665893738320317,0.026879981942201394,0.011334106981913275,0.08348612286962384
spot_0683,0.007700741697924111,0.033651716003478445,0.1013572520036216,0.0928590367357921,0.28751129865071934,0.06802184446801537,0.04926425246960949,0.05051506702597075,0.045451266086328955,0.0028343223928475663,0.029887518371438847,0.004395409855152962,0.052211587695505955,0.017987467302981078,0.12095956454100534,0.0353916546996081
spot_0684,0.3260482562538867,0.008258053967875082,0.18645092478403438,0.011892111778793839,0.13323922081404282,0.008050186439824334,0.012066123218151084,0.00401871289708573,0.06189176422048024,0.04169312347899635,0.02538188312393731,0.08541159628210662,0.008079529725256789,0.004637775705825407,0.058862271485576795,0.024018465824126457
spot_0685,0.012087514992042418,0.002990069357486506,0.002666798347048813,0.015502534420632213,0.02128437815921832,0.1513804124131608,0.014899906588116267,0.087615398170825,0.001431510018332577,0.0019517521104755646,0.26028705795129076,0.3217761407756519,0.005159441733689325,0.05593541684742852,0.04367627545859839,0.0013553926560025483
spot_0686,0.10726182029566031,0.00426982521791867,0.05247188994663222,0.023651657196941445,0.27762478345604785,0.0023973405772332586,0.15069983330527756,0.005502270040328996,0.002941533862416537,0.002587948561703183,0.02505687989012539,0.21025654582860345,0.12500375835847968,0.0032773077106543333,0.003830313415971655,0.003166292336005455
spot_0687,0.08144004078577693,0.0510103962474795,0.12536607943775524,0.030755940596208956,0.021328595779252352,0.011667806254920405,0.04410786437805739,0.0338564383186777,0.08490934525687323,0.1978986321417069,0.08863497018820785,0.008761596392545586,0.00596025690328681,0.05418108962296165,0.08725899215312365,0.07286195554316587
spot_0688,0.014574254347323451,0.02760851519098522,0.23283086435022524,0.08509251940229606,0.08401348621703783,0.010817719870003462,0.010293364116255891,0.04879737805985157,0.043966564402369145,0.08080388703163348,0.10419796819360412,0.07018544838216173,0.1008155860605212,0.03160740178914627,0.04469216017655183,0.009702882410033498
spot_0689,0.013997863629077179,0.018860228258182846,0.12284519967487652,0.010433604863807325,0.14387972161590531,0.03433925754425237,0.032442489174107546,0.041248167191515236,0.003170406273947872,0.007852279987897864,0.010576551406600854,0.18058021797057908,0.13697988661957974,0.227522682054466,0.010599860086629343,0.004671583648574921
spot_0690,0.008336016712340107,0.07068968967091366,0.010329454662768366,0.07207894652469758,0.10355511083676619,0.19083769704416573,0.0532903796647042,0.016844859630283343,0.2022894340169988,0.05684994533425438,0.009308618997332669,0.01334214870737492,0.02796030134130134,0.08575060582418213,0.03198413822771862,0.046552652804197944
spot_0691,0.18469849739863112,0.00692141830476144,0.005330636601298985,0.05413512204178843,0.1876141891031472,0.021191571484528927,0.0588675381243073,0.04972873587307711,0.011073292721800044,0.17446321271206464,0.042461171420576864,0.02470230856909895,0.08352344592244527,0.049251048712038434,0.008553916060104425,0.03748389495033086
spot_0692,0.016228813032621726,0.11744180812633721,0.012824822287567912,0.040244382380824735,0.15684548522482009,0.11344069660691039,0.034080708978143553,0.12060745246404932,0.07491588358410961,0.035969859376892684,0.044710599341618515,0.05249416029739749,0.012400413769686825,0.08172030656049051,0.07331510108529617,0.0127595068832333
spot_0693,0.0008270526145257532,0.002795330221684659,0.002077052974496467,0.015809626362144287,0.0008606915448283316,0.04981033288383986,0.028435557985481794,0.2907356388812017,0.0009982566389598174,0.0009874404141306107,0.27865189671518664,0.0007282002475238049,0.014858813656118911,0.051282280681200734,0.2602686049185006,0.0008732232601760441
spot_0694,0.12339352419799451,0.07439469449000968,0.16185865570949534,0.07614017498866787,0.004525793727028391,0.1771678116215833,0.02210865453863532,0.011903440755060017,0.0041079374356212,0.06781688459505025,0.10319366260289004,0.0030411487649555638,0.02764602128285385,0.011894772080737108,0.12007177475274777,0.010735048456669753
spot_0695,0.16429269168517377,0.15281196548383738,0.43125535210931426,0.003743810051657884,0.05888166240012471,0.0009039059723396233,0.0011571040331667614,0.0007805838402527222,0.08448160765882218,0.0523499425940612,0.004999661836372391,0.006443342699947153,0.0034370773157418547,0.0007526575759709745,0.001614089558772171,0.03209454518444498
spot_0696,0.06267229285163567,0.08716179153065767,0.057132474427623,0.023152756628336487,0.02335886330657229,0.1374097835413578,0.19115790281967987,0.015403417183076808,0.09807677219482618,0.012849655605418868,0.006757606313638624,0.006853292997827669,0.04613199595546109,0.01447214755936465,0.08017862059103531,0.13723062649348802
spot_0697,0.045230724559727625,0.00830308488578316,0.02427584941873424,0.009174529059184713,0.27602331730643337,0.07128900443826264,0.02268928287958252,0.07365481252292862,0.010722519173168013,0.02584877172339537,0.03556287106936441,0.07537580031581331,0.13944729628397504,0.1014071007454725,0.015133381195480388,0.06586165442269407
spot_0698,0.056003626712014705,0.2020006317534639,0.07588690039187407,0.013472168359854111,0.11240780075485357,0.020786078580406667,0.006838362294951988,0.022873483819660936,0.20375066755902693,0.03185971136632641,0.008419518050392065,0.02027396037204261,0.06829891543198063,0.024670689591090183,0.0032352882918034345,0.1292221966702578
spot_0699,0.04560789264760144,0.007163357972240163,0.015419913811126841,0.008724569809651573,0.06559935317585758,0.013687517261925958,0.17601637224343206,0.18937955129175107,0.013860287117970764,0.020480326675801984,0.02457691904684538,0.11657163481036982,0.004933080188021066,0.09636011092527956,0.19150558009487897,0.010113532927245768
spot_0700,0.059886512169978354,0.05479428946718933,0.1369630038256231,0.01679027341000131,0.13135495734552421,0.14227997414421026,0.013096194646328925,0.03492826307516341,0.009338114357484708,0.13745383506390363,0.04791346516459221,0.026285959919646655,0.006088350911523758,0.03387895403130373,0.08826001167158876,0.060687840795937635
spot_0701,0.10781065138572216,0.12508186426385787,0.12948406165496143,0.016248022853061518,0.028319497809110993,0.0043700298804943,0.008196022943276286,0.019965169753315925,0.16426787263298206,0.045205905805005164,0.005544271784216081,0.11156430385332586,0.0584082473506235,0.03274648152285275,0.00316280996512023,0.13962478654207386
spot_0702,0.010583365820781352,0.07838153433398552,0.016134291781767424,0.02917193621810523,0.07374965091013115,0.040016971180076556,0.031335060719443725,0.10415931821110515,0.10452982812631963,0.13234972669461895,0.014300035272772639,0.007291079998754052,0.014424955463096531,0.1426662578791563,0.18446115973087104,0.016444827659014782
spot_0703,0.004825134515621122,0.018313585243681915,0.21689761480065986,0.015233064392243584,0.013308058765125913,0.12453119751246498,0.13660631220614172,0.011363747300304034,0.028873897395175124,0.11277560795228708,0.012118723174137995,0.07196106075265514,0.06592380624248666,0.05543330605509497,0.04270941246640103,0.06912547122551888
spot_0704,0.026938865231198778,0.019455230961046753,0.10864435308645143,0.12302796033474181,0.11485225225752178,0.08546080572706369,0.03787968866773395,0.01258186996811901,0.1689197011946815,0.07282347194548305,0.06414545422372955,0.008153263387946617,0.01055158303325476,0.013809872767018193,0.04549062963120351,0.08726499758280559
spot_0705,0.052057925412264665,0.023625031370263515,0.013982162321691945,0.07841019261023947,0.006947560767876585,0.03307938992194428,0.10120516172453078,0.15783585206202266,0.07473369683618065,0.005455128128905599,0.10006957124191207,0.013654926799885222,0.01582644593030663,0.15379485551100477,0.16338886361813132,0.005933235742839818
spot_0706,0.0006552664817107152,0.019800303129637882,0.08345024392233549,0.0378382034262766,0.0006736169890766747,0.024688453001258125,0.3764156072695504,0.10180702623504571,0.03936578470954208,0.13182636294557407,0.07175532833858454,0.0005608525401632724,0.01668932456727465,0.05204878035852737,0.021870013321632773,0.020554832763809646
spot_0707,0.003172173834374164,0.013090289222882459,0.027291782875956797,0.0758949078564056,0.00639635613113195,0.03918164808247853,0.058831642631999845,0.06693004711354612,0.029023319632438822,0.15284809607369917,0.06171059976306763,0.23999549783146773,0.13466187482153355,0.07101337128631685,0.007952769583905816,0.012005623258794992
spot_0708,0.0005152727069640249,0.023869710130438135,0.04456495204088393,0.10316107616819922,0.0005824843294176083,0.016939464266293537,0.09592835785856511,0.09001594135794151,0.08702908344999152,0.10419148415615377,0.09429337745096446,0.00046236135993242317,0.050035778053172345,0.05986312755222285,0.08198321224506964,0.1465643168737899
spot_0709,0.09648830014295265,0.13549003069829146,0.1875270767129748,0.12003304163572553,0.17434105984150222,0.0012685285792602538,0.00249648175076213,0.001243746306083333,0.02573385116086692,0.03973158908669134,0.01916214824873578,0.019409026588704505,0.08474451362003227,0.0011960283257566112,0.001473256224705143,0.08966132107695506
spot_0710,0.10517298453242721,0.0017065057803584565,0.0016404079177855988,0.004118328150277891,0.04168409990744113,0.05923164180685244,0.004905497070892461,0.07787299058551961,0.22222852552398623,0.18581118754868448,0.03208938157079076,0.016305627845677236,0.00493005544740136,0.07390247674105074,0.08322937519805776,0.08517091437279664
spot_0711,0.09957863989251464,0.03774741356059265,0.027882805722279448,0.15292221849411883,0.09435627622594528,0.04738594654311978,0.009710798464547754,0.0041105396568511116,0.19601016198419968,0.01962734640163118,0.07540535089327668,0.06127621607626068,0.041377222641466455,0.00562806456080587,0.06515399963629595,0.061826999246094
spot_0712,0.008441704713088891,0.11056301975420005,0.08928516700220503,0.037890155686232024,0.0077871646053949755,0.013734316248033165,0.10652011491857942,0.15596548298679264,0.0779514295242118,0.004534312136469449,0.005916373541698163,0.15154504977191904,0.04306142037002646,0.10899400121774672,0.00794160454301144,0.06986868298039077
spot_0713,0.3150959165402002,0.012931442198540965,0.13867110674389735,0.010922406629360157,0.012113588354639094,0.014769128205676428,0.01657997241792905,0.03742433967363308,0.0014332911286657432,0.0013853062293889004,0.024331666334302653,0.09402488379165222,0.14973079537454015,0.07440297551694902,0.09485633764608217,0.0013268432145428137
spot_0714,0.0005991914911847962,0.03952112292608379,0.0580756602886788,0.030373035626218074,0.0006538765460027754,0.019213752726596027,0.108358016890455,0.18759935713562179,0.17741791587095831,0.11183033329771637,0.00982801928769711,0.0006251057591544313,0.018036897098525694,0.09310254783046998,0.0831198793592559,0.061645287865381156
spot_0715,0.10277320464890166,0.0018612073399207234,0.0016004747993795404,0.0023577920747761124,0.0515974675905649,0.003013302374062452,0.0021584454528438134,0.002370263568030838,0.13258362657177852,0.32811106113232036,0.0060063354746317105,0.3033335023109491,0.003411873142150869,0.002274239287251217,0.018502448541872368,0.03804475569056585
spot_0716,0.0010419005769130613,0.005195597407185685,0.005864277107356094,0.006994524949099298,0.0012776592023766948,0.05554278094885302,0.03620095786780371,0.23906775767612393,0.2875925009701243,0.10760086105537234,0.0070816740687062885,0.0012422147194061364,0.005913904965656441,0.0785843394444731,0.09114367915347824,0.06965536988707166
spot_0717,0.3250945116272196,0.058604251134671055,0.03342410613212018,0.03521312850496758,0.11763255000730514,0.002949741270379387,0.00691411414247501,0.002779987841314075,0.03274535441941712,0.02768513089659996,0.08450462292189667,0.020004817017578794,0.006139233598141859,0.0029999252219478755,0.09650549597891717,0.14680302928504854
spot_0718,0.07202071740136017,0.10430882127991631,0.08479136281520477,0.045741634747464316,0.11946790816537357,0.03317034513499259,0.09161797664032982,0.11128143183933219,0.031966201595550504,0.005255812590884571,0.04351647970033545,0.05446310291411471,0.045131896659196494,0.06405715028295386,0.04287797035266635,0.05033118788032431
spot_0719,0.07781230245138951,0.0106288814343984,0.06019728494045355,0.05571357558663812,0.0471063302201981,0.10756809635586567,0.05479813301562928,0.010164626541459472,0.14977029149686577,0.02509013010883607,0.05358480009018845,0.13367745964617103,0.08385233457652785,0.02182963131676982,0.07695836223454887,0.031247759984060056
spot_0720,0.11560829424977057,0.022735622654802636,0.0333830520558386,0.22282719806718002,0.018272830655105134,0.04295708477685279,0.11151826914920401,0.18418265894121078,0.03692844789182374,0.0037426572654255985,0.08139078768582209,0.01830856687078049,0.035124755935276114,0.04617624082675221,0.017257293424793377,0.00958623954936186
spot_0721,0.03169045327252021,0.029372877716180294,0.0860169014891245,0.06646398963566241,0.14786140129473443,0.05306126346996089,0.023857866767690587,0.013483263314078755,0.11621283197790315,0.16616680719654442,0.036279862467054995,0.024027669486291488,0.016860201195335676,0.06438448552593674,0.029306766155280443,0.09495335903570101
spot_0722,0.0043484563628396035,0.0505885142549174,0.06668509754493536,0.03369951412180835,0.019524962282525114,0.006558604135367976,0.08628735242567331,0.008011344122720285,0.09250138438605786,0.18396904036760725,0.022154907785128894,0.18455916091348806,0.09060762628375808,0.007455474439424492,0.026546119376605257,0.11650244119714269
spot_0723,0.0003739587741349113,0.01160652796326162,0.12781681190108293,0.06261228613494922,0.00039421019419181533,0.00688779655344859,0.05172424107692376,0.1223628551923753,0.00500258080251064,0.06611352556472448,0.2682381067907753,0.00035536843433800323,0.10903281149139205,0.035558532204659904,0.12065536512499549,0.011265021796236
spot_0724,0.001958363207019089,0.09240956699192346,0.16523254474657462,0.27347527397006594,0.0022737745379474298,0.004362213303000555,0.03257998432573239,0.005618315891937722,0.181075820038085,0.011789469799690032,0.1510922087301127,0.00601040418056823,0.009366510986651972,0.004310241482245057,0.0483238214735908,0.01012148633485502
spot_0725,0.004748142588890057,0.07548558518669372,0.01811808044806588,0.16099696393996288,0.0573219520072258,0.06343363467736056,0.009328291231441885,0.006853947245919696,0.1188928735310678,0.10760157602206091,0.0862119819084743,0.019889779229269367,0.06478262242907604,0.024033970975023283,0.03393289919887022,0.14836769938059763
spot_0726,0.09158947472233057,0.013677692285212336,0.0048664748205939235,0.04244882714920885,0.008687257182985006,0.0015549664086348548,0.006620296773619079,0.0022249662127118174,0.1364144976410911,0.37515312735956713,0.01527829683687287,0.05734075403608692,0.06937921034191386,0.0021014573169713213,0.0044473106211472165,0.16821539029105315
spot_0727,0.042064073647655485,0.14834818184121398,0.014053162494723001,0.042724904787377165,0.030827212389562566,0.00532145395155527,0.2371263945952663,0.15651166845590714,0.01050245356296676,0.03313083297698562,0.011124702111415172,0.03971122744143515,0.014642437702431002,0.028645989851663112,0.015363543229650852,0.16990176096019144
spot_0728,0.0007815474908386016,0.010784393101668444,0.09852813205970175,0.008829436028868001,0.0007427245902371459,0.1753134217684772,0.02669624895496146,0.022648082093134174,0.017813696655843914,0.26221812587463694,0.011022587515368257,0.0007775553853254289,0.009259975103450542,0.1771703836316065,0.039335081054905234,0.13807860869097643
spot_0729,0.06373106497454221,0.09427918383283304,0.33749536697814486,0.08568455886709535,0.04607283741011812,0.0036172298747578816,0.05923972948541284,0.005364678316648686,0.08475143996694652,0.014759486389725473,0.024545070296348483,0.052249036649857895,0.00862664328294592,0.004272873915960112,0.037231684384108815,0.07807911537455382
spot_0730,0.003326113358770172,0.006420998983731499,0.005629767513192756,0.019556294698195625,0.009604152679968189,0.0072913319045770746,0.017979827393413368,0.07969368797369225,0.2581337414684991,0.005108581599761971,0.07403609718364153,0.006149835483906242,0.07490947579808593,0.03765684564430444,0.340909981026704,0.053593267289555824
spot_0731,0.012524987082998153,0.14341814231680652,0.11517705834484322,0.016384866090035904,0.1085789622192627,0.06099753227913809,0.01424683088002203,0.035339867569257145,0.04441588657113239,0.10580230452452773,0.09944826325417724,0.00854177528643537,0.11830047117294963,0.03871365011057165,0.06975264597390514,0.008356756323937063
spot_0732,0.023475480010333873,0.0028601830512981043,0.0023288199584214813,0.01047747595332676,0.004419082603167108,0.14494272382604986,0.012750319904524219,0.1823448551874999,0.02992784145977226,0.03886590924712153,0.20971476308230058,0.012699779407690338,0.03915341568493598,0.09644707387577268,0.16741198005300528,0.022180296694780013
spot_0733,0.023361224699572285,0.14470728075278438,0.034587255824618135,0.057211416327089676,0.0849412289873693,0.015630549246397788,0.034765891585918564,0.1645234548381752,0.11153968376225866,0.11586273424134881,0.007444840228627651,0.009975164033379455,0.0857316082977573,0.046512040937892477,0.0033734210381686073,0.059832205198641686
spot_0734,0.00106696003734666,0.03420937637528367,0.0211899294147394,0.07880893387913643,0.0014314619944454897,0.1782726342703046,0.12786488595681356,0.14040986147253728,0.012499800627530753,0.12656861686663706,0.04950965530140919,0.0011023043910448184,0.08321570132342723,0.1019007954443557,0.025069731505691466,0.016879351139296714
spot_0735,0.1771865751054114,0.05349108355268104,0.2255636613852224,0.14161211182798464,0.021383537538695093,0.0012462647662790328,0.003204385375920293,0.001072311245935765,0.024681693316946113,0.07295264583007696,0.09027266599249706,0.015131427293396013,0.11325305542067714,0.0009543336542126946,0.0017499734688815366,0.05624427422518282
spot_0736,0.1395061482967706,0.0028548858804725388,0.0029626306850592155,0.0031743054013700584,0.13156639154413768,0.19876254350391534,0.005830311480727093,0.061446187991800974,0.16877663511718521,0.02327081975179051,0.0032507997141808464,0.04442273097786509,0.0036489125146916164,0.14091610739499702,0.002980257915027426,0.06663033183000876
spot_0737,0.09903278682556424,0.10849560814288303,0.20594136723439047,0.0428028014919264,0.008630074125028949,0.180342656840926,0.05606961139189225,0.08605336347880886,0.00047380367850556653,0.00043969462923783455,0.05203396413688408,0.004380451289411682,0.06298957494617939,0.07572058021677654,0.01616880899274435,0.0004248525788403841
spot_0738,0.17385278716381014,0.32261866698706887,0.030648750215629433,0.028675738848322318,0.009001803606592576,0.0037640468367705323,0.11612053393248023,0.029312486652491195,0.0277636592878386,0.11490998872735367,0.009760230959618647,0.014528225833183202,0.04903275951440916,0.014653232927468719,0.018317837540816756,0.03703925096614594
spot_0739,0.1406874354771418,0.008300497794805736,0.12128326905253649,0.009033436070458782,0.011660108273784154,0.018131473022785595,0.07794166289247562,0.11268283766359904,0.20426886644722406,0.03098773010465781,0.010460869927365517,0.006231232024860757,0.006430944432380195,0.09591293046470231,0.03453163201437034,0.11145507433685181
spot_0740,0.0035756400430800262,0.013477233542384197,0.0076808549165089,0.028222583394858072,0.00445864845165006,0.06481341075621738,0.022864324189148976,0.006734321407309935,0.09161975320147421,0.25575464202514364,0.08993136186619438,0.03734149029860789,0.0736186670450017,0.04184503695648849,0.07666640747163496,0.18139562443429716
spot_0741,0.038392339179580265,0.009904821153089712,0.0173865681184496,0.06587264744165028,0.05103842903067272,0.0077773218705315195,0.08121914069887363,0.04133663790998517,0.12777884789557267,0.06060520728976945,0.19173413381311502,0.020045435397014824,0.050656959313961344,0.029771430547963846,0.08260000768494058,0.12388007265482937
spot_0742,0.0022000144197565994,0.08357983165558924,0.12048627677064667,0.05450562897295309,0.003340609369120996,0.14328444283895117,0.025385405838108777,0.018413346939690538,0.15311555427525111,0.11938260369556661,0.12211277571170598,0.03786135416504081,0.01544682432812294,0.038895516117283147,0.02256458058445386,0.039425234317758455
spot_0743,0.13217835074248876,0.02374614306637428,0.14825031215454895,0.14812790968228345,0.0035400719918785746,0.005858774897173216,0.3326346400893909,0.009314499561517534,0.0012871497928823466,0.001180934684196442,0.12059408263612337,0.0030041420418430997,0.027082102629515728,0.006952379770248102,0.0349944369200855,0.001254069339449695
spot_0744,0.04500345904724384,0.049062333320195106,0.049367170706622575,0.15981725029395666,0.04280496186715982,0.026884059854933435,0.025459292573900803,0.056075193264956955,0.2744635436379503,0.04003254474088335,0.04069883195455458,0.013179520113409001,0.030456194534762324,0.040637563423903546,0.00893668005323143,0.09712140061233629
spot_0745,0.12453241763263928,0.124041602835472,0.03105189426266075,0.03838185691292919,0.07963684113662485,0.091590042194986,0.15621624329275313,0.04307847293531314,0.0018787570719974841,0.0014784478430201337,0.0403407560918309,0.019155835937048022,0.008796354450797633,0.04499854896713301,0.19195521953093853,0.0028667089038559293
spot_0746,0.16685014292774453,0.0060595499921865656,0.017279301741075465,0.043854661505637715,0.060897174985754025,0.09786914358406518,0.1407351691682799,0.06193374746338673,0.08494619682968642,0.08401153426927929,0.04047513625923825,0.10824989154889998,0.009138210325700957,0.03360578724683494,0.01336831940289826,0.030726032749331788
spot_0747,0.0004401997043169509,0.025553074848988735,0.012115463838825368,0.1174639236734316,0.0004491569251180531,0.003957125290835753,0.018698475225093627,0.10656063024611033,0.008494543564691778,0.2498997619461496,0.22578907310418844,0.0004031227506660355,0.014028878803290045,0.02262910488368395,0.08642206533184811,0.10709539986276165
spot_0748,0.00044079232191364967,0.04781283491569133,0.05168154893737087,0.03381741227570895,0.0004961711339701879,0.0520956177451583,0.044169868636344436,0.23332764067834905,0.0327451399462668,0.009949045395383455,0.11732825427864939,0.00036129598485052007,0.014925156064375642,0.04973950390013073,0.19080006012011186,0.12030965766572486
spot_0749,0.005715534907393775,0.03351900567026918,0.08576344959442815,0.041415698577874145,0.18544312014743974,0.058650901344767095,0.03583344413213704,0.05998144659205518,0.17380985098953014,0.016240136918460237,0.04353221206933003,0.06031104334995006,0.05038777981960733,0.04454792967331796,0.0991540225668158,0.005694423646624143
spot_0750,0.23195255261862657,0.03269149575066303,0.19596141798595965,0.20736300067331515,0.005340583193599206,0.002839529126438016,0.014797500824561082,0.0024001367478806573,0.03180329839227592,0.021689564976295175,0.017223204294128984,0.01804244532580652,0.12846463787892523,0.002447688024719998,0.016388923925202012,0.0705940202616028
spot_0751,0.0910055665689653,0.19856495429428614,0.13980007302236402,0.1416099388866703,0.00407550101143663,0.019819238361294324,0.006987617204115336,0.026584760567472682,0.057371558884479666,0.06515612957949364,0.04314629801040602,0.004091267913836499,0.13668322428606228,0.018740533554470515,0.009724006546033843,0.036639331308612764
spot_0752,0.030570064204488438,0.014410220954943183,0.036107158036307076,0.06733004320775021,0.21410311381939093,0.00288739656975164,0.12699382526386405,0.010360239125445172,0.18606949917072002,0.010011353683281245,0.12414429428120043,0.05807427140683527,0.00997623676679345,0.00433027245568723,0.018828606678306575,0.08580340437523509
spot_0753,0.0032993208516469384,0.03498732269486212,0.13366239514769898,0.03653340873453805,0.08074271914023565,0.11327938610322716,0.12020864348598069,0.023648792788691243,0.08052867907118885,0.015607816689839751,0.05647924754018076,0.007257502409834693,0.041380078950589476,0.02958640190353694,0.18853933328820707,0.034258951199741615
spot_0754,0.142877697101427,0.007913026823117328,0.05548482257172244,0.016909337787717506,0.06662128584606085,0.01298465647998957,0.08941411087546597,0.04917556938690582,0.17721638037326806,0.09923325560049677,0.018441774816993845,0.11505709649159339,0.01172639744609604,0.010771356401237388,0.07759410762988318,0.048579124368024834
spot_0755,0.019427429117068126,0.0028353391667446898,0.0026996821293684007,0.006479082337624527,0.15616975776928518,0.08653865992016227,0.0072206498246627894,0.01764759369664969,0.12006026776456095,0.12919074222492505,0.14130977442489978,0.11232336363531198,0.005607954102541939,0.05157478388217888,0.05291048740175483,0.08800443260226093
spot_0756,0.009265078450152326,0.06988153728127688,0.1660288474563568,0.005405238530061263,0.01419437448678326,0.1579583909344479,0.004501197504167127,0.005410563682732772,0.19169886255556728,0.023375378919400405,0.003816218678403699,0.3198191551780571,0.0073740508060378355,0.006451043995325421,0.0026891723036149514,0.012130889237614965
spot_0757,0.0026743597303376604,0.062255194858785376,0.029216145732442435,0.06135854351995697,0.0028750931414732485,0.025502374883473004,0.09137169450119245,0.03892343273125108,0.011567337129167295,0.008418063347014554,0.08627994583696573,0.35401001685219285,0.02093256386681526,0.039653608791597364,0.15797474057567848,0.0069868845016562275
spot_0758,0.00035540010889771487,0.0029936240005595514,0.002647896766466642,0.021659319169170032,0.0003611404689204341,0.00436400543453006,0.21521214065923672,0.19222072629403553,0.10038854218340361,0.09072181201584129,0.08806800781320138,0.000332505435089273,0.11126473630518652,0.039453275418783004,0.037676004814201684,0.09228086311247656
spot_0759,0.007924832769222666,0.14621508459501498,0.06711914725047953,0.3017288606961916,0.029521978756983456,0.0014057349506451247,0.0035199244161282124,0.0018768463335989008,0.017809325167333745,0.10470281581536156,0.055421851341979356,0.131390188139018,0.021332092315611208,0.0017531376019141415,0.004076777689032895,0.10420140216148462
spot_0760,0.04671393561626945,0.018473296928741414,0.05616578650080174,0.09941874427271624,0.01939040700599977,0.021854328209907306,0.061930580171989616,0.03734111394022103,0.02334138536928968,0.04503042424867076,0.20626537075025314,0.04907929695014636,0.09350018036812364,0.05005675097965838,0.11352375278657734,0.05791464590063412
spot_0761,0.0004615106110495833,0.1384958600124734,0.08570735867867435,0.0988200543131433,0.00043223654264145864,0.0055485140839779306,0.0301769745025642,0.05317172009127805,0.11947873120429395,0.11375253816266846,0.07835599209854624,0.0004411684241737062,0.06766102763681102,0.008718378234286025,0.08041822622182682,0.11835970918159151
spot_0762,0.01873870794188566,0.003028406222542437,0.003290358293094676,0.006904617738873714,0.009535388330732354,0.03249898438830256,0.035940061082181396,0.3967404339235598,0.06076708926565001,0.07457473656961079,0.007682469322795529,0.013058870377621401,0.054970406935057996,0.1765255807889228,0.09187616011514463,0.013867728704024255
spot_0763,0.06247811289723866,0.00881326723703976,0.041436323251573155,0.04476553002530539,0.19180755131004573,0.04209753585118145,0.019343716319444974,0.036935639681839307,0.04417188906452667,0.005525523614119154,0.09135843064886615,0.14399634578378726,0.13350975953962413,0.02957906446573312,0.07504793258855685,0.029133377721118264
spot_0764,0.16020708726241945,0.021099796236508133,0.111492486280625,0.08847976487784871,0.04391160503147559,0.09655794728572022,0.1346366546467751,0.15874692505438603,0.0003638491699941328,0.00040699278004584775,0.018985911120521733,0.005135295806138505,0.05648035261043875,0.08938525206002869,0.013730369554370396,0.00037971022270369734
spot_0765,0.0006467585734138684,0.01813239145231547,0.11658659548279326,0.03772144113346108,0.0006615102825081044,0.003360060480421595,0.08256328877101567,0.04614011275388913,0.20878333199068652,0.03043487967167504,0.16559014203202913,0.0009536845297402338,0.006445510179655158,0.010565051249465636,0.1645506131817684,0.10686462823516171
spot_0766,0.0018844149162388938,0.0207707270504861,0.21808779938631104,0.023290586181497503,0.002718335874221966,0.05378799872714424,0.03342955807495993,0.051125896132042936,0.07552021590775956,0.03726884986690325,0.11417564124565477,0.21937242961999975,0.008144243785741256,0.041277456546258126,0.08004828998611004,0.01909755669867064
spot_0767,0.10191105288407303,0.07806907750151595,0.19331312452097324,0.08942411982722964,0.010273326467218253,0.09290238633928564,0.016759372346740055,0.011431402570423122,0.0833144740660669,0.12677987899757429,0.015013536142026431,0.018290742838593596,0.07266103718883073,0.009567189819398712,0.006348656538367475,0.07394062195168294
spot_0768,0.028753027761319393,0.045052843433154265,0.04443898949493253,0.12403983614456052,0.05014670912532321,0.014099379484417742,0.14474552906377966,0.06121886952969733,0.032955878225566566,0.0068986251541148106,0.1033657591746686,0.1527172018508976,0.012467116007315563,0.11239815297827548,0.04598537140297931,0.020716711168997426
spot_0769,0.0331659080904115,0.11176976892067678,0.0660129534400985,0.09865518142430982,0.026342339885161513,0.020653321018186663,0.005085047638940053,0.007268582198351783,0.10129720265881575,0.038561924210386955,0.09912970377853608,0.2489567919000906,0.015116651575837255,0.03920845147339483,0.01126240657562668,0.07751376521117523
spot_0770,0.11520123618715876,0.11775486636813176,0.008412747669542179,0.07466696325750145,0.03857113086805772,0.15635253602807145,0.00785479209371684,0.01458693267204433,0.13494130345826902,0.1317816634127125,0.006146774468032711,0.008425799477421045,0.09857254751232765,0.014033246827456913,0.005187116571078864,0.06751034312847681
spot_0771,0.0414841836436098,0.12441909161834033,0.08952306653602353,0.03536330117484446,0.0469577547025272,0.23683478949791403,0.01570378783321135,0.017195129514678355,0.023147158032353538,0.11380478740228177,0.10867020645090458,0.01467744789160926,0.009898363582434474,0.019468882724105678,0.02552804530076161,0.07732400409440003
spot_0772,0.035758182428897556,0.13475013936064656,0.01856602968623302,0.20095457774760547,0.013544140480129573,0.0019229089418062622,0.005526675577683228,0.0023144350835145365,0.04223740524448162,0.04199827757860432,0.08130532949555572,0.023791064663368788,0.016259750202631564,0.0019529723608989503,0.006806695724971183,0.37231141542297164
spot_0773,0.008644779965475184,0.06804562227241738,0.10067140712469683,0.29891769822007364,0.08767762042962836,0.028234636828591505,0.015623081155060843,0.014566755609570568,0.005075753111789931,0.213510339503522,0.06215263607859146,0.0132458564277777,0.04451356107200669,0.025424298467651693,0.007176202447471772,0.0065197512856744605
spot_0774,0.10755147902510111,0.0036135607653404486,0.003805146598339292,0.0075679009364369035,0.01997042898337125,0.21698398036902614,0.011025003097166504,0.06706881028180534,0.07382941948371664,0.12477587180284304,0.03595940130542351,0.13083442195000156,0.006652878304090693,0.1085570924062434,0.050911698283572226,0.030892906407521972
spot_0775,0.0007400434479235241,0.13123840150566707,0.13140482158928218,0.18073234587727594,0.0007225795385597095,0.0024938037787732704,0.01851623734771593,0.11034015008189448,0.03889152197789035,0.08881198765174902,0.008045724328175487,0.0007377109743054727,0.2227186975341455,0.006804806921050714,0.0027823169704053506,0.05501885047518602
spot_0776,0.013475461268735368,0.002859825645216388,0.00302086119980928,0.010309173222884323,0.11241677943157746,0.07254402922774582,0.07824622037263208,0.16046580539754485,0.07018871580091883,0.07406747471977258,0.06424443221408839,0.049956704128014714,0.0805323563712268,0.11307721730984464,0.01974630534250455,0.07484863834748394
spot_0777,0.0037769581412736416,0.2210382822390953,0.07900149190897152,0.020822274743333542,0.11089160492066572,0.10690201911618416,0.015610048488539852,0.04824366070393503,0.020725406581976594,0.00678578845601041,0.06652217321878247,0.01759186262531772,0.06808894875034209,0.06133806249004814,0.10633813569843409,0.046323281917089724
spot_0778,0.0011043362372465284,0.08874271803247204,0.13412946048605912,0.01624501717276743,0.0009958350689594174,0.19329724262916642,0.013271949116858759,0.025763870406578116,0.08968453475300282,0.13412611330320817,0.012912046216937128,0.0016040690901824688,0.1446290361979618,0.1145502612057719,0.008255172689645601,0.020688337393182283
spot_0779,0.10637501671758591,0.1490432542364828,0.009287994268693917,0.10134018056000851,0.08599019840785387,0.13431906025507595,0.01136753994606568,0.015494515748138095,0.0012035102831420153,0.0010311414536880248,0.11726835473405976,0.0035801716535663513,0.17581423074205293,0.05049708353038887,0.036534216591404725,0.0008535308717925777
spot_0780,0.0012392103058413027,0.004952209094238419,0.004496980951894728,0.014032202461834557,0.0014341619943733206,0.1422736757081389,0.008063362350555957,0.029729477623723792,0.02923354541628548,0.34501668096932464,0.03468761592602577,0.0011992457102601975,0.18259922761029196,0.1047199551073271,0.011691437003903637,0.08463101176598024
spot_0781,0.004780401231746572,0.13497559908722337,0.018925204663184366,0.018946811374212277,0.02888334318986441,0.05639844259793169,0.12295547822977662,0.09577483094237733,0.13250427043339044,0.11462142332944127,0.0036999641864907027,0.14265452351933,0.06620405008934727,0.03716554161633419,0.005935664969909916,0.01557445053943957
spot_0782,0.11821269428684168,0.009766414345551762,0.009731385645864107,0.03861809420349973,0.006094088275910429,0.21178685056344496,0.029233791940174583,0.02955379596180053,0.06492802382705225,0.014990026531954193,0.25105552419831123,0.00905064417395509,0.047404784897037706,0.06949122158620884,0.0774642666447722,0.012618392917620734
spot_0783,0.00093731764161694,0.04271530792639662,0.014495005244567467,0.14336722414517875,0.0008263350052104343,0.06633982665243784,0.009435332802545339,0.011161962300372046,0.16469372233976334,0.01953569534931208,0.3182046441421674,0.0005962969934780719,0.02170027728269277,0.06410325472394875,0.06233606583827862,0.05955173161203351
spot_0784,0.05165122202873052,0.0028579032055300866,0.0021056482554592673,0.015523615879201019,0.2474086649017983,0.060258494718304904,0.0128784875235734,0.031378640383880906,0.04374791024098853,0.02342124151826058,0.05848019831225008,0.04387871454914951,0.17927289565967217,0.05605568206220244,0.010412418900060368,0.16066826186093794
spot_0785,0.028830367805343877,0.012986848181288917,0.0320148282074656,0.01640221083419379,0.008646468335692907,0.024426008238592253,0.05509317793951799,0.19103022849313042,0.30102379103861937,0.026651451395148695,0.06563329097763673,0.050342963205753974,0.012719482736977998,0.025420368387683686,0.06757105237363176,0.08120746184932201
spot_0786,0.02499100010664028,0.03674870508341415,0.0240479725529823,0.03501616919182045,0.2176595493211627,0.008757814566273983,0.04164398122168866,0.1359149938677408,0.0014601264057098552,0.002534663953400576,0.05627236180263362,0.34337139155090934,0.02453894550305801,0.019822096585768632,0.024689505205063175,0.002530723081733465
spot_0787,0.015688945233211394,0.00971449329612903,0.006283610075765811,0.16386551200986027,0.10471091277099497,0.13226481468402598,0.11568786381107751,0.07468353201312666,0.014348860379717764,0.03430855627477376,0.030683751566653435,0.011751836359439211,0.09260909700717045,0.09576288502219969,0.035396711072804475,0.06223861842304957
spot_0788,0.003319720305783531,0.09129448669180659,0.2348774784437976,0.04876914717946959,0.058945641181300905,0.10871659163394044,0.15055841727144184,0.05865500473572871,0.001461553791672021,0.0008432573845078024,0.08166230385356543,0.0013883388050247734,0.021946859990083945,0.00962093689563157,0.12679464705091792,0.0011456147853273176
spot_0789,0.1569917290391767,0.004941748862783457,0.0042787913563383006,0.07999458013769291,0.07512532439267983,0.08857124836781301,0.08574732784074278,0.039735721754751326,0.02823732502874893,0.1913912297643995,0.017798198112352795,0.013884542901818892,0.11732803211106933,0.017219890419770262,0.009249422693618828,0.06950488721624316
spot_0790,0.0007627273415516856,0.02419596669432069,0.103498144319349,0.017292153850017505,0.0007883253536398983,0.21687254883711024,0.03801848078843452,0.029537462530765227,0.045571036654084074,0.07603771478456756,0.01294650215707815,0.0007786946255516209,0.016513419733367802,0.09737327690829983,0.2207391824023472,0.099074363019515
spot_0791,0.05954212750097642,0.09159978176626953,0.1464335216082024,0.07094666120263632,0.15873750963725036,0.005801998001936961,0.012728512135080538,0.07915519854933849,0.0866169509764324,0.034971709695272135,0.032240222474525966,0.011776076731224813,0.014647642415588467,0.009627919245225195,0.013166424884374466,0.17200774317566556
spot_0792,0.003964236872723326,0.020274191838540765,0.08850793507705237,0.007279402770185374,0.023769702423496585,0.06003033313852194,0.01917263930520444,0.14172651286995797,0.300909572881589,0.008210681807847247,0.006924038979032354,0.034581882509136436,0.006210462487392563,0.23721386033267014,0.011653170552703462,0.029571376153946033
spot_0793,0.09614910477400823,0.05427967226425913,0.16802549046448423,0.09118991004696879,0.014987992969104368,0.11486693986832205,0.05903438933839592,0.03217872708925025,0.08780398439779197,0.049542430164303354,0.05890713526889502,0.012099583685211295,0.010602217641003081,0.06376061382208471,0.018627913377274926,0.06794389482864266
spot_0794,0.012185739075546098,0.03645676722340383,0.10428863347291967,0.12016338598804317,0.16793929320166306,0.0069980210359781095,0.064936861352337,0.023069522784417082,0.11914351412154017,0.12567937613001312,0.02429056915442754,0.007480355595816094,0.026031174766910255,0.026202785143723196,0.03965391379565809,0.09548008715760349
spot_0795,0.0014394971381693896,0.0315943095586763,0.1122032550569699,0.031374760699494485,0.0020952058372141623,0.03610288213853867,0.12444796748204191,0.055027526708930234,0.10111585307902964,0.06548261416836058,0.036271789335875285,0.0011087464176494832,0.11668011439962446,0.12116198975474388,0.07159193276129792,0.09230155546338371
spot_0796,0.0005708187560273962,0.03537058426879007,0.04001428823596233,0.012782887377282936,0.0014837322260774215,0.06911160710916157,0.03268825908547867,0.37791640874436033,0.08708972293034518,0.005699793662734905,0.02672665606826159,0.0007621725767810764,0.01891546058513406,0.22358829385554205,0.0578655320077875,0.009413782510272877
spot_0797,0.3658657310154443,0.0053035830481434395,0.007230314147731402,0.024952441621604763,0.014923640418674161,0.02438940420662276,0.007790500152815736,0.06570615981972742,0.001696124474288297,0.001513153467978265,0.19085841503784792,0.09343793579401508,0.031613232904843275,0.086230544875764,0.07654864135491604,0.0019401776595831626
spot_0798,0.19996527426257502,0.022003196241045547,0.21639560934125887,0.030361089321261227,0.005243395784172417,0.12620377864016533,0.059887317979442786,0.010182596710339284,0.01794575198496494,0.08082305071279855,0.05750559333920379,0.008867535337032936,0.018233900539071323,0.012369239812048691,0.11214863688699961,0.02186403310761967
spot_0799,0.019914646812946916,0.014334827335348934,0.0260277657009899,0.06126487027296174,0.06827335857174043,0.14132504794169068,0.2023935332951587,0.0633997066327784,0.08797194159903174,0.039454240941331604,0.013912393137467567,0.016297578114210984,0.009912809055980036,0.03478503213968702,0.1412294228068679,0.059502825641807464
spot_0800,0.0146856824959382,0.04487855052346196,0.033134590762131384,0.1293200821466264,0.15604078692373988,0.029970496895651042,0.12028321678869003,0.009627056528546084,0.11231919344604896,0.02579856758129556,0.13199257039054862,0.004823661839988407,0.015957102631677645,0.03231196670346099,0.09835523016879183,0.04050124417340304
spot_0801,0.001837996132506746,0.007831311635920468,0.01141234889711015,0.1805175409975057,0.04725895120729853,0.05277743685630787,0.05936849462176772,0.012687786299589084,0.10547412382736293,0.02654685833712114,0.1451046489005428,0.0026914967354888103,0.24079022247279966,0.017266868207027754,0.022714040693805514,0.06571987417784513
spot_0802,0.000474652311113585,0.021473323568649713,0.017389774321967887,0.18452798628597533,0.0005799119343383869,0.025710756690290614,0.19546375736955138,0.07675334193770733,0.09526754722110546,0.07522803374252293,0.10850132867480673,0.00043133843544402217,0.00848029242846479,0.018930331968614815,0.13235039278614505,0.03843723032330197
spot_0803,0.0014584274729042015,0.08202257005828396,0.01053817039593837,0.21408776223152182,0.0008327665422907588,0.006757636552884916,0.019609848567900733,0.17641443134626425,0.0754325875220853,0.033171944163543805,0.13292501926305755,0.0014401956364686384,0.016978552291574744,0.07903179132429357,0.05505627330611847,0.09424202332486889
spot_0804,0.06984783807459963,0.09169671584138132,0.016987252836608818,0.07852461792753243,0.1079635639355595,0.12397767135235677,0.039904701886279405,0.12595328933707364,0.0010836630403283397,0.0008734747471151465,0.02085214823831529,0.16913391604618877,0.0524316564070021,0.09432294453611528,0.005420382362719394,0.0010261634308241616
spot_0805,0.005667084227027423,0.0020159446152170574,0.0017002948173094614,0.008373897057221153,0.12383021876197736,0.08499849320114257,0.0077249129915569455,0.015279512638120392,0.1632437882885488,0.013225006822683304,0.20271695180323948,0.17483820765550298,0.09055606002176564,0.040243521899501235,0.03695514531524101,0.0286309598839452
spot_0806,0.0007670543478543358,0.019564415912562076,0.007935530794260015,0.08143067609276669,0.0007482727560667241,0.1828086155947459,0.11070699487170829,0.026442095109803363,0.09088438802917366,0.049370518907513164,0.0324840951950987,0.0005296061530767296,0.07700296533555735,0.11248503940016558,0.14654194329075063,0.060297788208896815
spot_0807,0.0017056741375527564,0.25887632961957363,0.04976165348671297,0.12937791872592508,0.004586400174346325,0.01800823036796082,0.043663736288851576,0.07058529895571432,0.07542750965020792,0.02061764001348699,0.009613741969184636,0.11832639567881184,0.09145632356231129,0.02929521830409102,0.006332151622537085,0.07236577744273172
spot_0808,0.0027803384237879,0.15239381314923378,0.18088375241624075,0.07177773072207733,0.005895075507550246,0.016278126899285487,0.14931666523978793,0.0054239777072698815,0.07242035064957954,0.012869566712641809,0.0051349719566272985,0.07525587047010324,0.1394048096339145,0.02369924346132784,0.0027545518849383145,0.08371115516563418
spot_0809,0.003424252633048254,0.005392125255193171,0.005491818042680167,0.012841876558823268,0.0031520413432954914,0.019010960301349907,0.01336609331225053,0.08534060701345708,0.11453139830801723,0.03562719717878754,0.21299535326504818,0.15431052451512747,0.04216430968064691,0.028378083626004847,0.15532700515643136,0.1086463538098386
spot_0810,0.011261155473369547,0.021661858507884886,0.028728427697709506,0.1075162182117986,0.024292659854814807,0.00612388087026398,0.2044461560013454,0.21224799243255468,0.006860547175460927,0.03780268917094078,0.010913424522207444,0.12645834679180404,0.020692158795993225,0.12902301057669874,0.010104429813269422,0.04186704410388399
spot_0811,0.0010200574486502819,0.18229079363049802,0.08187037432281916,0.0244637584175324,0.0011053640697578986,0.07297839956788423,0.016149688169997185,0.09317968570439918,0.010935852449762308,0.25646554355746254,0.019883945832978617,0.0009436562512661279,0.0794005334088464,0.12805993738094448,0.01102294230144709,0.020229467485754084
spot_0812,0.22701694513589402,0.003722234303125172,0.006392859569379201,0.06824081758312275,0.07850355160306242,0.005237280028911238,0.07669698872474769,0.0747923814259759,0.014105008842970083,0.01911216469870236,0.09285707410661628,0.19645720546201864,0.05622086314069135,0.024626155396932477,0.011320466214162533,0.04469800376368789
spot_0813,0.16978744677810664,0.10979079039537945,0.07212164886862901,0.028128692356600322,0.10761383822372986,0.05609942328859004,0.11960886471179112,0.03489122494661498,0.011148148228169133,0.07295311457601636,0.03139694007686928,0.09673323505155942,0.009146794446763605,0.012359214760610982,0.041824628729742575,0.02639599456082722
spot_0814,0.01712238077509863,0.05414748604227503,0.09483082611986743,0.13113059337130198,0.018906632571006485,0.009207839353334395,0.08698318752306033,0.030910065015254624,0.20989484712264114,0.05684382527307719,0.044913792039500446,0.09794573108326231,0.016130363420656046,0.018906800114580024,0.03602165655433092,0.07610397362075301
spot_0815,0.03251872903464608,0.10048763422145758,0.059044578980299064,0.09673752045054124,0.0525607910093579,0.0025066973334701716,0.055002354428299524,0.07541576371175678,0.009347256333815704,0.09105644406074857,0.03540581685261132,0.0062321776187309,0.15547052066247843,0.01672936560667878,0.12532703652936206,0.08615731316574587
spot_0816,0.08646280383686004,0.00578352561329393,0.004329219232913087,0.03554803490084474,0.022932818051733916,0.020180624020693778,0.026418575510550987,0.12832790265758703,0.184523988398649,0.191906990205389,0.08115348656500677,0.08237455557842058,0.0310479569734381,0.028427239353609458,0.022876865049202978,0.047705414051806595
spot_0817,0.000854090596900155,0.008322919979016812,0.15389663770279233,0.02920916339410283,0.0008006285895459682,0.020618679273897798,0.10977203881326732,0.06486263858231388,0.021190990473417427,0.11476891759882128,0.10151845416393275,0.0007440751298088738,0.13978616237814803,0.10862221251075542,0.06795536142676352,0.057077029386515626
spot_0818,0.019192962501323206,0.06456807951003812,0.13818755383021017,0.02269858401166788,0.04340772138907443,0.004887647137940319,0.08526182654526226,0.03267942166055716,0.23083791696561834,0.04638938204554537,0.06809921285455875,0.021402503073408675,0.08506243730169065,0.008625145231340399,0.1083153760856066,0.02038422985615767
spot_0819,0.0021564847288201784,0.12009749472748697,0.016632467437254952,0.17518080613870404,0.07189104951679616,0.004252974124966354,0.013582574344123464,0.11131057751405928,0.1413003978249825,0.030669286912846393,0.1552009908819014,0.04958119314798327,0.06703475901778283,0.027526640259348804,0.005759950186191975,0.00782235323675145
spot_0820,0.0005742112324179241,0.06367128622905738,0.01580435666723373,0.07174652884436487,0.0006207357402808641,0.005573155826025713,0.012243657721389866,0.01260898440029084,0.150568081259616,0.2518981475317106,0.11172259001924512,0.0005864141703135465,0.13739130749890535,0.014272986252546914,0.07284469663781669,0.07787285996878462
spot_0821,0.17039084830834195,0.0073051048003543026,0.21633579822757165,0.014723588842962834,0.04502080941554082,0.10333878867436325,0.06302123220037963,0.1752592052858626,0.0012142246601700955,0.0017713883822943726,0.012232443225857042,0.01500041345734673,0.003774018426055661,0.09532446952119107,0.07406941337194399,0.0012182531997640123
spot_0822,0.2105447557320975,0.009481427332552856,0.006653908010638315,0.03533200343897243,0.019136139521133952,0.17125402962719505,0.028315396065252775,0.08943924826121621,0.055631758446886614,0.08845179500037635,0.027597674846408227,0.11343267405311797,0.008582835037478443,0.030003458644538763,0.09301894681943104,0.013123949162703508
spot_0823,0.008016065912855962,0.003423771474363326,0.0043206414860766755,0.004466815690600904,0.10364328607351078,0.04497863124324735,0.011288452877119822,0.05337407485945591,0.13849809291115472,0.06283061410311341,0.007828911945763876,0.009998745696227785,0.00948447722767347,0.11547691693113277,0.36078416412759323,0.06158633744011
spot_0824,0.11004902458246356,0.037191107595433225,0.08248771545668163,0.01509932324564341,0.14562312852146472,0.006590517839917663,0.239526467777536,0.05752762217131084,0.11724118502724445,0.04144296767346094,0.005959945412204329,0.019375439592554874,0.0861262948160935,0.010169845327015677,0.00548836683026731,0.02010104813070787
spot_0825,0.062193039840430085,0.033017607229471904,0.10717634951832047,0.20331519033384507,0.009574891536736754,0.0905542803961735,0.10659350329910204,0.01199946941092088,0.01567352301152778,0.08356262272970613,0.14444843862131684,0.004056669238882156,0.014118480638296313,0.018446227865094304,0.08127729999325688,0.013992406336918898
spot_0826,0.19311182330843937,0.006437059823561806,0.007987649138182007,0.01048913424484833,0.03507092053830106,0.15278565840356748,0.05622955062419221,0.0834872263189052,0.011944520459210326,0.16338746518831265,0.007615570435483337,0.033871972050792454,0.05911627865363497,0.12238263097426183,0.047064033728765275,0.00901850610954171
spot_0827,0.10834135000643978,0.030121722454303612,0.059339091188051675,0.018451249619350386,0.0255728911874407,0.2714939026663784,0.06095326391570444,0.06221759411754252,0.1002202005409291,0.15086991939649178,0.008664250507033547,0.03449430026778723,0.006311330896102015,0.0184867868182391,0.015592112899820747,0.02887003351838494
spot_0828,0.0012768850262059267,0.014359324168638127,0.28085341542164827,0.1319300734283831,0.0014640957788920829,0.014858324460925412,0.06293029513334882,0.007762376634346694,0.0914885833161051,0.04407200746956331,0.06806371593146171,0.0012200595894840628,0.07344675488877471,0.0053481567823082535,0.025412266500883456,0.175513665469031
spot_0829,0.0018639303809569823,0.17960875176602617,0.07235748775828742,0.01249419954680421,0.004173324060400634,0.1166786053966516,0.05318640785896052,0.112110610288024,0.015274255978356617,0.02295185829715063,0.0073988254566550865,0.1298743328783495,0.005212559974699204,0.047511180162284894,0.1719245306176419,0.04737913957875059
spot_0830,0.026047635451641366,0.007919335234686438,0.005682772889042001,0.14793509292415088,0.2114382445983011,0.01879339511642142,0.04404611944768344,0.05815750937010111,0.07453023274914501,0.01264657713745356,0.03785062822933486,0.008717963791052061,0.12196758773546482,0.04048458375228834,0.025410168507239938,0.15837215306599364
spot_0831,0.03680812635935131,0.01161294298954634,0.090473861900838,0.07484658943766545,0.12445736925867781,0.01250181081528424,0.04362745751363083,0.06646394173770373,0.0015526580841958143,0.0016939032530449833,0.26584610919285395,0.11114934572456643,0.018836042364216717,0.05387396443539575,0.08465434353461729,0.0016015333984113606
spot_0832,0.21159788927309447,0.11352568651450748,0.006175745484436523,0.03796096879869894,0.011813640349979601,0.14736124307984122,0.006346464106549604,0.22381161225941598,0.0042365756407380635,0.05027277520273547,0.008391426618965282,0.013006467324809883,0.07578512173081277,0.08272130408243727,0.0035188493754261226,0.0034742301575513097
spot_0833,0.0016684693252971875,0.031277131969333814,0.11594639921287551,0.0165293900615024,0.002212972741973397,0.1635504437015638,0.014974515579390038,0.024580760477173013,0.029205420568260088,0.05648232008839976,0.10608223637005464,0.08868174025320177,0.007805486428418462,0.060437207139302875,0.21213508156384928,0.06843042451940398
spot_0834,0.002889772430437408,0.25675783819226694,0.054519191366951936,0.12032473619651604,0.0028712026318948236,0.0041389396700533135,0.05034486945930366,0.07736554200459145,0.09580540183150109,0.08288928274327689,0.01726726650266128,0.09604455208877342,0.05781152188771807,0.012377481626711897,0.009908177467895726,0.058684223899446074
spot_0835,0.09157036677366606,0.1177279979792947,0.16240856336229842,0.062360277269784395,0.0057615402305152144,0.07721736579240243,0.044625125529327306,0.012917604051034494,0.029926197652284357,0.15443626051274345,0.05637295376421607,0.04586320967596594,0.03686314988330075,0.01343914221990621,0.01391356855925189,0.07459667674400831
spot_0836,0.05697261103930249,0.08192133757592165,0.06887644736232966,0.09117841746585419,0.04756012609975954,0.10347069929848215,0.04886796892482584,0.03078547634441743,0.05162577736022094,0.028416308370048826,0.015378848682108627,0.19738311555839558,0.052480811941879334,0.05133637676265232,0.049745026625738646,0.024000650588062746
spot_0837,0.029970961907545873,0.005291666205471476,0.008395564699098383,0.16666651471870744,0.22279691235361612,0.09177642475612892,0.03286595582554174,0.05723722527538179,0.03164296417548722,0.009884372267605426,0.03130537158321997,0.12249664973310873,0.07330192496648548,0.01473419574066511,0.042673390935881614,0.05895990485605472
spot_0838,0.0017400388928956324,0.18326511248631328,0.06085024917242993,0.017125845660731998,0.0024597225560866205,0.020733592331436564,0.010928042391060207,0.14486700649457263,0.0793740732735937,0.14796759977571602,0.11937316009248902,0.10273331077163965,0.02021066714739407,0.06238719617590276,0.01269743077384887,0.013286952003889057
spot_0839,0.0021140312933966192,0.04557563194808158,0.050453314382055366,0.14344898278082946,0.0026838861896751475,0.028802153015245257,0.10657605571178917,0.015560893090938565,0.03783885063992413,0.1584485546972295,0.016902642624064504,0.18570480211213802,0.048159105176259605,0.08450691113525906,0.013754437588693302,0.05946974761442074
spot_0840,0.00950818047521118,0.0033555796674808354,0.003032302570043249,0.012057592355087467,0.1469272765374941,0.025939586232765734,0.0077021724479533265,0.16480498590578646,0.00450809178855622,0.004470260108643851,0.193063475823549,0.14962829770058747,0.09207129290733682,0.07696770509101122,0.1012475726241163,0.004715627764376778
spot_0841,0.09917645924640947,0.014134313744985985,0.2812771915029697,0.012969768670755341,0.006039648209386279,0.014522213264563155,0.36268147091500047,0.10509328027966931,0.0030455796166039984,0.002822292167309617,0.01356460418324046,0.023203843756070697,0.01585000801925249,0.022370442764013624,0.019601483157022353,0.003647400502747037
spot_0842,0.03848046643721593,0.017788348823687215,0.22414480736300849,0.008305069816630485,0.11150367284357005,0.0985952178605744,0.05028939731728837,0.033374839499915356,0.0020004450366871624,0.002740611723268121,0.006081228749754845,0.24691510872012296,0.011200643223532885,0.13934274586312517,0.007339638917238333,0.0018977578043802253
spot_0843,0.10972994724231712,0.040503334085300116,0.13440031534309063,0.1848778896641641,0.12913392679520116,0.002397193376045479,0.03659843428531944,0.005826752420405743,0.040124392920741526,0.016148250571761447,0.0471558388759556,0.08924604363007951,0.016623746727045044,0.0030451328811017266,0.01493627823861167,0.12925252294285966
spot_0844,0.001420296844801907,0.05120924310221763,0.17579332436082054,0.023123112747471957,0.0020300386901490183,0.011395753705601419,0.05081406681942393,0.14390340111420505,0.021141902252670704,0.13497236566987297,0.13442104994384382,0.09336853087748165,0.013209554932529384,0.03694267942491649,0.10246808078329811,0.0037865987306954087
spot_0845,0.005093648554530334,0.026605502277305435,0.16550730819031723,0.036829911212512084,0.006492663191302589,0.0037477457545225155,0.008975381411152042,0.006677431686154766,0.025771033697298548,0.0622365041761572,0.19246409027080139,0.13760137103686954,0.21712264180448665,0.0056050797118773876,0.08398110545824022,0.015288581566472037
spot_0846,0.008509811432716249,0.04073647178649591,0.0873895313159737,0.07763398188101084,0.18178829782602537,0.06956092358505755,0.07285481947869941,0.020301603542979517,0.03903529529954605,0.03021957675511187,0.05634515112575523,0.034152240527084675,0.018194590314811347,0.04026068646415903,0.19628447821913614,0.0267325404454371
spot_0847,0.11299377736418938,0.00642214876403529,0.0038413044015919644,0.036343283854692814,0.07423646160385723,0.04525053061167648,0.005115443592877849,0.009283115468217753,0.3489233813598702,0.09234139307752141,0.045776368559870585,0.15130251026502872,0.005616080737581237,0.010535230544283496,0.01708142713837322,0.03493754265633231
spot_0848,0.01764521500150774,0.006695385770633912,0.005755102336041638,0.022900092101731308,0.26205081018983284,0.007151957350649117,0.085665576704447,0.20271034805695243,0.03815143450902788,0.012824322168735532,0.017983754618450514,0.10746052851636696,0.008575804980321632,0.0764427675929355,0.0655800413986122,0.06240685870375377
spot_0849,0.0005390713161003011,0.2540270190304165,0.24310271218017637,0.11124712174279135,0.0006260460022177805,0.031040796139210895,0.016886556590264612,0.05772246569164376,0.06673009003810021,0.009080012194358665,0.041552759050770945,0.0004539049734357821,0.01859397867076309,0.05807259883889994,0.03301201070395757,0.057312856836892224
spot_0850,0.0031561818325503287,0.16910133761026253,0.02703544511430545,0.0511857964226624,0.008464179695070915,0.11471216068477122,0.00994987332706688,0.04143477121574182,0.07476619149413781,0.013918803610295873,0.14635457662698406,0.10510375743117588,0.19251235648722426,0.01986066781366151,0.009470445883350343,0.012973454750738727
spot_0851,0.07479663781780836,0.03345975603474796,0.00954624075879734,0.02182268665919112,0.11388655534898921,0.005889121357154054,0.013698311473836747,0.03143908061591448,0.13689771472613277,0.02499680896394054,0.15355260497211567,0.18321573576474823,0.007922986135075936,0.024765990158988612,0.08347014601624692,0.08063962319631204
spot_0852,0.0028456336541397664,0.025579336618869703,0.03956260398801097,0.07597393093658272,0.0752218117604437,0.003497406510463089,0.10313477910587363,0.010692183708006436,0.07679158804150638,0.13430125437135648,0.09054237102626747,0.0022748507761389623,0.11143898982566096,0.005496533496104706,0.12037876563930669,0.12226796054126836
spot_0853,0.061229825831270714,0.010069785359173149,0.007887043851004546,0.019481148484981413,0.02303445689492308,0.09336794498583545,0.04325043774315071,0.012301973015661027,0.09092159345067112,0.03150070999639338,0.1343927857212029,0.005807632309163387,0.056702679058171765,0.11077708817678981,0.2508114402415363,0.048463454880071234
spot_0854,0.0006776810589808904,0.04037880079963853,0.14057239373708202,0.1184763627746024,0.0009703982653067798,0.06877087492058725,0.07381225080815876,0.023157398501571582,0.15612254545996415,0.07180203321011247,0.012533632218393853,0.0006872862626224489,0.047543246529494335,0.04229227157266756,0.05526612368620627,0.1469367001946107
spot_0855,0.0008207027985088687,0.08504443289804842,0.23123416657264723,0.03428257312276574,0.0007295380385962573,0.08704482561332123,0.008556405432388964,0.008332345011899757,0.20123117463079054,0.0462921785077021,0.08313158185712076,0.0007677216971454767,0.04370189959167942,0.017484130845698918,0.08478219891376026,0.06656412446792602
spot_0856,0.022655877603818823,0.008356471237983703,0.005372985246105582,0.029542997784083577,0.12881563842793153,0.29669610072820923,0.009934473164975715,0.01648646279866419,0.15025653690892019,0.12365018955210953,0.058151755967694334,0.03591574374673495,0.016072913577519596,0.0346340933887511,0.01892702239208896,0.044530737474408943
spot_0857,0.021131584286116147,0.030389219467970026,0.14097404909117775,0.014291626822081908,0.020727927467949905,0.014668542182052055,0.15805838438657552,0.11786587585858635,0.040495406808282966,0.005682488605927996,0.035590113451549645,0.044164377490861724,0.11042998487411883,0.03232671186568556,0.20095318880276256,0.012250518538301074
spot_0858,0.0039275131397557925,0.09277513288260426,0.06480505596484341,0.018515484786186302,0.09037025510508909,0.006797766945253712,0.017950371028690442,0.008851792259443334,0.07345748266462221,0.15980983708818036,0.05926226167651768,0.003977820509209757,0.01784886523075339,0.07623031349591253,0.17489286508338708,0.13052718213955064
spot_0859,0.0050607467388231134,0.023116291825411958,0.20960424930669516,0.10294295057119877,0.008215635911863146,0.006902444115187016,0.014240851537376214,0.03697890942597428,0.08515865356546536,0.014712593325222022,0.24200734702156507,0.09896405737046281,0.02666417363355205,0.03245726902065123,0.07257766155538413,0.020396165075167675
spot_0860,0.288766621803246,0.03752104008357697,0.021701082237315643,0.01648249682274237,0.03613168680538158,0.0425455733776426,0.00947045349100883,0.032793374093082604,0.08293011856368404,0.024938416721502762,0.07032300171483308,0.14574197888798873,0.11905076101675713,0.028106152783164084,0.037422043595043614,0.006075198003029984
spot_0861,0.02202132621401001,0.12866661530607726,0.013555356733043386,0.3518195478469248,0.06483362172340332,0.008821491993964125,0.07862667745374115,0.01934203307052728,0.055886904207610284,0.014023267413347754,0.011775913851044104,0.015472188404604001,0.09200239957835468,0.07881724369336243,0.006676439670882891,0.03765897283910249
spot_0862,0.08085531483187594,0.0029196409274577654,0.0027340727466621507,0.010187045450657331,0.14609639748278483,0.10704540813336641,0.040628519727351375,0.06583540942574159,0.00935655890626296,0.022734655699484397,0.1156262368956365,0.09249469790258681,0.00563723488261452,0.13714182897413035,0.15245294501660528,0.008254032996781771
spot_0863,0.029581308136176782,0.004182376971565256,0.0038503596508401025,0.008205403282003868,0.009559602546879842,0.009564364488044937,0.009255782676537167,0.07903032362650829,0.14235684544569713,0.01692521862742228,0.03292981587064386,0.032448663327602746,0.06489412528106296,0.1498057929248307,0.2803710803604511,0.12703893678373296
spot_0864,0.03275352936735452,0.0014581404642672001,0.0014055497084466946,0.002316919794567637,0.03138905718187708,0.14586467866798006,0.0035837036181263675,0.12602832744128595,0.09519574041290937,0.023777742119734307,0.005167599276664113,0.1076807051597584,0.0026204551187002352,0.11314676007709228,0.15752081958915112,0.15009027200208463
spot_0865,0.03934982749129435,0.12802543482158418,0.07588550287254232,0.048244749178707,0.0311251437634062,0.003403431534823728,0.14675889604412937,0.025073194875423557,0.02041553569123569,0.22674366025144685,0.038017129243297046,0.015336720868870186,0.021760880309880045,0.01519941413533589,0.09668848950260057,0.06797198941542303
spot_0866,0.10221069166915232,0.03127495692584701,0.03812198076700714,0.084528909947197,0.012693914519232226,0.024853456629062118,0.11397816253277497,0.05738206453289837,0.00896994444184068,0.10308247909611418,0.07336191671759759,0.014835488751336815,0.013553750364210353,0.07435808551689548,0.21300522311807416,0.03378897447075961
spot_0867,0.02983627580446199,0.018364369234995667,0.12616354114190784,0.13525409782466455,0.05503272316794138,0.007948589854405773,0.19298533751384495,0.09542375282977805,0.005672743193961632,0.03609223080627133,0.03780551983185215,0.1038453997615471,0.004969677541529075,0.010370141567526149,0.11927019480651026,0.020965405118802113
spot_0868,0.011982215762510766,0.15038852364870706,0.20399009256143344,0.04682806184923715,0.05876922583114875,0.07679989890425037,0.016436675596500396,0.08323324007675949,0.21110137036950896,0.023393427890033302,0.049482361613425896,0.011577601331143017,0.02568720301889468,0.013750496874634727,0.008896500356367569,0.007683104315444453
spot_0869,0.019217198151202715,0.0031018818600120077,0.002571698705426372,0.0898934525347361,0.13394434537813468,0.02091754379034812,0.08048882976584232,0.07394636881669546,0.09188405216380757,0.05318487023523238,0.17829254482496706,0.01147416899080379,0.020230715261204516,0.042172644228300214,0.11312796658057739,0.06555171871270929
spot_0870,0.007120752242182427,0.016586074008896848,0.05283891564833312,0.008946372576150762,0.08633157337951475,0.11445357171712904,0.12934166205559494,0.029615245363026125,0.016792478492417662,0.09502515740756447,0.01108924922827777,0.20133356487598725,0.023136976640775717,0.12464442282298548,0.07159010655048959,0.011153876990674064
spot_0871,0.0446199354841647,0.02378096023993433,0.27790787958933866,0.04120424412753031,0.09525927615070724,0.10690842917479988,0.07112637251868303,0.005982206540945758,0.0011770439296701835,0.0016422858386708305,0.13892552216512546,0.06310691825342377,0.05522367535742184,0.008621457748980573,0.06348997411855034,0.0010238187620530777
spot_0872,0.28451521115542616,0.03676568940235186,0.04934099151200449,0.011198018918917925,0.09170773688710662,0.14191286212605234,0.008921843930217874,0.0440533798621695,0.0887644283268904,0.08255555418643683,0.017781177233891714,0.08769167342358447,0.007856906368734895,0.012733742995058023,0.013850774674310803,0.0203500089968461
spot_0873,0.03777793794120918,0.01691210440511541,0.11323983182554018,0.04626930439901288,0.06720391032480508,0.10038766278663633,0.02455504303105253,0.01669371123939403,0.15231524553876416,0.013071290950037477,0.03419130964020221,0.06995329610173437,0.12079294292509905,0.04571236352057477,0.04406415815313161,0.09685988721769073
spot_0874,0.009263381382473745,0.005900584880356404,0.0050261744232018655,0.05603659448222344,0.10183839691290293,0.15356248966707,0.02960209564678207,0.0938786413611862,0.12717233927004168,0.0047319505631416995,0.09430824108673669,0.01599945453127008,0.15543101066377815,0.128874628271403,0.006896596740124507,0.011477420117307548
spot_0875,0.1977694044995682,0.0012080101991435892,0.001275775902048815,0.001416973212204248,0.07985623322330758,0.13317680599019036,0.003247470888411756,0.047792645731816574,0.0679166525394954,0.19914928412570823,0.001563778946515655,0.1311515574441026,0.002223777129393774,0.03964262782611074,0.004734589017290535,0.08787441332469194
spot_0876,0.13743943412316545,0.022516736574068465,0.036717205013649515,0.02936425841552522,0.10785140103984898,0.05391773853762466,0.06471168918593527,0.08118615392436043,0.12870118764009392,0.03478786766698032,0.027582947254115104,0.014871511602938288,0.06404709415411175,0.07474462380935455,0.09023193253320536,0.031328218525022704
spot_0877,0.07034781966057753,0.03560554092074818,0.10631356177838308,0.029317929226883657,0.07202392038389646,0.11561867130379504,0.15710861273798168,0.02652348626249184,0.006434416893145707,0.10219500585644833,0.0130598059484571,0.00821104004061274,0.1789541976247782,0.02476704488159296,0.02165291072913335,0.031866035751074114
spot_0878,0.0027367449360285066,0.0043512286492329195,0.0034623591433756984,0.018289622825388773,0.011417912426666756,0.01179786848699994,0.08716265794515336,0.01920574932235169,0.2427624969768212,0.14670345780890512,0.07052494173284515,0.09254601774883334,0.06982456708574412,0.013505785644232266,0.010501396469544656,0.19520719279787652
spot_0879,0.19560958408447948,0.24430025276717265,0.05146270952850152,0.011978025464282673,0.04016758671447674,0.0024216577222337696,0.005142475202187635,0.0023846976225941215,0.02062172693207781,0.10936251246965738,0.05979482583955806,0.14101061896336542,0.006666003982916854,0.0026501739578216094,0.05933322286421293,0.04709392588446133
spot_0880,0.05121838417812826,0.02586545576473316,0.18159828648655438,0.03340477614711115,0.007754295692357302,0.018033356484056823,0.05538248804978752,0.04169085001376525,0.11481652000397127,0.06083096077075949,0.042893287191764794,0.037866596339445086,0.031177682153952984,0.032801828857419786,0.2446117446912182,0.02005348717497454
spot_0881,0.0005260586948173735,0.13530280488516042,0.19130669862481345,0.3564246792440402,0.0006186170641131316,0.09589534808504782,0.025397890735120464,0.011340010437282184,0.013356766191459762,0.07769659898020723,0.028831766509792384,0.0006232562705203659,0.02070475141248639,0.01379041813404947,0.021866783245041817,0.006317551486047542
spot_0882,0.015525690765742303,0.017981613727535133,0.009198969843497206,0.026768857310662173,0.04804018674506743,0.028025728586229145,0.023747347734032326,0.15576478106670796,0.07314805995964203,0.07013152522493632,0.055396558567152074,0.22304384895451299,0.1354765302289183,0.06547095781105393,0.009052941995498135,0.043226401478812494
spot_0883,0.20259249978531985,0.07001983277938675,0.19811138819966348,0.05375251233617889,0.004855018891515316,0.03855971803674795,0.13209011280345942,0.028403686992857047,0.0007517591286146463,0.000715180147636643,0.031292158339136664,0.07200458057203121,0.08116801100130139,0.06651118224749673,0.018356039503557214,0.000816319235096793
spot_0884,0.008553949417796055,0.002744818399311965,0.0033059096713881487,0.005159449633158694,0.007608355443433044,0.18339339577256397,0.020035938566587922,0.35194975660254607,0.04026050438545827,0.15305289150859683,0.006777495312392159,0.03501474058280793,0.013154050506133337,0.07382209417506401,0.014967173624278591,0.08019947639848299
spot_0885,0.14482654189392094,0.004608831601754572,0.003927175518730548,0.05680779195690946,0.20430080261965403,0.0025924253473802506,0.0674124834941162,0.0036789012441146448,0.09525536629632322,0.004664113802939122,0.16527627877484352,0.08544868236198898,0.09217215980074236,0.00300790971992303,0.05896839921418546,0.007052136352473656
spot_0886,0.04608417442858277,0.14954291287441418,0.0367379755904091,0.02579493944121364,0.003825124015674678,0.2077863935565724,0.038043990200833974,0.0524282003511378,0.019982460045929587,0.013888342821534802,0.028768668129646097,0.05240195852918007,0.06777038429751589,0.054580137300122136,0.16055723026629024,0.04180710815094262
spot_0887,0.0004821578490201871,0.01264264375863616,0.08383087252237367,0.07640572617519249,0.0005331526653793981,0.03287180482404591,0.07472453160608959,0.08581318349146216,0.06821297574346764,0.10662788717493363,0.19941166240593966,0.00047764731639645525,0.06283709347073459,0.05795972977324169,0.04849282774093142,0.08867610348215531
spot_0888,0.008104926555411314,0.07109387384160329,0.2960077592619379,0.007861272562986623,0.056748719889920536,0.045421413793533004,0.031179394422696433,0.16654152828226187,0.014011267592620589,0.08870694583232441,0.005636941640671854,0.10897410969579156,0.012598130966877372,0.06033173793256435,0.006637948540857899,0.020144029187940986
spot_0889,0.1317367715276414,0.019391395438471577,0.018035995634387444,0.11498824483780049,0.032830973063985566,0.0673462144173815,0.012616857102279475,0.09962499929059146,0.03353152257709309,0.068738765508634,0.16347741204682895,0.1127445716584248,0.021192998848901447,0.025004038198619398,0.013340934456046203,0.06539830539291319
spot_0890,0.005410436511353551,0.11148926563370926,0.012418067272117151,0.06651870708546513,0.06542410359701949,0.1886817960280821,0.05872584725993919,0.17452475272361792,0.06349760989279288,0.0076561582849618845,0.01717875944737986,0.026946590383337275,0.009081902262508663,0.08908154599179613,0.09988627042339877,0.0034781872025207625
spot_0891,0.18444438982692557,0.0036261478896966763,0.004219081406035499,0.005673721948243223,0.0754890527759416,0.13411884142957245,0.03497788945274121,0.030355354604112615,0.07910385637110363,0.14607712323183566,0.00936644090289747,0.011473666373208328,0.05726502339377853,0.053371453334458245,0.01746951382760288,0.1529684432318464
spot_0892,0.004519862883092225,0.12810202585945402,0.08265306807990541,0.2698653532552248,0.05701068571277791,0.09778201820238733,0.019111986274995187,0.09323220371883187,0.00034734820476414117,0.0003706038744496257,0.07698148813622127,0.015305452258663243,0.0713624787766318,0.02400148730698272,0.05901408449711117,0.0003398529585072252
spot_0893,0.0028324538386865555,0.039335338749101036,0.04754538084781482,0.23992059618383124,0.004415041873760901,0.06627306458766628,0.04609162796083064,0.076335791902454,0.07208663511175996,0.011311248829953754,0.15914548126705128,0.054665595293978166,0.04910859817561639,0.025969126540612553,0.07337909562322639,0.03158492321365604
spot_0894,0.004709702537753202,0.16832605534777773,0.009483939379741346,0.21363246904831154,0.1620569388226641,0.06883785600666664,0.04437149302211017,0.015450788468646845,0.004120945510003579,0.08848939664605188,0.04666200131638504,0.006204205545584322,0.0740718940185661,0.06992401622501619,0.0163778480974492,0.007280450007272117
spot_0895,0.049050728179447715,0.002778023112576622,0.004328380093876498,0.005172577855652524,0.22165670265360685,0.28069572627275996,0.08194426331124431,0.13137460041195811,0.0012916503439239738,0.0016924053821807084,0.007759769896970198,0.03773516454168115,0.01646243802830637,0.1346441690330652,0.02139260164403303,0.002020799238716782
spot_0896,0.1031249125175933,0.014275191810357767,0.008352096321557416,0.009116338450724062,0.007873677110133256,0.2923018122299479,0.008704633871893781,0.015910247896933145,0.1176339490894563,0.10683040367318024,0.11211127805596904,0.004881721622369962,0.005714499565102174,0.022607434507148277,0.04970439233907232,0.12085741093856107
spot_0897,0.005503322371336886,0.0012385290143552235,0.0013318817614058958,0.0012742378710069759,0.11202986707330408,0.43514599924871145,0.0020094402421646975,0.011444096102916695,0.04692109290782771,0.3340279278167,0.0012460082995697187,0.01791979404948989,0.0018988956222634288,0.015008237586192099,0.0015786291146785629,0.01142204091807674
spot_0898,0.050207000530968784,0.006420045341428236,0.07369575829740707,0.010610260683445267,0.17895149715087308,0.003199715306851242,0.09917229424484704,0.008103195714068673,0.05678986202848424,0.12205225822280011,0.1269931119933076,0.009042703661534516,0.00430911007016454,0.0050910946562096,0.13151736196988328,0.11384473012772671
spot_0899,0.3769569915751011,0.025307480889183418,0.08383317429634805,0.1861843960561994,0.03914764843178806,0.0033779118722040806,0.013214009068959845,0.003462433672254154,0.011847031308418259,0.0222309078147744,0.07180578817193695,0.05206040584171987,0.06146683040584531,0.0037903176561811486,0.019977659772719564,0.02533701316636638
spot_0900,0.00418656394666481,0.04290128045218977,0.20176772281161537,0.012794129287354539,0.006181038122134916,0.06222895244091399,0.01872997008704361,0.11728659455278428,0.14594989269468206,0.0083360020677573,0.009212867036500108,0.20092328499800233,0.05707780832493483,0.047680246367862784,0.05123476247795483,0.01350888433160446
spot_0901,0.010970905680824898,0.01694960971611515,0.1336545135919563,0.020365571584762217,0.19210274064153576,0.006154016206963688,0.011489559395668942,0.002789881717047199,0.04730755023486063,0.13369049375666214,0.10583598306826357,0.13267536844763783,0.10835810636032478,0.004597931521804668,0.06714819288270235,0.00590957519286987
spot_0902,0.009545993611512467,0.003441702212095279,0.0037069664911254414,0.003671775342365199,0.27713618911052956,0.24896854757880127,0.0065848835742836455,0.011943879698796421,0.18938427551599063,0.010398798131597184,0.005443369312730191,0.023584673901157496,0.005126840917616415,0.16171041679588424,0.02133804337910826,0.01801364442640628
spot_0903,0.04571856699659211,0.08885806449675146,0.015475046847841541,0.26299321468191345,0.06670936667070708,0.11307253091595215,0.008990687780172701,0.011690779259667933,0.08929284845183334,0.12869304515453023,0.09522147753022177,0.019578687510102593,0.016459400833012405,0.012032743576497744,0.010842416272316704,0.014371123021886775
spot_0904,0.010365280977479937,0.006683467527489317,0.0031904523122553226,0.00876487744325074,0.10932693814831511,0.29214834125269057,0.01284309089950348,0.08959721034833762,0.03177597368463227,0.026568196736450965,0.05653869835256909,0.1417638990119759,0.005867483028090866,0.11565721414450689,0.08392922988772135,0.004979646244730575
spot_0905,0.04804438329918977,0.3195037997884976,0.07769664632786408,0.032677743755746565,0.010938219458356484,0.015587043877045877,0.014405882722177868,0.1197725060969523,0.021945329379906654,0.1177557720078834,0.07462658062244171,0.011361950733022343,0.009990618282712086,0.0919742264575453,0.007377762126704502,0.026341535063953495
spot_0906,0.000766330579596292,0.14723675173405693,0.1558816325157301,0.08672636338244728,0.0009912195331055215,0.0038934027672658735,0.032557716890705336,0.05460391393859341,0.16162886879439697,0.14151288567282153,0.02617095484025094,0.0007379579602768672,0.07708858499148638,0.011879446394784814,0.00798190990619836,0.0903420600982834
spot_0907,0.1085383584426083,0.02129621722278802,0.17769706423031273,0.06888547714645682,0.022196620093595694,0.07033505588796833,0.08008140093094586,0.21685395265162424,0.03764849722740301,0.003728924428683925,0.032289265835896405,0.005834574504698097,0.07751671541135441,0.018981550590595166,0.01675178896288296,0.04136453643218602
spot_0908,0.0508239386485545,0.0315096273716525,0.2623584911223114,0.03047194239024066,0.004145133812345165,0.04133930329998551,0.1122641057347711,0.07567905014787701,0.06608387955078873,0.062234996622797994,0.06414289969364584,0.005912661528855786,0.007773351480913526,0.02217705336007879,0.15696254827362108,0.006121016961560408
spot_0909,0.046977343489279816,0.05663114697973491,0.09514891881312273,0.10554984577886763,0.04664536930426114,0.014054088444842279,0.020361377746702998,0.059525670629038345,0.0709875018721661,0.05037640905126938,0.11791024178570167,0.18058582280705804,0.007293805929483535,0.031219575690203206,0.06419554609680812,0.032537335581460096
spot_0910,0.08644800892019468,0.07338344819433787,0.026240117841131495,0.06860723863985252,0.003866560944810155,0.00784620342927551,0.2573253526735354,0.0485833101091156,0.022065410312484345,0.0982837475590863,0.009939448255544596,0.1880099591854293,0.0494263694823342,0.02306261605377153,0.009534359049398405,0.027377849349698117
spot_0911,0.3569574416413289,0.005872250091730792,0.07453015098256813,0.0531120263185877,0.02497398485992492,0.04376312829985694,0.03216688948723409,0.05682569040988711,0.0016961520019659255,0.001613190696963389,0.14489394377120002,0.013232374797982456,0.07847581195178174,0.04579707053207308,0.06422963212971801,0.0018602620271967445
spot_0912,0.0016156772249122783,0.01996001715482254,0.05750678046127839,0.029111990410130493,0.0021496578743276317,0.005581787585693863,0.11591521651368417,0.07698934070326391,0.17640201638900502,0.014892197386015745,0.18751261101171482,0.004019723781886613,0.06305271784378227,0.021005897040941232,0.21481370893660556,0.009470659681935464
spot_0913,0.2543311368132877,0.06795436015669576,0.061242471561452475,0.073080232291137,0.1286829532307916,0.05292694827660085,0.03063838536369472,0.017123755111320325,0.10092997509116446,0.03801355293312869,0.05633484089483322,0.02134781705577577,0.008199877192904494,0.035453742757435416,0.022816510291048666,0.030923440978728914
spot_0914,0.01708377812759147,0.13060901291395374,0.10793016258939678,0.038655063963446125,0.049462942662940594,0.00586194259844624,0.06584354738954441,0.11436144397640945,0.007990183312664854,0.08444090111628076,0.010520235907142777,0.23348476426168044,0.09613079417882663,0.010890196290822067,0.008591363901542684,0.01814366680931096
spot_0915,0.21306621094753755,0.14309253243602718,0.009524975352864232,0.0170187414611988,0.19728000722504352,0.016242743515824998,0.007394367252372741,0.08515332856907515,0.07387605797853257,0.05982875828204626,0.008910283526840776,0.033492892334890334,0.03328575576885849,0.03789621581523973,0.00681478185964086,0.057122347674006826
spot_0916,0.06908887389786827,0.024314589741116877,0.02770261937458293,0.008593885758264249,0.1655056593040093,0.03249513792994239,0.03151777316195113,0.1764202918610193,0.022696225430052543,0.07325737612605036,0.02202933613614203,0.1314905472615145,0.025932820259395438,0.08853738614872199,0.09318874146003082,0.007228736149337895
spot_0917,0.04788346416166825,0.009962825140191776,0.15204677107489603,0.051144006802216285,0.1918962932652302,0.004202238293471683,0.09728319327569455,0.002720042886061021,0.042666177496689515,0.06767837384457805,0.025847392667667345,0.03880502820573121,0.14048980641104902,0.00427114761686045,0.03554721892391311,0.0875560199340815
spot_0918,0.013765438590966315,0.005533465055051787,0.06879291933785972,0.005086328673355948,0.13794309651704106,0.05761372437154583,0.06436836754314,0.06478576533484565,0.1635435246775683,0.12598931654594464,0.004834780819585703,0.008294495297730065,0.0287636982384962,0.07148453147511245,0.003495151884630871,0.17570539563712545
spot_0919,0.05521249853682702,0.03384394423003379,0.018058741465925815,0.09197283867596642,0.10746594925889039,0.0022421104676275476,0.029922500389352128,0.006075854226903288,0.020723270257509953,0.008965461582470002,0.16594031002084517,0.010540219812543777,0.11810305616807734,0.004790138236456319,0.2831917501421362,0.04295135652843483
spot_0920,0.06633111473716087,0.04779613945947024,0.09076816070308304,0.0839042566255527,0.00403774162523337,0.008772068449961524,0.24635271610507942,0.04785480670610451,0.06784110243359204,0.005812455197557941,0.05337603162724889,0.06376100058452368,0.08607964261311503,0.031333985926897366,0.0732914327367606,0.022687344468658797
spot_0921,0.12887565820877908,0.1469711636568391,0.06385498447865283,0.03325772696390022,0.008933322994990294,0.023407799176804675,0.05420024694298458,0.25494687865606147,0.004469291300069687,0.0035642435529139203,0.022948428563715737,0.0039699816608782315,0.023698782326108007,0.1440365014691542,0.06574292378639177,0.01712206626175618
spot_0922,0.10784537681626367,0.04256371266477603,0.21495382944894803,0.029401203945197893,0.040857785732435904,0.10648695606522382,0.0707551887208746,0.042160172043718115,0.005868134498021277,0.08174130488863339,0.04111270225878977,0.08852957939455848,0.005983177108098893,0.08940238763744933,0.019015691772654393,0.013322797004356396
spot_0923,0.1762384392186751,0.11102184365288648,0.16652489599094314,0.010364639281266047,0.08628602758985589,0.03404438350563008,0.008122689427791353,0.10564773520402228,0.027455456228629768,0.09455209982797849,0.017665598145110605,0.014613279017609615,0.0067200168511035736,0.017427770747608942,0.07560550141647888,0.04770962389440976
spot_0924,0.04637307592876753,0.07416140882494732,0.014604348301816459,0.13277543137703557,0.10836209455616261,0.02025848653182199,0.019522445713334734,0.020400251272060153,0.07481204174543933,0.19353045596723067,0.04529598743738317,0.020248017078915197,0.10804171761883316,0.05878429768226036,0.038624690277963954,0.024205249686027788
spot_0925,0.006175273949245366,0.001731757032946897,0.0022248319698738995,0.002389121678169782,0.2897800697505075,0.13303534299667744,0.010214014392765949,0.17126196068415814,0.0559989057088601,0.04567319586168449,0.0029692832953527966,0.015199189360627505,0.00260964651623597,0.14443435540512778,0.034337378089494205,0.08196567330827217
spot_0926,0.2292443719393044,0.0029587738322404836,0.0033370182479987714,0.011706154237263336,0.05135482861107118,0.006877900054554402,0.030743166616927744,0.07656399306528949,0.001238435552057369,0.0013520929173611916,0.0964632649015666,0.1612091626606814,0.020159529610086893,0.01758808631932802,0.2879085849797822,0.001294636454486469
spot_0927,0.08271163021629595,0.006518014580121175,0.0038169262895602503,0.06577098277920594,0.06832420993915572,0.09362350476510839,0.04294403289846589,0.216931234819555,0.20526609666524342,0.005565777625095729,0.009667906950444257,0.023745755367819178,0.08962583177728659,0.07025700965594545,0.0041558820747985645,0.011075203595898505
spot_0928,0.06928088217482664,0.002742732936773655,0.0031812983512970014,0.013050576161204423,0.0100681045437747,0.005544774756357573,0.36776099560883047,0.13353412147366517,0.002110197080074995,0.001866290928383177,0.11916821120733512,0.10269918025826544,0.008484496460751282,0.019621755516445075,0.13868433018192983,0.002202052360085486
spot_0929,0.055382896582485804,0.0055584405645108465,0.00827724490936608,0.019654832141591385,0.08202063755138778,0.017876962292508732,0.12502569762835003,0.04758287693036435,0.007747301794258421,0.1436761788700571,0.05325312834671686,0.16039183139964008,0.04833376848162741,0.01031601161375659,0.20905904916252202,0.00584314173085651
spot_0930,0.057347673683176156,0.013718958908213575,0.062102939628825224,0.03885452579874208,0.061592214822843175,0.005775672614554132,0.11394764482085815,0.029919160108939774,0.10888292547042361,0.06962675949326477,0.056378150150017396,0.09442726045094624,0.06882111948491933,0.014776684153057015,0.1822566786910594,0.021571631720160002
spot_0931,0.013248206686388193,0.1525817919117883,0.245099586807518,0.009965653408165262,0.010890103366132638,0.02122905125123329,0.037939701088735636,0.1688044118978109,0.028092855013746924,0.10779130879553628,0.007939636722715113,0.09481009429001021,0.02095868552295955,0.030196103023242753,0.0038633525232903334,0.046589457690726636
spot_0932,0.11869981854475813,0.10798240865542272,0.02990283067830148,0.0926558517073866,0.08952867937943437,0.030519162519887927,0.053870108732416246,0.011765078421300649,0.05034473504687469,0.18626821297097837,0.06725582864270564,0.021712645070114337,0.035516605805066305,0.007505052418358578,0.012502165677566261,0.0839708157294277
spot_0933,0.01583217907449472,0.031099106641460292,0.277233277526423,0.01962611613366299,0.09547803566367175,0.15573628895686778,0.044985436593875765,0.11059053775496223,0.0010684479203948215,0.0007965700316653493,0.06606110301107096,0.0043130863068661035,0.023014540678777506,0.042353655395623704,0.1109857824962924,0.0008258358138906017
spot_0934,0.014737281249408297,0.1381104147615414,0.16493842508895326,0.13548298528212685,0.2137344230411493,0.11671812429913316,0.012539888689476867,0.016882151489786227,0.0013245635540739828,0.0011401848151158902,0.009650348162957675,0.010617864077539075,0.13227795583781654,0.026699871724388983,0.003360338599980896,0.0017851793265516167
spot_0935,0.0064827483768774485,0.18732358425069537,0.008370766970414787,0.04870782723781985,0.07409871941506456,0.06990191616683294,0.010194603291969239,0.010092261216958687,0.17475267205779635,0.048089467045476654,0.017890453582688884,0.054618429468250226,0.030422196200713975,0.08952146198881099,0.04537306343554416,0.1241598292940859
spot_0936,0.12822020667481362,0.017155763857193283,0.014420021639040092,0.08853537936970546,0.010902055983996104,0.09971007888402363,0.08544642203923718,0.025973183761162432,0.05756615642432351,0.04262533560137317,0.06466422683125038,0.02585844962550117,0.03049946405472827,0.026081277890475766,0.1553449217431184,0.12699705562005756
spot_0937,0.1363505453657967,0.13790335779607735,0.1413482154257221,0.025844167042557153,0.11798162694868684,0.07686525745488584,0.009628837602271371,0.008389931791519587,0.008708730937682391,0.07481072386619281,0.009174557077635896,0.17188645533790237,0.01623466319287785,0.025096653173219106,0.004059388051898486,0.03571688893507416
spot_0938,0.0006604924267952572,0.018995375198583974,0.11310244997037132,0.0958998761219714,0.0007520877111387572,0.003277899227962006,0.24462645042417583,0.09146908646742782,0.04829857178044857,0.13863439655014428,0.010712986252204515,0.0008750934501132976,0.04849427531111145,0.0176242111527299,0.06053606469375417,0.10604068326106744
spot_0939,0.017886109248205544,0.06751880510708493,0.044980562632970914,0.01113609740916573,0.2319313516988146,0.03381132829533447,0.023509090491009327,0.22704886016145678,0.044775884152242734,0.11301600905807406,0.012261339798011361,0.029456840117299633,0.005101685935624792,0.07216013024174514,0.05887924637561307,0.006526659277346931
spot_0940,0.00211598159911165,0.018550764396971328,0.2944950379676384,0.08193145872501739,0.002349271315873852,0.2294769125404234,0.022635843249576484,0.06563892993635574,0.0063017526387030625,0.0992935014575694,0.01332111287841613,0.0008002741207982665,0.008365661745667207,0.023505384006543884,0.1275154383608939,0.0037026750604399147
spot_0941,0.00911705329452873,0.007898308079238183,0.10375855540646409,0.005478072469375176,0.18299271681861992,0.010012641513125082,0.06821449245459428,0.10720872173438191,0.10834679349172714,0.18262739947749404,0.011443253575656774,0.06884709450471167,0.01999929644170209,0.016926082609892357,0.08228645622846471,0.014843061900023831
spot_0942,0.00079941087271225,0.037683123130252134,0.033064915074620414,0.02415338728491266,0.0006588249201001632,0.3391660640035124,0.04368059748050425,0.07036068988953545,0.06470665481906468,0.05163793834161862,0.021721222332869775,0.0007941817257169904,0.04452866193236749,0.07437597196526786,0.16257584820938234,0.030092508017562553
spot_0943,0.011401112063912968,0.018727494078455385,0.005836841537520583,0.07147405964315415,0.0035710837338692146,0.0655553880587506,0.16340162988681095,0.14261046640831962,0.07279567171467821,0.1238192534289873,0.008401379233218854,0.050248556621193784,0.0433290532310937,0.05535466897776825,0.07064977485658788,0.09282356652567852
spot_0944,0.004704775681920699,0.07605529750567355,0.13798199935046548,0.17093143048586387,0.08790688041619643,0.04160852694949371,0.09726464002543653,0.09717117788144515,0.02497260318052867,0.03620387237767768,0.03124330778760624,0.004001792991159299,0.018093984377114722,0.0766594228266209,0.08813225334284036,0.007068034819956682
spot_0945,0.0009417386600527166,0.03304971643139435,0.15728081889691878,0.38564269507624577,0.0009133889426844918,0.06505323815822181,0.014718386337057285,0.04341607666891474,0.0008898555740362506,0.0009967723914685212,0.121084013025044,0.0009370370568569956,0.12510174079829028,0.029267113925930732,0.01981331545909102,0.0008940925977922739
spot_0946,0.016522956035849044,0.03957279297378838,0.10814643538511937,0.17301183444275728,0.14654968719915515,0.06793637990531394,0.02989776606900509,0.06636436449033983,0.1045297975251071,0.0068275758622483446,0.01833727288679123,0.06192611021328332,0.02562365084771842,0.06583604235988842,0.0261069359578079,0.042810397845827186
spot_0947,0.010186901553280395,0.005126031503839405,0.004427656904705198,0.01568434755029653,0.028343753520298425,0.15692037597984035,0.009541171168600641,0.013869338720253751,0.19431297168843326,0.03171626690546979,0.1433323761196153,0.16691041188846167,0.012147785798349207,0.1259907713076099,0.07039918395087895,0.011090655440067201
spot_0948,0.034629501833019764,0.1264941174100181,0.016275897660422232,0.10915466793696628,0.01500824443078451,0.08082846719264292,0.054672358809743866,0.05775522970040016,0.03759906087211802,0.08236281813819904,0.10381694000792348,0.04583183276317583,0.022702388332986313,0.06850802133559754,0.13130593162917245,0.013054521946829496
spot_0949,0.0012031898883064812,0.003303682873839239,0.00363034736163548,0.004173897495900547,0.0013094401598254602,0.048291580092984836,0.010019307497073419,0.3529742470529821,0.09334485109663818,0.03733461020105966,0.005437189999777031,0.0016657336276644978,0.004443134564551348,0.25160390693850154,0.08406041370422272,0.09720446744503747
spot_0950,0.0006582137628066888,0.012073133685610214,0.06902712028063988,0.18888213248189112,0.0006431828737943198,0.013561870730218407,0.04498462652589111,0.009096430805349462,0.034798742951044216,0.04564131217317014,0.23173833955959586,0.0005252968256495641,0.03908588620608338,0.07427934807066994,0.10382386639497955,0.13118049667260617
spot_0951,0.0012543900734303462,0.006779248469745379,0.06610610092699006,0.007340019120866361,0.0009262062528905214,0.09520922845796387,0.2010928433554138,0.21678224952629122,0.07055996326324232,0.09185296954136535,0.009776569319897418,0.0010632906571418192,0.01476215751708777,0.033261560199362765,0.13030027022988355,0.05293293308842746
spot_0952,0.0022842838020489882,0.20541311922330924,0.060343198230269415,0.03218903105326481,0.002746266597025211,0.05596567513833589,0.027482735483618223,0.058425236341849235,0.008704341520309468,0.10159504422442328,0.0812188557498139,0.02058201879594283,0.053858920697064556,0.17168150283145095,0.060315698757002975,0.057194071554271045
spot_0953,0.06551913405260598,0.034800753482060395,0.07022257272554545,0.018006171790077092,0.04079586182435723,0.047957292584252804,0.029698915145703282,0.05429440858625452,0.09029975571341778,0.05892531230134625,0.04362629928974743,0.19982086043238162,0.02861254081494188,0.0751989804749442,0.020655521866447136,0.12156561891591698
spot_0954,0.019208084439777794,0.21924119580276402,0.2556840697248473,0.0917418800717132,0.11747821089572674,0.01422509952718464,0.013574964624971401,0.004310269629072403,0.11378912083781113,0.03771951574564332,0.01795756902752487,0.006708352174779884,0.059478425496124095,0.0038478910298737905,0.018032772814778844,0.007002578157406576
spot_0955,0.00042494510256373586,0.14163113947060746,0.13566966021860116,0.11665657368068685,0.0004122377821762035,0.01338092479032828,0.018316961844417085,0.046566960224398234,0.09510645180685344,0.020548030556096625,0.18276799246766026,0.0004048295069897749,0.11276766669321783,0.030029878791793797,0.04963208737500974,0.03568365968859951
spot_0956,0.0026835256590296594,0.02868769923370524,0.06665245913998347,0.08391062478053626,0.008625257711188666,0.13416934023553068,0.1421750093219024,0.018198072813502865,0.005232477331401719,0.0037179432438554675,0.11229143399285296,0.16345121351538155,0.06725155991317923,0.08587152942086496,0.07321747430162716,0.003864379385457716
spot_0957,0.005539959635050805,0.07112122387662294,0.02681883269152771,0.22064008547515893,0.21770914319102627,0.04887525695166382,0.01454092291508982,0.006992712336881159,0.19435656353664504,0.03863796369468499,0.006749396558378154,0.009963552420904357,0.03473369556908194,0.037009469264977606,0.002661605363688398,0.06364961651861806
spot_0958,0.0006571481891538268,0.026726131162303338,0.10303040198057427,0.26338109230103807,0.0007387037409624211,0.0037568554733698896,0.0727546274975551,0.016947800079363185,0.07604424425920954,0.094741108711855,0.06059255110656797,0.0006426113471382396,0.032135431933512704,0.012209749429511297,0.10560987025509129,0.1300316725327939
spot_0959,0.010032558908281766,0.11525134263517829,0.036179397380045414,0.00557633132863445,0.08523838664669657,0.1838052551707655,0.011041637987897188,0.15033658921316867,0.09321386445328031,0.06037704881213328,0.0026401970603786027,0.10275667176027063,0.004635990751963285,0.09175836053007,0.003252513176097533,0.043903854185138494
spot_0960,0.024487819473157153,0.06744427114692653,0.12452135161257492,0.16450840993845658,0.0030863351644705526,0.05645070387918855,0.20588951183404794,0.06186990411446608,0.02518225858412184,0.002190639197328671,0.07397419625150793,0.0020597185801472556,0.01432951114123628,0.04204962359266314,0.12940720780246748,0.0025485376872391107
spot_0961,0.07781095844269399,0.11355350683219997,0.055915587923724065,0.1407607899687744,0.163986804867423,0.01841192192155398,0.15646104073972678,0.010908570091965048,0.002155005933289081,0.00220128802913335,0.008687167435954903,0.17125886902526413,0.0505332878012011,0.021200656670383584,0.0044407056069636274,0.001713838709748986
spot_0962,0.0008119089280016962,0.02451133729651131,0.199025930819367,0.07706141105755628,0.0008313441439340466,0.004648120366538284,0.21363602999263737,0.07034118379139837,0.13864415357511004,0.008040719590971912,0.09111060181066775,0.0006892511163063404,0.013832479360288218,0.0136285749938039,0.134620668863048,0.008566284293859503
spot_0963,0.07451186695868603,0.04709711076633706,0.03675422944781107,0.13302130945972912,0.010076536936490299,0.019904871602397022,0.10344673389262393,0.19626351416292204,0.019672145122376035,0.016317097681769848,0.04202485440261452,0.0036570728082045323,0.02258761901768411,0.2075435764906592,0.019643014501076826,0.04747844674861836
spot_0964,0.11461959283057199,0.04446508874982955,0.011265446807787832,0.20073914349746586,0.03723835157373718,0.0025929978598005906,0.017705608049052312,0.007430724254086247,0.003158606580388105,0.0017510173554276406,0.34963173718130736,0.005073274849479685,0.11024096044848757,0.006843629127833645,0.08537618464727872,0.0018676361874657053
spot_0965,0.1840530300064333,0.008400409983097653,0.031296297320698586,0.09713918278445895,0.06407883601346004,0.003357842768173413,0.16565157850654094,0.005248363369729551,0.08806579773142277,0.01573614135391274,0.14735633340918355,0.03447790168634295,0.023624811394584277,0.0037356488799740275,0.01626931648921005,0.1115085083027772
spot_0966,0.03047159289069147,0.02537658483139993,0.39599416420057526,0.10828085038417433,0.004944660157600938,0.005503668939863931,0.04650956548022518,0.0802354899822532,0.0008453079236674805,0.0007334811256484707,0.1137071959987273,0.010801669117497333,0.008407003713925429,0.015063164214679804,0.15232054175668025,0.0008050592823897063
spot_0967,0.05213293491546342,0.135926657719695,0.10831747718816859,0.05635855500187616,0.1381647305765988,0.01871900583682119,0.026911744406698898,0.1652404971560701,0.00510127787035706,0.15677835177773208,0.021899942232960358,0.012099501975799981,0.009413225319380445,0.06305342771448039,0.01372552605530032,0.016157144252597212
spot_0968,0.0023871535413701674,0.006903892675523538,0.008605983189997867,0.005762879521419943,0.004754406666680679,0.1820403815643106,0.01516831203273402,0.08434662590100903,0.2981103937229531,0.11428363581913537,0.0050891372180356005,0.002487486852213832,0.009848641029513707,0.1842523559621602,0.009368147172777683,0.06659056713016469
spot_0969,0.14785997315412808,0.02325093298157995,0.10518094674788324,0.1493942266570712,0.008587527837586617,0.008517584957844783,0.1283160127988654,0.0053207095523492174,0.03813967410488817,0.020253985326996862,0.12243592083958045,0.005569582076723412,0.07720307572453577,0.010740039503125657,0.018068654911470777,0.13116115282537044
spot_0970,0.004145758108938741,0.01675451728514065,0.1855270693510825,0.011308753526291303,0.14156869901528352,0.04617087937626006,0.06783882667485094,0.09614094666443004,0.16303598811652142,0.021453521786415578,0.012938736179700927,0.0032273170956658996,0.010769331153633687,0.0948841173406107,0.016468468857477186,0.10776706946769682
spot_0971,0.12962148083928213,0.025232515766268893,0.032350889391981295,0.02446574357904309,0.031922761349228494,0.011998824938561909,0.09014180869748067,0.1141088668886428,0.18303744912329936,0.12775411470239342,0.009631528928105556,0.0070276284373481475,0.03404298662032361,0.043152168608229104,0.06670500127498087,0.06880623085483063
spot_0972,0.32192232412935,0.002238825295478191,0.002582400215001594,0.004933029016869898,0.00616334746549635,0.01684524658504771,0.008395702189792678,0.11151660670716242,0.10953190466164302,0.00763878575527626,0.03159658298613663,0.022017960335775754,0.006232785357483235,0.14399912703638212,0.12614994143290958,0.07823543083019457
spot_0973,0.15806980244577182,0.09982825920774756,0.192248869228034,0.04071945478900947,0.014526404213214508,0.00386976953362544,0.02026819116777832,0.007421978440659953,0.06766942896518771,0.044135937125710914,0.09522510755817164,0.005196274269220074,0.019673630904569285,0.0035753354132931907,0.026492006537067046,0.20107955020093907
spot_0974,0.17732795620024286,0.05614216876037239,0.007575402121400791,0.09082676261744554,0.06086015748442562,0.007864908525510287,0.040720940166942055,0.16999346221666475,0.01385907045815517,0.06796916893876241,0.05034951972050508,0.1181993023004339,0.01576616437842685,0.08047723141883707,0.034511614848621225,0.007556169843253981
spot_0975,0.1709615511956176,0.07961289799213536,0.028217138303737743,0.01722090652180568,0.016339500021916933,0.060901893951884924,0.023035758074623183,0.10844481637636005,0.0012657022479848443,0.001117758899893195,0.19504589883630163,0.05647592735141311,0.007948315907059625,0.05760790145517097,0.17459746232513237,0.0012065705389627476
spot_0976,0.053308204807420156,0.08295967902915487,0.16319407291136426,0.007164122753602873,0.03395403914190753,0.03684929882253268,0.02132346697193565,0.03261431794108289,0.16391617161996205,0.15924511226096819,0.004541157042026381,0.07017237195184943,0.01789124576220038,0.10124929170069577,0.017339250964738408,0.03427819631855851
spot_0977,0.02162716712363014,0.0431540722191668,0.014553651671718655,0.16386577791164356,0.035846108550760064,0.024675125530549895,0.1219314955249421,0.043532806823804795,0.1020650892038923,0.03433513697802779,0.04975260746973927,0.06022370729486888,0.1304471463317892,0.05452627921499462,0.016225961348206242,0.08323786680226566
spot_0978,0.05765726420963926,0.1609672837079885,0.056454782847979286,0.010438681202269687,0.008603509554227647,0.2069842739990328,0.02108424735179636,0.02150318914956237,0.029824222221240086,0.24907684526365334,0.004702277495178292,0.007730438500513151,0.007215472622738441,0.04720439176333911,0.022143079289570503,0.08841004082127121
spot_0979,0.10766830796167727,0.007112012243110548,0.09149117450769549,0.005549949051320858,0.008238016775365805,0.24761785306937997,0.01113775868144945,0.12379206735184811,0.046926517615555545,0.04552837009819457,0.0103877578098327,0.0057712133118812915,0.005931449800030678,0.15667342733414003,0.11032548470378012,0.015848639684737553
spot_0980,0.03717742068310733,0.12032978711020013,0.011274377340253347,0.3113764167066861,0.40397915109120974,0.002494669497163239,0.0040392785064383915,0.0025867943643056914,0.003302926900589297,0.003096244647351986,0.009862848793521463,0.05565333187507653,0.024217347326841738,0.0025438233835695374,0.0030069534339155577,0.0050586283397699265
spot_0981,0.005452161342132643,0.022366532262894295,0.09860126041009984,0.07183745802633132,0.013937640550016903,0.011007402729716452,0.07232284863649056,0.07685894647413248,0.18328113413864466,0.04305671603512746,0.09638151412007252,0.05402857009629328,0.0865920616672955,0.02337145727691824,0.08087365367785507,0.06003064255597876
spot_0982,0.004403662575294609,0.02110680205639898,0.1434434610059277,0.018134963836394707,0.008411234876925253,0.002362374748277234,0.02111410268057378,0.0042690356534985496,0.24633195038813724,0.04826780160429781,0.06806119754172008,0.295009860764329,0.013860398555832012,0.003123803311831483,0.0509234263946325,0.05117592400592907
spot_0983,0.003499438229374525,0.3393698501717326,0.0162666319002486,0.20391521510308297,0.00500442087913606,0.004467768325632724,0.004866811819983105,0.005055241869786075,0.10851407598926063,0.007030481389138216,0.020036613452820803,0.25264225561402287,0.01720927747861747,0.0032877356570306213,0.002856336612707738,0.005977845507424973
spot_0984,0.08394527991659798,0.025531710821849768,0.08810614531390995,0.009924058457793287,0.011562365566747466,0.03196993097223243,0.031565448584796776,0.17368668713627894,0.1772420655831717,0.13707469822227644,0.015514320100104997,0.017218315894662318,0.013532516024663774,0.10980148427026941,0.059418355973538985,0.013906617161105778
spot_0985,0.3631946051359112,0.06857625287437547,0.019404593883638056,0.10010535276193895,0.0726089773337656,0.006187390695968798,0.02074771797477722,0.014008526875225505,0.0015954861175139826,0.001619191325012557,0.09946901752991706,0.18563784254143437,0.015527033930875117,0.018370498625141438,0.011295985750840142,0.0016515266436645645
spot_0986,0.09073771654610795,0.06850865081744316,0.2226197276410334,0.2005617949032907,0.09060128946168561,0.005247282348769245,0.037467595463737915,0.0053391456253838055,0.04637831791412375,0.04501394745814777,0.05693260498440583,0.010479027461455022,0.006992418362739559,0.009690210049654664,0.013045197598570124,0.0903850733634515
spot_0987,0.0865079486063602,0.01014873671857376,0.07976346665152777,0.056806551828745666,0.0373304183479258,0.11344801861060873,0.12148619910384517,0.05036432163870303,0.013764966744829769,0.10631495115709609,0.16629070609482705,0.011541728325392553,0.011285218781424026,0.05069780791058183,0.058373896137106945,0.02587506334245161
spot_0988,0.01372559802338092,0.0029548246774537094,0.004340968390373844,0.0032325784044101857,0.14636981051841105,0.021627428891520493,0.02203852411921001,0.2956058586336948,0.0017041732951491634,0.001480772163212712,0.0030600037762224057,0.19959270835238008,0.0034959878891232263,0.17866136385184284,0.10025042825262158,0.0018589707609929743
spot_0989,0.09554394752706521,0.2164325502457578,0.013806487005221097,0.045667537275105835,0.15493378589497883,0.001137102571142398,0.002897678640533602,0.0013200823515549663,0.007938387199859917,0.16422435971590166,0.12482389712819356,0.02850846856344661,0.04431327426286506,0.0011349230399677961,0.0026332881918284556,0.09468423038657721
spot_0990,0.3278756203610755,0.012844419993332207,0.07275362195667623,0.008157567122482874,0.010892040971914294,0.2868880531623411,0.008479066622199383,0.016215546735486766,0.026021610639095707,0.12438152541359021,0.004835878869891564,0.049927359221412344,0.005750594232438869,0.012540190893889457,0.0031032360054150817,0.029333667798758453
spot_0991,0.008263405185746408,0.07371738399066456,0.028884992916883432,0.06236784317190239,0.014476408577087665,0.0019712771624612723,0.003968113555359448,0.0019334076984997004,0.09947592385746619,0.12089157419820469,0.05919258414539156,0.3286389949727797,0.014136527632166097,0.002066435694869846,0.01834225888644575,0.1616728683540713
spot_0992,0.002023214480236261,0.009288479539724769,0.01382000805885603,0.07616890214334465,0.0032165210825457714,0.07256788891859614,0.14628450971132181,0.05500892044237363,0.16656009946257344,0.04487798712901255,0.16673448949510963,0.11069967900387648,0.024415663260170015,0.037683853718460586,0.0644730393186884,0.006176744235109818
spot_0993,0.010162890646747455,0.003099157798606149,0.004198635484178964,0.006637223299403968,0.010762340068883828,0.00713330031813632,0.08696581670860258,0.05332680578546468,0.018524530738625047,0.15616000243438574,0.00757652685620302,0.2159099339280049,0.1760296458502543,0.02646517466881805,0.08994888489082423,0.12709913052286076
spot_0994,0.18841768056842495,0.1319404187749202,0.02974683765407311,0.05756153047552451,0.10709691832035091,0.007120715185488542,0.02406457636935721,0.025981930118232625,0.06191629644992296,0.017340494699597697,0.03721280840937353,0.028535565276721696,0.015941825733157278,0.026600701064268508,0.06367601019435408,0.1768456907062322
spot_0995,0.011860107296442421,0.0527076032032388,0.05538060571032998,0.017294605924224264,0.04181977558531884,0.12388260582752487,0.023224666515794426,0.004502320576735116,0.06974410717295938,0.1517483204008904,0.05226874820155032,0.11434035378901648,0.020789548193487453,0.015877166683165432,0.04527216017521811,0.1992873047441037
spot_0996,0.001408683718304569,0.013671599267989547,0.01350722223632683,0.028515842875975295,0.0016246714877806818,0.007334425797490174,0.1447508789692569,0.19296580953604836,0.0667235814035407,0.01572190229552123,0.06423875505120176,0.0015730894451663352,0.04191632890956745,0.05221945466081763,0.201214221894628,0.15261353245038453
spot_0997,0.005172097438063881,0.012162835611726186,0.008664022543137704,0.19923960424707732,0.018365480900083143,0.1533080851412503,0.08589654749154567,0.03238653658585607,0.0076255204044411665,0.05963202147136788,0.10510351256183097,0.07600000195705511,0.08055207011811485,0.07418183772835632,0.06831238932677013,0.0133974364733233
spot_0998,0.01802488582339943,0.16693732124942176,0.015918659153799933,0.12385894717462947,0.04051643491151848,0.05426071912904941,0.07732471748359702,0.12105090186423705,0.0637394777750003,0.0029011827325187245,0.036462741834051744,0.03469922572961723,0.10972466759657319,0.04645257421597758,0.08539944800805936,0.0027280953185493
spot_0999,0.087613680985795,0.02646215697069056,0.19749685175337522,0.035619375642621576,0.04032467405680992,0.07660384734544137,0.06185947654824201,0.08522456610859448,0.0822899167255681,0.018327750848903628,0.1276304002699432,0.09014835685145031,0.009215028375537282,0.027206886293779153,0.028358072817928275,0.005618958405319922
spot_1000,0.17998347268382833,0.020925920461925197,0.13827084842288026,0.2766280965625823,0.07712925682406079,0.09240357270762534,0.06814424789263869,0.004960012965648255,0.0006352953838567362,0.0006470155105379291,0.07129088939716878,0.016033386152241556,0.019101206055931484,0.00564179117288063,0.02756481973352137,0.0006401680726723294
spot_1001,0.0007572586545983698,0.014616743558568134,0.11014233255290858,0.019174140205285593,0.0007398426801183858,0.11880317544942254,0.02023078967087003,0.029716842049179536,0.18067305390021757,0.12360921614758143,0.10533319758189315,0.0007588483400731026,0.01031383296833123,0.06525355972077086,0.07820671800588361,0.12167044851429791
spot_1002,0.01129576472127198,0.022197228822045553,0.042621090109317604,0.052360586890046044,0.07407036611846043,0.0941711879294538,0.13412910384826074,0.11012706934971385,0.04346392120022655,0.023045433780390458,0.023248828414158405,0.00431523553232828,0.10620282663211028,0.05940947921479027,0.06857439069631835,0.1307674867411074
spot_1003,0.0008162900153661744,0.024620181012375682,0.1112920039737106,0.033468038770571355,0.0010458012616067264,0.152639001667177,0.1109798442538117,0.01004967061545662,0.1008349986665221,0.02257223714203231,0.021855785769706395,0.0008651349952846596,0.008930004805974112,0.011331261209905562,0.24098297988741654,0.14771676595308245
spot_1004,0.19793664248222348,0.039265661353848735,0.009595884237287463,0.02609158961718604,0.17020710174926787,0.0014918036618645812,0.002462603962712216,0.0014496224643150393,0.05668006525772068,0.12475516724537965,0.18006145628525685,0.017030336084004324,0.008630967449512203,0.0015042289275383747,0.0038890223546649994,0.15894784686721747
spot_1005,0.18925668772604734,0.009442203437728712,0.00589912134592995,0.05219536361749613,0.17669913594601458,0.004074386955945153,0.03484401514196469,0.03726986467184932,0.10828841468716954,0.006940827603082576,0.14732818417634236,0.07569978807457524,0.03767175507678281,0.014992412945705325,0.06871214484995218,0.03068569374341409
spot_1006,0.04272434087852,0.17458824859131444,0.09833245269645649,0.18915337011556158,0.045093085674700176,0.014947681753839911,0.10103953680602151,0.09777808361741838,0.0040802194273942575,0.061400253442055436,0.02026283693194544,0.026632605160297366,0.013040696069994459,0.03523876151326453,0.06806750114019298,0.007620326181023038
spot_1007,0.017110277445458445,0.009698183155710421,0.021217212409936934,0.27718916889192957,0.07570078385612065,0.0014366768664025296,0.04187918327615308,0.004572283409523354,0.12845067184622103,0.015318511654320816,0.14881901193493263,0.010258415331550162,0.1151354822987811,0.0020670359138505365,0.043365803947679665,0.08778129776142911
spot_1008,0.1435624437475569,0.005754092459851723,0.010007536448517134,0.013598566295058526,0.003945844610013744,0.0057543122750172175,0.27548737063385254,0.07155220641679072,0.02583494181258398,0.010017611437036607,0.130893192081292,0.002323572369729537,0.12884452082374084,0.01457376068434549,0.07732820661439924,0.08052182129021379
spot_1009,0.004318890465386857,0.006562157029583879,0.016059316577636557,0.02501226607889736,0.012790984113513563,0.11384611372645329,0.06909305299811314,0.017380190312256003,0.21263536183924178,0.07584336923310699,0.10980070218618818,0.06813347608875413,0.0061441099698009835,0.012972773381373873,0.07397633462175521,0.1754309013779382
spot_1010,0.10678390087652709,0.01749409606394638,0.08763162148531682,0.07227607951078811,0.011515170066101239,0.01854509211349715,0.08985890100864276,0.04635587479705716,0.05778658072713305,0.09351013140142873,0.04484446789374007,0.14913161686353837,0.07460417010084176,0.012836232338563775,0.06202697618574632,0.054799088567131185
spot_1011,0.002127348825294179,0.014490359590448636,0.07754641892531342,0.00762934939554892,0.005066443109696908,0.18228734788228998,0.12618225613740316,0.17203263858447723,0.11940478294864718,0.0073788021625744715,0.005179874573425987,0.1457040921604427,0.009560124455376648,0.1034884560984698,0.017327177466940333,0.004594527683650465
spot_1012,0.009030219636969974,0.1474604437842765,0.16495677603102313,0.04444502288153914,0.16561306164325437,0.01926408831890962,0.13646064409838912,0.13225883033766042,0.05620897949969644,0.016990634495742913,0.013493195108853485,0.004013456906125632,0.007899093328613382,0.06825560835480793,0.006811720986616833,0.0068382245875210955
spot_1013,0.0012239753536721447,0.009282135563577345,0.043526395024408936,0.007585771285082424,0.0022474820616612406,0.12539875497960645,0.02173399257511521,0.10918379547211411,0.30290015905913276,0.07803743328346256,0.0064705873182803264,0.12949721184081503,0.009707990628545157,0.10518604945059956,0.010384763217064078,0.03763350288686266
spot_1014,0.043178603022695196,0.06330148300156484,0.1312695392290892,0.05532629335973315,0.026409711772043286,0.03693328380519626,0.21164167550699534,0.12467274784261399,0.06519748243923851,0.011100147892850774,0.039385782058419444,0.0065537854950077044,0.05545799083997761,0.09832681501232714,0.014072155332659375,0.017172503389588166
spot_1015,0.04056559639411972,0.028786800761594768,0.05234555965947166,0.04928448889100931,0.08199576424037662,0.09790046249637735,0.09429966482668473,0.11299017578523134,0.10912299860832621,0.06652616843508884,0.0186430057411601,0.006014672403022444,0.13574703630206142,0.04319242906344236,0.05011167334658871,0.012473503045444439
spot_1016,0.008387179622367872,0.08436037350062693,0.0214534566148,0.14232396098996855,0.02601587705491386,0.0012657416937384561,0.002744821360779555,0.0015226574848748796,0.2777565819915689,0.036730478789367055,0.11957090085639185,0.14093869640304169,0.014801439368087529,0.0011667676043915427,0.0018997301412176529,0.1190613365238637
spot_1017,0.05680638095289241,0.09023211735770803,0.027658651434535022,0.17405706199153606,0.04190938411153592,0.025588080114967375,0.058690674539511045,0.027412329662831508,0.09028081598097805,0.040612808562101324,0.1684408217766861,0.0737031491460742,0.02620011007098626,0.01271134917928979,0.049560390940010024,0.03613587417835687
spot_1018,0.24991908036088806,0.009311607517729355,0.006114909433950779,0.09207453571048477,0.1379714354939419,0.013839381722745668,0.010707581103004418,0.005965029123935615,0.17049839257786675,0.05584462806118369,0.13049577820419217,0.027114751403349974,0.02037354786074337,0.005637696040361921,0.01856903970797949,0.045562605677642094
spot_1019,0.001926422211279235,0.0421564695481353,0.07107689723629963,0.056606794097350525,0.0023769010349500067,0.16748289427367147,0.0541777315668103,0.13297328615062146,0.06696715620927812,0.014815712272139304,0.07539929841258625,0.06027874123607536,0.028577495785955438,0.017365012817930545,0.04830953685971851,0.15950965028719855
spot_1020,0.24312237141071918,0.07869123929239341,0.11903611493191686,0.012112067882589717,0.0407947782510379,0.014568796891231839,0.12556157130015208,0.05508418517790577,0.10848597965095379,0.01343057706839621,0.011921703459891627,0.026779900944136185,0.046578963465501305,0.04357802435591973,0.032304807094772736,0.027948918822481645
spot_1021,0.00929133506004419,0.017439831213404384,0.047202674968967,0.014274450928169521,0.009171536151699067,0.056203929483976976,0.026126914858913153,0.08460127639403406,0.0882683603970332,0.20124633211177154,0.1116868126637203,0.15731283237749838,0.017430030914222284,0.055627848335812025,0.09901207614217468,0.005103757998559247
spot_1022,0.04333274655681652,0.1598215860079149,0.03733758439116812,0.045999280192365835,0.019568820646187753,0.007022914840526501,0.059508585720627324,0.10868344996939129,0.06186164154468288,0.03454290412031151,0.24305976472141935,0.007876134082538606,0.03909432307794186,0.07149099150954934,0.04759073262300048,0.01320853999555773
spot_1023,0.01830153078028991,0.010026995559924241,0.007608209257740885,0.02190854795842168,0.08643253501048018,0.15088781915296828,0.05182686233201002,0.08856533769725748,0.11322804860843766,0.04804013781352002,0.1134865499085621,0.027217832180793315,0.009237390672706144,0.0649380425170546,0.08717339167646267,0.1011207688733708
