spot_id,CD14 Mono,CD4 Naive,CD8 Naive,CD4 TCM,CD16 Mono,NK,CD8 TEM_1,CD8 TEM_2,Intermediate B,Memory B,CD4 TEM,cDC,Treg,gdT,MAIT,Naive B
spot_0000,0.25072321170599443,0.11320919037326604,0.19711370968761444,0.04177243041112631,0.022682351022808654,0.014268074174473603,0.022217550569777318,0.07741347120621812,0.012226553789780523,0.10756551464111108,0.03898558990159349,0.05397620142421896,0.0,0.009142236708350597,0.0,0.03870391438366648
spot_0001,0.0,0.0,0.264187140035664,0.0329910153783687,0.18992678469032565,0.004670797015198002,0.06246972816664078,0.018456273566464693,0.1708422415378476,0.017728588363485873,0.0,0.0,0.07631523783871173,0.018171757351790153,0.0,0.14424043605550288
spot_0002,0.06341970545280198,0.0,0.0,0.2448093295009465,0.27633985220170826,0.0,0.0,0.0027174937554691105,0.10427565624848822,0.0,0.0,0.04434212255142884,0.23541417539113524,0.0008552528305030509,0.0,0.02782641206751891
spot_0003,0.15455876726551437,0.33954999176915907,0.12850460084644827,0.2709134447263482,0.0,0.0015667957961416697,0.0,0.062029728559799414,0.0,0.0,0.0034245131998566756,0.0,0.01918352397533897,0.020268633861393374,0.0,0.0
spot_0004,0.02477638691241586,0.1727593295413597,0.0,0.24927382622344926,0.09639273208069518,0.02278134027242786,0.1330284258630221,0.0609227595935343,0.08918525763158659,0.027345547773044078,0.0628968142392468,0.0,0.040939679512492416,0.0,0.010307244726298508,0.009390655630427501
spot_0005,0.2613906639195676,0.02275060099128826,0.07523850378535167,0.06765524268180978,0.1237658882303131,0.0,0.03188292205870287,0.0018731455175523767,0.027446955729765757,0.06279586278907273,0.13335645309653624,0.012512838779177637,0.05610015136958001,0.017667802389892937,0.054170241739212394,0.05139272692217657
spot_0006,0.14015862871413423,0.039977259497484784,0.20393142398461842,0.15146714708425527,0.15038810319628146,0.004167728275811435,0.0,0.048410060498974804,0.0692398889991446,0.040400909836837993,0.0,0.1222760291590073,0.0,0.0,0.02958282075344983,0.0
spot_0007,0.0,0.0722067139828379,0.2786947162471529,0.21081551299081697,0.0,0.0,0.0,0.0,0.137928433995617,0.07659788723727762,0.06902763615059482,0.0,0.0,0.043009584359869686,0.009267186282613315,0.10245232875321968
spot_0008,0.22527647347332547,0.19794066290976697,0.15766596338507577,0.15093512590622826,0.024158779107197915,0.0,0.0,0.0,0.0642213536113322,0.0,0.13872690219459877,0.013242868368010433,0.003518448781920473,0.0,0.019457600496373146,0.004855821766170393
spot_0009,0.07463160131311564,0.3873711413767642,0.012220562088221544,0.0,0.1795004008160665,0.0,0.02106549675873892,0.0,0.07467489445705955,0.023057132193079106,0.04233171919927438,0.0430110166511108,0.11742174388011943,0.0013319406749766987,0.0,0.023382350591473366
spot_0010,0.4667927276672203,0.04898217924964332,0.11770037135609081,0.06474562819118232,0.12898437087224532,0.0,0.0,0.0,0.0,0.0,0.0,0.12934094622414885,0.0,0.014237530435213322,0.029216246004255715,0.0
spot_0011,0.1954165752831551,0.23632409962117967,0.3619298534647323,0.028504483930259596,0.021680702239808666,0.0,0.0,0.0,0.0,0.0031303577094864282,0.0005544577256303963,0.06775027771278168,0.07597193598851328,0.0,0.0,0.008737256324452727
spot_0012,0.3528262864767519,0.4231045397304562,0.10770637445636393,0.0,0.05434465847659529,0.0,0.008777921643865278,0.025487608232720456,0.0,0.0,0.0,0.023419650308988658,0.0,0.0,5.977510831216673e-05,0.004273185565946212
spot_0013,0.13247035359896175,0.01759860207850988,0.11317497466076268,0.29238316639443096,0.1632204858138552,0.012977432124477209,0.0,0.023411657398711722,0.0,0.021139629168422287,0.07678572466427111,0.010509464725031595,0.012894234765466849,0.035780270224832295,0.01720705780974826,0.07044694657251835
spot_0014,0.27147417044649347,0.056677236822867225,0.17406099502421984,0.321478931186704,0.0,0.0,0.0,0.07108674370046746,0.016907238483400092,0.0,0.028391128771005174,0.0,0.0,0.0,0.019427074168643414,0.04049648139619938
spot_0015,0.13433077885673275,0.2494821027570166,0.45635718743403475,0.0441208189450617,0.024290998520962954,0.0,0.0,0.0,0.0,0.0,0.06756044828559826,0.0,0.0,0.0,0.02385766520059288,0.0
spot_0016,0.3927331883052119,0.2536804470356758,0.0,0.10813211647564566,0.05172761702928852,0.0,0.0,0.0,0.0,0.05386637704096087,0.0,0.0,0.05213788669816998,0.0,0.0,0.0877223674150473
spot_0017,0.42223049886921765,0.21398068549858643,0.0,0.0118663556955629,0.0,0.0,0.351922459936633,0.0,0.0,0.0,0.0,0.0,0.0,0.0,0.0,0.0
spot_0018,0.26958607891493014,0.11563776113269292,0.07058577341457231,0.17470561579340785,0.11050090928940033,0.0,0.0,0.0,0.0,0.09487213731708748,0.08366649679037659,0.041010732243328074,0.03943449510420446,0.0,0.0,0.0
spot_0019,0.22472616245807794,0.0,0.0,0.0,0.12678734107575096,0.0,0.0,0.01610670780124151,0.5477351187124738,0.0,0.0,0.0,0.0,0.0027352007302505208,0.0,0.08190946922220518
spot_0020,0.10127232779846222,0.2548222777779907,0.3046471270011537,0.048626448227784225,0.0030561593291877974,0.012271906535726358,0.02222366979349242,0.0,0.05066701276085975,0.0024313698987587467,0.06367401098416667,0.0,0.051143354394322084,0.0,0.05345563596102123,0.03170869953707412
spot_0021,0.37564980190381825,0.1489063933786743,0.2153156579505227,0.021875726740076405,0.013411892896926679,0.0,0.016744602912992828,0.07695608283508644,0.017914650464019296,0.06253582449319622,0.0287350105869396,0.010860405739723057,0.0,0.0,0.0,0.011093950098024354
spot_0022,0.4216783300502529,0.13407790690776575,0.002362042855595155,0.12377389269299378,0.08037446720617068,0.014316963883063602,0.0,0.03969139470912498,0.0,0.0,0.01597672250358529,0.03168931655774183,0.0564651099180348,0.07959385271567118,0.0,0.0
spot_0023,0.21382857093104202,0.25081554676688084,0.04158017439230535,0.1753321709317022,0.05365010289020302,0.0,0.0435645942842845,0.0,0.0,0.0,0.13728062695255702,0.0042345232786910394,0.07971368957233399,0.0,0.0,0.0
spot_0024,0.0,0.07236682891502759,0.2960872601980349,0.2909168203510597,0.0,0.0,0.0,0.0,0.0,0.0,0.1451902639891661,0.1185125052743883,0.0,0.0,0.07692632127232348,0.0
spot_0025,0.07584034102547481,0.23876576049004666,0.19981527308974634,0.32398947619566165,0.01575755199865628,0.0,0.0,0.10165747221555066,0.0,0.0,0.0026899336246117658,0.004768360565510332,0.018076939847987694,0.0,0.018638890946753812,0.0
spot_0026,0.49834098597998017,0.14816472074954665,0.15551131584394537,0.06030660325607067,0.0,0.03271276289120828,0.05754379935614271,0.03643049977788935,0.0,0.007321770968624709,0.0,0.0,0.0029221426318859836,0.0007453985447061404,0.0,0.0
spot_0027,0.39796578733382243,0.1841704795271338,0.1472545358622764,0.12839141196919132,0.0,0.013388828167409541,0.08075990131201023,0.014326538666217886,0.0,0.0,0.00104950969321148,0.0,0.03269300746872709,0.0,0.0,0.0
spot_0028,0.09366632687779022,0.1335210888066016,0.03184404603108852,0.17134879331670091,0.1299135638361681,0.08889285587294045,0.0,0.12759819060449523,0.1505616430990673,0.0,0.014870196228317919,0.0,0.006661142846497008,0.0357547454554056,0.015367407024927105,0.0
spot_0029,0.23918365599504335,0.2318886754088943,0.4002814472093585,0.0,0.008403977029239864,0.017836805419383765,0.0,0.0,0.013323716679270564,0.003888336524478669,0.0,0.0,0.0358492198480404,0.0,0.04934416588629049,0.0
spot_0030,0.42357444683689455,0.0,0.19178212212107734,0.07251973441425905,0.0,0.015077081705741575,0.0,0.0973866662729683,0.07815942239759029,0.07547598296381126,0.02528563152916354,0.0,0.0,0.020738911758494172,0.0,0.0
spot_0031,0.055549824107069865,0.17031947089504015,0.07595758753592223,0.4426549766938148,0.15728657377598346,0.005298820416858014,0.0,0.0,0.0,0.0,0.037587977808089805,0.022723196351042554,0.0129863676843231,0.016561691075798187,0.003073513656057993,0.0
spot_0032,0.25473310349635486,0.003277267872366621,0.36493658045139427,0.0,0.1934253707332108,0.0,0.004197104833146096,0.03524444585785097,0.0,0.0,0.04511777304061453,0.015231103145808332,0.04697467094330794,0.008477163316356822,0.024104413702334092,0.00428100260725448
spot_0033,0.30327432547282834,0.20932449380819093,0.0,0.11713306979770559,0.1004048576036261,0.0,0.206521254943116,0.028103280079649493,0.0,0.0,0.0,0.0,0.0,0.03356135256109371,0.001677365733789776,0.0
spot_0034,0.15443140681823256,0.26099975107452345,0.23633327801632226,0.022440164535453392,0.08721495706031081,0.02135008911220826,0.0,0.009334506635500965,0.0,0.02321819251823501,0.0,0.10815380887305927,0.0,0.014771557054769733,0.0,0.06175228830138433
spot_0035,0.26868557604126936,0.2691778255665355,0.10676786594131508,0.10568907180718602,0.055688719339211906,0.013583205438972512,0.0,0.0,0.01101133073441574,0.0797555199335666,0.011587845093523428,0.04895109248102908,0.007907743028046343,0.009896428569503388,0.0,0.01129777602542511
spot_0036,0.27523078712139437,0.12362252361052598,0.3949926623439278,0.015013523174128492,0.05942113093897633,0.00453460724435062,0.0,0.0,0.0,0.002969002767100896,0.023040969016470663,0.08021734101592617,0.008196327006596863,0.0,0.01276112576060171,0.0
spot_0037,0.23797415137286002,0.24729853405345797,0.11855663976700867,0.10279456003414655,0.0,0.06752141254370217,0.0,0.0,0.014064394861781015,0.10028564924220629,0.02096411319665288,0.0,0.046335466867319715,0.02485550026193126,0.0,0.019349577798933475
spot_0038,0.305172119268686,0.10333893517702136,0.25901128391335476,0.0,0.07529640806716813,0.0,0.0,0.0,0.0,0.0,0.23661290580518357,0.020568347768586067,0.0,0.0,0.0,0.0
spot_0039,0.18047154059349552,0.18879354894985204,0.28241769226991864,0.04721607629645216,0.0,0.06993963496690565,0.016556747577772132,0.03723141422837861,0.010656926416088588,0.025718329306203633,0.027171263889392554,0.0009365406343048378,0.08590123759975139,0.0,0.0,0.026989047271484233
spot_0040,0.008751943907855435,0.280811011085123,0.1777750397832918,0.11734739556216171,0.0,0.0,0.04307717758691129,0.08125769627569085,0.00405945237009592,0.062222864509168696,0.022467171642411937,0.1039001977098519,0.0746791370383475,0.0,0.01108406609128788,0.012566846437802207
spot_0041,0.24924614341431126,0.0,0.04109458853604856,0.12013216373404476,0.0676566499872999,0.019064102869208305,0.04980975667294137,0.12787179095288084,0.07824607158561817,0.02939918145953564,0.11687851516307997,0.05919323762291168,0.009872281851859782,0.006868287239619801,0.009847220438916015,0.014820008471723831
spot_0042,0.12712242649456076,0.3974670620443462,0.03132413445031532,0.0,0.0,0.0,0.0,0.10430624859461718,0.16884551429456626,0.12412012186343528,0.0,0.0,0.012320890130262337,0.03449360212789678,0.0,0.0
spot_0043,0.25060387723330035,0.18699888276780413,0.05289430746407231,0.036334765339759524,0.06664600032536501,0.0,0.167836906816795,0.038994128025050985,0.0,0.0,0.11848999496907724,0.011976317479352171,0.06685629237811065,0.0,0.0023685272013127204,0.0
spot_0044,0.21904108421669405,0.04921507655114266,0.42761199929096433,0.14951510713313682,0.025347006090026995,0.009647271611144648,0.0,0.0,0.0,0.0,0.01353859107553635,0.01352118524374416,0.09112660714679759,0.0,0.0,0.0014360716408125056
spot_0045,0.31784079361771694,0.1059269213855985,0.17979768620992953,0.025158836222609723,0.02262386022902156,0.03463401590451008,0.0,0.08107639958651944,0.1022209666925427,0.029343029053086656,0.0,0.04386102107286106,0.023077688885445057,0.0,0.01705889949879358,0.017379881641365065
spot_0046,0.5470781369224044,0.0,0.0,0.13584411845239483,0.0,0.0,0.2454252769971182,0.0,0.0022321671914989844,0.0,0.022382544690830196,0.0,0.005835887097008205,0.0,0.04120186864874534,0.0
spot_0047,0.23440305629789437,0.10703945783215654,0.185366215843182,0.16992824580199822,0.031360601987847465,0.0,0.0,0.0,0.0,0.08224748252881829,0.05325462226638678,0.0,0.1364003174417163,0.0,0.0,0.0
spot_0048,0.2080716247483049,0.03654202392605667,0.04688023830151105,0.10093012881892095,0.10922527722243494,0.12034487982377765,0.0,0.15059660078954695,0.0,0.07079804381205346,0.04374084950513545,0.019961369241731784,0.03116202271315194,0.0616808581531995,6.608294417462405e-05,0.0
spot_0049,0.40900453177008544,0.19872791796988104,0.1553793111701299,0.02498468541697883,0.0,0.0,0.01742589182488431,0.0,0.10867424833045458,0.002128389654129578,0.0,0.01329857768539961,0.0703764461780567,0.0,0.0,0.0
spot_0050,0.32078503825708565,0.09384705781462038,0.059992054447447124,0.25485442000760117,0.0,0.0,0.0,0.0,0.06880638348308986,0.016654433740529367,0.15778429177084685,0.010163870766138053,0.0,0.0,0.017112449712641527,0.0
spot_0051,0.4127118413319877,0.2488741590524531,0.04708885268455862,0.07484179660387548,0.07231210705429632,0.005382032595610898,0.07582965510404983,0.00914213302597499,0.0,0.003285266594415833,0.020138746710251735,0.0,0.0,0.0033907432626500062,0.023096138494618373,0.003906527485257171
spot_0052,0.6600738322721328,0.1838850228919677,0.03169620445372284,0.0332118196149584,0.0,0.0,0.0,0.0,0.0,0.0,0.019847571235257263,0.0,0.043420397600401665,0.019151459969346196,0.0,0.008713691962213216
spot_0053,0.4511242110735353,0.24209566308498162,0.034223475643746254,0.1007870313315114,0.08299119026805035,0.0011647571424318365,0.0,0.014258951059415279,0.0,0.0,0.073354720396328,0.0,0.0,0.0,0.0,0.0
spot_0054,0.24600279070240874,0.18274962165007896,0.14956765808313519,0.08418830794704202,0.007957489276004452,0.0,0.0,0.0,0.15737790488643452,0.013510654664065506,0.0,0.08902615271285283,0.002517450654665808,0.013351338642389155,0.0,0.053750630780922855
spot_0055,0.1643695815702892,0.11600399532680404,0.3850005965817081,0.06037465484123334,0.04550730394203405,0.01473501398356603,0.057341380774447136,0.0,0.005012668043100057,0.0,0.012293919300001292,0.08038740530709193,0.0,0.030838555639200536,0.02813492469052439,0.0
spot_0056,0.06694726692128516,0.27119139238663387,0.13170143810121418,0.22224205758585083,0.046730761143455,0.0,0.051486731340070355,0.03062000660519923,0.05416096510328518,0.016501421470109866,0.058371994173419754,0.0034733923218497314,0.017829271552481922,0.0,0.028743301295144852,0.0
spot_0057,0.23674657441512653,0.19123925260414704,0.0,0.12411310027886767,0.17473161555469893,0.0,0.0,0.0,0.05553803337826916,0.17371696545093016,0.01299774186510663,0.0,0.001269376065698885,0.0,0.0,0.02964734038715502
spot_0058,0.19924182569969412,0.23336990490130496,0.09126894120620219,0.02688650433382376,0.11089687052604719,0.0,0.0,0.0,0.0,0.04653442992654063,0.04705070222774347,0.12093416261194283,0.0706667869157253,0.0,0.03661270864515494,0.016537163005820518
spot_0059,0.2371592735769112,0.12401024862036913,0.0,0.05806436588947623,0.0,0.0017411453958000708,0.027339166051960274,0.10693850540654376,0.06877436719845274,0.02555690654708321,0.03486544311820212,0.0,0.08341632948949355,0.08632898408099847,0.0,0.1458052646247093
spot_0060,0.38185546814079324,0.1402164534229916,0.17346693666674853,0.0,0.11444116234785041,0.0,0.0,0.0,0.0,0.0,0.010788398467280403,0.048920236444162914,0.07202648241753389,0.0,0.005737878490522154,0.052546983602116674
spot_0061,0.36624491887123334,0.10034703111450669,0.13796460740119587,0.05336563555404685,0.06431609668033847,0.0015712330370019258,0.0923392823540661,0.0,0.0,0.0,0.025191601258477445,0.02770349429217494,0.048611071778517576,0.0565051047209334,0.02583992293750754,0.0
spot_0062,0.054551049238151274,0.3954394525333416,0.23564715746429202,0.2942676839210051,0.0,0.0,0.0,0.0,0.0,0.0,0.0,0.02009465684320985,0.0,0.0,0.0,0.0
spot_0063,0.339268192617065,0.0,0.0,0.12071863834993303,0.096268387005851,0.010287850050846115,0.016212777259887606,0.0,0.0,0.0,0.24545965882257717,0.08628804560576754,0.0,0.0,0.08549645028807269,0.0
spot_0064,0.4497697043316464,0.29785571936455113,0.0,0.09938855199954563,0.0,0.0,0.0,0.03423841835899415,0.0,0.0,0.0,0.0,0.09059308408151792,0.0,0.028154521863744564,0.0
spot_0065,0.3918257075732548,0.5278908654168847,0.0,0.024243273791439993,0.012827448891533547,0.01347971471655898,0.0,0.0,0.0041103037280018585,0.0,0.021355600655974312,0.003763397095494685,0.00050368813085725,0.0,0.0,0.0
spot_0066,0.32727055005629185,0.2091707167754395,0.17502446012540868,0.0203489857122982,0.0747879430763237,0.0,0.0,0.0,0.0,0.0,0.09025095891466242,0.09078174098046793,0.012364644359107892,0.0,0.0,0.0
spot_0067,0.5812383588293191,0.23350972802328074,0.005986034390835248,0.0,0.0,0.0,0.05616315922054275,0.0,0.0,0.00011364720646966656,0.0,0.0,0.1229890723295524,0.0,0.0,0.0
spot_0068,0.34824506969073044,0.18678768723609204,0.0706920775963324,0.010929874911874915,0.03394857121607177,0.0,0.01935735645002762,0.04115356069540045,0.05163166305397751,0.02749335694337873,0.03927047797774837,0.022677089890663027,0.05786601852030922,0.042095206182479646,0.03261164598138738,0.015240343653526448
spot_0069,0.14358126454001752,0.09326142123623687,0.31695825041283415,0.16762876727499845,0.16640009699664227,0.06416651163738962,0.0,0.0,0.0,0.0,0.01905040444506581,3.250453679062534e-05,0.0,0.0,0.02892077892002479,0.0
spot_0070,0.21630959938037772,0.10013340119713784,0.22185753792471255,0.09183881330232908,0.023445088977855005,0.039190749715770176,0.0,0.0,0.0,0.0,0.05252338374243532,0.0,0.17455895192211465,0.010811239786045073,0.0357845055422356,0.03354672850898686
spot_0071,0.0,0.19544083821779817,0.18357928371036056,0.14726605589708136,0.0,0.0,0.0,0.0,0.25866368384138977,0.1331890867757963,0.05345910764395593,0.011606037205802913,0.0,0.016795906707814903,0.0,0.0
spot_0072,0.33465408817343856,0.0,0.34132953215584916,0.08295205810337336,0.11234217445902946,0.0,0.0,0.0,0.0,0.0,0.07468211427641885,0.023364033901877867,0.0,0.0,0.026618388296911818,0.004057610633100991
spot_0073,0.7170772295721947,0.045744179559952775,0.0,0.0,0.0,0.0,0.23717859086785256,0.0,0.0,0.0,0.0,0.0,0.0,0.0,0.0,0.0
spot_0074,0.21058684788015275,0.06955055670926835,0.007934705834829648,0.23092491897060966,0.0608980941792136,0.006774669072591088,0.06909250415852146,0.08587270396624833,0.1219267116796578,0.0,0.0,0.0,0.06310779454439341,0.0,0.03730372372312552,0.03602676928138831
spot_0075,0.3576482534954561,0.03413819597150372,0.1200898215015061,0.15254456508967487,0.05155888793551358,0.0,0.0,0.0,0.04117498509374919,0.025932008819705796,0.05674180109079062,0.01995175377183564,0.0,0.0010753137280934914,0.06790374784810821,0.07124066565406287
spot_0076,0.0,0.0,0.0,0.3325977055045387,0.03707555133968518,0.08307261343816313,0.0,0.06813935175586117,0.0,0.015555144093258878,0.0,0.27658342388008933,0.17410230139500052,0.012873908593402974,0.0,0.0
spot_0077,0.22423250989961563,0.15044956719440875,0.18442060334503288,0.017278012418469373,0.21494273450586115,0.02735378225657833,0.0,0.02652284156606214,0.0,0.04315781288803175,0.0,0.06743741723634397,0.018587213492608362,0.0,0.0256175051969877,0.0
spot_0078,0.16134558293288478,0.0,0.18617243458953026,0.3034265057481867,0.051230454198213336,0.0,0.017614048795664927,0.010943305575976718,0.05435257880087572,0.0,0.1278014708662999,0.02340335208427256,0.019853457194098895,0.0,0.02835256390895482,0.015504245305041433
spot_0079,0.45383192776353026,0.1283102122845002,0.06797450301687888,0.0,0.0,0.0,0.16598165090285616,0.0,0.0,0.14007073456910604,0.0,0.0,0.0,0.04383097146312841,0.0,0.0
spot_0080,0.04570799769526669,0.0,0.22441495082609636,0.0,0.0,0.055448167295436744,0.19910895333774234,0.010841293669731935,0.16335350991261327,0.1799391480937227,0.06475520781504976,0.0,0.0385957100429521,0.0,0.017835061311388015,0.0
spot_0081,0.20130329561753274,0.058831004351933475,0.0,0.25231931824935955,0.0,0.0,0.15384632072025417,0.023159533647736263,0.08456219346705633,0.05409510419868681,0.10725856366061229,0.0,0.007029462437553478,0.0,0.024062947572740065,0.03353225607653477
spot_0082,0.2892434424442838,0.15701079728957654,0.2266776565907415,0.0,0.0584176048625311,0.0,0.0,0.0,0.08154294073892063,0.04312288898733232,0.0,0.05875662212687673,0.021353947647113264,0.0,0.0,0.06387409931262426
spot_0083,0.3394473421140431,0.14651867993487017,0.45432629023326665,0.0,0.0,0.0,0.05970768771782013,0.0,0.0,0.0,0.0,0.0,0.0,0.0,0.0,0.0
spot_0084,0.0,0.2615910238244171,0.0,0.28307520916496276,0.014255666569149639,0.0,0.16422019931282678,0.09103605126452388,0.1397350027868367,0.0,0.0,0.0,0.0,0.0,0.03529183311905903,0.010795013958224202
spot_0085,0.150303234727641,0.0,0.14251404343739285,0.14119095204470072,0.23579500925013014,0.0,0.0,0.10405491380434974,0.13402870444767367,0.03201350217937999,0.0,0.0,0.014405557925890362,0.0,0.0,0.045694082182841496
spot_0086,0.0,0.01844947768140956,0.1894651778644405,0.0,0.0,0.0,0.0,0.0,0.19406161053178209,0.20652867185044496,0.0,0.16965787024120257,0.0,0.0,0.0,0.22183719183072034
spot_0087,0.539823765616197,0.11000422763143616,0.0,0.006243101033596185,0.0,0.0,0.34392890571877066,0.0,0.0,0.0,0.0,0.0,0.0,0.0,0.0,0.0
spot_0088,0.19689422192045627,0.07020663664422158,0.25386855437690936,0.24346083297319557,0.03936918387772717,0.017543728135992025,0.0,0.05715151944685482,0.0,0.0,0.0,0.07018924064522737,0.011380980673918897,0.01624669276286234,0.02368840854263462,0.0
spot_0089,0.28555301758397506,0.0,0.1968016011109811,0.03562160916511209,0.0615110309693678,0.0009807879345230261,0.06198490934143156,0.020553533148677354,0.0,0.12811309596963202,0.07563526430458112,0.03335263219062884,0.0,0.0745044469240128,0.0,0.025388071357077328
spot_0090,0.18517579412651028,0.2581790724736798,0.04450227925551079,0.08546232357412163,0.17542029416789584,0.006910011947994798,0.0,0.0,0.00413678087366598,0.0,0.10641737549770947,0.0827813285728003,0.04336486821453505,0.0,0.007649871295576066,0.0
spot_0091,0.15906135307078673,0.19733905916456304,0.15318108476756953,0.0666292122533688,0.1379349140587155,0.07268368920794764,0.04622532591974966,0.0,0.0,0.06469824656685516,0.0,0.0,0.10224711499044378,0.0,0.0,0.0
spot_0092,0.378480446581585,0.0033613611460361187,0.13476489041128464,0.1037240257159829,0.1504022774828025,0.0,0.0,0.14098378077902726,0.0,0.0,0.0,0.027339953110993357,0.049577112143524775,0.011366152628763426,0.0,0.0
spot_0093,0.45101697173099753,0.369142287757634,0.10724811634495522,0.0,0.0,0.0,0.07259262416641304,0.0,0.0,0.0,0.0,0.0,0.0,0.0,0.0,0.0
spot_0094,0.10003942303721795,0.16867113312100368,0.052257595006996456,0.07729256089458872,0.0,0.0,0.05284260878489378,0.1028960122696432,0.025540448130311685,0.12221683064242989,0.15967923018235314,0.0,0.07184827167764062,0.0,0.06671588625292091,0.0
spot_0095,0.6239389661415979,0.10527773571518395,0.22890245741149703,0.0,0.0,0.0,0.0,0.0,0.0,0.0,0.024735062084818432,0.017145778646902657,0.0,0.0,0.0,0.0
spot_0096,0.26915902365909766,0.17747814668987066,0.21710065430815048,0.0,0.055590204105070457,0.0,0.0,0.0014871878193830593,0.008298027639444008,0.1852134098929015,0.0,0.011401142067379886,0.0521478599458863,0.0,0.022124343872815918,0.0
spot_0097,0.23215149966105872,0.13498455183627647,0.0,0.12636391635823518,0.04765425405011739,0.10712312731341905,0.11968942552698902,0.10876662516982313,0.0,0.0,0.014720993265780113,0.0,0.0473730335159874,0.0,0.061172573302313606,0.0
spot_0098,0.4510336204968617,0.18711584923945307,0.15731271833132238,0.04316974986060365,0.050565682972838324,0.0,0.0,0.0,0.0,0.03289261199895891,0.0054250150570303805,0.008165299683642253,0.0,0.0,0.0,0.06431945235928935
spot_0099,0.17157829776145322,0.10460579765856542,0.2235311803715294,0.28985355203194707,0.05319970530969926,0.0,0.01672283772640993,0.010241166658478263,0.027674217073852033,0.0,0.0,0.03408385642170563,0.0,0.021528362914328598,0.0,0.04698102607203116
spot_0100,0.07306646399989912,0.11646070799702778,0.061326128854352256,0.2959464983591986,0.2235594638957754,0.0,0.0,0.21854730625326593,0.0007071028479730811,0.0,0.0,0.0,0.0032064683831017978,0.0,0.0,0.0071798594094059165
spot_0101,0.10609710695240959,0.11588280905100298,0.157203453881231,0.0,0.025084043871158788,0.018797322215423257,0.0,0.12027311336951116,0.016372548031212814,0.11038153192151655,0.1037118086610345,0.08633841533379191,0.07600613732229244,0.0433568827095504,0.0204948266798646,0.0
spot_0102,0.05700559468141181,0.20613461108575581,0.0,0.4819420166130169,0.01704360941463811,0.0,0.0,0.0,0.019135195404683607,0.0,0.0930899933509198,0.034954772029349296,0.010854050644299451,0.06416992139257853,0.01567023538334659,0.0
spot_0103,0.49352490498201973,0.15084478310812016,0.0,0.0,0.0,0.01418393085032668,0.1203145392972521,0.0139590842461909,0.05353503251858274,0.0055095476078349855,0.0,0.0,0.06378168209637465,0.0,0.0,0.08434649529329807
spot_0104,0.14432242376235518,0.0850580767601351,0.37538226664966573,0.09585552987677558,0.005286724727650801,0.005521979464959308,0.0,0.042124043810317514,0.07753718838661372,0.011564428810739451,0.0374844225634151,0.02260776269522585,0.0,0.03896914266953512,0.0,0.05828600982261178
spot_0105,0.3281062237535303,0.26324731582198607,0.00010896437932507646,0.10629494311233112,0.1219302195462721,0.015901195376236084,0.0,0.0,0.0,0.0,0.027326619916229946,0.07135846651554448,0.06572605157854472,0.0,0.0,0.0
spot_0106,0.17435833499802486,0.035236269989802484,0.25522734749774056,0.3793408280825791,0.0,0.02111922705918106,0.0,0.02859777702087016,0.0,0.0,0.064294311153612,0.0,0.0,0.0,0.04182590419818976,0.0
spot_0107,0.28521122472646004,0.2387372755616202,0.04251635527158311,0.0,0.0890539040690948,0.014213572797227122,0.059344334345557026,0.025128384636833676,0.11897598574266811,0.04448368111125255,0.0,0.033610172306605436,0.041276558733897566,0.003989220572853549,0.0,0.0034593301243468553
spot_0108,0.1918186871562861,0.2592168849937232,0.16946588494456746,0.0,0.27175324653858246,0.013682320480083157,0.0,0.0,0.06743323194334466,0.0,0.0,0.026629743943412998,0.0,0.0,0.0,0.0
spot_0109,0.10826841803028157,0.327569667458979,0.15889774926646558,0.0705920890218746,0.15975346729272397,0.003167771762434334,0.0,0.0008230554351841917,0.0,0.0,0.0,0.08556042894445304,0.0,0.0,0.0809599637425462,0.00440738904505745
spot_0110,0.29097735184854406,0.3072428692446714,0.11927789973519996,0.07884247977604615,0.0,0.011505667223296177,0.03203636482630666,0.036363808523454055,0.0,0.0,0.027351934608646874,0.0,0.05881402022357937,0.02220123762207119,0.01277093384829846,0.0026154325198855005
spot_0111,0.06235180075972458,0.016663577789991127,0.16959068310730088,0.05868378371104331,0.06623553895563826,0.057295988561683615,0.01868048093355541,0.011997131378564568,0.044553157167221136,0.08517558236648895,0.061402744469002644,0.06920512242740129,0.1513160029254529,0.022782889078407184,0.06565208012079107,0.03841343624773302
spot_0112,0.307994766990386,0.3084852171186285,0.2651769215699693,0.0,0.00203474221402233,0.0,0.0,0.0,0.06958837059584311,0.0,0.0,0.0,0.0,0.0,0.0,0.046719981511150796
spot_0113,0.35838098803528745,0.20438259813524962,0.17571296667377764,0.03020147503198759,0.06821002002924458,0.0,0.0,0.0,0.04814520730031597,0.11118065252890835,0.0,0.0,0.0,0.0,0.0,0.003786092265228678
spot_0114,0.19240299173618697,0.0,0.21672051876844353,0.0,0.05078812854977913,0.0,0.09853972918382554,0.08367997078995654,0.08234826860528537,0.15030277201016093,0.05849904199834107,0.005533494494903871,0.0,0.061185083863116996,0.0,0.0
spot_0115,0.0,0.37835046515879045,0.0,0.14514830707116527,0.0,0.0,0.03917962653646587,0.10625571589238145,0.010234886442989104,0.002138303262565381,0.024763040871927294,0.23770504850368795,0.05622460626002728,0.0,0.0,0.0
spot_0116,0.10707368538492053,0.05606786603121043,0.06774685966002869,0.2542333770481665,0.0960998804242385,0.037119450889908916,0.0,0.047602148898784835,0.0,0.020111491114968287,0.09757612413481939,0.08512054005568295,0.1015038228777746,0.011425036055315547,0.0,0.018319717424180777
spot_0117,0.3403087853064418,0.0,0.04054686589848381,0.042347729824205996,0.0,0.024072326156699297,0.0,0.2866494112279462,0.0,0.0,0.07999845061953877,0.0,0.0,0.07676250003575043,0.10931393093093372,0.0
spot_0118,0.1934126900328079,0.0,0.49650532053332347,0.022983118104413044,0.15622954304731052,0.0,0.0,0.0,0.0,0.07348304406395273,0.024121273980763823,0.018277793261638014,0.0,0.0,0.014987216975790538,0.0
spot_0119,0.021971757363029882,0.30955669991341794,0.06564529074596895,0.1008298940327377,0.0,0.0,0.0,0.06785318654077652,0.09527025778151578,0.05439689851804664,0.1345571656907053,0.019874964600547718,0.10146731973810766,0.018909839182134028,0.0,0.009666725893011947
spot_0120,0.11959727536310683,0.28424498462963704,0.03446118298638054,0.2015936920891105,0.06750484550264645,0.0,0.0,0.0,0.04307399570201176,0.11295615227603845,0.0,0.12805035991802788,0.008517511533040555,0.0,0.0,0.0
spot_0121,0.6655764145267571,0.0,0.0,0.0,0.0,0.0460812045640132,0.021039796073562756,0.07996370203219794,0.07554004855277122,0.0,0.0,0.03485114712270426,0.0,0.05865994189188871,0.018287745236104536,0.0
spot_0122,0.07944100033488678,0.12764326277002494,0.10947695593287125,0.03771267511699127,0.08354781353967937,0.03167051335772438,0.12474470123893223,0.08183658846892722,0.05892913799746426,0.09098957510878475,0.07047549925177947,0.01821046765840354,0.0,0.031870847957694515,0.0,0.05345096126583598
spot_0123,0.2105969147010809,0.0,0.3091191466417387,0.0,0.18564279412492612,0.0,0.04048052972584354,0.0,0.07671687192555099,0.12187501813408397,0.0,0.05556872474677588,0.0,0.0,0.0,0.0
spot_0124,0.35176988424319505,0.09373425385088052,0.0533676725357242,0.07676037512194825,0.022899963588135588,0.0,0.16955149116902096,0.0,0.0,0.013190900348393908,0.031348224380569646,0.0,0.12469721403679876,0.02060812523377568,0.04207189549155752,0.0
spot_0125,0.20642104420787227,0.10444808308621048,0.21781221880165202,0.2309181590902345,0.0035591943878110527,0.0,0.0,0.030115745286408643,0.0,0.0,0.07162072172891716,0.0,0.13510483341089397,0.0,0.0,0.0
spot_0126,0.2673022831253397,0.23384523028989712,0.03508761794610749,0.018688328364498824,0.26363803676551856,0.0,0.0,0.0,0.0666939386086744,0.0,0.0,0.009221279974577971,0.10552328492538583,0.0,0.0,0.0
spot_0127,0.2006416313590042,0.26078462592080887,0.06287864209952625,0.25740274979286565,0.0,0.0,0.040090390773648725,0.0,0.017472397707013004,0.0,0.10961993812738492,0.003532715605287374,0.018226679252893525,0.0,0.029350229361567486,0.0
spot_0128,0.16073721242805866,0.19587898821023508,0.278398752696942,0.08940708845673961,0.0,0.0,0.12734328859677324,0.05578890191850548,0.0,0.0017241663062530282,0.018623152490878623,0.0,0.0,0.0,0.07209844889561429,0.0
spot_0129,0.023332943793863282,0.07815334339413056,0.06645845057497286,0.1335159768173014,0.09232255276332393,0.021414767444884554,0.06703346887056925,0.23060210099832157,0.0653641028253804,0.060449543826560925,0.0,0.0,0.0010967175069671504,0.0,0.012808433811227458,0.14744759737249657
spot_0130,0.24335404254482768,0.27019718466459647,0.199906253098605,0.09790193927834764,0.0164896130828122,0.0,0.0,0.0,0.0,0.003675125811796485,0.03451547414940797,0.03332313935541774,0.09823791182934064,0.0,0.0,0.0023993161848480525
spot_0131,0.38580221777785645,0.015250635416423786,0.0,0.1545184340577206,0.0,0.0,0.13800300074468955,0.16893891470404349,0.0,0.0,0.08380152094312064,0.0,0.0,0.053685276356145346,0.0,0.0
spot_0132,0.47517524358145274,0.10996376547383178,0.12659158501792528,0.05045935173029668,0.0,0.02885546174343065,0.020132894778949834,0.05258592178554508,0.0,0.0029435894083225094,0.0,0.002779263544826799,0.045460294872307086,0.056673833091107954,0.018373338233833802,0.010005456738169832
spot_0133,0.0,0.32195926156481647,0.17310351725111725,0.13586390730018585,0.190766989706153,0.00023389541357737647,0.0575699007208945,0.017593102205678713,0.0,0.0,0.008421255488963296,0.02197591426001052,0.0,0.02351715412550597,0.04899510196309695,0.0
spot_0134,0.044063706965736894,0.0,0.4960733349584948,0.0,0.016297730300879748,0.0,0.22821639323761772,0.05609759762151837,0.016635981306100726,0.06040643868195934,0.0,0.0,0.0,0.04492385527199449,0.024583404046368797,0.012701557609328971
spot_0135,0.24444677794790995,0.23203152950875153,0.12198217307841488,0.0,0.043453557164523544,0.024542756667107105,0.04743436165346783,0.143211657417362,0.010838362903037153,0.03839106854539175,0.0,0.0,0.04926361845565937,0.0,0.024344617590441524,0.020059519067933365
spot_0136,0.01388157645604991,0.2789251349934286,0.220883957697647,0.0,0.0,0.04296636340244118,0.0,0.0,0.1488717898075807,0.03822651211607325,0.08830695981174792,0.004824802817287266,0.0,0.023568047211204302,0.04528689544718068,0.09425796023935913
spot_0137,0.3087120833802094,0.3519680595580665,0.0,0.10748543986548104,0.0,0.0,0.0,0.0029322692268301848,0.0787546065684431,0.12096676207623595,0.0,0.0,0.024981309489397387,0.0,0.0,0.004199469835336407
spot_0138,0.16115203347573342,0.0,0.18500350984668626,0.11871479861624017,0.029004524755782933,0.0,0.16712725467646233,0.08052431036744909,0.09012415893863256,0.0,0.0,0.0,0.01614744961948515,0.06527746611858494,0.08692449358494322,0.0
spot_0139,0.43497872309931845,0.0,0.09741463285706715,0.17035347421657646,0.039753294627331764,0.0,0.0004589806501869662,0.0,0.005417737652581143,0.0,0.1773538820374515,0.02677386608377544,0.0,0.0,0.04749540877571124,0.0
spot_0140,0.2775216938505023,0.0,0.2840558058230495,0.0,0.0,0.0,0.0,0.025694204494499644,0.05894151260412026,0.02727875398488544,0.09103836045013876,0.18971145485250826,0.0,0.0,0.010197323764874618,0.03556089017542132
spot_0141,0.33546118325945573,0.0,0.2281649665498126,0.0,0.0,0.03672311889745066,0.038720572531597205,0.0,0.068820650495186,0.06565563106315311,0.14284127174484895,0.0,0.0,0.0033849901220941387,0.052338662181558,0.027888953154843566
spot_0142,0.43276053626700633,0.16628298702341812,0.08891092386480012,0.08949436721968843,0.12076219190710674,0.007031249933892549,0.0,0.0,0.02898876515753738,0.010446094675650034,0.03427148892245287,0.0,0.02105139502844747,0.0,0.0,0.0
spot_0143,0.6050261103008637,0.11381897884012568,0.0,0.0475389946645189,0.12731038989625407,0.0023543684523098037,0.0,0.0,0.0,0.0,0.04636563409402138,0.055202961579485135,0.0,0.0,0.0,0.0023825621724211177
spot_0144,0.29042689054140225,0.19473150559025393,0.010943668165214873,0.0,0.13492980426658907,0.0,0.001119882753364549,0.12372930068720993,0.0,0.0,0.11766034846059252,0.020441612165433623,0.027450917440262904,0.013486361412362619,0.06375679095939404,0.0013229175579196793
spot_0145,0.3395563983970358,0.1950632300127087,0.14713977071799603,0.13755741406707075,0.008511543417225126,0.0,0.09238421655829178,0.0,0.07789432737399811,0.0,0.0,0.0,0.0,0.0,0.0,0.001893099455673921
spot_0146,0.3432005832293864,0.10817795223713719,0.1658012377354303,0.10306957124515168,0.018249325455110304,0.030089116913351654,0.0,0.13702248464269307,0.05400930712245577,0.0,0.025085186610385,0.0,0.0,0.0,0.0,0.015295234808898531
spot_0147,0.0,0.04845094377405599,0.12204004713942586,0.3076286571826337,0.1789437883272424,0.0,0.0,0.0,0.018134938515361083,0.013309517864322731,0.290842322494166,0.02064978470279221,0.0,0.0,0.0,0.0
spot_0148,0.33895598771734003,0.20717019217872737,0.08921717546254627,0.16013930097486517,0.07871611319735553,0.025526473895122363,0.0,0.03301407640298944,0.0,0.0,0.0,0.0,0.03078113907983493,0.03647954109121904,0.0,0.0
spot_0149,0.7273428638006931,0.11808930666347847,0.02031128885493763,0.0,0.03338462754857278,0.0,0.0,0.0,0.0,0.0,0.006838339120367308,0.0,0.04659335059928303,0.04744022341266778,0.0,0.0
spot_0150,0.23593608534911711,0.023437118676994804,0.01089758966772768,0.1813323452130359,0.12007990234585585,0.010750298128566737,0.0,0.04256837404865161,0.011080160076904993,0.025424195510278552,0.15437228941432427,0.027231467977624966,0.062196017349539265,0.0,0.07874716251837484,0.015946993723003487
spot_0151,0.3534448294040765,0.0,0.21985319126644015,0.12608034174116753,0.028820358986185148,0.0,0.010302673217130073,0.04297199146980301,0.0,0.0,0.059435636434505355,0.04747468737191454,0.0,0.0,0.11161629010877777,0.0
spot_0152,0.07490896739426314,0.46937138736362705,0.07751305592426325,0.012930083684288503,0.07999220384518936,0.0,0.010883681130173456,0.14126945610028144,0.0,0.0,0.0,0.0,0.06021849756686536,0.04451476201683388,0.028397904974214377,0.0
spot_0153,0.6379649845844019,0.2579513282632067,0.0,0.0,0.08090965331281806,0.0,0.0,0.0,0.0,0.0,0.023174033839573272,0.0,0.0,0.0,0.0,0.0
spot_0154,0.21498988869845842,0.17395497671913393,0.04874667575368524,0.13243394009151024,0.15152173502922853,0.0,0.0,0.020764939944699697,0.0,0.06533005006084876,0.0,0.03319964282395618,0.03527428640041368,0.0,0.10820635798712441,0.015577506490941126
spot_0155,0.38759029848857335,0.16251332897552048,0.17621539392654906,0.0,0.15063146685309403,0.0,0.0,0.0,0.0,0.0,0.08310159149542543,0.0,0.0,0.0,0.01677249580148405,0.023175424459353673
spot_0156,0.14819557502710906,0.33561552285360957,0.12695846602286678,0.03736641614073146,0.012025035854702474,0.026587739521661158,0.012306918216688464,0.0767135769292764,0.06377492427741091,0.0,0.04027518229146121,0.03320403863129794,0.054282783044788806,0.00014296478327102357,0.0,0.032550856405124846
spot_0157,0.21754804252590995,0.12017356637910875,0.4481031059572865,0.0,0.010254602847723594,0.02792047602845834,0.0,0.0,0.0,0.0,0.0,0.03031423813041443,0.08420855580448638,0.05320062033492189,0.0,0.008276791991690187
spot_0158,0.07626326154139058,0.33066973033589514,0.00852002732556153,0.0,0.1949435063895537,0.0,0.0,0.13125958913774746,0.11356511346994891,0.0,0.0,0.06005025002122513,0.0063329295176788045,0.0,0.05641718642031714,0.021978405840681656
spot_0159,0.10263371341042032,0.10164327127998692,0.08542428628960798,0.26811368064991253,0.07123640381892554,0.0342797880809749,0.05718094339015465,0.024755886213086543,0.08752467572349062,0.07789421691849026,0.008303639133786157,0.0,0.0,0.0,0.04483430237252878,0.0361751927186348
spot_0160,0.0590058188857753,0.1340511435516437,0.25635405527202815,0.1792094138851575,0.0,0.04361633188065259,0.003748699180118328,0.07892672870180102,0.03330273320906954,0.03208279908167159,0.057500439942611836,0.041432374544425506,0.0694124977571978,0.0,0.009925340062269708,0.0014316240455775281
spot_0161,0.47651261166821585,0.08984798394011256,0.18112282599899368,0.0,0.03707942518063003,0.0,0.0,0.0,0.11399838974976673,0.10143876346228106,0.0,0.0,0.0,0.0,0.0,0.0
spot_0162,0.11395573895959653,0.10150812881819685,0.0,0.2811851219689239,0.12712888269884795,0.0,0.0,0.07757372265617105,0.09644385991452144,0.0,0.03361604921740194,0.0,0.028744619522272037,0.046425048300396364,0.0,0.09341882794367203
spot_0163,0.0,0.23570964129159172,0.19053560465646588,0.14626129394414597,0.09251927632876086,0.052058401472593156,0.0,0.0,0.18180930814076493,0.0,0.0,0.003884551762237884,0.048969275195580975,0.0380125019768765,0.010240145230982172,0.0
spot_0164,0.30688319201379566,0.12609785107447083,0.26319492467446315,0.060799692539061194,0.0,0.022100941296159367,0.058283488162425325,0.04824444652270041,0.0,0.0,0.114395463716924,0.0,0.0,0.0,0.0,0.0
spot_0165,0.6577908985099165,0.0,0.08949134929258054,0.054085354634273754,0.015171663179206606,0.013428458184039134,0.004850867035018624,0.027087803155601258,0.0019801482785751856,0.0,0.010394997384214339,0.0,0.0988655624235459,0.0,0.026852897923028165,0.0
spot_0166,0.22559514409901468,0.16258512214575163,0.11509839115806102,0.0,0.2223864636022316,0.037544640604686395,0.0,0.034478789139837436,0.0,0.006691242894802913,0.04487352069624788,0.0,0.04858593918634163,0.08230769214643814,0.01985305432658665,0.0
spot_0167,0.16370301878118948,0.2664129376346187,0.0,0.1546307874793793,0.06707929766657,0.026542311886184475,0.0,0.0,0.0,0.020391677278829762,0.09767900800934583,0.054320387193401334,0.13879029757364958,0.010450276496831555,0.0,0.0
spot_0168,0.3190444995713901,0.031545877581361105,0.23023557609766254,0.0,0.0,0.0,0.18334815824151005,0.08210561435649642,0.0393507038155546,0.0,0.0009876339387755847,0.08141552882726019,0.0,0.03186628220370376,0.0,0.00010012536628574359
spot_0169,0.11018404543695602,0.040045974461680005,0.4099923990477784,0.3197494666239932,0.07342094926065815,0.0,0.0,0.0,0.0,0.012747629708799073,0.0,0.03385953546013516,0.0,0.0,0.0,0.0
spot_0170,0.2734701740175168,0.08444153970881109,0.35567142799170076,0.0,0.0,0.016107948679761824,0.01619799260944334,0.08289721374873081,0.0,0.102264391735697,0.0,0.0,0.021354926425714016,0.04759438508262434,0.0,0.0
spot_0171,0.4529246262287471,0.15151561410965209,0.10450197015853457,0.09889015722529004,0.16022153105942635,0.0,0.0,0.0,0.0,0.0,0.003988966802924525,0.00857870606455927,0.015543408380290696,0.0,0.0038350199705754423,0.0
spot_0172,0.2936105485283278,0.1375683871959125,0.11085154407477023,0.050626175628085426,0.0,0.0,0.2861898971631454,0.0,0.06387392919451712,0.04075019603528284,0.0,0.0,0.016529322179958658,0.0,0.0,0.0
spot_0173,0.7152568710813387,0.20149900491969364,0.0,0.0,0.0,0.0,0.046526928979122834,0.0,0.0,0.0,0.0,0.0,0.03671719501984461,0.0,0.0,0.0
spot_0174,0.23453186175882282,0.05168783533501406,0.08531218941783159,0.0,0.07417452465123864,0.016110637330916312,0.10498387665523577,0.06416209240429807,0.019593517225564905,0.0,0.10543449075481114,0.04162922064754569,0.10174685794847081,0.10063289587025027,0.0,0.0
spot_0175,0.7593749297751244,0.0,0.0,0.0,0.0,0.0,0.2406250702248756,0.0,0.0,0.0,0.0,0.0,0.0,0.0,0.0,0.0
spot_0176,0.08721327045240429,0.18025006713400235,0.04913137598218233,0.13253268499238646,0.028350079578873113,0.04165211557039155,0.022019146912498833,0.11282327031976397,0.0,0.11243052154881765,0.11579352617398901,0.03875534764574806,0.0,0.0773544556313879,0.001694138057554474,0.0
spot_0177,0.41881497889021246,0.1185353130831826,0.0,0.10683229389733634,0.00036611514961322006,0.0481815326335551,0.0,0.08157352163655289,0.0,0.11722212519835375,0.0,0.0,0.04445111666631548,0.042952320779335036,0.0,0.021070682065543144
spot_0178,0.3671671053050682,0.2926426461208178,0.0,0.2542090067688257,0.006169022830709753,0.0,0.0,0.0,0.0,0.0,0.06190627410825261,0.017905944866325997,0.0,0.0,0.0,0.0
spot_0179,0.22478146441779187,0.0,0.07716271186682438,0.046928496523849415,0.19782336763095548,0.0,0.0,0.0,0.0,0.0,0.06515191813334732,0.3881520414272315,0.0,0.0,0.0,0.0
spot_0180,0.22026254407136694,0.12253318343797434,0.0,0.0977193938339852,0.18636858313082585,0.008721608670964838,0.05559922452861466,0.013322597529790876,0.08093304086375311,0.0,0.03911783812811323,0.03258502850655423,0.0,0.0,0.08225424342797545,0.06058271387008139
spot_0181,0.1325481060188635,0.027823880742122886,0.4052809891328896,0.0,0.06774232573879976,0.022601703927856907,0.011870363836454423,0.0894668691214635,0.0,0.0,0.04713579553659906,0.059255456995197776,0.0,0.03936650645406647,0.09690800249568618,0.0
spot_0182,0.16890584091563413,0.03772328568634031,0.04248920896299258,0.22644309549394173,0.2448029563842481,0.01731840107109697,0.0,0.0,0.0,0.1311005143585591,0.12168612744171727,0.005909246950621794,0.0,0.0,0.0,0.0036213227348480203
spot_0183,0.0,0.0,0.0,0.6703773759005183,0.0,0.0,0.15760381683963554,0.0,0.0,0.0,0.12314076519719092,0.0,0.0,0.04274696403418229,0.006131078028472924,0.0
spot_0184,0.41394866205061404,0.2953898484988423,0.0,0.10178433736021315,0.0,0.0,0.04078028811310961,0.0,0.003220809638737679,0.026916318677342163,0.0,0.0,0.06843576816131083,0.0,0.0,0.049523967499829985
spot_0185,0.12026403279745955,0.3308235919369569,0.22051742668635554,0.0,0.13436000143311505,0.0,0.0,0.0,0.012478473311586826,0.0648223447379779,0.0,0.03141631584331989,0.06808386201150879,0.0,0.0,0.01723395124171959
spot_0186,0.017757041809526197,0.545434171703735,0.22207930586213304,0.026162232606133328,0.14310084641651247,0.006899697811473771,0.0,0.0,0.0,0.0,0.0,0.0,0.02684453475997993,0.011722169030506258,0.0,0.0
spot_0187,0.3134481864000243,0.09747701225599409,0.17843855561099986,0.04131439456807816,0.0464807246984387,0.12448163769593122,0.0,0.0007516045823779056,0.0,0.0,0.10866764086699626,0.005759594623601591,0.08222815550637166,0.0,0.0,0.0009524931911862847
spot_0188,0.07157098057470049,0.14871383517624273,0.4390907003595924,0.09092474377333902,0.021248038184574054,0.0,0.04181915120550738,0.0,0.1129434633088763,0.023347929465231246,0.0,0.0,0.03393881488063543,0.015358665825611078,0.0,0.0010436772456897383
spot_0189,0.3248471422831134,0.3997546891968487,0.030320766810619876,0.0003234265681604175,0.03226389942980487,0.0442845765609033,0.0,0.0,0.0,0.02347071849022723,0.007827191239649027,0.06313576200381227,0.06714494767382496,0.0,0.0,0.006626879743035945
spot_0190,0.19719923394395789,0.2896683224196854,0.026702911047685955,0.20762009059279093,0.010177529016469207,0.0,0.06568664770072367,0.0,0.07552410236084081,0.027243037864798543,0.0,0.0,0.09453438059903704,0.0,0.0,0.005643744454010845
spot_0191,0.37537933777006455,0.32008195040168935,0.043643215332074055,0.0,0.0,0.0,0.0,0.07739096610493056,0.05121387454375692,0.08427285596192141,0.0,0.0,0.0,0.0350232350427391,0.0,0.012994564842824043
spot_0192,0.33567547993335894,0.2501413696352302,0.12773290859274614,0.03983931155335023,0.06635460697223759,0.0,0.0,0.0,0.0,0.0,0.1449081926544018,0.03534813065867497,0.0,0.0,0.0,0.0
spot_0193,0.0,0.04548452574352191,0.18967520388563536,0.03811547480375872,0.0,0.0,0.0,0.018579534788870977,0.29312243270377847,0.05185873182151211,0.12183984224429716,0.1096147761973049,0.0,0.0,0.06383133021454378,0.06787814759677675
spot_0194,0.3772247254471148,0.0,0.2663852128209262,0.0,0.0966103038865502,0.0,0.0,0.1526801043501862,0.0,0.007889907056222015,0.0,0.02250470920815448,0.07670503723084612,0.0,0.0,0.0
spot_0195,0.24996509748434712,0.14050797783628774,0.07490184766190795,0.28431472005835473,0.10700207447198239,0.001224797789111762,0.0,0.0,0.0,0.06546056876011049,0.0,0.04069056896666345,0.0,0.005952314221349395,0.003155929595902187,0.026824103153982915
spot_0196,0.04747549593895005,0.29554323652348496,0.15598722580515545,0.16773220417878182,0.1346709233671419,0.0,0.0,0.056321624575356395,0.0015975627156482228,0.007026931484202241,0.017012601003515208,0.0,0.11663219440776382,0.0,0.0,0.0
spot_0197,0.16821356579374586,0.10997685907093226,0.24215410596619408,0.14580784199276725,0.0,0.00023179004505863903,0.16591570236877534,0.0,0.0,0.08891099992360352,0.006554531766319156,0.0,0.019922070347430394,0.0011859681484165392,0.02178494583616613,0.029341618740590873
spot_0198,0.18668754137693466,0.27821668675840505,0.0,0.2191635083400216,0.0,0.025887896166398448,0.0,0.055101924691882354,0.10910989654635893,0.012470042020159148,0.006825105257041273,0.021114480983489666,0.08150394044915595,0.003918977410152819,0.0,0.0
spot_0199,0.30817254631704194,0.24223915295521384,0.10373276217297724,0.17950486189374526,0.03199865274388104,0.0,0.03998572382878554,0.012141919405898476,0.004104934134956726,0.006583707873120121,0.0,0.0,0.06442039638723444,0.0,0.00711534228714525,0.0
spot_0200,0.14475931360307334,0.0055800776162233424,0.17157655673696776,0.27602582716151625,0.10764347558886236,0.05527638029073576,0.0,0.03967191866018665,0.0,0.0,0.10273240623760611,0.0894541007019238,0.0,0.0,0.007279943402904717,0.0
spot_0201,0.2280740203568503,0.0,0.1721994676236895,0.14993205818143177,0.05678038768343827,0.02394119449014308,0.0,0.03549066354059372,0.02122872819003668,0.08451719544688804,0.08365720715588358,0.07445895152123029,1.0053501938249679e-05,0.0,0.02731701581632061,0.042393056491555794
spot_0202,0.21502774565261537,0.0,0.054553472185397724,0.3160898571119108,0.09353611643097477,0.018712296789473882,0.07108066468256932,0.06794983294511955,0.036678625623104304,0.06467454760855863,0.02034393275983959,0.0,0.019267640904824225,0.0,0.022085267305611923,0.0
spot_0203,0.34824702986218703,0.13762373118123988,0.2364365308423988,0.23292973778785275,0.0,0.0,0.011637435621616031,0.0,0.0,0.003510995249554512,0.014389318095553848,0.015225221359597078,0.0,0.0,0.0,0.0
spot_0204,0.25283925133171026,0.3918980551511347,0.09724824997363839,0.0,0.0,0.02570899735320751,0.0746714189437856,0.0,0.0,0.00788573229797709,0.0,0.0,0.14654846586219347,0.0,0.0,0.0031998290863531954
spot_0205,0.06281058504614492,0.16693897739834035,0.27048410923315847,0.0,0.40349058410715305,0.0,0.0,0.0,0.0,0.0,0.02626203312615977,0.051744667055401046,0.009479214572186222,0.0,0.0073418768990468125,0.0014479525624094363
spot_0206,0.3348999987732399,0.26538732847821206,0.19948627463233126,0.014848022802160873,0.035306555304431934,0.0,0.04155445821604332,0.014690797947158473,0.0,0.0,0.021503510395446766,0.0,0.0,0.0,0.07232305345097537,0.0
spot_0207,0.2205455317111532,0.11737010699296901,0.2415036471244106,0.10870223846886172,0.020403330795707907,0.05312351683741057,0.0,0.09175680257750037,0.0,0.0,0.03915526149516736,0.0,0.048252476968720884,0.020867647572788726,0.028349199747599203,0.009970239707710401
spot_0208,0.21609746221799672,0.1769282425518593,0.03416616122173463,0.17117854528323545,0.2249912399539787,0.0,0.0,0.0,0.041218402132462965,0.04863915028621012,0.0,0.02423645461379948,0.0617795656025566,0.0007647761361660146,0.0,0.0
spot_0209,0.06805690023011045,0.0,0.03692044007427048,0.2527068734851256,0.09893838107477489,0.0008693065439104644,0.0,0.0,0.0,0.0,0.32922793598855626,0.0,0.14783687684823796,0.0,0.054353316396656234,0.01108996935835767
spot_0210,0.2855794308609929,0.2518515620343623,0.0,0.118297976709221,0.04180489743604028,0.0,0.03635323058369284,0.06949982773969754,0.0,0.0,0.0,0.008790576918497469,0.03660450210090205,0.12354345292270871,0.01463207226957394,0.013042470424310748
spot_0211,0.0,0.07588379036628522,0.9022685884573106,0.0,0.0,0.021847621176404052,0.0,0.0,0.0,0.0,0.0,0.0,0.0,0.0,0.0,0.0
spot_0212,0.6278875506541136,0.06050981136880375,0.08644452316340441,0.0,0.06351418492754118,0.0,0.08474110786272715,0.0,0.0012001862429337651,0.026083328387335604,0.0,0.0,0.0,0.03812052244522666,0.0005628217406947145,0.01093596320721889
spot_0213,0.27692649344670334,0.10025488965349837,0.008153162651608564,0.09056674562427407,0.03928359016932272,0.0,0.04669401399702278,0.0,0.02472237544526009,0.0445799239453417,0.08861989910661207,0.011789987664943248,0.1944639141062694,0.0,0.0,0.07394500418914347
spot_0214,0.21695980282031602,0.09732484060253611,0.1740491792560574,0.10769482289922751,0.06465701953299367,0.005438257582441917,0.06282161572209297,0.12247293437340777,0.0,0.0,0.0,0.0,0.08337261622607922,0.0,0.06403450484817498,0.0011744061366725804
spot_0215,0.2973674634185214,0.1474254688779708,0.06877338797054953,0.27749633658844675,0.003204411968466563,0.05249577258242192,0.0,0.049884096315805884,0.0,0.0,0.0,0.0073197408458655815,0.08722267754561495,0.008143009433164773,0.0006676344531717297,0.0
spot_0216,0.0,0.3897894607727878,0.290193935410796,0.12452544088392276,0.07469118754397946,0.0,0.04682281386641614,0.0,0.0,0.01691905129693516,0.0,0.0,0.05705811022516252,0.0,0.0,0.0
spot_0217,0.26547456944887526,0.18678639669632063,0.0,0.24925704058543832,0.0,0.0,0.056364883811457475,0.0,0.0,0.01977975673764441,0.08275916075419731,0.0,0.06417230579138872,0.0,0.0,0.07540588617467776
spot_0218,0.4578052792633016,0.18795002615105671,0.09545471321014821,0.0,0.040385844152668354,0.0,0.0,0.0,0.023731099142093634,0.09174153836439912,0.0,0.0,0.10293149971633239,0.0,0.0,0.0
spot_0219,0.3342697508190277,0.001662174744585212,0.48736192128634687,0.020627459269103112,0.12355902186347432,0.0,0.001998755600876549,0.0,0.0,0.0,0.01785420533364269,0.012666711082943623,0.0,0.0,0.0,0.0
spot_0220,0.162257245389856,0.030851902843471172,0.35501807183072515,0.30687608784852305,0.08390223134928551,0.0,0.0,0.0,0.0,0.0015600261401547148,0.029370915453294875,0.015259592455044246,0.0,0.0,0.014903926689645339,0.0
spot_0221,0.22691969725894737,0.3540948705667334,0.26216799513718103,0.0,0.0,0.0,0.0,0.0,0.04263017744041706,0.09906721190296615,0.0,0.0,0.0,0.0,0.0,0.015120047693754928
spot_0222,0.08168638359967187,0.1296598190057297,0.06897300772506623,0.24440813858191862,0.05549568441695019,0.0,0.09895885746552892,0.08843650599094853,0.0,0.0,0.12046404482419953,0.026427090830291638,0.0,0.06361402225534521,0.021380769524156268,0.0004956757801932444
spot_0223,0.3149082844595846,0.10104884937716166,0.21732969287007173,0.039803135106287385,0.0,0.0,0.0,0.0,0.04086627515523542,0.060766852755751624,0.122216026399001,0.069602286029515,0.018196095351838585,0.015262502495552933,0.0,0.0
spot_0224,0.4436367606716898,0.04824057647729559,0.057704059308935046,0.171348235500227,0.0,0.01366750588801173,0.07987224832137559,0.07896038638948188,0.0,0.0,0.004572932482117805,0.0,0.07141659679404767,0.008085781456384328,0.013500141768269093,0.008994774942164338
spot_0225,0.009198588289364956,0.4110111828047405,0.07965714767611423,0.1553491994830254,0.0371780886657643,0.0,0.06264886057912336,0.0,0.06022769764222074,0.037504552650324194,0.0,0.014096040765867549,0.01986903879230139,0.08485597087811278,0.0,0.028403631773040554
spot_0226,0.25952889470216967,0.1761392760274365,0.3114393357661748,0.0,0.04194031746040119,0.09488294797457125,0.03448462009182484,0.0,0.011144918261861592,0.0,0.03044795812553218,0.03486151939861942,0.005130212191408325,0.0,0.0,0.0
spot_0227,0.4139014055012413,0.1121739938005748,0.08008145516672331,0.0,0.1918326989584232,0.0046289603694852745,0.0,0.0,0.039103103922901596,0.07920632131288997,0.0,0.02873220717873698,0.0,0.0,0.0,0.05033985378902353
spot_0228,0.26937456940352056,0.08628194320027961,0.0,0.19993982640271513,0.0471371787628852,0.0,0.05363179576520331,0.07122519645522161,0.08569428074837895,0.02783654513339313,0.0,0.021992807170224952,0.0,0.0,0.0,0.13688585695817768
spot_0229,0.3651370425676822,0.47235043814649236,0.05533624717627684,0.038208806971121695,0.0,0.0,0.03945048807987673,0.0,0.0,0.0,0.0,0.0,0.007940820517216065,0.021576156541334254,0.0,0.0
spot_0230,0.2608135790298535,0.2862126531471721,0.003350290816903717,0.1518788030002283,0.08031233781781201,0.0,0.04768369692122297,0.0,0.0,0.0,0.0565166415223774,0.04952569246301393,0.03257698660479909,0.03112931867661695,0.0,0.0
spot_0231,0.18436742242995524,0.04469382248520473,0.15291335423678956,0.0,0.040292424188397444,0.05638320174842537,0.08997128324576256,0.08428333338456566,0.0,0.07172844793093265,0.0,0.041643310011390725,0.06034706352678195,0.06652511362608314,0.08328793866345313,0.02356328452225782
spot_0232,0.4221082559557664,0.22598564001689844,0.024526727500825893,0.0,0.10665931982577152,0.0,0.0,0.07318193583403863,0.0,0.12212102374808571,0.0,0.0,0.015164037280638183,0.003381488147955771,0.0,0.0068715716900194426
spot_0233,0.26716539380273985,0.1413092251473114,0.08893436840412107,0.129070929496782,0.05459335840993218,0.0,0.02322906206506146,0.0,0.07844702068339562,0.011029561833605655,0.05964874361579215,0.006886157777997366,0.0,0.016884533743980384,0.06344307234655713,0.05935857267272365
spot_0234,0.10930129695489152,0.08001436464125701,0.20523130743739215,0.11524121831367205,0.029813445000612986,0.05004579979705789,0.0,0.0,0.0,0.06800535818567298,0.0,0.14536248737684232,0.19698472229260103,0.0,0.0,0.0
spot_0235,0.14671189026919476,0.13092767622039056,0.21140678718335704,0.18459902899584127,0.08930256027661565,0.12149443975512736,0.0,0.0,0.0,0.0,0.11086797903932699,0.004689638260146395,0.0,0.0,0.0,0.0
spot_0236,0.01929563812459946,0.23062916154336968,0.27359021248757004,0.0963043829976823,0.012357515685368291,0.08286010456112718,0.029739183002367792,0.09414096859501128,0.018061986548241524,0.028529865313892053,0.0,0.0022250864866831402,0.052156411190915034,0.00966824451670612,0.010740272780867258,0.03970096616559904
spot_0237,0.3187537313701923,0.0,0.025196588883851567,0.0,0.01613203951784444,0.0,0.1438153642186041,0.17415601549439497,0.011883225088312722,0.013706339602179405,0.09933268549487588,0.028100523174194474,0.0,0.0,0.14979346122692405,0.01913002592862607
spot_0238,0.28427890114729387,0.2554742524257276,0.22794876242086887,0.15523028970702435,0.0,0.0,0.0,0.0,0.0,0.0,0.07706779429908536,0.0,0.0,0.0,0.0,0.0
spot_0239,0.3533381246122437,0.2729055645152537,0.0,0.0,0.10473094378714268,0.014196439425727852,0.0,0.013378599317171752,0.013779681145796564,0.0,0.040136900876314864,0.10183910078926038,0.055722627941985244,0.0,0.029972017589102888,0.0
spot_0240,0.3406903516686908,0.04267973798029794,0.019413352618253915,0.15856405254521497,0.013541329130805236,0.01913189965418286,0.0,0.07851856121853434,0.0,0.0,0.0978139270188767,0.0,0.05095083087096553,0.04696401365419927,0.1317319436399783,0.0
spot_0241,0.22001602079465374,0.220928456893487,0.0,0.0,0.17152011848765855,0.0,0.0,0.0,0.19252733555258028,0.09296172363167793,0.0,0.04487805007526311,0.035625687168659825,0.0,0.0,0.02154260739601956
spot_0242,0.0040181107665597385,0.2542925584508529,0.05910351397577061,0.4309803944389856,0.0,0.0,0.027798492689500583,0.0009075106087414037,0.03249503194975284,0.03452452512582289,0.017190707021380053,0.0,0.08646691491357313,0.0,0.0010337646764467742,0.0511884753826135
spot_0243,0.0527463342516209,0.10355250581536815,0.24395830984779937,0.3852089205743339,0.0,0.0,0.0,0.05860167679016361,0.009686384380759562,0.01245138125036883,0.0,0.0,0.06810131461386287,0.012715187959348475,0.0,0.05297798451637436
spot_0244,0.0,0.2897028612122896,0.08545359452966285,0.16544865031025888,0.0,0.020374353197522118,0.1691705916640554,0.0,0.0,0.07490677141755704,0.0,0.0,0.03698562656284671,0.0,0.1579575511058074,0.0
spot_0245,0.17516354101394857,0.31996271389091036,0.23388583992221582,0.08821173553285462,0.0,0.0,0.036475272702525256,0.0,0.0,0.0,0.0,0.0,0.11882216509621833,0.0,0.027478731841327184,0.0
spot_0246,0.014572850977999787,0.18340345258081975,0.32017901725149966,0.05498321287760273,0.20094998549463722,0.0,0.0,0.09927403581314455,0.006954071307638167,0.049703285710154345,0.04696807087518052,0.018045010973921416,0.0,0.0,0.004967006137401823,0.0
spot_0247,0.20503092492968888,0.0,0.0,0.41184710196751667,0.0,0.0,0.0,0.14673948405964146,0.0,0.0,0.11886914896170947,0.0656667462402668,0.0,0.0,0.04764235786097485,0.004204235980201821
spot_0248,0.12667397853943338,0.4267012206644569,0.08924876702272856,0.01013098140652523,0.189133638854607,0.0,0.02469935900751006,0.0,0.04366372046682739,0.08107155077336624,0.0,0.0,0.008676783264545278,0.0,0.0,0.0
spot_0249,0.17640869701292128,0.1241141584078905,0.29700552392916546,0.010848501164156647,0.04939155292482977,0.020943483072812828,0.0,0.0,0.11250310136777998,0.0,0.004620530997660404,0.2003332152626503,0.0,0.0,0.003831235860132935,0.0
spot_0250,0.3588955060018557,0.321825780313515,0.014715521813313082,0.0,0.19367017611211035,0.0,0.0,0.0,0.00873324250822658,0.0909501646847431,0.0010434455641123823,0.010166163002123772,0.0,0.0,0.0,0.0
spot_0251,0.06967704307563108,0.07965942035714485,0.3071599762922878,0.22914589065206883,0.11916047205571369,0.008880417304726676,0.0,0.03502508663023125,0.004916967069904711,0.0,0.08720573504029693,0.026947024111211575,0.0322219674107825,0.0,0.0,0.0
spot_0252,0.16182988279786686,0.27962429972399744,0.0,0.1011602850048766,0.1137360611729057,0.05882241401132271,0.0,0.01128474412859936,0.0,0.0,0.1618733890199095,0.0059865786074101,0.0,0.05995337970175305,0.04560179275651567,0.0001271730748429024
spot_0253,0.16103263477977367,0.0,0.0625278908152814,0.4236252342593139,0.23649430013719233,0.0,0.0,0.026805227463402765,0.002374483842704534,0.0020890546086153178,0.03724624671836695,0.0,0.035399445965706725,0.0,0.012405481409642413,0.0
spot_0254,0.5487857206960294,0.13231009705032332,0.03690366386456013,0.07613822065722013,0.0,0.0,0.0617171839333775,0.0,0.01233355886908426,0.0,0.014772813919697765,0.0,0.016714079418732368,0.0037982267163504005,0.07452861523894205,0.021997819635683053
spot_0255,0.23009182099670636,0.12905495670986267,0.2104768460373962,0.03184699889725615,0.10183022692290852,0.06439561649939375,0.11324125028263148,0.0,0.009527698421444311,0.0,0.0,0.07167635920397672,0.01605151628206557,0.018930967077395867,0.0028757426689622534,0.0
spot_0256,0.19200561044460898,0.24029225765956494,0.21438399192911664,0.2212912571253556,0.06777126379513565,0.0029787279340265406,0.04959196366965821,0.0,0.0,0.0,0.0,0.0,0.0,0.0,0.011684927442533612,0.0
spot_0257,0.20314176509171872,0.1723848401513629,0.2549222742209571,0.0,0.205281940125768,0.0,0.0,0.0,0.0,0.0,0.0,0.0526382047569584,0.0,0.0,0.11163097565323488,0.0
spot_0258,0.08188696356049026,0.04526692458645462,0.22548018839260678,0.3336918243436003,0.14779969041013002,0.0,0.0,0.0,0.0,0.0,0.09589400674495023,0.058224937354042584,0.0,0.0,0.011755464607725212,0.0
spot_0259,0.31278541328466597,0.04305867713060542,0.0,0.1051149055050924,0.01607450112253618,0.0,0.0,0.0801679650843029,0.24068871136553566,0.010279196259542125,0.045494372929241,0.01693085950229486,0.05115530142037918,0.06325061345848795,0.00032752741675387445,0.014671955520562451
spot_0260,0.2667376374410764,0.17747641868652853,0.09646745211705288,0.05509624433932687,0.13358597059192986,0.0142162334152678,0.019226721706914918,0.0,0.03020010360607032,0.1615105143267106,0.0,0.0,0.04548270376912178,0.0,0.0,0.0
spot_0261,0.06952535333338847,0.41545538342441274,0.08228694662317308,0.400448871774616,0.0,0.0,0.0,0.0,0.0,0.0,0.0,0.032283444844409474,0.0,0.0,0.0,0.0
spot_0262,0.619532546378858,0.12660566328451867,0.0,0.007485678027263318,0.13183936325047366,0.0,0.0,0.0,0.0,0.00820983402688879,0.0,0.029482206775630886,0.07684470825636674,0.0,0.0,0.0
spot_0263,0.1628594512052244,0.0,0.19696969211402218,0.5015672311690997,0.027340328643401853,0.003393466679068576,0.0,0.004622635349483243,0.0,0.0,0.0,0.01177077543042839,0.0,0.04602808280480007,0.04544833660447176,0.0
spot_0264,0.2324543883433925,0.21232058581749533,0.0,0.19105391335035113,0.07596575747940226,0.0,0.0,0.1089904259194118,0.003275566388802987,0.031560102019594236,0.04337380792979571,0.0012069229031054084,0.0,0.023909838253920193,0.030340382186161724,0.04554830940856659
spot_0265,0.46115317304314485,0.0,0.055016994280854596,0.0,0.15162298115502965,0.0,0.0,0.0,0.014191278940415698,0.17342015429520904,0.05871843691917651,0.04979647425623517,0.0,0.0,0.0,0.03608050710993441
spot_0266,0.07749713569043183,0.0960472494988954,0.07622540481270497,0.3505154553850228,0.07978868475960726,0.0,0.0,0.14134687826795203,0.04599182097882212,0.03305208781380287,0.0,0.013287803333929114,0.0,0.03125497006401696,0.008560692314888912,0.046431817079925726
spot_0267,0.29571522013213186,0.0,0.0,0.0,0.16531044625479077,0.0,0.09762540219629526,0.3186033785169465,0.0,0.0,0.0,0.0006897047619747675,0.0,0.08057683874043478,0.041479009397426075,0.0
spot_0268,0.32508592625446786,0.08873013004900594,0.09095922342375773,0.11529819538044814,0.034279930739952544,0.0,0.15945955602961642,0.0,0.0,0.08089663393485172,0.014521449643558755,0.0,0.0,0.04723669307873151,0.035718168122390585,0.007814093343218795
spot_0269,0.4411830299171796,0.1136411083832912,0.10342660123747736,0.0,0.0101436489075482,0.060340010053396086,0.0,0.03867737079789123,0.009282810474662697,0.13896083584950264,0.0027139276159357617,0.0,0.0,0.051181865192164604,0.01978115344405164,0.010667638126898981
spot_0270,0.21756821533902462,0.0,0.0,0.24603464944376052,0.10316427727040868,0.02357154698764544,0.0,0.12485531375354822,0.05855042303255411,0.0016482323002832498,0.13292276312488666,0.021201570148746723,0.0,0.03102033265703453,0.019143959052232973,0.020318716889874425
spot_0271,0.47235799874880274,0.09466330154302291,0.0014190335931043663,0.08761514599676347,0.01677247459261581,0.007851733657966153,0.09154183633007204,0.09211183934255117,0.02826611101109854,0.03619216804627859,0.0,0.0060101241646484255,0.033604834544909826,0.03159339842816598,0.0,0.0
spot_0272,0.16450969126974693,0.18391681221475528,0.32179246996701166,0.07877671094454257,0.1801402119806722,0.032930361652381356,0.0,0.0,0.0,0.0,0.0,0.0,0.03793374197089002,0.0,0.0,0.0
spot_0273,0.17032026598120867,0.0,0.2458623066299892,0.019638744588490218,0.10377548983615435,0.0,0.09123352715455205,0.09674520355222992,0.040779679777554666,0.0,0.024737174626292237,0.06796510697353678,0.1032170537951046,0.0,0.0,0.03572544708488737
spot_0274,0.40370278434231016,0.2561753013217519,0.01863261524374565,0.000612638465698006,0.0,0.0,0.19344476522266785,0.0,0.0,0.0,0.0,0.0,0.060408389883089865,0.015246802544966747,0.05177670297576963,0.0
spot_0275,0.11766298528850926,0.16891732292246686,0.3579727876808307,0.11383888433712822,0.05541395903759732,0.022213979587832423,0.0,0.0,0.0,0.0,0.0491887650864418,0.0,0.05630901630156456,0.0031512115023583625,0.04785458188403034,0.007476506371240282
spot_0276,0.14380139381133702,0.09175315001410675,0.1838206646264292,0.07074083858116283,0.15195117661556473,0.11872292430330317,0.0,0.09726333421940761,0.0,0.008132320333607806,0.040105178428271555,0.02671141626346828,0.001624308287032767,0.06017852554969978,0.0013776870375657407,0.003817081929042817
spot_0277,0.5250219686986101,0.01806371236469845,0.1700534295320144,0.0,0.0,0.012988593157353491,0.04040918790861256,0.022255830444481456,0.0,0.07656057865399145,0.006942925390844856,0.012052245911743876,0.04630031686220215,0.04400848481540609,0.006689080149317725,0.018653646110723798
spot_0278,0.36330262582386924,0.08266387701435042,0.14906278824296668,0.07605171290787927,0.0786515144199397,0.09605116852724153,0.08413385922411633,0.0,0.0,0.002969608377826113,0.008549844711572599,0.01548348402418203,0.019700124048708908,0.0,0.023379392677347528,0.0
spot_0279,0.4021114698186037,0.12196863405156685,0.3162541523517772,0.0,0.07850053686616434,0.0,0.0,0.0,0.0,0.0,0.0,0.0023887565857264484,0.07877645032616158,0.0,0.0,0.0
spot_0280,0.4741404370334797,0.1186197286152922,0.0,0.0,0.35292187640133993,0.0,0.0,0.0,0.0,0.0023615203432855955,0.0,0.012773562309735106,0.03918287529686729,0.0,0.0,0.0
spot_0281,0.41068863987414456,0.2887032773500056,0.05504441500154076,0.03203636308139431,0.0,0.04104910264824907,0.03682774161598817,0.0,0.0,0.012883293081281522,0.037529535592134115,0.0,0.042080193113605203,0.0,0.04315743864165659,0.0
spot_0282,0.5915672206769459,0.13430531643065216,0.09263001948121652,0.0,0.0,0.013879290110443795,0.0,0.0,0.0,0.013420539547507371,0.0,0.05076988955795685,0.05672028472238832,0.046707439472889065,0.0,0.0
spot_0283,0.25804190974958563,0.2117533750097591,0.15047821951369172,0.0,0.021346559742762415,0.0,0.06149308085863203,0.07107218809747005,0.0,0.004681292384689722,0.0,0.0005300002686542047,0.13629622574112704,0.08264870084785349,0.0,0.0016584477857746745
spot_0284,0.3194119777905573,0.04651361350510898,0.3490701766647512,0.026378567651830557,0.0,0.0,0.1051867277088,0.0,0.04645142220952295,0.02370190625560783,0.0,0.0,0.06528235595418545,0.0,0.018003252259635782,0.0
spot_0285,0.3045866641867046,0.27661423192975493,0.021955158892481917,0.06557908445286775,0.010608950624923515,0.014897388914700702,0.028289801178358845,0.039538332007158755,0.12132156738445705,0.03265033156513708,0.0,0.026208831135094417,0.0,0.0,0.0577496577283606,0.0
spot_0286,0.23087346014910592,0.0,0.0,0.2036102979391402,0.0,0.0,0.0,0.07951823621773653,0.050393878994616344,0.0,0.2814813142716798,0.0,0.0,0.08177208693529603,0.03135281280980799,0.04099791268261708
spot_0287,0.19016795569455175,0.23245738144735023,0.15131812389238664,0.21123625313570984,0.0,0.0,0.0430389310167369,0.09081606184324724,0.0,0.0046441414370761306,0.014067396260188826,0.04616399410295529,0.01591431636575979,0.0001754448040373788,0.0,0.0
spot_0288,0.3678183360106044,0.09749388441096318,0.1842787935348659,0.0,0.08357502753447736,0.005983901738639064,0.0,0.08424023021516511,0.06321690254794339,0.03233934913068747,0.010906076712702259,0.07014749816395195,0.0,0.0,0.0,0.0
spot_0289,0.13949241949247781,0.16070894524629556,0.19941460012448387,0.2409908616474951,0.03433764029070868,0.0,0.0,0.11257407508844247,0.015891925943884815,0.0,0.026294419325295464,0.0,0.0018627231621365394,0.0,0.03879624845566985,0.029636141223109945
spot_0290,0.20110066378647498,0.15295836870090918,0.315115439127127,0.08659158037094555,0.03831592398711035,0.0,0.0,0.0,0.0,0.0,0.03890544108627814,0.0,0.09667491450014983,0.0,0.07033766844100484,0.0
spot_0291,0.0,0.5363617706353785,0.0,0.18857986127475604,0.004525333496052122,0.0,0.124472376506034,0.07657610339610828,0.0018737197587474956,0.0,0.0,0.0,0.06761083493292348,0.0,0.0,0.0
spot_0292,0.1072487241855141,0.06096691196989579,0.35201092177283777,0.1314221680831309,0.08319298065014723,0.00024300676351271064,0.0957402380589198,0.0,0.020445239268195362,0.035030710818870596,0.0,0.017118276984142394,0.06048333284982579,0.023199110718007048,0.0,0.012898377877000392
spot_0293,0.16430799824533934,0.1985688340751633,0.20581498157958583,0.0752308303808705,0.06736149370347565,0.003908691569640563,0.0,0.0,0.0,0.06911170938521985,0.0020726659031146404,0.0,0.11770604891101015,0.022868861930501066,0.0,0.07304788431607924
spot_0294,0.11756782946875072,0.09541878803490976,0.07562868700769236,0.187758039123865,0.21899926024269756,0.0,0.010562367239030094,0.12067093709284335,0.0,0.0,0.08101552794418578,0.0479686725556966,0.0,0.0,0.04440989129032895,0.0
spot_0295,0.32701869710728576,0.1161589763420506,0.1854033464640931,0.051453200573995495,0.0,0.0,0.040253639896064806,0.05623178283181579,0.032464471725799235,0.13764213766956176,0.0,0.0,0.05089129106215916,0.0,0.0,0.0024824563271742682
spot_0296,0.18737603812325793,0.29401289602300534,0.23493407209535788,0.007147222885349498,0.2156985373460362,0.0,0.0,0.0,0.0,0.0,0.029042853677347293,0.0,0.031788379849645845,0.0,0.0,0.0
spot_0297,0.19340991956159073,0.0883808979998763,0.175539235058888,0.2766174432070855,0.04417002294542712,0.0460319843499153,0.0,0.0,0.0,0.17132643605611808,0.0,0.004524060821098969,0.0,0.0,0.0,0.0
spot_0298,0.10338944358260324,0.3235501250150452,0.21777260317837954,0.0045316852998609535,0.0,0.0,0.31500968738581686,0.0,0.023856217691835303,0.011890237846458844,0.0,0.0,0.0,0.0,0.0,0.0
spot_0299,0.27718465831137346,0.004400017622519572,0.0,0.14563546202253388,0.0,0.024455522790768004,0.26110719519010056,0.19932264966899352,0.0,0.0,0.0,0.0,0.05137746858771865,0.016066541356969423,0.020450484449022817,0.0
spot_0300,0.36443324384954656,0.19713367963471334,0.13676333073278282,0.1360879127035933,0.03535926582325951,0.0,0.0,0.0,0.0,0.0,0.09013632632242904,0.0397961542197558,0.0002900867139197021,0.0,0.0,0.0
spot_0301,0.13177811700212796,0.35315411599518715,0.11414544749594911,0.0,0.20644885147876582,0.007758959412227769,0.0,0.13126698317164662,0.0,0.0,0.0,0.023608640188373768,0.031838885255721816,0.0,0.0,0.0
spot_0302,0.19777847230364823,0.1327872758379407,0.040824287172164894,0.24274239448360976,0.10673539998600266,0.014338230400025296,0.06779214161939448,0.03294471846944399,0.0,0.0,0.07107009254400593,0.0,0.07387859343431925,0.0,0.019108393749444907,0.0
spot_0303,0.30453646120990846,0.11809476156962656,0.0,0.25491179451778695,0.11417842243966461,0.003283042390875541,0.08520911976045127,0.008032582414908404,0.0006888486939771669,0.0,0.0657012816443549,0.014115644421959363,0.0,0.0,0.031248040936486816,0.0
spot_0304,0.3931508624724538,0.09369857735923237,0.2614883976184255,0.061126823158043096,0.0,0.019140379119037647,0.06916246697311103,0.0,0.0,0.0,0.061615652396104385,0.0,0.010922173133358798,0.0,0.029694667770233225,0.0
spot_0305,0.5240843594514115,0.06983627240808343,0.08735892431396063,0.0,0.22644882836437788,0.0,0.0,0.0,0.0,0.0,0.0,0.04319011752037498,0.024806822820944527,0.0,0.0,0.024274675120847154
spot_0306,0.2986563511922287,0.0,0.22189235694056825,0.0,0.05295892120935592,0.010975245577102045,0.09265919021522552,0.057739828338194105,0.0,0.0,0.10429117293570427,0.10880293399351439,0.0,0.009536048598864807,0.042487950999241984,0.0
spot_0307,0.3450403873585788,0.5670476190266548,0.08791199361476637,0.0,0.0,0.0,0.0,0.0,0.0,0.0,0.0,0.0,0.0,0.0,0.0,0.0
spot_0308,0.11012690886452145,0.016805163300625963,0.3508098394258185,0.12793756073507936,0.23734629358276013,0.0,0.0,0.0,0.04509948552143289,0.009921283018379738,0.09825816344554138,0.0,0.003695302105840586,0.0,0.0,0.0
spot_0309,0.2216949703856938,0.020610305384366503,0.10492833474771447,0.38159030352192713,0.07245185030838637,0.0,0.0,0.03589547066281864,0.0,0.0,0.09086196435667117,0.0117209991324529,0.0324245788052489,0.009417862394522889,0.017662913299649478,0.0007404470005476958
spot_0310,0.049407620212896505,0.07854356026840338,0.1954745991263619,0.09133217981615352,0.21614298890406367,0.05355499414132338,0.0,0.12238971387625626,0.0,0.0,0.12395329521267169,0.03249795438910595,0.0,0.0367030940527637,0.0,0.0
spot_0311,0.0,0.30874554373222957,0.10110151919573276,0.15889788682263387,0.13191617743233028,0.007945408904230348,0.0,0.051969699844865304,0.012996738572028618,0.06812908660173249,0.0,0.0,0.02615900786506991,0.0,0.02317883807762453,0.10896009295152219
spot_0312,0.04404096283324024,0.04228100171281219,0.30628562967764084,0.34464984887689115,0.008731284379738144,0.0,0.05945316960714482,0.02062871946709129,0.003134900147911343,0.0199946846379482,0.0,0.048486110245715995,0.0,0.06561854609583685,0.03669514231802901,0.0
spot_0313,0.1216178351502445,0.0,0.0,0.2193691359887533,0.06466704676029615,0.0,0.0,0.2470547715014379,0.05379349193086632,0.1543865125140405,0.0027434730367087608,0.0599353464207874,0.07643238669686514,0.0,0.0,0.0
spot_0314,0.16580703993670323,0.3889579887516992,0.0836591253036868,0.12970427855148045,0.0219103470373257,0.011489611098769482,0.00649418680335131,0.0,0.006532622008468906,0.0,0.17577084741449484,0.009673953094020369,0.0,0.0,0.0,0.0
spot_0315,0.12669490609455375,0.3827879811023619,0.014841876788779606,0.3051604175756686,0.011993119841232532,0.0,0.0,0.058052505975249885,0.00037950545233300366,0.0,0.0,0.0,0.1000896871698207,0.0,0.0,0.0
spot_0316,0.1429949026848655,0.1269219110802245,0.18140632770081438,0.0,0.1909739942714154,0.0,0.0,0.0,0.22324151518287677,0.06162981329034956,0.04342302370576566,0.02473465128082043,0.00467386080286765,0.0,0.0,0.0
spot_0317,0.5321244700239619,0.07567639066320152,0.06154282897547162,0.01329267228463952,0.017709465347186717,0.05535682318956083,0.0,0.0,0.13465693556668315,0.029061500970635045,0.0,0.0,0.04441868216073112,0.0,0.0,0.03616023081792852
spot_0318,0.36205887060248687,0.11332982745253256,0.07737800681107133,0.11547024648200799,0.07053748152975775,0.01810592795271694,0.0,0.08201444251528332,0.0,0.012838707787576249,0.0,0.05097340129729895,0.04146612095978296,0.025991771711589517,0.029835194897895587,0.0
spot_0319,0.44484610065304764,0.11556842112652306,0.2510080023673661,0.1334798934451787,0.0,0.0,0.0,0.0,0.012974005159256946,0.0,0.023969567116332795,0.0,0.0,0.01815401013229482,0.0,0.0
spot_0320,0.19897982540007544,0.27283960721348455,0.0,0.21149572763857463,0.0,0.0,0.06745007244410209,0.0,0.03888573208475308,0.010409839541903214,0.062478157817032774,0.0,0.09973317383732311,0.0,0.0377278640227511,0.0
spot_0321,0.0,0.0,0.2153884842316171,0.22763520965012057,0.0,0.0,0.0,0.14150839108888116,0.0,0.01597667461928755,0.21834759484452823,0.0,0.0,0.021942637275929495,0.15350989280823282,0.005691115481403112
spot_0322,0.4027971907914216,0.0,0.20628842452091375,0.20087202896896597,0.004352829852116294,0.0,0.06817522026543255,0.0,0.09490989606360635,0.002200831958417452,0.0,0.0,0.0,0.0,0.0010827758004448,0.01932080177868131
spot_0323,0.03614422610681644,0.04964717542969017,0.5847281719325378,0.0,0.08381007824987526,0.0,0.0,0.0,0.09827605136053312,0.017177709508126898,0.0008774062112938155,0.11654179412132269,0.0,0.0,0.0,0.012797387079803787
spot_0324,0.0177317898664751,0.23413606044999943,0.34896621149997864,0.27281435911233354,0.06101870423433032,0.0,0.0,0.0,0.0,0.0,0.05200166934443046,0.002068776074631165,0.0,0.0,0.01126242941782143,0.0
spot_0325,0.34129435078134834,0.16839667327301747,0.0,0.10731150914249354,0.016512653633584114,0.0,0.0,0.11645642105885466,0.004738928356019083,0.05793092474107037,0.08864807163711542,0.0,0.07729182461331065,0.021418642763186422,0.0,0.0
spot_0326,0.3282235832176615,0.4020579138404359,0.0,0.026039216453371025,0.0,0.0,0.10001241615161657,0.0,0.06866997319171883,0.06652889974500509,0.0,0.0,0.008467997400191208,0.0,0.0,0.0
spot_0327,0.44187871953076185,0.11963353483506788,0.0,0.09986728918734858,0.14625016916316932,0.025313232610202015,0.0,0.03516647757795825,0.0,0.0,0.07149192389770366,0.0,0.009762444949669083,0.02270632114267388,0.02038417298836266,0.0075457141170829495
spot_0328,0.301616763911362,0.4996615692629209,0.13214222958271227,0.0,0.0596564775882251,0.0,0.0,0.0,0.0,0.0,0.0,0.0,0.002200015281158058,0.0,0.0,0.004722944373621565
spot_0329,0.6272384512238873,0.20269070178300425,0.0016022470902591673,0.0,0.0,0.020878042606861772,0.03314926486377782,0.09168972448088912,0.0,0.0,0.0,0.0,0.0,0.01941176605893229,0.0,0.0033398018923881593
spot_0330,0.39890554655525307,0.0,0.1844505721441671,0.0,0.036020737543380456,0.0,0.00955776748622824,0.0,0.02798126293574653,0.15130334939451176,0.015243608520515237,0.03889720073811431,0.13763995468208334,0.0,0.0,0.0
spot_0331,0.0,0.39930998237118326,0.181495769541326,0.025919574259123973,0.0,0.0,0.10515934595191787,0.021364148725457686,0.0,0.054527829241394134,0.1800838901104173,0.0,0.002949337416278176,0.0,0.02398641944557877,0.005203702937323019
spot_0332,0.0713440375453852,0.3147991570721543,0.04400703903123506,0.2917259120980486,0.13979959115234342,0.00685916166196177,0.0,0.0,0.025492568951320706,0.028394165727146464,0.04771508639535552,0.0,0.019726357332239867,0.0,0.010136923032809064,0.0
spot_0333,0.23019737290833067,0.06308897288309862,0.24654340625492704,0.01959781119224703,0.3735309506216801,0.0,0.0,0.0,0.0,0.0,0.043937921761799704,0.023103564377916722,0.0,0.0,0.0,0.0
spot_0334,0.2016147719570255,0.22372878160224818,0.20204969424790725,0.10506811878803254,0.11036983513204031,0.014080808043859347,0.0,0.0,0.0005663230328054803,0.0,0.018458108921277368,0.0,0.12406355827480402,0.0,0.0,0.0
spot_0335,0.31055138811216376,0.04375973302717245,0.43935355792315867,0.08614403821837333,0.05976928559669006,0.04623453433056523,0.0,0.0,0.0,0.0,0.0,0.01372134589307274,0.0,0.0,0.0,0.00046611689880392027
spot_0336,0.12089509603158337,0.018234111925396174,0.20849566107083578,0.167043483416158,0.014004438683768817,0.08023363151502409,0.023259779639177854,0.0,0.10714376695613753,0.02328109054015531,0.11500600083145761,0.07777518336337338,0.0,0.0,0.044627756026932176,0.0
spot_0337,0.29513766454077256,0.0,0.0,0.23416307788080182,0.034664914657156716,0.006121324717545746,0.0,0.08509781099624689,0.0,0.0,0.03601256229273974,0.019413094383505254,0.0,0.11487225358564168,0.1745172969455897,0.0
spot_0338,0.2679555913739147,0.36541170226489184,0.0,0.16162283974074332,0.11323986568331426,0.0,0.0,0.0016137842603597182,0.0,0.0,0.023500470640319224,0.008855909211900045,0.05779983682455658,0.0,0.0,0.0
spot_0339,0.30680213515622523,0.043248588292845114,0.06687090346983947,0.05089640938155662,0.20611917761112686,0.00316339131263358,0.12937026454405612,0.0,0.0,0.06504052199001033,0.03523787034811741,0.012193120952688081,0.05421744287200096,0.0,0.0103857721648155,0.0164544019040848
spot_0340,0.27220662360794246,0.0,0.207778158468547,0.11756847609359625,0.027106673486898,0.022876713947459097,0.07397507882915173,0.08206487221836381,0.0,0.05944842308334706,0.051255733286648515,0.038011142703632386,0.0,0.0,0.0031062002079444632,0.044601904066469134
spot_0341,0.36954147821342775,0.0,0.08904578781056795,0.0934381880334502,0.06392491919455248,0.0,0.0,0.0,0.03971398550491129,0.049103808059530046,0.12385499810878678,0.03323392559572434,0.052196195968917884,0.0,0.035573591589141744,0.05037312192098946
spot_0342,0.22433457001613205,0.19376427013507108,0.038309107866075894,0.1302442052986745,0.07406522151937789,0.0,0.0,0.07860505093753836,0.0,0.07486317990861331,0.0,0.023526544927270913,0.07449116246331175,0.019715603274496642,0.044880953922425755,0.023200129731011754
spot_0343,0.1337825431785265,0.08757903389706717,0.1852004429776866,0.07574891756791371,0.01649526510263358,0.08524536686730035,0.014137914505887842,0.050429951643263964,0.11297944858695536,0.0,0.04284185733697919,0.10764641310030516,0.013744581297472589,0.0,0.060379621091295736,0.01378864284671231
spot_0344,0.10359799910749136,0.10438789651368968,0.41099268462534655,0.0745498913497749,0.09197459432981764,0.011321827325182818,0.0,0.010005164439382274,0.08371280889963603,0.04681090142682541,0.0,0.02854131953966532,0.03410491244318783,0.0,0.0,0.0
spot_0345,0.21879430751056558,0.2971402754984582,0.0,0.28360050357988903,0.0,0.0,0.04227571214736091,0.0,0.0,0.0019403206076557577,0.0,0.0,0.15624888065607076,0.0,0.0,0.0
spot_0346,0.1746073235410576,0.2575769711975856,0.08519800077008571,0.15416922849161566,0.09352313378371643,0.0,0.026696117549486593,0.0,0.057425790061768164,0.0530210790240899,0.02051434888941239,0.01279592881926585,0.05797020425493205,0.006501873616984005,0.0,0.0
spot_0347,0.17803354387017628,0.09836230560968774,0.16085445434977666,0.0,0.21292503146196595,0.00810884046871891,0.0020843032713508285,0.11223117597232708,0.16845037917553443,0.0,0.0,0.03756820584039096,0.0,0.0,0.02138175998007122,0.0
spot_0348,0.15961265188612261,0.17259606963939922,0.09629356378339014,0.3408815508641195,0.06876522496406148,0.0029099997512869037,0.008625385414939337,0.005251014969149184,0.0,0.0,0.0752066128967829,0.019730327944222997,0.012632764874849206,0.03749483301167667,0.0,0.0
spot_0349,0.4532090789020333,0.2346935844812657,0.05633777638484445,0.0,0.0,0.0,0.158017562778237,0.0,0.04188968761576595,0.0,0.017202812613217506,0.002582292824674273,0.0,0.0,0.0,0.036067204399961965
spot_0350,0.2844626839074392,0.0,0.3108952706697088,0.0,0.03662167790971028,0.0,0.06593349071080293,0.0,0.08472517730799183,0.0,0.049503659982364806,0.04809995608317394,0.0,0.006465860763594499,0.005159031583572618,0.10813319108164109
spot_0351,0.3540444687268045,0.0,0.08947219619495712,0.025006347307810532,0.0,0.021799104256765702,0.2878484546540766,0.005270505752986231,0.0,0.047069414477044914,0.022065402486988444,0.07456050865565796,0.045438174979552694,0.0,0.027425422507355374,0.0
spot_0352,0.14220164188105253,0.18480159774857335,0.2246314158301297,0.005646692553692047,0.0302026892413674,0.00011736070374543735,0.0,0.05497631310139975,0.04512292383740655,0.029872955578460356,0.021504291540310604,0.0916002863844535,0.07399874563100943,0.05984879340236099,4.0976779678198796e-05,0.03543331578636026
spot_0353,0.2906374835666375,0.21870344104562733,0.15280927319186538,0.023542010991054792,0.07490132592708643,0.03919432265674737,0.021190218459158673,0.05030947456730829,0.0,0.004655368601965699,0.07636308995870844,0.025161878540269706,0.002613642007852819,0.015601697744928759,0.0,0.004316772740788738
spot_0354,0.4701845957799931,0.1720920114903506,0.2506920491916206,0.05464994830244073,0.0,0.0,0.0,0.00670122996760276,0.0,0.0,0.0,0.03510729817128335,0.0056253208437645206,0.0,0.004947546252944299,0.0
spot_0355,0.6300047561428798,0.1765261453357431,0.0,0.0,0.0,0.0,0.103329762052705,0.05406352788389068,0.0,0.0,0.0,0.0,0.0,0.0,0.036075808584781384,0.0
spot_0356,0.0,0.4660000503977081,0.26274684206293225,0.0,0.2498051608255223,0.0,0.0,0.0,0.021447946713837315,0.0,0.0,0.0,0.0,0.0,0.0,0.0
spot_0357,0.6084634868333652,0.23999004439699032,0.0,0.02388987013257582,0.0,0.0,0.0,0.0,0.005297938701861112,0.0,0.0,0.0,0.1130602141676989,0.009298445767508724,0.0,0.0
spot_0358,0.17114662147481938,0.3231486909237831,0.15685810934135255,0.0,0.0,0.0,0.0,0.0,0.0,0.18184355576912012,0.0,0.0,0.0,0.0,0.0,0.16700302249092494
spot_0359,0.3975140945380331,0.20041495195693743,0.0,0.1325366633686068,0.0,0.0,0.0,0.0,0.0,0.03737307714674906,0.07794018291497148,0.0644667095489466,0.0,0.029557558535076762,0.043217273155798146,0.016979488834880648
spot_0360,0.5194511835586886,0.06075584237967983,0.0,0.16065341003701422,0.08587664205228862,0.0,0.0,0.0,0.0,0.0,0.03709051608013543,0.07581513646770766,0.060357269424485965,0.0,0.0,0.0
spot_0361,0.11681689169541794,0.03530482778246839,0.12207049113171878,0.27613598802658157,0.010377471291569153,0.0,0.01717036143046687,0.012136010567682034,0.04759217497261857,0.0,0.010162863193127732,0.10725315360605507,0.11062949417671988,0.038873662272182356,0.0,0.09547660985339146
spot_0362,0.468018853447413,0.050147688982019,0.06940240786955351,0.0169243367323282,0.21854963535404237,0.0010097619379436764,0.0,0.0,0.0,0.044943776780195434,0.057380809208021556,0.015542748531421924,0.01829020279658465,0.0,0.0,0.039789778360476646
spot_0363,0.2509898863210075,0.08683628915571734,0.09884654991631678,0.15998031918264052,0.07286501365794017,0.0025271290647995975,0.030099240362515295,0.04753522096622057,0.0,0.0,0.10973761525485447,0.01897207448039162,0.05089501243502507,0.053219446988927686,0.008501774635291583,0.008994427578351814
spot_0364,0.6234913468455319,0.09380544175033119,0.03562649385773135,0.05898395363586391,0.10508528798053329,0.0014242543097561001,0.0,0.0,0.0,0.0,0.0,0.016360850031005077,0.025833640036218665,0.039388731553028626,0.0,0.0
spot_0365,0.17793955972573025,0.0,0.31459493128967253,0.022905160491883104,0.11226428944226863,0.021637180597085248,0.00476283879989882,0.0,0.05561379921420793,0.03362282159889381,0.0503489785265599,0.14282891555599028,0.01437410933383349,0.006909652044340795,0.015470795259459524,0.026726968120175745
spot_0366,0.053859932442799935,0.23301362936498235,0.01113319284816606,0.3615910937685915,0.07734975359819202,0.0,0.05691417589855168,0.12077326056324654,0.0,0.0,0.0,0.0,0.004386993470999678,0.0,0.05076052714368927,0.030217440900781052
spot_0367,0.2882783747864317,0.16474552263035286,0.1023241952868805,0.0,0.13409383040713008,0.006921555121484846,0.006964079078821967,0.1802299618526226,0.0,0.0,0.01862842600901396,0.03593208885533995,0.0,0.038763711028744346,0.023118254943176958,0.0
spot_0368,0.2906808395180548,0.1673524458521364,0.0,0.1988760787437659,0.04834017338684883,0.04375856522783392,0.0,0.06229880395182367,0.09550085460030344,0.0,0.0,0.0,0.06415159665463802,0.0,0.0,0.029040642064594942
spot_0369,0.28647798307549593,0.09556001367301208,0.19634725652118806,0.07387476660546417,0.03813098032642995,0.0,0.05043095300522853,0.015835485069716288,0.0,0.03670129483245885,0.031716354892524015,0.016423497872543276,0.039303437349136015,0.07066690162564176,0.017191604496122594,0.031339470655038594
spot_0370,0.0,0.2552536327067252,0.3865355634706147,0.13167276934884545,0.15858839133252267,0.0,0.0,0.0,0.0109318543194925,0.0,0.0,0.0,0.05701778882179944,0.0,0.0,0.0
spot_0371,0.15675547533138365,0.37178151965466555,0.1136920044364342,0.07937524741819933,0.0,0.05435574863516616,0.11495111679413005,0.043869657293359704,0.0,0.0,0.0,0.0,0.0,0.046595045434686594,0.018624185001974606,0.0
spot_0372,0.4571170834010671,0.16475743156507394,0.02949620580436606,0.22540846406158963,0.09808365505049531,0.0,0.018725627184904014,0.0,0.0,0.002369278075149371,0.0,0.0040422548573546295,0.0,0.0,0.0,0.0
spot_0373,0.4221075345051539,0.1785857408575057,0.10597771520343735,0.02548971708153025,0.0,0.0,0.0,0.0,0.0010150961772488077,0.039508592685298057,0.14111100491859593,0.0,0.0845996158965994,0.0,0.0,0.0016049826746307096
spot_0374,0.07456683133477368,0.2795571619575166,0.06339176815619535,0.19752989531709897,0.0,0.011178924922518776,0.08343279492114294,0.0,0.05583181739903301,0.007504466713724744,0.061068745554494486,0.0,0.08070784982853012,0.0,0.006156165180547973,0.07907357871442337
spot_0375,0.2534618424976849,0.33517127274571945,0.03734352374315331,0.11508904921980534,0.0,0.0,0.014448673790698578,0.031152797425371175,0.0,0.010809846755390838,0.1014652975812871,0.0,0.0,0.07954479049970807,0.020047198636737155,0.0014657071044441542
spot_0376,0.23532141940502652,0.0,0.10867608111124409,0.3789313410133641,0.0680840250216335,0.0,0.0,0.01938527868810724,0.0,0.0,0.13717850352895777,0.022911779760652475,0.02951157147101436,0.0,0.0,0.0
spot_0377,0.012204805701983658,0.1405997560928132,0.17540136662128442,0.39734106409374315,0.08746454192650077,0.01865702720584008,0.060357561604599985,0.0,0.0,0.012651546153359497,0.05644347217905567,0.0,0.0,0.0,0.03771411312774172,0.0011647452930779953
spot_0378,0.1399734803058004,0.33124645228357064,0.09633101145858278,0.11902280560545375,0.1749405589887521,0.0,0.0,0.0877613076552816,0.0,0.0,0.0,0.04099394226201119,0.0,0.005922566606163296,0.0038078748343841973,0.0
spot_0379,0.17360102049367193,0.05156077271221177,0.22734669441963357,0.1038480415236767,0.12311491879715196,0.0,0.09635560658869974,0.062425383827756954,0.0,0.0,0.07808362438449616,0.024647942977519863,0.0,0.0,0.01904707782266867,0.03996891645251263
spot_0380,0.2562817560852116,0.21243305369854,0.06041258526605541,0.053412862517018975,0.1874955114396808,0.0,0.0,0.09100945882161683,0.0017148080161872076,0.003664736505947991,0.0,0.0,0.029839063984924183,0.10373616366481687,0.0,0.0
spot_0381,0.38133534877119457,0.16306019142565406,0.09639153285400906,0.05661129403203104,0.0,0.0,0.0,0.0,0.07883481467076725,0.06969888813264226,0.1312491156823439,0.0,0.0,0.0,0.0,0.022818814431357828
spot_0382,0.21937312344369073,0.1038479148177025,0.14914606390815763,0.18780932095819913,0.2229863275244784,0.0041981155406533004,0.0,0.0,0.021589536488117365,0.00863460073362541,0.0,0.037175630978550075,0.0,0.012472714459754505,0.0,0.03276665114707108
spot_0383,0.24764767931477336,0.18821507098980805,0.15885086481560753,0.07808137787751976,0.07382501746766028,0.0,0.0,0.013717297365370518,0.0,0.054280959794078355,0.027043953568713804,0.07444398755226297,0.0015460529341325667,0.05470325817731113,0.02764448014276156,0.0
spot_0384,0.4213936151901407,0.0,0.05090401943466238,0.1494322053301907,0.037961021515285714,0.0,0.0,0.0,0.0,0.0,0.10241485368338524,0.09333992019153904,0.0,0.0,0.1445543646547963,0.0
spot_0385,0.06781924275054654,0.5691834359670601,0.15588820902552805,0.0,0.0,0.0,0.0,0.0,0.0,0.0,0.0,0.03652277902194756,0.1028020456962896,0.017770458076966044,0.038102012049840206,0.011911817411821743
spot_0386,0.14028155770524556,0.11874934294347048,0.07938942967691612,0.0,0.3426508897204468,0.0,0.0,0.0,0.16701504801830724,0.12567354571247105,0.0,0.0,0.0,0.0,0.011941458038250953,0.01429872818489176
spot_0387,0.39782290020662986,0.0,0.0719073966314993,0.06119613570984334,0.02398758561534542,0.146908692820084,0.03416170790957706,0.10572575988261058,0.0,0.0,0.0659024678905351,0.08586563827585464,0.0,0.0054422302679758856,0.0010794847900447834,0.0
spot_0388,0.3059393950967581,0.19810549379164574,0.36635272986784767,0.07831302676356065,0.0,0.0,0.0,0.0,0.0,0.0,0.0,0.007119639545448298,0.023249554807007366,0.0,0.020920160127731995,0.0
spot_0389,0.3737819432361379,0.14624338597596495,0.246362795596313,0.025008833301850268,0.15866198815061913,0.0,0.0,0.0,0.0,0.0,0.0,0.029195358618217784,0.005300762639301052,0.0,0.0,0.015444932481596093
spot_0390,0.07764275879135671,0.08311087076077651,0.39710710826122464,0.08748844778900783,0.021132694045084985,0.0,0.0,0.0,0.0,0.10927941709692274,0.04001561051721092,0.07829910730532869,0.06393791327385925,0.012969051450751551,0.029017020708476424,0.0
spot_0391,0.4039836045772307,0.0,0.08351332990236772,0.0,0.07965254336113159,0.02896073914700786,0.047763397022719825,0.11800637627030884,0.0,0.0,0.05659146975809928,0.09672652243481111,0.027144818414177825,0.05765719911214516,0.0,0.0
spot_0392,0.20459670469748487,0.043773723093504205,0.02272702973942773,0.07144659615929219,0.08504663106798223,0.004657509239380316,0.07507845547762708,0.07363945330370612,0.05299906822645709,0.0015014733666131577,0.0,0.02158398604285425,0.1383570804783988,0.06955988189541965,0.0,0.13503240721185242
spot_0393,0.35094608756118745,0.10295884511798943,0.05887618572604089,0.0,0.062087071433222916,0.0452890770275978,0.0,0.05342940258823769,0.09502452305737948,0.012927111082901458,0.13314858277202044,0.03450799806896614,0.0,0.0,0.05080511556445652,0.0
spot_0394,0.4539965739851968,0.0794726070364339,0.22111729642337816,0.019600300603816602,0.05788714564266372,0.0,0.0,0.0,0.0,0.013436904771616772,0.014876504148533464,0.06059621429663448,0.07901645309172604,0.0,0.0,0.0
spot_0395,0.13541903954453524,0.13142074935768247,0.18231676588874304,0.0,0.03206909767623543,0.0,0.0,0.07000601886453885,0.04176323617475659,0.18254597445359114,0.0316536878102026,0.10906724778617437,0.0,0.02252819394269353,0.04011505060988872,0.02109493789095785
spot_0396,0.3359041217425304,0.17137035251052316,0.2267963743995164,0.02354028944018823,0.026745717546849315,0.0,0.0,0.0009932120472029063,0.05267526341836654,0.0727888872556629,0.01187796260634879,0.021688367700014113,0.019750200078265133,0.0,0.0,0.03586925125453218
spot_0397,0.3333043481909504,0.08000401173281291,0.28068016776220994,0.008546261409110061,0.0,0.009767477120578426,0.0,0.0,0.10224488063922592,0.004634387862824547,0.06644571718039555,0.04224472237685741,0.0,0.039186253524202116,0.03294177220083292,0.0
spot_0398,0.09391678285878532,0.19577693876401042,0.27706625609974483,0.12520170883769535,0.18558635131126103,0.0,0.0,0.0,0.0,0.05143289988211605,0.0,0.0,0.031236262091710744,0.0,0.0,0.039782800154676175
spot_0399,0.09794997270480234,0.11343738199449457,0.3012545321230392,0.11010143887823416,0.0,0.005120505486003512,0.09562959225422817,0.0722619408234861,0.0,0.03840278189419388,0.035030666864783386,0.06281029608285088,0.013326886321987084,0.016379607857228317,0.038294396714668416,0.0
spot_0400,0.21627515015346122,0.2195931953005637,0.14793164877179368,0.03817868021633343,0.14115361044210234,0.0,0.0,0.0,0.01655381932594393,0.01594094695887201,0.04137074049423783,0.06318536278918395,0.042433597008256496,0.0,0.0,0.057383248539251405
spot_0401,0.0,0.15942931427822027,0.13458072005960406,0.1615489266719433,0.00800056120629594,0.1593525135245936,0.11257230512940412,0.08068484404927964,0.0,0.0,0.010544763850219241,0.0,0.0,0.08726081716530194,0.08602523406513793,0.0
spot_0402,0.1757966191821673,0.2759259112693521,0.09870948328181597,0.04703968486397134,0.031869983665882784,0.0047378960374564886,0.0,0.0,0.011960963390480864,0.0014236103052599615,0.1538827550196449,0.005739017387353172,0.19291407559661503,0.0,0.0,0.0
spot_0403,0.48976826975653104,0.0,0.0,0.13314611903296003,0.18707884767708666,0.0,0.09930532752379197,0.008022548141365275,0.028855519807167735,0.053823368061097054,0.0,0.0,0.0,0.0,0.0,0.0
spot_0404,0.1582533233204132,0.21602717644077782,0.19618137926339613,0.04231607687700255,0.10796687112024134,0.028894121225246063,0.03442673788194255,0.03460952214025968,0.0,0.0,0.0,0.0,0.18132479173072055,0.0,0.0,0.0
spot_0405,0.12424677687492963,0.23941402572079412,0.006311234019408318,0.2656602519516647,0.0,0.002432408771996455,0.10425969579347188,0.06579776052861813,0.0,0.02706245068976827,0.03477279997344889,0.0,0.06607826047872051,0.0033709176028849765,0.060593417594294104,0.0
spot_0406,0.18887641434806507,0.3032589773081516,0.442339038729795,0.0,0.0,0.0,0.0,0.0,0.0,0.0,0.0,0.0,0.06552556961398835,0.0,0.0,0.0
spot_0407,0.34601921813580855,0.1625991070103914,0.13431141747756598,0.006778479065064622,0.08836865590614452,0.0,0.01826658373220692,0.0,0.01380443629412707,0.05176270052733236,0.16603458130535173,0.0,0.01205482054600686,0.0,0.0,0.0
spot_0408,0.28743747642339473,0.2130772401811634,0.062360121256191954,0.004575019077984756,0.0,0.0,0.0,0.03324491446702497,0.015000298162007736,0.15263608246600993,0.127786186177611,0.0,0.06495564074927863,0.03892702103933267,0.0,0.0
spot_0409,0.21298462157994286,0.13838912035757972,0.13496340319720063,0.21124887673320222,0.0,0.0,0.04900225541823238,0.0,0.038807539571289316,0.04257824236075786,0.11326476736353555,0.008446845967940915,0.03520914475477919,0.0,0.007565935706756739,0.00753924698878247
spot_0410,0.03932795731780063,0.0,0.5715124490560661,0.017747538919237953,0.30729775252741764,0.0,0.0,0.007278956427389073,0.01497307871542189,0.0,0.0,0.0019316325024684397,0.023727770726522705,0.0,0.0,0.01620286380767555
spot_0411,0.03096299524649163,0.054192228909556564,0.2952415459413134,0.3203688086836316,0.01414873684358279,0.0,0.013014313774557739,0.006530456548554645,0.0,0.0,0.1514063965222745,0.0320607329844433,0.0,0.0,0.08207378454559384,0.0
spot_0412,0.33488071578175266,0.32180830865646565,0.17058066242894848,0.03416106871572925,0.0,0.01189439395373775,0.0,0.030832416035483725,0.0,0.018599052289916564,0.028147008561143008,0.022543327595110553,0.0,0.0,0.014564752557566849,0.011988293424145226
spot_0413,0.16679580877556469,0.2100740013474358,0.0,0.14387983368339796,0.1519001769208062,0.0,0.006185305710775911,0.10607034566390541,0.008553336518086225,0.0,0.0,0.0,0.14503103457423924,0.06151015680578847,0.0,0.0
spot_0414,0.09102152068959217,0.0,0.2625806158226135,0.1688688383477111,0.13827415374171728,0.0,0.03857109560459038,0.018157263487011105,0.08298313144772763,0.012220922460780066,0.03583315392483217,0.08381759600582156,0.0,0.04737890710626399,0.007352167956662431,0.012940633404676665
spot_0415,0.07191960576856637,0.02356501941850656,0.32375952563679045,0.28600930840590044,0.17107400709705253,0.0,0.0,0.0061778109093351035,0.0,0.07798956476225988,0.011268068843013353,0.0038242362434092246,0.024412852915166268,0.0,0.0,0.0
spot_0416,0.345174667854658,0.0,0.0,0.268411439057887,0.023162454628961097,0.006778721835669208,0.0,0.03303274362020445,0.014208444248945191,0.07622176227084973,0.03827360713362147,0.07982357175551798,0.0,0.0,0.0569501985094496,0.05796238908423618
spot_0417,0.3606564842034928,0.16445633160068013,0.0,0.16457284108424566,0.09017028288600948,0.0,0.0,0.0,0.054245154478808656,0.019613329329551375,0.0,0.06753132682510195,0.050733585855342815,0.011052514121754606,0.0,0.016968149615012366
spot_0418,0.05413958784133444,0.19981776286832356,0.19703309139585,0.0,0.21894810486563446,0.0,0.0,0.0,0.020794139742398975,0.09319462984484703,0.17799457990844597,0.024331043127121213,0.013747060406044407,0.0,0.0,0.0
spot_0419,0.22058069591022983,0.0,0.1715759785840181,0.18886187829850157,0.20833517366232152,0.05590843948440656,0.014392191779844667,0.0033136944714989318,0.044257723959264486,0.003906626103286736,0.016223114297700313,0.011005111990828624,0.021362907301972028,0.037050863820258836,0.0032256003358678256,0.0
spot_0420,0.361053462331041,0.171638850815662,0.16625203278390804,0.0,0.05115739093947564,0.0,0.044843210498602265,0.06307726655248398,0.0,0.02021775936076515,0.0,0.0,0.05058233386288269,0.05434209576273071,0.016835597092448425,0.0
spot_0421,0.09263184451302128,0.028159177854264437,0.05719125173179454,0.2735139223910041,0.0,0.0,0.0,0.0657465271883617,0.0,0.11455358095809626,0.14384082116830368,0.024789743188296413,0.06337237721911151,0.04209754594819164,0.07004120274141266,0.024062005098141694
spot_0422,0.126575265429945,0.411462573006944,0.013888119161260962,0.0,0.07563240425694562,0.1251205930064726,0.032297729946723315,0.012096849219897227,0.12709080918621424,0.0,0.016779970683818004,0.013852996584687638,0.0,0.0,0.0,0.045202689517091506
spot_0423,0.29153002462027294,0.008123785931449273,0.14568547991350247,0.3136830374965545,0.1973519883644491,0.0,0.0,0.0015499900304637537,0.0,0.0,0.017120107898211414,0.016998408601576982,0.0063731587071339385,0.0,0.0,0.0015840184363858758
spot_0424,0.28536247689381367,0.0023643422743172536,0.10531852997767187,0.0770815286678762,0.3016561230416344,0.0,0.0,0.09511135631234018,0.0,0.0,0.0,0.021277748282915947,0.012290878934944353,0.0,0.09953701561448601,0.0
spot_0425,0.2185099610590343,0.2569558657627321,0.1711914328476217,0.06949203585122367,0.11066458287953225,0.004254609543505052,0.0,0.0,0.0,0.07604615785297983,0.018180452440507585,0.0,0.07470490176286347,0.0,0.0,0.0
spot_0426,0.2681294866272417,0.06989231886821548,0.14320402412685543,0.003012255922541664,0.23809819489786213,0.0007817677376666663,0.0,0.12050755691599195,0.06339579050234759,0.03474048136397898,0.0,0.05315849947058349,0.0,0.0,0.00507962356671517,0.0
spot_0427,0.07192666433466707,0.06316476053295834,0.12135289906606386,0.30281968330713466,0.17914371651815217,0.005040225009023613,0.0,0.03354124936118341,0.0,0.0,0.13076545570812753,0.01825717031649969,0.05210413047951009,0.0,0.021884045366679556,0.0
spot_0428,0.7015127845250406,0.00864850477579363,0.047368915568114116,0.08406387464520626,0.010202110556830601,0.0,0.0,0.00104907784627388,0.0,0.0,0.007876507545592696,0.02756877053111919,0.07911803378790598,0.013863363083364588,0.011213416178760498,0.007514640955998084
spot_0429,0.31088821910297415,0.14961813505074617,0.18465055285471674,0.10649080831206768,0.07113850838494701,0.0,0.0,0.0057766580238566715,0.0,0.03504669878552376,0.02721883874663843,0.0,0.03490636783134144,0.05297578846013922,0.0,0.021289424447048687
spot_0430,0.40760422640120103,0.038317976979742284,0.08766453584703364,0.0850589061354557,0.15832081794573966,0.0,0.0,0.0,0.019287512501476894,0.06196041790316471,0.0,0.0,0.025032988191820812,0.0,0.0,0.11675261809436537
spot_0431,0.38945882880945903,0.07339145797922653,0.0,0.39582747711414135,0.08853614900308342,0.0,0.04426516412589672,0.0021986549194919288,0.0,0.0,0.0,0.002632779416771181,0.0,0.0,0.00368948863192963,0.0
spot_0432,0.31290039596771363,0.0004383266921306591,0.2183834372394662,0.19461062869818474,0.03817771273272268,0.0,0.0,0.0,0.0,0.0,0.14190775049243018,0.06047096667952123,0.03311078149783056,0.0,0.0,0.0
spot_0433,0.2844888906154875,0.005431449190305386,0.0,0.305723097245529,0.015553974678845691,0.026965284254000223,0.004414023017067986,0.0,0.2076181663288419,0.020490757666050095,0.07103805164832813,0.030441413951157112,0.0,0.0,0.02783489140438698,0.0
spot_0434,0.04264921590746536,0.24975221553720528,0.0060862446363585156,0.2965943914649413,0.06739216199309354,0.0,0.042115478380783625,0.08704375229479719,0.06842307254468936,0.0,0.03603851092811834,0.009972798525188424,0.06023192716264966,0.0,0.02005943203617674,0.013640798588532604
spot_0435,0.37847221245431883,0.092290659953489,0.06683845051614147,0.03101873416649624,0.15817298034351637,0.0,0.0,0.0,0.11535152355474218,0.15785543901129598,0.0,0.0,0.0,0.0,0.0,0.0
spot_0436,0.23037458918402356,0.19450886710525048,0.27236615837747663,0.25187169825166306,0.0,0.0,0.021291301260415573,0.0017611292356235844,0.0,0.009362210089370042,0.0,0.0,0.018464046496176972,0.0,0.0,0.0
spot_0437,0.3356870656569207,0.0,0.19065871234828877,0.2228547501966529,0.0,0.0,0.0,0.023862264872503983,0.0,0.0,0.16260887076244362,0.02314306969853342,0.0,0.0017810346994483206,0.039404231765208284,0.0
spot_0438,0.270804413367485,0.17236894969929004,0.09642102795139157,0.0,0.0,0.0,0.00847286544917711,0.0673632900321067,0.002051077468230906,0.1232573840876809,0.0,0.007091557756772802,0.05977240944944758,0.028739523938674315,0.11890266228850072,0.044754838511242144
spot_0439,0.10769265892374495,0.394921372747141,0.08244209705951228,0.056904290980542324,0.016953945356745458,0.004858137827617393,0.0,0.0,0.02081776880596311,0.1124601796781351,0.1535565281995721,0.009729240101668658,0.03385782378778121,0.0,0.005805956531576474,0.0
spot_0440,0.48425707387922867,0.0005092083937150902,0.24049020095958495,0.0,0.08335892622001664,0.0,0.0328986998078765,0.035091914995253645,0.049435182379088775,0.0,0.0,0.05353147836909013,0.0,0.0,0.020427314996145612,0.0
spot_0441,0.37613762829667147,0.010549038641295345,0.02142279800142138,0.17958128873439966,0.26600243498209797,0.0,0.0,0.0,0.0,0.0,0.04472362618344881,0.0,0.03734563435668706,0.0,0.0549809773580417,0.009256573445936741
spot_0442,0.13531530427016147,0.18018365350720228,0.07698565248064884,0.18183954470170216,0.023642144964617202,0.0,0.011118362995851758,0.0,0.04098796135048431,0.19183319093549736,0.03312536494352083,0.04659271595947816,0.05028396694711633,0.0,0.005413501532900769,0.02267863541081834
spot_0443,0.13393580140940523,0.361401913502928,0.019992696902497917,0.28119285902650626,0.055850905378776405,0.0,0.0,0.006821505314943459,0.0,0.015409032261553806,0.0,0.0977947473008326,0.0276005389025563,0.0,0.0,0.0
spot_0444,0.32121292647063904,0.060022011609545595,0.1288160071698714,0.0,0.0,0.0,0.19388831456525865,0.16957765183884327,0.0,0.0,0.0,0.0,0.012447555058223399,0.0,0.11403553328761876,0.0
spot_0445,0.15781265137026013,0.12883932044329569,0.33008245448063384,0.18064311928201038,0.0017581484518887733,0.038082417067376605,0.05198392766832367,0.07809695926646097,0.0,0.0,0.0,0.0,0.031122636527342415,0.0,0.001578365442407465,0.0
spot_0446,0.08003008940654416,0.44589319595653465,0.28991075088142976,0.0,0.07288372979099626,0.0,0.0,0.0,0.0,0.0,0.023162010889889836,0.0,0.08527704287907664,0.0,0.0,0.0028431801955286005
spot_0447,0.12878210080675065,0.09699141317616795,0.2560315201999576,0.1044559743285715,0.16705394709362967,0.0,0.0,0.0,0.0,0.0,0.12133135449077623,0.009338042650540274,0.0,0.04947741040795851,0.06653823684564752,0.0
spot_0448,0.10845179584824942,0.09410753018568978,0.18634919185759474,0.035689913112157225,0.1956410250923756,0.0,0.0,0.14874008157493435,0.0,0.00040929127324838507,0.0569760979292027,0.012707240074202193,0.14540663413513943,0.0,0.015521198917206065,0.0
spot_0449,0.14130787245230444,0.33078723740996335,0.06494995232458765,0.1781597463074442,0.0,0.010042240570867776,0.0,0.023348858518837466,0.0,0.013756038824585173,0.06532477047775943,0.0,0.13337794331210806,0.010512952931846809,0.0034884085290976968,0.024943978340597788
spot_0450,0.0,0.10621992017031319,0.2225443676821515,0.11275558687080227,0.04954849284159132,0.06806477606453841,0.07380343651182598,0.0,0.08906817534464057,0.06178359179571946,0.0,0.06274999302034426,0.15346165969807302,0.0,0.0,0.0
spot_0451,0.1787588663485926,0.3036454249289584,0.17949093833230056,0.09152236252295719,0.0,0.0,0.006295521800216098,0.009802569825645228,0.021291354622212495,0.10646816409674013,0.0,0.07288742726913847,0.0298373702532389,0.0,0.0,0.0
spot_0452,0.0,0.05009590441101759,0.25122927493303354,0.0,0.10743327647783107,0.035271412910237304,0.005309470741829219,0.40746160798221265,0.0,0.0,0.0,0.0,0.11793186115678848,0.0,0.025267191387050206,0.0
spot_0453,0.32951718141508524,0.0,0.13759672254901142,0.2019573549935307,0.0,0.0,0.29526932856040694,0.0,0.0,0.0,0.020582520198744333,0.0,0.0,0.0,0.015076892283221306,0.0
spot_0454,0.2234129919346598,0.41332485030506866,0.0,0.0,0.1248735238813119,0.0,0.020149272080657928,0.0,0.06760118375923865,0.08979461701735247,0.0,0.0,0.0,0.0,0.0,0.060843561021710645
spot_0455,0.10850093012321045,0.3971540657616835,0.0,0.16396406394199278,0.03330675056987889,0.0,0.0,0.0,0.12127362747495497,0.035561746462728375,0.1211988920594209,0.01616267058092658,0.0,0.0,0.002877253025203524,0.0
spot_0456,0.3428917322637559,0.14685136890874706,0.16525179921971012,0.07568640677023795,0.0,0.014997097408973047,0.041113496899961834,0.04349362818048466,0.0734890642675205,0.03817084063550381,0.0,0.03452011641956857,0.0,0.0,0.018455733279680326,0.005078715745856218
spot_0457,0.24659943715724725,0.13857006472998645,0.30776823252387886,0.09477710947502008,0.08372225497292045,0.0,0.0,0.0,0.0,0.10811365749356396,0.0,0.0,0.0,0.0,0.0,0.020449243647382875
spot_0458,0.37201271196060326,0.33977249981217916,0.020146965171406354,0.0,0.04448467089977622,0.06393547617235057,0.0,0.09237003726053447,0.0,0.00394173356080608,0.06333590516234384,0.0,0.0,0.0,0.0,0.0
spot_0459,0.26603745924710065,0.07950903442551463,0.3180348352191056,0.06635395710944415,0.011148601076871998,0.0,0.0,0.0,0.009372009512556461,0.10009825092967069,0.0,0.015822580398612632,0.11546568703680474,0.0,0.0,0.018157585044318417
spot_0460,0.1453664550226445,0.17590924277362943,0.016357174615021803,0.0,0.06276062122484097,0.03673234641520265,0.1190947666922903,0.03441966137883248,0.17121033700980412,0.01453518601121653,0.0,0.009847730732677133,0.105909937399872,0.10785654072396819,0.0,0.0
spot_0461,0.1869402961385924,0.0,0.5002773175634271,0.0,0.06988973025655691,0.0,0.0,0.0,0.0,0.0,0.017945646615497367,0.2115823501405837,0.0,0.013364659285342648,0.0,0.0
spot_0462,0.413626960088598,0.0,0.0,0.0,0.0,0.03934575700746592,0.008874117420375402,0.10135261834788134,0.07827519462509737,0.13423598982401047,0.1523582620534249,0.0,0.0,0.005927785541337282,0.00018629520170926938,0.06581701989009989
spot_0463,0.10315960410357759,0.30260921727732865,0.4379670461015069,0.0,0.006150318738501556,0.0,0.0,0.025487505787629518,0.008779164124722866,0.0,0.049827221148016514,0.00808148290871531,0.046779864181036565,0.0,0.0,0.011158575628964698
spot_0464,0.2029965600239862,0.14207040822339626,0.26058532118141936,0.17459258707617895,0.006251755584895336,0.004566254865551851,0.008914960023880512,0.08394435281844298,0.0322280012857584,0.07014453800168839,0.0,0.0,0.0,0.0,0.0,0.013705260914801513
spot_0465,0.5554031910500243,0.1474199674947375,0.12638064046007597,0.027509667364553698,0.0739357249452091,0.05476327529316661,0.0,0.0,0.0,0.0,0.0,0.0,0.014587533392232661,0.0,0.0,0.0
spot_0466,0.0,0.0,0.010560486535977923,0.23412316370450473,0.09275644776208274,0.0,0.33823912980847676,0.08522710105907091,0.008379073995476955,0.0,0.016829566716626564,0.0,0.21388503041778348,0.0,0.0,0.0
spot_0467,0.010898164073205856,0.4333591447807307,0.377006783090206,0.024254760335858043,0.11438329592172787,0.0,0.0,0.0,0.0,0.004312234215473884,0.023597948729767268,0.012187668853030447,0.0,0.0,0.0,0.0
spot_0468,0.29678932078398207,0.04924485367624551,0.0,0.2742756037055845,0.0,0.0,0.005211600690904808,0.00016158927963922127,0.07281118325819688,0.04990263120312196,0.140440633218517,0.0,0.055042265530456456,0.055010106234336664,0.0011102124190148185,0.0
spot_0469,0.14159579192386215,0.0893963008795091,0.4103479472873131,0.0,0.01781744051133526,0.0,0.058843580155003274,0.16001335552842638,0.0,0.03566564848876947,0.0,0.055730198897413465,0.0,0.0,0.030589736328367912,0.0
spot_0470,0.23342877493079073,0.10110301212282856,0.17944722673472535,0.0,0.18312896147305013,0.04521184980747834,0.0,0.0,0.08004827029885253,0.0,0.08963823926092922,0.02812941770509273,0.0,0.0,0.0009136801179808937,0.058950567548271694
spot_0471,0.5713324133528598,0.15641989903620432,0.1050836455168201,0.0,0.0,0.0,0.0,0.0,0.06320002844025924,0.05783705673089508,0.0,0.04612695692296156,0.0,0.0,0.0,0.0
spot_0472,0.11980023054045681,0.2019848696454064,0.5195755138537578,0.0,0.06024159415238681,0.0,0.0,0.0,0.0,0.0,0.046339720930881755,0.0037955804820632363,0.04826249039504732,0.0,0.0,0.0
spot_0473,0.15344617234770652,0.14579698703369048,0.23110214873980156,0.1817558344321324,0.0,0.0,0.0,0.0,0.0,0.015159732484232115,0.10729439236186192,0.0,0.12371192309069132,0.03337311678588728,0.008359692723996354,0.0
spot_0474,0.41682148542154895,0.14169443333218762,0.16355059425607588,0.0,0.03596358564106237,0.04258592438624618,0.0,0.09931025420405531,0.0,0.0,0.0,0.0,0.0657541808053463,0.03431954195347751,0.0,0.0
spot_0475,0.21339418641047006,0.0,0.2745047835352288,0.0,0.17505695494584253,0.0,0.0,0.06498576491903055,0.019478925588557867,0.08852750183810591,0.058470369713394546,0.018274957418832748,0.0856920736080726,0.0,0.0016144820224642691,0.0
spot_0476,0.0034491062341060405,0.28231953204616067,0.2338243121096146,0.2334508004686729,0.12466955323453513,0.0,0.033222717469514995,0.0,0.0,0.0006135014851070462,0.04575038188866207,0.0019382796940865196,0.032816157403726454,0.007945657965813445,0.0,0.0
spot_0477,0.5409699696817909,0.0,0.05446385638532528,0.0,0.14836843133877103,0.0,0.048499397521120514,0.0,0.0,0.0,0.0,0.16084365489147856,0.007259842886361128,0.010874128079782287,0.02872071921537031,0.0
spot_0478,0.44387102172090015,0.19889403186712776,0.0,0.05377843840000272,0.0,0.0,0.0,0.027876794565781,0.026531735892155173,0.0,0.0,0.1074373736695112,0.09536422293543857,0.046246380949083316,0.0,0.0
spot_0479,0.183718163997554,0.3778724733984436,0.0,0.010408427986195137,0.1552209338649173,0.013928003020978585,0.0,0.0,0.0,0.0,0.06961238178599888,0.061303059209800725,0.06669466472992167,0.06124189200618996,0.0,0.0
spot_0480,0.22215632109460895,0.10269628191913797,0.1591329873567264,0.1076902945733203,0.027565737696807188,0.0,0.09447808179758947,0.11689056123406001,0.0,0.0,0.059189646389961735,0.0,0.05304922747965287,0.029005433028528878,0.02814542742960624,0.0
spot_0481,0.1767628684838882,0.1469602469197852,0.4116391939215549,0.0,0.029829492334295705,0.0,0.08839369480349717,0.0,0.01378844419415635,0.02733098281113892,0.0,0.0,0.08072363116325385,0.0,0.0024632267381706494,0.022108218630259004
spot_0482,0.47486614538844585,0.07330071700232466,0.0,0.14876437140164617,0.0,0.05051428204826211,0.06336403919648628,0.0,0.05964689097314657,0.012269508572756804,0.036702238786035964,0.0,0.0681847087577243,0.0,0.012387097873171207,0.0
spot_0483,0.24704435173577158,0.21303106345364267,0.14547827824950205,0.15421228154455463,0.09014055746520763,0.0,0.0,0.06502573005119403,0.006183063939414356,0.0015445006357379186,0.0,0.0,0.0,0.047502138732902474,0.021337390475570855,0.008500643716501482
spot_0484,0.368305873022655,0.26879171975495053,0.25924047204896916,0.0,0.0,0.0,0.0,0.0,0.0,0.08625503731690286,0.0,0.002490417522106607,0.014916480334415875,0.0,0.0,0.0
spot_0485,0.20786423842593138,0.004212273579573724,0.0,0.09362311848581287,0.0988821380719047,0.007584803047043146,0.11279357358837677,0.0,0.12932598155353808,0.11319389537890591,0.09185229815837229,0.004114086736724467,0.006879715737557329,0.0006479940323733999,0.06334942831619016,0.06567645488769577
spot_0486,0.6152992187807041,0.0,0.0032343094377223136,0.04115108899351478,0.006039821934976879,0.0,0.0,0.010832083469234446,0.10734528895231689,0.011251181808012977,0.04665837554708168,0.048859740094414086,0.10932889098202192,0.0,0.0,0.0
spot_0487,0.3708862911118655,0.0,0.07362481616989341,0.0675893292417963,0.0,0.0,0.0049705203736814104,0.1678834921059024,0.0,0.0,0.10111889394997303,0.040466533737160706,0.0,0.0,0.17346012330972715,0.0
spot_0488,0.3399395766034435,0.08484883917265659,0.047592265925343734,0.0,0.1460290764208734,0.06990999671631482,0.018730333272597564,0.0,0.0,0.10229076764144829,0.08346134544500303,0.0,0.09476871198215736,0.009096546491837068,0.0033325403283247313,0.0
spot_0489,0.013514602150806349,0.449361602205223,0.10502592052305212,0.002184754389372926,0.0,0.05318232511536993,0.0,0.0,0.09868402340681325,0.031248085190753,0.0,0.0,0.09204144477147047,0.08624394453319487,0.014763480502580731,0.05374981721136348
spot_0490,0.06372297334403614,0.1581204414490884,0.32621962520641384,0.1124049386997316,0.0580457252168772,0.0,0.0,0.05502978208114887,0.0077345990814853315,0.0006570097978266773,0.07879362012828942,0.0,0.10607569883447586,0.0,0.033195586160626775,0.0
spot_0491,0.3756446187666348,0.18603587350015777,0.11349043334784042,0.002335192302830373,0.0,0.0,0.024235974614713576,0.0,0.0397234146208041,0.09170843915060659,0.08921880211081555,0.0,0.042467937448077135,0.012289021691373823,0.022850292446145608,0.0
spot_0492,0.29315362963373465,0.0,0.3108845734046114,0.0,0.22343570108191396,0.0,0.014734630624476826,0.0,0.007246372742709042,0.0,0.04305648677922042,0.021228461589961854,0.08626014414337174,0.0,0.0,0.0
spot_0493,0.09996590094082357,0.0,0.20710692033960626,0.1915101187891328,0.08458535430783937,0.0,0.044630976118736294,0.0410189140316844,0.0,0.0,0.12935390582226405,0.047917707581157556,0.09931690930963645,0.004135185874672275,0.05045810688444684,0.0
spot_0494,0.0,0.18132404280330236,0.048509031479789716,0.14137230169613962,0.07482013630373405,0.07763387380871674,0.14478147775273748,0.14232696210505116,0.04228646762290285,0.014017194447809526,0.0,0.0,0.016530057036445327,0.02849954755524455,0.04073062281022904,0.04716828457789724
spot_0495,0.33204675162007163,0.10920049438917405,0.21800339272333133,0.20992861679763833,0.0,0.0,0.0,0.024484299093870187,0.0,0.011308606965653138,0.0,0.054279332629064495,0.04074850578119664,0.0,0.0,0.0
spot_0496,0.362994611380319,0.0,0.0,0.1688092801823945,0.20811972970495032,0.0,0.0,0.0,0.0,0.0,0.06992525146227856,0.004520688041196413,0.18563043922886122,0.0,0.0,0.0
spot_0497,0.5380543809183158,0.07302116358418603,0.0,0.0,0.0,0.0,0.08385211514881603,0.0,0.0,0.30507234034868214,0.0,0.0,0.0,0.0,0.0,0.0
spot_0498,0.3229586023230851,0.09512758553456616,0.0,0.31599244948604693,0.035442384522317315,0.0,0.0,0.0,0.08398740158445298,0.05367316081402665,0.02608104299823454,0.0,0.06673737273727047,0.0,0.0,0.0
spot_0499,0.4876174113586466,0.13456323299099143,0.09413858974692332,0.0,0.0,0.0,0.032795373795233534,0.008133746626218161,0.005345539381402708,0.0,0.07459638079333451,0.062144411232375206,0.0,0.09318051873097515,0.0,0.007484795343899478
spot_0500,0.20733009192396165,0.053263533658075186,0.05290813154837423,0.14414235819612486,0.27546171673202596,0.0,0.0,0.04343762918615815,0.0073442877368238724,0.0,0.03486771289470501,0.04465131757485176,0.04916033192154624,0.08743288862735293,0.0,0.0
spot_0501,0.0881277099069987,0.09846421250299636,0.1919442293398052,0.18386427921934073,0.0,0.0,0.11864975269480432,0.09562496578063988,0.0,0.0,0.0911022434767215,0.0,0.0,0.055957147722560045,0.07513288729330156,0.00113257206283181
spot_0502,0.05055832238617511,0.036544404510325576,0.2002647854090322,0.29202633640152303,0.17824078016881942,0.0,0.07987435720560077,0.09376575941185385,0.00424916644963863,0.0,0.011903837156827494,0.0,0.010076385921366303,0.0,0.04249586497883797,0.0
spot_0503,0.113375606788571,0.039035248270379935,0.05552728499219567,0.1428603857019665,0.07849992162297295,0.04922306814067305,0.0,0.08501010410878311,0.0,0.028459592575078255,0.183124244161142,0.0,0.0376347955198886,0.09091962759664864,0.09149081157575174,0.004839308945948588
spot_0504,0.0,0.008278909917870269,0.19465955745050492,0.16240904081316768,0.0,0.005506740657219176,0.0,0.0,0.01760198019778681,0.0,0.4215156696245152,0.005245470321823297,0.0,0.07374947668852068,0.10780284554139588,0.0032303087871960712
spot_0505,0.1956230470340365,0.2959824396477059,0.07592483018310743,0.1679777477321793,0.02846065412301429,0.0,0.0,0.0,0.07683253955063797,0.01989656802587034,0.015706811407386185,0.022288295848344443,0.037886348482462716,0.0,0.0,0.0634207179652547
spot_0506,0.553006210799137,0.0,0.0,0.02867693705061454,0.14171776356185742,0.0,0.0,0.0025879079216277107,0.022881346044853243,0.03662064228543739,0.0,0.13388952555336942,0.023570885530280028,0.0,0.0,0.05704878125282314
spot_0507,0.18986355931649937,0.1035319581560197,0.23170576218163333,0.09951213733484326,0.04284880893820285,0.0,0.05479943483067762,0.006744333882248138,0.0,0.047830912385021615,0.20957523576259363,0.0,0.0,0.0,0.013587857212260603,0.0
spot_0508,0.6803559460815963,0.0,0.0,0.0,0.004757305962827392,0.03961715703659704,0.06568269026458261,0.01953136854285231,0.0,0.1297671544840417,0.0,0.0,0.0,0.06028837762750261,0.0,0.0
spot_0509,0.0,0.2346115322534047,0.2448837272527595,0.1609551535458463,0.051031293459952005,0.0354675345896695,0.03702553800689087,0.0,0.015624730268975763,0.037575799603945595,0.0765555651305944,0.0,0.09839260101525028,0.0,0.0034896879281240798,0.004386836944587024
spot_0510,0.2116639564494643,0.1275842037671837,0.35514667016469514,0.0,0.16687230805772774,0.0,0.0,0.0,0.026515207646219292,0.058304164307799194,0.0,0.03836300166624228,0.0,0.0,0.0,0.015550487940668288
spot_0511,0.6318291518602611,0.0012211950585699356,0.0,0.0,0.0,0.0,0.152451628195102,0.0,0.0970989673659049,0.11739905752016198,0.0,0.0,0.0,0.0,0.0,0.0
spot_0512,0.24892073005446383,0.01803003010138621,0.1885206331167138,0.17380659912570623,0.16479004526491448,0.0,0.0,0.0,0.0,0.11240496557702895,0.0,0.08453558393194784,0.0,0.0,0.0,0.00899141282783848
spot_0513,0.49938795995257856,0.11202613225408828,0.037904613939513956,0.09069807998690976,0.07983142087309658,0.0304501246310653,0.0,0.0018565417189036317,0.0,0.0,0.0,0.05783740428575126,0.0,0.033148158706807075,0.0568595636512857,0.0
spot_0514,0.4675413784053054,0.15398127953955934,0.1191361814831156,0.0,0.0,0.0,0.2079028918005574,0.0,0.030081119585871743,0.021357149185590472,0.0,0.0,0.0,0.0,0.0,0.0
spot_0515,0.34846403664569636,0.07682276224522712,0.03477972027463656,0.030134624207541035,0.08023908002176117,0.02044159081273072,0.0,0.05119142674367197,0.1914497578440515,0.0,0.0,0.0,0.12299089188638994,0.0,0.0,0.04348610931829363
spot_0516,0.1250390205944023,0.2177498797614661,0.017190686044000366,0.16497866407705583,0.012869946173106571,0.02983270599098615,0.0,0.043751836080351506,0.0,0.0021146882627685873,0.17556514400991055,0.0,0.119384438856274,0.03106149617121821,0.060461493978459846,0.0
spot_0517,0.34535984473508397,0.10431813907428389,0.14640963991759773,0.041471807348563615,0.0,0.0,0.017233685351603262,0.0,0.0,0.22082184875191282,0.0,0.019006277940851937,0.03710815201587102,0.0,0.03580508462253582,0.032465520241696036
spot_0518,0.31573424400990674,0.3420831576713865,0.1079278710923773,0.0,0.0,0.0,0.0,0.0,0.029809290116384543,0.03760968617322284,0.04786420269296115,0.0,0.03680935752171021,0.0,0.03271292915820898,0.04944926156384195
spot_0519,0.30805625075653215,0.11754593150020319,0.24209341933701856,0.25298740350892396,0.01883261089659607,0.03484397277613984,0.00275774752712932,0.0,0.0,0.01722256540691633,0.0,0.0,0.005660098290540646,0.0,0.0,0.0
spot_0520,0.1358593272949647,0.14082773676583957,0.2246086994392772,0.02849023797252956,0.04101032682929151,0.0,0.023526418913855464,0.14493060407787317,0.0,0.07172223852982004,0.03232741906102337,0.05368964492380737,0.0,0.04930864831151991,0.048712303257485386,0.004986394622712689
spot_0521,0.2944033366928783,0.15556408238081745,0.30192884456100677,0.11734473149969368,0.0,0.0,0.024331489891974412,0.0,0.002355892634404439,0.008488864488916014,0.032327862704583016,0.041177828819477486,0.022077066326248302,0.0,0.0,0.0
spot_0522,0.34058587179361643,0.2536795009362213,0.04203379003629516,0.08471936756146574,0.13143322991106327,0.039428143170352495,0.018302966174762826,0.0,0.0,0.0,0.03790530189691978,0.003989181053602712,0.00860421492700452,0.0,0.039318432538695845,0.0
spot_0523,0.5027838171271004,0.026367430795261212,0.0,0.10382535620415874,0.0,0.0,0.21134104572790066,0.03014082454496693,0.0,0.0,0.0,0.009750812164282549,0.07524367337486394,0.03549283073295461,0.005054209328510785,0.0
spot_0524,0.34460114625414295,0.0,0.21035532153261133,0.14153817019478937,0.08083401593701907,0.0005509376233738323,0.0,0.002448640213492873,0.0,0.013004200006767615,0.019537018002765274,0.07960789175589074,0.022578644143615118,0.07339711143433061,0.011546902901201075,0.0
spot_0525,0.11521208894039549,0.2708605890454607,0.21494407244736952,0.04255330498535376,0.12164798397362865,0.0,0.0,0.0,0.0,0.008847288823645712,0.011161820595066048,0.06597437783296273,0.05590242970724503,0.0,0.09289604364887236,0.0
spot_0526,0.52188621899443,0.14396734167370875,0.08321120997255654,0.0016709624473276998,0.0,0.0,0.1776684966852173,0.010249541725560501,0.008926309374839196,0.0,0.0,0.0,0.0197488980499733,0.0,0.03267102107638665,0.0
spot_0527,0.20771347556674938,0.20284573389067634,0.2536695100221314,0.20977999907569836,0.0019575503159515316,0.0,0.0,0.0,0.04343535294529475,0.004471342815599338,0.01548741165249958,0.0,0.060258016253284266,0.0,0.0,0.0003816074621149909
spot_0528,0.20875940114694652,0.39516382271040645,0.1063555958776304,0.0,0.0,0.0,0.2897211802650166,0.0,0.0,0.0,0.0,0.0,0.0,0.0,0.0,0.0
spot_0529,0.08445215420640882,0.06788163377826824,0.0,0.31230641401398995,0.0,0.0,0.13510721712898544,0.20989617564732863,0.07474794625623375,0.0,0.0,0.05351304566317365,0.05335645911153085,0.0,0.0,0.008738954194080833
spot_0530,0.4489370460891371,0.2687934215054989,0.04168965660298274,0.0,0.0,0.061356825198254465,0.0,0.12862051762788304,0.0,0.0,0.0,0.0,0.040625267976860176,0.008073147799526269,0.0019041171998573742,0.0
spot_0531,0.011610396418052898,0.3665944975113822,0.0,0.036998368967981116,0.1327325669434079,0.10291637214396547,0.0,0.13693814348265446,0.024556180281638612,0.12367427638674701,0.0,0.0,0.06397919786417007,0.0,0.0,0.0
spot_0532,0.13261053531660338,0.23990159525109606,0.0025915617473815118,0.0851023216302753,0.0,0.006118031632127971,0.03791232815029778,0.07498114496155933,0.0,0.0,0.19644022728864663,0.0011690848237223025,0.0,0.10525655301832015,0.11791661617996943,0.0
spot_0533,0.11821798297055074,0.0,0.2626264253498605,0.27013714451100573,0.0,0.1094237111509862,0.02260686252517521,0.06400333813651156,0.0,0.00883071566786894,0.0,0.0,0.11481492516459076,0.013702608481469756,0.010490102334446545,0.005146183707533967
spot_0534,0.28185673876470935,0.2369149677618611,0.09540620227275899,0.10849265743631588,0.14034877638333637,0.0171099656384576,0.0,0.0,0.0,0.0,0.0025230625349637013,0.02058025390659093,0.060703675647680894,0.0,0.03606369965332511,0.0
spot_0535,0.20200048309459773,0.28341289001791276,0.15610758753035386,0.015066772924543247,0.0,0.0,0.0,0.0,0.07692307807247503,0.11522270698700976,0.005563156999483524,0.0,0.053367737159202955,0.0,0.023165663301753497,0.06916992391266762
spot_0536,0.2972081707890388,0.1277308033066493,0.06516871814477679,0.10533135998417614,0.13283884244674657,0.0,0.0413408221890088,0.043793425479305106,0.0,0.0,0.06067348444798462,0.06524249821035964,0.0,0.03399563813721423,0.02667623686473999,0.0
spot_0537,0.011040790080581061,0.2321626889194895,0.4239996449985007,0.0,0.0,0.0,0.0367189748776884,0.01948321009008381,0.0,0.022163422612046832,0.10834972305884051,0.0,0.0951389949753454,0.0,0.050942550387423804,0.0
spot_0538,0.2654714052647464,0.42528354248140116,0.05410582899388025,0.03846231910949165,0.0,0.0,0.0,0.0,0.0,0.13605396198628475,0.0695559641936576,0.0,0.0030014705246124438,0.0,0.007855932934497933,0.0002095745114277919
spot_0539,0.22310631736822817,0.0,0.29584028057275025,0.0,0.0,0.013699993054354194,0.009672507398408399,0.03975192180240947,0.09998791092092972,0.005902242636343972,0.05077040415459255,0.11920896996618169,0.0035876453347652433,0.0,0.10860841337142264,0.029863393419613676
spot_0540,0.2336807050282568,0.4953478930805585,0.027718894856438237,0.12882428897900874,0.09328826387007995,0.0,0.0,0.0,0.0,0.0,0.004488107011395458,0.01665184717426238,0.0,0.0,0.0,0.0
spot_0541,0.22079186041858276,0.0,0.1936004100647118,0.20547569397913018,0.05842163872102679,0.06094121853885588,0.0454378960430071,0.1046651347251843,0.0,0.0,0.0,0.09392362127166068,0.0,0.014935507687981856,0.001807018549858551,0.0
spot_0542,0.34009333531550906,0.1183269209189287,0.0650944106914354,0.0,0.09357091468766449,0.058445089815046945,0.05269906882797934,0.0439258668969927,0.0,0.09288089073240402,0.031040040643599706,0.05646064149220716,0.02143028510131902,0.011896913371791312,0.014135621505122072,0.0
spot_0543,0.3039359399116003,0.1182783314950538,0.15456328699847088,0.1621137142815379,0.1085174024695892,0.012477094064854232,0.0,0.061462498314588956,0.005663126487529949,0.0,0.023983924829678982,0.0,0.03600427483487984,0.013000406312215796,0.0,0.0
spot_0544,0.49542672440766833,0.05398982607806958,0.0,0.0681521983262929,0.0,0.0,0.05448272288174857,0.0,0.22299846609916796,0.01820977848803137,0.0,0.0,0.04073386547037042,0.0,0.0,0.046006418248650954
spot_0545,0.1452379107208865,0.28975923005459236,0.0199835341611612,0.06397377255703476,0.044929744617134865,0.011717673318313906,0.15370586208360995,0.1563941048480328,0.0,0.0,0.0,0.049335419814196854,0.0,0.044343605951583126,0.020619141873453713,0.0
spot_0546,0.4584667827976337,0.18490659519052924,0.24378842158163613,0.03232371226559778,0.0,0.0,0.0,0.015902639879554713,0.0,0.009662704394286967,0.005379125541899456,0.04957001834886216,0.0,0.0,0.0,0.0
spot_0547,0.22698403688954535,0.17728232477700961,0.09296787761294925,0.10579081304953751,0.0615343946807884,0.0,0.0,0.11777804542242382,0.05536040964822491,0.046346635240542645,0.0,0.045529344824375574,0.0021033093890304284,0.06247368103838959,0.0,0.005849127427182906
spot_0548,0.1678700720383829,0.5551987368278255,0.05631700053716398,0.20077618212242943,0.019838008474198213,0.0,0.0,0.0,0.0,0.0,0.0,0.0,0.0,0.0,0.0,0.0
spot_0549,0.275371491042312,0.06905102145120218,0.00729765584930567,0.2648080490240176,0.05996048517746349,0.0,0.0,0.17131026490788015,0.024393054991515322,0.0,0.00645393380353724,0.04412282212419629,0.006899257287679486,0.0,0.031686005465286105,0.03864595887560461
spot_0550,0.1904095838981968,0.08261305398064797,0.054936654759805824,0.3009022085448825,0.05274095485958992,0.017206785709521423,0.10916294068782248,0.035047479356963056,0.0,0.0,0.1002136869520237,0.0,0.0122445102227115,0.0,0.02604397626156928,0.01847816476626554
spot_0551,0.47702597137593533,0.21257749052012878,0.0,0.030442874617307335,0.0,0.0,0.1576287411672775,0.0,0.0,0.05493875327181697,0.0,0.0,0.06738616904753397,0.0,0.0,0.0
spot_0552,0.10644472167788199,0.12307895673611766,0.29077478726711925,0.03377557098441145,0.1823943468120826,0.059731614290930074,0.0,0.07175606272334828,0.0,0.0,0.03084417892777527,0.05183602404728932,0.014943926252607731,0.01275587879488624,0.021663931485549917,0.0
spot_0553,0.003240694568595197,0.18791193414804638,0.5618522370104002,0.0,0.0,0.0,0.0,0.0,0.2129631706170067,0.019029750339674537,0.0,0.0,0.0,0.0,0.0,0.015002213316276991
spot_0554,0.3567665923202266,0.25339374509117363,0.13936569912664537,0.0,0.09234061844067329,0.006394754911699326,0.0,0.0,0.0,0.004202750196450996,0.10699694555066591,0.0024787471788226775,0.03016545884801963,0.0,0.00789468833562266,0.0
spot_0555,0.10257813391802287,0.19515379172113956,0.016472813662891175,0.20383720055455024,0.01812647500367384,0.0,0.0,0.0,0.22792760626668124,0.0,0.07563083607303585,0.01827114707956774,0.0670744912025232,0.012967862047289272,0.061959642470625055,0.0
spot_0556,0.07017920757762824,0.05149609403032083,0.21047087435138107,0.007330262252339981,0.0045059017735155655,0.1488949558447799,0.00577367052660754,0.011851907020688073,0.08803663441279166,0.18121599911421962,0.0,0.038484670559747865,0.07574505306216774,0.0,0.0795644103455842,0.02645035912822772
spot_0557,0.455039364387634,0.0,0.09101774024101472,0.1408138943325476,0.026377454637687113,0.0,0.0,0.1316006990024982,0.0,0.006768346983680078,0.0,0.02244383396437652,0.04119172619099896,0.026000290259078174,0.05874665000048452,0.0
spot_0558,0.21182732333293602,0.18106476186945564,0.24622365275874192,0.14410591506364162,0.08984999352223225,0.0,0.0,0.0,0.0,0.0,0.04398444790877863,0.05709726572806571,0.0,0.0,0.025846639816148206,0.0
spot_0559,0.015901127855000082,0.27061516651430684,0.17498364818361167,0.20996126258557404,0.0,0.020914461922602132,0.045174396672395915,0.0008635821004179499,0.1279607245105,0.0,0.0,0.006201245308049713,0.0,0.0339200819287834,0.07218405280068096,0.02132024961807735
spot_0560,0.05633471448680743,0.0,0.0,0.0,0.03861837697374111,0.0,0.14606876955730436,0.0585838573928779,0.17786366594115186,0.10251968557423297,0.1845724862805961,0.05934491312530408,0.0,0.0,0.15862494704336896,0.017468583624615217
spot_0561,0.43534170374394937,0.22242586030526754,0.08261458011828193,0.013877336737853994,0.0,0.0,0.07258714769905511,0.0,0.0,0.058667183994431535,0.05015877064599909,0.0,0.06432741675516147,0.0,0.0,0.0
spot_0562,0.14902139792469615,0.04416376361463178,0.0,0.3268386179464499,0.15819445297497206,0.013204525343507027,0.0,0.0,0.0,0.11412912931638707,0.04447487683619782,0.0,0.10249347066149657,0.0,0.001060362417039824,0.046419402964621735
spot_0563,0.24608990270020384,0.0540745127723324,0.046199096730310446,0.22609916728176122,0.0,0.0,0.0,0.0,0.0,0.07793587524256097,0.25058366231387014,0.0,0.05800046615269367,0.0,0.03984572322493051,0.0011715935813367275
spot_0564,0.369690237339074,0.08114181050105988,0.06790766096771224,0.25256110832534523,0.0615579097104539,0.0034331679485222082,0.0,0.0,0.0,0.11060079049128306,0.0388970256594758,0.010955223848294761,0.0032550652087788828,0.0,0.0,0.0
spot_0565,0.16241205316347967,0.16271387174004306,0.2733584965382082,0.0,0.11022811923551175,0.001982511879689635,0.0,0.0,0.08299874569077101,0.0864841669713679,0.034884173482314214,0.031586250894448324,0.05335161040416614,0.0,0.0,0.0
spot_0566,0.44622962342510925,0.0,0.01393756885529927,0.11900000174100216,0.0,0.007409893839046984,0.1250725160119404,0.05274289690472985,0.0,0.007647688841983702,0.0845576401794343,0.0878215772939884,0.007965051615153611,0.0195297554318146,0.028085785860497457,0.0
spot_0567,0.3727952905347955,0.06933706192993215,0.3398246723980623,0.0,0.053663143917809374,0.0,0.0,0.0,0.06511400608047996,0.0,0.01981926160582579,0.03741850275150291,0.005478124615574046,0.033150031390277404,0.0033999047757406835,0.0
spot_0568,0.10919153521733654,0.06369797194959234,0.10908397275112036,0.13558669029225506,0.09115898760955378,0.0,0.0,0.0,0.0,0.15390565631914924,0.19949757882302457,0.04312994873372543,0.07975833924449138,0.014989319059751151,0.0,0.0
spot_0569,0.04285602143343213,0.26449767143630876,0.2869745252102726,0.1341206445893541,0.0,0.01889646335088211,0.05975311684958254,0.0,0.0,0.014659035643014942,0.058851891786800385,0.0,0.10380423969955269,0.0,0.0,0.015586390000799909
spot_0570,0.18423826147347222,0.10674944811431049,0.0,0.1514617436721996,0.0,0.006526392134151888,0.0,0.02153985806216613,0.11729356080886333,0.01622989898441949,0.03380774605412507,0.029018173854547694,0.1929818712426067,0.00168498900289761,0.0011647246017786998,0.13730333199446085
spot_0571,0.5835746158082618,0.02880361156882727,0.0,0.0,0.0,0.0,0.13002085699166727,0.0,0.052722678173908515,0.03648580219184894,0.05817376943362436,0.0,0.06013180949084057,0.0,0.0,0.05008685634102133
spot_0572,0.40403144726328155,0.0,0.06531883871017637,0.049781709556880896,0.11726018918540647,0.012609306776279802,0.1301739850935323,0.0,0.0,0.0,0.02226867895889188,0.07255502633571438,0.0,0.0,0.12600081811983654,0.0
spot_0573,0.0,0.36443198120922604,0.24660235592870264,0.02170557114843212,0.0,0.0,0.29064365310107254,0.0,0.0,0.0,0.023846752494968777,0.0,0.052769686117597775,0.0,0.0,0.0
spot_0574,0.05853965906986267,0.27345434863868323,0.16941259786614404,0.14619937411446124,0.19739327803958026,0.0,0.009615150726402562,0.012557876131456267,0.00501550403705564,0.0,0.0,0.0,0.0,0.07689349706419578,0.05091871431215821,0.0
spot_0575,0.15315041182619735,0.013705384534555411,0.19140960517778663,0.43025995684362783,0.02915614713443756,0.0,0.0,0.02064402537688089,0.0,0.001663629147504368,0.10654026049871444,0.03346525428251488,0.0,0.0,0.0,0.02000532517778062
spot_0576,0.35682244979565303,0.008217946410152582,0.3701454466147713,0.0,0.05012796251099926,0.0,0.0,0.0,0.0,0.001091621067572538,0.03801043631033538,0.06998954881778457,0.10460582974991865,0.0,0.0009887587228125801,0.0
spot_0577,0.4589565282116734,0.10054509654413889,0.0012809964431184909,0.09327015147671293,0.21504172868716992,0.0,0.0,0.0,0.027049056007710456,0.0,0.0007764832473523729,0.0251339152018657,0.012524424643091118,0.0,0.0,0.06542161953716666
spot_0578,0.20242858235532682,0.12001992968778999,0.1010564268937249,0.2545023591465321,0.0,0.034239224900404895,0.0,0.04953855618618555,0.01120955060766045,0.01005348198025181,0.0278689393536495,0.0007096959832638548,0.15922799534372098,0.02914525756148906,0.0,0.0
spot_0579,0.0,0.13887404106661838,0.2596991515177757,0.0,0.2637579982146335,0.025046784011313248,0.0,0.02330063464760231,0.0,0.015317306947206245,0.0,0.13199197910709817,0.040380565370738794,0.0,0.09906634601959728,0.002565193097416498
spot_0580,0.053658667591008895,0.3456767590751909,0.27080818456038885,0.03220626269061428,0.0,0.007100967051407156,0.0,0.014499513762894845,0.043998338827075906,0.09238582667042591,0.06657399939707627,0.0730914803739171,0.0,0.0,0.0,0.0
spot_0581,0.28730489849157026,0.12946304203112455,0.19203994715674425,0.17595518680936073,0.1682034561119652,0.0,0.0,0.0,0.0,0.0,0.007391941888100236,0.0,0.039641527511134776,0.0,0.0,0.0
spot_0582,0.11583809383171396,0.1517279821272392,0.1555929219731287,0.2375464178068731,0.07373660837917406,0.001643037660287163,0.03903103475228249,0.04565693961788394,0.02920665066812945,0.0,0.0,0.015179068743963166,0.10342286151530468,0.0,0.0,0.03141838292401997
spot_0583,0.2281663854907955,0.18676989644095124,0.039913129013968235,0.15066372156046834,0.0714470339172385,0.020832014201264466,0.0,0.0,0.029073087968914883,0.04741920201188901,0.02586914924481981,0.05847550686470913,0.08355382284494545,0.057817050440035295,0.0,0.0
spot_0584,0.48988821434463914,0.05843956405925288,0.08908636199237942,0.0,0.0,0.008079785314032946,0.12554926387376086,0.0,0.006670864290052958,0.0,0.17548245184967418,0.0,0.0,0.007872034563002256,0.0,0.038931459713205455
spot_0585,0.17063170160753824,0.1988242106655807,0.09206724045840443,0.26568220032866685,0.07044202057936419,0.0,0.0,0.0,0.09596994557073761,0.013518068246868848,0.0815952275521835,0.011269384990655591,0.0,0.0,0.0,0.0
spot_0586,0.5410434236478516,0.25639630567542665,0.0704847959259429,0.0,0.0,0.0,0.02708531797859207,0.0105541129035158,0.0,0.0,0.0,0.0,0.04737437597414613,0.03747112352278833,0.0,0.009590544371736344
spot_0587,0.07630741869564468,0.0017797525501693499,0.10022025972188633,0.28343277970038727,0.1878874946975458,0.026949786602134887,0.06360019500024766,0.0,0.2064411877743415,0.012549674243114067,0.0,0.014440918766837882,0.0,0.0,0.026390532247690605,0.0
spot_0588,0.6754359747412787,0.06542949905509479,0.0,0.08617833788354941,0.0,0.0,0.08329134151001752,0.0,0.0,0.0,0.0,0.0,0.08966484681005965,0.0,0.0,0.0
spot_0589,0.0,0.13377760358282362,0.1759058667431603,0.09239919777055607,0.12047341288022845,0.025542984187380546,0.10045954223610523,0.0,0.0,0.29543955464489424,0.0,0.0015337446074123857,0.00981486390779337,0.004740167331861954,0.03991306210778392,0.0
spot_0590,0.08901161638555478,0.2029840125823021,0.32289174713018454,0.18944273609246237,0.01860517989363889,0.0,0.042366574129377915,0.0,0.0,0.07932137909870597,0.0,0.018592412930646438,0.0,0.0,0.03678434175712712,0.0
spot_0591,0.0,0.23483296113175,0.10966442693171798,0.21214780267772615,0.0,0.08021192095061937,0.04086650946526224,0.005991073988727457,0.0,0.013939412811153956,0.13076847335066918,0.05343994516263317,0.021637106302601943,0.0,0.09650036722713866,0.0
spot_0592,0.2055435892799376,0.05703106153394355,0.1586342910023192,0.1316875267010515,0.03196441755326465,0.01542068632383024,0.0,0.06341785468654139,0.061276068758676513,0.0,0.08048642871529338,0.007821871618555385,0.06397380118455577,0.051304346998712336,0.07143805564331857,0.0
spot_0593,0.406024796661489,0.09292984724587997,0.0,0.0,0.19647963947992786,0.0,0.0,0.0,0.08616162553465366,0.09347376278156155,0.0,0.010159634883757103,0.0815662400179434,0.0,0.0,0.03320445339478734
spot_0594,0.13095469976731866,0.18219284634538901,0.058426890059114514,0.06733840344404937,0.1711270554628003,0.10440666117235901,0.0,0.05686513255300457,0.0021906443282318742,0.0,0.045222453950597076,0.06478052024461924,0.06710425509510176,0.0,0.049390437577414646,0.0
spot_0595,0.30372375354985043,0.2446869360582665,0.047720582936161375,0.09474701343650395,0.04284917086932915,0.008424022489641615,0.0,0.0,0.1870118085615221,0.02570046719599104,0.0,0.0026568913106801775,0.04247935359205358,0.0,0.0,0.0
spot_0596,0.28487297541452405,0.0,0.31651709497103125,0.0,0.2144915600510798,0.0,0.0,0.0,0.0,0.0,0.0,0.032473636956539806,0.0,0.00630501918153691,0.14533971342528804,0.0
spot_0597,0.19426401285922404,0.33461704400249287,0.21605211227478627,0.03306767425103728,0.0,0.02172286413416904,0.0,0.0,0.11383231451460371,0.0007399589863379657,0.0,0.0,0.021231974145885183,0.05405581088081834,0.010416233950645469,0.0
spot_0598,0.09861978382526508,0.2970347070590647,0.4559122817835389,0.052784992989779185,0.07603679701841198,0.0,0.0,0.0,0.0,7.060913895257922e-05,0.00015876669271611116,0.0,0.0,0.0,0.019382061492271573,0.0
spot_0599,0.04845144439387784,0.37971212996667036,0.014525724520931269,0.11360305581269027,0.060303703296219494,0.033261951753265566,0.007665318813953402,0.15328591024118265,0.0,0.0009086047215681283,0.0,0.0,0.10498364570678889,0.033085400261565596,0.05021311051128638,0.0
spot_0600,0.13725420208139882,0.13104116815685737,0.21114783255831512,0.07456931347762451,0.08973733514321257,0.0012066561787457046,0.04724326783237947,0.06280731469817685,0.0,0.0,0.11185408094932885,0.018739795701332232,0.06736130707770498,0.015159174995482937,0.03187855114944038,0.0
spot_0601,0.0,0.16810677611389668,0.05763622783207464,0.4459080709714282,0.0005094558663111641,0.0,0.0,0.0,0.031462284631207225,0.05676660866207944,0.1169091508225626,0.08463287977726419,0.0,0.0,0.021810445982253655,0.01625809934092238
spot_0602,0.2658221106020947,0.09878300541375147,0.04664783509240609,0.29354339410972574,0.0,0.0,0.0,0.0,0.009706021829678993,0.1576277664253488,0.11452670651642134,0.0,0.0,0.0,0.013343160010572747,0.0
spot_0603,0.03918215141580456,0.015835584318014163,0.3228124107607618,0.18058553793171192,0.010827243646439262,0.0,0.0,0.026914629017718857,0.0,0.10479280587670223,0.15153214617556435,0.0,0.0,0.0,0.09545749526512329,0.052059995592159646
spot_0604,0.07811061668675849,0.12558943890735863,0.32965648173594886,0.06424648716776812,0.040265226717397226,0.001893405359940754,0.04842309978535191,0.1444422885742797,0.09047082899646568,0.0,0.03062632151380953,0.017029805976124367,0.0,0.029245998578796648,0.0,0.0
spot_0605,0.22252140540387702,0.0,0.31117568739156143,0.1493497159427452,0.06249574813585232,0.02466377443675361,0.07381485949424456,0.0,0.03915225987097069,0.04063704144339548,0.03146548730504559,0.035720706677305064,0.009003313898248835,0.0,0.0,0.0
spot_0606,0.3352701264498494,0.05241485600641921,0.06694403879528762,0.1559321206161592,0.0,0.0,0.0563215142976782,0.006667526875519347,0.03116405378117349,0.04384561092161829,0.0,0.1112678485557039,0.08506282281137445,0.0551094808892171,0.0,0.0
spot_0607,0.08822316421730565,0.055304365855438554,0.3197248083112414,0.09896948855775696,0.11758909395294372,0.0,0.09821125924790092,0.07500410698792492,0.0,0.0,0.0649915757099655,0.05338208400478435,0.0,0.028600053154737903,0.0,0.0
spot_0608,0.21387086379349518,0.03614582509435594,0.16578085768934492,0.0,0.09960039946549164,0.0,0.0,0.0,0.028790278082506525,0.11422142709930894,0.03910786947180754,0.14969880361619642,0.15278367568749282,0.0,0.0,0.0
spot_0609,0.0966487948956222,0.16008186211395237,0.14793919765026844,0.0,0.054799633890729185,0.0,0.0,0.0,0.0,0.0,0.11833814668636336,0.2218654740435165,0.18141232785407682,0.0,0.018914562865470975,0.0
spot_0610,0.31822584190085146,0.0,0.09857854665693959,0.2471905783777543,0.0,0.0,0.024956365452036326,0.0,0.014360247935004894,0.0,0.12008200261016388,0.0,0.03980742084732892,0.04950152521360664,0.0,0.087297471006314
spot_0611,0.21337880134965478,0.03896820780301365,0.1849102017317427,0.0,0.04764798270110429,0.10111663534449399,0.0,0.2397811286270031,0.11846546727042861,0.007840874098287385,0.0,0.0,0.013061488020500453,0.0,0.0,0.03482921305377118
spot_0612,0.20757634026412253,0.0,0.10468971718101079,0.10746391089185958,0.0,0.0,0.4981450842574652,0.0,0.0,0.04485969487928251,0.02727250230880343,0.0,0.0,0.0,0.009992750217456211,0.0
spot_0613,0.0443891687775991,0.06071087645659069,0.14336213751263083,0.2544293987136568,0.10873522874185662,0.002452597610571845,0.1376132389095721,0.17932799028664742,0.0,0.010657658355147391,0.0,0.0,0.004436276798033216,0.053885427837693914,0.0,0.0
spot_0614,0.2713695116691316,0.0110928152763571,0.31675384718714467,0.003851326699280681,0.1651144980596209,0.0,0.0,0.02261243363259549,0.07044632720878645,0.0,0.06462108653987697,0.06837559357297118,0.0,0.0,0.005762560154234987,0.0
spot_0615,0.027992147694492337,0.2299296231382037,0.0,0.0003428485106821748,0.06225617793420098,0.0,0.0,0.024485680979187446,0.4416185577117653,0.0,0.0,0.08789802804994391,0.0,0.0,0.0,0.12547693598152423
spot_0616,0.6548491990333023,0.0,0.0,0.0,0.05212279384702146,0.0,0.0,0.14282199164860146,0.03349580112444015,0.03297041774404902,0.0,0.0,0.0222741548188321,0.0,0.0,0.06146564178375337
spot_0617,0.26840866832846394,0.11976006527841411,0.177086307261284,0.0,0.03095811261092858,0.0,0.0,0.0,0.09804876971579585,0.04470654778331302,0.05475717608223206,0.15727573426075966,0.003512603211474081,0.0098147651758982,0.0,0.03567125029143644
spot_0618,0.3313922274477359,0.015141749334228398,0.16968312216221704,0.0,0.16155994976544974,0.0,0.0,0.0,0.08804306206819394,0.043430283427395584,0.12550422702828687,0.003982268451643489,0.00548362453297143,0.0,0.05577948578187753,0.0
spot_0619,0.4313088512787769,0.0,0.19804672130674705,0.1655313009582056,0.08137901449885593,0.0,0.0,0.0,0.0,0.00782888809949706,0.02610200996409975,0.06304625095644817,0.02597109732525289,0.0007858656121169362,0.0,0.0
spot_0620,0.24427936465321387,0.06597921040251967,0.43738628996584555,0.006553760049739666,0.0,0.0,0.08813624984053518,0.0,0.0,0.0,0.144310815805368,0.0,0.0,0.0,0.013354309282778058,0.0
spot_0621,0.0,0.23210989420114422,0.3896642649830607,0.0687997672720842,0.0,0.0,0.019070363842345745,0.0,0.0,0.0,0.04756635953026042,0.0,0.16794964579744787,0.017493898688133943,0.05734580568552287,0.0
spot_0622,0.33433675795958817,0.44252259261128873,0.0650143555165916,0.09278643473349445,0.0,0.0,0.04427427894835798,0.005149942806769741,0.0,0.0,0.0,0.0,0.0,0.0,0.008281383630063172,0.007634253793846206
spot_0623,0.23572014261856628,0.025307745336044428,0.22286625673658647,0.11712846106218013,0.23047440705644534,0.0035254601682685426,0.0678863081907036,0.05882928313033088,0.0,0.0,0.0,0.0,0.004656372930666713,0.01870744755324275,0.014898115216964776,0.0
spot_0624,0.19934377202064063,0.0483381517079358,0.09371708645529361,0.19697642609632943,0.05674156763493189,0.0,0.08417884932016682,0.06499198712661625,0.0,0.002057476921098432,0.04849329942803498,0.0804898367832262,0.034923645092957444,0.0,0.03168370121330295,0.05806420019946557
spot_0625,0.4101909133405748,0.08185270369923658,0.1590089609207119,0.0,0.1284163245261268,0.0,0.0,0.0,0.014000756229599644,0.13331121755869998,0.0,0.026600695200811975,0.0,0.0,0.046618428524238247,0.0
spot_0626,0.31737902739137586,0.1462766524749633,0.06499194734506847,0.0,0.04322591648684835,0.0,0.08098158185462653,0.0,0.0207158367332894,0.06298120372022323,0.1876237062437153,0.0,0.04267157809042616,0.0,0.0331525496594634,0.0
spot_0627,0.23941897423665193,0.10285089787216309,0.09467779670501887,0.1506113844759922,0.04180414281234742,0.0,0.009562697114801177,0.09109077289922168,0.0015029333089099659,0.045448890121431065,0.0,0.045102534271215654,0.04122441306662896,0.061955867308393316,0.05179283407648446,0.02295586173074024
spot_0628,0.29627217899897534,0.0,0.317790750025621,0.24878322796825028,0.0,0.0,0.0,0.004557663306679857,0.0,0.0,0.05378350356231748,0.04317958692947927,0.0,0.0,0.03563308920867677,0.0
spot_0629,0.3219530594649283,0.0,0.09318440744768142,0.3684760613572909,0.0,0.0,0.0008819355939931939,0.0158374204672452,0.0,0.0,0.04605631280418464,0.0,0.006813795789195293,0.00971726867601319,0.137079738399468,0.0
spot_0630,0.7079435100446594,0.0,0.0,0.0,0.0,0.0654474229563557,0.10088418347234375,0.11549420897390748,0.0,0.005079375274576716,0.0,0.0,0.0,0.0,0.005151299278156983,0.0
spot_0631,0.38200032053770117,0.0,0.004629856736772978,0.3420396564961492,0.0327002862266413,0.0,0.02892585128262971,0.0,0.0,0.0,0.09075720411563108,0.031497615265406786,0.0,0.014947758373836398,0.07250145096523164,0.0
spot_0632,0.19017039176321346,0.17517102879703658,0.26070576048092287,0.09808770402353009,0.010509716371574137,0.0,0.02888475401023752,0.0,0.0,0.1388797202980818,0.0,0.0,0.045229836451298765,0.0,0.05073988936596406,0.0016211984381406044
spot_0633,0.2723095897256238,0.22195084826566763,0.05456827548172835,0.014374393459417656,0.01803670747220848,0.0,0.0,0.04859501168798731,0.1598468625047439,0.03436827560222086,0.1098343430670067,0.017154207904431368,0.0,0.0,0.048961484828964,0.0
spot_0634,0.20769241019168438,0.11789285420123896,0.1586702497875013,0.1467719040199709,0.05078088683794191,0.03610144564205517,0.023243184154555157,0.08199558628136504,0.09410092982578909,0.026628079589356448,0.01490624166351399,0.0,0.0,0.0,0.0,0.04121622780502768
spot_0635,0.246144391072788,0.08788166731143847,0.23348404203191958,0.0,0.022313820295787382,0.0,0.0,0.0,0.07923217623882339,0.02837745460195677,0.07130938411557791,0.1421050412478435,0.026827993845695054,0.01641556830146783,0.0,0.04590846093670217
spot_0636,0.21531787973609767,0.06469284254374538,0.23354751244813596,0.1603340966619556,0.1669622669555633,0.000770333775877692,0.0,0.0,0.0,0.027981765644798134,0.06812862016827242,0.0,0.0,0.0,0.012086566494140428,0.05017811557141336
spot_0637,0.20639526977220626,0.21053543103387745,0.14705259502398849,0.0,0.03751604665570743,0.04348538019428781,0.0,0.1040596708778181,0.09787198379719135,0.04852293601386768,0.0,0.06763531185348218,0.009149551393666766,0.0,0.0,0.027775823383906578
spot_0638,0.3212897118469479,0.018468711838384246,0.17421293931046,0.031361491424123956,0.23059879816155,0.008800852195128014,0.04962205023254494,0.06735386880341405,0.0,0.0,0.0,0.0,0.0747730227390366,0.0,0.023518553448410154,0.0
spot_0639,0.3627265911096923,0.32183347173243526,0.05984289097376872,0.08845729935098251,0.1276404768251105,0.0,0.0,0.0071310115618957726,0.0,0.0,0.0,0.0002397399211905406,0.008441135846758074,0.005684782285462459,0.01800260039270389,0.0
spot_0640,0.3104081854814607,0.20446055319434364,0.08523731917655301,0.1674991066614899,0.026776522509358972,0.0,0.02178445589284533,0.0,0.0,0.10875554066937383,0.03594085569893739,0.009954563542293892,0.02055082717229281,0.0,0.008632070001050377,0.0
spot_0641,0.22662130650395074,0.17656012515897343,0.2775082501659213,0.1743537733551689,0.0,0.007986876850857753,0.0,0.008484801027057507,0.014912411339223039,0.10459917998787631,0.008973275610971042,0.0,0.0,0.0,0.0,0.0
spot_0642,0.23098749445653938,0.0742860257855969,0.2172300776196154,0.2368059164935685,0.07107372817894599,0.00877900935014106,0.029085977247215167,0.0692115172418066,0.0,0.0,0.021248571339681076,0.03566846987681287,0.0,0.005623212410077145,0.0,0.0
spot_0643,0.4041085079282301,0.11444947923182153,0.07246040575380881,0.0630636278756243,0.0,0.0,0.07291385914613271,0.01658794166701967,0.055156148585557,0.111361540804661,0.020363447422877278,0.0,0.04605220458335593,0.0,0.007812408730507244,0.015670428270404303
spot_0644,0.3106771869336976,0.08408150630973246,0.05783204988605666,0.0,0.18414832226166855,0.0887695996917994,0.07112189842348958,0.0,0.0,0.07200143956213863,0.04611764839056758,0.08525034854084954,0.0,0.0,0.0,0.0
spot_0645,0.2227148889189216,0.08210736282161829,0.49923368450839123,0.015341976310288235,0.04752928939873562,0.0,0.0,0.0,0.0,0.0,0.08158855354885886,0.026770826705641227,0.024713417787545044,0.0,0.0,0.0
spot_0646,0.051762733452324405,0.2498492744217709,0.28501186199054185,0.0,0.03172645394096945,0.0,0.07902606115674483,0.03649892516713096,0.18325438003509747,0.007109707357831018,0.058001380713284444,0.0019391827819980432,0.0,0.015820038982306613,0.0,0.0
spot_0647,0.16312948480978118,0.0042373794722561165,0.48871840483282875,0.05599002186730981,0.17908814741258183,0.0,0.001409361585253277,0.0,0.10719733979332474,0.00022986022666446682,0.0,0.0,0.0,0.0,0.0,0.0
spot_0648,0.20686516118593987,0.050444538432715694,0.4048584419600894,0.0,0.08116981939708073,0.0,0.026069664528402103,0.0,0.06277091865350896,0.0,0.008882703554875429,0.0,0.0014525925222738324,0.0,0.1556967814935049,0.0017893782716090982
spot_0649,0.34206679511331867,0.07432611449754797,0.2119562234172359,0.0,0.0,0.11406598973243041,0.21158575761634063,0.0,0.0,0.010123407972635523,0.0,0.0,0.0,0.0,0.035875711650491054,0.0
spot_0650,0.12084715649119676,0.5010849336516173,0.17988534500820677,0.0,0.0,0.0,0.04930961869521614,0.0,0.0,0.0,0.0,0.0,0.14887294615376304,0.0,0.0,0.0
spot_0651,0.5700582047255173,0.0,0.0,0.0,0.09699273381514419,0.0,0.0,0.0,0.0,0.12998736854863208,0.11672499813881045,0.06790537146537844,0.018331323306517634,0.0,0.0,0.0
spot_0652,0.18438934828292436,0.12960188366432038,0.2562238480627593,0.0,0.08159129428579341,0.03355872669089766,0.03251680239842414,0.0,0.0,0.04800831474324524,0.009265871198541081,0.12057403122314131,0.07623160501958519,0.011865310661437064,0.016172963768930983,0.0
spot_0653,0.3405599483267431,0.2157367363729863,0.03658398762579995,0.07519061958225892,0.09237635652328238,0.0,0.0,0.031648755124770556,0.008128491947854338,0.1290903538728512,0.0,0.0495477780362378,0.0,0.0,0.0,0.021136972587215568
spot_0654,0.4781725056903777,0.3815794126820383,0.10926361099993318,0.0,0.0,0.015310954879077326,0.0,0.0,0.0,0.00812000574294302,0.007553510005630345,0.0,0.0,0.0,0.0,0.0
spot_0655,0.13837326183246648,0.24565532763097775,0.37207961452919547,0.001396099486716005,0.05271415522424722,0.0,0.026917587778825816,0.06974774657469436,0.0,0.0,0.0,0.02637349703280321,0.0,0.028675264163230484,0.03806744574684325,0.0
spot_0656,0.5596024784647786,0.24020183160614825,0.0,0.14045806311043357,0.00042340179810445916,0.002772696753039531,0.0,0.0,0.0,0.010471366036905027,0.0,0.0,0.0,0.046070162230590433,0.0,0.0
spot_0657,0.204607940343603,0.022576127310908373,0.3203393567141443,0.15718519649078883,0.10819967311102816,0.0,0.01834038292641739,0.0,0.04039934422440088,0.003757287384158904,0.0,0.027826679942599016,0.0,0.0,0.06591278658486481,0.030855224967086235
spot_0658,0.6690133210067605,0.09629403160498115,0.03928537282934315,0.10040485708367997,0.03441678707083799,0.0,0.0,0.0,0.00027688054002488247,0.0,0.0,0.0,0.04151611909403635,0.018792630770335942,0.0,0.0
spot_0659,0.2434364625984906,0.2229302452948682,0.1306439158408666,0.014816553858206242,0.14030191623464894,0.0,0.0,0.07139282110344863,0.0,0.0,0.0,0.014515900450625879,0.033738842749252686,0.04066927301226936,0.08755406885732295,0.0
spot_0660,0.1049008064315706,0.37265989403842914,0.21087890646021457,0.006124119678342255,0.0,0.0,0.06852562672056173,0.1028990924406346,0.013266714995395265,0.06695970936313148,0.0026472627534524706,0.0,0.01294937807255468,0.00656460782125852,0.01897340447090158,0.012650476753553089
spot_0661,0.11829627568769562,0.35718539288165585,0.006103733476837122,0.13692841051207305,0.11717519760746536,0.020860395940525495,0.0,0.09888846820521588,0.03159693916900201,0.08077321578220437,0.0,0.0,0.028213417554454067,0.003978553182871423,0.0,0.0
spot_0662,0.048788646541084654,0.05049008544948725,0.128368170793995,0.08301522266035681,0.22502281390240136,0.0,0.0,0.0,0.14232293696856424,0.10020037459342664,0.03848903023909498,0.12889483000706342,0.009856313175383146,0.0,0.02953349982183097,0.015018075847311373
spot_0663,0.16021171771191933,0.2329236133368343,0.1088861821574724,0.25425667798441565,0.2240722264691406,0.0,0.0,0.0,0.0,0.0,0.0,0.019649582340217908,0.0,0.0,0.0,0.0
spot_0664,0.10482484176141026,0.07069839112146471,0.45643530410538546,0.0608586411383117,0.013889560439108698,0.0,0.055620333021255776,0.039986559843082706,0.017243385393458474,0.0014472174449821087,0.0,0.03929278155272817,0.0420203137728754,0.0,0.04576178446929913,0.05192088593663732
spot_0665,0.2806280219716104,0.22043779308577321,0.10067196469717675,0.04128543116338178,0.17980060514380253,0.0,0.0,0.0,0.018090950597179058,0.018354882786659643,0.0,0.0959268285127285,0.0,0.0,0.0,0.04480352204168834
spot_0666,0.16982075847072117,0.15113053797987563,0.34925681529976327,0.082072117033902,0.09606100044964135,0.0,0.0,0.0,0.008655344202406929,0.04323622515581705,0.05970308418639035,0.040064117221482204,0.0,0.0,0.0,0.0
spot_0667,0.019156985525381674,0.35711258589495587,0.3691738839512001,0.14147515392152712,0.10913654869178181,0.0,0.0,0.0,0.0,0.0,0.003944842015153453,0.0,0.0,0.0,0.0,0.0
spot_0668,0.4145614557944576,0.1366777202490001,0.28168113948554163,0.0191125538475294,0.0,0.03969718556035667,0.03098898697762403,0.0,0.038181554292644075,0.03244314141417981,0.0,0.0,0.0,0.0,0.006656262378666606,0.0
spot_0669,0.21565994317903966,0.1094301269604017,0.24569538751573755,0.0,0.14589194740573336,0.04471329724605759,0.02660428653015528,0.07143165627896783,0.07227899976312803,0.006061090708429394,0.0,0.0026890971945406758,0.03566342844386691,0.0071486763735121904,0.0,0.016732062400429695
spot_0670,0.07829377782263519,0.09892306123948431,0.014198641964889762,0.0,0.0,0.008225831201319166,0.2718372476438603,0.0,0.31389282833231613,0.07147326372196577,0.017328157030771136,0.0,0.06672592376592251,0.002023906329189215,0.05707736094764652,0.0
spot_0671,0.5544217415780563,0.13579376320034314,0.0,0.0,0.12998719547422594,0.0,0.0,0.0,0.08339024138065641,0.01835904295429926,0.0,0.0271653389841277,0.05088267642829103,0.0,0.0,0.0
spot_0672,0.325663657081568,0.01528733521620316,0.12550964195869696,0.19932088549878368,0.06847617608615254,0.002609986570290954,0.0,0.0,0.0070751849400483725,0.0,0.19422500923431507,0.0,0.02297065300884194,0.017459741443065672,0.02140172896203358,0.0
spot_0673,0.22026815104054795,0.0,0.0,0.21886289860981697,0.22042056128260512,0.0,0.0,0.24765016466791434,0.0,0.0,0.02856240931774741,0.05686948523128242,0.0,0.007366329850085756,0.0,0.0
spot_0674,0.2881703333317867,0.08991946114112115,0.1655027481260955,0.08420498946211384,0.0504577478290311,0.0,0.0,0.11988704036714416,0.044756896746397545,0.03764154193954705,0.0682394419446323,0.0,0.0003966390590463768,0.0,0.03351728919377555,0.017305870859308393
spot_0675,0.09293574639871353,0.09628283188621704,0.124090687905346,0.2524089098184851,0.005441430479877687,0.023798601701535308,0.03719045577790405,0.10984041365352296,0.017391482333604474,0.0,0.08112860146418895,0.02232743446296229,0.06900820379148857,0.06815520032615395,0.0,0.0
spot_0676,0.5225677576597546,0.2063263569712052,0.059371495962608996,0.0,0.016216774708370966,0.020607502267170518,0.0,0.0,0.10016076025421279,0.0,0.0,0.0507846364015468,0.0,0.0,0.0,0.023964715775130086
spot_0677,0.281877206117124,0.34882434891447406,0.1267624654702082,0.0,0.0215593967365141,0.0,0.0,0.0,0.014172542677297851,0.05935313970047586,0.10786317217372624,0.005096220683467942,0.03449150752671172,0.0,0.0,0.0
spot_0678,0.16057676271461122,0.08595711274422899,0.2802052740893457,0.19991278400740567,0.11101850707817741,0.0,0.002691961447072088,0.0,0.0680480080312427,0.02967511449768338,0.009656801386888127,0.052257674003344856,0.0,0.0,0.0,0.0
spot_0679,0.7230399793896284,0.0798434936388217,0.0,0.0,0.03966530392177699,0.004423855865363863,0.03435651684988997,0.0,0.07640945509329215,0.0,0.0,0.011675926899509866,0.024393374706468865,0.0,0.0,0.006192093635248446
spot_0680,0.330769895508391,0.15681477999315172,0.14152068596363243,0.14499104377831146,0.11001537964014677,0.0,0.0,0.0,0.011487368713182523,0.0,0.08097637437498995,0.017019282425937383,0.0,0.0,0.0064051896022568056,0.0
spot_0681,0.11893721006998328,0.16415510587910698,0.12895519376836406,0.1008663265388442,0.0824455135291373,0.0,0.0,0.058276907537331675,0.005938676325287338,0.04288511759084047,0.11748347795492044,0.0055924778438086135,0.1469195731497361,0.0,0.0,0.027544419812639578
spot_0682,0.4040373780502004,0.18155007429478173,0.1581891487751382,0.0,0.04393726508641767,0.037937305631240474,0.0,0.1426936410644736,0.0,0.0,0.0,0.0,0.0,0.03165518709774793,0.0,0.0
spot_0683,0.5586700336250305,0.0009806526130304296,0.028859950170401404,0.036524544527278324,0.0577004236750817,0.0,0.04478277456419052,0.05444665562592833,0.03451005346898875,0.07838897869939163,0.0,0.0,0.050642232559393305,0.004797370855671808,0.0,0.04969632961561326
spot_0684,0.37330829865338777,0.11782175722794729,0.19883442653744526,0.05891643926592419,0.08250585508982239,0.0,0.02530836378251303,0.03737287551696745,0.06934936733663066,0.0007021228027203726,0.0,0.0,0.0,0.034669163461131046,0.0012113303255106105,0.0
spot_0685,0.005515023936307927,0.34738702025617074,0.08845615613469389,0.23212403466876194,0.10185635310523855,0.0,0.0,0.0,0.0,0.0,0.14094099525511739,0.0,0.0008523629863688012,0.0,0.06182317146691484,0.021044882190425905
spot_0686,0.19700519729015864,0.3421697748467144,0.22355305208293197,0.0,0.0,0.0,0.09686428145817202,0.02937561481021054,0.006494444938294979,0.013417255435262045,0.04322398598031673,0.0,0.0,0.0,0.047896393157938665,0.0
spot_0687,0.39629108180585243,0.04421398959997099,0.19680576023620316,0.0,0.23997334653980665,0.0,0.0,0.012522761293238547,0.0,0.0,0.0,0.11019306052492824,0.0,0.0,0.0,0.0
spot_0688,0.03965257739889092,0.2715680420873924,0.3604035085510944,0.015045367838312172,0.1407288957224085,0.0,0.0,0.0382941941286402,0.011381566089603314,0.0,0.06729772924891744,0.012730781751478001,0.0,0.0,0.0,0.04289733718326293
spot_0689,0.19622417173251705,0.13176978906482834,0.004743195581036045,0.0,0.27618235992649176,0.008825779623928208,0.0,0.0915424445116123,0.11913511916259988,0.02194584039663778,0.06710919455197403,0.011071447202276243,0.06786378485110928,0.0,0.0,0.0035868733949891056
spot_0690,0.31446692404223264,0.19992705455746587,0.09524760330699589,0.1396039061581938,0.0,0.0,0.01893111831238944,0.04693730522747377,0.0757983139312144,0.026947245905136308,0.0,0.020603596175898065,0.0,0.004850414057232307,0.029647661210609196,0.027038857115158268
spot_0691,0.2537873055250236,0.09047959442271084,0.23478467935558497,0.16944210028376133,0.023880970784270993,0.011630091565175431,0.0,0.02281880369245044,0.033576869719193415,0.0,0.0925153937842168,0.032914986535574974,0.0,0.0008309225751764703,0.022545369033429852,0.01079291272343092
spot_0692,0.16497822815038443,0.22650328623524105,0.2104140056153961,0.2100345280442348,0.06820533535662635,0.0,0.0,0.0,0.01659134327907551,0.0,0.00594691578863935,0.014513089505675484,0.0,0.0,0.0,0.08281326802472698
spot_0693,0.29710723586108373,0.0,0.0,0.0,0.11838545376338977,0.000443994235030546,0.014430139886885072,0.044420935740721805,0.0015659174064101102,0.1407461809659601,0.25633438503791744,0.0,0.010891901323620685,0.007703727866741041,0.0939066371509103,0.014063490761329421
spot_0694,0.011495492896112274,0.06825237432302553,0.0,0.35225587296034133,0.1360537989408581,0.0038737589639654246,0.07820048460774234,0.029141173457962074,0.1256229854675101,0.0,0.0,0.0324872376642364,0.0,0.0,0.12177972845070552,0.04083709226754091
spot_0695,0.03376577312944976,0.3069861335701964,0.25497429314238973,0.16591801730981506,0.054721293092172635,0.0,0.02231265612214434,0.05118374455454781,0.0004988792841084098,0.04210640109147973,0.0,0.006409709746059291,0.0,0.012024188420914182,0.01467334589206201,0.0344255646446604
spot_0696,0.3482467713559206,0.0,0.05954715371827346,0.16039981469551445,0.11133080418493745,0.07394235224552141,0.03381829836103776,0.018728866548250754,0.02589278540280955,0.013938635123745918,0.0,0.03845104443658959,0.0,0.04717794918618831,0.03246288015803635,0.03606264458317444
spot_0697,0.47811349918299156,0.33301169457129354,0.0,0.0,0.0,0.0,0.18887480624571487,0.0,0.0,0.0,0.0,0.0,0.0,0.0,0.0,0.0
spot_0698,0.6026235020586026,0.23324713954583245,0.12365504727939024,0.0,0.0,0.0,0.04047431111617483,0.0,0.0,0.0,0.0,0.0,0.0,0.0,0.0,0.0
spot_0699,0.25642623483606314,0.23783267671493158,0.2693885372605272,0.0,0.0,0.017616636052048048,0.0,0.0,0.018582572654264305,0.13054160315561988,0.0,0.0,0.060889617146158974,0.0,0.0,0.008722122180387069
spot_0700,0.1957515450616295,0.19558689924851444,0.37217295351925817,0.0,0.02976397121404964,0.0,0.0,0.0,0.008640391083789261,0.06596693571739716,0.016427437400621473,0.0,0.11189868300855058,0.0,0.0,0.0037911837461898465
spot_0701,0.2836581389827666,0.0,0.18792810975287522,0.0,0.17545894730155995,0.039141938335267204,0.0,0.06713431194384216,0.12050302961872193,0.012615635621941686,0.04964783766289764,0.007755552365926025,0.0,0.0,0.0,0.05615649841420169
spot_0702,0.28440282136904205,0.2679036632941515,0.19079945953564303,0.11390335886537144,0.053633181705313705,0.029500911661074547,0.010721213141183206,0.0,0.0,0.020665166177209718,0.01908937052445353,0.0093808537265572,0.0,0.0,0.0,0.0
spot_0703,0.15145572330905993,0.0,0.07697345406541903,0.06261504014542094,0.08969169658542572,0.0,0.12285911943555071,0.1483921581420995,0.06460629032041376,0.013392010387658419,0.04858042529937301,0.02152441079709611,0.14906538814764114,0.013251982156804027,0.0,0.03759230120803768
spot_0704,0.19134174263820505,0.15934520192952004,0.0,0.3800684680831447,0.07366268064709082,0.0,0.0,0.0,0.0,0.0,0.07764107128527618,0.11794083541676316,0.0,0.0,0.0,0.0
spot_0705,0.05579510543433284,0.16393383979704082,0.15106435896239023,0.25021813309950086,0.02506499636195299,0.039502933285925225,0.03730216878040881,0.029865757523827724,0.0,0.02671500396956559,0.07960094490835244,0.06418114321013726,0.04737449126568208,0.0,0.029381123400883127,0.0
spot_0706,0.21624622977747704,0.233843938969606,0.05481665762217799,0.057865830932383476,0.0,0.018651961753180926,0.0,0.09304765199616247,0.0,0.0,0.029779556321457713,0.0,0.15941117293673016,0.048523005812466824,0.0878139938783573,0.0
spot_0707,0.2404145871726697,0.20373806583468546,0.26427395626891975,0.08064893819116167,0.0,0.042468648612646785,0.0,0.009166212042805186,0.0,0.0,0.05970838467456192,0.030766666208830173,0.0,0.011778104003421079,0.057036436990298194,0.0
spot_0708,0.2728874691825498,0.10072768255388434,0.3447163313908635,0.2062237834286959,0.027025540067432702,0.024126934328399137,0.0031614108260370104,0.0,0.012335507747156351,0.0,0.0,0.0,0.0,0.0,0.008795340474981164,0.0
spot_0709,0.34494831891937083,0.01639020689800633,0.2581650644395804,0.06002083913701028,0.0,0.0,0.0,0.0,0.04903950195912042,0.24867952839822285,0.011219079862361593,0.0,0.0,0.0,0.0,0.011537460386327249
spot_0710,0.09289378264602624,0.36831742194683786,0.039737927073767096,0.04633351643098357,0.0,0.03377683189449427,0.15939771171191003,0.1229753503890596,0.0,0.014510627303431759,0.0,0.0,0.06717290233997672,0.0,0.05488392826351287,0.0
spot_0711,0.09127507157326908,0.07971291291631963,0.31740480500627066,0.05219266798622797,0.08185024556285048,0.049072506357599764,0.02869040741359781,0.024142596045780243,0.0,0.06107090794195443,0.07543890179837799,0.08247015997543365,0.02470012283705694,0.0295379798800679,0.0,0.002440714705193561
spot_0712,0.31080968647069185,0.1780499399586183,0.0,0.10646345785956925,0.0,0.07657997014819262,0.082395139487744,0.0,0.02905965815703721,0.024984610251807652,0.0644700704542279,0.08192853055483049,0.0,0.0,0.02929462053215084,0.015964316125129645
spot_0713,0.16055645875647118,0.27004935266151164,0.041466437024896406,0.0,0.17377986966551304,0.0,0.0,0.009720452859517914,0.09354609191038568,0.04086294783058493,0.0,0.13328638077517635,0.0,0.0,0.0,0.07673200851594275
spot_0714,0.3427681191068404,0.04623465611532602,0.037081714024961944,0.13009093543815944,0.0366152091885954,0.0,0.0,0.0,0.06305677721232426,0.06908292009809851,0.07334084160104523,0.027402349383763302,0.15953645786048193,0.0,0.0011222323376836494,0.01366778763271991
spot_0715,0.1482029015772591,0.1958838371341947,0.21705248300477162,0.09222517339126979,0.0,0.03871043165549597,0.0,0.040330632659881224,0.02095365808906028,0.0,0.0,0.20848023500779406,0.018529237460494917,0.0,0.019631410019778296,0.0
spot_0716,0.4058827741649351,0.18858044935244883,0.07540934491858922,0.12777632085096352,0.14685012104572867,0.0,0.0,0.0,0.016686814815541004,0.0,0.020497625349891597,0.018316549501902167,0.0,0.0,0.0,0.0
spot_0717,0.29320393210229967,0.039311558658800094,0.45980436937606145,0.0,0.08314683099557593,0.0,0.0,0.0,0.0,0.0,0.027434817191665923,0.08959910756174373,0.0,0.0,0.007499384113853137,0.0
spot_0718,0.2437458159521582,0.06717765970353866,0.19177361197172751,0.1531528489040094,0.04339439986949814,0.07726168454990469,0.0,0.1053141710635592,0.0,0.02388437614986436,0.0,0.009380238174307045,0.05073119055550999,0.0,0.0034527046239711387,0.030731298481951552
spot_0719,0.4013092787363453,0.14838401376339105,0.09864602955321104,0.03491187082311292,0.10743723320272844,0.0022568231821046576,0.017610754330117905,0.0,0.0,0.11279840666497547,0.0025483961543208053,0.03382124131931235,0.040275952270380055,0.0,0.0,0.0
spot_0720,0.004606075981744291,0.2816530353098056,0.0,0.07859333726044758,0.1597217014265597,0.0,0.07830274686243537,0.07327371206136034,0.011830793386455589,0.10689068109486013,0.026887710156598195,0.0,0.10916370395766802,0.034412155403055804,0.034664347099009535,0.0
spot_0721,0.15048873828056064,0.07069097417330679,0.15462247876252488,0.3452624366459539,0.1665886180298501,0.01367599172657293,0.0,0.0,0.0,0.0,0.012857381249657601,0.07585913420056911,0.009954246931004142,0.0,0.0,0.0
spot_0722,0.15273964902526627,0.3157058987833436,0.17134648233669028,0.0,0.06275502150514159,0.0,0.0,0.0,0.04826470297196275,0.09211487263528133,0.025711191787951723,0.13136218095436256,0.0,0.0,0.0,0.0
spot_0723,0.35243964068168343,0.0,0.03429979454254724,0.0,0.0,0.07998515777127523,0.1139353483591655,0.0,0.0,0.0,0.12351134136402958,0.06746138146360395,0.0,0.025969103180763096,0.20239823263693202,0.0
spot_0724,0.07693443099070305,0.21000410320812998,0.14291619318150983,0.19548774938415947,0.126958836617734,0.009170380126335469,0.00543113531667624,0.0,0.06061248623234907,0.0,0.0,0.0393382105081107,0.06545240068117202,0.001930075147243012,0.0219176618507889,0.043846336755088325
spot_0725,0.580686142803522,0.16016643241907477,0.06265235688053747,0.0,0.0,0.0,0.15093671142055567,0.026173445039548042,0.0,0.0,0.0,0.0,0.011609845806322065,0.00777506563043994,0.0,0.0
spot_0726,0.22000739260595711,0.3827094646686314,0.0,0.11227047360759874,0.013690336064988231,0.0,0.007033125783720946,0.05916143444441725,0.0,0.0,0.023681482844050115,0.06636551221637645,0.04325944809013688,0.06073776745624105,0.010996477883880114,8.708433400196084e-05
spot_0727,0.17985781290980785,0.04224960859634986,0.20654229089348214,0.05434742265625013,0.12080288957320441,0.024098390332024655,0.0,0.08292005222487833,0.0,0.03279960595044687,0.11142119185152388,0.029501399078672885,0.0991977245767614,0.009122337335081802,0.00713927402151583,0.0
spot_0728,0.13197762022068832,0.12213149412442556,0.21756814775455893,0.30205051514644,0.0,0.0,0.10170266947670488,0.0,0.059344794916318014,0.02795354496880189,0.004098946968967269,0.0,0.0,0.0,0.033172266423095086,0.0
spot_0729,0.1646390917836104,0.2015831842613811,0.18515040244936076,0.16061857431680254,0.01986902509966519,0.0,0.028358943698058085,0.03208356362901953,0.0574033919333073,0.0,0.030960074250223263,0.04507754792476574,0.02045222383000254,0.020227506557436527,0.03357647026636704,0.0
spot_0730,0.4888415692951418,0.25524050967727774,0.1127279841346617,0.0,0.0,0.0,0.13606627658125356,0.0,0.0071236603116652175,0.0,0.0,0.0,0.0,0.0,0.0,0.0
spot_0731,0.3431430122745248,0.1237253396826855,0.11310957044936439,0.03430319079040647,0.1440066854976772,0.014486659265969119,0.09660668573031383,0.0,0.0,0.0034458502829504685,0.0,0.0,0.04611280462377038,0.045442099130974356,0.03561810227136339,0.0
spot_0732,0.0,0.2336934424283302,0.00319565385685914,0.2306736164677,0.015677925216010143,0.03246517883380724,0.06267793880544342,0.06245830501489078,0.07869018262406377,0.0,0.0,0.006771534209089784,0.09908666102407994,0.0,0.0,0.1746095615197256
spot_0733,0.35865155016243816,0.1988184410963554,0.08513206318955112,0.05961276193061567,0.03118845356850467,0.0,0.0,0.0,0.1572867579751834,0.06649551318322493,0.0,0.04252436872811167,0.0,0.0,0.0,0.0002900901660150414
spot_0734,0.3736689799344605,0.0751728160598786,0.16948343056447282,0.14178812646629882,0.0620012786767331,0.0,0.0,0.0,0.0,0.0,0.09586174708347979,0.0676400609355821,0.014383560279094407,0.0,0.0,0.0
spot_0735,0.032901995975999215,0.23278916198870955,0.07359833434234614,0.16804820429382775,0.12173509132672107,0.016478442533195078,0.019329475533854504,0.09005304519450308,0.0,0.09186679911282014,0.07852915659352866,0.0,0.03139026197341664,0.0,0.043280031131078145,0.0
spot_0736,0.5899574656994249,0.1261783514596944,0.0,0.19987030255099467,0.0,0.0,0.0408462212784672,0.0,0.012203292119851257,0.0,0.0,0.0,0.030944366891567612,0.0,0.0,0.0
spot_0737,0.24509176778726638,0.34797266832548973,0.004475601215608337,0.06147263993843252,0.0,0.0,0.16906276510217647,0.0,0.10285042507354861,0.0690741325574779,0.0,0.0,0.0,0.0,0.0,0.0
spot_0738,0.530744680851356,0.0,0.0,0.23744462682508452,0.009333985033280066,0.0,0.00030960277254379784,0.000759585065499065,0.0,0.0,0.012402369153201845,0.15007784495348014,0.0,0.0,0.05562051935494423,0.0033067859906104895
spot_0739,0.28699642381566737,0.058592184180988494,0.12874923145459255,0.12361931697611318,0.0,0.0,0.17370392061602327,0.05860637593981439,0.0,0.015849342906865686,0.04429332067920504,0.0,0.036161249471954426,0.0,0.07342863395877557,0.0
spot_0740,0.06555736177098868,0.0817217144844637,0.10642579276266056,0.3087738689842071,0.017368143873511918,0.0,0.062377008112771,0.011398964944141249,0.0,0.0645335288647674,0.04829264228383133,0.0,0.0,0.0811375940659013,0.12705586935547297,0.025357510497282746
spot_0741,0.2490835699622611,0.33250072424035815,0.0790296319976037,0.1291398887603903,0.015690981630745907,0.0,0.0,0.0,0.0005100091449139819,0.0,0.18487268318365913,0.009172511080067572,0.0,0.0,0.0,0.0
spot_0742,0.07916391652785779,0.2149479933771236,0.09031553997898935,0.05263345398438946,0.10327421441020725,0.10230846967554484,0.05632691302327129,0.0,0.0,0.053578288087290066,0.0851134063186996,0.0,0.07042892926193808,0.06293483507775897,0.02897404027692975,0.0
spot_0743,0.0,0.23502366168339328,0.21647832840860745,0.10078333225126988,0.42894350176016505,0.0,0.018771175896564414,0.0,0.0,0.0,0.0,0.0,0.0,0.0,0.0,0.0
spot_0744,0.09620699704606095,0.03039568772171721,0.2381016142038152,0.3961501626317966,0.21263461678397455,0.0,0.0,0.0,0.0,0.0,0.02220266384210825,0.0,0.0,0.001957026163697918,0.0,0.002351231606829335
spot_0745,0.26685722678938634,0.2652384398713701,0.03825599740919387,0.0,0.21853079221358993,0.011301468467105903,0.0,0.0,0.08623668208069643,0.023791355302872033,0.0,0.02657047722490123,0.03695393834819677,0.009521669789645953,0.0,0.016741952503041325
spot_0746,0.1307065731772943,0.2704072276765179,0.409783948082676,0.0,0.0,0.0,0.17921032605445256,0.0,0.0,0.0,0.0,0.0,0.009891925009059393,0.0,0.0,0.0
spot_0747,0.08305460632573046,0.161715100000198,0.35511911880388863,0.07050271608014776,0.13517070286937935,0.0,0.01887070395781325,0.02498880161335758,0.0,0.0,0.06587359765720141,0.0402676840103844,0.0,0.0,0.04443696868189904,0.0
spot_0748,0.3932239403867819,0.0,0.05191902456556206,0.0,0.20842717831822832,0.03472228148697523,0.0,0.1998382554836784,0.0,0.0,0.0,0.007371857301667736,0.0,0.09028299609171508,0.014214466365391304,0.0
spot_0749,0.22091377764240133,0.3020589468688977,0.0828378335513597,0.02343607568558386,0.08933813884772748,0.020012726541933434,0.0,0.031446780973157416,0.03477231186600795,0.03596186256415502,0.0,0.0426299150337304,0.030452335461822085,0.05812304272699192,0.028016252236231727,0.0
spot_0750,0.21065165725795265,0.2769538481293566,0.3264129324619866,0.15748401856754388,0.019040088145202628,0.0,0.0,0.0,0.0,0.0001010573575945496,0.0,0.0,0.0,0.0,0.009356398080363197,0.0
spot_0751,0.2320827218928592,0.379066471226466,0.2258391830723175,0.10592447797278019,0.0,0.0,0.0,0.0,0.0,0.057087145835577,0.0,0.0,0.0,0.0,0.0,0.0
spot_0752,0.22638089883874637,0.04323076568913465,0.08472577092081783,0.11345913477345977,0.07183276087464044,0.0650566833597543,0.10437175153311072,0.0005279035666843906,0.08715596971215385,0.06996289113003318,0.012694891706257495,0.0,0.05170153763949549,0.02060274842116548,0.01901143073831004,0.02928486109623609
spot_0753,0.108088948177329,0.0,0.27773915356585976,0.0,0.2033473194682084,0.066743317236978,0.04209920737517793,0.005771183499249572,0.05238674195277271,0.07405897627894639,0.0,0.12086969089627217,0.0,0.0,0.04889546154920608,0.0
spot_0754,0.12393602826206845,0.20448828427224897,0.1513535602680357,0.09881980784593519,0.1770938734912599,0.0,0.018921672675044094,0.055088546265154525,0.03616474321534627,0.0,0.0,0.0049561515914758394,0.09789949396021558,0.0,0.0013223227289085242,0.029955515424306987
spot_0755,0.19597616674926097,0.05942511504918233,0.4782452712701811,0.0,0.0,0.0,0.11339583468736905,0.0,0.011666684469072885,0.08503132623017054,0.007855134876039787,0.0,0.015404741979789145,0.0031297122709423647,0.029870012417991976,0.0
spot_0756,0.12241578254624895,0.0,0.1592510233071399,0.2462556161912791,0.10818165636066605,0.0070959658930011705,0.0,0.0,0.048467540353879665,0.05001418426737516,0.07361133683985327,0.0,0.0983938325313215,0.016616157549572713,0.014427064770033157,0.05526983938962927
spot_0757,0.10126585842492208,0.1427931176887421,0.0033476786782967796,0.08289006075064348,0.1343058089929271,0.0,0.015075372769233574,0.1519132837656945,0.039481752389633626,0.022171368034968462,0.09282201297059912,0.0,0.11786892262575285,0.0,0.06603291141258281,0.03003185149600353
spot_0758,0.35360359545635883,0.30098404672088513,0.13273334977316717,0.0,0.0907513982373471,0.0,0.0,0.0,0.0,0.0,0.0,0.03667391781397873,0.0,0.041272819209772195,0.04398087278849094,0.0
spot_0759,0.16194979152119415,0.19313696506672223,0.0796027738206802,0.23648679410669787,0.001232027109983183,0.032811405475045616,0.0434570780455315,0.07563497865334495,0.10762955034487467,0.0,0.00831344184404638,0.010639305307282878,0.00926770230555138,0.0,0.0022658249386168553,0.03757236146042814
spot_0760,0.6315398831734577,0.3245237064887563,0.0,0.0,0.04393641033778606,0.0,0.0,0.0,0.0,0.0,0.0,0.0,0.0,0.0,0.0,0.0
spot_0761,0.3624145714474062,0.2045659729044389,0.13878417713222782,0.05156396694267989,0.07492985585716336,0.0,0.0,0.004605232244903506,0.06783470229099742,0.0006190123236901545,0.0444680645990504,0.0,0.0,0.0,0.0010758522163235751,0.04913859204111863
spot_0762,0.2513041602660919,0.0,0.09905380729530468,0.1790588475453319,0.08182760165945652,0.0,0.004475902484630345,0.04008936143701922,0.024298893409570196,0.0638952977620625,0.1613533021051034,0.032689149779271585,0.0,0.027599021279646925,0.03389522830301492,0.00045942667349598644
spot_0763,0.15558592092204407,0.2666435182462042,0.0,0.03207055472472772,0.0,0.0,0.13685304886272368,0.014567216979930747,0.0,0.0,0.0,0.0,0.3458903717825293,0.04838936848184049,0.0,0.0
spot_0764,0.4138946816791743,0.07825061910157326,0.10893011385289353,0.0896482860546302,0.08046972810942007,0.0,0.0,0.0,0.017506617669014592,0.035421433223460606,0.09156027856176574,0.019605310516635156,0.06055423862027856,0.0,0.0041586926111541874,0.0
spot_0765,0.3519517583334176,0.0,0.08138488424387041,0.010445966858788593,0.11791277826129873,0.0,0.13454686082963635,0.007238909656758515,0.14540398918576777,0.0,0.0,0.04105166778273906,0.0,0.040685419986047994,0.03823286859080234,0.031144896270872705
spot_0766,0.13290960643286026,0.041838332669600055,0.23470788095198694,0.0,0.03261081966557229,0.11315515568263199,0.07117151480079108,0.19161522583689902,0.07419217097722877,0.01347817058927749,0.017522622685438898,0.0,0.0,0.0,0.07679849970771298,0.0
spot_0767,0.21993212638925547,0.2633858316429694,0.14467169761732065,0.0,0.2641571627234881,0.0,0.0,0.0,0.0,0.06660149436693295,0.0,0.03542502724863264,0.005826660011400824,0.0,0.0,0.0
spot_0768,0.044393676114251955,0.04339411294565229,0.3177579403053422,0.01346104107881344,0.1333940442755037,0.027038950065037867,0.07878741874928735,0.20381110815489567,0.0,0.006524812258256585,0.09163188051994925,0.0,0.010636187872352425,0.007509418907408914,0.02165940875324819,0.0
spot_0769,0.4197634733185269,0.11300811197964934,0.21422493479250368,0.10459805185779236,0.0,0.0009779920947353153,0.0,0.008522661405414446,0.0,0.0,0.07189545990647236,0.009938635417282064,0.029054620015542865,0.0,0.028016059212080644,0.0
spot_0770,0.4603310111971508,0.0,0.2758079979765854,0.14542782428945744,0.049615302977531646,0.0,0.03526708601051051,0.0,0.0,0.0,0.0,0.015156991595609938,0.018393785953154336,0.0,0.0,0.0
spot_0771,0.2505718899419813,0.0,0.2094191181189923,0.1400506275211502,0.1191501683815529,0.0,0.0,0.061998146075935644,0.03454369287374783,0.0,0.041995434786101155,0.0,0.14073964451254542,0.0,0.0015312777879930356,0.0
spot_0772,0.28125416241691037,0.021507216342925305,0.12182927051481564,0.05532300224538116,0.1676061445216532,0.0,0.03193972176914902,0.06275579576060529,0.0,0.011916371996867226,0.01775324876289242,0.19584445956990942,0.011976351134179601,0.0,0.0,0.020294254964711555
spot_0773,0.22951619546718094,0.15039624027357193,0.0,0.1812781305526817,0.11131036987071496,0.0,0.0,0.07744154029038573,0.0012692632102769968,0.06968867294048503,0.0,0.0597436784263131,0.03394839062994152,0.0,0.03394990628069742,0.05145761205775072
spot_0774,0.3536281089184608,0.11441687370697357,0.012327224632394355,0.28100206807577455,0.0,0.0,0.07295632848000985,0.0,0.022978889654569255,0.06955469874718441,0.029499642915791366,0.0,0.04363616486884206,0.0,0.0,0.0
spot_0775,0.05622939820305665,0.09317399461124452,0.09947052274097333,0.2845448104369678,0.06991774668904824,0.0,0.024076602961572248,0.03651085138166646,0.013651168504725955,0.0444923791153568,0.08871562083753204,0.0,0.03716215879248578,0.06577974163445305,0.08149184533130906,0.004783158759607926
spot_0776,0.016214150674849426,0.37816883006730756,0.24016049576062998,0.14463945166927497,0.15880136164709205,0.016045992223490686,0.0,0.005162339694830207,0.0,0.0,0.004680735930123279,0.036126642332401905,0.0,0.0,0.0,0.0
spot_0777,0.05366071809681554,0.17474067204827928,0.278626581021537,0.061795836735491445,0.17675936010656065,0.006236718280474298,0.0,0.0,0.03140732200346472,0.10313029089736754,0.0,0.0,0.041569201168408496,0.008254917283224122,0.0,0.06381838235837667
spot_0778,0.1775193642025186,0.16482577707752047,0.09788296356820082,0.35270040724622453,0.10514737676025349,0.0,0.0,0.0,0.0,0.08251252715392089,0.01941158399136114,0.0,0.0,0.0,0.0,0.0
spot_0779,0.4727717362416024,0.07666662668103523,0.10471793908120258,0.0,0.0,0.023060872342047102,0.09688936882067527,0.0,0.07428185876816414,0.028689835107845937,0.0,0.0,0.04137021228010041,0.0,0.06478598338998222,0.016765567287344896
spot_0780,0.14078159599812015,0.2654264002735368,0.2297363020827051,0.0,0.08618041778889442,0.006124844655731282,0.0,0.0,0.0,0.013932036899502155,0.059425162407593275,0.09166255108321156,0.0,0.0,0.04887675732177115,0.05785393148893434
spot_0781,0.31642728862015007,0.13930022600416236,0.18306906439049422,0.0,0.011483103497664302,0.01780656924646155,0.0,0.10951752179319316,0.08925516710551011,0.009516475338558731,0.0522171044720698,0.00499684883548686,0.02092560257625375,0.009278302967631095,0.036206725152363874,0.0
spot_0782,0.1634465453475493,0.17917329918725253,0.13977415664499393,0.14845635045793842,0.1272921461185829,0.030741620091114117,0.0,0.0,0.07598065219363637,0.017862484397718748,0.0070899634909626546,0.04286841866252679,0.0,0.0,0.03677382326897998,0.030540540138744195
spot_0783,0.20048225128011118,0.00454655515300644,0.19378312743782844,0.08672987431753695,0.04231845907259201,0.020017275767319823,0.033731242270276525,0.24515960105076212,0.027316841339039638,0.0,0.0,0.0,0.02025275292012599,0.0,0.008104286148862374,0.11755773324253872
spot_0784,0.20411692474965415,0.14553411543595343,0.08351189429854315,0.07626417961960401,0.06507862803064346,0.018644983123740366,0.0,0.05603464092699349,0.0,0.14740938497116796,0.08110902423912912,0.0,0.04832661542676289,0.006393443964858257,0.020699491126084026,0.04687667408686565
spot_0785,0.19268242203276525,0.15038269446138788,0.0,0.19707600663529204,0.13939610939365757,0.0,0.08300146816109548,0.028290122454314,0.013618381900011127,0.005846731032059927,0.0,0.00021186443532659829,0.07000555751398034,0.06485283339623127,0.0436564335777348,0.010979375006143611
spot_0786,0.2630339099140208,0.0,0.07063622178079114,0.15443195298183912,0.15519695320821175,0.05302178549918276,0.08082362949520784,0.0,0.0,0.0,0.06359622888626709,0.012217605184905545,0.08441896152549434,0.03057204399217254,0.03205070753190696,0.0
spot_0787,0.44714224042509704,0.08907356019741786,0.007218054699440883,0.0013090493718832554,0.163852885656158,0.038259730101021086,0.0,0.0,0.0,0.0,0.0,0.25314447954898195,0.0,0.0,0.0,0.0
spot_0788,0.23872101074460764,0.0,0.3018442574360489,0.2355307095283989,0.05946901538431785,0.0,0.0,0.0,0.024204063119185926,0.041080644642101156,0.0002993056223832488,0.08202768187948244,0.0,0.0,0.0,0.016823311643473927
spot_0789,0.4485074532338323,0.10654551854415906,0.08139786938166442,0.0,0.11134001440450428,0.02006528820806473,0.1056005652059376,0.026235728530264058,0.006776568580453837,0.0,0.0,0.0,0.07214819589011265,0.0,0.021382798021006965,0.0
spot_0790,0.3141668653032515,0.12627508214812055,0.024616863439894457,0.08167738248399695,0.07716481408652882,0.0,0.0,0.0976269853261759,0.0,0.0,0.1218804314753064,0.04713305002919282,0.08981577563018193,0.004793471531420443,0.014849278545930522,0.0
spot_0791,0.33732860759051886,0.0,0.07953212551690814,0.0,0.07260237085054791,0.04927370129080298,0.0,0.09538052933107258,0.0,0.0,0.18808242845403328,0.07854566431842669,0.0,0.0033420260796659627,0.09591254656802367,0.0
spot_0792,0.34508525422419156,0.29788891041825905,0.0,0.0,0.11247265775746447,0.0,0.0,0.0,0.008454617336873896,0.05286784026042871,0.0,0.14640864428769046,0.03682207571509188,0.0,0.0,0.0
spot_0793,0.2785936336199929,0.20116882328454222,0.0826131481082124,0.07553794189047361,0.10103362670704429,0.0,0.012468880728297356,0.07822171846658343,0.05254883054533891,0.005645911046836907,0.04177768789025874,0.034969740155935805,0.013706042595591928,0.002648045128753784,0.019065969832137635,0.0
spot_0794,0.2545285592086842,0.09292666958373251,0.021139943253097766,0.08432136675689814,0.17933634856912425,0.0,0.0,0.10264469141051621,0.07201190824142151,0.08245581723943736,0.0,0.07199439741344811,0.02172535967218278,0.016914938651457278,0.0,0.0
spot_0795,0.1964168913983782,0.026170701117022944,0.07631598873263659,0.006988864685900343,0.2641432202501737,0.0,0.0,0.05096923131571272,0.0,0.0,0.11916670983138579,0.03743677995846539,0.09243439497284794,0.0,0.1299572177374764,0.0
spot_0796,0.14308928497427284,0.0,0.4609054966991169,0.227086515414758,0.02338396125891834,0.0,0.0,0.0265412854500973,0.0,0.0,0.05438495107756437,0.04122432461029053,0.012019283858241218,0.0,0.011364896656740611,0.0
spot_0797,0.21618544693756386,0.09749955870194832,0.24473273493093017,0.0,0.17919602343850327,0.03140649212629773,0.022389352857136762,0.01088686324438735,0.0,0.0,0.1157527164631672,0.05476107051578742,0.0033930740222999603,0.018235892982382877,0.0055607737795951555,0.0
spot_0798,0.35717917438851315,0.17873656323748213,0.12679577588230528,0.0,0.04923085760084507,0.0,0.0,0.04724945019282348,0.04031924783885594,0.06315448129213203,0.0655030261105622,0.0,0.009870238370016748,0.0,0.061961185086464005,0.0
spot_0799,0.1682580869599413,0.05473566122877839,0.10327472712644262,0.0,0.15796576086025554,0.008622254342142616,0.0,0.07405332494796556,0.12564478711960003,0.07194311004514765,0.021571512098555793,0.09145670753096144,0.0,0.09759354128818713,0.0,0.024880526452021667
spot_0800,0.30177219321656207,0.12134457488426165,0.023970426637672546,0.3191616650694823,0.01488773469560031,0.0,0.0,0.0,0.03774295874597027,0.026166517630411647,0.04147551998039262,0.008223816024860275,0.048434585871328435,0.0,0.05682000724345794,0.0
spot_0801,0.27449578023023496,0.04422873438979246,0.3333739201566361,0.019708107436122838,0.031163436370374806,0.0,0.0,0.01574239900061742,0.09295456618495507,0.11175023231606562,0.04621978358452048,0.02904860429800893,0.0013144360326713448,0.0,0.0,0.0
spot_0802,0.11878291013202828,0.25581708298970396,0.015495980535188128,0.08031726682579239,0.007701659019755516,0.0,0.14311418509263266,0.010552706714453452,0.0,0.07969087827919288,0.03664437604741735,0.03270766738746328,0.18648061533164056,0.015766739867312585,0.0,0.01692793177741883
spot_0803,0.21753071874125887,0.018867236836297534,0.22274435354348843,0.18215829807582862,0.0806094007614808,0.010623579357735603,0.01680919550784013,0.0668715499396534,0.0008648508315137942,0.05403432642587045,0.0,0.09067545077358885,0.03097476757364642,0.0,0.007236271631797095,0.0
spot_0804,0.5656770626297963,0.1646672185315239,0.05541951196686988,0.04922767490444715,0.027135451001748304,0.01826477439938667,0.0,0.08361652246633636,0.009757728135469983,0.0,0.0,0.0,0.007781821812217686,0.01845223415220394,0.0,0.0
spot_0805,0.0,0.05643361984392219,0.26538993855927717,0.08757052580587489,0.03919641394607206,0.0,0.059461250744992054,0.0710199127266807,0.042878068252530425,0.14257372331129461,0.009484540110884062,0.032610161976247456,0.11592545610643057,0.0,0.0,0.07745638861579383
spot_0806,0.1775362071112429,0.06093272920806336,0.0695885680563992,0.0,0.1753232040138311,0.023822241811620647,0.0,0.1935615927351373,0.08283649363060022,0.0,0.0,0.09592185986029522,0.05576056315963732,0.005174575876025659,0.0,0.059541964537147114
spot_0807,0.06302607290030872,0.16798390713963265,0.12206861427812105,0.12167483393931122,0.0,0.00918024415991019,0.11107196032528163,0.09606490331473731,0.056412255781845666,0.06948381708437047,0.0,0.05250640418193124,0.033646297601485846,0.0,0.06829475645850305,0.028585932834560922
spot_0808,0.18479523962086988,0.0799934150259842,0.18092210729533736,0.20292800160863392,0.10749997131466117,0.009243619279316665,0.10172023365787287,0.0,0.0,0.0,0.029418681338686494,0.0161420502087366,0.05115007354774439,0.0,0.03618660710215639,0.0
spot_0809,0.18908974646348128,0.11167733369762291,0.13255574954949614,0.23343449897301818,0.0705963505757627,0.0,0.0,0.02981424424891531,0.0,0.02430165812908724,0.07099609478378442,0.0027983795346203408,0.013469800635301508,0.09796256462116389,0.0,0.023303578787746134
spot_0810,0.0,0.4227165089467665,0.20204014294627884,0.283484636427437,0.047869564552815845,0.0,0.0,0.0,0.0,0.0,0.010212930593521663,0.03367621653318031,0.0,0.0,0.0,0.0
spot_0811,0.0785682385058714,0.11064538491970283,0.0,0.24805953042206066,0.15268679502949306,0.0560900412043244,0.020254599086133092,0.11077143415177468,0.0,0.023903618862463748,0.0,0.10077617228466368,0.09824418553351234,0.0,0.0,0.0
spot_0812,0.27712948114832225,0.12432077994234658,0.19457876369854024,0.0,0.1404472123977342,0.01792140603087758,0.0,0.07146608053503406,0.003046780649505452,0.0,0.07633036846752465,0.016071933851558775,0.0,0.0028853743987828488,0.07580181887977348,0.0
spot_0813,0.1776434688293734,0.3738837742590653,0.12328216977751666,0.0,0.13605730053074705,0.0,0.0,0.0,0.11332881958219446,0.055070598817071756,0.0,0.0,0.0,0.0,0.0,0.020733868204031242
spot_0814,0.31824344168981183,0.23432318597778526,0.16064697764437555,0.1576936233132676,0.027847128270802726,0.0,0.019891492014676732,0.0,0.018102272730153374,0.0,0.0015132747834835816,0.0,0.0006179149517445004,0.0,0.029794374201407584,0.03132631442249127
spot_0815,0.18763211587378315,0.1929128699922597,0.0,0.23271740457778461,0.1290895748084981,0.0,0.0,0.08356661313928408,0.01308215527960769,0.004541488067847696,0.09449375975833126,0.0591171297753669,0.0028468887272368295,0.0,0.0,0.0
spot_0816,0.16365496236809568,0.25864940557349886,0.06431453042907177,0.08693750126581044,0.02667780484123088,0.0027081554662545574,0.0,0.077089402280161,0.02726388801649281,0.12760523638561502,0.04870443557239493,0.06648294848638957,0.0,0.02869723447412138,0.019209657512205845,0.0020048373286572965
spot_0817,0.32968150428136717,0.0,0.14914733257113555,0.05015496348831228,0.19050465674803352,0.0,0.0,0.1424183914971487,0.0,0.0,0.0,0.039966712085664144,0.0,0.014946990351830199,0.080244043654848,0.002935405321660407
spot_0818,0.28757698998383546,0.2200106225532268,0.0,0.12180682622669298,0.0,0.07077386758542528,0.06826026020134986,0.0,0.0,0.019014357851374026,0.06272999589239106,0.0,0.13419584657716832,0.0,0.015631233128536117,0.0
spot_0819,0.2230247883298534,0.06789481559337399,0.30754998948016815,0.013901249135426206,0.0,0.0011647973321381642,0.0,0.0,0.058541799416109104,0.0920490085746725,0.05621411186773089,0.06197976356041273,0.05300609762151201,0.0,0.0,0.06467357908860294
spot_0820,0.31004294189196874,0.11743913146051684,0.13367157904469892,0.06397314907394093,0.0,0.0,0.1802378647156974,0.0023728492679435742,0.04496024960927456,0.0475481608863149,0.0,0.019051686309691784,0.06541202786050855,0.0,0.0,0.015290359879443818
spot_0821,0.14374458191968234,0.2778173072970862,0.09791664588275338,0.1937881036232301,0.0,0.0072608014449592985,0.24581097595551862,0.0,0.0,0.0,0.0,0.0,0.0011127801192086463,0.0,0.019033357151819034,0.01351544660574217
spot_0822,0.15383195999957758,0.24342540134212823,0.16932806587285423,0.1257778047966242,0.11572901271177387,0.08175087667141921,0.0,0.042062875333590474,0.0,0.0,0.0,0.028390857868685383,0.01697768340714474,0.02272546199620219,0.0,0.0
spot_0823,0.16259670140415922,0.2612165966871979,0.11263315137418682,0.12015447288129266,0.10766858828143015,0.0,0.0,0.06439428472278058,0.043402794369084216,0.050922934994292866,0.020796134390365286,0.025533936996276638,0.0,0.0059666914638997065,0.0,0.02471371243503406
spot_0824,0.049184067261060296,0.058062677026375305,0.13353121388618908,0.12733128468374194,0.07676625803191918,0.0,0.0,0.06532830324890267,5.80854376276283e-05,0.0,0.17196074829364377,0.09161680051698347,0.1684147508120738,0.05774581080148295,0.0,0.0
spot_0825,0.03678247325063197,0.43063117629285363,0.17049288872310908,0.18573508768002342,0.058948873226891185,0.0,0.0,0.0,0.0,0.02838749229271721,0.0,0.0,0.0,0.0,0.0,0.08902200853377354
spot_0826,0.344457337022604,0.17592919996902096,0.3408688551439142,0.0,0.0,0.0016065089188950878,0.07222600265044411,0.059035620939690905,0.0,0.0,0.0,0.0,0.0,0.005876475355430685,0.0,0.0
spot_0827,0.0,0.0,0.0,0.35671676762461924,0.0,0.0,0.0,0.46638704858733043,0.0,0.0,0.16440759765786112,0.0,0.0,0.0,0.01248858613018917,0.0
spot_0828,0.18242201711964695,0.2757142470789258,0.13205950058457777,0.09519198276370741,0.05863126121610639,0.0,0.02557572739598992,0.019525531230677774,0.0,0.109979656919576,0.014301780138706512,0.0,0.006666589940455175,0.0,0.020226385326024846,0.05970532028560553
spot_0829,0.351735880397827,0.06567968538706284,0.3636212191023123,0.037146362282304494,0.0,0.013414868029261827,0.037784201144554705,0.0,0.042068867683459646,0.0,0.02622363615389436,0.0,0.0,0.014896142807218958,0.04742913701210374,0.0
spot_0830,0.33158482734033073,0.0,0.2647786777208123,0.0,0.0,0.05592224060545497,0.09086318370379642,0.07017526132547242,0.0,0.0004906573297997807,0.030109185214766892,0.015300592298708742,0.10207494940874695,0.0055682979596165015,0.033132127092494225,0.0
spot_0831,0.12601566514409757,0.04722526462836596,0.22541546063859536,0.1403106265175448,0.08240640638327992,0.0,0.08863114716910306,0.05099658478877178,0.09285141016441993,0.024757855886610013,0.0,0.0070633118345618424,0.10271723417925753,0.0,0.0,0.011609032665392293
spot_0832,0.0,0.3394546351816389,0.3998836570382246,0.08210861940800966,0.0,0.0,0.0,0.0,0.16019814212118072,0.018354946250946205,0.0,0.0,0.0,0.0,0.0,0.0
spot_0833,0.25750631534510726,0.0,0.06492750077127563,0.08851842555089091,0.15242213310196315,0.0030401448692949163,0.0006112751398904222,0.0,0.0994974000031378,0.020651903466067625,0.13826684369432155,0.13088520608755913,0.017625616074407845,0.0,0.0,0.026047235896084
spot_0834,0.13806860306806254,0.0,0.04791888996371405,0.2784789947380519,0.03147419416724206,0.0,0.0,0.01752412640764338,0.028717338011038086,0.21293553874006035,0.16471003654709898,0.00876255261762462,0.0,0.022449504558074828,0.013160485224731816,0.0357997359566577
spot_0835,0.3604407842524832,0.027905641350863344,0.0,0.10808213492414016,0.0,0.0,0.12124299267187261,0.02820536845772461,0.015448310395173288,0.06157961627230357,0.09481181229887248,0.0,0.10373065415883712,0.004464200413885416,0.07408848480384417,0.0
spot_0836,0.3020372872336531,0.22048184786443129,0.08870559894106157,0.0,0.0,0.0,0.22528535577729122,0.0,0.0,0.0,0.0,0.0,0.0,0.0,0.16348991018356288,0.0
spot_0837,0.5869408565438263,0.0,0.17901993270093466,0.01810610446791585,0.0,0.07652910651697326,0.04433039086274656,0.0011448700281807755,0.00584404277317579,0.0,0.0,0.0,0.0,0.03430370846098538,0.053780987645261374,0.0
spot_0838,0.27504907926884126,0.04676348913332863,0.5020273719255677,0.0,0.0,0.0,0.0,0.0,0.07134255098368344,0.0,0.0,0.0676339914622314,0.0,0.0,0.0,0.03718351722634765
spot_0839,0.15941702564301588,0.0,0.0,0.51484569092026,0.10145426385290289,0.0,0.0,0.0,0.0,0.0,0.10447279480382261,0.06559986282853955,0.05421036195145906,0.0,0.0,0.0
spot_0840,0.07170806355736949,0.20750872930144773,0.432273227538589,0.05192305773673128,0.011085770378990563,0.0,0.025499502216282798,0.07159858868004255,0.0701893268827228,0.0,0.0,0.0,0.04779181199378076,0.0,0.0,0.010421921714043023
spot_0841,0.32547752031109123,0.18629810112106676,0.06430036799249965,0.07179209270050899,0.04751199735606199,0.02082923435991122,0.0,0.008768668651023803,0.017264059170278987,0.03198299657687447,0.007053587211802054,0.04314600207864468,0.09653509506904345,0.055024088645687697,0.0,0.02401618875550514
spot_0842,0.15674709150884789,0.16584723015974287,0.16723883828424616,0.06954952950137071,0.28550377020350814,0.0,0.0,0.0,0.08086802496723675,0.005304095899611357,0.05954040088954143,0.0,0.0,0.009401018585894717,0.0,0.0
spot_0843,0.2837498440625352,0.12293841348543087,0.13678260919219842,0.22713527011862097,0.1195753275124332,0.0010290087078044209,0.0,0.0,0.0,0.006921962898316861,0.08527329145550247,0.0,0.00829545843449891,0.0,0.008298814132658748,0.0
spot_0844,0.3445460475136036,0.08792032840260812,0.07723648334554066,0.0801132466052435,0.03356071878091111,0.0,0.004925974696414001,0.0,0.10881609336698898,0.07793062841104689,0.06287007940055367,0.0,0.004071154884137417,0.0,0.006061807723929707,0.11194743686902235
spot_0845,0.0,0.3303613758772356,0.08151391053270399,0.11369078123541171,0.18061179974721547,0.03121323743883838,0.019496091635788443,0.0798537914050942,0.0,0.06205686564266023,0.0,0.0,0.021592575625183352,0.0,0.05274491227827632,0.02686465858159243
spot_0846,0.39586163827317117,0.22546392471868879,0.09319647652752477,0.024186959735363223,0.10788340072272574,0.0,0.0,0.0,0.08765306978094684,0.04096976691017273,0.0,0.011211134955050477,0.003010301717025992,0.0,0.0,0.010563326659330644
spot_0847,0.14189781693567705,0.16965909125743067,0.02106633558813647,0.17063707249031676,0.20175260820670277,0.007560642366018192,0.0,0.0,0.05908672321039822,0.09539469428029271,0.02926617630948202,0.0014044664763351912,0.03944237816307548,0.015469105211942126,0.0,0.047362889504192505
spot_0848,0.2107979276839308,0.13220819557214314,0.33167754299608787,0.13432762993626776,0.08836262323699234,0.0,0.0,0.02053246185756466,0.0,0.0,0.059740577057024874,0.0,0.0033361062842417947,0.0,0.006586263653865663,0.012430671721881293
spot_0849,0.010545045095747173,0.004523597245830082,0.293597122568281,0.24488807417913322,0.0,0.0,0.0740704052147873,0.01815552004669735,0.0,0.0,0.24321531845447622,0.032818187617206604,0.0599263701097779,0.0,0.0,0.01826035946806318
spot_0850,0.13381811065232257,0.012885356348343232,0.0951073794909053,0.2395113922262423,0.04432089553332551,0.0,0.12700573203499918,0.06721368394003405,0.01692374037156879,0.03311099725633346,0.0034678256433864994,0.08289189336085923,0.0345850911241785,0.01381365221273336,0.09534424980476798,0.0
spot_0851,0.2623019161621522,0.2179614532640549,0.09571365614162944,0.11249649466314417,0.07708022060940803,0.002019746536341007,0.0,0.1316131065367126,0.0,0.0,0.0,0.021502909210470142,0.06843622954615296,0.0012411114502966355,0.009633155879637803,0.0
spot_0852,0.4694767872203499,0.0075164510869531395,0.3064663189671709,0.0,0.02713187274779055,0.00807057619229288,0.06143756345813993,0.014645918768348134,0.0,0.08964579963526462,0.0,0.0,0.0,0.015608711923689825,0.0,0.0
spot_0853,0.26588531187342435,0.0,0.2584457173489723,0.06255766753461178,0.07674080095399506,0.00796708944399439,0.0,0.031656177076663586,0.0,0.00826915894488863,0.09520043144543894,0.0,0.10195990520204849,0.00362440508750228,0.08769333508846011,0.0
spot_0854,0.2740962179901665,0.02366335144780765,0.2326681046606095,0.012781464487674052,0.05456898745005685,0.02329404435461084,0.0,0.10218644388204819,0.00979798289895232,0.0,0.15021414155759708,0.0,0.06812187841297355,0.010203617957128618,0.03840376490037491,0.0
spot_0855,0.20611171620577667,0.16776936559045277,0.0789997685878533,0.003647664825408524,0.1849597443787559,0.0,0.0,0.0,0.057361882008913324,0.05659379719800285,0.0,0.15912484146878006,0.0,0.0,0.0,0.0854312197360566
spot_0856,0.2163210178441745,0.21895737534785956,0.0,0.11698648589116072,0.03967224280465525,0.08391490547373076,0.0,0.06390335387616612,0.0,0.0012462520703125373,0.06689670227957469,0.08546592042582582,0.0,0.0,0.10663574398653994,0.0
spot_0857,0.13095925685346452,0.23158066055992446,0.26019837737103063,0.032776926410226,0.034924983275276114,0.0,0.0,0.0,0.0036120939305262115,0.034467699583431544,0.03374548149398794,0.0,0.21806422583016818,0.0,0.019670294691964282,0.0
spot_0858,0.1498805890415451,0.004456591695978232,0.12518659174094293,0.18863531269162,0.0,0.0,0.0,0.13511218230211758,0.0518753901722151,0.20257491314830411,0.0,0.0,0.13630952260408982,0.0,0.0,0.005968906603186979
spot_0859,0.5554370918718344,0.09738951909841626,0.0,0.0881758450394482,0.08214661194312342,0.0,0.012270776969662008,0.058835787631715174,0.0,0.0,0.01268115060096309,0.011895797017747912,0.03812224285065684,0.017869526470477667,0.0251756505059549,0.0
spot_0860,0.2583303522248164,0.13578487063326805,0.3518136502413148,0.0,0.0,0.0060606816495623545,0.09073162105485119,0.029539344451028456,0.0020133400950068337,0.0680102561099075,0.0,0.0025682334822959008,0.0,0.0075482549256578645,0.047599395132290896,0.0
spot_0861,0.2837232519736958,0.09744422195843615,0.15703416865387668,0.03981515413885726,0.1247574560227173,0.0,0.0375617890981075,0.04112175159043613,0.019665841021979213,0.04889635129680103,0.0,0.11853708137499755,0.0,0.0,0.027636239993023955,0.0038066928770714484
spot_0862,0.3162622737317409,0.10628041287729895,0.17446515230747664,0.0,0.11775013218759009,0.0,0.0,0.0,0.03655461989458269,0.03138334604420975,0.03199838862506402,0.04496652299195814,0.0764520152199239,0.0,0.01958688178018859,0.044300254339966275
spot_0863,0.37820971597491015,0.17813138373544027,0.02931942109347475,0.2482052265093079,0.0,0.0,0.16089769904041765,0.0,0.0,0.0044421380183650525,0.0,0.0,0.0,0.0,0.0007944156280842555,0.0
spot_0864,0.17377470889249236,0.1364271270689566,0.2781867119154194,0.09185273978788289,0.0,0.0,0.0,0.0,0.11248778451308895,0.1304139143906214,0.0,0.00878788344767541,0.06806912998386308,0.0,0.0,0.0
spot_0865,0.3352057816538597,0.2961612518508912,0.007056405565370016,0.029428229521015477,0.0,0.0,0.16304812529706034,0.0,0.018937055672220496,0.0,0.0,0.0,0.15016315043958253,0.0,0.0,0.0
spot_0866,0.2286054071898174,0.1805210903206009,0.13304997643971556,0.22597229689383075,0.0,0.04207385607125588,0.04707905652985765,0.0,0.0,0.0009078717272226668,0.03644847252577007,0.0,0.08718944279775952,0.0,0.018152529504169655,0.0
spot_0867,0.3103150716394576,0.201985758273882,0.21567505466989198,0.005842604653050499,0.0,0.0,0.04631571152849233,0.0,0.09815812734513339,0.017509709151507177,0.0,0.006050028220279657,0.06529273133304714,0.0,0.0,0.03285520318525805
spot_0868,0.08183373710480313,0.171343978032563,0.216849447504101,0.2734193862747424,0.1567604462747079,0.0,0.0,0.010084283145055162,0.0,0.0,0.03738934741704526,0.01479592376510486,0.0,0.0012477294353134775,0.036275721046563694,0.0
spot_0869,0.14974206117711764,0.10200537073703254,0.09829600370050878,0.2851519066238436,0.2087491106536726,0.07477020787961937,0.0,0.05471065939408638,0.0,0.0,0.0,0.0,0.019093554006837255,0.0,0.0,0.007481125827281799
spot_0870,0.000925733046880314,0.9166896128364083,0.0,0.0,0.016682751845065107,0.0,0.0,0.0,0.0,0.0,0.0,0.06570190227164632,0.0,0.0,0.0,0.0
spot_0871,0.24024432306500734,0.0200587986176771,0.07624514002429371,0.23184727376277994,0.0,0.0,0.028487276258949847,0.00040060146513733614,0.0,0.0,0.2233312430953379,0.04700254713639428,0.12375230385733753,0.007515514866122062,0.0011149778509628625,0.0
spot_0872,0.38443764345794057,0.11691572962922572,0.16662798981419893,0.0,0.0,0.07352254569491103,0.07618357413271862,0.0,0.14141931123516682,0.020870593536308876,0.0,0.0,0.015226199221129702,0.0,0.0,0.004796413278399798
spot_0873,0.12100018711739909,0.0,0.16478125577511848,0.2416070547054699,0.05411819066020517,0.0,0.007815828272250138,0.0,0.0,0.0,0.1714229697187868,0.12576669149436503,0.03555022637215664,0.0,0.06035394598583287,0.017583649898415852
spot_0874,0.0,0.4627934303131837,0.23261588441442455,0.03813421928017541,0.21152140919247184,0.0,0.0,0.0,0.0,0.007778416342838144,0.0,0.0,0.04225105423051686,0.004905586226389435,0.0,0.0
spot_0875,0.1608675227167063,0.35654639714143166,0.0,0.15577894555211017,0.009702851588233004,0.0,0.0,0.0,0.0,0.04480785419891175,0.15058388073029366,0.10260290133780507,0.01072406327020654,0.008385583464301917,0.0,0.0
spot_0876,0.1606915831603851,0.1513573195751681,0.21479030396144919,0.10938594681566408,0.03208249593231825,0.0,0.05274654884860449,0.0,0.0,0.0030367079500504355,0.15461719380197536,0.05921188157507082,0.03373608626514499,0.0,0.028343932114169353,0.0
spot_0877,0.23427485047354352,0.09986172473656961,0.18715842537933022,0.1582442791523015,0.030964536108378207,0.0,0.0035622525511211835,0.0,0.052134382910015514,0.014863180408148017,0.0,0.0,0.10411841905657425,0.0,0.05852609030618886,0.05629185891782914
spot_0878,0.25200316321269833,0.0,0.2081958654776081,0.07907973137288148,0.07611392200496013,0.0,0.0,0.0,0.06687095117853091,0.0,0.1089312202173954,0.08628412088775464,0.11481421953664298,0.0,0.007706806111527912,0.0
spot_0879,0.41059974791661547,0.15228896816687232,0.12237461045585389,0.10922554010571618,0.010864878358881783,0.028563725170445076,0.0,0.026619465579124698,0.0,0.0,0.0013387532905200553,0.07005096557567254,0.06491589650753112,0.0,0.0,0.0031574488727668746
spot_0880,0.009166621917696894,0.10476733013482543,0.21938329215797198,0.032294052037256125,0.23344572954418785,0.0,0.0,0.0,0.025196636245226858,0.08079697417787557,0.15077581794829906,0.0922602550031409,0.012802471158009627,0.0,0.0,0.039110819675509875
spot_0881,0.005653227862067023,0.0,0.31527778471123963,0.04246456388999412,0.0,0.0,0.27433786853153913,0.0,0.0,0.10048827225814129,0.05780800080437854,0.0,0.12794793551903774,0.0,0.011137377198548595,0.06488496922505387
spot_0882,0.10056823907704251,0.2697784116324759,0.32243806708106515,0.02767093490843382,0.05924276590744981,0.0,0.0,0.0,0.07690064744623551,0.0,0.0,0.08555535697782982,0.03611888153845114,0.0,0.0,0.021726695431016196
spot_0883,0.33079261704996654,0.06440818417806986,0.11675520165095671,0.2207926548094895,0.08984560432118457,0.020225663525320743,0.01390738614830278,0.038096702600450325,0.0,0.01635483133640867,0.0025375978155548914,0.0569662601518466,0.029317296412448825,0.0,0.0,0.0
spot_0884,0.3235919139831175,0.07486470462287395,0.11662848081479672,0.3508812669489022,0.05187687339309037,0.0,0.0,0.0,0.0,0.0007837245375343473,0.06973022752592242,0.005563823234719435,0.0,0.0,0.0,0.006078984939043125
spot_0885,0.11104071782456905,0.45996113200905436,0.0936748675260917,0.1938359049904536,0.02024083138164757,0.0,0.0,0.0,0.0,0.0,0.0,0.08431884188322267,0.032755106072223955,0.0,0.004172598312737245,0.0
spot_0886,0.44989251374270733,0.10247428258775912,0.35528110146498804,0.02555339016532076,0.0,0.0,0.0,0.0,0.0,0.0,0.0,0.000839053490577202,0.06595965854864753,0.0,0.0,0.0
spot_0887,0.3866196348986989,0.0,0.0,0.18347349660576293,0.07946653013236142,0.0,0.050898402441563934,0.0,0.0005753558153149061,0.0030107703858034294,0.22090933774331653,0.0740584952975904,0.0,0.0,0.0,0.000987976679587581
spot_0888,0.33240847891774505,0.14561115500990637,0.11806174486019917,0.08927190454340621,0.0,0.0,0.0201901807397616,0.09273641782070535,0.04768074937316448,0.0261265175376128,0.009534710650454699,0.04318745836663417,0.031352293623399655,0.019284397822900628,0.0,0.024553990734109833
spot_0889,0.0700074953099569,0.33295962486583214,0.10896133030433869,0.15200466964628348,0.044786759362669994,0.0,0.007167373668231905,0.0,0.03615469644573354,0.0,0.06177750073676352,0.0,0.05922716313026882,0.0,0.0,0.12695338652992105
spot_0890,0.08865144620707145,0.4790397793470459,0.14321261640768362,0.011102729149434375,0.016652969968636043,0.08490473237763291,0.0,0.0,0.03831549468999682,0.04029921655109083,0.0,0.025666905712395157,8.065769897828063e-05,0.0,0.06226580534057139,0.009807646549463096
spot_0891,0.3204843985710083,0.19870212685072935,0.0,0.3297501993297128,0.035618917499453534,0.0,0.0,0.0,0.000665715763248805,0.0001049670971945969,0.11467367488865257,0.0,0.0,0.0,0.0,0.0
spot_0892,0.4044275217688635,0.16696363172455736,0.0,0.07437823944582968,0.14424659439242138,0.00047158014064629136,0.0,0.006507858898211916,0.0,0.0,0.05238278247607449,0.1120949559038739,0.01260226771607374,0.025924567533447747,0.0,0.0
spot_0893,0.17284564718987913,0.2983642267222118,0.1257463968001525,0.145099792245708,0.04895808406936327,0.0,0.0,0.013609232152243557,0.0,0.0,0.07091014590397329,0.016365995881431217,0.07899236206997139,0.0,0.029108116965065996,0.0
spot_0894,0.18417068047982268,0.003088563947070076,0.37382965740018165,0.224360198209695,0.0,0.0,0.08649038340219409,0.08982817490580083,0.0,0.0,0.0,0.0,0.0,0.0,0.03536667856521171,0.0028656630900239836
spot_0895,0.5035739858417807,0.2540158106494081,0.0,0.04619412330409392,0.0,0.0,0.14163440858931148,0.0,0.0,0.0,0.032922169898079626,0.0,0.0,0.021659501717326106,0.0,0.0
spot_0896,0.2840931691348765,0.34810376964481826,0.0,0.0,0.0,0.06398450741649908,0.21884714976726113,0.0,0.06234378726158406,0.018370796665921955,0.0,0.0,0.0,0.004256820109039224,0.0,0.0
spot_0897,0.33068664658229163,0.24281943467821565,0.21571328122879224,0.01914969126269911,0.08940524854547188,0.0,0.0,0.042254165470136135,0.0,0.005096713061095142,0.008444570080211235,0.02507771476435172,0.0,0.0,0.02122105592986192,0.00013147839687353596
spot_0898,0.6346903184442598,0.2634178099873629,0.03554037376457483,0.03189323456542393,0.0,0.010357548546582707,0.0,0.0,0.0,0.0,0.0,0.0,0.024100714691796022,0.0,0.0,0.0
spot_0899,0.15673920831349067,0.24369972207860868,0.09124033689981176,0.06457185662297349,0.12214236714383354,0.011570151312514822,0.0,0.0,0.13647460108290882,0.02238858166887029,0.0,0.0,0.06705728116354931,0.0,0.05525945638636745,0.028856437327071098
spot_0900,0.29789376081521607,0.3433475327067578,0.1206470729939525,0.021960601602729404,0.025406008219747967,0.0,0.03918475783399952,0.0323339984212162,0.0,0.0,0.06306859717195394,0.023600248308731055,0.032557421925695385,0.0,0.0,0.0
spot_0901,0.08108446014945826,0.0,0.5387366146613235,0.0,0.0,0.10516044025020167,0.2750184849390166,0.0,0.0,0.0,0.0,0.0,0.0,0.0,0.0,0.0
spot_0902,0.447050275557716,0.09647365675443428,0.04682420677060117,0.11815983751697219,0.09941250056648893,0.016342539173461124,0.0009258218290930161,0.0,0.0,0.06356271341382545,0.08677350942589787,0.0,0.005412359991292043,0.0,0.0,0.019062579000217864
spot_0903,0.4186308930833002,0.15638699718017765,0.09877883704835579,0.08390987157089677,0.0885447957067493,0.05154988514762677,0.0,0.002340386133023004,0.0,0.0,0.0,0.021679483892148726,0.05775360438985321,0.020425245847868374,0.0,0.0
spot_0904,0.039703785743022864,0.31488127178539443,0.04443420807396898,0.16867547024025148,0.0,0.01563083123351054,0.060644554793835265,0.12268357979600103,0.0708193884852522,0.0,0.0,0.0,0.0,0.07385775238595632,0.0707683754415604,0.017900782021246425
spot_0905,0.09693351647245417,0.15521201435042978,0.11396611799188566,0.0,0.020042177640071292,0.03563610267517701,0.21810357051035606,0.023064223614268305,0.04077801058269733,0.0,0.09608262116011722,0.010896412750268002,0.0790455174030465,0.03693675996773656,0.05048335890190405,0.022819595979587926
spot_0906,0.11186616549500722,0.2235718485998888,0.31397704749774763,0.0,0.0,0.0,0.1760220994983904,0.029300954151622285,0.0,0.0,0.016556987865831912,0.03485650644391786,0.022891656998299276,0.05549352729115908,0.015463206158135468,0.0
spot_0907,0.28591598910716937,0.2366405784767403,0.07373273121318616,0.022279188381055904,0.11247902534870191,0.0,0.0,0.0,0.007450091463899315,0.06317004097236997,0.02498800539879508,0.0926743151436445,0.0641158077282869,0.0006931767285247711,0.0,0.015861050037625942
spot_0908,0.2127179637351104,0.07617680394315014,0.15007402995457153,0.12645280263248976,0.10737096295630678,0.0,0.04731362719700636,0.0,0.10628168152961176,0.0,0.0008090212919400051,0.08642007894842908,0.012713083084223996,0.026713653310777248,0.0,0.046956291416382814
spot_0909,0.21566966445312166,0.14553002883141836,0.08096733137332195,0.08869833802284476,0.0,0.0,0.03082874822189136,0.0,0.0,0.08277066845997766,0.1473575880235095,0.009399301486407795,0.15949733178217712,0.0,0.03928099934532962,0.0
spot_0910,0.2453394826679608,0.13677788759936718,0.051135188402749755,0.026127407664935452,0.02107745036261594,0.0,0.010805385216460678,0.0,0.003092519577540254,0.06974664649745278,0.02512941468439754,0.16332089395657462,0.09964378802962427,0.0,0.03145548347571085,0.11634845186460996
spot_0911,0.3053305822337872,0.2037440322719423,0.14206055899420805,0.15927424759692002,0.0,0.0,0.0,0.0,0.05779354029200125,0.0522327916849436,0.011993140028678542,0.009975650765699461,0.0,0.0,0.03776511127882545,0.01983034485299401
spot_0912,0.2946442637569117,0.0,0.08234995921815844,0.0,0.18805888567537538,0.0,0.0,0.0,0.08098440033390156,0.11773737631858952,0.025556087572891722,0.017887859921018833,0.11782460509302188,0.0,0.0,0.07495656211013091
spot_0913,0.28208925068173674,0.07741419674993495,0.03087693139674945,0.14076951590831516,0.05688950198773561,0.0,0.036029453311725586,0.06270471693212683,0.1166664673858819,0.0,0.05086260424559673,0.05206247665864586,0.0,0.0,0.09363488474155139,0.0
spot_0914,0.16431384405413127,0.06493830234504634,0.3320337850731896,0.06692188926460006,0.0,0.0,0.0,0.019294763330275227,0.0,0.0,0.02286770088952578,0.07626017992278582,0.2533695351204459,0.0,0.0,0.0
spot_0915,0.28595703078563467,0.1812216858527589,0.21995437366586199,0.0,0.0,0.0,0.2776492395316,0.0,0.0,0.03521767016414447,0.0,0.0,0.0,0.0,0.0,0.0
spot_0916,0.07669081691107112,0.2704713111995842,0.007487469551339252,0.10321970408874255,0.084847179109299,0.10171329182504016,0.013740724212992361,0.1268380023852408,0.06946587007970823,0.0,0.0345348663755135,0.03660876757744529,0.0,0.0,0.0,0.07438199668402352
spot_0917,0.5702495505736656,0.08318994986980996,0.0,0.153969542141179,0.03672572598541307,0.0,0.022710430909774513,0.002392224463958733,0.0,0.0,0.00816534697669003,0.0,0.09692997676746223,0.023507858614600596,0.0,0.002159393697446209
spot_0918,0.24235780942579294,0.23338345665214186,0.35655338313091084,0.11907778217504332,0.0,0.0,0.0,0.0,0.0006117089414491792,0.0,0.0,0.0,0.03678467132606553,0.0,0.011231188348596363,0.0
spot_0919,0.16459761431885173,0.0,0.3081669654270539,0.05606042425725778,0.05831493603933181,0.0,0.0,0.11130266849608664,0.02703972065862633,0.05932373965395297,0.05070705304286913,0.03832735508941162,0.06695732122854764,0.0,0.05920220178801026,0.0
spot_0920,0.3350046316305959,0.15509289159063225,0.11440362652940858,0.11446196647685321,0.06231986723871004,0.0167756344117935,0.0,0.10246130466759296,0.003793911488996684,0.031617555826121475,0.0,0.0,0.017169984300379828,0.009181855755429904,0.0,0.037716770083485895
spot_0921,0.1008563005018354,0.2499385149259755,0.24687149034645506,0.0,0.06180120810257015,0.0,0.0,0.048870155360018736,0.09327586432566552,0.0,0.0,0.0,0.11004112215992311,0.0,0.043529765021964525,0.0448155792555919
spot_0922,0.4289534116854884,0.0,0.09564275549941768,0.005379328442218928,0.0,0.03300033900767492,0.12271314927039646,0.08600965083350855,0.0,0.02366430581285327,0.03955349373652113,0.0,0.06999273430731677,0.0860663380804028,0.0,0.009024493324200954
spot_0923,0.2179244931556204,0.0,0.16213550512699218,0.17431266102557985,0.01739910793954879,0.03864568249629995,0.04272277755776462,0.13384084337107627,0.0,0.0395341900452407,0.0,0.0028695204561590935,0.04706047099722366,0.029220783534367804,0.07339708644416051,0.020936877849966166
spot_0924,0.18344101190322298,0.3349374494835995,0.0,0.15506104861915312,0.0,0.004063466236659428,0.12509721411681812,0.1154434470909319,0.0013557003670527637,0.0,0.0,0.0,0.0806006621825623,0.0,0.0,0.0
spot_0925,0.12766163946182818,0.0,0.0,0.30246745676308173,0.04537428932812431,0.0,0.21747387497669704,0.09845420599123543,0.06259031478055169,0.029824801421744946,0.05804377393271118,0.0,0.0,0.0,0.0030266263690538696,0.055083016974971505
spot_0926,0.12983832293631978,0.07300369022153338,0.24007657137193858,0.08975209635828531,0.08095925666381508,0.006924801242518327,0.05635387343838647,0.12634635732496574,0.0,0.027895986551780078,0.032469735812824856,0.0,0.11686978139066671,0.019509526686965803,0.0,0.0
spot_0927,0.13453375852190733,0.3189727634252929,0.2718061796949124,0.0,0.0966025758801167,0.025150413882784828,0.06618828246086357,0.009057093048911898,0.010541923955932155,0.06383111649372494,0.0,0.0012506739044045542,0.0,0.00020691664261161103,0.0,0.0018583020885370454
spot_0928,0.24424010489872716,0.0,0.15318363290452336,0.194271006774399,0.020031110647235922,0.00872433721264301,0.0007284994687610447,0.005838475055983631,0.0,0.0,0.09422507803696764,0.09375339979416211,0.04603948694031862,0.019234199967314253,0.11973066829896431,0.0
spot_0929,0.19792638080571975,0.2968797585118128,0.24219814065926626,0.0,0.044687293595788144,0.0,0.0,0.0,0.005665925098694331,0.1602642402984303,0.0,0.0,0.0523782610302883,0.0,0.0,0.0
spot_0930,0.44872300156680367,0.14166935565567298,0.0,0.0,0.1684482262742719,0.0,0.0,0.0,0.0,0.14265530636493207,0.0,0.09850411013831932,0.0,0.0,0.0,0.0
spot_0931,0.30638974234821015,0.20057883723723302,0.15615535087703306,0.11257567803852346,0.07323728063702606,0.01886391039556369,0.0,0.0018944215584572662,0.0,0.0,0.051695818079596736,0.00233644297657009,0.006249855993565732,0.045864028433590616,0.004681804919792476,0.019476828504837708
spot_0932,0.3982988131354758,0.1983878969800035,0.0,0.09528832910650681,0.0,0.0,0.190002229993396,0.0,0.08385188278545266,0.0,0.0,0.0,0.0341708479991652,0.0,0.0,0.0
spot_0933,0.4418280429144114,0.0675542646366521,0.05594835841333364,0.1244303741005826,0.06793757863843702,0.0,0.0,0.0,0.06441394490525905,0.0,0.021007122975349766,0.02629147680818608,0.03198359299297881,0.0,0.013076123586632151,0.08552912002817728
spot_0934,0.22294153615196666,0.0,0.0593286453793512,0.199722852303113,0.0,0.0,0.1032740303311073,0.0,0.0,0.0,0.04625938042004237,0.24596820772310876,0.0,0.050600763768810564,0.07190458392250014,0.0
spot_0935,0.611337400932999,0.0,0.0,0.030564458795502413,0.0,0.0,0.2168289286568816,0.029647908654376446,0.019913578486893208,0.019872121717592776,0.047571772145111824,0.0,0.013492966211931403,0.0,0.0,0.010770864398711277
spot_0936,0.4753786731843266,0.17429281237456132,0.06357482525040237,0.06002150766827485,0.0,0.0,0.0,0.015212190679069783,0.009844254167554415,0.004228897922097421,0.0,0.0,0.19744683875371313,0.0,0.0,0.0
spot_0937,0.37827717821080925,0.41382699132431355,0.006770986851330079,0.002200631059476777,0.0,0.0,0.10883448884503337,0.0,0.0,0.08292822241390155,0.0,0.0,0.007161501295135478,0.0,0.0,0.0
spot_0938,0.5456527149631856,0.05663501491778372,0.10658170960912328,0.09697849538356001,0.0,0.0,0.00381478591883181,0.0,0.03710215858765009,0.0,0.1532351206198655,0.0,0.0,0.0,0.0,0.0
spot_0939,0.4398423634006317,0.006737131652436932,0.09517735245164749,0.0381417419604257,0.24408798012605915,0.0,0.0,0.04294302919957975,0.005458615849207424,0.0,0.06934345639846332,0.0,0.0,0.000323946446208849,0.04018828564272791,0.017756096872611597
spot_0940,0.3788209420677373,0.046787534305029306,0.19045374886152985,0.1401950377924057,0.07979346657330882,0.0,0.0,0.001686518771135652,0.0,0.0,0.04725343183317136,0.036986283608316885,0.07802303618736517,0.0,0.0,0.0
spot_0941,0.0,0.22762836096111544,0.2921497213228392,0.1804628709460114,0.00919379108071707,0.006618262575351931,0.0,0.08602331231797149,0.013588806542159505,0.035947541809628114,0.07874909564189339,0.0,0.012727839624417705,0.002159518863117851,0.054750878314776916,0.0
spot_0942,0.15279011275201,0.10896838925267775,0.011633850484363228,0.13808990705030455,0.03825560616152156,0.05612798049525279,0.13376985408974978,0.010378735002870969,0.0,0.08345880494191542,0.060024238095428,0.018185116122423947,0.03219994002302944,0.05019064492756219,0.015832843462467435,0.0900939771384229
spot_0943,0.0,0.17796697094414224,0.0,0.440932866137717,0.012808281609539464,0.0,0.15388411723047798,0.02157976195014337,0.0,0.0,0.13707653637690567,0.025819048818910867,0.004693808308992393,0.0,0.023513653032718445,0.001724955590452556
spot_0944,0.20089686285665917,0.06513329154761255,0.17836757425354074,0.27873575574936355,0.218504627990152,0.0,0.0,0.0,0.0,0.018072713224843055,0.015881706073413868,0.02440746830441508,0.0,0.0,0.0,0.0
spot_0945,0.2715503856127079,0.09544052952690275,0.11402716976725895,0.009322601593294013,0.2766739964887654,0.016566309817856024,0.0,0.13243811591572296,0.0,0.0,0.0,0.07823718219929635,0.005743709078195921,0.0,0.0,0.0
spot_0946,0.33161132309631974,0.18004747134482854,0.40683835712708244,0.07176521393595198,0.0,0.0,0.0,0.0,0.0,0.0,0.0,0.0,0.008627561456358982,0.0,0.001110073039458259,0.0
spot_0947,0.14417887289353046,0.12367027328842867,0.2693513075221876,0.12701839234020096,0.026207735919613003,0.012886285141281954,0.07423152004844955,0.03297057295553819,0.0,0.0,0.033708014431892974,0.0,0.12886690759861955,0.02210635953861621,0.003617689707619172,0.001186068614021756
spot_0948,0.0,0.2026183209069489,0.11370528123719165,0.26829065007119646,0.07140856922001913,0.0,0.06117908010876123,0.15497624114296038,0.0022028061619442665,0.0,0.004878764821507369,0.0,0.06657658818045976,0.007355463262785874,0.04680823488622517,0.0
spot_0949,0.26010576508776395,0.09637379702566791,0.13679050061640977,0.1731676818887746,0.0,0.036230371562533836,0.0,0.08552054303311209,0.0,0.0,0.08663094689792653,0.019480831666737836,0.0,0.07785824321486902,0.02784131900620444,0.0
spot_0950,0.4173806006761274,0.043023588239101004,0.12729287175625112,0.0,0.08101337161858438,0.04911237772976624,0.0,0.01483859759568961,0.0,0.009086910740805726,0.029245505437579485,0.10953902105651032,0.026757308871562777,0.09270984627802185,0.0,0.0
spot_0951,0.059816765405161926,0.22297327251636118,0.2006635476067336,0.0,0.01666083328916632,0.027402167545294554,0.0265146429063724,0.015127128974789582,0.057033791869499736,0.1726015687441572,0.015698812981987248,0.0203425135110129,0.10795442563972794,0.05012771154511903,0.0070828174646161875,0.0
spot_0952,0.30883905866353023,0.3890482172403629,0.05102970411123682,0.066468119121818,0.0,0.0,0.08486338392688493,0.0,0.01839446956935406,0.007536007263953105,0.0,0.0,0.07382104010286002,0.0,0.0,0.0
spot_0953,0.04264705812837537,0.3269131024398638,0.0,0.012622782352609375,0.14489749074637906,0.0720107007811943,0.1579720724067338,0.04579144062605681,0.06504934878662423,0.09680740492999063,0.0,0.0,0.0003588395065377372,0.006685592977242892,0.0,0.02824416631839189
spot_0954,0.3139317992921897,0.08924960336243482,0.3474715968124659,0.1274188598145503,0.0084542975662191,0.0,0.0,0.0,0.0,0.0,0.0335759603568396,0.03198682043819431,0.036193286714493254,0.0,0.011717775642613015,0.0
spot_0955,0.3756428621861531,0.11839273832729835,0.11638322410525771,0.19594986231234626,0.0,0.0,0.11948551668791277,0.0,0.0,0.051519965611977483,0.017530847488088253,0.0,0.0,0.0,0.005094983280966101,0.0
spot_0956,0.21051031308256962,0.08532225275682678,0.32139965199536846,0.08878110565563876,0.00971252567599187,0.0,0.0,0.0,0.043838862763803985,0.03618601917258752,0.031203115361229286,0.0789394208632081,0.03955322928673542,0.0,0.0,0.0545535033860401
spot_0957,0.03656230425304972,0.0,0.33164960163464774,0.2526072500252415,0.0,0.0,0.0,0.054508695053619674,0.16684228142317128,0.015344700137408084,0.07384998668629628,0.0,0.023076501904497084,0.0,0.04555867888206855,0.0
spot_0958,0.5754341218365326,0.1259457615304094,0.0,0.05671880315186329,0.11601649994805305,0.0015329491720230324,0.0,0.0,0.0,0.0,0.056402142923980034,0.06794972143713855,0.0,0.0,0.0,0.0
spot_0959,0.22274879351808655,0.0,0.024753308444807668,0.22847597165220412,0.1572979775158888,0.0,0.0840023230125493,0.16254556850195837,0.0,0.0,0.08804628914136835,0.0018814173797147343,0.02536461927381164,0.004883731559610472,0.0,0.0
spot_0960,0.2560274566940179,0.13538183400964662,0.3473839178736491,0.20355692191847452,0.0,0.0,0.0,0.0,0.0,0.0,0.022361533127090976,0.010025136142808344,0.01903860352116986,0.0,0.0,0.006224596713142693
spot_0961,0.40178223416133335,0.1908196470786382,0.164605162609509,0.0,0.0,0.0,0.21161986096761315,0.0,0.0,0.0,0.0,0.0,0.012804430651756737,0.0,0.018368664531149544,0.0
spot_0962,0.3807591861877804,0.18308734413473512,0.054363620518600844,0.013276304680674852,0.13075594528695164,0.0,0.0,0.0,0.0,0.005906927416992723,0.031709345833599654,0.022714743792070644,0.16565849897427112,0.0,0.011768083174322978,0.0
spot_0963,0.4866591229275264,0.11005066815849664,0.04616402290244832,0.06488530734979352,0.12851586534501086,0.07327260224493969,0.0,0.0,0.0,0.008786545167425906,0.08166586590435888,0.0,0.0,0.0,0.0,0.0
spot_0964,0.35144552694861236,0.1864397326576982,0.0,0.0,0.202277308807687,0.0033004138119112824,0.0,0.0550883184794818,0.057236712445500826,0.020421859436393762,0.0,0.033576487450990206,0.04699961525040008,0.0,0.02210842593881838,0.021105598772506225
spot_0965,0.4900439553278096,0.10324112539464901,0.05054508070398066,0.19350590172143597,0.14951346824794887,0.0,0.0,0.0,0.0,0.0,0.0,0.0,0.0,0.0,0.0,0.01315046860417604
spot_0966,0.036620820436437704,0.11434321997938103,0.14235134943334424,0.14669506355140607,0.22876950969594392,0.03186521352348279,0.0,0.0,0.08183746681577006,0.0668838606921942,0.06068143662452954,0.0,0.0,0.021094527954949503,0.02325851877694516,0.04559901251561575
spot_0967,0.27817976373894343,0.0,0.16434073536120494,0.0,0.29186190942003865,0.0,0.03060735087039121,0.08010407459498271,0.0,0.0,0.0,0.025232421693744247,0.0,0.08076843384549044,0.04890531047520439,0.0
spot_0968,0.18757317237805554,0.33039624810051355,0.03179636087379289,0.08395768994615684,0.06159373370990354,0.0,0.025604686474721576,0.034117481511565996,0.08422816924675952,0.01801628429758669,0.0,0.048942982033343005,0.04580034202938431,0.0,0.020702071858007313,0.027270777540209207
spot_0969,0.2933260455865675,0.04460235701878772,0.1579323010027161,0.05827466806115358,0.07573493534789323,0.0,0.023077492435469638,0.1986482194465495,0.0,0.0,0.06302002561942734,0.016639133730160714,0.03988398292951913,0.02886083882175552,0.0,0.0
spot_0970,0.2991835185169864,0.11671330088850354,0.2040619002460527,0.0,0.1970059234567108,0.0,0.0,0.0,0.1048335844260578,0.014953741764634152,0.0,0.041879019888246286,0.0,0.02136901081280853,0.0,0.0
spot_0971,0.340182347793235,0.21293420284295275,0.22537259290393605,0.026033367580556903,0.0,0.039714218075728,0.038868210181883044,0.07206921003774665,0.0,0.0,0.03524697880765477,0.0,0.0,0.006346201366952259,0.0,0.003232670409354733
spot_0972,0.13057725188771155,0.22524522457210494,0.0,0.3117791567040169,0.10241589507345424,0.0,0.0,0.0,0.0,0.0,0.2230916878297967,0.0,0.0,0.0,0.0,0.006890783932915565
spot_0973,0.2077847658734681,0.0,0.1206081817158064,0.09548696015707017,0.0,0.03779729867595595,0.12303984759014845,0.04262443418923537,0.09445045896402247,0.011008972340658106,0.03076764188136723,0.10963738643038864,0.10373521898787005,0.0,0.01970163820112482,0.0033571949928843325
spot_0974,0.0,0.44269162236949583,0.2437264795646873,0.15863137168384234,0.0,0.0,0.0636931916333183,0.0,0.0,0.047655584332289586,0.0,0.0,0.04360175041636693,0.0,0.0,0.0
spot_0975,0.2959651590940546,0.0,0.017619876051601795,0.19304403658658856,0.0,0.008967981349951607,0.0,0.06359560269178555,0.03360235614760872,0.08270897587321202,0.203901620475276,0.0,0.0,0.051937512187885025,0.048656879542036076,0.0
spot_0976,0.05595374093659246,0.44438535280201724,0.25927663615294094,0.0,0.0257956488509425,0.0,0.0,0.0,0.0,0.06917385594404374,0.0,0.042217522975855744,0.01763862699280318,0.0010413541606561862,0.0,0.08451726118414803
spot_0977,0.7128023373694463,0.0,0.0,0.12943744279803415,0.0,0.023463990554207653,0.0,0.015419442424746235,0.0,0.0010082107315171741,0.04896968130081089,0.0,0.0,0.023821177138524163,0.04507771768271341,0.0
spot_0978,0.5336543078769856,0.07854181094610253,0.004578665414537409,0.0325636767614389,0.010797831428707163,0.0,0.0,0.12045433551592512,0.0,0.009819623242302438,0.012352802482297049,0.1302554889324424,0.0349749757337155,0.03200648166554558,0.0,0.0
spot_0979,0.2758524778247847,0.12608599694371464,0.03249955020122827,0.052032620393481104,0.008440460891926078,0.02216880211981304,0.04116955928943739,0.0029008785835458683,0.08232702231935782,0.032014039034994383,0.03287697832465844,0.10603461104760849,0.0,0.0538489628430217,0.0932541287894561,0.038493911392971876
spot_0980,0.40927639510543046,0.4027100804166664,0.0,0.07839225708502018,0.0,0.020392203131641886,0.0516582121503384,0.013345657747831443,0.0,0.0,0.0,0.0,0.0,0.007290287630968914,0.016934906732102545,0.0
spot_0981,0.2537117256781227,0.07144831763651394,0.2313255260279131,0.1394575439641191,0.04724416435537384,0.027886003726517103,0.0,0.02486591668469893,0.0,0.058538537703174326,0.09437192555434692,0.0,0.0,0.0,0.014348627009795351,0.03680171165942455
spot_0982,0.20435367399271945,0.47595347488262085,0.2120392053854892,0.0,0.0,0.012683052993196527,0.0,0.0,0.0,0.0,0.014859747978097991,0.04888064654127638,0.031230198226599507,0.0,0.0,0.0
spot_0983,0.4657805820899397,0.31285377154411864,0.03307954454406978,0.0635155265291974,0.0,0.0,0.0,0.0,0.0027780709595982755,0.0020632185303469694,0.002384812289907205,0.0,0.10112521592347179,0.0,0.00891501095355734,0.007504246635793068
spot_0984,0.3612510403610969,0.26248596459003504,0.06850024953697528,0.0,0.0,0.030864084642492576,0.12502645239222268,0.07920910022220459,0.013018841314582027,0.05287934388628036,0.0,0.006764923054110709,0.0,0.0,0.0,0.0
spot_0985,0.10423094318921015,0.0,0.0,0.20516474692364506,0.15712487956661952,0.0,0.0,0.0161760211630823,0.13138249432817903,0.07242253013449948,0.050895149272520646,0.22759963725708002,0.03500359816516396,0.0,0.0,0.0
spot_0986,0.11857320747224036,0.23834083068389375,0.050861993258147636,0.12368593453762765,0.09512944733470591,0.05585527585291845,0.08635039403457037,0.08383318057409536,0.08306119296999272,0.01629285536962231,0.0,0.027734930169281847,0.0,0.020280757742903745,0.0,0.0
spot_0987,0.4916832079714232,0.4514489210258128,0.03517103056841092,0.0,0.003684041631651562,0.0,0.0,0.0,0.0,0.0,0.017850109023796926,0.00016268977890456732,0.0,0.0,0.0,0.0
spot_0988,0.21845140797525586,0.23839908063060936,0.10369512218752934,0.31809421331158366,0.0725465958612385,0.00709612819593245,0.01298965953194447,0.0,0.0,0.003261768457466159,0.0,0.0,0.025466023848440326,0.0,0.0,0.0
spot_0989,0.23037470692381629,0.28526812862970263,0.017774403718598702,0.364862572067654,0.02126680995832087,0.025161239271623115,0.01737298717939016,0.0,0.0,0.006640224108790967,0.03127892814210329,0.0,0.0,0.0,0.0,0.0
spot_0990,0.3489358219504234,0.1204493194245848,0.30308205547473654,0.0009928752386226026,0.0,0.022358556617074577,0.026043048506150634,0.015628237831421535,0.0,0.09898556104898393,0.03390310006749478,0.0,0.0,0.0,0.02962142384050742,0.0
spot_0991,0.21905068565836974,0.07672901492592688,0.4131057035862273,0.0,0.0,0.0,0.002907448141407277,0.0,0.0,0.09434002459753064,0.06325571852095836,0.0,0.03181064563781727,0.05981976669538744,0.01226611583030431,0.026714876406070745
spot_0992,0.0,0.0,0.37302814447374594,0.11926599086244566,0.15622242326550012,0.011284426620685186,0.10308650039457455,0.14025632737355806,0.0,0.0,0.0,0.048349325503564945,0.0,0.016332769711399107,0.03217409179452641,0.0
spot_0993,0.3019608525434409,0.31973743774227925,0.0,0.10668544178515427,0.0,0.0,0.1497143491868556,0.0,0.0,0.0,0.010104747793203717,0.0,0.11179717094906629,0.0,0.0,0.0
spot_0994,0.18465685603104023,0.12971867516678084,0.054372950264204155,0.15603284154245817,0.21805940723933354,0.0,0.0,0.0033020064805494515,0.0,0.0,0.17571339141910397,0.025007878059800218,0.03317846595661542,0.0,0.019957527840114016,0.0
spot_0995,0.20196743502517686,0.18347289564725303,0.3175435688009249,0.06432997795234231,0.0,0.0,0.1259412698106589,0.017588477821253726,0.01176026396580304,0.0,0.0,0.0,0.0709967638133268,0.00639934716326026,0.0,0.0
spot_0996,0.350683028186538,0.08259647900841274,0.15892502455335708,0.09077954060032498,0.030825676234593525,0.01022837773288815,0.09007144055068325,0.0,0.0,0.0,0.11248430451812938,0.02593823106034889,0.0,0.0,0.047467897554724046,0.0
spot_0997,0.4482464920294752,0.0,0.18663116536689286,0.0,0.08134241293845465,0.00706454519182644,0.0,0.04586380249509515,0.1475021951755576,0.0,0.0,0.04516849292102661,0.0014853370330058474,0.0,0.03669555684866558,0.0
spot_0998,0.26635711634871606,0.1819984536014177,0.3943809970248839,0.0,0.015580960474062246,0.0,0.0,0.0,0.0,0.07803165450359442,0.0,0.0636508180473257,0.0,0.0,0.0,0.0
spot_0999,0.25282936758847147,0.22882448103656539,0.16310949436757108,0.288690044690257,0.05527669197290929,0.0,0.0,0.0,0.0,0.0,0.011269920344225885,0.0,0.0,0.0,0.0,0.0
spot_1000,0.3373201015824642,0.19599033689180573,0.09379261022176687,0.05947373569098043,0.0,0.061835397787068556,0.12489234148129397,0.0,0.0,0.06104379883036229,0.0,0.03521425501836192,0.0,0.0,0.02376162465721483,0.006675797838681147
spot_1001,0.5513811245622977,0.05375196181191397,0.0,0.18851921052163326,0.0,0.0,0.06542358102863477,0.0,0.0,0.0,0.025740679562078043,0.0,0.11081743464830306,0.0,0.0,0.004366007865139241
spot_1002,0.402008782347418,0.27845436396587925,0.0,0.0,0.0164131988942764,0.0,0.0,0.0,0.049904309877613934,0.08044004065333603,0.0,0.11463255503127395,0.04358514007086846,0.0,0.0,0.014561609159333987
spot_1003,0.36627830117428134,0.0,0.18938964400657538,0.0,0.1005764067248045,0.0,0.0,0.015615138656931404,0.01803114149762704,0.034869315893964734,0.039752182936863695,0.21992073125727696,0.0,0.0,0.015567137851675019,0.0
spot_1004,0.6474229801741205,0.2276618045809297,0.1195337218726539,0.0,0.0,0.0,0.0008215563018924416,0.0,0.0,0.004559937070403498,0.0,0.0,0.0,0.0,0.0,0.0
spot_1005,0.39093523085206966,0.07173575251430733,0.11641348282802721,0.05853395181516994,0.07096860535166484,0.0,0.0,0.026900949327996797,0.0,0.0,0.15209405550607077,0.03525077225572686,0.0,0.0,0.07716719954896661,0.0
spot_1006,0.5375850332196815,0.0,0.0,0.0,0.39008531233098137,0.0,0.0,0.0,0.0,0.0,0.0,0.07232965444933707,0.0,0.0,0.0,0.0
spot_1007,0.4107899970295153,0.10818378635812802,0.03253185385316014,0.1386502047690467,0.09062224149413861,0.015598369215575307,0.04932034867895553,0.048836876390029794,0.0,0.0,0.046863360250769405,0.0,0.009381924151651814,0.041564522304866826,0.007656515504162378,0.0
spot_1008,0.23321963623895797,0.15146086367036568,0.12955308464629214,0.0,0.29052496120618,0.0,0.0,0.0,0.0,0.07403128808671927,0.018801726078197745,0.026142997422395793,0.048287520666786585,0.02353606411750379,0.004441857866601008,0.0
spot_1009,0.1674910963974574,0.022137601417109593,0.22990124768647058,0.24071327530888428,0.049393322919422805,0.053948271612908605,0.0,0.0,0.0,0.04369713699624955,0.05914769887353129,0.018193882174325344,0.0,0.0,0.04165403671589869,0.07372242989774186
spot_1010,0.2474027495809193,0.22600559478857316,0.27889020172159484,0.0,0.07402893693056767,0.04201339596655238,0.0,0.00039698923698922413,0.0,0.0,0.021691717933543762,0.053426068481435184,0.0,0.053112114343345194,0.0,0.0030322310164792613
spot_1011,0.19200410105992846,0.0,0.0,0.09195756529177185,0.07226209685743143,0.0,0.0,0.10877309096345238,0.107991059734267,0.05955938489036047,0.032140648927524815,0.22258191426534796,0.0,0.0,0.05641778521613315,0.05631235279378246
spot_1012,0.29146511575416656,0.16581998630938763,0.0,0.27652717605974275,0.15929933090267956,0.0,0.0,0.0,0.0,0.0,0.021849976743042634,0.06094329407206255,0.024095120158918237,0.0,0.0,0.0
spot_1013,0.1462919663034359,0.0015748833433794976,0.34367266675522323,0.0065224135966964625,0.06366853094514015,0.001486180184106333,0.02384523005720083,0.08140634252449985,0.04547478106194622,0.06561758971952204,0.0,0.15529970621736017,0.04751043546164627,0.0016215446888914074,0.0,0.016007729140951676
spot_1014,0.2938115991793562,0.02585932152445635,0.2256068772689254,0.19317634146557142,0.10273256090599518,0.0,0.0,0.0,0.0016623103239598194,0.00654389129849833,0.005465571045811714,0.008512479578153183,0.0,0.10748087212497132,0.029148175284300876,0.0
spot_1015,0.3048240081843191,0.3459088764166959,0.090401646370906,0.14698149251440004,0.014714054157006894,0.0,0.0,0.0,0.0,0.043608406046219746,0.0,0.0,0.04463699235093327,0.0,0.0,0.00892452395951899
spot_1016,0.2483425691033313,0.2454209003438904,0.09311998738311955,0.18788905893018792,0.0,0.0,0.016675651106349748,0.0,0.0980192629580837,0.0,0.04020482442185247,0.030527445265918954,0.0,0.0,0.016666623266199554,0.02313367722106616
spot_1017,0.04738428861536951,0.2276639885781962,0.1447650393557246,0.2526980004623105,0.028093989385914755,0.0,0.042806197227093314,0.028735612014931265,0.0264184244418974,0.045503778118492974,0.008301531693373592,0.016932674074092952,0.0,0.03269504412102282,0.0823281505311411,0.01567328138043897
spot_1018,0.311430541419626,0.0,0.05702450921228893,0.24002009093374804,0.1416044591473631,0.011564380770912753,0.0,0.061200644460984055,0.015268938601031817,0.0,0.038608130949162364,0.05772178519424906,0.004435268024608116,0.015509188233823102,0.008038125626621722,0.03757393742558116
spot_1019,0.1048000017283444,0.3577386503009045,0.07585787478700363,0.08782742912410223,0.0,0.017065827483704738,0.017968517218842354,0.0835943752971962,0.0,0.009950882519997864,0.03707549013485849,0.030785884186537115,0.17196543135864711,0.0053696358598613525,0.0,0.0
spot_1020,0.2059916155672247,0.18326184433874818,0.18468627906541168,0.14846232314894892,0.06516800461164798,0.0,0.0,0.0,0.018998382306773986,0.014863152767891274,0.013121759270374733,0.04285269819438426,0.03986585712435172,0.03336091093222247,0.0,0.04936717267202006
spot_1021,0.057926095005256105,0.12978156559995704,0.20565240468132553,0.0,0.0,0.09346023148247941,0.015505114794825272,0.0618321679324461,0.19955323603547165,0.009580419270369405,0.09826107594947256,0.0,0.02324131950670343,0.02524557818925858,0.0,0.07996079155243493
spot_1022,0.31775530835450316,0.13524545738321508,0.32790066795209794,0.0,0.08111186255767,0.0,0.0,0.0,0.0,0.12595645572397077,0.0,0.0,0.012030248028542929,0.0,0.0,0.0
spot_1023,0.04405728681451227,0.0601123833913191,0.18831115845439617,0.15358625752157648,0.04774411216371695,0.029860679774155928,0.08870692473618572,0.12106315433853565,0.06137753228838433,0.008828976765924076,0.11938637319784191,0.021610624250017016,0.0009620914126914116,0.0,0.05439244489074313,0.0
