spot_id,CD14 Mono,CD4 Naive,CD8 Naive,CD4 TCM,CD16 Mono,NK,CD8 TEM_1,CD8 TEM_2,Intermediate B,Memory B,CD4 TEM,cDC,Treg,gdT,MAIT,Naive B
spot_0000,0.08289881560079919,0.18454242360495512,0.26689707385591427,0.12072099777770799,0.13772617806213866,0.01789947718851357,0.0,0.03482693624789807,0.0011101952813375112,0.0,0.0,0.1324110648274332,0.00881051862869093,0.0,0.012156318924611423,0.0
spot_0001,0.11169600102467893,0.16636904237104527,0.09871545906973628,0.3189861457322464,0.11895823247800079,0.05177593188021616,0.013062663667677056,0.08810125591585341,0.0,0.0,0.010996389913553171,0.0,0.021338877946992567,0.0,0.0,0.0
spot_0002,0.528993249020659,0.06678740956902121,0.1285394861715418,0.07807870537799223,0.13191039351098757,0.0,0.0,0.0,0.0013296928013943892,0.0,0.0,0.06436106354840387,0.0,0.0,0.0,0.0
spot_0003,0.1347852078863368,0.0071378694752789185,0.06060087399725603,0.3843896780663921,0.0,0.0,0.0,0.025471613797642297,0.08238317827756257,0.06360600903847151,0.034037292643494345,0.0,0.14393804670037388,0.0,0.0,0.06365023011719162
spot_0004,0.03178882791701092,0.09953627813563784,0.1672191872380323,0.1190506588769416,0.02703051149918009,0.0,0.16828938281264622,0.03631989674610371,0.0857345350892745,0.0,0.08057444581499607,0.0471021371063349,0.08268197671575912,0.0,0.0,0.054672162048082784
spot_0005,0.19408242426639277,0.1789703950892574,0.15585528696585127,0.17697611271131378,0.15527201367448015,0.0,0.0,0.010190837285150002,0.0,0.0,0.0,0.06837702645356374,0.05539127430950835,0.0,0.0,0.004884629244482461
spot_0006,0.08667562537109208,0.2832914189093342,0.02320291169700282,0.009164438402533118,0.12421264499618465,0.03759710491340924,0.0662068011332433,0.0,0.03231509264515022,0.1159748571170042,0.0,0.13287816326306276,0.07808291799550245,0.010398023556480849,0.0,0.0
spot_0007,0.33147606165467614,0.0740977490359261,0.22571699204552356,0.0,0.0,0.06478887441814919,0.002819471612328067,0.15618701788088407,0.04846645485535727,0.010781923268565677,0.0,0.000946826587624389,0.01638564318889873,0.04672916319588628,0.0,0.021603822256180513
spot_0008,0.5124888295259655,0.21715330679844191,0.11638336057573791,0.0,0.0,0.0,0.0,0.0,0.04263674555594053,0.0787007969756609,0.024431946730410416,0.008205013837842858,0.0,0.0,0.0,0.0
spot_0009,0.2434132744420259,0.011136440199825258,0.3065205742791637,0.10343755943374153,0.08072433933145157,0.04039484884265444,0.005022689119923885,0.0,0.037493993954972236,0.004752829038973251,0.006297373289976219,0.06927884250751336,0.043587227935186774,0.0,0.011523698149831802,0.036416309474760086
spot_0010,0.4051960241302936,0.35951371433413365,0.05998630461208123,0.0,0.0,0.0,0.006199716980512121,0.0006273165211478062,0.0,0.0,0.0,0.056061928686471044,0.02044103199992818,0.0,0.09197396273543236,0.0
spot_0011,0.225101691704081,0.11227004168612427,0.19067745234541067,0.019129048532763676,0.0,0.08751512425516675,0.08787891886627537,0.11766052548165704,0.0,0.0,0.01552304941308174,0.0,0.06245266064627686,0.021414694756555445,0.060376792312607085,0.0
spot_0012,0.47740474794538784,0.18626190224808117,0.12179115703935794,0.0,0.014302943643104783,0.0,0.0,0.0,0.13056912625069178,0.008606460796783072,0.0,0.0,0.01283047725191974,0.0,0.01954200833738678,0.028691176487286994
spot_0013,0.2933924120883865,0.21656806820502505,0.24314595847364215,0.0048117107649834874,0.0,0.005153879060623169,0.0,0.0,0.03678476233195156,0.0,0.019919692902690272,0.18022351617269777,0.0,0.0,0.0,0.0
spot_0014,0.13097762753129064,0.32938939625225744,0.03393114017542193,0.15040932417000108,0.17293916941713436,0.0,0.0,0.0,0.0,0.1391206083162263,0.031437855051787256,0.0,0.0,0.0,0.0,0.011794879085881059
spot_0015,0.3207017991595408,0.03134341305581311,0.15774152449670614,0.18979058949082775,0.10542057899707717,0.02129514764721493,0.0,0.0,0.031131145592986128,0.0021246483926949276,0.07218326342315932,0.027287482076071855,0.0368937177603686,0.0,0.0014508572253302703,0.002635832682209044
spot_0016,0.05577545609362951,0.0,0.12380113278663293,0.14291060144704582,0.10493700788513032,0.06634845002807133,0.14722489856865342,0.062372527671174564,0.13066554137037809,0.0,0.1166966981376777,0.0,0.0,0.0038595492756754086,0.02617401607327961,0.019234120662651254
spot_0017,0.4144110505988696,0.05523721914350722,0.1915649047578072,0.05773379908887827,0.10107466510319264,0.0,0.0,0.0,0.0,0.0,0.05259966716519605,0.05933754872743882,0.057184534438096006,0.0,0.010762750788653385,9.386018836078944e-05
spot_0018,0.3473945028458792,0.009180189395897057,0.0,0.31552331527116184,0.12062140619683373,0.0,0.0,0.008785131572258856,0.0,0.06539292921454,0.01125288157179532,0.008108387262470889,0.0012517527768126089,0.0,0.05931631122746591,0.05317319266488463
spot_0019,0.3185569337946215,0.0,0.0,0.11021221962820048,0.03481965857747587,0.0,0.11628785037721334,0.09897110147671921,0.0,0.0,0.1430064196734143,0.0793157083903114,0.0,0.011917652300579713,0.08691245578146393,0.0
spot_0020,0.43232246092250237,0.0,0.41309635815211815,0.052089741270675304,0.0,0.0,0.027550738206276917,0.0,0.0,0.0,0.059866668449274324,0.01507403299915299,0.0,0.0,0.0,0.0
spot_0021,0.5608230687347643,0.07599256968739294,0.08976120597745074,0.0,0.10510073985045684,0.012798437126970352,0.07310970206192617,0.0,0.0,0.0,0.050462271251530424,0.023011446728241305,0.0,0.0,0.008940558581267159,0.0
spot_0022,0.34263652009892653,0.16430917641415374,0.0,0.1556020677970177,0.11377988934283856,0.0,0.0,0.0,0.0,0.0,0.07881756935897595,0.05071909185303345,0.09413568513505415,0.0,0.0,0.0
spot_0023,0.2256138615580503,0.0,0.1181754368432791,0.3684078807455423,0.04318331963749553,0.0766821356709101,0.0,0.0,0.0,0.0,0.015283556216430056,0.015312204118514024,0.06679131239426857,0.07055029281551,0.0,0.0
spot_0024,0.0006620412199786912,0.5551604054499589,0.08997486296541769,0.17125598843057763,0.0,0.0,0.025252172067391544,0.0,0.0,0.0,0.05276685126803756,0.0048282515290763535,0.06263814440722233,0.0,0.037461282662339196,0.0
spot_0025,0.0,0.21320812779940596,0.0,0.008595645148659042,0.011200102746727999,0.0,0.20056174326117335,0.08000508887615837,0.0,0.014033318368031419,0.03654954644118456,0.40491401204519634,0.0218751642437603,0.0,0.0,0.009057251069702859
spot_0026,0.3241723025914176,0.16974921797238507,0.14456754015828013,0.001911782286949314,0.09176858980941527,0.0,0.01992932119967035,0.12378415083611374,0.0,0.0,0.03515728697743257,0.022197016544835853,0.009802505898085796,0.054619336256211876,0.002340949469202528,0.0
spot_0027,0.07242597359267396,0.0,0.0,0.04014088777445517,0.10359978613118852,0.07788323965234616,0.11666525019703058,0.21326048929133393,0.0,0.0,0.03091332959350868,0.16472675630937605,0.0667211986157224,0.11366308884236459,0.0,0.0
spot_0028,0.11508264112682967,0.0,0.20985798169579978,0.0,0.28216503777028984,0.33806026543259743,0.0,0.0,0.0,0.0,0.03194364314788914,0.0034027641793527895,0.0,0.007404862375908887,0.012082804271332391,0.0
spot_0029,0.20600933161066515,0.0,0.17299138651921006,0.0,0.018667854914426157,0.10554438609278584,0.03994428456712693,0.058569271072781336,0.0,0.0370989337841857,0.12688291751078293,0.05210111911863896,0.06898919436496036,0.07505728767264651,0.03814403277179009,0.0
spot_0030,0.12954382484389879,0.12798110487827657,0.16815502953611264,0.0,0.16187195656013775,0.0,0.0,0.1511476515684014,0.13404097887579894,0.07533161662387713,0.0,0.0,0.0,0.0,0.014080270433725044,0.03784756667977177
spot_0031,0.2789619470886448,0.06307138097532652,0.261872685112055,0.16268392678456897,0.09555009064275194,0.0,0.02004936291066996,0.0,0.007711110329943823,0.025575109440860926,0.0470390172274177,0.0,0.03748536948776045,0.0,0.0,0.0
spot_0032,0.14841721728378296,0.1802621281699159,0.15855824242728914,0.0,0.10602516572330799,0.01529535136268837,0.04485975654451546,0.0,0.1316218704745775,0.08069366495859405,0.0,0.024282092408455743,0.04508770022804571,0.0,0.0,0.06489681041882718
spot_0033,0.631265443259622,0.0,0.0,0.05927884779519648,0.0,0.07231976531587589,0.060873787750719756,0.011209460463764163,0.0,0.0,0.0,0.0,0.05940794434213916,0.018770161450793566,0.08687458962188888,0.0
spot_0034,0.42187914109660896,0.02711652879297168,0.07595061740847826,0.3434723317583261,0.0,0.0,0.0,0.013148420132242346,0.005594674773354418,0.08384786539317195,0.0,0.0,0.028990420644846197,0.0,0.0,0.0
spot_0035,0.33634775475890993,0.0,0.05929706696819037,0.0,0.00712547003874804,0.12629532952387523,0.0,0.0,0.015037825763456763,0.27864919625865886,0.01819568961662449,0.015062311994398107,0.0,0.0,0.12032341861988484,0.02366593645725339
spot_0036,0.2210633913698352,0.0,0.20818423638870814,0.18846804144347518,0.036451953710291064,0.0,0.06863178176702125,0.059822244732441514,0.0378040794546093,0.020635741413818066,0.07204890997895505,0.019897325068903907,0.0,0.0,0.06699229467194123,0.0
spot_0037,0.13416865249596424,0.1107923311416004,0.05690600214829183,0.25421361558862227,0.0818487115117604,0.0,0.013454816488905483,0.10785020697088792,0.0,0.024664659167461075,0.0,0.08664108518952907,0.03038765877402815,0.011708517125081376,0.013547688617842004,0.07381605478002598
spot_0038,0.008642681374790542,0.2115042256257758,0.15000270351450296,0.18698229298609637,0.0,0.0,0.06733483343546727,0.1029069508674152,0.0,0.11482734531107863,0.10738302775715781,0.0,0.0,0.0,0.005164001072116011,0.04525193805559932
spot_0039,0.2086664215956572,0.0,0.22524540594497539,0.09734338475145508,0.23215701573647501,0.0,0.037995161036946785,0.0,0.02353068665192464,0.11256491619712138,0.06029210255751705,0.0,0.0,0.0,0.0,0.002204905527927379
spot_0040,0.3401683171415155,0.0,0.13445398036723186,0.05153632839554621,0.015613862683734912,0.0,0.14708615072668457,0.0,0.0,0.07792450579851821,0.1619905128534281,0.025695716961974317,0.0,0.0,0.0,0.04553062507136628
spot_0041,0.42548784909781046,0.04834880804491476,0.11592650131496347,0.032449953742448995,0.1673374883820151,0.0,0.0,0.026118059979177075,0.0,0.0,0.11280199578936567,0.06440429201213906,0.0004210613025550302,0.0,0.0067039903346103585,0.0
spot_0042,0.2468032702334605,0.00048070345893607195,0.22174595524658822,0.08205921156830333,0.02161170822144276,0.10453663330263276,0.0050180943398311275,0.13948079213848713,0.0,0.0,0.0,0.022605469028639164,0.06129235629218707,0.0,0.01045084119771969,0.08391496497177238
spot_0043,0.06940025003533594,0.11416886934874619,0.0,0.45677845047603205,0.04406969222634881,0.0,0.07372101703002167,0.14174467281406322,0.0,0.0,0.0,0.03645858760815358,0.013409887345849117,0.05024857311544936,0.0,0.0
spot_0044,0.09639924479647219,0.015439377423344619,0.20307917759860425,0.3339357342303176,0.15036601586345957,0.0,0.0,0.09290981217360746,0.0,0.0060676777353048765,0.0,0.0,0.0926995538238242,0.0,0.009103406355065215,0.0
spot_0045,0.12782977038124002,0.04801872477544763,0.15000729049330933,0.23184709713220913,0.05399465771386772,0.01421331325839007,0.0,0.02743790609604459,0.0733289015517605,0.1054602196625481,0.08833710170776053,0.03444644986760426,0.0,0.04319332385375219,0.0,0.001885243506065814
spot_0046,0.36761739118049885,0.07072976153947222,0.0,0.08212124404710407,0.17905467172769873,0.0,0.0,0.0,0.0,0.0,0.21119600321913523,0.08254778617017651,0.00673314211591449,0.0,0.0,0.0
spot_0047,0.07967140190017119,0.21388675850727187,0.3705683269988988,0.10288019309460394,0.0,0.0,0.0,0.0,0.021998998967827334,0.003582268441693122,0.09219273305001839,0.04765299724403512,0.018226496736055364,0.0,0.030948481167601256,0.018391343891823606
spot_0048,0.09980436388681208,0.1148715992377027,0.19062239123151486,0.0853055422172866,0.12916707436343652,0.08741690636991208,0.0623294604368399,0.0,0.0,0.08788007249051519,0.05610678078097095,0.05453615721740929,0.0,0.0,0.031959651767599545,0.0
spot_0049,0.0813662387576806,0.3419452346089067,0.12697071022669346,0.010508470631818463,0.15438063554157821,0.00363204496527,0.0,0.0,0.0,0.09861082935548936,0.02887923038439967,0.008615227071069488,0.05244669392560668,0.0,0.006220743175672693,0.08642394135581469
spot_0050,0.3617784184362988,0.054076678460300745,0.17561179878047045,0.04021196059501268,0.0791298967501722,0.0,0.0,0.08192733017360566,0.0,0.0,0.016090637000762822,0.11638548929597306,0.0,0.02318130013840059,0.051606490369002875,0.0
spot_0051,0.17114754877717522,0.0,0.06993106540322148,0.15787889049108406,0.15906266567458416,0.014095614309711296,0.0,0.07314585482712861,0.03278024962825899,0.029437198578045762,0.07561187274706409,0.0,0.09007964773841748,0.050790674334297986,0.04640198612742738,0.02963673136358352
spot_0052,0.23664897920144118,0.0,0.0,0.4202819941977181,0.08174184440856068,0.0,0.0,0.0,0.0,0.0,0.1766341395990266,0.07221777155846505,0.0,0.0,0.009669215323907994,0.002806055710880251
spot_0053,0.06497642517945523,0.047002535283610834,0.2377975362904689,0.06939991734696033,0.12512713360897226,0.0,0.03887348938942566,0.013043324266090044,0.06056068586377128,0.0,0.03188156239086638,0.11825587940248335,0.07456740580746975,0.0,0.11851410517042604,0.0
spot_0054,0.19003982910405098,0.23046755538427355,0.1501251160248021,0.15997068609190027,0.06355528380651804,0.0,0.008740091594131577,0.05501294124567592,0.012138398935423386,0.0,0.0,0.0864931051022927,0.0,0.017294014877149027,0.0004942792331846924,0.02566869860059757
spot_0055,0.13359533319700484,0.3413526491506436,0.2706659764556524,0.06406153118993442,0.0,0.0,0.0,0.15234016023000327,0.006294198365602745,0.008606371714089072,0.0,0.0,0.0,0.0,0.02136791496435402,0.001715864732715734
spot_0056,0.21595736862659767,0.3454332552791305,0.07030733114396667,0.06123654976377029,0.07802753711987248,0.08103794687474922,0.0,0.0,0.0,0.0,0.029092113788142124,0.1189078974037712,0.0,0.0,0.0,0.0
spot_0057,0.18360966233396203,0.13545167099679553,0.2489884968864089,0.18469539948917676,0.16090215394831694,0.010811458477834468,0.005266004926544305,0.0,0.0,0.0,0.03732206763780198,0.03224506347769462,0.0,0.0,0.0007080218254645194,0.0
spot_0058,0.42547275318150907,0.08996125831512322,0.0,0.0,0.038052865903199326,0.13054392765524425,0.09650593568848014,0.0,0.06735802040950079,0.0,0.0223150668248374,0.0,0.02911087959291305,0.04666641155252999,0.015523713715070603,0.03848916716159199
spot_0059,0.2440882766066146,0.0,0.0767343710295433,0.10408096032432265,0.3422211007589484,0.038119494700568156,0.0,0.0,0.0,0.0,0.0,0.025748366648076303,0.11628475680282228,0.02380995305860915,0.0199633413998578,0.00894937867063733
spot_0060,0.20533759481415617,0.03951368122974876,0.12159505680334705,0.07844843790700676,0.07715206918265473,0.1498906976436304,0.14303509274736234,0.15830934087696155,0.0,0.0,0.0,0.0,0.016238906886895468,0.008832229539478379,0.0,0.0016468923687584832
spot_0061,0.1664758198804205,0.5547875186999786,0.03498174366408053,0.027241624909171768,0.09215513374415475,0.03442623495881674,0.0,0.0,0.0,0.0,0.021579761394213432,0.0,0.02261177744229078,0.0035759503301290643,0.042164434976743936,0.0
spot_0062,0.1761997125136666,0.2835061080012648,0.15519747250048202,0.011051732757330648,0.03817607837835077,0.008352823624285074,0.0,0.06036690287809832,0.0030274108988692563,0.12360762967174166,0.01916818572230245,0.004002663054129243,0.04771691656533147,0.06962636343414758,0.0,0.0
spot_0063,0.2218136633185701,0.26060999296914616,0.0,0.12017530641427512,0.03174268219516324,0.0,0.0,0.0,0.0,0.23035622139070885,0.010704261512102374,0.043442931940657334,0.05874539736921738,0.008835202501276868,0.008911106034956331,0.004663234353926474
spot_0064,0.5738053926048864,0.0,0.1488016625796087,0.0,0.0,0.0,0.24745175429581154,0.0,0.0,0.029941190519693222,0.0,0.0,0.0,0.0,0.0,0.0
spot_0065,0.029985343004469645,0.2623411490273552,0.32973762747590873,0.33552144957045454,0.0,0.0,0.0,0.009550972206641405,0.0,0.0,0.0,0.0,0.032863458715170595,0.0,0.0,0.0
spot_0066,0.28348655782730325,0.11836442079130027,0.0578249945536274,0.07638820260569569,0.04999541030905586,0.11121435816076324,0.07127835396247835,0.0,0.01159006347760344,0.0038526612848247214,0.06624237709412369,0.037675976568966416,0.0,0.0,0.05599432232477719,0.05609230103948079
spot_0067,0.05455153498604455,0.06704199756968433,0.12944724994632867,0.26601938832282196,0.0711141212239627,0.0,0.07367548090962213,0.08704230344576756,0.046188672174373134,0.0051914913997351195,0.019155271987561007,0.03779331476988534,0.12340400512323871,0.007550593732657406,0.0,0.011824574408317542
spot_0068,0.22034045948491776,0.0,0.0,0.0,0.014342354987212511,0.0,0.0648078709473611,0.30086587938936094,0.03843916272433376,0.07761043172203162,0.1263792999109561,0.040079897953887465,0.0508149864391134,0.0,0.06631965644082526,0.0
spot_0069,0.2965719447431199,0.20050761744312576,0.19451267284845228,0.0,0.1423256611708978,0.0,0.0,0.0,0.07873343885303882,0.0,0.0,0.02026007571879375,0.0,0.0,0.0,0.06708858922257176
spot_0070,0.2604089579365286,0.13261510985807035,0.2540443770426715,0.0,0.1165979760194947,0.0,0.0,0.06054039023668118,0.0,0.0,0.03152268452871357,0.028016080362477585,0.04501609479511608,0.03777049712286639,0.033467832097380114,0.0
spot_0071,0.28271265566624315,0.22335866234034862,0.1775065478644012,0.0,0.07044222565465287,0.03683561160775958,0.0,0.0,0.04108889750403646,0.018230471624744806,0.0,0.04981304596034103,0.06266509060561748,0.0,0.007353480583872829,0.029993310587981842
spot_0072,0.1233139578783698,0.537936315392867,0.2501111853477888,0.06304958137702953,0.0,0.0,0.0,0.0056988933134874626,0.0,0.0,0.0,0.0,0.0,0.0,0.011543240075162348,0.008346826615294983
spot_0073,0.28454636597736316,0.15536320169626933,0.1333834884069021,0.0,0.22386413108318762,0.09851101860756088,0.0,0.016616046074352825,0.0,0.0,0.0,0.0031528015685358462,0.08456294658582814,0.0,0.0,0.0
spot_0074,0.2544538797557313,0.0,0.27843374624541706,0.1941972049792254,0.08650910803232245,0.0,0.021933097318255566,0.044361490756264006,0.0,0.04266569945583544,0.017817701931797766,0.0,0.02157593376787047,0.0,0.03805213775728056,0.0
spot_0075,0.18935457232368055,0.21795802668598951,0.12634569331069573,0.09788747858040041,0.0,0.10139296984324579,0.07732510344312836,0.0,0.0708435267262394,0.08373268586478926,0.0,0.0,0.0,0.0,0.005668416604162579,0.029491526617668407
spot_0076,0.25672466035053476,0.13727198541093394,0.21049018330449515,0.1544699526470467,0.06494782233663958,0.0,0.018885895521522613,0.0,0.08637051258475302,0.011384141004461142,0.01427095536259416,0.013336731159760378,0.03184716031725859,0.0,0.0,0.0
spot_0077,0.2095749758474095,0.20096577910792013,0.04916059426145827,0.1524263502654516,0.11708511422650995,0.011846118135248976,0.0,0.0641327238294735,0.01976848184230488,0.0054497963047132935,0.0,0.03428402843296061,0.08172693516868892,0.037123723524639766,0.016455379053220604,0.0
spot_0078,0.36574507572740533,0.21753551282500014,0.07432628597620554,0.006260238637946216,0.06746372348863197,0.017535954662929412,0.025488424459509988,0.17716372047224385,0.0,0.0,0.0,0.0,0.0,0.00037252746181580233,0.0390722455295406,0.009036290758770965
spot_0079,0.20260490371470433,0.25612707369094334,0.07602550599104194,0.07217877187362425,0.0,0.21403130295415515,0.00891676152952056,0.09417384478517167,0.0,0.0,0.04722671106406874,0.0,0.0,0.0007457038493147327,0.027969420547455402,0.0
spot_0080,0.29213233305265235,0.0775584770678022,0.16772338796490244,0.22084323083087182,0.0,0.07262656580044118,0.044755588550974286,0.0,0.03922598209178629,0.0,0.02423925565790653,0.0,0.0,0.0,0.027857776673920195,0.03303740230874246
spot_0081,0.45207891009843915,0.08596035128015368,0.13391253571479106,0.314815184447766,0.0,0.0,0.01323301845884995,0.0,0.0,0.0,0.0,0.0,0.0,0.0,0.0,0.0
spot_0082,0.47388915081428723,0.11770355927579795,0.0,0.02138304058147717,0.0923112899656797,0.005480188944540096,0.0,0.05146747707515957,0.19181210373400742,0.0,0.00478242927556439,0.014171233828447156,0.0,0.0,0.021651216080298456,0.005348310424740796
spot_0083,0.24196697943376627,9.00975748830336e-05,0.24941627635387212,0.27402057510079,0.04643798900306951,0.0320359288365475,0.0,0.11850952876786928,0.0,0.0,0.0,0.0,0.0,0.0,0.03752262492920246,0.0
spot_0084,0.1940037310191594,0.0,0.00595139699805852,0.3103413097267113,0.0,0.0,0.0,0.16328411504181997,0.03002919502129221,0.0,0.1731785239148705,0.02067371543540313,0.03501773177861378,0.0,0.0017448246712871906,0.065775456392784
spot_0085,0.12253735151716641,0.17899442003662824,0.2931536139788346,0.1329622072490742,0.03481002754141419,0.07932191859644247,0.0,0.0,0.010503044918418074,0.0,0.0229107996571087,0.11948612041003195,0.0,0.00532049609488097,0.0,0.0
spot_0086,0.26687811546143864,0.08864497874720748,0.2915165821483251,0.07750591655276055,0.08193758797593562,0.12385394857419903,0.0,0.0,0.0014123094750289923,0.0,0.0,0.027037561699193857,0.035023887132189395,0.0,0.006189112233721371,0.0
spot_0087,0.23947263036161273,0.38047230359071416,0.1178161214920578,0.09162271527667987,0.0,0.09070901397289259,0.0,0.0,0.0,0.005242696948806594,0.0,0.0,0.0,0.05262340786623506,0.02204111049100112,0.0
spot_0088,0.14262824805154403,0.1885836353093818,0.27282174523033975,0.23529618454130963,0.030579998301681243,0.0011274629184023707,0.0,0.033380792569806396,0.0,0.0109108489390409,0.03314351192363956,0.010982311665808497,0.0,0.0,0.0,0.04054526054904567
spot_0089,0.37588116474596517,0.19528380463727385,0.12477262713488375,0.10504606337107135,0.061181065685188905,0.0,0.0,0.0,0.0,0.0,0.0,0.03757292881769288,0.07808344166446186,0.022036640944472802,0.0,0.00014226299898936398
spot_0090,0.2768213225251036,0.34815444717096056,0.13728142079220285,0.0,0.05508024727968134,0.0,0.0,0.0,0.0,0.0,0.0911237038887625,0.0915388583432893,0.0,0.0,0.0,0.0
spot_0091,0.041830233949240576,0.11278328826385696,0.20394761853292853,0.3904953411126043,0.025391334225007823,0.06666850385475187,0.021798581854921277,0.0,0.07103612009592736,0.0,0.00013930754142008116,0.04038210955662474,0.0,0.0,0.012513776397218259,0.013013784615498077
spot_0092,0.3334076112683856,0.12073930282449881,0.0705981711427374,0.04280425781707084,0.0,0.09455310687245186,0.06039889490747665,0.0,0.08000368083469214,0.001179655964079276,0.0,0.15792003197348517,0.009084475362866795,0.0,0.029310811032255496,0.0
spot_0093,0.3650288296191314,0.13214900476764552,0.28523681945995705,0.0,0.0,0.010586652484885545,0.11128603855013801,0.0,0.0,0.02247626494596255,0.0,0.0,0.07323639017228001,0.0,0.0,0.0
spot_0094,0.1953956694909667,0.18492358704364198,0.1267742572807675,0.2714131826281989,0.0,0.0,0.1125729852156155,0.00537103967882574,0.014026956898320666,0.0,0.0,0.032214776878955374,0.0,0.057307544884707774,0.0,0.0
spot_0095,0.0,0.3193621585990114,0.07131650623296176,0.21665816000606822,0.0,0.0,0.170928692853088,0.0,0.003867824127177425,0.15837617542018387,0.0025269128198767785,0.003569562899799115,0.0,0.03586837290812892,0.0,0.017525634133704605
spot_0096,0.38268267722320587,0.11003985385717732,0.08268399488903048,0.0,0.1132456003845519,0.11589247668958981,0.005487338316575126,0.13374024572669954,0.0,0.008158242041209378,0.0,0.04305928499725792,0.0,0.005010285874702567,0.0,0.0
spot_0097,0.2760975759678972,0.07141786001296627,0.15777725119612665,0.14866582146834126,0.04442502200443582,0.014646528207016582,0.0,0.13594623906920164,0.0,0.03248068498703279,0.0122113701328692,0.0,0.008622177510624345,0.0,0.0,0.09770946944348827
spot_0098,0.10608160430291835,0.16368320181042134,0.0,0.0,0.456941173564042,0.0,0.0,0.0,0.010568548781720402,0.16025248040977635,0.0,0.10247299113112143,0.0,0.0,0.0,0.0
spot_0099,0.4378196721075886,0.14300037505199695,0.1531341041720728,0.0,0.07175247711643715,0.020866493530822088,0.0,0.0,0.0,0.0,0.03687895487375249,0.10710370524530652,0.02944421790202344,0.0,0.0,0.0
spot_0100,0.35516952502336213,0.0,0.0,0.0,0.0,0.13963735526868867,0.18376979479271474,0.07741795756419415,0.0,0.0,0.0,0.0,0.11866216593951003,0.12534320141153024,0.0,0.0
spot_0101,0.2895823704083538,0.122965090988703,0.13141338232848632,0.21466358006989963,0.0,0.0005383333559806347,0.05584988472534327,0.05647169690434869,0.0,0.0,0.06167248366417515,0.001221286873967587,0.03439570294114646,0.0,0.030423421698174566,0.000802766041421056
spot_0102,0.07163084290417591,0.13258116215740745,0.311579025707205,0.1734554565850151,0.0,0.0,0.018403833175437066,0.019263650588451014,0.01352888209537225,0.0,0.03741399574980123,0.0016444862186106484,0.173868846772325,0.0,0.04662981804619945,0.0
spot_0103,0.20581092941628956,0.17258068197289064,0.2401207408478018,0.0,0.11774319288515118,0.05559260092639813,0.0,0.0,0.06670970677132063,0.010758416599647614,0.04855363896728348,0.06027422508741266,0.0202581470787903,0.0,0.0,0.0015977194470137407
spot_0104,0.13958383109313263,0.1990704188979719,0.07314911844625098,0.0,0.0504866147510743,0.0,0.04237039190459364,0.0,0.1006903386025146,0.12692055680146408,0.0,0.0903404001372276,0.05569479813024067,0.0682014001649354,0.02736392348764115,0.026128207582953058
spot_0105,0.0,0.22853686024998254,0.1588152446451003,0.0,0.0,0.03318736392009358,0.17000223227536612,0.18551320785555522,0.0,0.0,0.0,0.0,0.07937482745550921,0.10012916816987374,0.04444109542851919,0.0
spot_0106,0.22954624058391995,0.06977337229052889,0.11061450991767159,0.05607054235487657,0.017816666531220403,0.008726783743449748,0.09665126368070945,0.07157335992107638,0.060961973524189195,0.0458077525740244,0.05138754253969753,0.0,0.11390236109030062,0.0,0.06716763124833539,0.0
spot_0107,0.03836852093054939,0.2033462873041526,0.42041116406466533,0.0,0.32903647674829617,0.0,0.0,0.0,0.0,0.0,0.0,0.0,0.0,0.001539639873232533,0.00729791107910414,0.0
spot_0108,0.14403037076314992,0.4645571557422109,0.1037374482415863,0.0,0.0,0.11775296380612016,0.0,0.0,0.0,0.01348489528913133,0.0,0.0,0.0,0.06866321690092579,0.08777394925687565,0.0
spot_0109,0.12993500879113004,0.29225111205261267,0.0,0.2772957330394663,0.030796753278356837,0.0,0.0,0.031076856074623484,0.0,0.0,0.056677347954669784,0.03103786400394616,0.042727568792024356,0.0,0.10820175601317034,0.0
spot_0110,0.26776035230023704,0.0,0.14785884048760206,0.13250795341640625,0.06864064198869539,0.0,0.1771106122712167,0.02958155729693065,0.0,0.0,0.0,0.0685963504577091,0.02860443372178544,0.012255764461841092,0.0,0.06708349359757639
spot_0111,0.2047215169569557,0.1392775263298065,0.18449451200451294,0.007916088847297071,0.0275251275070252,0.19426022125476505,0.0,0.037509495339797964,0.0,0.0,0.026277076673695377,0.10039891294138889,0.01630638107005565,0.06131314107469944,0.0,0.0
spot_0112,0.6052122193625804,0.2100844868136698,0.04023164365911081,0.0,0.0,0.0,0.02510890241262462,0.0,0.07695569040522746,0.0,0.0,0.0,0.0,0.0,0.0,0.042407057346786875
spot_0113,0.13871952630889997,0.1289901423069954,0.2680477453070775,0.17513765749161908,0.05387685197407457,0.0,0.043278916756532296,0.0,0.06676789153637396,0.0,0.0,0.0,0.0,0.0,0.0,0.12518126831842713
spot_0114,0.2628195170648332,0.06876895450451234,0.11779906481101295,0.29958715341446596,0.03326919871828717,0.0009211576318781969,0.0,0.0,0.0,0.0,0.171413523629714,0.040808985124862585,0.0,0.00461244510043354,0.0,0.0
spot_0115,0.1887094984034456,0.5185144426897,0.01622078187347989,0.1388254404880559,0.0019996285691383942,0.02500749914474429,0.0,0.0,0.07454739015261493,0.0,0.008431510520312812,0.0017728780244336715,0.02597093013407443,0.0,0.0,0.0
spot_0116,0.11612787107921892,0.021819737043996743,0.16987794145426865,0.19070396858734823,0.13895990622944462,0.0644197088443618,0.1155836210876774,0.05613023672898111,0.0012823151418001053,0.08976105607269876,0.03172410088196728,0.0,0.0,0.0,0.0,0.003609536848236548
spot_0117,0.24085560749587107,0.11786133561112082,0.06063542728609227,0.2545490486433621,0.11523338585239563,0.030114743391267566,0.0,0.0,0.0,0.06149310156795561,0.018736565370052447,0.008778384975733158,0.0,0.03661510314459114,0.05306318291460219,0.0020641137469560814
spot_0118,0.0,0.39526539848593417,0.201781508598031,0.30333285512397684,0.0,0.0,0.09060371166533152,0.0,0.0,0.0,0.0,0.0,0.0,0.009016526126726494,0.0,0.0
spot_0119,0.4964787868306048,0.047695947688186434,0.027747102536460143,0.0,0.0,0.02822600502143976,0.0,0.0024965375984557633,0.044528858578492723,0.0963703426550932,0.06361833588132462,0.040085842134604276,0.04484936368280295,0.04246789626479711,0.015159888768428434,0.05027509235930956
spot_0120,0.1888648565934024,0.3213944159013648,0.1560898965649963,0.10479326349483836,0.0531098332196578,0.0,0.0,0.0,0.0,0.0,0.14216022514244947,0.008741069143047498,0.0,0.0,0.024846439940243444,0.0
spot_0121,0.3615286014691208,0.17582263444285054,0.10773943559130841,0.10972293205291474,0.0034665182948010326,0.02215079921224326,0.0,0.0,0.08147307088640614,0.011772502322647128,0.024369458018160203,0.0,0.06457550886700374,0.0,0.028450953796017156,0.008927585046526637
spot_0122,0.19674457254477534,0.25823869460149484,0.11993069555953349,0.17770242630021044,0.0,0.0,0.06478496960164566,0.12376230882156684,0.0,0.00011320858886905514,0.02972410786532418,0.0,0.0,0.0,0.02899901611658017,0.0
spot_0123,0.2624122703156813,0.1270040249426638,0.12301717935481521,0.2146141619252382,0.01959245207352513,0.0,0.0,0.0,0.0,0.006359159411711326,0.13767985314210565,0.0,0.09894927883785366,0.01037161999640559,0.0,0.0
spot_0124,0.1651217107805656,0.2661413524713319,0.0,0.08966445372297643,0.11680714200024521,0.0900681417298496,0.0,0.0,0.0,0.1253168375514594,0.0,0.0,0.12955199295629838,0.0,0.01732836878727357,0.0
spot_0125,0.13876352734664577,0.6120367933496119,0.007737959350106968,0.010368264712659904,0.0677202995555443,0.0,0.0,0.0,0.0,0.05288905710538915,0.0,0.06501920661705926,0.0,0.0,0.0,0.04546489196298277
spot_0126,0.09740774368624669,0.1975512922301112,0.24560616440494332,0.1851206072455053,0.0,0.0,0.061845069867982924,0.0022449796511639676,0.0,0.09221547370303107,0.0010472470998655053,0.0,0.0,0.09057265208520901,0.0,0.026388770025940776
spot_0127,0.09044260426324212,0.2503681144955687,0.021262117203030163,0.1715128491914513,0.041113005845475996,0.0,0.0693480240507621,0.02858908481008136,0.0,0.0,0.1096875401447909,0.07740631547370128,0.07418711623375596,0.044790229683170854,0.0212929986049695,0.0
spot_0128,0.040352874368391245,0.33730113339985174,0.0,0.1683896187769699,0.12302060926808951,0.09058735610698648,0.050058832451665196,0.12858900597049092,0.002587917397666235,0.011675305609805923,0.0,0.0,0.0410684664300717,0.0063688802200112535,0.0,0.0
spot_0129,0.11057019615773665,0.31220055074897735,0.10251284631349973,0.08535179417438987,0.07915162276123602,0.14599119913110398,0.0,0.04691647073483789,0.0010083205926448879,0.0,0.03161100585302678,0.037947044665892896,0.040131539145204155,0.006607409721449756,0.0,0.0
spot_0130,0.22053723900885822,0.28242511784005736,0.1316915626299121,0.17029286336453117,0.015877352371925234,0.0008901839295314421,0.06478740894221884,0.02283112063747628,0.0,0.023889060884359107,0.0,0.0,0.0,0.0,0.0,0.06677809039113008
spot_0131,0.23739775508055036,0.03577871741564656,0.09203669055663116,0.12414929484609072,0.1389909676849865,0.0,0.19826161748584636,0.0,0.0,0.0029235761483432424,0.05549120473561884,0.043090516935358945,0.011713855037189587,0.0036273622062236595,0.04908680857253066,0.007451633294983539
spot_0132,0.21251181224869947,0.11782245763194037,0.0888906956091768,0.17862823641425002,0.11943030179240162,0.0,0.038737516712798355,0.02899349365567585,0.0,0.08494991206250725,0.040475506388764404,0.03274001811205657,0.05682004937172934,0.0,0.0,0.0
spot_0133,0.5145622324814284,0.11779416794040776,0.03171551787052383,0.0,0.012155975311785798,0.009765386359382459,0.15888373352587246,0.0,0.0,0.08171096935110138,0.0,0.04206516982820166,0.028700426605827445,0.0026464207254688764,0.0,0.0
spot_0134,0.2905838333558912,0.0,0.03073930179744918,0.22175396239145934,0.14166131858915762,0.05321830696668611,0.037908283561898105,0.04225606219047619,0.0,0.0018968473089946245,0.06503496518337115,0.0,0.0,0.08219778446719425,0.03274933418742217,0.0
spot_0135,0.45906412374020256,0.17710251046648515,0.1663143988283079,0.0,0.03156302828079469,0.0,0.0,0.0,0.025108950036433972,0.1109780829743561,0.0,0.0,0.0,0.0,0.0,0.029868905673419866
spot_0136,0.24355754904354782,0.02603674545405919,0.018047815765487463,0.28744965184071386,0.03926678080753132,0.0,0.0,0.0,0.017718822814426095,0.09815293036349637,0.0,0.14184106281594278,0.10279814241439042,0.0,0.0,0.025130498680404637
spot_0137,0.08771473667265517,0.2537264647198937,0.2836063869555346,0.15199560575958576,0.05920137201417643,0.0,0.0,0.0,0.07713014846965582,0.0,0.011664777000362194,0.0195132400437659,0.03807806498854755,0.0026589297107924266,0.0,0.01471027366503045
spot_0138,0.09018854574156525,0.26778884592669516,0.24204186875962921,0.0,0.07117513580794568,0.03240531237333817,0.0,0.0,0.055668943595563444,0.21569057849821113,0.0,0.025040769297051898,0.0,0.0,0.0,0.0
spot_0139,0.05990369255417285,0.28437249500605966,0.13118974678472342,0.062456206250935446,0.05434159069808222,0.14466253509658306,0.0,0.04595573841472237,0.0,0.0,0.14337969977375897,0.07373829542096194,0.0,0.0,0.0,0.0
spot_0140,0.2000522313283272,0.1433189212916705,0.24813016101425048,0.09568231546652094,0.005294621614727012,0.08503852937529258,0.0,0.08507199565600285,0.0,0.0,0.021691699134148524,0.06142959928480871,0.0,0.0542899258342513,0.0,0.0
spot_0141,0.09756398134808904,0.2150210606559982,0.0,0.39087819751324354,0.07704907903269766,0.0,0.0906442373778275,0.09046436750769642,0.0,0.0,0.0,0.021197576096994287,0.0,0.017181500467453405,0.0,0.0
spot_0142,0.0,0.035533922463642224,0.4892426312906829,0.0,0.019566357275413098,0.0,0.0,0.0,0.10396794747145807,0.09221346128103637,0.06737996677125012,0.028106232755427576,0.0,0.0,0.10943580242095534,0.0545536782701343
spot_0143,0.05205779292186899,0.10223180356206692,0.25704211852146824,0.19838962908453547,0.0,0.06684745712261038,0.03377672518174981,0.0,0.2433425630834354,0.0,0.0,0.04631191052226461,0.0,0.0,0.0,0.0
spot_0144,0.06411328228922494,0.12958518444889627,0.11148451378463389,0.07547505769290798,0.024956832855495784,0.031470705774410884,0.0,0.20869919848008184,0.11963791681516432,0.0,0.0,0.01670100594161007,0.07133389728757249,0.07415514519135577,0.0569368822837619,0.015450377154883883
spot_0145,0.15080712962313952,0.0,0.16820386212611907,0.1500726302621119,0.0032970656338538098,0.05143381559883228,0.00933766735398031,0.0,0.05961624134936002,0.22693409811948206,0.08769890708443051,0.04190625853397088,0.0,0.0,0.016303619270281157,0.034388705044438424
spot_0146,0.2257277356856142,0.16558109654492614,0.08490096189878917,0.1896594112985996,0.09489328481055198,0.0,0.055092403313704415,0.0,0.0,0.0,0.1259980754094981,0.04703331928891805,0.0,0.0,0.011113711749398188,0.0
spot_0147,0.2293120489290537,0.13710314583710476,0.12156152538170714,0.2154941881302022,0.11845807056615629,0.0,0.0,0.0,0.031113256719036742,0.011815787198744248,0.007509992843752299,0.06756336937094375,0.01450330223673316,0.0,0.0,0.04556531278656558
spot_0148,0.3999142472045283,0.2035362387482131,0.21799669007699493,0.0,0.0,0.03847011050687897,0.100402538895154,0.0,0.0,0.03788168798653138,0.0,0.0,0.0,0.0017984865816993217,0.0,0.0
spot_0149,0.0,0.28390938302431623,0.1478090700199723,0.0,0.0,0.06230996313036116,0.04796039635182157,0.046942467011325616,0.06826360773697163,0.11932420582252516,0.012199521535873406,0.0,0.030390528231026854,0.07007714103304309,0.0,0.11081371610276307
spot_0150,0.2725202115065073,0.0,0.21444830971426992,0.1798538296815696,0.09254827610912293,0.004514612629154779,0.0,0.0,0.07946056438099353,0.0903190963180735,0.0,0.0,0.014373835608614367,0.01890555758617395,0.018375946102033587,0.014679760363486899
spot_0151,0.13747068902386672,0.08204366435557603,0.21014804073450896,0.17729893613937459,0.04917431781261968,0.0,0.0,0.03882479724496903,0.11409460368948963,0.00691170320368839,0.0,0.012155139322546646,0.07647558410277451,0.04040305162059941,0.0,0.054999472749986233
spot_0152,0.08855426756343099,0.2566996353885288,0.1617953665528437,0.042610844649017474,0.15912788034916542,0.05462760915088211,0.0,0.0,0.10941484641138774,0.07723609638264592,0.0,0.0,0.005030802568711025,0.019135341363910954,0.005620824107796957,0.020146485511678736
spot_0153,0.22192270860145405,0.1527116599246858,0.4053907643716731,0.0,0.0,0.0,0.0,0.12382113648229338,0.0,0.0,0.0,0.0,0.05959368301318262,0.03656004760671095,0.0,0.0
spot_0154,0.42035830517792255,0.0,0.0,0.2781968794497116,0.11764898464370083,0.0,0.0,0.015575126596626312,0.0,0.0,0.0,0.01996298739879751,0.02951426085143639,0.10694103470358969,0.011802421178215216,0.0
spot_0155,0.2759430160294939,0.1763410766647116,0.16965045721502878,0.0,0.12300314676960643,0.0,0.17259263584214,0.036853204679230714,0.0,0.006041618354744136,0.0,0.0034851830996098826,0.015205071422412784,0.0,0.011818710474009437,0.009065879449012455
spot_0156,0.5767139453719642,0.07745030723647758,0.07733143338139191,0.0,0.0,0.05710411681448039,0.21140019719568592,0.0,0.0,0.0,0.0,0.0,0.0,0.0,0.0,0.0
spot_0157,0.3085021990762475,0.20236746621858756,0.10097805833725984,0.0,0.0766701882252177,0.11989726608604004,0.059332106602676994,0.006609805345459751,0.010141176163585952,0.0,0.03687999542914775,0.044040019776875064,0.02387770963289604,0.01070400910600573,0.0,0.0
spot_0158,0.463613455580334,0.334659187180328,0.011697369616941162,0.0,0.0,0.0,0.04857429041062917,0.0,0.018751726763756804,0.08488517699859006,0.01704147288529898,0.0,0.020777320564121758,0.0,0.0,0.0
spot_0159,0.32014780981619995,0.0,0.30878955905903843,0.06371325881766188,0.0,0.15140720806400887,0.12399532428219137,0.01360724643090684,0.0,0.009883133971843743,0.0,0.0,0.008456459558149049,0.0,0.0,0.0
spot_0160,0.3281604094768947,0.0036228402773124347,0.1699809652527557,0.15920213137316117,0.10697029235904858,0.0,0.0,0.0,0.07771114288560645,0.0017995008082150783,0.07597542716433364,0.05380309869026644,0.0,0.0,0.007757471703879563,0.015016720008526009
spot_0161,0.4338530952522899,0.155683471325313,0.0410214861005011,0.02763204920478211,0.1642293674813696,0.0,0.03513069182563317,0.0,0.0,0.010594953401472255,0.0,0.01225508319018415,0.029149748660645992,0.0,0.09045005355780873,0.0
spot_0162,0.1182523856329878,0.06514454691376585,0.02187305135194834,0.4082932908271636,0.046762409581908346,0.1026394230219641,0.010516810983391465,0.04137331203540367,0.0,0.0,0.07016949537566555,0.01898652431496665,0.04988662000156943,0.046102129959265103,0.0,0.0
spot_0163,0.10908565383213843,0.08916021171933941,0.2552621667873883,0.19635726029534314,0.05036543031636914,0.0,0.0,0.0,0.0,0.08008709490813651,0.10368825347828634,0.03340631391046642,0.0,0.0,0.006667811721863483,0.07591980303066903
spot_0164,0.1232752510750386,0.47352792953171474,0.1971117218997536,0.03613384820906909,0.09247464288928386,0.0,0.0,0.0,0.0,0.0,0.0,0.07747660639514004,0.0,0.0,0.0,0.0
spot_0165,0.23120903777006863,0.044412504934537106,0.1564768695390382,0.2029216107151748,0.07950866405379636,0.0,0.04512155740243074,0.02019378983152623,0.025953780612911766,0.01325525536490632,0.05783345355703186,0.1053572016537504,0.0,0.0,0.0,0.01775627456482761
spot_0166,0.3915791915495048,0.039253657108711724,0.246880005433548,0.08953597179377412,0.09883927517772857,0.0,0.0,0.0,0.0,0.0,0.0,0.08379751611468214,0.011810672105772755,0.0,0.038303710716277944,0.0
spot_0167,0.16650722250650685,0.10341557595432249,0.1473453143547657,0.03016247326787319,0.0,0.0013546309387464654,0.20273859312459097,0.029282527196825534,0.047540176381098635,0.0032151317431846765,0.13812371458073971,0.0,0.028584204474869528,0.04682157915849873,0.045605477397332055,0.009303378920645332
spot_0168,0.18687375854513547,0.23157891449384427,0.0,0.10270471553514444,0.02078180980995769,0.00986408505648931,0.015689354494362262,0.0,0.0,0.0592236477433514,0.09452628393608156,0.1209098542698566,0.15047338522793915,0.0,0.0,0.007374190887837813
spot_0169,0.2898422485434353,0.10008936968753888,0.07452765805231122,0.12470429120176456,0.1614238700928161,0.0,0.0,0.0,0.024058015795038874,0.1440034711378596,0.050029433334316954,0.029370840721271663,0.0018425561731815812,0.0,0.0,0.0001082452604651871
spot_0170,0.13562797038683436,0.0,0.3211896881378057,0.10013347827843748,0.0632267448130166,0.0,0.0,0.0044128811592478575,0.05046410814218085,0.05254097497121921,0.21586198575765272,0.05181276537302858,0.002358139642297353,0.002371263338279441,0.0,0.0
spot_0171,0.20756816829361968,0.17071651301368077,0.09523994862274025,0.08750362724498159,0.03966876361072324,0.06488251169593676,0.06084076786152087,0.020058224228306137,0.012426751920680488,0.04527336853697707,0.11772178237282059,0.021417812094605863,0.04475191639412889,0.0,0.006299162826190184,0.005630681283087383
spot_0172,0.2823026862538915,0.08728846870251235,0.2492970240237319,0.0,0.029904177152743176,0.0617693775143711,0.0,0.04904925652943468,0.06949774411518951,0.016493809597891616,0.0,0.006109005337001752,0.06454715099890126,0.01755988423399234,0.0,0.06618141554033874
spot_0173,0.579057103721439,0.17356349715274016,0.03381576278260691,0.0,0.0,0.05788630125246538,0.11901560365590574,0.0,0.0017731545165234923,0.03488857691831923,0.0,0.0,0.0,0.0,0.0,0.0
spot_0174,0.29263268854721847,0.25548614284029936,0.18515311003994855,0.05114094900346105,0.0067193759487437915,0.0,0.0,0.0,0.01854999980849269,0.02953350176825699,0.07471794537780134,0.020351242189713806,0.020832148082726976,0.0,0.0,0.04488289639333695
spot_0175,0.19982542238569997,0.1046032585482682,0.09367689401002283,0.18152495119173034,0.06712693987476469,0.0,0.006861210164317523,0.052726118089744735,0.006826257136158855,0.0,0.1485192003026724,0.05554562916522941,0.07361725884646363,0.0,0.009146860284927418,0.0
spot_0176,0.12928587150257864,0.14251296530833676,0.11390042375651342,0.0019641907254672078,0.0,0.0,0.15153504947233604,0.20937229508275507,0.1267681802981253,0.04655949775402401,0.0,0.0,0.03310470508885171,0.013907762027757859,0.03108905898325401,0.0
spot_0177,0.38260331824110877,0.1852989324678191,0.1334885736268178,0.028771083842952176,0.0,0.07974193824603557,0.11864904443981815,0.0,0.0,0.0,0.07144710913544843,0.0,0.0,0.0,0.0,0.0
spot_0178,0.04262799166506959,0.0,0.0,0.2915866238168569,0.0,0.0,0.20160948792033334,0.33769540524186925,0.0,0.0,0.0,0.0,0.1231095833960347,0.0,0.0,0.003370907959836195
spot_0179,0.13639961670713552,0.32451605130145733,0.06249403605076167,0.025079122638044085,0.1602494977739368,0.0,0.11650703857066086,0.0,0.0008425849682732575,0.07155438461435194,0.0,0.02242866099281426,0.00998136093691429,0.0,0.0,0.06994764544564988
spot_0180,0.26582895303151566,0.16416546328239348,0.0,0.23257973843234453,0.06873489407009827,0.0,0.0,0.0,0.016856472695899412,0.21853726687031041,0.03043804760259801,0.0,0.0020443025449831836,0.0,0.0,0.0008148614698570887
spot_0181,0.6432728899044882,0.0,0.0,0.21002963298490135,0.0,0.0,0.0074538196729401806,0.0,0.0,0.0,0.04744180215270293,0.0,0.08234389181737696,0.0,0.0,0.009457963467590601
spot_0182,0.21376721851068803,0.17609627788606824,0.18710982994953404,0.0,0.24464698899787457,0.008690140625378545,0.0,0.009493382115870318,0.03176422521840635,0.0,0.0,0.037828011662040216,0.00417384990674276,0.01394764941738068,0.04265237937174832,0.029830046338268218
spot_0183,0.22493757409005222,0.05008284431073752,0.18043493371774855,0.0,0.09804403711853783,0.026932877882560182,0.0,0.14834934741668993,0.08200824768173778,0.029332578426531444,0.0,0.015886911815972356,0.06636516304059242,0.07762548449883984,0.0,0.0
spot_0184,0.04388933604024888,0.30347588748530463,0.2836878252467625,0.07920350930169072,0.0,0.08818149332643818,0.005587027980350352,0.0,0.0,0.0002876558337315298,0.05819120903897532,0.03996895574574404,0.02878745986435863,0.0,0.0,0.06873964013639529
spot_0185,0.43427303041983023,0.07543543323450962,0.16492651629008023,0.1212419257836685,0.0,0.009752101285713547,0.07231224861697197,0.016492597931520712,0.0,0.0,0.038923926212209345,0.023828798766931204,0.0,0.0,0.03452197972474767,0.008291441733816976
spot_0186,0.1906945138836904,0.3362536495633279,0.0,0.11875772396824628,0.024394000454611348,0.055672775255748506,0.07195128172964545,0.12274035279921212,0.04068463252900519,0.0,0.0,0.0,0.0,0.038851069816512686,0.0,0.0
spot_0187,0.13740984466270467,0.02591551526419592,0.20611529450079505,0.204474330627595,0.13367614765608793,0.0016097752743878795,0.004550450864306847,0.06390420298226243,0.0,0.021142151849722512,0.05085443669891362,0.05637306857226447,0.06448239827200773,0.01670415637048284,0.01278822640427303,0.0
spot_0188,0.28993404152873925,0.17577685808315502,0.21307253123530545,0.1833207382645283,0.09539565701081601,0.0,0.0,0.038295453801388955,0.0,0.0,0.002949399300354509,0.0012553207757126342,0.0,0.0,0.0,0.0
spot_0189,0.17167016781420166,0.5550971670520795,0.1293341905034652,0.0,0.0,0.037926121330731345,0.0,0.09881753182259195,0.0,0.0,0.0,0.007154821476930378,0.0,0.0,0.0,0.0
spot_0190,0.27020226225623606,0.11245453237170727,0.10361127278779313,0.06664925015731796,0.08096689971249059,0.0,0.0053822182272190286,0.09031853322225476,0.03364207357133662,0.044483365543237535,0.034254511559040066,0.04963243197544919,0.03472964656209824,0.0,0.0,0.07367300205381962
spot_0191,0.4133680689275532,0.021950296553353482,0.0340728217089747,0.17499353743560933,0.0,0.12456356253729156,0.10655275135568447,0.0,0.0629083720653277,0.02163464490995997,0.0,0.011186831041921079,0.028769113464324543,0.0,0.0,0.0
spot_0192,0.106003762704765,0.0,0.08839438142914414,0.01757159124895882,0.22501961673344673,0.2277085704482237,0.0,0.0,0.04489892385982794,0.02772274893065698,0.11486400940957138,0.08239096153158884,0.013465802249909356,0.0,0.026935436429607586,0.02502419502429965
spot_0193,0.252071763869142,0.020756420731082328,0.0,0.0,0.0,0.016715359671697995,0.14541248222787764,0.10730711590820234,0.22255457167611342,0.09636375904935922,0.018903036248188145,0.0,0.0211624141194801,0.0316666752454555,0.0,0.06708640125340143
spot_0194,0.0,0.3542674200436432,0.3544789900635328,0.14857676547702645,0.05853101444095779,0.0,0.0,0.0,0.0,3.011074258036282e-05,0.0,0.04094500248713013,0.04317069674512942,0.0,0.0,0.0
spot_0195,0.25635065356694614,0.41118253105523916,0.00537295442840428,0.13111852441878288,0.0,0.021654791886366945,0.0,0.012962478775026867,0.0,0.015167440752743205,0.04149695649557659,0.005494547595361387,0.017136231264568893,0.08082287955223243,0.0012400102087510667,0.0
spot_0196,0.2076567766306511,0.08688399571265701,0.0,0.4193248639573896,0.0,0.0,0.0,0.0,0.0,0.0,0.27956140170287225,0.0,0.006572961996429904,0.0,0.0,0.0
spot_0197,0.2060178680036032,0.09157888788571464,0.28917254007202203,0.0,0.028626184631081204,0.018603426830641367,0.0,0.0,0.0016206699242141398,0.21717292633424137,0.044810258505154764,0.013790874508877567,0.03238417549432827,0.0,0.005791451805373705,0.05043073600474773
spot_0198,0.42340233558268814,0.05562462817936917,0.1281719622987206,0.11676287452117287,0.0,0.0,0.22195542917544703,0.0,0.0,0.0,0.01920657341517405,0.0,0.0,0.0,0.03487619682742811,0.0
spot_0199,0.14334464740221448,0.0,0.1119221581042421,0.0,0.0164670861697259,0.17381417506279617,0.058925733562049144,0.0,0.0022457148685489326,0.11498412918091593,0.18025591484852324,0.0,0.0,0.06285429183777333,0.08297539692267471,0.05221075204053612
spot_0200,0.10247054857924433,0.1549165875825677,0.3213307240402688,0.028329993617243938,0.14828833924967771,0.018623828951151864,0.010379674844776048,0.045025571846321506,0.007436257647718376,0.09376387738802305,0.039456312156336465,0.0,0.029978284096670037,0.0,0.0,0.0
spot_0201,0.10589339347217754,0.0,0.35812515890018953,0.2911067606043301,0.03501010346558902,0.02244893203205464,0.0,0.0,0.06468061188632972,0.06568252219197905,0.024289588464408825,0.0,0.01186519573438294,0.0,0.012722063114870069,0.00817567013368873
spot_0202,0.30173831930965156,0.26945630911652274,0.04552894556853956,0.04865034443170994,0.1407044525805371,0.006443474102839817,0.07791402427768375,0.0,0.0,0.00394678960518588,0.034085028031791996,0.01634508057855223,0.005674610122458027,0.0,0.04951262227452733,0.0
spot_0203,0.2680950000202512,0.0,0.14486315586894694,0.11768536463636836,0.12413190292258987,0.036238167335588205,0.07732312856795881,0.07399408588896028,0.0,0.0,0.0,0.09375349275794685,0.03341784311129695,0.013476684325121517,0.01702117456497102,0.0
spot_0204,0.3779890290660216,0.241956389220703,0.1511247217752141,0.04120898132478376,0.0793873992889012,0.015468009987530552,0.016163635032600415,0.021703945288143244,0.0,0.0,2.4071108228872444e-06,0.014564250315885137,0.0,0.02939215875064216,0.011039072838752127,0.0
spot_0205,0.27465151608313576,0.008734954087358044,0.1518816809584111,0.08846568430889444,0.21984392868561978,0.06631826147753297,0.0,0.08028677950764172,0.0,0.0,0.03824211716309375,0.05601210299776785,0.0,0.015562974730544264,0.0,0.0
spot_0206,0.1710237282826772,0.28169700929527464,0.19775757447981834,0.0,0.06768285753977546,0.0,0.0,0.0,0.0,0.03795192999428784,0.0,0.19596531523690602,0.04792158517126034,0.0,0.0,0.0
spot_0207,0.44830726234035023,0.15341081583276026,0.0,0.11639406256073667,0.1186862400258414,0.0,0.0,0.010360628549986659,0.0,0.0,0.0036012452735490873,0.0189424765608529,0.1112323947827212,0.0,0.0,0.019064874073201486
spot_0208,0.23006638956334144,0.0717579057689735,0.24443317313812704,0.24855874615158496,0.05040973876002453,0.0,0.0,0.0,0.0,0.0,0.0,0.11692523038798608,0.02720339357537178,0.0,0.010645422654590569,0.0
spot_0209,0.15248239475120243,0.06884827341584718,0.18451639267990688,0.04319086542450382,0.07134927913643398,0.1645039709811506,0.05370779734433284,0.09584612856128981,0.023705287012426635,0.010290798560094034,0.009407744541327175,0.03432347664236326,0.04603681937181682,0.02972207659290942,0.0,0.012068694984394975
spot_0210,0.07398054163980028,0.06228363164476741,0.16061543868430872,0.0,0.24671577464122427,0.17278521352115014,0.0,0.020294628202496723,0.04099826693040481,0.11928261429743744,0.0,0.09059731234075458,0.012446578097655685,0.0,0.0,0.0
spot_0211,0.23090961852431122,0.0,0.15016883722742436,0.15358540079778962,0.0,0.059095606998852114,0.2523173046141689,0.045186142613677475,0.006065496042754559,0.0,0.08592920757972365,0.01674238560129803,0.0,0.0,0.0,0.0
spot_0212,0.2927912898762786,0.23713565984366897,0.12846636576500642,0.05543431688443982,0.02443170345896995,0.0,0.0,0.0,0.01665043300670443,0.19476215880554348,0.01289166801094399,0.0031702154314865237,0.015445640405382472,0.0,0.0,0.018820548511575382
spot_0213,0.43304639821672336,0.1578776324049141,0.0,0.2787746930070625,0.0,0.0,0.05704658303475568,0.0,0.0,0.009220957082481019,0.06088670128993488,0.0,0.0031470349641284307,0.0,0.0,0.0
spot_0214,0.2318973764159475,0.1786224836357523,0.02039067020101231,0.1665645573994543,0.08590589904656662,0.0,0.07416161206942974,0.0,0.11561955107612354,0.0,0.0,0.0,0.06912360349381241,0.0,0.0,0.05771424666190135
spot_0215,0.2519433236212795,0.15807535685932209,0.25844596388250407,0.0,0.040732130569085416,0.022474593450838073,0.13460955989081722,0.0,0.0,0.05772200207321104,0.047805762467396325,0.0,0.012342591607198179,0.0,0.01584871557834807,0.0
spot_0216,0.31223971461656624,0.1727044649533655,0.2763651849572871,0.0009328856209202639,0.11982404866240758,0.0,0.0,0.00694815453024317,0.0,0.07753599538270337,0.0,0.033449551276506784,0.0,0.0,0.0,0.0
spot_0217,0.22531851647726422,0.41674944865382757,0.07902933760197475,0.047135616211176755,0.06094851793011859,0.0,0.013302816224115185,0.0,0.008523736096574702,0.07249603488985282,0.0,0.06119943545372161,0.01529654046137381,0.0,0.0,0.0
spot_0218,0.2441766674076749,0.09773919688211133,0.30737890436173776,0.10996147370150908,0.05754516898874819,0.0006836952931673028,0.0,0.0,0.0021001085948349233,0.015845427017591323,0.13719040988486864,0.027378947867756628,0.0,0.0,0.0,0.0
spot_0219,0.1049222228717011,0.31704855416488015,0.26208135197922033,0.0,0.08905570264476778,0.037101994588620346,0.0007304231196356723,0.0,0.010092672424405038,0.0,0.0,0.0378101217787166,0.04062770375595649,0.07466486893436904,0.0,0.025864383737727283
spot_0220,0.2186558288662827,0.28032889794767923,0.2471459329568549,0.08951815060537135,0.019756456741417294,0.0,0.0,0.0,0.0,0.03573520009342258,0.0,0.03778491056078718,0.0,0.0,0.02623056504498631,0.04484405718319839
spot_0221,0.3444819848158864,0.19480203873165158,0.04127969411121442,0.05787283517757987,0.1882503840860217,0.0,0.0,0.0,0.019125093792587054,0.028085042283536858,0.0,0.04546568806792663,0.028236419942388534,0.0,0.005794042505120544,0.04660677648608636
spot_0222,0.4145747233307826,0.1022819190255815,0.09823372651246068,0.15629265906607082,0.015703634050129395,0.07544359607143905,0.046198663244840975,0.06992092859548536,0.0,0.0030632249844143393,0.018286925118795493,0.0,0.0,0.0,0.0,0.0
spot_0223,0.2317016042718339,0.15532024722178034,0.06440624472011214,0.0,0.16333302821362217,0.039520956916804635,0.0,0.0,0.003443434170777397,0.07537418497632163,0.0,0.021908993941366743,0.1466002931235162,0.0,0.0,0.09839101244386476
spot_0224,0.11021089090624815,0.026839862091936128,0.06156210801236288,0.0983820175231434,0.46930642504004516,0.0,0.022631472513876084,0.04407921566906003,0.0,0.0,0.0,0.05853360581335855,0.0,0.0,0.10845440242996963,0.0
spot_0225,0.37739703643588407,0.03178989658308958,0.10652155296106738,0.0,0.10613274605296927,0.14448988661234335,0.0,0.0,0.0,0.0,0.12415124818484556,0.08130932933835629,0.028208303831444376,0.0,0.0,0.0
spot_0226,0.14809822412434498,0.0,0.14067464364095453,0.20945247150426904,0.0,0.0,0.021144847603811558,0.08637300502060298,0.07294692760590286,0.005301668946963449,0.10839121200411708,0.0,0.0,0.043172561830100056,0.0915686116289829,0.07287582608995063
spot_0227,0.18758096609498065,0.15047389972902436,0.06585330619496096,0.0,0.19467935100179554,0.01607088116439595,0.0,0.0,0.08717787206116014,0.07978586759373614,0.0001938925862254381,0.03368095598487443,0.11522534808512234,0.011379501380272725,0.0,0.057898158123451365
spot_0228,0.0,0.43855146928719146,0.0,0.04965712454062381,0.28995688924445845,0.004654759496206809,0.0,0.0,0.0,0.006933516665224866,0.15665834835272402,0.028535059815460652,0.025052832598109757,0.0,0.0,0.0
spot_0229,0.4241002517000924,0.08869642826035128,0.026256795714160747,0.0,0.06749784091238012,0.10720499799508361,0.03145276557145482,0.08103372144959362,0.09179704234340419,0.04085371315167607,0.0,0.0,0.013641106542197717,0.02746533635960549,0.0,0.0
spot_0230,0.16542373621616083,0.0,0.41050825806000185,0.0,0.0,0.027151361655937175,0.0,0.33867699723248174,0.0,0.0,0.0,0.042846190146807635,0.0,0.015393456688610764,0.0,0.0
spot_0231,0.2832119770810056,0.23893916020307823,0.003360717994689294,0.2554998337576487,0.04707036376961093,0.0,0.0,0.07838931971946313,0.0,0.0,0.05748040258617065,0.008641710243199792,0.02740651464513384,0.0,0.0,0.0
spot_0232,0.054626088778470715,0.17034072355864316,0.1882673449516105,0.055918335871674156,0.0006237227509407348,0.01807556384873131,0.09623435709291854,0.18344263482051046,0.14266880936082327,0.004774045507889566,0.0,0.0,0.0,0.03803871563302861,0.017561009944010775,0.02942864788074843
spot_0233,0.2047487860996831,0.1915333859814062,0.23794216257261924,0.0,0.045603192956241885,0.0,0.0,0.09687870977203919,0.0,0.0,0.0,0.1124575379884741,0.11083622462953621,0.0,0.0,0.0
spot_0234,0.10335770678813305,0.18331624970378363,0.18077012134817544,0.20061549666018508,0.08877772817734417,0.004036518987559122,0.0,0.0,0.016206482591756322,0.06316612801068024,0.02841933979161399,0.07509742137614904,0.0,0.0,0.010920234448881532,0.04531657211573832
spot_0235,0.047692790830315544,0.013567720968480024,0.03624810994992372,0.027460858774245485,0.36033904679073436,0.18150731866024097,0.12557721452298073,0.08163558781858216,0.007913128919881753,0.0064830513561731805,0.0,0.042765847812670836,0.04875245048408248,0.013282202318389712,0.006774670793299041,0.0
spot_0236,0.11467625961397301,0.016686001180621936,0.28295144446209836,0.0,0.18524964265477972,0.01134603205116878,0.0,0.0573452025077009,0.11020951468566453,0.0,0.0,0.01577722218426201,0.04761572946412426,0.055023077729165815,0.025951308018930797,0.07716856544750991
spot_0237,0.26587194493572214,0.04823848629814332,0.2490888807093073,0.053484382855517584,0.0,0.12354013112462371,0.0,0.0,0.12596927238443145,0.0003634405900404703,0.04248302363371921,0.019331017266943914,0.0011072626469322484,0.05521271878866753,0.0,0.015309438765950915
spot_0238,0.2257809379174483,0.28127297680155244,0.08288165679857912,0.10904454358199718,0.027880215665693736,0.1885514485565162,0.0,0.026720556749152854,0.0,0.00960317772311376,0.009187720199730109,0.0,0.0,0.0,0.03907676600621616,0.0
spot_0239,0.20176469994845697,0.0,0.12815146039486872,0.21656362189174724,0.1055927047329159,0.0,0.0,0.0,0.019459382969483997,0.11943449053590409,0.10083989360761363,0.03919249375242586,0.0,0.041781832033097537,0.027219420133486112,0.0
spot_0240,0.2793330766706292,0.09968267500541372,0.1899291430845328,0.05315402309448062,0.008494105010355217,0.026657599681664156,0.0,0.036946789616116846,0.036555026800103495,0.0,0.08510259168353211,0.03326636915466074,0.0,0.0676786244112994,0.06084089940875842,0.02235907637845324
spot_0241,0.22071655426362152,0.0,0.15159065412926753,0.12473901054888907,0.0,0.0887320220021254,0.047391818096663124,0.0,0.0,0.0,0.1571494073724633,0.050425043078266465,0.001720736183349299,0.0,0.15753475432535438,0.0
spot_0242,0.1545573298628078,0.09965554213764753,0.23101693782937285,0.03518844876148074,0.03329089829148596,0.057563894497701454,0.038954588924375734,0.0,0.04371885251656503,0.1776814293536972,0.039491344726071166,0.045993127888265296,0.012229012192242839,0.0,0.00021008855252027434,0.03044850446576601
spot_0243,0.07654585813068127,0.19139516396496634,0.1693767355430913,0.1923728137902113,0.07102709696756669,0.12623179636181606,0.0,0.04910263719282201,0.0,0.0,0.005660749876137125,0.0,0.09739656702207475,0.013632111461173,0.0025747004397280557,0.004683769249732356
spot_0244,0.24663950461538217,0.07081820947052223,0.24811806041681814,0.0,0.018132682168944345,0.0,0.0,0.02186964479262037,0.04388863892146344,0.18059864786310517,0.0,0.07492652588591556,0.09500808586522877,0.0,0.0,0.0
spot_0245,0.0004188192731121491,0.28951310606219943,0.10329838578368451,0.22941405751508473,0.0,0.03833768716660641,0.1331228631692065,0.03554538505886622,0.015690385851363037,0.0,0.018993445368228664,0.00023193994386322541,0.027567793265533835,0.09766584222739244,0.010200289314858888,0.0
spot_0246,0.11905765295289052,0.5276522514102663,0.0,0.14585540696488444,0.0,0.0,0.0,0.0414658312884034,0.006145464146934617,0.0,0.04625844583626009,0.06285659370715153,0.016679984452496098,0.0,0.03402836924071312,0.0
spot_0247,0.32926500304030176,0.3477025396379958,0.04238653538328162,0.038797134089282335,0.11918498168928504,0.0,0.0,0.0,0.021591124762354405,0.023696639545481023,0.0,0.0,0.015129085910398308,0.0,0.018758653193035817,0.04348830274858378
spot_0248,0.0,0.6081101897017144,0.16228716075212132,0.16102174732926977,0.055676742514286184,0.0,0.0,0.0,0.0,0.0,0.0,0.0,0.0,0.0,0.012904159702608402,0.0
spot_0249,0.1854082531299071,0.37418078599789717,0.1603017047020333,0.060899507393116586,0.04440034931823432,0.0,0.0,0.0010216972678654887,0.07308950036412801,0.0,0.011659555515725997,0.018857797607143928,0.0,0.0,0.006995515290658268,0.06318533341328972
spot_0250,0.06639104070618157,0.0,0.13258699430633084,0.22520369160812187,0.08731501612436036,0.01905239567960855,0.06627665289060922,0.18926602522849614,0.0,0.0,0.0,0.05527268958144489,0.0002268698618622363,0.1008933404664762,0.05751528354650821,0.0
spot_0251,0.38158107636947375,0.041236087493046775,0.20414405130374264,0.07809924410514474,0.04116162946656788,0.0,0.0,0.0646217040345992,0.0,0.0,0.010536056740019365,0.0953953765168161,0.0,0.0,0.0,0.08322477397058944
spot_0252,0.14183426659691326,0.2364669079184099,0.01121818188323137,0.2550053607539347,0.03601602518692643,0.0,0.0,0.0,0.0,0.0216266247755322,0.13930566681422493,0.0,0.0,0.0,0.0,0.15852696607082706
spot_0253,0.49899029602679273,0.05396908976184761,0.1254747805520672,0.02252196869226306,0.0,0.1021505984917116,0.02673262607317643,0.058797308327353366,0.0,0.0,0.08550624481662142,0.0,0.0250041719240307,0.0,0.0,0.0008529153341359596
spot_0254,0.2792313020401848,0.035648627645505776,0.11813124468481971,0.06994516901906557,0.10260060154372322,0.0611860427583634,0.013024370114025206,0.11332926359293725,0.0,0.0,0.05843632932544847,0.06412966860935965,0.015416702877215369,0.06330593719308922,0.005614740596262209,0.0
spot_0255,0.20786725923299745,0.2585485269774195,0.14234386703114704,0.06400263469048419,0.05599112920789907,0.10324378778982397,0.0,0.0,0.0,0.057474543887058284,0.025762566972093903,0.01702171830656541,0.032462120496331966,0.0,0.013237481375899763,0.022044364032279218
spot_0256,0.2569233820550616,0.0,0.0,0.0,0.28319101041485645,0.05077616126522134,0.0,0.0,0.052262086532867555,0.18967609086193504,0.0,0.04141580945706895,0.0,0.0,0.07955150167069439,0.0462039577422947
spot_0257,0.20236864286945616,0.3023727736603304,0.09636089536556772,0.1566769451264473,0.07453804435056002,0.0,0.0,0.0,0.06507489526712144,0.0878140437063949,0.0,0.014793759654121955,0.0,0.0,0.0,0.0
spot_0258,0.3432309306436108,0.5029148540381281,0.07398913923743371,0.0,0.04031832913433036,0.0,0.0,0.0,0.006685539290284028,0.0,0.008337549882772494,0.022938353162239425,0.0,0.0,0.0015853046112012852,0.0
spot_0259,0.26654504601358014,0.0,0.21205121617595796,0.0,0.16944765627248776,0.034038482393166085,0.02879059682149091,0.0,0.11420198061611612,0.11150975918631598,0.0527647226576181,0.010084332796236491,0.0,0.0,0.0,0.0005662070670305248
spot_0260,0.2370245790256132,0.0,0.24257723272446943,0.10792698520674912,0.06777392182089081,0.0,0.012289486131828148,0.005647148095749241,0.0537813634966244,0.04488634322670107,0.06352723440259116,0.0,0.0048142388119137855,0.12176363289941425,0.03798783415745532,0.0
spot_0261,0.04775032231418716,0.19937722850139017,0.11175187001481877,0.0,0.08677283524403331,0.10400088274333799,0.0,0.1034619908183002,0.08048958117279101,0.0,0.0,0.1327892297722842,0.046125550351624044,0.029112522588165338,0.0402738944613019,0.01809409201776585
spot_0262,0.04061131881558087,0.17105842319424394,0.2345014842857161,0.0,0.058709590286513645,0.024925812262073656,0.08023240262055444,0.11323359367170595,0.0,0.07542458252233178,0.06092999768243281,0.021007279521983044,0.015288240463333297,0.01836214059736872,0.08571513407616166,0.0
spot_0263,0.10522042394308728,0.33807981585509994,0.10800450373565913,0.1126851011151005,0.022385569965321327,0.06520122598310843,0.0,0.014873174098208855,0.021635939096654934,0.005212123272062286,0.09517690360093493,0.003712808396363958,0.0421523868479092,0.0316392938475524,0.0,0.034020730242937024
spot_0264,0.2629683316263811,0.1139888299529463,0.1665248831223317,0.047442401221302846,0.051592435477266205,0.0,0.09724382016981535,0.0766962603464733,0.0,0.0,0.10171741903332783,0.0577013259255244,0.024124293124631074,0.0,0.0,0.0
spot_0265,0.514396111924936,0.0,0.20907695946325686,0.0,0.0,0.0,0.1226317188543832,0.0,0.015377386324093037,0.07806737517075008,0.0,0.0,0.0,0.0,0.060450448262581016,0.0
spot_0266,0.05317624714871478,0.17989658491798785,0.016199473551447185,0.3644832267673812,0.05492541750695208,0.07072902041839078,0.08101712127753548,0.08120768694941909,0.0,0.0,0.0,0.0007871980836172478,0.0035822780647833887,0.016465641171751342,0.07753010414201957,0.0
spot_0267,0.1649001880764005,0.3955328871265686,0.0,0.13292927174172225,0.2325653550279278,0.0,0.0,0.0,0.0,0.0,0.0,0.06020133675975393,0.0025697842617299245,0.0,0.0,0.011301177005896945
spot_0268,0.0756749969893052,0.3220002159893108,0.27323002748258823,0.06077174325001426,0.04906441480156065,0.07334185516546053,0.013038017470514862,0.024890808143200147,0.0,0.015267219004310731,0.010533095027381036,0.0,0.06061949938111975,0.0002630802115409054,0.021305027083693216,0.0
spot_0269,0.12654651326300245,0.1452297965515919,0.1974533818142406,0.17474070816909287,0.12001111532191112,0.09745458337192187,0.018036145333644466,0.07438068805139694,0.0,0.0,0.021124885355897488,0.02502218276730013,0.0,0.0,0.0,0.0
spot_0270,0.3492406110717983,0.00011613744066181097,0.3167349564474684,0.0,0.0,0.05071189948244039,0.0,0.20152139383237555,0.0,0.008112166844048987,0.0,0.02153545448385276,0.0,0.002088482471270622,0.0484185793049228,0.0015203186211603464
spot_0271,0.1783235346938148,0.23257881046568057,0.041992965849407565,0.24253471951122613,0.09998034036475344,0.023322210960940434,0.021520898893284235,0.0,0.09351057028818442,0.0,0.0,0.06081970017331113,0.0,0.0,0.005416248799397431,0.0
spot_0272,0.44942578149505596,0.24179535514058303,0.0,0.06281104610550037,0.028312918813554563,0.0012579977269000914,0.0,0.0,0.010059298424761465,0.13131542914939168,0.02154865537762146,0.0,0.053473517766631284,0.0,0.0,0.0
spot_0273,0.19854780280450143,0.16997303085149446,0.08893638562274764,0.16277609510868674,0.15602648265433308,0.0064627199967833525,0.020773754950647497,0.03169446358675231,0.0,0.03249830241944363,0.002531935523565192,0.01100180134444196,0.050826215260728246,0.02392406036432029,0.0,0.04402694951155441
spot_0274,0.46538963547728934,0.06328625504289952,0.012723125202691372,0.06917018727690027,0.1421747276228786,0.028017619071502964,0.0,0.0072896595582026226,0.0,0.0781471525379442,0.03073904004621765,0.06350539445740538,0.011360856899691062,0.0,0.0,0.0281963468063769
spot_0275,0.07756182109955699,0.14417544210253622,0.24533182198016495,0.17675172234976205,0.04550609410306827,0.0,0.00019688896412979655,0.00973244483932247,0.0,0.0,0.16703129729870556,0.042140582054971586,0.0039049729277025346,0.0,0.08766691228007953,0.0
spot_0276,0.23972783130670297,0.1040626120377985,0.0,0.03652741085832906,0.1567583922739997,0.12365766912692622,0.027043218188915103,0.010198841547336596,0.0007941935602025882,0.12248256353730314,0.0,0.03314749191497724,0.10082226910265207,0.044777506544856724,0.0,0.0
spot_0277,0.0,0.3744940552074811,0.10314457252057163,0.18367728879308343,0.10202844358257016,0.11937742873109307,0.0,0.036046652891706735,0.0,0.0,0.0,0.0008030096578348156,0.08042854861565912,0.0,0.0,0.0
spot_0278,0.15444114715006604,0.4006373819184403,0.0,0.0,0.0,0.0,0.0,0.0,0.04794014571442978,0.06348573201184166,0.05019540039895315,0.18445352746615282,0.09884666534011623,0.0,0.0,0.0
spot_0279,0.31329640587216595,0.0897625685784341,0.258637570575695,0.057063823797954445,0.018192834799270894,0.17914641896761263,0.0,0.0,0.0,0.0,0.0,0.0,0.0461001849629187,0.0,0.031150290907068577,0.006649901538879846
spot_0280,0.19328490231169546,0.0,0.15310390457352638,0.23448979653280685,0.1456140712437801,0.12963408091221099,0.0,0.0,0.030046468621442435,0.06133874016167875,0.0,0.015403564477030968,0.0,0.0,0.0345945729694841,0.0024898981963438196
spot_0281,0.1968099855645683,0.14656772863946446,0.0908524658980667,0.28726784077806194,0.01060710149760022,0.019841318439578648,0.0,0.0,0.0,0.0,0.04198925537111419,0.023813094142510167,0.07596716661619399,0.0874339838269322,0.006949159132444638,0.01190090009346449
spot_0282,0.02223946178405414,0.10868945547508013,0.020434366448040687,0.15445891471569767,0.1020930077414646,0.01209721485388292,0.0,0.024491331171815994,0.1859194308676107,0.24251681206158027,0.0,0.020409380852276178,0.0,0.0,0.006377039885971063,0.1002735841425254
spot_0283,0.007226833595583168,0.018014056034255335,0.3847606971891912,0.02855694449534548,0.05884930240955558,0.0,0.0,0.14611376296490142,0.0029909974845985245,0.0,0.14028556355378524,0.046300242705472644,0.07728188481394392,0.052936384529203136,0.03668333022416429,0.0
spot_0284,0.16586820840556216,0.06952298631595871,0.07947776362732434,0.13747043033671832,0.2471626816503284,0.0,0.0,0.0,0.0,0.0,0.12547032598458327,0.022042286460952642,0.05281599422930622,0.004844832129825176,0.0,0.09532449085944075
spot_0285,0.43118418827884775,0.015783834654717627,0.10086999004517318,0.0,0.0,0.0,0.26255831021838744,0.0,0.0,0.09755469006711102,0.014380739359223385,0.0,0.0,0.0,0.07766824737653955,0.0
spot_0286,0.3288191839403288,0.15670718129679498,0.1779362872082336,0.0,0.00875775421349396,0.08926181819245285,0.0,0.02145116269841914,0.11462437001395555,0.0,0.0,0.03028036126401743,0.0,0.03166906828155706,0.0,0.04049281289074649
spot_0287,0.1913996615539333,0.08886693632401457,0.13163663963364844,0.0843344416239713,0.030767453965711584,0.05868784057514343,0.0,0.02490435445562768,0.06625957751856869,0.0490504646372467,0.04471459365066275,0.10596401474839717,0.05976293607330301,0.06365108523977157,0.0,0.0
spot_0288,0.5166233442288646,0.1469232965550453,0.0,0.03768692008678927,0.03357761870906833,0.0,0.024158948049962332,0.0,0.024243585463105774,0.04564900319333537,0.05351319936843235,0.1176240843453968,0.0,0.0,0.0,0.0
spot_0289,0.02355914351423517,0.015548940334233622,0.02491140959960538,0.21427632763642002,0.13005250273951527,0.0,0.0,0.0,0.07141935030097095,0.059083424668526785,0.22480061855168218,0.2256102804007608,0.0,0.010738002254049875,0.0,0.0
spot_0290,0.3091226231021917,0.06277898674439664,0.0518306797832591,0.21055196404556858,0.19875123515723003,0.09313888919993271,0.0,0.0,0.0,0.0,0.029428354693177727,0.0,0.020830333559095953,0.023566933715147644,0.0,0.0
spot_0291,0.4150602618256347,0.2244237781794444,0.025756911891212035,0.0,0.037615127350750226,0.1692405835048076,0.0,0.0,0.02634288780465519,0.060734438052177236,0.0,0.0,0.04082601139131862,0.0,0.0,0.0
spot_0292,0.14183560062110154,0.17190466999225887,0.05725175454863624,0.2893500750864104,0.03519976850750228,0.11100934976495933,0.11732324169158174,0.009931969025258542,0.0,0.0,0.0,0.017197884340681167,0.013520032013753274,0.024645115819398253,0.0,0.010830538588458335
spot_0293,0.28604140218825425,0.31440173298333496,0.1060632266395796,0.16869569428054842,0.004841757255815011,0.0,0.0,0.0,0.0,0.012652491178197191,0.0,0.04511068945513728,0.05824242544499205,0.0,0.003950580574141171,0.0
spot_0294,0.08407126081257127,0.20681244866617457,0.033909916747124416,0.0,0.1273189135798982,0.1355359698608912,0.0,0.05289683699108958,0.07879994150983816,0.06627667104809247,0.0,0.04269597413979888,0.04913722727726921,0.0,0.08227049695646334,0.040274342410788776
spot_0295,0.4068258727661847,0.12525055635444457,0.04857663910665588,0.0,0.33422854192803375,0.0,0.0,0.0,0.01128627999797102,0.0,0.0,0.07383210984671007,0.0,0.0,0.0,0.0
spot_0296,0.2675198091439278,0.0,0.0,0.3080594813245944,0.12196872236241135,0.017383595026654243,0.0,0.0,0.005851311248003016,0.0,0.09626072785290966,0.05927462655077616,0.042097776644318186,0.0,0.08158394984640523,0.0
spot_0297,0.07019470199473565,0.4079046279576604,0.0,0.15481737688960734,0.04853125397799138,0.0,0.0,0.0,0.05511725877380726,0.12417676872766208,0.03023511882491663,0.06117678126470957,0.0,0.031594954476022945,0.0,0.016251157112886553
spot_0298,0.3106889614367607,0.29881645457041334,0.0,0.20737581270291972,0.004103010526597286,0.007276604217970979,0.010935859534653822,0.05605292111827607,0.006470136868424342,0.0,0.0,0.015960029673198966,0.08232020935078474,0.0,0.0,0.0
spot_0299,0.12590382169047978,0.06047374242756268,0.0,0.19227847303055587,0.04628323312107058,0.33557080922283195,0.0,0.0,0.0,0.0,0.0,0.0,0.23014979540824881,0.00934012509925045,0.0,0.0
spot_0300,0.2898186963699713,0.06323627201428829,0.06929602361103422,0.08586189202024937,0.0,0.05128866280923344,0.24759242434092416,0.16004793955252428,0.0,0.0,0.031123569978235895,0.0,0.0,0.0,0.0017345193035388895,0.0
spot_0301,0.16713910346392757,0.3138179094227646,0.18859319565148147,0.13082647720526538,0.1100791042131137,0.0,0.0,0.0,0.0,0.053399029181437636,0.0,5.651989477105102e-05,0.0033521821123712703,0.0,0.007684699828012932,0.025051779026854282
spot_0302,0.12293933531781019,0.2532049173677823,0.027663254165505767,0.14628456008766597,0.06390167456075793,0.0,0.1442698030133283,0.18778545882756797,0.0,0.0,0.0,0.0,0.030305111796754502,0.0,0.02364588486282705,0.0
spot_0303,0.06797053204038071,0.37543479846794797,0.39031425369296385,0.0,0.021050741588169112,0.06963620003934042,0.0,0.0,0.005477465309636233,0.0,0.0,0.0,0.008746920689763243,0.061369088171798335,0.0,0.0
spot_0304,0.49518056511399494,0.02217726726250272,0.05006022512250307,0.0,0.1953280550447022,0.0015285621443221346,0.0,0.0,0.0,0.0,0.018564343925757402,0.06589702479711639,0.09143193445051104,0.00382119681729735,0.05601082532129266,0.0
spot_0305,0.10303592349076787,0.06393525646269958,0.2263712268906104,0.24007640794210214,0.10993862571763338,0.12362106585329793,0.0,0.09154447381172426,0.0,0.0,0.0022948881227287006,0.0,0.0,0.011910880193305384,0.027271251515130168,0.0
spot_0306,0.07323585653493506,0.14357799805868754,0.11579521800499197,0.2507541769184451,0.0132251367680457,0.04681534941344144,0.0,0.12644289695153782,0.058504956218045544,0.0,0.02853654060834312,0.0,0.0031303002704678603,0.0,0.05850461779563508,0.08147695245742398
spot_0307,0.1652608102666356,0.14911432493336488,0.3422423500031753,0.02842904756723507,0.16787941430326805,0.07237468605844141,0.0,0.022150828147237494,0.0010341607568595094,0.0,0.0,0.051365603193873594,0.0,0.0,0.00014877476990890262,0.0
spot_0308,0.4384643687745365,0.022036978131162892,0.3058029496366781,0.0,0.0,0.0,0.03861152360898493,0.0,0.05097605375701419,0.07875639388974551,0.0,0.0,0.03795280849028319,0.027398923711594615,0.0,0.0
spot_0309,0.14385705382064132,0.3074765795569057,0.0006090810777767495,0.06597945955284905,0.04579865868921883,0.0,0.07178348610866904,0.10271367635228522,0.12172052879588854,0.0,0.0,0.0,0.02730937957553146,0.0,0.0028613995287060773,0.10989069694152814
spot_0310,0.284734757171275,0.07141401538432085,0.21453935494581272,0.06915920231979308,0.0192151703409555,0.030790925260852236,0.05976986607629918,0.0,0.09123989361905704,0.04484596552302954,0.03875962064315857,0.009912907490482913,0.03216121181802922,0.0,0.016558600096714317,0.016898509310220026
spot_0311,0.1863035889934328,0.0,0.08157574818750009,0.0037842705010577085,0.16316275526526655,0.11652322265248889,0.07654129789706987,0.19349967743730015,0.0,0.0,0.0,0.04030067721476701,0.138308761851117,0.0,0.0,0.0
spot_0312,0.16431762099926897,0.055092727234021976,0.1492327414662687,0.18619945634564164,0.14668592438667266,0.0,0.0,0.0,0.0,0.1670395429458461,0.0,0.026971775076196927,0.0,0.0,0.0,0.10446021154608304
spot_0313,0.1293006174259625,0.30145802994199444,0.08849948626101535,0.10090312643461517,0.0655289844372754,0.0,0.029133135428318777,0.141853855319305,0.0,0.005954962025802237,0.10680661651083692,0.011024721815329737,0.019536464399544384,0.0,0.0,0.0
spot_0314,0.18115037885327978,0.3991647851111003,0.0,0.0,0.0,0.039640774589401434,0.043540657806087735,0.1736428757362087,0.0,0.00272959428017996,0.0760261149362281,0.0,0.08410481868751395,0.0,0.0,0.0
spot_0315,0.34276831979106487,0.1516422943194808,0.0,0.15414167211726423,0.04731960395598535,0.1787113752732153,0.0,0.021311536849839118,0.0,0.0003874810922607847,0.0,0.0902305234202932,0.0,0.0,0.0,0.013487193180596201
spot_0316,0.26600007578620694,0.0,0.2944176093100772,0.2079416923581571,0.014381122650799561,0.0,0.0,0.015550890994134042,0.0,0.0,0.024875022415970123,0.0,0.06509797460442031,0.0,0.04743590959571023,0.06429970228452446
spot_0317,0.35397286869906935,0.17688790993496661,0.2786358810729421,0.052949517595738606,0.03976008270468978,0.0,0.0,0.0,0.0,0.0,0.0,0.09779373999259351,0.0,0.0,0.0,0.0
spot_0318,0.5804253682058149,0.09579711612721183,0.05957848408215897,0.0,0.0,0.0,0.12448754383586651,0.022124180259784253,0.0,0.08470806956827019,0.0,0.0,0.032879237920893416,0.0,0.0,0.0
spot_0319,0.5061222642257298,0.048410503152661835,0.4241016114155106,0.0,0.0,0.005940110983956802,0.0,0.0,0.00021900185768344496,0.012186804349937956,0.0,0.00301970401451946,0.0,0.0,0.0,0.0
spot_0320,0.33469670178797384,0.008445567269338138,0.1741004733823894,0.0,0.0,0.030503728266656805,0.08934434793415254,0.0,0.19068362769675287,0.06607346366598553,0.0,0.04528283410726927,0.019328378162518558,0.041540877726963195,0.0,0.0
spot_0321,0.16510155869795148,0.0,0.09480732219205543,0.2462303145941691,0.021206502322865774,0.11314090748689157,0.07505965023612919,0.0938697555195715,0.021293865367295366,0.006768238156473635,0.0,0.0,0.042419373115167205,0.07208564759430458,0.0,0.048016864717125164
spot_0322,0.08802823980445908,0.057898085660983395,0.24845000922970883,0.00369924300919645,0.053347383546123006,0.128487380564041,0.03183633553497912,0.09351626688089203,0.020153983819441165,0.0790807640518472,0.038165929713981965,0.02479738095945262,0.006503933749159832,0.017974922830429715,0.028664225533026753,0.07939591511227784
spot_0323,0.6446983817549322,0.023556506549575393,0.09361388075516879,0.0,0.0,0.0,0.07821192276517135,0.15991930817515224,0.0,0.0,0.0,0.0,0.0,0.0,0.0,0.0
spot_0324,0.17035341948318744,0.1558753280833324,0.0,0.029246226413510126,0.2599428888581354,0.12740583874373548,0.0,0.04479167161417954,0.0,0.10279372044703501,0.007970947008361613,0.03165886278570691,0.039632715515715185,0.0,0.03032838104710107,0.0
spot_0325,0.36993182581902484,0.0,0.0,0.0,0.19174330292202552,0.02640820574215996,0.02143825284534459,0.09553914355972801,0.0,0.0,0.0,0.18309138792057997,0.06725317121121188,0.0,0.044594709979925345,0.0
spot_0326,0.1301966246710003,0.43605793549736604,0.062043112876432424,0.2991491577017453,0.058559667873418736,0.0,0.0,0.0,0.0,0.0,0.01399350138003725,0.0,0.0,0.0,0.0,0.0
spot_0327,0.3475482706589597,0.17250292180017343,0.0,0.06260841915089771,0.0,0.0,0.0,0.0,0.1071176676059522,0.029408524303826813,0.016900363569868345,0.0,0.25935541405936485,0.0,0.0,0.00455841885095697
spot_0328,0.20109869595820676,0.36066869380674493,0.018401847454499087,0.030093587644939596,0.0920628130574984,0.021230053160223854,0.20165478374994586,0.017645874471607127,0.0,0.0,0.004892734140444388,0.0,0.03517520918654084,0.005723162005063353,0.011352545364286275,0.0
spot_0329,0.2286476265405364,0.39205527190258616,0.22252112514472547,0.005898228050404237,0.0,0.09756070737590089,0.04347894036931117,0.0,0.0,0.0,0.0,0.0,0.0,0.0,0.009838100616535825,0.0
spot_0330,0.40994172316207445,0.22014576550608866,0.038862111141018695,0.032683052790954834,0.10148447409678157,0.04728701764147891,0.0,0.0007263111717873308,0.04806764369277327,0.007927203712098704,0.0,0.03241849582631497,0.0,0.0,0.0,0.06045620125862861
spot_0331,0.21984408506390685,0.0,0.0,0.12350055798259159,0.13277799009759908,0.08153997430964348,0.07769279934764342,0.03500016192600202,0.011352459916539078,0.1351289693558917,0.12519618947729502,0.017528462344232068,0.02864959308231925,0.0,0.011788757096336597,0.0
spot_0332,0.20275121519158662,0.13644055657246257,0.1462383429281523,0.2021828001549985,0.03195047946666856,0.0,0.0,0.00371935241321964,0.0,0.188728195200062,0.005985199526604597,0.0,0.0,0.0,0.005352371295638369,0.07665148725060672
spot_0333,0.1944955445744487,0.0,0.2001154108027525,0.0,0.06084034988797454,0.02246185459705315,0.08953432566743391,0.14608359916805752,0.0,0.0,0.0931855877915018,0.07524868651319698,0.03435383774377878,0.034176072145829406,0.049504731107972655,0.0
spot_0334,0.22486804492481668,0.09867774605057388,0.005345771091351848,0.11288792591466495,0.23632102962920085,0.0,0.0,0.0,0.0,0.0,0.06698028773216501,0.1735395101929525,0.0,0.0,0.07837709963207229,0.0030025848322019987
spot_0335,0.13519266820344897,0.021292394823892415,0.2960528057458968,0.21050582760187336,0.145148297148665,0.027503358772896815,0.005306023585833376,0.0,0.0,0.0,0.010229234596742,0.02117194367012564,0.11195566457083829,0.01564178127978711,0.0,0.0
spot_0336,0.276286761782845,0.41170545604212877,0.10516885791856952,0.0,0.007999254889647228,0.006589462594080432,0.0,0.0,0.0,0.10730041249094385,0.0,0.060737091014124445,0.0,0.0012847545977315738,0.0,0.02292794866992906
spot_0337,0.20981923206643419,0.06972594877412386,0.20811849633402596,0.1501629633491358,0.01763617935319305,0.0,0.0,0.0,0.04541678945692326,0.155774423026484,0.0,0.08823522179365766,0.016493564722880907,0.0,0.035533171151897545,0.003084009971243894
spot_0338,0.14078517564617893,0.06360612525719835,0.15681511969549436,0.0,0.12294086922574991,0.13177156688354155,0.0,0.0,0.07529462535525597,0.0262565567977914,0.0,0.21052510170044295,0.011457871641027456,0.006447685388866362,0.023418741651359144,0.030680560757093522
spot_0339,0.0815182085216115,0.09357032510825593,0.5819162281890737,0.024184501381208215,0.0,0.0,0.0,0.14162833730782703,0.013323443321323564,0.0,0.020631639902507017,0.0,0.0,0.04322731626819292,0.0,0.0
spot_0340,0.7655131238741805,0.2089894330414029,0.0,0.0,0.013466935022253306,0.0,0.0,0.0,0.0,0.0,0.0,0.012030508062163181,0.0,0.0,0.0,0.0
spot_0341,0.3414701146323315,0.13857602980018252,0.19326106908791496,0.03784589307811189,0.0857609208550406,0.04460425100747199,0.0,0.0,0.020623502751437626,0.07038519259213726,0.01658729023685751,0.0,0.0,0.05088573595851397,0.0,0.0
spot_0342,0.38296993710131383,0.0,0.14916614984447463,0.07895750027756201,0.11381690124887009,0.0,0.06446420829759505,0.0,0.003121883638003824,0.04761985214366811,0.1261350451941445,0.0263661017362674,0.0,0.0,0.007382420518100535,0.0
spot_0343,0.21379058698640488,0.3508911549539653,0.14226470241330408,0.0,0.0,0.07745113925356974,0.0,0.0,0.0011962575684222572,0.10294789076895239,0.0,0.0028897600235930753,0.014548706501711984,0.0,0.0,0.09401980153007627
spot_0344,0.2788233445036907,0.20041578719051947,0.0,0.04548703265335239,0.08127909920448052,0.07611780010895611,0.028940025001135804,0.04289952310395954,0.0,0.07064481985177647,0.09281094700517692,0.0,0.056923060829489926,0.0256585605474622,0.0,0.0
spot_0345,0.3140286922289095,0.17411017216221084,0.11157867545926692,0.0,0.2595075178440615,0.027713379232255152,0.0,0.0,0.0,0.07534614887339552,0.0,0.0,0.031155142148841467,0.0,0.0065602720510590145,0.0
spot_0346,0.11606286555452637,0.14236555623733618,0.0620615868088089,0.16733487479676767,0.2201073613736847,0.084719541565807,0.0,0.047030695047694075,0.024382719488138114,0.0,0.029125753056863737,0.01931719874811564,0.0,0.0501844418036044,0.0,0.037307405518653136
spot_0347,0.0,0.0,0.009326004916845664,0.0,0.0,0.02713453886537312,0.0,0.020906862946457945,0.03610081844242724,0.20242614934801162,0.23043548271431813,0.012517959442943795,0.0,0.0,0.4611521833236224,0.0
spot_0348,0.0,0.09308222418858295,0.04582268152011665,0.13879765038245753,0.0940481342629612,0.01162677651338438,0.0,0.17973361244333302,0.15874131895361546,0.07498098229438845,0.1002931933370322,0.044017239504344725,0.0,0.01765575668716343,0.03196366472424058,0.009236765188379526
spot_0349,0.26382901516117274,0.023590969260689043,0.14811821650710116,0.029006627374980887,0.0,0.02927180308078942,0.1522230730923706,0.0,0.0,0.26501188674056375,0.0,0.0,0.08894840878233246,0.0,0.0,0.0
spot_0350,0.14126711745028417,0.0,0.24302309719880358,0.07583624008927238,0.171613166803197,0.2284465512500589,0.01890840673395469,0.0,0.0,0.0,0.02800353778447082,0.02234450350411911,0.0,0.0,0.07055737918583907,0.0
spot_0351,0.2987294533509625,0.0,0.0,0.021901820238435035,0.06289853173016659,0.079842008294095,0.14965011904587575,0.07684420442866882,0.11345069196756447,0.0,0.09250256015880703,0.0007535359473035978,0.0,0.01944563133951245,0.08145027720470671,0.0025311662939021076
spot_0352,0.05508469879700288,0.18615420574051597,0.1333467594239755,0.043251506659433246,0.17186242791971737,0.07544168661599311,0.0,0.12297417296012149,0.051434687264233815,0.0,0.019401989044304114,0.04612481894596083,0.029116257903319273,0.013649691852001761,0.0,0.052157096873420475
spot_0353,0.21370526791272157,0.1324160926777461,0.19585812802033803,0.05091489354586247,0.11436182213350977,0.0005127048011817539,0.0823582579021694,0.0,0.02704413978898556,0.0,0.113056213730018,0.0,0.006043986343108901,0.0,0.050376506736091835,0.013351986408266453
spot_0354,0.43807116673032415,0.1869108018661722,0.015395516105384694,0.0,0.0,0.0,0.15948327280163527,0.0,0.0,0.11149450506026842,0.07447360307866666,0.0,0.0,0.0,0.0,0.014171134357548701
spot_0355,0.19198633690131545,0.23306937125065183,0.0,0.0023237560451493766,0.07962061337802721,0.03581484485621724,0.0,0.0,0.1469779085305171,0.04833985453529979,0.12633927409727327,0.03149689328099498,0.0395723539132713,0.06445879321128241,0.0,0.0
spot_0356,0.0,0.2699450615892011,0.07470010556387686,0.0,0.0,0.1091016589764403,0.0,0.19253660998804856,0.0452454976633205,0.06785073379572837,0.026667770681294323,0.0,0.08605086497504624,0.044036330015713006,0.001409756441869261,0.08245561030946155
spot_0357,0.0,0.32979481908074154,0.2781040306213748,0.09674733884326907,0.13929756994495607,0.0,0.0,0.0,0.0053962206288886245,0.12893580349880368,0.0,0.02172421738196629,0.0,0.0,0.0,0.0
spot_0358,0.34788164277087524,0.0,0.19268253689045162,0.0,0.0,0.060552089142749115,0.1584887320243316,0.14924086817428645,0.0,0.0,0.0,0.0,0.0,0.07808679713977146,0.0,0.013067333857534573
spot_0359,0.20665197374559954,0.07324740264463994,0.08511233411506143,0.23045550574909857,0.0,0.11840990812030029,0.0806616566083189,0.0,0.0,0.0,0.033817456007972556,0.00875657592717323,0.0,0.07449751122738998,0.08838967585444557,0.0
spot_0360,0.5312656346041359,0.03702930561739171,0.22392678012128123,0.0,0.17058161648124,0.0,0.0,0.00021509187548006522,0.012464199094083373,0.016957529084757995,0.00034936128895261093,0.0,0.0,0.0,0.004877040428012628,0.0023334414046646216
spot_0361,0.20862100351269805,0.32204891730616,0.04417702214140962,0.0,0.0,0.026022126519187703,0.18981644547120138,0.0,0.09568305324217882,0.10526863370402008,0.0,0.0,0.0026079166422021825,0.005754881460942135,0.0,0.0
spot_0362,0.26567598744880416,0.4070179213885509,0.12716656632725518,0.0,0.011311530616018082,0.08410421827018633,0.06713697126510333,0.0,0.0,0.0,0.02318584603777509,0.0022616269347236657,0.0,0.008756972985538078,0.0033823587260453547,0.0
spot_0363,0.25456161950604483,0.08491137900261983,0.0,0.0,0.05881697694491619,0.0036759851439115048,0.0,0.011828566705141024,0.29998723941748817,0.18893779869907248,0.0,0.02606265989447031,0.0,0.04588050716853983,0.0,0.025337267517795848
spot_0364,0.3196429235271857,0.10585185171873641,0.1566247223083205,0.015670514575822567,0.026075878939450098,0.1983735448922577,0.0,0.0,0.0,0.0005949938474560241,0.0676538517059354,0.0,0.04898066121765617,0.02201412063386466,0.03851693663331486,0.0
spot_0365,0.1356437174416436,0.23998656275580443,0.018547313395099976,0.10042361221606297,0.1569033212069911,0.13550966167973857,0.0,0.0,0.0,0.060927663918952886,0.02725352017224596,0.0353839958369449,0.031038260890809962,0.0,0.0033426265935887346,0.055039743892116764
spot_0366,0.0,0.3325897494430795,0.11600101712834353,0.19147095735389608,0.0,0.13031005619034217,0.0384938902916366,0.07210878818203353,0.0,0.07466901799388215,0.0,0.007440460820866044,0.0,0.0,0.03691606259592052,0.0
spot_0367,0.19736202687206578,0.00722503247300848,0.09899294791684063,0.1631556729170547,0.3758901932540604,0.0,0.04674871565628756,0.008184941521802809,0.0,0.0,0.020579436482815756,0.0003527224032930905,0.08150831050277077,0.0,0.0,0.0
spot_0368,0.18656094926012828,0.20384785063185853,0.11858150737936697,0.11128562957208746,0.12810027610168662,0.03440790854320148,0.0,0.0,0.0,0.054484420138192345,0.02682005083028572,0.001601308910300189,0.022285852924374478,0.04168248114962252,0.0,0.07034176455889551
spot_0369,0.2326114530066245,0.25553161847438827,0.15505332314425432,0.07424619059531234,0.06435379888426522,0.09313487186825947,0.011607025610463338,0.0,0.0,0.004259517863895382,0.01882582822105956,0.07891492260841503,0.008986647367997482,0.0,0.0,0.0024748023550649496
spot_0370,0.36124110890032946,0.19786411619662472,0.07466317347734598,0.0828115418584126,0.05476502611121132,0.0,0.09539818502666736,0.05168529059328865,0.0,0.0,0.08157155783611993,0.0,0.0,0.0,0.0,0.0
spot_0371,0.20749935096417474,0.2739220659864791,0.0,0.14070412849997763,0.0,0.009293490431735916,0.0,0.0,0.0,0.0,0.19761537089896086,0.010912252166219731,0.160053341052452,0.0,0.0,0.0
spot_0372,0.22638533083892087,0.470252184074325,0.1807484871760025,0.0,0.031611911018797706,0.0,0.0,0.0,0.0,0.002817477315375881,0.0,0.08818460957657803,0.0,0.0,0.0,0.0
spot_0373,0.22417843461528064,0.2379455838628881,0.3047142336339055,0.0,0.08869415249173736,0.06304516750595758,0.0,0.0,0.0,0.0,0.0,0.0,0.0,0.07727703205155219,0.0,0.004145395838678391
spot_0374,0.29940265722072307,0.20017594127265803,0.0839439010267871,0.0,0.16439426904527324,0.0,0.16602647616471566,0.03226616770071697,0.0,0.0,0.0,0.0,0.05272524272359288,0.0,0.0010653448455328757,0.0
spot_0375,0.5171545394865054,0.1496313910072079,0.21993998471097037,0.0,0.0,0.0,0.0746237340458925,0.0,0.0,0.010840729923290148,0.0,0.0,0.0278096208261336,0.0,0.0,0.0
spot_0376,0.4329052417987976,0.04924179124031684,0.02297982826752231,0.13771399316551436,0.1690673802048545,0.0,0.0,0.0,0.0,0.0,0.15424897988262176,0.033842785440372586,0.0,0.0,0.0,0.0
spot_0377,0.21492065968334106,0.0,0.10812516662874053,0.1373522256281969,0.04229142937740592,0.0,0.012888931870608734,0.0,0.08476317680259823,0.06442136881422922,0.03462029599175373,0.14917555276982178,0.09474682410946722,0.03000849423644,0.0,0.026685874087396713
spot_0378,0.10909394001052514,0.17394423696708344,0.08435550848188149,0.10020857843917551,0.03351628715830343,0.21628357159404854,0.026871114372989783,0.12991761883221853,0.0,0.06997217378495321,0.0,0.0,0.0,0.006876191917141552,0.036930403701431073,0.012030374740248219
spot_0379,0.2831346352393157,0.14031092615602087,0.025463177574820764,0.0735544088605192,0.12774369406277836,0.024858989942430593,0.04319349831132831,0.1742981420351967,0.0,0.0,0.0,0.024136698700829445,0.04890940902817707,0.012909215855194993,0.02008804079219894,0.0013991634411889165
spot_0380,0.08508586059017895,0.0702197398677717,0.17732631591683956,0.0,0.012857949159044922,0.02331984133873953,0.0,0.061909248805662995,0.0,0.29103424760655805,0.0,0.0,0.03393663757773306,0.05576610341453195,0.03455278793259144,0.15399126779034783
spot_0381,0.33902398129061645,0.2281058884935422,0.15598410129070045,0.0,0.0,0.024153675689351395,0.11275675919377783,0.0,0.0063882095761858436,0.0,0.06830011793013081,0.0,0.06528726653569504,0.0,0.0,0.0
spot_0382,0.32032032944596556,0.024112836589540297,0.04121307584174207,0.04647098964489717,0.19885454020788662,0.02389859676766421,0.002463170571060182,0.13655859317779787,0.0,0.0,0.035478009877377675,0.06950589580841503,0.05891758434485907,0.03692541231513986,0.0,0.005280965407654623
spot_0383,0.15066390192265225,0.06814936770217442,0.2243117077172651,0.17031125105481923,0.06269941856849753,0.09734644242821575,0.0,0.0,0.0,0.1034834108702068,0.0,0.0212943175557705,0.08453806534747363,0.0,0.017202116832924913,0.0
spot_0384,0.2627424760189065,0.023597408102603037,0.18122944751998404,0.004742404254040347,0.0,0.0615171222348217,0.13852468459912495,0.0532424507573504,0.06167688295952445,0.1347479244258943,0.05868233278775523,0.0,0.0,0.019296866339995163,0.0,0.0
spot_0385,0.12947656033394708,0.18581775823936567,0.22408294025073083,0.3128081750754539,0.07936179535121851,0.0,0.0,0.0,0.0015007385576878882,0.015049885321768045,0.0020734815495682415,0.019152873255048115,0.030675792065211708,0.0,0.0,0.0
spot_0386,0.10817490563460042,0.16297121875679155,0.2684033703569464,0.11192654381358032,0.03172553178441767,0.0,0.018427068250727794,0.07978604087777189,0.03859455628636295,0.07266796434551091,0.0,0.043058550625918214,0.04364950864427296,0.020614740623098874,0.0,0.0
spot_0387,0.4179414775677205,0.20509753046527932,0.1784584575184664,0.0,0.0,0.02132251189402404,0.17718002255450976,0.0,0.0,0.0,0.0,0.0,0.0,0.0,0.0,0.0
spot_0388,0.2607216163068432,0.0,0.17350030055228466,0.0,0.08500807961393678,0.16403799453089368,0.0,0.11085047739389342,0.05570733471021259,0.0,0.0,0.09333258231636327,0.0,0.00013250819592186902,0.0,0.056709106379650466
spot_0389,0.20044517153721497,0.08461682914040743,0.0,0.0,0.0,0.21232763547849356,0.0,0.0,0.03688149775481753,0.01570199108923228,0.0976680554048586,0.049951535225170395,0.0648068123835005,0.0,0.09442821940452319,0.14317225258178154
spot_0390,0.28502867180613384,0.28622189268743575,0.046858067249633206,0.0,0.04254751890522642,0.0,0.042575548256395965,0.08517645392048745,0.0,0.0,0.025242448521651834,0.03534714159787104,0.12859605917610287,0.022406197879061514,0.0,0.0
spot_0391,0.13148214064771235,0.11726383827313394,0.15157977838343162,0.1875907938827421,0.0051096470608373015,0.07823205128834519,0.13583014874080612,0.07002657377097771,0.0,0.03151816559351946,0.0021049440357535894,0.052523240787218595,0.0,0.0,0.006452640553721788,0.030286036981800223
spot_0392,0.12155012290717523,0.0745094619455134,0.3184064912788758,0.09752237561531435,0.02008656870701818,0.0,0.11669405916910802,0.03414474141148794,0.018222481543513143,0.02861932575043707,0.0,0.06289242704312237,0.0,0.04277192813503104,0.00959017330253967,0.05498984319086349
spot_0393,0.07216375838866275,0.2593040294234833,0.2885429043464772,0.0,0.0,0.02694948626628051,0.001742190160083579,0.035023398861891035,0.0,0.18160975814762817,0.0,0.0,0.0894459954295562,0.02481278677556738,0.0204056922003698,0.0
spot_0394,0.3190061812387655,0.2576521714789176,0.056621626976650366,0.0321783974675617,0.024593317862381718,0.0,0.0880109139848116,0.0,0.02220777743049628,0.05778134449900968,0.09493033748590952,0.03654581212439051,0.008040288366714603,0.0,0.0024318310843909046,0.0
spot_0395,0.006502254362139321,0.0,0.1972326182716892,0.28954924250301556,0.00227462120949936,0.2074129268616503,0.0,0.0,0.017095685252838437,0.0048425187951616775,0.15603283504581167,0.0,0.09400398536638106,0.0,0.025053312331813276,0.0
spot_0396,0.15600274952344198,0.05791072725943897,0.23903686440933716,0.1769316993706566,0.0,0.03395148096808246,0.14491646390176352,0.04496098465318676,0.05901596153704196,0.008822098739977437,2.0557527862205013e-05,0.0016300762120975904,0.05853332109191817,0.0,0.0,0.01826701480519523
spot_0397,0.0,0.02037518956616762,0.3624551419780853,0.0,0.08739708468422136,0.27427026391060705,0.0014135930500210983,0.0,0.01721457397827213,0.13519406730856434,0.0,0.06334720397636781,0.0,0.0,0.038332881547693196,0.0
spot_0398,0.3833900665734755,0.11121410185941728,0.26038324225833054,0.07708101656154431,0.03506075320167914,0.0007071322315662855,0.0,0.0,0.0,0.0,0.01740979426735554,0.011382932384415546,0.1033709606622158,0.0,0.0,0.0
spot_0399,0.0,0.0,0.037783517718819826,0.1416764386516567,0.0,0.0374616463044828,0.038672337342815916,0.24881624149436823,0.07294354785228596,0.23692890368722366,0.0,0.0,0.0,0.0382245309030068,0.08288209314427221,0.06461074290106783
spot_0400,0.15622934223912388,0.15806660740143075,0.04875586118022175,0.2622536623158744,0.10120582216625695,0.0,0.0,0.07054664378063073,0.0,0.00323557613347823,0.04886532937241411,0.028383859516217098,0.052271666497647175,0.0,0.07018562939670495,0.0
spot_0401,0.20710370882141949,0.0,0.0635175689925969,0.03341824129378205,0.0,0.3098768072636231,0.05393960241874933,0.0,0.005358422731536569,0.16378095827593186,0.08189997265807558,0.0,0.02900784692864734,0.05099757190474785,0.001099298710889883,0.0
spot_0402,0.5571478030116158,0.0284517638660638,0.0,0.005708984477914303,0.0,0.0,0.0,0.21993032111956,0.0,0.0,0.16647417992661542,0.0,0.01749890653421509,0.0029940142188009024,0.0017940268452145234,0.0
spot_0403,0.3284294181187621,0.04853201654862076,0.4190652584547043,0.0,0.08950041634385644,0.0,0.0,0.0,0.0,0.0,0.08521312196211896,0.0,0.0,0.0,0.029259768571937593,0.0
spot_0404,0.2021657827613534,0.22583373183169422,0.14331364580040537,0.03840094061064883,0.09936732286987411,0.0,0.046794198759749064,0.07455946984377479,0.020557344261768744,0.047419414152206595,0.0,0.05966885710902502,0.025841909901008656,0.0,0.0,0.016077382098490856
spot_0405,0.4340354906508189,0.03664759494066032,0.0,0.1895525647834867,0.05082647728270525,0.21916881618908765,0.0,0.03894332904288581,0.0,0.0,0.01680306117662332,0.014022665933732007,0.0,0.0,0.0,0.0
spot_0406,0.3506610855971585,0.021374944573193874,0.05826002506719839,0.18086193119438326,0.1307686014276491,0.0,0.10765170489506395,0.0,0.0,0.01811380743869775,0.0,0.02390053706829079,0.0,0.0,0.1084073627383644,0.0
spot_0407,0.053992742467839173,0.18323768781213903,0.18831170715385218,0.07611180565177288,0.0848112091993203,0.0,0.011019794135585159,0.08274003666124764,0.2224239701753319,0.022267355719413743,0.0,0.043659991661714435,0.0,0.031423699361783554,0.0,0.0
spot_0408,0.0,0.3502003859990594,0.22196410776127318,0.01821169062716968,0.21449351523945825,0.0,0.01884029010809259,0.0,0.008227242382324638,0.0,0.04448694089847019,0.042269600883343986,0.0,0.020766860153784546,0.06053936594702377,0.0
spot_0409,0.09156419778811223,0.32609811314567894,0.035374339470871624,0.17523750454166098,0.005816290888810989,0.07355903823208675,0.08229144384488464,0.054051333230723586,0.0006914176122910017,0.0,0.03999781025119868,0.016041487918524177,0.05744850024709997,0.012368493224651637,0.02946002960340463,0.0
spot_0410,0.6742849980836102,0.03696819962034909,0.08306700886239239,0.0,0.0,0.0,0.1033224113138271,0.0,0.01694257750763974,0.06601545720451692,0.0,0.0,0.0,0.0,0.0,0.019399347407664583
spot_0411,0.2745920585431942,0.0,0.11336301538008986,0.27135378782164554,0.08378567569837007,0.0,0.07019756644870064,0.01553431997614352,0.0,0.0,0.030548160343324037,0.06977657740052452,0.0,0.0,0.07084883838800754,0.0
spot_0412,0.2961861872468785,0.071466264005709,0.13620289026732543,0.0,0.20741075125559014,0.046599631977160424,0.0,0.0,0.034013591551410115,0.18091744454891318,0.0,0.02720323914701324,0.0,0.0,0.0,0.0
spot_0413,0.0,0.3338160882184109,0.23015297987040848,0.17672171159102465,0.0634195105770661,0.0,0.0,0.04125904947150157,0.0,0.0,0.004296351246862403,0.1001118471958431,0.0,0.0,0.04851150781607665,0.001710954012806027
spot_0414,0.3167059045994463,0.0,0.06954843405216149,0.0,0.23437631153240715,0.19378864474644522,0.0,0.10610326260176278,0.0,0.0066529094090083014,0.0,0.0,0.05311646881281573,0.0,0.019708064245953057,0.0
spot_0415,0.10045594535016539,0.06071773801376628,0.43776568148831374,0.0,0.08872007200497894,0.12326489142668716,0.0,0.06954923662689906,0.0,0.0,0.0,0.0,0.07891002160366428,0.023846525959506367,0.016769887526018778,0.0
spot_0416,0.43134935548326453,0.30449403786584883,0.06802903083322515,0.0,0.1439927585202738,0.0,0.0,0.0,0.0,0.0,0.0,0.0521348172973877,0.0,0.0,0.0,0.0
spot_0417,0.11349067041145858,0.28486696281125984,0.17164065271927473,0.12125574717176937,0.0,0.0,0.08037405210025023,0.02215270308586761,0.09002836068999473,0.02865205353544664,0.028811609692316664,0.0,0.0,0.028381568340543444,0.0,0.030345619441818353
spot_0418,0.15183067810858325,0.1583645067846903,0.13620347896767482,0.05073189314824465,0.15797184817925158,0.15892217697565675,0.0,0.0,0.0,0.01798072810612882,0.13383699559554846,0.0325944948925334,0.0,0.0,0.0015631992416880605,0.0
spot_0419,0.07629035147807312,0.3804618417031647,0.11675936155631232,0.18107713154950958,0.00901397792961912,0.0,0.0,0.09707547791594952,0.10853664039648193,0.0,0.0,0.0028160995563654956,0.0,0.00047041897705544556,0.0,0.02749869893746887
spot_0420,0.6220738381108376,0.0,0.0,0.0,0.0,0.0,0.08985874449192194,0.0,0.10463488800349932,0.08661536042439173,0.0,0.0,0.0968171689693493,0.0,0.0,0.0
spot_0421,0.3717892883691446,0.24986193716732732,0.0,0.0,0.0,0.06385311973047464,0.0280348104958008,0.09808764812835176,0.008792581729686137,0.1230839801044148,0.0,0.0,0.0,0.0,0.0,0.056496634274799826
spot_0422,0.4587424115691406,0.1456717926635239,0.1700549191160413,0.11843541757150815,0.03531856716628122,0.0,0.0,0.0,0.0,0.0,0.019721671713598784,0.031788955980602815,0.0,0.0,0.01088318515571753,0.009383079063585726
spot_0423,0.0,0.12498954266470215,0.2875053015079914,0.1513566676894771,0.15965903773500775,0.0,0.0274679718024662,0.0,0.0,0.0009112103775792168,0.06397141601455131,0.0037922251702899516,0.010052423441597678,0.04117104389160904,0.06658172278536587,0.06254143691936247
spot_0424,0.2758930228899719,0.29974960607118534,0.06116398315261226,0.0,0.0,0.039482369265832006,0.1319713565104089,0.0,0.0,0.042007974417983505,0.036343560561439184,0.0,0.024036976257990752,0.04619103720080062,0.014664527014530323,0.028495586657244998
spot_0425,0.07840943687391161,0.16968447311656995,0.26209492832811654,0.20724551101673497,0.07720932373364578,0.08154649419694086,0.005755174576476622,0.0,0.0,0.0,0.03925301800732428,0.0774512489602567,0.0,0.0013503911900227047,0.0,0.0
spot_0426,0.3125356255225542,0.037102549948707646,0.3000340080008699,0.041538634950933205,0.1036142276135791,0.09719292104529278,0.0,0.0,0.06754333021987996,0.0,0.00914048393546991,0.010354680713101763,0.020943538049611583,0.0,0.0,0.0
spot_0427,0.5298846106055808,0.07706805135359665,0.0,0.11583111841073927,0.0640879144972615,0.012516051098800888,0.0,0.08390128167118423,0.0,0.0,0.035852145867218736,0.0344785252772205,0.046380301218397514,0.0,0.0,0.0
spot_0428,0.1309741814692026,0.030601063014719626,0.29857668231369167,0.1928630606810355,0.03710626553757867,0.00822940420353611,0.0589662417105858,0.0,0.0,0.1552632275695089,0.009720899428678069,0.0015860881096612964,0.0,0.024105108159266513,0.0035876682264681546,0.04842010957606724
spot_0429,0.3387492982447762,0.0670572823437748,0.22231804874129732,0.0,0.11409662297894206,0.0,0.035886315541932105,0.09224111594080098,0.0,0.0,0.0,0.04502925781970925,0.0,0.0,0.08462205838876748,0.0
spot_0430,0.06662204175276536,0.4087385660412476,0.16495269421470707,0.1139896910358572,0.09516850980131372,0.013512747702026416,0.04284825431523532,0.028042714692400085,0.0,0.0,0.0,0.02898378454607981,0.0,0.0,0.03714099589836754,0.0
spot_0431,0.26295478296342834,0.0,0.11992563061952322,0.0,0.08855729061531911,0.01050992933309164,0.021051974842291613,0.11251275167974881,0.06891443590752105,0.0303704151284469,0.19640037851973052,0.0702739404674247,0.0,0.0,0.008488592357983691,0.010039877565490418
spot_0432,0.5949408371926133,0.06119720753422108,0.0,0.2413749077315796,0.0,0.0,0.09289313751264908,0.0,0.0,0.0,0.009593910028936994,0.0,0.0,0.0,0.0,0.0
spot_0433,0.14033879225877277,0.08233204122658959,0.1162953482767528,0.045195138083836746,0.21577054818019376,0.0542926617611956,0.08407080963925016,0.0,0.049211994752694416,0.07535136487774192,0.0,0.014019741952409702,0.10780270833357905,0.0,0.0,0.015318850656983596
spot_0434,0.21415396104983642,0.09081808778179588,0.09960145702638415,0.2555196486210282,0.02161667537218613,0.00135136212135249,0.013946467510426662,0.003433630058464418,0.0,0.0,0.0,0.15495008344455363,0.0,0.08369516064957325,0.06091346636439871,0.0
spot_0435,0.39635923244045596,0.03653592826227595,0.07426466317465066,0.015038800298947417,0.1814873331926577,0.04896989852179107,0.0,0.038050293240837224,0.003220971980079029,0.0,0.10856787459267449,0.0,0.016795918592481234,0.08070908570314927,0.0,0.0
spot_0436,0.026088989396718543,0.41977011337825876,0.08074587623660961,0.0,0.05185858806714307,0.0,0.04852542282399779,0.0,0.0929817127638716,0.005093437696329929,0.0,0.06550700375775168,0.16165922666141683,0.0,0.04776962921790223,0.0
spot_0437,0.27935291245764177,0.1207399675777615,0.1538287672986088,0.27082230716565275,0.11810471668990706,0.003808712174896097,0.0,0.0,0.0,0.0,0.0,0.04702163090567118,0.00632098572986089,0.0,0.0,0.0
spot_0438,0.42871310620804365,0.0,0.0,0.2143440117901343,0.1910435775060309,0.0,0.01907462028101821,0.11250385406216037,0.0,0.0,0.0,0.018042433766638055,0.0,0.012811863005550983,0.0030241788261484268,0.0004423545542751941
spot_0439,0.0750603289608174,0.13530689797802944,0.0704495600132435,0.07231778269305145,0.0,0.13613100641576464,0.2925684004785689,0.0,0.05449794289209129,0.03156933003608042,0.0,0.0,0.008859897598563598,0.10652671486239419,0.01671213807139517,0.0
spot_0440,0.1321391014210397,0.13922896069357033,0.06834524025356753,0.0,0.034889231243171254,0.19936753079319422,0.07582138797307361,0.0,0.0016458492871586495,0.10587370855925927,0.05889358919197594,0.0,0.030793688066226534,0.0,0.06388098707779563,0.0891207254399673
spot_0441,0.1413300750235291,0.0,0.09870179872334048,0.1487257682610947,0.07845603500783609,0.2268293724452178,0.0,0.059916845147144696,0.0,0.0,0.010046958263517643,0.10535921834222484,0.0,0.04191303044137445,0.08872089834472027,0.0
spot_0442,0.188741352976427,0.0,0.19408016228394032,0.14328756154699518,0.0,0.0,0.12648860598174871,0.0,0.0,0.06403023769157128,0.17897793040332113,0.0,0.0,0.0,0.08644590920509335,0.017948239910903014
spot_0443,0.0,0.06205539097355131,0.42276050424033,0.050041507785094676,0.0,0.25725489651323113,0.0,0.08286833084212894,0.00608895973982066,0.0,0.005159772567625978,0.0,0.0,0.10374591673179019,0.0067262898531418825,0.003298430753285408
spot_0444,0.38154977243546934,0.06101956435188832,0.11159395780162847,0.0967887858006899,0.0,0.024335184437440826,0.02252388060378461,0.0,0.0,0.1601960581643919,0.09325758466418622,0.005537873412163769,0.0,0.0,0.043197338328356656,0.0
spot_0445,0.0006184915526685873,0.0,0.16760405374321877,0.1777435366996853,0.0010579815072812532,0.10605083652329143,0.042814815196953834,0.13237418384022726,0.0,0.09440234414815211,0.06840468937955761,0.0,0.12840760776855759,0.023535498849259224,0.0569859607911469,0.0
spot_0446,0.41773648057966667,0.08353399286181461,0.0,0.1282525482953988,0.0,0.0,0.03744108082604766,0.03341008135004907,0.0636378966555499,0.16457834871299923,0.008807619296371486,0.0,0.019382535051294066,0.0010333425926201702,0.017644300315845567,0.02454177346234282
spot_0447,0.48607445507432817,0.0,0.3448452022208113,0.0,0.0016104061592031155,0.03666391943289303,0.0,0.01921069886207531,0.0,0.0,0.0,0.0,0.0,0.11159531825068934,0.0,0.0
spot_0448,0.524758621244393,0.04892723824673925,0.06160530978265617,0.0,0.05927735617771266,0.01766356869059701,0.0,0.0,0.0,0.0,0.14929404081565387,0.1171719692818813,0.0,0.0,0.01344860871712487,0.007853287043241917
spot_0449,0.08396572151914818,0.26888768449429834,0.05753765028690326,0.057739466467734445,0.07697958362262251,0.015037640257982028,0.0,0.06318012420276853,0.0865166559924418,0.057350252819247605,0.08482973539218934,0.05712262753326056,0.0,0.03686316186125058,0.0,0.053989695550152934
spot_0450,0.18879612718238042,0.1370251272416162,0.1823331279706102,0.1125507025440324,0.20373281813261074,0.0,0.0,0.0,0.0,0.005098046599078425,0.0,0.0836665627952063,0.05341016394700596,0.03338732358745931,0.0,0.0
spot_0451,0.15643553448656078,0.11175522995964354,0.21182220586576542,0.0,0.07887261420755651,0.0,0.09949279773057869,0.11119992647203704,0.12878205610262008,0.006948193172310304,0.0,0.0,0.0,0.014059738112402924,0.02243965615681009,0.05819204773371448
spot_0452,0.15815913889807914,0.288983185904305,0.15868012840180223,0.15225385669094502,0.03996367188216345,0.046375094404256086,0.0,0.005084043903804009,0.006229550835699649,0.005997762502310384,0.07872919485451742,0.021839612670388437,0.0,0.0,0.0014888655147431333,0.036215893536986184
spot_0453,0.3065692618643931,0.1861138501995419,0.13788658825010575,0.0031587306404486527,0.0,0.0,0.21096003467256694,0.0,0.0,0.0,0.15531153437294362,0.0,0.0,0.0,0.0,0.0
spot_0454,0.1962766862024537,0.22677623031284458,0.21870472964438678,0.0,0.07614433765491922,0.0,0.04805533950628357,0.015053449032507278,0.0,0.0005958788478000581,0.06514538611026265,0.050367286970288506,0.09594066854432422,0.0,0.006940007173929552,0.0
spot_0455,0.03649297216380494,0.0,0.3119101244117785,0.0,0.25580803272597313,0.13959851819465896,0.02763980803137133,0.0,0.0,0.0,0.09322314696475968,0.06365549151945465,0.0,0.07167190598819884,0.0,0.0
spot_0456,0.09279611159850036,0.2016623779415094,0.29844277191442764,0.007314520988196759,0.14926240808476715,0.0,0.00045570913698709544,0.0,0.042329202303661446,0.0034802854017450934,0.005768551250669522,0.10766058747589882,0.0,0.008629361268089138,0.0,0.08219811263554773
spot_0457,0.29735315922115735,0.009370531307082701,0.2989719961365458,0.21686537687362584,0.061547932652615135,0.0,0.0,0.017817523181577425,0.0,0.0,0.030421007395389745,0.06765247323200614,0.0,0.0,0.0,0.0
spot_0458,0.12496675243478464,0.0,0.18209403046539877,0.003358266340312053,0.4171196929470976,0.0,0.0,0.0,0.0,0.0,0.059299808744361276,0.015252213064164596,0.014571293232747985,0.012182146041269505,0.16492104793174117,0.006234748798122466
spot_0459,0.027321144414590423,0.22025868451010466,0.23456185982478342,0.1338257980781999,0.029777074797784023,0.2383651276306155,0.07783700306740957,0.0,0.0,0.0,0.0,0.023009000714492838,0.0,0.0,0.0,0.015044306962019603
spot_0460,0.023835755787369035,0.1364327459547438,0.15883545701834112,0.24330915678543052,0.29333647214164743,0.04557789230234338,0.0,0.010611918778218182,0.0,0.0,0.0,0.0,0.011804980788701415,0.0034106445840466383,0.07284497585915851,0.0
spot_0461,0.24630746859545183,0.2584852893883353,0.002465615853999651,0.0,0.3198635554398932,0.0,0.0,0.0,0.0,0.0,0.0,0.17287807072232006,0.0,0.0,0.0,0.0
spot_0462,0.25966813185508414,0.18685883871252604,0.0939795466887529,0.23595131530913055,0.12418182833889987,0.0,0.05262840952479487,0.0,0.0,0.0,0.0,0.004198658258430653,0.03146673965068287,0.007203129996003525,0.0,0.003863401665694649
spot_0463,0.38502312120163884,0.0,0.14772658127333446,0.19705482478052533,0.017075959176465136,0.0,0.04179938303673615,0.048865836815054575,0.0,0.0,0.11583582917542036,0.0270465908019142,0.0,0.0,0.019571873738910717,0.0
spot_0464,0.0,0.4955288870294209,0.013740523211342117,0.15267834992177343,0.0,0.0,0.2479620419085517,0.08857622978079728,0.0,0.0,0.0,0.0,0.0,0.0,0.0,0.0015139681481147482
spot_0465,0.3533476370065866,0.0,0.21465419424853935,0.07276744929511307,0.08449625528408905,0.07010585447335288,0.0,0.0,0.0,0.0,0.0,0.05798768037227775,0.0,0.041829781781279086,0.10481114753876222,0.0
spot_0466,0.4088099498731194,0.04854801526086989,0.029189556650279412,0.06812319943125222,0.16550250117466,0.06362560817891054,0.02595039177960085,0.059180383343524406,0.009000614371232145,0.05651187110560188,0.0,0.013189340006926072,0.04137197094296471,0.0109965978810584,0.0,0.0
spot_0467,0.0,0.15095115936105177,0.23061635276438666,0.023255201854946367,0.13514773529035096,0.29850480876316804,0.015945055989522505,0.03190095954180786,0.0,0.0,0.03955206522330357,0.05809953575240414,0.0,0.00951428108206093,0.0065128443769972375,0.0
spot_0468,0.25874924601420873,0.178864477228708,0.13866656076269893,0.0,0.0,0.0751073608036365,0.26027839414120363,0.05173291371922246,0.0,0.0,0.004029875087194395,0.0,0.0,0.021059318534646196,0.011511853708481023,0.0
spot_0469,0.2728012765066346,0.2525884549967701,0.23690718969318295,0.0,0.0,0.03879291158044114,0.0,0.03932005124287843,0.0,0.0,0.0,0.0,0.0,0.10156398242812396,0.0580261335519688,0.0
spot_0470,0.02323937575174243,0.06152692377187266,0.1552683531707964,0.13647587881438045,0.15466288723949054,0.0,0.026036911337105294,0.0,0.04894918677706357,0.107555917712639,0.0,0.1661141162355352,0.06489985241679937,0.037410189801153904,0.0,0.01786040697142114
spot_0471,0.21193778966969565,0.35137213876624895,0.0,0.03693507424476124,0.03361522001853038,0.0,0.0,0.110209019887017,0.03460796675127002,0.08508219906530409,0.06598281059023346,0.0,0.004904116633392986,0.0,0.0,0.06535366437354644
spot_0472,0.15864191574721373,0.3255260737029062,0.19554482515351984,0.11409337165478965,0.018855721741443336,0.013658471647663876,0.0013342681669193945,0.0,0.024437602270111675,0.0,0.0,0.083225966809422,0.06468178310601026,0.0,0.0,0.0
spot_0473,0.33013672481039846,0.0,0.2033406226156377,0.0,0.0,0.0,0.26003974088769855,0.0,0.07545508301027176,0.027909733004563654,0.060459384861781415,0.0,0.042658710809648163,0.0,0.0,0.0
spot_0474,0.05311159271885927,0.1188162014577179,0.0828141585803318,0.0,0.01883508469295738,0.1081759242644302,0.0,0.0,0.06930392287782995,0.222807542181195,0.1280542993235035,0.04502345774518021,0.01035484844063781,0.0,0.0,0.14270296771735694
spot_0475,0.4982493583851678,0.049496191016039054,0.0372373648553955,0.0,0.0,0.0,0.2983492408153203,0.0,0.0,0.11666784492807734,0.0,0.0,0.0,0.0,0.0,0.0
spot_0476,0.18717733928289323,0.15101933638057025,0.2712009669590397,0.13561539271888687,0.0,0.08282726977136344,0.0851555021256472,0.0,0.02329584015130499,0.026470557991949303,0.019915245102612004,0.0,0.0,0.0,0.006846578306537628,0.010475971209195549
spot_0477,0.04839312272685885,0.06137181309648439,0.014019674900588744,0.19488448868253483,0.37285136360776167,0.0,0.0,0.07309263151210942,0.05891306583946771,0.0,0.0,0.027018974081061697,0.06325471317820208,0.01997885626471718,0.038312481023653776,0.02790881508655937
spot_0478,0.09937014567998699,0.2848103979999655,0.0,0.0,0.1962695545283868,0.0,0.0,0.0,0.08739988757103585,0.14848351011034475,0.0,0.1436545882514526,0.040011915858827546,0.0,0.0,0.0
spot_0479,0.33844530623510644,0.02869825053427064,0.016902323733980325,0.01709788441600347,0.0897740180759498,0.013135413959640591,0.024619879624629543,0.0,0.0,0.0,0.049026554888857786,0.29749093531874266,0.0,0.0205948494050303,0.10421458380778835,0.0
spot_0480,0.133772887296255,0.45630904679795764,0.20043881652767298,0.0,0.07026107563544502,0.0,0.0,0.0,0.0,0.0,0.05012256518204116,0.014284240210670398,0.0,0.0,0.07481136834995787,0.0
spot_0481,0.3594825968736162,0.03320495556165294,0.05102155082250821,0.11031378115999796,0.1377538430640132,0.0,0.06013270467625953,0.09403871650729233,0.06314826336092384,0.0,0.0,0.0,0.04033245243040711,0.019551847770919516,0.0,0.031019287772409133
spot_0482,0.17162454363367147,0.4073203024038348,0.22308359049856177,0.01221852089299262,0.03092717647046689,0.009552817373607417,0.0,0.0,0.0,0.0,0.06429840398742688,0.03877518603138394,0.0,0.03372615310073419,0.008473305607319995,0.0
spot_0483,0.0,0.060234953214552224,0.4675275566570474,0.0,0.0,0.1464916312031389,0.013017386968948282,0.014989936558062416,0.04684947992155989,0.06504935678991812,0.13121474582386458,0.01346311667078168,0.0,0.0,0.0,0.04116183619212666
spot_0484,0.12296880744594099,0.12136625924493345,0.171862785050173,0.20882456087698337,0.0,0.0973601719591158,0.032483609067259125,0.0077767105908585505,0.15495608452896986,0.06927186274839957,0.0,0.0,0.0,0.0,0.0,0.013129148487366342
spot_0485,0.10069675807383509,0.0,0.0,0.3119931708282118,0.004101901336430589,0.15509557143471828,0.07940857017822119,0.07215399142952343,0.011254982418644881,0.0,0.18185498489064222,0.0,0.0833032865173668,0.0,0.00013678289240590794,0.0
spot_0486,0.22416800407553858,0.11608299865743871,0.2061027332652728,0.00351283171207629,0.09810968143100575,0.06199759802549183,0.0,0.0,0.12786832537129678,0.07859716010100948,0.0,0.0,0.02028312388253319,0.014246384542718486,0.009243258864542192,0.03978790007107592
spot_0487,0.16126580929812145,0.277549003469955,0.07405048358632182,0.296374987517896,0.0,0.0,0.0,0.0,0.006967281539653125,0.0887375014534221,0.04270253793155383,0.015271884572987943,0.03708051063008887,0.0,0.0,0.0
spot_0488,0.23970933037030928,0.06833724195628464,0.15712764732841078,0.11026538380705198,0.20765360529754548,0.06568876795469078,0.007517362410175797,0.0,0.0,0.0,0.0,0.061680550497934604,0.0,0.030222114282009032,0.048934565382775984,0.002863430712811586
spot_0489,0.09844951431795504,0.03720189407742087,0.18095816412473276,0.20365318736294213,0.19098996323853995,0.02892026719971034,0.09318370184605541,0.05642871557422819,0.0,0.0,0.009626691912695835,0.06511016448801993,0.0,0.03547773585769962,0.0,0.0
spot_0490,0.1991986836012266,0.08149932252375054,0.122752862274101,0.3139198995135532,0.019771562114890145,0.0,0.0,0.0,0.0002034534284333621,0.11343322435870963,0.0,0.011746303995185742,0.0,0.0,0.07150872760186917,0.06596596058828068
spot_0491,0.15296611691849324,0.0,0.13666534270656788,0.26388018138928504,0.0,0.12452333421226217,0.04307173392872953,0.0,0.11459748480544489,0.020168450280282246,0.06137541744136581,0.028069528926696962,0.0,0.0,0.05468240939087208,0.0
spot_0492,0.38812350316762334,0.09092793888591397,0.1603945498305667,0.11935476876911258,0.04640111070986192,0.030031374372533615,0.0,0.047810405745936736,0.0,0.06970896878215767,0.0,0.017967611146063035,0.011422847368492644,0.0,0.0,0.017856921221738018
spot_0493,0.6360332650242703,0.0964584308334639,0.1065640179677331,0.0,0.002240867444369573,0.03280005866159014,0.08296113458540352,0.02258965473894651,0.0,0.0,0.0,0.0,0.02035257074422294,0.0,0.0,0.0
spot_0494,0.13235051492526617,0.13987398545298865,0.09416678802734424,0.09685505273232964,0.14300604261408312,0.09622635367982948,0.0,0.0,0.019956592049977115,0.15828267556447265,0.041181711823867206,0.04702428887286055,0.010179719589106085,0.0,0.02089627466787481,0.0
spot_0495,0.40040482258849003,0.08007240108283255,0.0,0.07233148628130254,0.0,0.0,0.16769228650918355,0.05238564562997008,0.0,0.08582279600174257,0.009467452643453833,0.0,0.0,0.0,0.05709669336364595,0.07472641589937894
spot_0496,0.3673624986638751,0.09153785794593788,0.07210358535720511,0.015972143518703727,0.05201735258927406,0.052291614969841756,0.0,0.0009002537104032309,0.015619473244281075,0.06535057534538462,0.008783633870102985,0.17357182741600014,0.046229499794164595,0.025884616293584073,0.0,0.012375067281241624
spot_0497,0.044665782989228936,0.09686395094410079,0.2311424263171997,0.0,0.25182223260992104,0.0,0.11362010464952498,0.0,0.07431948967227468,0.023135641696077427,0.0,0.021680876763928582,0.042592272749996725,0.10015722160774701,0.0,0.0
spot_0498,0.021559649877243844,0.12627423267468948,0.2170193782144443,0.0673838040176895,0.20282441975705093,0.0,0.014404709779627748,0.23274776679047202,0.0,0.019441822332636804,0.0,0.03463867626812649,0.003780836048913022,0.04267990107304106,0.01724480316606468,0.0
spot_0499,0.05100783155952323,0.0,0.3026947464542317,0.16750985517297529,0.0,0.0,0.10427649141436733,0.043646833788652604,0.0692897043761956,0.0,0.08769517470824807,0.0084285791923246,0.056313114687847186,0.0,0.002103057307666413,0.10703461133796816
spot_0500,0.23497011558722902,0.21606229899429907,0.0025508910550277176,0.18881024851265835,0.1380783181475313,0.04978776186166322,0.013887872428046262,0.03776898837292807,0.0,0.0,0.06379834926062412,0.007216051556391107,0.0,0.03433060732231372,0.012738496901288074,0.0
spot_0501,0.42206428446838873,0.10624770432916919,0.13607320365220843,0.0,0.0,0.1799449587921111,0.1435221211999028,0.0038284456606512834,0.00831928189756832,0.0,0.0,0.0,0.0,0.0,0.0,0.0
spot_0502,0.3581910564256368,0.0,0.0,0.1564413014762447,0.20910912923884958,0.0,0.02014210592966616,0.06778097964921219,0.014796504922727244,0.0,0.1489181881157738,0.0,0.005593916243105086,0.0,0.019026817998784494,0.0
spot_0503,0.16177538535539795,0.2671838798724899,0.21225088304264783,0.0,0.03165090678971227,0.014509928301202185,0.0,0.0492072547764235,0.07455424081814925,0.0,0.0660679891056723,0.022230514082522294,0.02066485536776383,0.02172221222329468,0.024882607519712302,0.033299342745011756
spot_0504,0.11639501278486254,0.26993397779717976,0.09129754141201012,0.32882998513243333,0.04598259890997708,0.0,0.0,0.009746090581256642,0.0,0.006204052927097483,0.08644577600363229,0.008806900069138169,0.0,0.0,0.03635806438241252,0.0
spot_0505,0.23840131133977496,0.25093836928818564,0.1746775542585527,0.1278094631461424,0.049374440288668206,0.0,0.0,0.0,0.0,0.0,0.06439255643783795,0.0,0.0,0.0,0.09376246907109995,0.0006438361697383732
spot_0506,0.1255329113341931,0.0,0.20731432648308884,0.02291934199483847,0.05993496098042143,0.045701357433722924,0.11628860629549201,0.1529568534708109,0.0,0.0,0.09811515070421235,0.027008082618029786,0.05658896320337564,0.08088143971677171,0.006758005765042731,0.0
spot_0507,0.678397292666668,0.0,0.0,0.12351859442678757,0.18500682942977917,0.0,0.0,0.0,0.0,0.0,0.0,0.0,0.0,0.0,0.013077283476765183,0.0
spot_0508,0.1910462982546502,0.19337248786107986,0.29048351188955784,0.0,0.09215202873955271,0.08790439233636965,0.0,0.0,0.0,0.0,0.025662508834268537,0.06224608957602809,0.028039696230679197,0.0,0.029092986277813808,0.0
spot_0509,0.10820530844015634,0.03893583293433377,0.32621097555653267,0.08144150901418135,0.003585039195444394,0.0,0.005810445033768024,0.10229941520231733,0.01335760173123894,0.09340717812203511,0.18548362278926994,0.03348730935223562,0.0,0.0,0.0,0.00777576262848656
spot_0510,0.37653910983453326,0.13708697945999287,0.14224061399058133,0.08299694638506869,0.02814016319133284,0.06675923751304473,0.0490285774737145,0.0,0.04086665531837373,0.021680941120444806,0.0,0.0,0.03987264945146081,0.014788126261452402,0.0,0.0
spot_0511,0.0,0.15802454519116058,0.05972495891604389,0.09147659844284281,0.00943809475159824,0.2123321831633932,0.0,0.0,0.07554796085262387,0.03351972919590925,0.08080258165727844,0.06584978165454522,0.15226277383033993,0.0,0.0473710370184332,0.01364975532583139
spot_0512,0.0,0.17148075354630923,0.2484563880628107,0.2787499818721792,0.12089202455765274,0.0,0.012792900279705687,0.11171136900958209,0.0063714191985395794,0.0,0.0,0.0019598259796449412,0.029047739998496754,0.0,0.008186903713093321,0.010350693781985956
spot_0513,0.2835461625620437,0.0,0.08119472886984233,0.0,0.03178445381820634,0.08820048481595502,0.0,0.1962373280524795,0.0,0.0,0.07390979468664814,0.12705445956280745,0.0,0.009423262029404763,0.0858722629498603,0.022777062652752644
spot_0514,0.13462406577347605,0.1389843630829419,0.0,0.006669184752716575,0.19101779618798234,0.018409976331659833,0.0918342643918175,0.10202053015109049,0.0,0.0,0.2686653919665598,0.013487456197222613,0.0,0.0,0.03428697116453298,0.0
spot_0515,0.5648813512579389,0.12058371547717589,0.04735152022171113,0.0,0.04995240620728575,0.0,0.0,0.0,0.09393281731060368,0.08854678232338836,0.00483158408537579,0.029690449611920623,0.00022937350459974968,0.0,0.0,0.0
spot_0516,0.2431846780515041,0.15207009184310274,0.008007631258609425,0.339689899570205,0.20406108200664397,0.0,0.0,0.01386331504008089,0.0,0.0,0.0,0.036031612335752035,0.003091689894101739,0.0,0.0,0.0
spot_0517,0.30826199891605915,0.03167195565148254,0.03605917298401966,0.1837038893537299,0.0,0.0,0.10874686910279867,0.0,0.020422445912142078,0.08340228097242766,0.13898157245424247,0.0,0.08799436473741082,0.0,0.0,0.000755449915687098
spot_0518,0.2910651566114933,0.0,0.19555488230618018,0.0,0.002208263044800777,0.14996261340126202,0.0,0.07095626261155683,0.08743253309143158,0.0,0.0,0.14637473207892632,0.0,0.02001115421829478,0.031947797534168175,0.004486605101886011
spot_0519,0.27633987593790155,0.13195706899486018,0.1024049666665792,0.12745298581656836,0.0,0.005479998435819038,0.21602952516760504,0.0,0.061766178039802125,0.0,0.0,0.0,0.0,0.003930032233186924,0.031731772798752146,0.04290759590892552
spot_0520,0.3715875838196616,0.06292027200420271,0.21280084288596304,0.0,0.05907643540006328,0.014972743572820517,0.0,0.1298886771088019,0.03315155620421054,0.0,0.02735127544154382,0.03449759447431903,0.03996148108203165,0.0,0.0,0.01379153800638182
spot_0521,0.1944638540368232,0.484663857216808,0.0,0.0012856278118921767,0.16698232086974324,0.0,0.0,0.0,0.033570391711501876,0.018327348640546328,0.0,0.018621429585091536,0.04751628048657434,0.0,0.0,0.03456888964101938
spot_0522,0.5156375591686847,0.0,0.0,0.0,0.0,0.036812143825053274,0.0,0.005694480158037245,0.007932653600276719,0.0,0.0,0.0,0.01621892289857458,0.0,0.41644494819335703,0.0012592921560163042
spot_0523,0.043275737123684,0.3794328144138279,0.10194546948176507,0.11305130135345158,0.10423144474928098,0.0,0.014307972554164584,0.0,0.008075226103290914,0.217169799628568,0.0,0.0,0.018510234591966986,0.0,0.0,0.0
spot_0524,0.1374304802025108,0.05277325645160896,0.1299339239743608,0.04799074580024375,0.08855307486165201,0.0,0.09633840291501919,0.15916536681006047,0.06272652451174651,0.0,0.08825436577422764,0.0645317582387441,0.017805340524605393,0.05143565529472534,0.0,0.003061104640494984
spot_0525,0.21538048689166597,0.24268411439725895,0.03032256271732123,0.0,0.02916152858292782,0.11089632362232267,0.01547990135787066,0.0,0.06542363240577863,0.018217000398692562,0.04907975559350576,0.07443009571868096,0.059703274814269514,0.03997501430170728,0.0215681963717613,0.027678112826236848
spot_0526,0.10202425285147018,0.03502002171118383,0.0780867604813704,0.38071506294548674,0.22500898006402825,0.0006441083979285614,0.0,0.0,0.0,0.0,0.1289186106007582,0.024863758661655463,0.02471844428611828,0.0,0.0,0.0
spot_0527,0.10191326806400222,0.03892208003731473,0.08063161402050043,0.2160115958063456,0.0,0.0,0.09328219870563274,0.15435338261371453,0.057468189775420904,0.12018746639889023,0.09141280875270624,0.0,0.029685689871849906,0.015841049851574595,0.0,0.00029065610204785907
spot_0528,0.2725747244493269,0.23378742655259702,0.026705325875414757,0.21918540618693927,0.06507107902706855,0.0,0.046192017977619196,0.0,0.0,0.029549195407295746,0.00775102369455448,0.017761849954791065,0.018746205934490372,0.000719957076111296,0.01226208502524269,0.04969370283854891
spot_0529,0.36711370809556954,0.0958351359996833,0.1656502470402833,0.14337894812490512,0.07851229719706553,0.06539409212523763,0.0,0.012497038416373644,0.0,0.0,0.0,0.02136783306943667,0.0010988052212840128,0.0,0.04915189471016135,0.0
spot_0530,0.1387593625787734,0.0,0.18053645384765726,0.07571374451957495,0.11090161500372703,0.17471053489586466,0.0,0.08445883461423108,0.0653681030442069,0.0477486673434316,0.007934578962103766,0.04825599856771526,0.004490346723706571,0.045090047790393696,0.016031712108613684,0.0
spot_0531,0.3526849507276454,0.04449628248335691,0.014489192154034217,0.06725780376841324,0.1999301227608677,0.004234410976069867,0.0,0.0,0.06642330695680901,0.04809118197790328,0.027079819851023045,0.1362452178618535,0.011158982746845007,0.0,0.0,0.027908727735178693
spot_0532,0.14330631631507018,0.4345950990200456,0.23568206943716913,0.031597471220906115,0.0,0.0,0.0,0.0,0.0,0.0,0.12029709895437529,0.017806554244686613,0.0,0.0,0.01671539080774684,0.0
spot_0533,0.2157993151851294,0.34504779038012634,0.1479522017431754,0.0,0.010644026966058833,0.049343247819089685,0.0,0.012876413435353238,0.04289366869803992,0.0960096043844377,0.0,0.0008400889613587628,0.04272615439057886,0.0,0.0,0.035867488036651865
spot_0534,0.07394682441703612,0.0,0.014227764737340201,0.009050823259764567,0.5459589822614526,0.056532022605132966,0.07074847803127457,0.0,0.0,0.0,0.09735186928409435,0.049962610125128176,0.0,0.02247137547935213,0.059749249799424434,0.0
spot_0535,0.2700717962591437,0.27157952502111654,0.13474765557099325,0.0,0.17680450504225473,0.0,0.0,0.0,0.0,9.488920669058914e-05,0.0,0.0534430509931645,0.09325857790663675,0.0,0.0,0.0
spot_0536,0.1193247847162232,0.2659951796674968,0.10717943696046411,0.16493312601354423,0.045956837662936775,0.0,0.025999239667674378,0.08740347290807367,0.0,0.0214290942315545,0.07129790977383202,0.03638006508871534,0.03470569845057807,0.010888055597609254,0.008507099261297819,0.0
spot_0537,0.21471695794804452,0.0,0.0,0.106927133925247,0.4131717770548934,0.0,0.0,0.0,0.0,0.0,0.14844580631484236,0.07329886476237464,0.0,0.0,0.040023212133208,0.0034162478613899584
spot_0538,0.2738567402748457,0.0,0.025920340474634915,0.2867504974272805,0.08604055316364873,0.09576359549389163,0.08146123477619673,0.0,0.07435438676183678,0.024404912395116943,0.009008499636519186,0.0,0.0,0.0,0.042439239596029216,0.0
spot_0539,0.22646651544284813,0.25294689775679297,0.0,0.0470257665518607,0.0,0.0020343022619748502,0.02773059273633307,0.018555433639117436,0.11529927421263729,0.1597132638911654,0.027312487928632428,0.0,0.05562490028697316,0.0,0.06573776395473425,0.0015528013369302514
spot_0540,0.4927826672787224,0.04787422249529502,0.08463480674741966,0.0,0.0,0.07294290277481463,0.16617492531809713,0.0,0.01456771617838229,0.07176810497331984,0.018764035812145502,0.0,0.008035845714229599,0.0,0.0224547727075738,0.0
spot_0541,0.0,0.04564765611121168,0.11939389100226018,0.4377091461283999,0.0,0.0,0.022025004800598047,0.23641981684371977,0.0,0.0,0.06915612457366714,0.0,0.015559985179284887,0.0,0.045802541022604365,0.008285834338254226
spot_0542,0.1257636867044797,0.10239146017046491,0.12830097686497002,0.1491114593967793,0.08358608425500956,0.08777507909428436,0.05998319867563779,0.022587116219014828,0.04485095149515866,0.050539468165796034,0.0,0.058030751605443624,0.027740159963741583,0.009853448705510847,0.005293737820838158,0.044192420862870535
spot_0543,0.20428970014686362,0.018403498209953784,0.18572946500461754,0.0,0.06591776511974941,0.0,0.29178888424266064,0.12349195205376857,0.0,0.0,0.0,0.0,0.11037873522238649,0.0,0.0,0.0
spot_0544,0.06663357974526582,0.12454286508667571,0.11404954962590212,0.07144662970041146,0.12595493809200714,0.0,0.07048908846639917,0.10254643854007099,0.027086148600821924,0.16451236417693918,0.02659067365737351,0.030991986589764695,0.038164992391240674,0.0,0.03699074532712772,0.0
spot_0545,0.21980744119923212,0.0033417432102154083,0.3032517468959286,0.10130223414722725,0.042393739761125336,0.12869823223368854,0.0,0.0023858975178524438,0.02098212501662334,0.008772943853648907,0.0296566435969578,0.014315870080498411,0.0,0.0,0.06303970584446585,0.06205167664253616
spot_0546,0.28952385943086917,0.002088504374150063,0.13566200729917308,0.09633174090085045,0.12076298744982797,0.019067310454884495,0.0,0.0,0.023920339798752226,0.06309674517921321,0.030553057287754835,0.0792911489390238,0.03779016504107268,0.0,0.05964256246390297,0.04226957138052504
spot_0547,0.0,0.21382835512322768,0.17567717660940083,0.19708408124944216,0.08631079373003712,0.14873352805542528,0.014135726382134409,0.0,0.0,0.0,0.06500225218726799,0.022607881551172004,0.0,0.024246837993557497,0.05237336711833504,0.0
spot_0548,0.11228728689517538,0.14768397508942968,0.4676440161634429,0.03580209833550958,0.0,0.0,0.0,0.0024332103540383046,0.16287168085010859,0.03732951234334901,0.0,0.0,0.033948219968946425,0.0,0.0,0.0
spot_0549,0.27838163744513733,0.28494571387377143,0.057759270242679635,0.08494597826895332,0.15073741049553874,0.0,0.0,0.0,0.05262970487471087,0.0,0.0,0.02561796529023118,0.026611091724147388,0.0,0.0,0.03837122778482999
spot_0550,0.23593337199891193,0.24462524806398592,0.0,0.1609134878739347,0.055178522855989766,0.02004313067707217,0.09302061498409012,0.0,0.0,0.10958551356758438,0.0,0.02765669342687141,0.025020834625408696,0.028022581926151063,0.0,0.0
spot_0551,0.10381694988819422,0.10749903605090366,0.13907717116141205,0.08060550630746369,0.04783991275331936,0.0027784313947943956,0.1157601645616973,0.02362902570818317,0.031035475064959576,0.08532109426690597,0.0,0.07062384381638952,0.027643834919164258,0.042083643946637654,0.041721371126795116,0.08056453903318024
spot_0552,0.32412000162083693,0.09594612307346692,0.17735042612737195,0.0,0.056338085870796,0.03396804814227114,0.08602664065075126,0.0,0.0,0.04310329022417525,0.0,0.0778438507072925,0.0,0.0043053859943496635,0.08395843529758112,0.017039712291107265
spot_0553,0.13025780839736117,0.0,0.12540054724395466,0.0,0.06818346018616302,0.14756571507442767,0.04617702750693643,0.1004149071516509,0.010361620711883998,0.0372569544927788,0.021681529182409218,0.10541754448511949,0.06584874872929508,0.046772376351408435,0.09269278419469235,0.001968976291918599
spot_0554,0.1384097078808282,0.22331446501372543,0.06273581877504625,0.1493833793541433,0.15516333711849378,0.0,0.04346282545491553,0.07407011504192658,0.0,0.08329586271940195,0.04280566984982029,0.012479954665282273,0.0,0.0,0.0,0.01487886412641652
spot_0555,0.4325361468349591,0.019850895712538612,0.012439677211402152,0.21041141449066136,0.0,0.09243413427628104,0.07200233684319622,0.1087001711817604,0.0,0.0,0.03755361805558162,0.0,0.014071605393619459,0.0,0.0,0.0
spot_0556,0.3746109781535381,0.09518372573073444,0.08891658070880233,0.23942117458667322,0.0,0.11330650904183807,0.0,0.0,0.0,0.03665512336199903,0.05156935080483618,0.0,0.0003365576115785642,0.0,0.0,0.0
spot_0557,0.4052612400725951,0.13646946849149597,0.0075590574720332425,0.08880126768302433,0.16949965717600973,0.0,0.0,0.0,0.05101519975761523,0.026318366719948666,0.03828758814554792,0.05390231735254164,0.0,0.0,0.0,0.022885837129188135
spot_0558,0.06890470582444667,0.3287765121448309,0.06365669951106352,0.1122003634802639,0.0,0.035288634897333235,0.024846320149281436,0.0,0.0,0.13151175289500897,0.0,0.005720106527816757,0.10594596241021675,0.016262002427966302,0.008552322455957046,0.09833461727581441
spot_0559,0.25495379140909863,0.07391730787583345,0.0,0.20324749048282503,0.13230288999678194,0.0,0.11727124521814725,0.024061007738686767,0.008726969743621821,0.05558755114050771,0.0806199143382648,0.020831163919187504,0.0,0.0,0.00461872091519909,0.023861947221845932
spot_0560,0.3604352630823635,0.22652548113873677,0.09730995580250845,0.0,0.11423516550293905,0.0,0.09248961670209298,0.09881658668173006,0.0018168641833128999,0.0,0.0,0.0,0.008371066906316199,0.0,0.0,0.0
spot_0561,0.618103299432335,0.0,0.0,0.0,0.0,0.0,0.2053282747306667,0.17656842583699825,0.0,0.0,0.0,0.0,0.0,0.0,0.0,0.0
spot_0562,0.06443813872038619,0.05850690212722289,0.29198719079346064,0.0,0.02366614647820315,0.37428079560634886,0.0,0.015995661508563786,0.0,0.0,0.11143538042787396,0.029095806461739832,0.0,0.030593977876200544,0.0,0.0
spot_0563,0.20498643509381873,0.0,0.01275439479987036,0.0,0.0,0.16753561105866255,0.3559294895059841,0.01978798528963572,0.0,0.0,0.059517710861946425,0.02412824586155809,0.0,0.0,0.1553601275285241,0.0
spot_0564,0.19460988553819572,0.0962959617760195,0.1804751907186292,0.15320649577083936,0.08956954587105295,0.01891809452336073,0.029772330027141355,0.0929659749797772,0.0,0.0,0.03972811205487371,0.09075434251648742,0.0,0.0,0.013704066223622954,0.0
spot_0565,0.4280015052077218,0.3982068690414886,0.04777750661418141,0.11210675642035871,0.0,0.0,0.0,0.0,0.0,0.0,0.0,0.013907362716249486,0.0,0.0,0.0,0.0
spot_0566,0.4892081788294759,0.02644174518405893,0.007385730355607121,0.071094200391325,0.20787384423202776,0.012854036541138272,0.0,0.0,0.09992587980519019,0.0,0.0,0.0,0.08521638466117692,0.0,0.0,0.0
spot_0567,0.1741014595514882,0.09030955465529643,0.1065060536906729,0.22831381926019897,0.018245733688230372,0.0,0.01778290782684719,0.0,0.10786027921637013,0.040017672975172634,0.002705586554198917,0.004994943167586054,0.057090778068080376,0.07702963585594201,0.03825640264602317,0.0367851728438928
spot_0568,0.22788701061006775,0.1077051827582501,0.2480029791295219,0.09700741031505383,0.15153845808787617,0.009004565267943491,0.0,0.046690709724337566,0.0,0.0,0.03784554163274285,0.019893717265991935,0.03233219131159128,0.0,0.021318667086326844,0.0007735668102962895
spot_0569,0.2745545211661161,0.2084354047596754,0.11999305861037494,0.08029689993634861,0.09289006448753191,0.04369150642821743,0.0,0.0,0.01846407943724677,0.0,0.018940685866679005,0.08691352499250245,0.010777240510621617,0.045043013804685665,0.0,0.0
spot_0570,0.27063802640495493,0.2117303088291474,0.12129959803256325,0.00856014311885718,0.0,0.15535739203110369,0.08079858531460829,0.0,0.0,0.0,0.05221947558751816,0.0,0.0,0.04915118414157572,0.05024528653967131,0.0
spot_0571,0.2298602473421293,0.038131380016259306,0.18683532272243175,0.00027677756767394336,0.16529791012913053,0.004040593550048998,0.03167841126786023,0.015586132982099,0.07716422366511753,0.040187536544608965,0.038553511047917655,0.04440325157860901,0.0,0.060616617645699845,0.0,0.06736808394041402
spot_0572,0.22834727522470552,0.047209619771510294,0.21296299586422687,0.101550622389724,0.04299368298709113,0.0,0.24898068609010268,0.0,0.0,0.0,0.0,0.043688106481741575,0.0,0.0,0.07426701119089811,0.0
spot_0573,0.47263241790949867,0.0,0.0,0.0,0.06616697327591413,0.012124631399604138,0.0,0.04085116889577759,0.0,0.0,0.30127816145868974,0.0,0.01642729501792308,0.08986622403431194,0.0006531280082807207,0.0
spot_0574,0.3798904361823698,0.11402730529158456,0.0,0.2576361193095095,0.04573205618118538,0.0,0.0048698132807877895,0.0,0.0,0.0,0.020728563315604874,0.11912389181686016,0.03332993055664432,0.0,0.004125927330204036,0.020535956735249664
spot_0575,0.3169295058473638,0.0,0.302458948406319,0.011704202895472983,0.028644744720810873,0.0,0.0,0.07954977083947279,0.04474379635053794,0.0,0.0227182326810879,0.06459360166334033,0.00674612568431143,0.03177717018673601,0.0,0.09013390072454698
spot_0576,0.4618150548633931,0.11679387351777289,0.0,0.10455836615342275,0.0,0.02853610995585936,0.18795722050245295,0.0,0.03559725637866568,0.024992184455499323,0.007181540849190835,0.0,0.0022474622288094727,0.0,0.022488085857659164,0.007832845237274604
spot_0577,0.381548095430575,0.4216125032530865,0.0,0.0,0.18094033754761887,0.0032868038806131445,0.0,0.0,0.0,0.003779696303800468,0.0,0.0,0.007509606331983902,0.0,0.0,0.001322957252322213
spot_0578,0.17749083847832423,0.13644563829298298,0.15139926722564598,0.3339923593481112,0.03354825865554265,0.05444285278313257,0.0,0.025029597616194686,0.0,0.0,0.02676675440791525,0.014339284668018929,0.0299134548105636,0.0,0.016631693713567947,0.0
spot_0579,0.24303792650674763,0.06673283860031254,0.1548587672801212,0.1761878653559284,0.01472440005552013,0.04925010015160838,0.0,0.15828984596955248,0.0,0.06774156393100796,0.002440687328124451,0.00779452838850464,0.010766123842828029,0.0007384187588308627,0.03127128925427771,0.016165644576635472
spot_0580,0.688219928876823,0.0,0.0,0.0,0.0,0.0,0.0747752486516415,0.10141783769339584,0.0,0.0,0.0,0.0,0.0,0.13558698477813969,0.0,0.0
spot_0581,0.0,0.0,0.0,0.7295523289459533,0.0,0.0050541120649449985,0.0840057029992228,0.0,0.0,0.043112204297197976,0.1259596438879326,0.012316007804748341,0.0,0.0,0.0,0.0
spot_0582,0.4447831404607034,0.04650647933533072,0.018392685391614396,0.2874278494187497,0.1436660653177048,0.03385116619795311,0.0,0.0,0.0,0.0,0.013875500299854578,0.0006376386942949778,0.010859474883794249,0.0,0.0,0.0
spot_0583,0.21482014724570062,0.282138893030937,0.07517318770827973,0.0891897275352814,0.02332377677834549,0.08018693995832732,0.0,0.0768308191342676,0.057954075868716225,0.05437975861122284,0.007424938257751947,0.0,0.0,0.031539615361361295,0.007038120509808666,0.0
spot_0584,0.2135504916475811,0.1482670503190121,0.32771272544359986,0.11420057289873448,0.032632812679034444,0.0,0.0,0.009143844629641965,0.0,0.0,0.0,0.01545489723960685,0.13903760514278918,0.0,0.0,0.0
spot_0585,0.2781277784395987,0.3537844685774354,0.008235390743557728,0.19974236828601488,0.0,0.0,0.0,0.0,0.0,0.00972064616359827,0.0,0.13341550099036642,0.0,0.0,0.0,0.01697384679942872
spot_0586,0.10859009816368645,0.12236068876293509,0.3644634074502591,0.008991584135767257,0.11338265496827271,0.015488007650629616,0.05404278575855535,0.05122864408438989,0.0,0.025946372698315946,0.0018803352104046064,0.036332927390714,0.0,0.05539923599748771,0.0,0.04189325772858212
spot_0587,0.3282697067560671,0.0,0.06336469948664677,0.26751689550836183,0.07223794645580509,0.002870810069832079,0.0,0.0,0.0,0.007473510290445665,0.06187190251810328,0.041774100117779156,0.01522232199362763,0.0,0.03453499788972227,0.10486310891360894
spot_0588,0.0,0.19130283739829024,0.10348205649632682,0.0,0.0,0.19566449229109623,0.0925678808169071,0.04532993398358031,0.001260158205798642,0.16283064397761976,0.12175521754629381,0.0018653680176295663,0.0,0.019478355992860942,0.04836607342310927,0.01609698185048725
spot_0589,0.2670806038337557,0.028694499097351375,0.04831418488235717,0.3190263999512263,0.0,0.0,0.0,0.098683328424151,0.0,0.10732764335919785,0.02908439349932335,0.013983060664670227,0.0,0.020394773618501973,0.035589102201881516,0.03182201046758355
spot_0590,0.49809296678746934,0.14864506535868355,0.2231169263978667,0.0,0.0,0.0,0.09659039518608419,0.0,0.0,0.0,0.005123326751485663,0.0,0.020616862393575353,0.00781445712483505,0.0,0.0
spot_0591,0.7564904192879403,0.18507912030296586,0.012729583770515168,0.0,0.0,0.0,0.0,0.0,0.026473786867273086,0.0,0.019227089771305713,0.0,0.0,0.0,0.0,0.0
spot_0592,0.02244418657061133,0.31513024869628303,0.09624670419569135,0.04980249399173406,0.24650089711053325,0.07603789342063935,0.034209856719862035,0.023762135086279074,0.00834739530812774,0.0,0.0,0.0010344951384770997,0.08294856040231312,0.0,0.04337254113303801,0.00016259222641079704
spot_0593,0.34098401588099303,0.0,0.10590424883664157,0.0,0.0172780470025217,0.03817555219968144,0.0,0.16933059639635797,0.0,0.0038624366228172096,0.15472543518398799,0.025157474604431206,0.0,0.0,0.0432371101938475,0.10134508307872035
spot_0594,0.30599341831361243,0.028394324335147894,0.21734558429682307,0.0,0.2722364999381137,0.0010709386828014783,0.0,0.01569619290560573,0.01647908610017404,0.018795023588743128,0.061149262258509744,0.01241412080485129,0.0,0.0,0.021613426414836292,0.02881212236078124
spot_0595,0.3565924415887378,0.13492043728989922,0.08323183507927447,0.20953075572058835,0.0,0.0,0.06500102312819912,0.0,0.020199429019021983,0.0,0.03938366968554971,0.0,0.0,0.0,0.0,0.0911404084887292
spot_0596,0.5141286864413125,0.0031197046054688275,0.1732340428363648,0.0,0.07974077292166686,0.05349558111203284,0.03782834626490755,0.013724443560844436,0.0,0.011272653382131513,0.010040400920182647,0.054657540205961176,0.04276332316001283,0.0,0.0036373403941011924,0.002357164195012645
spot_0597,0.21782851455640523,0.2117582762447732,0.06808743410320331,0.09533545181598851,0.04867217127920237,0.0,0.0,0.0,0.11055809136314129,0.07093407872063226,0.0,0.0383369633369388,0.027662312659059964,0.0,0.0,0.11082670592065494
spot_0598,0.13695421272592553,0.040509097309557186,0.4242397265236985,0.029538435857681834,0.062298229922257246,0.15651667867004687,0.0,0.07029421032862607,0.0047019224671457135,0.015559017294540959,0.0,0.034978115301980264,0.0,0.0,0.0,0.024410353598539724
spot_0599,0.0506642801098625,0.22106230731961085,0.26877059115240626,0.0,0.13316346356112405,0.0,0.0,0.0,0.02235593933394539,0.06197418683186322,0.0747133894387228,0.0,0.06266355628139215,0.019575648607121434,0.05528130724438599,0.029775330119565274
spot_0600,0.2330044254770308,0.034691687889031333,0.27994464169524913,0.2821966214084757,0.05805452666184258,0.0,0.0,0.0,0.0,0.08180024074566418,0.0024664754015883044,0.027841380721118025,0.0,0.0,0.0,0.0
spot_0601,0.13273110210000216,0.10735807992200527,0.11713494809917702,0.016455111074602246,0.18094269260920198,0.07831672295625014,0.0,0.05781404753287141,0.0,0.007464334906032138,0.13586758227333726,0.013415612145303762,0.06993829411232662,0.05882717121712332,0.02373430105176665,0.0
spot_0602,0.25135659456014214,0.12889574306047147,0.07328061203144767,0.1663554704908298,0.07159783965336765,0.05852494927653384,0.0,0.0388540518207364,0.0,0.07892432981026863,0.048462868040038146,0.023266903810254137,0.04999875361950132,0.0,0.0,0.01048188382640899
spot_0603,0.21928585707047438,0.03173395053093452,0.0,0.4037603674230268,0.05104104731197392,0.0,0.0,0.0,0.06679172062484343,0.01146641177017294,0.12656415760897016,0.07399207265305635,0.0,0.007015945747880632,0.0,0.008348469258666684
spot_0604,0.22871386223863122,0.12417223791274533,0.0477342193850688,0.14230152330484233,0.0675233272249376,0.01519213400769712,0.004304471252383232,0.07673967028292483,0.014221076110091678,0.04298580765780895,0.05177897674107038,0.13612768218136015,0.04820501170043843,0.0,0.0,0.0
spot_0605,0.2472464144368784,0.13284780483166603,0.08032107890857527,0.0,0.12270482331196936,0.07750196666821059,0.0,0.09910013447237652,0.020916726639458146,0.10086178143796293,0.0,0.01615476512572352,0.09539949312067693,0.0,0.005096996692390595,0.0018480143541118807
spot_0606,0.2103608892407205,0.18689377815063749,0.2370790106781657,0.015187936703724536,0.04236523310761089,0.0,0.0,0.0,0.0704214647875868,0.022213806840012843,0.1740113643596746,0.008739164444553388,0.0,0.0,0.0,0.03272735168731321
spot_0607,0.023453290657046245,0.016381051413588168,0.2408637650758418,0.4029986811456493,0.01640991575556765,0.061365470559744686,0.032530109658741854,0.0003342452656701825,0.0446144151099914,0.0,0.0,0.010401127691636838,0.006209103929442939,0.08283903909424517,0.0,0.06159978464283367
spot_0608,0.4657239294357447,0.04517334865697714,0.07524242835809022,0.0,0.0,0.0717666639339823,0.07792328685482916,0.0,0.06792690658923456,0.06413221336469077,0.07060412661573312,0.02436601061189844,0.03714108557881947,0.0,0.0,0.0
spot_0609,0.13053753573963645,0.10565014558577099,0.28351094117919945,0.0,0.029650492274081883,0.14294557158934673,0.05124274034993515,0.06724270849232936,0.053923428680299534,0.03601993382047277,0.0,0.06415573942758072,0.0,0.01097865965796521,0.010323316302099357,0.01381878690128219
spot_0610,0.36152964560081197,0.05097546228343658,0.0,0.2769729192635577,0.12749353205993608,0.0,0.0,0.0058494543897900896,0.0,0.0,0.0765766690668166,0.020277243987945823,0.08032507334770517,0.0,0.0,0.0
spot_0611,0.15314147942993725,0.0,0.2778911567212645,0.09535657575159241,0.41340930702176315,0.0,0.0,0.0,0.0,0.0,0.05837061093192069,0.0,0.0,0.0,0.0,0.001830870143522135
spot_0612,0.0,0.0,0.2140510384688681,0.006669021631235882,0.0,0.1635219960764811,0.008034674132498395,0.0,0.07635058870965927,0.13428103144560888,0.12183036965529265,0.23320122959970283,0.0420600502806527,0.0,0.0,0.0
spot_0613,0.1620434406874459,0.24171453321343014,0.02500485365420679,0.06587391385798232,0.0406491077487464,0.08710813576497294,0.09492243344422532,0.0,0.06783920975748056,0.12549638161863758,0.0,0.0,0.005102505713787599,0.028878799516565953,0.026892610202580658,0.028474074819937918
spot_0614,0.12097156976960635,0.0,0.08595397264009341,0.023646002101063032,0.13628126444146296,0.06833525507753668,0.17147619558019625,0.06380598952855596,0.01649647796782543,0.027276949746176202,0.1590172704391048,0.06298168707418476,0.0,0.0,0.04906322837722902,0.01469413725696503
spot_0615,0.2715913610695768,0.0,0.08692120126183969,0.16243544501723717,0.16292140746822079,0.07621964097559918,0.0,0.052172729305906655,0.0,0.0,0.0176152209552603,0.047970808345520206,0.0,0.12215218560083926,0.0,0.0
spot_0616,0.2604085525034689,0.039491408325945165,0.2453626703255607,0.0,0.1250249843096958,0.12981323992414795,0.0,0.033708225220524225,0.09440666522798162,0.008413723008632084,0.0,0.06337053115404358,0.0,0.0,0.0,0.0
spot_0617,0.3746356712422873,0.08193361520472507,0.2992866126816334,0.08320658243856745,0.06211526224545893,0.0,0.0,0.0,0.0,0.0,0.037787938861669285,0.0,0.0,0.029778505373483873,0.031255811952174556,0.0
spot_0618,0.36225698669987755,0.05154505018654733,0.020977689825207885,0.0,0.19034601288558353,0.14569218273999748,0.0,0.0,0.0,0.07014204477096143,0.0,0.09665139747125677,0.0,0.03996522696926466,0.022423408451303545,0.0
spot_0619,0.3554493739080515,0.16034972231298916,0.0,0.06754245466199182,0.0,0.018015448347649236,0.11085515498101672,0.017645400973175667,0.0,0.09904298656224209,0.11102863625177664,0.03218819657389354,0.0,0.0,0.027882625427213453,0.0
spot_0620,0.18216300548866882,0.10711266641959219,0.021289492972970038,0.007890284929029396,0.21584383851234726,0.028546791122444282,0.0,0.2466865477271039,0.0,0.0,0.0,0.022757041296693436,0.06303388661269418,0.10467644491845648,0.0,0.0
spot_0621,0.3254921798316004,0.08629466115723566,0.20055094791289693,0.28101760348457083,0.03968554092221577,0.0,0.0009447294568578018,0.023583659114968146,0.0,0.0,0.042430678119654466,0.0,0.0,0.0,0.0,0.0
spot_0622,0.1630995008638583,0.3977677643628234,0.10172126716590625,0.0,0.0,0.0014388780164123918,0.1807326510228706,0.0,0.06178787401940416,0.015033959577627674,0.0,0.0,0.07841810497109737,0.0,0.0,0.0
spot_0623,0.14044342916669003,0.15514963556025602,0.08568478754638545,0.14700573407838002,0.10528117438038191,0.02716117637270533,0.05921628834359179,0.018425077465781592,0.0,0.058508140301018974,0.08063185946783397,0.054965825838116086,0.0,0.012448318523883003,0.05507855295497599,0.0
spot_0624,0.4298955770295655,0.06382725573555109,0.07780666502626835,0.0,0.01595688655353857,0.0,0.05086433908167034,0.05590392402769193,0.06452412674908437,0.0,0.06983724929098206,0.0,0.025382459156230427,0.0685071484887729,0.019321502550498255,0.05817286631014616
spot_0625,0.17335363192222422,0.300100374003043,0.03599572666261826,0.08072428385767441,0.04423386755950162,0.09487618634109479,0.0,0.0,0.011656988095717732,0.09026478735073674,0.09516715331039606,0.0,0.010637746888035685,0.0629892540089573,0.0,0.0
spot_0626,0.16856722048022654,0.14242046635000963,0.22985596510107018,0.030806171735921976,0.0,0.055193427783339064,0.2209690449186597,0.0,0.0,0.10645167904644572,0.0034412940379117355,0.0,0.015697968993649152,0.0,0.0029821739675205783,0.023614587585245886
spot_0627,0.30549549631826456,0.027371613813719255,0.11808577939733984,0.013596871601162668,0.08166554047068816,0.07743612877416992,0.10436152799046146,0.0,0.0,0.06486630410906989,0.18368135228496255,0.0,0.004140087139371548,0.0,0.0,0.01929929810079011
spot_0628,0.47335952982041696,0.10178322411339727,0.22542398749833473,0.0,0.1447799990898604,0.012336736610868633,0.0,0.009355006352519225,0.0,0.0,0.0,0.03296151651460272,0.0,0.0,0.0,0.0
spot_0629,0.0,0.13499398108083105,0.2713758400530941,0.2268445020369969,0.0,0.05061025005129012,0.03245263767105496,0.15624151318535967,0.023570235456155997,0.027865305732006167,0.010322280899542513,0.0,0.025686795333597707,0.011258793504259327,0.018430895641360214,0.010346969354451434
spot_0630,0.22823315793513999,0.3196293794498384,0.09761570068293535,0.16755120458419176,0.18206858234822154,0.0,0.0,0.0,0.0,0.0,0.0,0.0,0.0,0.0,0.0,0.004901974999673031
spot_0631,0.0,0.34005863221931104,0.41645486158855716,0.0,0.0,0.0,0.0,0.0,0.18196705095495597,0.0,0.033195300030538416,0.0,0.005995663067533004,0.0,0.0,0.022328492139104306
spot_0632,0.23877691075673044,0.0,0.17291533658639072,0.33497761679909444,0.12391146761846988,0.0,0.0,0.06983753192928416,0.010265552681974238,0.0,0.0,0.0,0.0,0.04931558362805611,0.0,0.0
spot_0633,0.09711517962587717,0.19462783777915638,0.19445347269759297,0.0,0.0,0.15013403229924518,0.1276925842447777,0.0,0.06680639604803912,0.11972441384374766,0.0,0.0,0.039084225099160166,0.010361858362403697,0.0,0.0
spot_0634,0.3075054063031198,0.2729875430691972,0.22418201088843215,0.0,0.0,0.0,0.041716542845872034,0.0,0.0,0.0,0.05579939369849187,0.050131413421314115,0.047677689773572826,0.0,0.0,0.0
spot_0635,0.18988661310825145,0.33863627522827056,0.13187578002960607,0.08665130431603657,0.1491071748894147,0.0,0.0,0.0,0.0,0.0,0.0,0.00888405994804456,0.09177212236825874,0.0,0.0,0.0031866701121172816
spot_0636,0.17374927606401716,0.0637425589957691,0.10424210087647535,0.053722994851807114,0.023557058432903514,0.0961858269534613,0.01028143181812098,0.07587445173829864,0.0866495632875069,0.15400463970890632,0.07038185258210658,0.0025442518448210803,0.0,0.085063992845806,0.0,0.0
spot_0637,0.11252361595055267,0.2983554811144489,0.03332264055806754,0.09245786809309058,0.02788018644591161,0.0,0.06505719265235431,0.047900006488969624,0.01857549082659324,0.1004975370687715,0.08630674526078896,0.040893789003680237,0.0,0.001526064906824591,0.07470338162994632,0.0
spot_0638,0.48717924460332324,0.028795674616020863,0.30071610158820283,0.032046550891750174,0.04610565360182714,0.0,0.0,0.0,0.011766222440238377,0.0,0.04666218864361352,0.009922532108231108,0.03680583150679283,0.0,0.0,0.0
spot_0639,0.17566952519809417,0.15706306241416892,0.16585568352451013,0.13401783734290737,0.030510594389281356,0.011317860534177049,0.07741386678129442,0.01929460750508588,0.0889330174124567,0.05232930385311931,0.0,0.020922098590091545,0.0666725424548131,0.0,0.0,0.0
spot_0640,0.28148212788205856,0.18042078048315532,0.06633537730584406,0.10490475625142665,0.2145392843858423,0.0071909841785907916,0.0,0.0,0.0,0.007242623558556657,0.06349166012314555,0.011150192534946413,0.05291531392385198,0.0,0.010326899372581713,0.0
spot_0641,0.22102142604929645,0.05444142696740781,0.1384495486612591,0.11314660405626667,0.2433853073283913,0.0,0.0,0.0,0.01885643221820352,0.07888474403369956,0.10780794026564323,0.01264332643556368,0.0,0.0,0.011363243984268533,0.0
spot_0642,0.2903847419228814,0.5211112250794413,0.1379325643524408,0.0,0.0,0.0,0.023872676504669618,0.007873491868095132,0.0,0.0,0.0,0.0,0.01882530027247192,0.0,0.0,0.0
spot_0643,0.5765336015798649,0.0,0.05335006025616599,0.0,0.06427411583990911,0.05655441617362244,0.020154709526978835,0.06881198879729933,0.09360178914626713,0.002381002680352322,0.03480383216553218,0.019312079666809343,0.0,0.0,0.0,0.010222404167198558
spot_0644,0.01792394475600303,0.26250285814090685,0.04316015295644412,0.06219642505905826,0.11276410361427106,0.10888468017314029,0.0,0.0,0.0,0.19713183226444042,0.07268965394609561,0.049272924804476384,0.007188594924211095,0.0,0.06628482936095302,0.0
spot_0645,0.3950454063203288,0.20472516200490612,0.10032249976212136,0.0,0.0138456117447713,0.0,0.008686175121759369,0.24141221293162624,0.0,0.001278362244755903,0.004458218784127981,0.012606788667312097,0.017619562418290692,0.0,0.0,0.0
spot_0646,0.09147479309927753,0.0006648589098505704,0.2318794702338159,0.10908722273584273,0.0,0.10466723430251926,0.026715489542003073,0.04617834473616372,0.1079495311013571,0.018555576953282808,0.0173700773886142,0.012973426729549388,0.02537108405228686,0.08880111119595836,0.05214637575394309,0.06616540326553558
spot_0647,0.5475388878717293,0.2651514059946842,0.02130100157797161,0.0031509477505833453,0.0,0.0025570669937770895,0.16030068981125442,0.0,0.0,0.0,0.0,0.0,0.0,0.0,0.0,0.0
spot_0648,0.0,0.214545933907315,0.0,0.45921473833424276,0.0,0.0,0.0,0.0,0.06353537661543113,0.0,0.0,0.0,0.1854413312529712,0.0,0.0,0.07726261989003995
spot_0649,0.4268099049155744,0.21205440508189574,0.09762485824146416,0.0,0.11414455248708061,0.0,0.0,0.0,0.0,0.0,0.09538082395991483,0.05398545531407029,0.0,0.0,0.0,0.0
spot_0650,0.32162590561048676,0.18181967030412793,0.1013854123880743,0.1103434318712059,0.19577783565375229,0.00565650124745828,0.0,0.017485732365424167,0.0,0.0,0.022081634004760896,0.0,0.0,0.03148920026735044,0.0,0.012334676287359115
spot_0651,0.0775783468713813,0.17565069826808333,0.3187810717520376,0.11866939569382183,0.0,0.003038358567395106,0.0,0.08831095844910472,0.003213061799321735,0.0,0.07318418880077714,0.06670696810653652,0.04063946253092559,0.0025185468637956647,0.01873037318705234,0.012978569109767031
spot_0652,0.4480632865989792,0.029846245787373056,0.18392363476806708,0.1891103480249294,0.003546585653601006,0.0,0.0,0.0,0.03291183043593223,0.09282380630521145,0.004182538195456222,0.015591724230450464,0.0,0.0,0.0,0.0
spot_0653,0.3569825560024064,0.05029298241805335,0.3657542963066522,0.15680517789123632,0.0,0.0,0.01209994472303919,0.0,0.0,0.0,0.027950872044600353,0.0,0.030114170614012267,0.0,0.0,0.0
spot_0654,0.4000874377604262,0.21871282226197858,0.0,0.15877031375795536,0.08022561895897935,0.0,0.0,0.0,0.0,0.004604921170958368,0.0036770073997452186,0.1024150976941749,0.03150678099578213,0.0,0.0,0.0
spot_0655,0.11630524843702196,0.3221981304779472,0.0060594322422404595,0.17510325721956913,0.06103623634462026,0.18166235272045173,0.0,0.0,0.0,0.0,0.0,0.07445317095441083,0.0,0.06318217160373846,0.0,0.0
spot_0656,0.45629538793924296,0.028149051888175337,0.28446970706497576,0.019760098508625555,0.03609197450733205,0.0,0.0,0.002578060912157662,0.0,0.12596129857695762,0.0,0.04669442060253327,0.0,0.0,0.0,0.0
spot_0657,0.07694022756307856,0.2937927021071037,0.1465614639601527,0.17041972040086661,0.04817557967888614,0.0,0.0,0.1248680528515863,0.0,0.0010684866662763266,0.09938295354140748,0.021479943922378474,0.017310869308263824,0.0,0.0,0.0
spot_0658,0.3105881115116027,0.17152447370112825,0.20701922248346236,0.10122420124000635,0.10311493633312763,0.0003914181135820494,0.0,0.0,0.0,0.0,0.04957088397044329,0.03692317743026125,0.019643575216386162,0.0,0.0,0.0
spot_0659,0.29920365377103225,0.16288988558536102,0.015565617063463358,0.06708391662184691,0.1617533805203728,0.0,0.0,0.0066704073469774396,0.1154145818211433,0.03663600809882833,0.06219076614575923,0.022227886105869968,0.012877552504744639,0.0,0.0,0.03748634441460077
spot_0660,0.06604942509829971,0.1650789561177473,0.18123233670282687,0.21735805403811614,0.10292645488776238,0.03446601403713405,0.09774466155438814,0.0,0.0,0.0,0.06684079938254198,0.035032472218786456,0.0,0.0,0.020814133204202275,0.012456692758194573
spot_0661,0.017127842977352474,0.0811182581690363,0.2503626988727325,0.2855383603775469,0.11586247997915722,0.0,0.0,0.04099441313773618,0.019679507858423193,0.0,0.0,0.03846764583289866,0.0630770323522693,0.03573228440687203,0.01277098054047977,0.03926849549549552
spot_0662,0.0,0.13536466723630758,0.03707605115357159,0.40455533273230604,0.06675591000262072,0.003537763988379358,0.09594182295687569,0.0,0.0,0.012009099003540634,0.09620546735716433,0.061836967969670545,0.024067019068855378,0.04202781439955337,0.02062208413115462,0.0
spot_0663,0.5524163005317182,0.0,0.0,0.0,0.0,0.0,0.22026316622846706,0.0,0.0,0.035168551807687486,0.04549677815235339,0.0,0.0,0.0,0.0,0.1466552032797739
spot_0664,0.4450539471104712,0.1395049254906505,0.0,0.0,0.0,0.0,0.37981215228929377,0.0,0.0265942299666552,0.009034745142929335,0.0,0.0,0.0,0.0,0.0,0.0
spot_0665,0.14879325240230235,0.20940090525812002,0.01901151758540585,0.2754602377456134,0.0,0.0958202221885674,0.04159985034396844,0.0,0.0,0.010215036716655097,0.07942816721254545,0.0,0.03391235393484584,0.056488114405010566,0.029870342206965637,0.0
spot_0666,0.3113892849074962,0.0,0.02360863523925678,0.03753603805509664,0.0763833618622906,0.00328106282707867,0.16756131746537437,0.18888321019394141,0.0,0.0,0.045110114575056225,0.025353692081475823,0.0,0.0,0.12089328279293328,0.0
spot_0667,0.1773675368370323,0.3188543800802924,0.1982752002388083,0.0,0.14789688071318663,0.0,0.0,0.0,0.0895070063141206,0.03276419979777721,0.0,0.0,0.0,0.0,0.01683877713976875,0.01849601887901382
spot_0668,0.15270161004096358,0.0,0.14959661076459524,0.0952074701363743,0.18833596580638168,0.0,0.0,0.03873444552783523,0.0,0.10074403039132204,0.0,0.06605745809136852,0.08146254868256339,0.12290995924237738,0.0,0.0042499013162185465
spot_0669,0.22365302278450594,0.0,0.17937396409060374,0.3235339669310602,0.021303378553806575,0.009778659451440633,0.0,0.0,0.0,0.0,0.10944295685687397,0.03971404714512522,0.08675936329463715,0.0,0.0,0.0064406408919465315
spot_0670,0.14941876502603435,0.3033580189434435,0.11867908502044636,0.05140337444914765,0.16772745431616384,0.05372132109193141,0.0,0.04204097232551725,0.0,0.0,0.0381738501797445,0.04461139184427703,0.0,0.0,0.030865766803294118,0.0
spot_0671,0.30099641528069476,0.07893856266402235,0.0676217852353077,0.22835655342866898,0.0,0.05669078973068493,0.1040044504007692,0.007181898374552253,0.007285413457109456,0.04250217004754122,0.09590907700384552,0.0,0.010512884376803455,0.0,0.0,0.0
spot_0672,0.19417681942962448,0.2989193881440913,0.18319215206279782,0.025432795451149348,0.09593396852140297,0.0,0.0,0.06073607044114277,0.0,0.01727015787334206,0.04638798916810696,0.0,0.03556603871639651,0.04238462019194554,0.0,0.0
spot_0673,0.1190534823681955,0.10592489708049485,0.2222318214283864,0.24610598462473737,0.04610143860332518,0.05497033423195174,0.04465247475515957,0.02164702680513134,0.03389747331540212,0.007603223860947562,0.006505774624241076,0.005086696569770644,0.0,0.020666956362626148,0.06555241536963048,0.0
spot_0674,0.0,0.025360670471588558,0.14184570674448677,0.040387331092920864,0.21681534042833625,0.18454575225127928,0.022940142170369993,0.0,0.0,0.002125731844544462,0.0,0.23883301861989822,0.12714630637657556,0.0,0.0,0.0
spot_0675,0.23739487207132523,0.21065076255575618,0.17159987562145687,0.0,0.04966805399063225,0.0,0.0,0.0,0.1271323618022136,0.003735061884533348,0.0,0.1033012629618417,0.08155919810036322,0.0,0.0,0.014958551011877756
spot_0676,0.0013141270953654733,0.11847427308072538,0.0,0.16939658391678145,0.11689558709728136,0.25182350602659176,0.15340371198668834,0.08906898940425732,0.0,0.0,0.07753561114923908,0.0,0.0,0.0,0.022087610243069582,0.0
spot_0677,0.13266570683174767,0.04069207106408563,0.1218369922662157,0.0,0.1549934846521643,0.0,0.0,0.0,0.23647135067708974,0.0,0.0,0.03313199484845028,0.22492451764747817,0.0,0.0,0.055283882012768515
spot_0678,0.0,0.4925718610151006,0.09391955532852429,0.0,0.0,0.0,0.20675697399945636,0.1740495555559527,0.0,1.5673486796043058e-05,0.0,0.0004442252246281039,0.0,0.032242155389542046,0.0,0.0
spot_0679,0.34891680816403475,0.0,0.027641101463233852,0.0,0.389904145975396,0.0,0.0,0.0,0.0,0.0,0.0,0.08124741628218632,0.0,0.009490858565113058,0.14279966955003598,0.0
spot_0680,0.29901941790800995,0.18875835070035846,0.13231372130319674,0.0,0.11723660278060173,0.0,0.0,0.0,0.028177731564843454,0.19923790290722146,0.0,0.022381108869417615,0.0,0.0,0.0,0.012875163966350564
spot_0681,0.6733364420820019,0.0,0.1757476441595892,0.0,0.07575190574744631,0.0,0.022696320792081143,0.0,0.0,0.026876165626397802,0.0,0.02559152159248369,0.0,0.0,0.0,0.0
spot_0682,0.26444385507322304,0.049241469532802826,0.02119624569581719,0.0,0.1931560340312157,0.04917223570736897,0.15570491449220752,0.11463691284123012,0.0,0.010477776067075627,0.0,0.0,0.06434928220034464,0.060688261754704126,0.016933012604010367,0.0
spot_0683,0.45165331610158255,0.16939810860598606,0.06566953897242955,0.03433651446319244,0.0,0.0,0.0,0.0389362647833299,0.0,0.0,0.21685755831692533,0.02314869875655431,0.0,0.0,0.0,0.0
spot_0684,0.07087025836468126,0.04610421216722147,0.0,0.32319338082318294,0.0,0.12646903313805558,0.059152700241098095,0.1901146238367157,0.0,0.0,0.1339634985438972,0.018371884788082125,0.0,0.0,0.0317604080970656,0.0
spot_0685,0.204433993037573,0.33586143877228974,0.11353781732970698,0.1413980412438358,0.0,0.0,0.040258480828669375,0.0,0.0,0.0,0.010819824372740589,0.10821385610449195,0.019605875465853934,0.0,0.02587067284483888,0.0
spot_0686,0.0,0.0063328402107275935,0.22301391816336727,0.20993416356383127,0.07319682375883169,0.07678312394975324,0.19125903743059,0.04977694457622842,0.0,0.0,0.12445718857374159,0.004938735676394696,0.040307224096534144,0.0,0.0,0.0
spot_0687,0.23353945264702813,0.15005193620266455,0.11983059769810792,0.08829810666383071,0.0486603046448428,0.015816788963468616,0.0,0.07106169951921626,0.0,0.11004742359217605,0.0,0.07043851410635783,0.044223597375656225,0.0,0.015592109419444219,0.03243946916720665
spot_0688,0.18404512061315623,0.007094560352771494,0.0,0.07812914316083207,0.0,0.18896480074060762,0.0,0.0,0.09975367907488515,0.21387037990078883,0.21087486577884285,0.017267450378115837,0.0,0.0,0.0,0.0
spot_0689,0.18081167620421662,0.09958857806745411,0.0,0.0817804256589592,0.0,0.0,0.008866800746421013,0.0,0.24511054239462363,0.1102616628350214,0.11861790179254865,0.0,0.057390635376727284,0.0,0.01120904315938226,0.08636273376464594
spot_0690,0.17604652770401455,0.02106765425323517,0.024579398746059786,0.3393588029468595,0.20544159702455897,0.0,0.0,0.0,0.001529415604142357,0.0,0.009501962353332456,0.15296156808630756,0.0,0.0,0.0,0.06951307328148955
spot_0691,0.3658371758495973,0.2063619656039216,0.16103179162914677,0.0,0.0,0.0,0.23659444609982308,0.0,0.0,0.0,0.030174620817511207,0.0,0.0,0.0,0.0,0.0
spot_0692,0.12667069278867865,0.18171730212959386,0.12676665180768873,0.12177299409846558,0.05552356644486879,0.12342129366547178,0.0,0.0,0.06816513772790311,0.0069298636002755815,0.14652951957494822,0.01788225260702101,0.0,0.0,0.014506201515764578,0.010114524039320106
spot_0693,0.2689286392116507,0.2834283518898949,0.28709204781030817,0.07684534683622342,0.02596836041638797,0.0,0.0,0.0,0.0,0.0,0.0343906299392549,0.02334662389627995,0.0,0.0,0.0,0.0
spot_0694,0.27114522133814545,0.012057618346540584,0.14269940193455152,0.1736577808984562,0.04153175383116635,0.08496646636119083,0.020953694939406124,0.02016224076038569,0.0,0.0,0.1282014397182647,0.039629642292669076,0.023014793946450784,0.02936498313718101,0.01261496249559176,0.0
spot_0695,0.3876616644736705,0.14587243417550347,0.062441182329975906,0.18817905840202892,0.05887688478960195,0.020375270767856894,0.0,0.026084905643024164,0.0,0.0,0.10318837525169454,0.007320224166643782,0.0,0.0,0.0,0.0
spot_0696,0.18126205911658985,0.03299445863421827,0.08634050567255956,0.0,0.052675409592538004,0.07548105815432417,0.15522665778834555,0.0005003545735642242,0.01508481239814088,0.13260474217853133,0.0,0.07183127553232627,0.0387335046836222,0.04369236101804908,0.029426901499441136,0.08414589915774946
spot_0697,0.15560304911897752,0.05897416981482022,0.4311173077046425,0.049383067283541096,0.09068979968309271,0.0,0.010241446186788529,0.0,0.0005088440185572091,0.005588838301148825,0.05785724777088943,0.07363115203601733,0.0,0.0,0.0,0.06640507808152456
spot_0698,0.2177342808549977,0.0,0.06550235638122279,0.1703807361769458,0.05468388709177737,0.0,0.0650225861691366,0.04876452476710047,0.05298925008569651,0.005249108112816055,0.08173438886700377,0.04213251532604188,0.13176026755825032,0.0,0.022910111998335588,0.04113598661067525
spot_0699,0.3144619408964425,0.25090156527389357,0.020446992525594832,0.2392364022374931,0.09446810132317092,0.0,0.010802604547019696,0.000486300139726195,0.0,0.0,0.0,0.0,0.050448054042302834,0.007589520125987062,0.011158518888369133,0.0
spot_0700,0.2524796774651693,0.3294237402941151,0.07137733139281219,0.0,0.0,0.054181026832951125,0.19658360328832805,0.09595462072662421,0.0,0.0,0.0,0.0,0.0,0.0,0.0,0.0
spot_0701,0.48534235583602964,0.04673304826924368,0.0675568072579308,0.0,0.011716769225507575,0.0,0.0,0.0,0.1327944192998193,0.15697786839883146,0.0,0.011394799314337812,0.0,0.0,0.0,0.08748393239829973
spot_0702,0.11831379972028526,0.23472074183447042,0.0,0.14770127020921908,0.04066731957746746,0.1165955322359193,0.0,0.0,0.05414425122590941,0.0,0.1124418243722126,0.1216037623889075,0.016863373786533624,0.0,0.0,0.03694812464907526
spot_0703,0.2651902161515073,0.14860069068450463,0.167740652321126,0.12535854918355593,0.1383198221530708,0.0,0.05561876314370189,0.0,0.05855747057134263,0.0,0.0,0.024183586630394025,0.0,0.0,0.0,0.016430249160796828
spot_0704,0.0,0.1614266051998477,0.13125042699913073,0.1802365812327147,0.01551664097505415,0.0,0.03946849275314897,0.09863887306070414,0.047024092250280806,0.1544376248333706,0.0,0.0,0.034193262818340626,0.047005616535467934,0.0,0.0908017833419399
spot_0705,0.1939836382221379,0.014586785461226572,0.3260480563479867,0.2766520342746558,0.05677629473870219,0.0,0.0,0.0,0.0,0.010172619191234598,0.06344995188314098,0.03308506097600275,0.025245558904912653,0.0,0.0,0.0
spot_0706,0.32160581965438684,0.027290474945076346,0.10679168825701621,0.13011274774050668,0.16278334937654235,0.11666185101254407,0.0,0.04940146125903889,0.0,0.0,0.02408482307011204,0.02771851388129234,0.03354927080348419,0.0,0.0,0.0
spot_0707,0.078213125259786,0.14345124549118518,0.18819770180645692,0.02205040479104659,0.27510958797750457,0.0,0.0,0.0,0.0,0.007560986412453643,0.12450232568639176,0.013485919163267059,0.06945859713173863,0.0,0.07797010628016954,0.0
spot_0708,0.3098127990607912,0.0,0.08104091807615267,0.0,0.07121888076143568,0.16475281851505041,0.11901247211161844,0.03257917878475007,0.014286634933511915,0.16781686187342684,0.0,0.027103005391660717,0.0019186132075005304,0.0,0.010457817284101487,0.0
spot_0709,0.16485465881070507,0.14079889804750167,0.33036069167144544,0.16361328910919803,0.08004368090398024,0.0037801244958081282,0.0,0.004382633475269824,0.0,0.03828567887529814,0.021382427283167457,0.0027900713833016854,0.03735861088864973,0.0,0.012349235055674661,0.0
spot_0710,0.24321841942097217,0.0,0.2860678865196759,0.0,0.13660608350465508,0.13636638859487507,0.0,0.10245078474174951,0.0,0.0,0.0,0.0115051236704346,0.05540071631371421,0.02838459723392339,0.0,0.0
spot_0711,0.26675768537754735,0.4015413066258099,0.23889962846334023,0.0,0.0,0.0,0.0,0.0,0.0,0.06877313587413185,0.0,0.0,0.024028243659170532,0.0,0.0,0.0
spot_0712,0.1761273446542747,0.0,0.1463965150134071,0.16205739802838653,0.09160617937766276,0.00377628193785579,0.1076502964182396,0.04240240858099965,0.05131426267227409,0.024245021564416096,0.031216954893851998,0.022183422617511637,0.0,0.061593692804234185,0.03366377530089719,0.04576644613598862
spot_0713,0.17477728671978937,0.0,0.35428846627765204,0.16551930738881443,0.07450838518396592,0.015239506902635503,0.04433790915822051,0.0,0.01914603487116203,0.10097998599114698,0.022238820911879877,0.013299329016026231,0.014022599961598735,0.001074473576228116,0.0005678940408803345,0.0
spot_0714,0.21386246087812694,0.0,0.17725189151504356,0.09910164066296678,0.07305006749781882,0.13128462138664254,0.0,0.0,0.012651504483796249,0.0,0.08493833947583637,0.07884115397407798,0.08781236551468635,0.0,0.014240770085190504,0.026965184525813736
spot_0715,0.3530795480557873,0.348170461350841,0.01385856620304259,0.09558660911623558,0.0,0.0,0.1303888525403555,0.002788333501560227,0.0,0.0,0.0,0.0,0.0,0.017601449595178627,0.038526179636999294,0.0
spot_0716,0.3685286832423173,0.14381643855602813,0.30146533539770165,0.046658692023730346,0.0,0.0,0.02036469331255673,0.0,0.053692047297369816,0.0,0.0,0.0,0.0,0.0,0.0,0.06547411017029592
spot_0717,0.3005194177929464,0.41154450671336074,0.0877001010775675,0.0,0.0,0.0,0.0,0.0,0.0,0.0,0.0,0.13137721220288487,0.0,0.0,0.0,0.06885876221324069
spot_0718,0.14518299926199604,0.112069115960871,0.13188110624281354,0.06655757849913647,0.22896432292649538,0.0870826228813307,0.08119979240759884,0.0,0.0312505154047634,0.030400219837353696,0.0,0.0,0.08541172657764075,0.0,0.0,0.0
spot_0719,0.2916260173911865,0.09473571002616306,0.19228390379020383,0.15171986283564642,0.0,0.058134422795676426,0.10528944056057321,0.0,0.0036377789248755003,0.0,0.022882042998154904,0.0,0.07539364912002201,0.0,0.0,0.0042971715574979695
spot_0720,0.002510688378492763,0.20532152168181375,0.09455474269351241,0.26503270691405567,0.04396803772334951,0.018479415087531467,0.15521687088101893,0.05472279171120469,0.0028817513194025076,0.0,0.1268074008312124,0.003269880916595645,0.0,0.027234191861810236,0.0,0.0
spot_0721,0.13136175090537064,0.23067594659118332,0.36509207726678683,0.0,0.19937067784565204,0.0,0.02611533855446403,0.0,0.0,0.002227598846611804,0.0,0.02349261427596545,0.02166399571396596,0.0,0.0,0.0
spot_0722,0.19339729418239962,0.2037603069603171,0.1937041723128175,0.16486027220131297,0.14213389786771768,0.0,0.0,0.0,0.0,0.0,0.08810551755066479,0.014038538924770388,0.0,0.0,0.0,0.0
spot_0723,0.4925877402440615,0.06549215427962689,0.04703846678122366,0.002119843974472407,0.0,0.02101054794290736,0.18159575804617242,0.01773545083751632,0.13647050882116746,0.0,0.002985915129455975,0.012465597877672924,0.0,0.01561103889360671,0.0,0.004886977172116507
spot_0724,0.026322696299253583,0.0,0.12454212998915933,0.0,0.17755668635830843,0.016515740659214573,0.03292583414500343,0.23217761774280835,0.08276236482935383,0.005250854684249796,0.15150009245200596,0.0,0.04962138159043226,0.0,0.007605501747244129,0.09321909950296635
spot_0725,0.04069786185376539,0.031591028791233,0.33329167761943307,0.18929780252119136,0.01807960818384554,0.17094850057244396,0.0,0.0,0.0,0.0,0.033156769552845224,0.05017452961744873,0.0,0.0,0.1327622212877939,0.0
spot_0726,0.014033472273137481,0.2980775954510541,0.0681108890375159,0.1825652389413836,0.08957614037142839,0.0008166064609854093,0.006771115639714602,0.08150749612712713,0.07568414760760699,0.0,0.053833156009888396,0.04231616674279083,0.045110624984632836,0.041145930227831785,0.00045142012490257115,0.0
spot_0727,0.20160782884379008,0.12676720864583615,0.1595265491568518,0.18210210084875145,0.030831401143018904,0.02155260933449453,0.0,0.07828996306877536,0.007752848075236086,0.0,0.10307333256492694,0.0,0.0858807907014598,0.0,0.002615367616858824,0.0
spot_0728,0.5287500555483979,0.06659594693935596,0.22218681760211229,0.0226604581477262,0.05025464003296389,0.00741472022259966,0.0,0.0,0.0,0.0,0.10072062035258278,0.0,0.0014167411542611603,0.0,0.0,0.0
spot_0729,0.0,0.12732456621495922,0.14493793669702948,0.07913183130072428,0.0,0.021990280991047988,0.054806855872070286,0.2407265120874878,0.0,0.014463536896584828,0.13316039495833418,0.0,0.03647006729569076,0.03507950338725527,0.09655797829884978,0.015350535999966195
spot_0730,0.24995646284542222,0.20793250106855427,0.2838135075267561,0.0,0.0,0.0,0.009758888104280087,0.0,0.12593906336736774,0.039244667605329984,0.0,0.08335490948228957,0.0,0.0,0.0,0.0
spot_0731,0.5888284722916218,0.18138221080746714,0.0,0.0,0.1889054238404038,0.0,0.0,0.0,0.0,0.0,0.03338291928547691,0.0,0.0,0.0,0.007500973775030354,0.0
spot_0732,0.2844320229203823,0.02989700131329485,0.0,0.3859665920609736,0.14917899389176903,0.008761083720215274,0.0,0.06835476773573736,0.0024525592984541793,0.0,0.02764494830851659,0.0,0.035461828518897995,0.0,0.0,0.007850202231758968
spot_0733,0.24719192899974368,0.13311276351968737,0.0,0.16769381513821555,0.09280461427085121,0.0,0.0,0.09036322992251183,0.0,0.0292915647954066,0.03815711503597834,0.09108092487492321,0.04194677857297822,0.0029763416474408782,0.014602212632529912,0.05077871058973313
spot_0734,0.7346356357268589,0.11890482951408618,0.06895942337845046,0.02753997593936062,0.0,0.0,0.0,0.017791205639194414,0.0,0.0,0.024405093316402268,0.0,0.0,0.0,0.0024259931324938583,0.005337843353153387
spot_0735,0.3983097992026759,0.15573175694465488,0.058397085796337456,0.0,0.1392515531075691,0.10221435695698895,0.0,0.1331480183567855,0.00351430452773093,0.00105031822771153,0.0,0.0,0.00838280687954564,0.0,0.0,0.0
spot_0736,0.08480750677760253,0.32545119095552016,0.11053510563360158,0.06670613515936566,0.166853991301467,0.06874487312684614,0.05062449305426601,0.0,0.0,0.06791497345369629,0.009256394881831255,0.036860279704622405,0.0,0.0,0.012245055951180849,0.0
spot_0737,0.41701433987890535,0.09506450229124981,0.08958186825638231,0.07698735559278493,0.05268376463236832,0.0,0.08558258751941836,0.02194645641549243,0.0,0.04370548622515518,0.05246541052620708,0.0,0.004860934776923312,0.0,0.0,0.06010729388511287
spot_0738,0.04092499296581066,0.03506906602567651,0.0,0.24469095139829272,0.02558132913134798,0.10231777127879671,0.08458820638364863,0.07360460787884245,0.008212897829736547,0.13461963180166855,0.07532400213300695,0.0209534701104924,0.06509161627704492,0.06792548577973985,0.0,0.0210959710058952
spot_0739,0.18191109824126017,0.28458091109904765,0.036992528577993344,0.023674564342037463,0.10457395923501832,0.08893489164406614,0.06226484339121417,0.0704285205451947,0.0,0.0,0.0577744539945604,0.0,0.08886422892960778,0.0,0.0,0.0
spot_0740,0.24099631064534646,0.023936328217645342,0.14573030699621534,0.013497944030706475,0.024139197099748877,0.08513596953994816,0.041385274611042015,0.05307756836955196,0.0,0.1147542914325427,0.09659145959181095,0.04492352205606578,0.0,0.07096184729456342,0.04486998011481265,0.0
spot_0741,0.055587714713337934,0.3725097728794916,0.09203060633247774,0.21972506857205393,0.0,0.035621562932672296,0.010780600388618462,0.037404444270461586,0.06417378336436573,0.015756163911366704,0.06494055421302859,0.03146972842212525,0.0,0.0,0.0,0.0
spot_0742,0.0253787837717408,0.2134715566677402,0.21160330751446876,0.14038243557382854,0.006171822871631398,0.06672476866149808,0.07770245718853108,0.027097336117049283,0.032953060631698956,0.057281168188527666,0.0,0.07795434987261896,0.0,0.046260693960840156,0.004199294698133225,0.01281896428169287
spot_0743,0.15135926410105077,0.12627542450979082,0.24371272530432062,0.12956632628649403,0.10120606735940998,0.02704578841755841,0.0,0.08940809780174468,0.03604959648478225,0.04710655543883634,0.008970860927677156,0.00042586112884292313,0.011532353876372713,0.0,0.011156021032603668,0.01618505733051548
spot_0744,0.3562141697184979,0.2853626078391645,0.22153741411267164,0.05662436679858795,0.048106280594827674,0.0,0.0,0.0,0.0,0.0,0.0,0.0,0.03215516093625042,0.0,0.0,0.0
spot_0745,0.47942757870244185,0.0,0.021522215250960205,0.0,0.0,0.017628745328237088,0.0,0.0,0.0,0.3268983045636002,0.049850078885834016,0.07341298679282879,0.0,0.012441352830536968,0.018818737645560964,0.0
spot_0746,0.39588122410192106,0.1685897072985626,0.08746475105276402,0.0,0.09980327777688687,0.0012142287065202296,0.0,0.0,0.0,0.1082584192189293,0.03413489507590193,0.09406752376052772,0.0,0.010585973007986214,0.0,0.0
spot_0747,0.0,0.22272732344865173,0.11934678702280135,0.024806468273250483,0.15422815365899914,0.07608708618676227,0.11727455789398616,0.1004320642139742,0.06308184715447193,0.0,0.0,0.0,0.0,0.0,0.07660141436998813,0.045414297777114455
spot_0748,0.2784718194269204,0.0,0.16214272137467936,0.07343947907656466,0.0753613382932205,0.026590961437466743,0.0001232289310063966,0.0,0.038568613440377174,0.04835329937506442,0.08930299792866475,0.10823608142974672,0.04369762610788703,0.0,0.03629222366980913,0.01941960950859258
spot_0749,0.49499144917026594,0.17233456006508238,0.30115698226931037,0.0,0.0,0.0,0.0,0.0,0.0,0.004472943463612536,0.0,0.0,0.0,0.002777274207739825,0.02426679082398881,0.0
spot_0750,0.454364377922733,0.010049950899757902,0.1699689626128234,0.24095718592861234,0.07806838318806401,0.0,0.0,0.0,0.0,0.0,0.0,0.04659113944800934,0.0,0.0,0.0,0.0
spot_0751,0.4017210122753093,0.10547281958381274,0.021447808025939225,0.0,0.18300930528437268,0.005107306005247823,0.0,0.038706446587752595,0.03413050617181336,0.08121888223056245,0.0,0.05355931211471529,0.04095609082165161,0.00899487960076635,0.0,0.025675631298056542
spot_0752,0.5204539556622452,0.0,0.0,0.13105549088265794,0.026056312391502204,0.0,0.02188668846902618,0.03409968284002564,0.08032725439406424,0.09576633810197885,0.0,0.06391548989874926,0.0,0.014313261395733442,0.012125525964016977,0.0
spot_0753,0.21508790994253435,0.10681284556386005,0.0941855496845287,0.07037461862661451,0.15637316251234792,0.0,0.023512648021835676,0.10368075087849161,0.023528381085911685,0.025657949326527867,0.042586318440653845,0.039810822092251494,0.04577466858847573,0.0,0.04007568132608037,0.012538693909886022
spot_0754,0.1593455895063244,0.19751193841875744,0.0,0.0018680858304445317,0.0811354467366215,0.04098103705418404,0.09911644528268199,0.17854866878642023,0.00671168861460529,0.1018266117002552,0.05850879363048397,0.030398658415358187,0.0,0.01791049980150405,0.026136536222359338,0.0
spot_0755,0.26483273908380467,0.3231509444392691,0.029554540422143977,0.13793927721531346,0.05738812293326073,0.0,0.0,0.0,0.0,0.0,0.0,0.17936152414597334,0.0,0.0,0.0,0.007772851760234603
spot_0756,0.3308164195080234,0.006979004691725834,0.06736129669694695,0.0,0.29956467546441057,0.09794823232766817,0.0,0.0,0.0,0.0,0.014228614601457227,0.1498656384658855,0.0,0.0,0.0,0.033236118243882305
spot_0757,0.449256767909341,0.16486012973604391,0.18282201276700544,0.14025576841285423,0.0,0.0,0.06280532117475554,0.0,0.0,0.0,0.0,0.0,0.0,0.0,0.0,0.0
spot_0758,0.5381261526828638,0.06741034266636955,0.041446077233780014,0.18676840164847408,0.14957853933343873,0.0,0.0,0.0060023941440804345,0.0,0.0,0.0,0.010668092290993355,0.0,0.0,0.0,0.0
spot_0759,0.27922264221432874,0.007833065814823193,0.09456266273181872,0.045021972040556156,0.19856928871771024,0.030540755310432696,0.0,0.033209582296860087,0.05833888427947616,0.034512988830920625,0.04250073443668746,0.1594860519190017,0.006249508557607835,0.0,0.009951862849776274,0.0
spot_0760,0.49519458252177073,0.12250881266126556,0.009280682314144584,0.057078386247182915,0.21823345018565277,0.0,0.0,0.0,0.0,0.0,0.08132817986404359,0.012643527730532924,0.0,0.0,0.003732378475407042,0.0
spot_0761,0.0,0.14958637307309328,0.21857358015327524,0.07085311497258837,0.11794874566976656,0.11733930655249394,0.053310020379689516,0.0,0.027895677545062756,0.0,0.07360258520729579,0.05564878296571021,0.051645886429558883,0.0,0.04610612819985293,0.017489798851612642
spot_0762,0.032713771231940976,0.2888783666761953,0.16477768413780136,0.13823869966991684,0.0714920878658281,0.0006551951916688205,0.036665131893341425,0.03505655824926704,0.0,0.0,0.019221786881460867,0.15350176996640963,0.05879894823616969,0.0,0.0,0.0
spot_0763,0.3824663763761874,0.13067267753872142,0.08964973646318955,0.014370910881074875,0.10990909837185917,0.016840214257983384,0.0,0.09566823120585385,0.0,0.0,0.015719817783269315,0.03143397249468163,0.06751398037854807,0.006423550485699409,0.039331433762931904,0.0
spot_0764,0.3423753967882145,0.0,0.19632295958527418,0.0,0.08724005591076554,0.10214537230317627,0.0,0.07362397542722009,0.04723869769854382,0.041159189366874814,0.017541060162752295,0.012450866270723827,0.003875880890541866,0.032497944693329464,0.015246001795363081,0.028282599107220086
spot_0765,0.22018475976100876,0.1234947557072075,0.023691679783339782,0.3457712792549247,0.059918772251104764,0.0,0.0827978752592414,0.007232462996614168,0.0,0.0,0.02984584397136953,0.0654430369155103,0.04161953409967899,0.0,0.0,0.0
spot_0766,0.24708325580967763,0.06609850051236751,0.10497492866283697,0.11006296349692331,0.05643426070611054,0.0,0.11835556000102201,0.007445159505947801,0.0,0.0,0.06425196838682444,0.09663678015016716,0.0713923962754749,0.0,0.057264226492647674,0.0
spot_0767,0.2030519533883763,0.011787924880936914,0.2515992911598953,0.14964588813865784,0.06112593774387489,0.024961884298508607,0.1905612690321763,0.0,0.0,0.0,0.0,0.10694674701160853,0.0,0.00031910434596523206,0.0,0.0
spot_0768,0.08145660014108685,0.04881469782028526,0.2058438355009519,0.014794612489253782,0.05114077668578768,0.3136948856731838,0.0,0.14519294967597451,0.0,0.0,0.0,0.0,0.05297678251640225,0.05830012059009966,0.02778473890697428,0.0
spot_0769,0.1020542118811699,0.08349373720684049,0.01859123366684488,0.22303798474282246,0.16608727472703708,0.365340671061721,0.0,0.0,0.0,0.0,0.0,0.0,0.0,0.0,0.04008885239831244,0.001306034315251723
spot_0770,0.22134306503179926,0.20421029036254063,0.029251974281766204,0.319056911483501,0.17547182796280528,0.0034202860104278147,0.0,0.0,0.0,0.0,0.0,0.04724564486715993,0.0,0.0,0.0,0.0
spot_0771,0.05106218858863417,0.21565136111991198,0.03633129525302774,0.4995917512314278,0.09414859221418748,0.0,0.03156040950057573,0.0680286666264053,0.0,0.0,0.0,0.0005357754216389873,0.0,0.0,0.0030899600441907497,0.0
spot_0772,0.1862881969340565,0.0,0.22740601293954057,0.24972259494346372,0.01045464170646404,0.0,0.08023039013803301,0.009159488816223211,0.07177737515217811,0.02460862278633537,0.036580929770578155,0.013139704162687898,0.0,0.0,0.047287566917999006,0.04334447573244027
spot_0773,0.16799319848356822,0.34533155968873486,0.11620166366889849,0.0,0.009816515248184355,0.01618277428211077,0.0,0.0,0.13160701721371296,0.052079940655640665,0.0,0.04846663249623846,0.08409959902460894,0.0,0.0,0.028221099238302225
spot_0774,0.12566915377594107,0.2265145870433041,0.08392580776593829,0.11093810499102214,0.07014279294184425,0.0,0.10540326972281748,0.13137462638421982,0.0,0.0,0.10669248346064564,0.0,0.027340021893166724,0.0,0.0,0.011999152021100582
spot_0775,0.1738117159654687,0.4270462736751218,0.0,0.057198168873619816,0.033305285773979794,0.16818672762357015,0.0,0.07210890021824119,0.0,0.0,0.0,0.014147941000560695,0.040011243597290684,0.0,0.014183743272146967,0.0
spot_0776,0.14388322589940752,0.1897420660393842,0.1491145388782808,0.2548160744261071,0.0,0.0,0.0,0.0,0.014226266344051617,0.1409211832866363,0.034189194909485146,0.0,0.07295132492460821,0.0,0.0,0.00015612529203910962
spot_0777,0.17578838236893518,0.05721679082956061,0.03476525369967352,0.43909806498665416,0.07162689279453609,0.0,0.0,0.0,0.0,0.06009347801922489,0.10075802765030337,0.016846971345050945,0.02742595670687943,0.0,0.0,0.016380181599181837
spot_0778,0.2346611751400605,0.163945786013195,0.1611023734570959,0.21567154649910833,0.01030502269472495,0.005577375848419666,0.0,0.0,0.07148705305216231,0.02211150849531369,0.05078133828502807,0.03565764123123898,0.028699179283652485,0.0,0.0,0.0
spot_0779,0.19179339321111746,0.2898199410497062,0.0,0.0982870732966465,0.05209126735701036,0.004836259075382292,0.0,0.11174731031966995,0.0,0.007629159987393813,0.0,0.09756228723265288,0.0,0.14078736701764832,0.005445941452772146,0.0
spot_0780,0.0,0.02503534481450365,0.0,0.13570102840250656,0.0,0.11732046326247413,0.0722100521192196,0.3035584055661072,0.0,0.02199209215778579,0.02944874953702487,0.0,0.07143150897882813,0.09045479345434719,0.10442368968783941,0.028423872019363597
spot_0781,0.24565540682106093,0.12409445657507151,0.23557940673163064,0.07665966844902102,0.1619757053641882,0.08640682166023977,0.015682060358456252,0.0,0.0,0.0,0.0,0.007076295352096481,0.04498938398690042,0.0,0.0,0.0018807947013347497
spot_0782,0.0,0.0,0.6690074511318497,0.019945052193533333,0.02417381597737486,0.0,0.136293693684362,0.0,0.11964383627370805,0.0,0.0,0.0,0.030936150739172264,0.0,0.0,0.0
spot_0783,0.10591824962420833,0.3923821248155405,0.29028352377339045,0.0,0.0,0.0,0.03294864651217448,0.0,0.08864132966304354,0.0,0.0,0.0,0.06231115310412582,0.019826125251114955,0.00543767358931259,0.002251173667089457
spot_0784,0.15229536527932144,0.34879435418895405,0.06653297601068532,0.27663801627572226,0.034089009670914154,0.0,0.04276703772546765,0.0,0.0,0.0,0.0,0.009823763522641055,0.0,0.06905947732629433,0.0,0.0
spot_0785,0.18111925717658256,0.0,0.0,0.38297071385834436,0.011583806753275477,0.04141071035784673,0.02876143118423303,0.05712141642907655,0.022251476031269306,0.0,0.10040131041999596,0.1202645731462603,0.009385267134446535,0.03488084294953805,0.0,0.009849194559131073
spot_0786,0.41585313081982417,0.017245957236456028,0.0,0.0,0.0,0.0,0.42183411765839646,0.0,0.12190128477354266,0.023165509511780626,0.0,0.0,0.0,0.0,0.0,0.0
spot_0787,0.43586496968142246,0.20427975606255525,0.02188676703767266,0.10701135765660437,0.0,0.0,0.03164697873656254,0.0,0.009822011476585905,0.0,0.10592504448494183,0.0,0.04972054609419253,0.0,0.0338425687694625,0.0
spot_0788,0.40362631118198894,0.042297787227420905,0.26779546956524647,0.0,0.11358516042823054,0.004275761524824767,0.0,0.0,0.0,0.0,0.06734453007350795,0.09182069244063773,0.0,0.0,0.0,0.009254287558142752
spot_0789,0.22754493609442206,0.07369733934055725,0.32684384252899107,0.06770578556846492,0.20448776545194425,0.025862517475774664,0.0,0.015128203087166487,0.0,0.0,0.007698908458279323,0.05103070199439995,0.0,0.0,0.0,0.0
spot_0790,0.28479248196672385,0.0,0.23279087100904874,0.09012983003338161,0.11438396900172927,0.0,0.05212426387642373,0.0,0.0,0.0028719533295777987,0.09793670696564352,0.03363505261643104,0.06361081575121184,0.011203564848860528,0.016520490600968163,0.0
spot_0791,0.3957509179906133,0.04496211654795972,0.0,0.043901224048500706,0.07996474970574732,0.006211416571436339,0.0,0.06478848116312841,0.14612796463418065,0.08224275359611728,0.03200761208292978,0.015028023415677794,0.07953827342109819,0.0,0.005981051689129537,0.003495415133480919
spot_0792,0.11915673741645584,0.0,0.21983825790899902,0.3089759632867736,0.05362821659846841,0.02021641697527711,0.0005184310652566116,0.07439968495597464,0.0,0.0,0.0,0.1034465864075239,0.013767233295189602,0.08605247209008131,0.0,0.0
spot_0793,0.28276218063730013,0.0,0.0,0.15078851510406077,0.054168837522345595,0.0841169293095892,0.05712033950043491,0.0,0.0,0.007417997114930941,0.2739473554601577,0.0362937567059722,0.04080854896684589,0.012575539678362445,0.0,0.0
spot_0794,0.008434881304418764,0.4604231721605743,0.3579144074928965,0.011132829106574869,0.0,0.0,0.0,0.0,0.01928072218293498,0.09533492439560291,0.0,0.0,0.008900969185576849,0.0,0.007448226580845822,0.031129867590574817
spot_0795,0.3036872971587829,0.10716803228036414,0.13493872127652978,0.0,0.14610023538404557,0.13351580763675563,0.09463108911506839,0.06396637569307165,0.0,0.0,0.00799978655318541,0.007992654902196505,0.0,0.0,0.0,0.0
spot_0796,0.0,0.6525616920982993,0.0,0.0,0.0,0.0,0.0,0.0,0.19154378170031525,0.0,0.0,0.0,0.0947640831840915,0.0,0.0,0.06113044301729384
spot_0797,0.2638913525202661,0.08276958879784746,0.0,0.0,0.0,0.09475856245234199,0.09646664333574632,0.057961880990188744,0.05877130750230773,0.10866529866923794,0.06601225694703167,0.0,0.0,0.07495290120939405,0.06634826882178921,0.02940193875384869
spot_0798,0.19026000312033112,0.2070901960532934,0.049557869618569894,0.116241364854581,0.0,0.0,0.0005976483664774125,0.0,0.0,0.01027130028005596,0.40218034283437887,0.0,0.0,0.0,0.023801274872312372,0.0
spot_0799,0.0,0.1745369082877504,0.1178939026492618,0.32888025591009973,0.0,0.0,0.21102555208245805,0.03154242972554561,0.0,0.010630009871440057,0.0,0.0,0.0,0.11603587969777104,0.003403572929707526,0.006051488845965698
spot_0800,0.34877487641520805,0.05729892322267577,0.1798617035658746,0.0,0.1756828052379459,0.05760657758715344,0.05218428697738549,0.0,0.0,0.0,0.00437816503470776,0.0,0.07133558987668238,0.021474265365769015,0.017063789377461513,0.014339017339136098
spot_0801,0.30316854293090745,0.20396147085565414,0.02345698987527549,0.07559745416619716,0.08509626079057665,0.005068448195361435,0.007597727748767639,0.18576360830016703,0.0,0.0,0.0,0.08124418886540015,0.029045308271692872,0.0,0.0,0.0
spot_0802,0.4694111440325694,0.09102636793531077,0.1166708970090095,0.06764966151386784,0.0842262979479482,0.0,0.0,0.0,0.0,0.0,0.0629798905889025,0.03571604365511339,0.06957605178897329,0.0,0.0,0.002743645528305103
spot_0803,0.26746044629449434,0.3488845776749241,0.0,0.032837736897647,0.07581491892654531,0.0,0.05090468727109262,0.02389713952701253,0.0,0.0,0.05430603698212852,0.05515520094427784,0.08491277421257616,0.0,0.0,0.0058264812693017065
spot_0804,0.03763552131506075,0.0,0.2219817263383171,0.193491544991274,0.3957507688761301,0.0,0.0,0.0,0.0,0.0,0.04877852562164687,0.049240750447922595,0.04396104316067159,0.0,0.009160119248977153,0.0
spot_0805,0.33192003474773574,0.028996804171977083,0.0,0.08106710612381768,0.13858489437745064,0.10039073549897076,0.0,0.089064295128513,0.004115307018906839,0.0,0.05462831074386096,0.006010333705775401,0.050210000673050106,0.1150121778099418,0.0,0.0
spot_0806,0.2959391478102949,0.10170683113197022,0.0464427049771817,0.0,0.03033472125629023,0.08896897772599159,0.0,0.0,0.06892496928025983,0.03527280993361133,0.1163905177911058,0.18582481607375875,0.03019450401953561,0.0,0.0,0.0
spot_0807,0.4035114985414059,0.05611857805663685,0.2814668709505915,0.07499173299024153,0.0,0.011335639188960762,0.12404912432857128,0.0,0.013294831073804856,0.0028882615281628607,0.0323434633416243,0.0,0.0,0.0,0.0,0.0
spot_0808,0.22168866130354808,0.41993446635697895,0.03490268303276181,0.008595846235550068,0.043810857669500554,0.0,0.0,0.0,0.0,0.10269006703655492,0.0295009457414315,0.00971118088223153,0.08924603871107811,0.025095330818255962,0.0,0.014823922212108593
spot_0809,0.4798403718297982,0.10624315534821831,0.15403669385014274,0.025799320847119764,0.0,0.0,0.1529122994868129,0.05223948831439349,0.0,0.0,0.009517734237547685,0.0,0.0,0.0194109360859668,0.0,0.0
spot_0810,0.302340614922181,0.07706130175731159,0.2017113492195443,0.06691909514009639,0.09027846046500485,0.0,0.0,0.04532608852037223,0.0,0.0,0.09501605306773638,0.0,0.0722428527127998,0.0,0.04073686407942832,0.008367320115525196
spot_0811,0.2829883328842581,0.06480212686403095,0.15647239948786737,0.10564203705551613,0.0,0.021956961936177098,0.09608810599196667,0.0,0.04298806728165647,0.06379646352384064,0.10238849007293899,0.0,0.0,0.031739915769200676,0.0,0.031137099132546933
spot_0812,0.34958713038839645,0.0,0.07793399864496316,0.07206286466178849,0.0,0.0,0.41920195721457093,0.0,0.0,0.0,0.017829177714311886,0.0,0.0,0.0,0.06338487137596918,0.0
spot_0813,0.07898369011487033,0.23545553331688046,0.0,0.15570144966273677,0.16433802254504007,0.038540821660744934,0.0,0.10304337859100952,0.18194337043626485,0.0,0.0,0.0,0.011243940801198957,0.0026702269913729286,0.0,0.02807956587988125
spot_0814,0.4143876396790623,0.0,0.01834281001810167,0.15113136157727244,0.029904425377734033,0.0,0.0,0.0,0.0,0.0,0.15863333760939916,0.13009050202565606,0.0,0.08720978653129013,0.01030013718148443,0.0
spot_0815,0.2178784320505556,0.20520964392519858,0.16364322663445174,0.0,0.049619868185919604,0.08663692749681205,0.07163542006903842,0.16234972546642013,0.0,0.011510414953063507,0.03151634121854048,0.0,0.0,0.0,0.0,0.0
spot_0816,0.26573528646717537,0.0,0.007851130012858807,0.41434136064256544,0.0163925529536795,0.13892379501372976,0.012412981739243115,0.0,0.0,0.0,0.09234076443539545,0.011156741799486374,0.0,0.04084538693586603,0.0,0.0
spot_0817,0.1426089925981214,0.088056096679487,0.3005919228958349,0.12144046457506674,0.07912939398269052,0.0,0.0,0.0,0.03722587798992097,0.0,0.09672379768323172,0.021582709891610034,0.0017200014923682476,0.0,0.07565802252606318,0.035262719685605175
spot_0818,0.5007676481365794,0.2274591029576007,0.04605532456791419,0.09123400732501565,0.00822373831267701,0.0,0.0,0.0,0.0,0.0,0.1262601787002131,0.0,0.0,0.0,0.0,0.0
spot_0819,0.32077086316402553,0.15974763856593577,0.27400464443104305,0.1262141892984982,0.0,0.0,0.06744154287922527,0.0,0.0,0.0,0.0,0.018035972784454644,0.025449103937314862,0.0,0.0,0.008336044939502735
spot_0820,0.10309223051122775,0.0,0.0,0.3801575050541059,0.0,0.0,0.0,0.0,0.023028094906819264,0.23480734284839108,0.03383714234753789,0.060568443779757467,0.1128731171602316,0.0,0.051636123391929016,0.0
spot_0821,0.0,0.0,0.16765171778881366,0.2748525816300457,0.0,0.12410280991694744,0.21142323776575686,0.09645391700219032,0.0,0.0,0.08004646592912287,0.0034211700918267644,0.0,0.042048099875296285,0.0,0.0
spot_0822,0.1031278603806794,0.18506959226603134,0.015932552168261206,0.3936029949844829,0.03479663949526235,0.08899339950855496,0.042115449434072444,0.0025654340849475036,0.0,0.0,0.06716979002105349,0.013326809118280528,0.0,0.03661877659977117,0.016680701938602847,0.0
spot_0823,0.4304156346106558,0.0,0.18034850642814515,0.08573863568160892,0.0,0.0,0.06274075607430106,0.0036107618056541654,0.032842487674460366,0.0,0.0,0.07618384108074977,0.02831669570372704,0.05101991903780938,0.04878276190288851,0.0
spot_0824,0.3218477335966731,0.029032685718890658,0.018631085282711138,0.0,0.13369421375230417,0.08316642805322466,0.05812219058566609,0.10810019024557166,0.04745516579448703,0.0,0.0,0.07941359363977712,0.0,0.02066401958679262,0.026705597797397767,0.07316709594650378
spot_0825,0.17189080993755576,0.042453340166420425,0.10684232667278809,0.026057937645697287,0.21015255381286363,0.06907019959518393,0.0,0.0008324802086485076,0.08003110714788976,0.020890273252395865,0.018608344713266545,0.16242744612083054,0.037526669640983945,0.0,0.0,0.05321651108547588
spot_0826,0.15003533459933818,0.2394845828745154,0.2448831309946999,0.08923149871932803,0.1325999899945892,0.0,0.0,0.0,0.03387654149921912,0.029267743319774324,0.0,0.05423406276643624,0.026387115232099603,0.0,0.0,0.0
spot_0827,0.26520700154671484,0.0,0.07079427430943845,0.041714564499365704,0.02752962017520619,0.04312837799418352,0.010804863195551564,0.11568559752001861,0.0,0.0,0.1401267207674731,0.06794460860463467,0.0,0.0827963542738137,0.1342680171135997,0.0
spot_0828,0.5351252480743526,0.03998067103456028,0.0016801245011495523,0.10647931762849012,0.06939597392281192,0.0,0.0,0.0,0.027191360978931857,0.009671842456911372,0.0,0.12355869013663176,0.0018013884529945532,0.0,0.0,0.08511538281316597
spot_0829,0.26638162278706484,0.2758266320522554,0.09211141985373844,0.005005451621413677,0.0,0.06262914865784185,0.04178467689154311,0.06860757147786878,0.0,0.0,0.016982790428533318,0.0,0.07639790547615578,0.06890136994873898,0.025371410804845826,0.0
spot_0830,0.18544217264427823,0.2485811395235329,0.03777010495880528,0.282869409758322,0.03941441772801576,0.07804092907781575,0.0,0.0,0.0,0.0,0.0,0.02240762847063475,0.0,0.08442670477828539,0.021047493060310025,0.0
spot_0831,0.31603182607240743,0.09477166941782211,0.18803110629287453,0.04889664827029087,0.008732722303166912,0.045212665693394216,0.06821879314192889,0.09188914773268787,0.06561199161409398,0.01891211745715246,0.0,0.0,0.0,0.05369131200418073,0.0,0.0
spot_0832,0.23295496837596213,0.0,0.17323867421506037,0.05637100483627762,0.050084593814949105,0.11665968416954675,0.05881852039769598,0.0,0.04630464340650082,0.0,0.07709773491627556,0.07937497571133426,0.0,0.0367575000240286,0.04265741265678991,0.02968028747557894
spot_0833,0.08757911712884263,0.10588532598562454,0.2688693609539922,0.45786506270684013,0.030652036332443223,0.0,0.0,0.0,0.0,0.0,0.0,0.0,0.04914909689225728,0.0,0.0,0.0
spot_0834,0.3672187161906612,0.27353623293164425,0.10544318819948037,0.06704623491137086,0.0,0.0,0.0,0.0,0.0,0.0,0.0,0.10556971231708309,0.07873203714934068,0.0,0.0,0.0024538783004196384
spot_0835,0.03603493514817557,0.03467797192933358,0.38603293389277094,0.32546642429378153,0.10244015156830878,0.0,0.04729327450696823,0.006700424451486802,0.018674326184412574,0.008225309339853376,0.0,0.0013352476517038726,0.016258402795098534,0.0,0.0,0.016860598238106057
spot_0836,0.22452593705049337,0.03878723214754191,0.18382374471583016,0.2316031081898061,0.0248361146505681,0.13716954334456155,0.0,0.08164681269432283,0.0,0.013858042920167847,0.004709929030738432,0.02182077121665124,0.03721876403931854,0.0,0.0,0.0
spot_0837,0.30757970130243,0.00044795729322506957,0.4366471451886646,0.05302571028147336,0.0,0.008087876955700476,0.013340112508940601,0.0,0.034448731646908454,0.10492995757875809,0.0,0.02684635862224955,0.01464644862164999,0.0,0.0,0.0
spot_0838,0.3091911666659755,0.15444854912253794,0.065036551039968,0.04362757678949227,0.0,0.0618773963678664,0.2851134313812829,0.0,0.0,0.0,0.007911138080972865,0.0,0.07279419055190404,0.0,0.0,0.0
spot_0839,0.5246452610082353,0.0922875540414677,0.09102162980303509,0.009711841240600663,0.0,0.012423977643460345,0.09237225129258113,0.0,0.0,0.05752645747755642,0.03571941630062949,0.012939654202531733,0.06038643751013808,0.003151066499748004,0.00781445298001598,0.0
spot_0840,0.6047172835922614,0.0,0.05551204937458158,0.030383767798623833,0.0,0.04111644466478055,0.035895995891514015,0.024499496227685425,0.0,0.0,0.049584597666302355,0.0076937353868409,0.12187037512682745,0.028726254270582525,0.0,0.0
spot_0841,0.1707579740627257,0.0,0.2922810425417213,0.21441872658969985,0.06801136228916013,0.0,0.0,0.0,0.0,0.08001608513058883,0.04554975571704277,0.031085715418620558,0.016077947787435733,0.0,0.06357527053468354,0.018226119928321658
spot_0842,0.005197530299578205,0.2276167013214,0.23284913620925632,0.17913046922755743,0.19945011566056844,0.0,0.0,0.0,0.0,0.0,0.07767501675547109,0.0,0.019979392999176164,0.0,0.04849692794967674,0.009604709577315533
spot_0843,0.40111847609403206,0.0,0.178784220111974,0.0,0.0,0.006895680935728377,0.3591166408465464,0.0,0.0,0.0,0.0,0.0,0.0,0.0,0.054084982011719296,0.0
spot_0844,0.2719257336758793,0.0,0.0988179773789623,0.5737113463627612,0.0,0.0,0.0,0.0,0.0,0.0,0.0,0.035092038625618764,0.0,0.0,0.020452903956778432,0.0
spot_0845,0.16974126582886737,0.028297982549436117,0.0786436229739679,0.14888558773285457,0.01770239911803238,0.05304145179668788,0.016964355979378908,0.08787895389478773,0.08331003431079476,0.02180657486768174,0.20671570141804105,0.04416753309156122,0.017005926407720952,0.0,0.0,0.025838610030187562
spot_0846,0.3165044740831309,0.11914133631097656,0.11664348462700455,0.055129080966341185,0.018053907964398336,0.21724940929645087,0.11397089052629958,0.0005788716055975725,0.0,0.0,0.004611255243570963,0.0,0.0,0.0,0.038117289376229345,0.0
spot_0847,0.3859100180143504,0.06476454151478386,0.3108577138412852,0.04586608527516492,0.0,0.09101818850680268,0.0573762366536155,0.02850103007006069,0.001654130126028968,0.0,0.0,0.0,0.014052055997907804,0.0,0.0,0.0
spot_0848,0.0,0.0,0.0,0.020856060973795762,0.0,0.12442073179624043,0.0,0.018335053094412742,0.0065742562220787,0.30073722699358724,0.12859837450832967,0.0,0.030657921583669062,0.0,0.08585421095395158,0.2839661638739348
spot_0849,0.3123980142658652,0.17988111419000558,0.19369734759381993,0.023463248644653174,0.0,0.07175006174571727,0.11667173233763939,0.0,0.002133377864134002,0.0,0.026363464278730934,0.0,0.021122221374436465,0.03797795156018466,0.014541466144813575,0.0
spot_0850,0.0,0.16309504365951932,0.16364100546346166,0.0,0.0,0.06114022510592633,0.3553128467912801,0.0,0.07741851910514659,0.0665778954060726,0.0,0.0024891467218417043,0.03625728516364031,0.0,0.07406803258311112,0.0
spot_0851,0.5682469421058806,0.32375000608570925,0.0,0.0,0.010316443783644368,0.0,0.0,0.0,0.0,0.0,0.0,0.09768660802476588,0.0,0.0,0.0,0.0
spot_0852,0.05902671030294925,0.0,0.14356014991681726,0.1525929301236476,0.0,0.0,0.1726973352766945,0.0,0.06966856210869733,0.21798532694275102,0.184468985328443,0.0,0.0,0.0,0.0,0.0
spot_0853,0.3774941729855447,0.0,0.31057811650618555,0.0,0.042908303244508963,0.0,0.0,0.09079575791307162,0.0,0.0,0.0,0.0,0.08208824734126896,0.08751499418398936,0.0,0.0086204078254309
spot_0854,0.45316130749541267,0.11400088979837394,0.1694865863166559,0.04456645335092986,0.09103632123788544,0.0,0.0,0.036642142369177975,0.0,0.0,0.032202509757765334,0.05044610175332209,0.008457687920476752,0.0,0.0,0.0
spot_0855,0.20386626713951916,0.09962607945205872,0.0,0.00978049648774012,0.49160557267639565,0.0,0.0,0.04612852925993159,0.0,0.0,0.03295702778135323,0.026538813438907616,0.02487434918958719,0.06462286457450675,0.0,0.0
spot_0856,0.16639941887652399,0.031099489471801776,0.13721475160419436,0.10896762443099386,0.22228270715637785,0.012921264540008203,0.0,0.07755553088825796,0.0,0.0,0.15489284966705386,0.0,0.053469354896210915,0.008092821271361109,0.027104187197216197,0.0
spot_0857,0.4579271219726296,0.216176976378133,0.0,0.0,0.01801024156298563,0.027653175857350602,0.20097054063962608,0.007972021729424785,0.029416760139743384,0.0,0.0,0.0,0.041873161720106904,0.0,0.0,0.0
spot_0858,0.21963345913434404,0.11918652738370256,0.0,0.0,0.18628707054198565,0.00788687718807999,0.0,0.02274404560725447,0.0,0.23139989265044694,0.08648484626014995,0.07569883646037652,0.0420266961214585,0.0,0.0,0.008651748652201488
spot_0859,0.12462719244313328,0.056091443646764175,0.11791717239420456,0.17759338375723493,0.08361724398219644,0.06061632732709962,0.019862960821558143,0.06794883476834286,0.06087480328503669,0.0,0.06637110799576708,0.16447952957866196,0.0,0.0,0.0,0.0
spot_0860,0.1342706276445903,0.06926108340407945,0.33232332791078606,0.1887622203705502,0.0,0.11026983655559905,0.07553111475134594,0.0,0.0,0.0,0.0509596609791156,0.001670558917936593,0.0,0.0,0.03695156946599677,0.0
spot_0861,0.2535936565278653,0.0421400523060479,0.09026136264196581,0.2277073936415427,0.11117980574386471,0.0,0.0,0.07007284641174016,0.0,0.0,0.077476272942377,0.0,0.05158062148268846,0.06124689292957127,0.011895688525974344,0.0028454068463623526
spot_0862,0.10334962770071826,0.21114439561556952,0.07750559138412437,0.0,0.2037865981409136,0.0,0.0,0.0,0.05741140329025037,0.08427814869290644,0.0856314188951443,0.0570521615761553,0.06503550956765129,0.0,0.013089847614049775,0.04171529752251674
spot_0863,0.5471995459253487,0.0,0.0,0.0,0.06495765786339885,0.21058731416626814,0.0,0.0,0.14199021971882872,0.001807000916899124,0.0,0.0,0.0,0.03345826140925658,0.0,0.0
spot_0864,0.3377639113499438,0.0,0.20673179462398072,0.004962517589061575,0.09675535986202208,0.02489166240039754,0.13180374057374328,0.0024577971381550554,0.0485307095317207,0.014735098489610484,0.0,0.07186422882471702,0.0,0.030162872642090142,0.0,0.02934030697455777
spot_0865,0.15947043683349546,0.014161147039056403,0.07675640261733559,0.0,0.05262145456303856,0.11439240560644472,0.104129031389604,0.13165566609700866,0.16622305823094355,0.02118972119255535,0.0,0.08782501393238162,0.0,0.05260593194812835,0.018969730550007738,0.0
spot_0866,0.13054595247160955,0.3613683597135789,0.14546809146128797,0.22152983163610435,0.057784754797301274,0.009516614323379313,0.0,0.0,0.0,0.0,0.0,0.03230062174108375,0.015420717317877615,0.0,0.026065056537777433,0.0
spot_0867,0.24403576446924757,0.0,0.032892010826721475,0.19810372967883907,0.030597439970507876,0.12847634611601538,0.0,0.08388142644022757,0.029194116070998224,0.12353821299376909,0.03528263742311501,0.03115192657613967,0.017746117063380386,0.0023973365344657368,0.042702935836573,0.0
spot_0868,0.27063474878329863,0.0,0.16111939104374684,0.16039936955200218,0.258933662856325,0.034669003465635624,0.013485206700499734,0.0,0.005158350113575275,0.0,0.0,0.05243472379170751,0.04281938483380115,0.0,0.000346158859408123,0.0
spot_0869,0.15739637307037427,0.423160576060992,0.08331078524393261,0.0,0.2093644376221044,0.0,0.0,0.0,0.0,0.0,0.05003852081231403,0.07672930719028263,0.0,0.0,0.0,0.0
spot_0870,0.35912135580675075,0.174620033510812,0.021107592740393533,0.0,0.0,0.017350637810214935,0.06686899712359508,0.0,0.1429461370216867,0.03539432114700559,0.06020573311689181,0.0,0.11886471685546109,0.0,0.0,0.0035204748671886
spot_0871,0.04620577334703706,0.06690672969249763,0.0,0.08801504405224769,0.09192385632380348,0.1387336064603531,0.06232733701796392,0.07868835629624653,0.19770402522185998,0.03926796345388468,0.023878742135349743,0.030837457379860024,0.135511108618896,0.0,0.0,0.0
spot_0872,0.29517427415063985,0.2424142375796283,0.03781182999436565,0.0,0.0,0.11308629204995685,0.03914318107622604,0.0,0.07474334665868103,0.1976268384905022,0.0,0.0,0.0,0.0,0.0,0.0
spot_0873,0.2334143284035177,0.1361061113210019,0.2475304044359983,0.14535236432174203,0.0672305562749554,0.05887011863387417,0.0,0.006735284959763991,0.0,0.07655683233409369,0.0,0.014682545721944901,0.0,0.0,0.0,0.01352145359310795
spot_0874,0.0,0.0,0.43347803775074456,0.0,0.11624232858454837,0.04658681289733241,0.033865456557888814,0.024165991900807426,0.0,0.06810743422498632,0.16154880226317436,0.0,0.0,0.0300535534765185,0.03468919028802161,0.051262392055977664
spot_0875,0.45050942080200024,0.15030530259885666,0.026792633487564742,0.14413634079449114,0.0,0.0,0.040865329223359205,0.0,0.028287758705772652,0.0,0.0924348518291125,0.05836043305413518,0.0,0.0,0.0,0.0083079295047077
spot_0876,0.11913203161547438,0.0,0.1838908925761426,0.2015037527985369,0.022557924709403265,0.03643835367524159,0.01963110335793398,0.014404749672721883,0.0,0.0,0.23015162017114757,0.05556880374657531,0.0,0.007951691463796184,0.10876907621302626,0.0
spot_0877,0.3208959281560157,0.10721158675029466,0.2820292881782818,0.0709196914179298,0.049148020660566706,0.0,0.0,0.0,0.11094215369838807,0.0,0.04213906199597439,0.0,0.0,0.0,0.009007233011545763,0.007707036131003254
spot_0878,0.12429783214469041,0.23990991077868468,0.0,0.21139592381066483,0.14702489647045217,0.05483914447249283,0.0762883473169736,0.018954236193970228,0.04201379880196372,0.0,0.015952634719565473,0.0,0.04780536132799275,0.02151791396254941,0.0,0.0
spot_0879,0.15405718774354346,0.12552182201786488,0.29539454321317105,0.0,0.1293725557245718,0.11575629616814102,0.0,0.0,0.0013347727220788478,0.07591181866162078,0.0,0.0037297713714274637,0.04365598427949034,0.020065698269526623,0.0,0.035199549828563735
spot_0880,0.21166055138603174,0.16704560378286384,0.11210208298960542,0.0,0.029851889493470084,0.19430537634179312,0.028021765167150242,0.0,0.03248785808784472,0.1090907491265523,0.0,0.0,0.05383254338077887,0.0,0.0,0.061601580243909645
spot_0881,0.5906383817256003,0.09923682996382872,0.0,0.14470231457136357,0.0,0.0,0.15818030072480938,0.0,0.0,0.0,0.007242173014398033,0.0,0.0,0.0,0.0,0.0
spot_0882,0.4531663916627371,0.09280635454283614,0.0,0.0,0.2821500446056548,0.09508832780208684,0.0,0.0,0.0,0.0,0.0,0.061181299869563305,0.015607581517121783,0.0,0.0,0.0
spot_0883,0.5590048383467366,0.0,0.18294366635107037,0.0,0.0015842012111080095,0.0381731034654703,0.018544830667887528,0.0,0.0,0.0,0.04074946117823146,0.11021136026972606,0.0,0.011485112502936698,0.03730342600683281,0.0
spot_0884,0.1998793268368783,0.23061962924408852,0.02976607696485309,0.19999466623697332,0.018393295217110295,0.0,0.0,0.0,0.023007565012626154,0.04062564047710113,0.12552783477436863,0.0,0.07145353881068152,0.0,0.011657081405566108,0.04907534501975295
spot_0885,0.26945882843880514,0.006330764762938969,0.07773836065191482,0.1517766132748145,0.11924688576221186,0.01595687626767017,0.0,0.06056475686422225,0.044478641646702295,0.0038035728930843637,0.1182409224754176,0.10791754030636717,0.0,0.0,0.02321732730724653,0.0012689093486040347
spot_0886,0.3082251374945743,0.3506446901359445,0.0,0.08134171325701835,0.0,0.0,0.0,0.09458997460313286,0.012379487028560517,0.05186727219332778,0.0,0.018386082787837623,0.0694457145519403,0.0,0.013119927947663871,0.0
spot_0887,0.44071222271213484,0.0,0.21008287157028507,0.029719528144073665,0.03625964928976662,0.041324154834916235,0.0,0.059107109161007025,0.0767597813072313,0.0,0.07043372156581096,0.0052281423136063005,0.0,0.0,0.030372819101167774,0.0
spot_0888,0.13760078366977008,0.004612735258052586,0.0,0.05261391082615991,0.30235044364330194,0.0,0.1285289196038442,0.14656068440725925,0.0,0.05253512208366109,0.0063039535858242035,0.0,0.04560911904703483,0.0450376925509208,0.003364093320368063,0.07488254200380273
spot_0889,0.21084583615719862,0.04051749725294061,0.04081143312671826,0.0,0.3140782091211725,0.0,0.0,0.0,0.13760510860035932,0.03857233936166765,0.0,0.008232634975270657,0.08521393739480702,0.03086920368246165,0.09325380032740375,0.0
spot_0890,0.5098365852735426,0.137151059568858,0.0,0.0,0.08553782229468085,0.023703621211040343,0.0,0.07182308652424109,0.039423637426253204,0.0,0.047554052363878066,0.007864250766956895,0.052049023349312856,0.0,0.0,0.025056861221236286
spot_0891,0.16557371971562077,0.09011727392076249,0.13706442688067466,0.15640192204224138,0.036397711161514634,0.16470636302380948,0.0,0.0,0.0,0.11243229124044495,0.052879631266395534,0.02449726863723135,0.05201284426183358,0.0,0.0,0.007916547849471272
spot_0892,0.1555738848172426,0.44700770362292974,0.054050180086026155,0.0,0.04487378891129005,0.013818224381125626,0.0,0.014969009034256105,0.08595249206262709,0.1349830599508107,0.005861838653528739,0.009633193261170384,0.007304198374750737,0.0,0.02597242684424236,0.0
spot_0893,0.13432730689106753,0.09124039326373508,0.10845521366692078,0.2886135840513407,0.040436757701267895,0.07133793445116127,0.027217758180430797,0.0,0.0,0.0,0.021794373862126407,0.03328665829317895,0.05883705711128228,0.013173693457142728,0.028296835947009023,0.08298243312333661
spot_0894,0.3464792670541334,0.13052887002049826,0.11100916118611269,0.13293106288299822,0.07905461635723349,0.0029473037739817833,0.0,0.0,0.07299155370703268,0.03916644355065361,0.004701826611468254,0.00013505960179768925,0.07728485592919886,0.0,0.0,0.002769979324891124
spot_0895,0.19365087254874186,0.09279038875695253,0.1280138447641699,0.07899010130432833,0.030995060167371177,0.013766711375542317,0.1605201993876475,0.10785848031905829,0.14527389362699128,0.0,0.0,0.0,0.048140447749196846,0.0,0.0,0.0
spot_0896,0.0,0.3111457133440896,0.24522572622994895,0.0,0.1323424546379422,0.0,0.08010211988249287,0.0729534938073778,0.00820662609983903,0.0,0.0,0.0187324909371614,0.04983172801195829,0.06258540702209069,0.01887424002709919,0.0
spot_0897,0.3600775562493599,0.25081475301497946,0.0,0.23237236378888954,0.11024894386661903,0.0,0.0,0.0,0.0,0.0,0.02278010447684248,0.015320197458131573,0.0,0.008386081145178203,0.0,0.0
spot_0898,0.09759168332020493,0.03809609824763865,0.27498119971774937,0.15641370954589665,0.008974353453838464,0.05744616789376307,0.0,0.0390790437160573,0.028784258856135215,0.09598334020166194,0.0,0.1389956179273266,0.03644024289932591,0.006209372797532041,0.021004911422869935,0.0
spot_0899,0.24293617343277288,0.17693383024112616,0.018489627102266547,0.11595667677351522,0.1410469005323025,0.0,0.0,0.08479000654287717,0.046330576162058386,0.0,0.0698605468335492,0.07938024656634217,0.0,0.0,0.006504625144432303,0.017770790668757298
spot_0900,0.3024906092685039,0.26636709197865716,0.2160572320243328,0.0,0.0,0.0,0.0,0.0,0.015697641768057775,0.13000551476775699,0.0,0.042045915780304324,0.0,0.017583292943881685,0.0,0.009752701468505345
spot_0901,0.2607923913662469,0.13837084002242186,0.075675364981012,0.13693723468490593,0.08595141192227546,0.02068160027774213,0.03375304204220273,0.015850339800232087,0.07392855011613347,0.02848337774421881,0.0008602742268134987,0.020255560183316004,0.0,0.10846001263247913,0.0,0.0
spot_0902,0.40535288895468424,0.14969009397006566,0.06743376395751781,0.15821390455344428,0.0,0.0572357414771372,0.07608648642603662,0.0,0.002396719279491818,0.0,0.06376288436738438,0.01982751701423817,0.0,0.0,0.0,0.0
spot_0903,0.11781137953662671,0.03161709356799762,0.17940691165058556,0.06525546230182562,0.08374871087854567,0.061199048905638924,0.0200698819008073,0.0,0.04812940270926645,0.22404690157785517,0.0,0.0,0.05278735127722987,0.015074996904172015,0.029825237421969505,0.07102762136747956
spot_0904,0.23946685961163908,0.03105865276265087,0.07338176635203521,0.10273604539584903,0.12535144110790747,0.0,0.21065591261054312,0.08579595290367148,0.014224595923825821,0.03905465943265112,0.0,0.031096082851127898,0.02926068110959645,0.017917349938502296,0.0,0.0
spot_0905,0.1767097706949085,0.11000490780074841,0.08440134808980104,0.15073608722124113,0.23915685726021493,0.0052948272907665465,0.0,0.0694649677521464,0.04037839220095221,0.0,0.03938657018711367,0.03749136037552886,0.0,0.0,0.029151665153871038,0.01782324597270727
spot_0906,0.24810871552675068,0.20290626975892542,0.003172189535186079,0.051641397967271546,0.2072584865698877,0.0,0.0,0.05600409105876622,0.020881181173170473,0.0,0.04567788292313998,0.1525560950959416,0.0,0.0,0.011793690390960452,0.0
spot_0907,0.3374676158839073,0.14400260468890638,0.0,0.0,0.0,0.22072210825161723,0.15291844785711275,0.11459414319179725,0.0,0.0021325073251193087,0.0,0.0,0.0,0.007723967853855944,0.020438604947683868,0.0
spot_0908,0.16267260472154763,0.1200346287859459,0.2828635989640137,0.05538857864661378,0.09729174776333659,0.035575470747050496,0.0,0.07597867790796413,0.0,0.0,0.0,0.01546524528797338,0.10340176859961309,0.05132767857594139,0.0,0.0
spot_0909,0.03914030506735188,0.16087622641782462,0.0,0.2393402715241864,0.20062867599529888,0.01881006978408511,0.09486139668127495,0.052429063305089875,0.004720705856698566,0.0,0.10459415237451027,0.043502423210226925,0.04109670978345252,0.0,0.0,0.0
spot_0910,0.13851315700828642,0.0,0.05693366637418474,0.37078912263238023,0.05347771488800954,0.005457570819767461,0.0,0.25299793972293305,0.0,0.0,0.0,0.07574006865876025,0.0,0.0,0.046090759895678485,0.0
spot_0911,0.35175641727458257,0.03011181104149572,0.12603591951583282,0.16665148833627955,0.09847567119037265,0.0,0.0,0.016044128547224732,0.0,0.00855316595561569,0.12242845481566046,0.017695738829903915,0.05082574056393072,0.0,0.011421463929101195,0.0
spot_0912,0.1799183304547743,0.24451848300752985,0.09290699297432126,0.1491339256311117,0.05183982529879478,0.07195735758979602,0.013171110870418114,0.0,0.0047772833192481915,0.060141480471401484,0.015651237344320345,0.05637037616069608,0.04941061488441836,0.0,0.0,0.01020298199316939
spot_0913,0.2055719948832757,0.18352563597445173,0.0,0.3779934396019174,0.07894512197559032,0.011906910607680583,0.0,0.0,0.0,0.03869558126803309,0.010080723475254218,0.02708345765658658,0.0002555415072493853,0.0,0.033945107287626695,0.031996485762334104
spot_0914,0.414341554039041,0.0,0.3774424727680085,0.12359854486623774,0.0,0.0,0.03279829403515018,0.0,0.0,0.0,0.04651736121826278,0.005301773073299507,0.0,0.0,0.0,0.0
spot_0915,0.3478622545310301,0.12169452961635517,0.0,0.3590247346866603,0.0,0.0,0.0,0.047120989825306145,0.0,0.0,0.05289864302174081,0.0,0.061378606361007206,0.0,0.0,0.010020241957900218
spot_0916,0.06362815369543504,0.05385413045236313,0.16217808038968712,0.004670443749013057,0.39737838130077346,0.0,0.006220396745166098,0.1418391843817165,0.0,0.0,0.0,0.039100726872580115,0.06332146127384773,0.0,0.06780904113941782,0.0
spot_0917,0.0,0.1653085741113151,0.17146969457286723,0.03490311077495867,0.0684683184941449,0.20675873644295534,0.08953512228606554,0.14139598555134253,0.0,0.0,0.0,0.0,0.01489677542886878,0.10726368233748199,0.0,0.0
spot_0918,0.2593520241395378,0.1838014560314753,0.10146943729839634,0.18294061813223098,0.014616256992132773,0.08522667405444749,0.0,0.08409627254671866,0.0,0.04796975646688864,0.0,0.0,0.0008025371567659049,0.013575962027291383,0.026149005154114793,0.0
spot_0919,0.4537549032465864,0.16778213782115017,0.1901224230546247,0.0,0.0,0.0037896007948222013,0.0,0.0,0.0,0.11983658316297581,0.0,0.055924188831559814,0.008790163088280881,0.0,0.0,0.0
spot_0920,0.2871660328161534,0.12109613113680252,0.19964709212111806,0.2578807750879197,0.0,0.006968454247517374,0.06468794053594612,0.0,0.0,0.0028987173272038533,0.042912639881994556,0.0,0.0,0.0,0.016742216845344455,0.0
spot_0921,0.2238174782850468,0.0803738462522574,0.08528584590947642,0.10112288145212062,0.1179630861410153,0.0045339743438107295,0.06549839879171541,0.0,0.12410821640614113,0.011874328557044966,0.06433412844754803,0.0,0.013401287030166372,0.0,0.04534314132729162,0.06234338705636537
spot_0922,0.10841143875227337,0.4293226735594297,0.14354093784821637,0.030581539182084547,0.11313406344024989,0.05995161539790975,0.0,0.0,0.020144642001000947,0.04284571602832923,0.0,0.029180685553143786,0.022886688237362306,0.0,0.0,0.0
spot_0923,0.06169295866486379,0.052755531418821645,0.34999047602510164,0.0,0.0,0.00684902996430062,0.056631447719100336,0.0,0.0,0.12053000352733685,0.10022682211526925,0.19221063997655224,0.0,0.0,0.05911309058865362,0.0
spot_0924,0.1449444374624381,0.06142891188755533,0.0,0.10956520117315643,0.0459099348048395,0.2047876395556534,0.0,0.24735462816153012,0.0,0.0,0.0,0.01782243507772154,0.0,0.1256282444716007,0.04255856740550486,0.0
spot_0925,0.46587677782798004,0.1907142546294076,0.019107802456674552,0.0,0.0,0.10076781773851054,0.0,0.0025864002114435723,0.0,0.0,0.01981883678276313,0.0467034614792406,0.11930370530306866,0.018459250040563837,0.016661693530347365,0.0
spot_0926,0.2248794000165174,0.2510714803365184,0.0385874263859605,0.19649131619887544,0.0,0.0,0.13975822547809347,0.04271938156345517,0.009435355789985169,0.05286023543169524,0.0,0.010695429624753368,0.019589687761900267,0.0,0.013912061412245514,0.0
spot_0927,0.22951922389468107,0.14681845017539452,0.0,0.0,0.049328037441238905,0.08313711200901021,0.0,0.059071547442629664,0.03453629677841617,0.03904352307999735,0.0,0.20961927444299466,0.14892653473563722,0.0,0.0,0.0
spot_0928,0.02467392645955304,0.011008049018568604,0.0,0.04637952308371819,0.0,0.5799485953138979,0.0,0.024155059634654356,0.0,0.0,0.1605271843694865,0.03180444544727898,0.0,0.0,0.12150321667284249,0.0
spot_0929,0.19445283605703378,0.0,0.0,0.05021539240842013,0.2749743936780174,0.0,0.031727452550281345,0.034695986094055525,0.2099411325936195,0.0,0.0,0.11938322051374946,0.0,0.05609154198586746,0.0,0.02851804411895521
spot_0930,0.38934711602984773,0.28487080451286395,0.0,0.13578371027275196,0.0,0.0,0.03485502759193517,0.05286816895732853,0.0,0.0,0.08410142512174781,0.0,0.0028593159664665408,0.0031850525731008774,0.012129378973957536,0.0
spot_0931,0.048698387170103975,0.07804444039132193,0.21309879672973342,0.26801230572610435,0.16526758236941871,0.01871486955744882,0.03514915704948808,0.057771094065193616,0.0,0.0,0.0,0.00242131591429519,0.02066529512295799,0.02302856718218891,0.06912818872174503,0.0
spot_0932,0.17296009052074934,0.0,0.1495516894275335,0.2036355043448161,0.11582106967266086,0.11176856376300125,0.0,0.11732659938954859,0.03300652084380201,0.022891687068390613,0.012109733996711463,0.0,0.024284021317690762,0.0,0.01585465841139641,0.020789861243699047
spot_0933,0.0,0.34931226521366804,0.03607197096178832,0.2608962520077122,0.12379868617742024,0.028580255100834225,0.0,0.14367898370490287,0.006699888924387445,0.0,0.022431705657622796,0.0,0.0,0.028529992251663947,0.0,0.0
spot_0934,0.37620462828596796,0.062089823889773965,0.18920247720279168,0.0,0.0,0.13029797029452717,0.028233475177595665,0.10830614645331613,0.06992686946099937,0.035738609235028224,0.0,0.0,0.0,0.0,0.0,0.0
spot_0935,0.018280279650149625,0.1967604065085272,0.4043819540523716,0.012970161440154173,0.3055459184814498,0.01235244808355146,0.0,0.0,0.0,0.010441776280340438,0.015024951588639607,0.019351499449557365,0.0,0.004890604465258792,0.0,0.0
spot_0936,0.3099154914803295,0.0,0.10929165090226664,0.16083890686380686,0.03789129723042611,0.01712136122084845,0.1582984228181444,0.004106339028755884,0.06367232860476403,0.022915122317079258,0.0,0.00805060432562376,0.0,0.0519584722264655,0.037225542995929686,0.018714459985559945
spot_0937,0.30850997538322655,0.07044562888250842,0.1321978879180438,0.20110382770826876,0.07110938922583551,0.10627673837979874,0.04364946842594704,0.0017040345149721794,0.0,0.0,0.0,0.0,0.0,0.0,0.06346382315555568,0.0015392264058432341
spot_0938,0.22760329224797624,0.1061724143090421,0.13776296464658502,0.05422173833042985,0.11111863987207234,0.07037994989238447,0.02482270258493614,0.0,0.04696343856164353,0.09238331199951726,0.0,0.01298462497990624,0.0821263721072318,0.0,0.0,0.033460550468275035
spot_0939,0.0,0.22802555144873302,0.1561382314373836,0.07024040807858928,0.015956282938856117,0.0,0.0,0.0,0.023169317874817696,0.14641152247324915,0.19220950386624858,0.10022577419437609,0.05873673897765644,0.0,0.008886668710089958,0.0
spot_0940,0.18132199780801372,0.0152061668984315,0.33799273215687414,0.0,0.0,0.029761557178082383,0.16122927119507804,0.004991424052141757,0.2045666523190046,0.024555196324489926,0.022845285148499695,0.0,0.0,0.0,0.0051719761310002775,0.012357740788383963
spot_0941,0.41015005490234024,0.2848834458374184,0.03552697453876419,0.10433625113453197,0.0,0.0,0.0,0.0,0.0,0.0037341266154632844,0.15554610170105737,0.0,0.0,0.0,0.005823045270424693,0.0
spot_0942,0.37823102084251137,0.10236882157060974,0.08368241753895697,0.08992822708279967,0.06566700302659846,0.0,0.06563035361522232,0.0,0.01698559125103243,0.003464234695953923,0.06297204905953849,0.0,0.03590710102401022,0.0,0.0,0.09516318029276648
spot_0943,0.28126739875471707,0.2033152389671357,0.0,0.057718681011088215,0.20031079755776307,0.0,0.0,0.0,0.015900145108037767,0.12306016667506407,0.0,0.03679012635528002,0.022141147574048493,0.012697726935592459,0.00325650328726097,0.04354206777401245
spot_0944,0.23270196839025062,0.0,0.0,0.19564353330164186,0.09896546189758666,0.03185695480665793,0.0,0.0,0.048787528930885345,0.02612316092636735,0.21267175158539955,0.029526124827484252,0.0,0.005095259957017505,0.0380950746180803,0.08053318075862867
spot_0945,0.2019632360447539,0.339456208320118,0.25552506398944197,0.0,0.0,0.0,0.00866616245290532,0.007391601300717623,0.06545085981073887,0.0476721459180328,0.0,0.0,0.07387472216329143,0.0,0.0,0.0
spot_0946,0.27301237150932706,0.0,0.06598577887523405,0.07807194049436186,0.02081039275665329,0.0,0.0,0.0,0.24090092058606194,0.04746593647934931,0.0031042189451461625,0.15979029013435672,0.08178015147100388,0.0,0.010180889592161015,0.018897109156344873
spot_0947,0.13639159062641557,0.09271464028808434,0.21051504686427522,0.3387978619136273,0.0,0.024492129158439627,0.0,0.0,0.03894601026136651,0.026043287990519064,0.005580683011960695,0.08172879750729611,0.04478995237801543,0.0,0.0,0.0
spot_0948,0.466729415517884,0.16112521476548392,0.03711260580461949,0.1173746642178037,0.040574613236054415,0.0,0.0,0.0,0.0,0.009513049520811983,0.06826857581065267,0.0830319111519705,0.01598594758384361,0.0,0.00028400239087549223,0.0
spot_0949,0.0,0.18320546693686618,0.06636785249083665,0.2594653887839823,0.0,0.11404175660544613,0.07142997920715655,0.06747509609960904,0.03009376399801593,0.030157464530797398,0.025032119331015335,0.0,0.0463007240548329,0.08952983915393431,0.016900548807507125,0.0
spot_0950,0.29313721140556254,0.15850137435453351,0.07524911690985883,0.3144502575733847,0.06441263594263273,0.0,0.0,0.0,0.0,0.0,0.013186651131922755,0.04022292067882016,0.03995172506154166,0.0,0.0008881069417431072,0.0
spot_0951,0.25054891205855534,0.14225739006985016,0.30787174347605656,0.11712079613837645,0.0,0.054666187927906826,0.06352694127096264,0.013895412210022733,0.0,0.0,0.0,0.0,0.01054660085702444,0.032221115827174955,0.0,0.007344900164069981
spot_0952,0.24421036857718337,0.03436987765807133,0.3934162084571918,0.04058123480820044,0.01795270114689664,0.007346140743624763,0.10630999408088239,0.11384468347347303,0.0,0.0,0.0,0.026122307740542704,0.004472443039221595,0.0,0.0,0.011374040274712114
spot_0953,0.12152836444653956,0.0,0.30180399398847535,0.25240743798081655,0.06420112491102362,0.0,0.0,0.002358079512426161,0.0,0.0,0.10879428979881461,0.09236629701463572,0.05654041234726841,0.0,0.0,0.0
spot_0954,0.2797432903187963,0.40981412334675466,0.007068408224892989,0.0,0.012347875453137277,0.0278214667191427,0.14542265289994155,0.003528946272847557,0.05478153429508397,0.015043384325325213,0.0,0.0,0.037492305636020185,0.0,0.0,0.006936012508057679
spot_0955,0.11778461634920155,0.010934379260103606,0.26625161758566707,0.2802510920793917,0.030231986489896633,0.07244373838907499,0.013093138768644057,0.0532265195077622,0.0,0.06855029201038391,0.009190417544478703,0.06805908090406906,0.0,0.0,0.009983121111326517,0.0
spot_0956,0.36475345745649024,0.22016756953569233,0.0,0.0,0.0,0.0,0.24631170764601343,0.0,0.0702371058002849,0.06628194512890011,0.0,0.0,0.0,0.0,0.0,0.03224821443261919
spot_0957,0.20982329005567474,0.242186506238146,0.23190771399209564,0.00562364656488409,0.11761074578843257,0.00872406794236798,0.0,0.03989216893497246,0.0,0.0,0.04708014352297271,0.04475466400196978,0.03423583414303838,0.01816121881544566,0.0,0.0
spot_0958,0.3478478610539263,0.3202690575826343,0.059559973537572836,0.19926693892207056,0.0,0.0,0.030078187626034585,0.0,0.0,0.0,0.0,0.0,0.04297798127776125,0.0,0.0,0.0
spot_0959,0.395660123869895,0.18033064980132507,0.10190353821130572,0.0,0.2791087832945491,0.006852065313859569,0.0,0.0,0.0,0.0,0.0,0.0,0.03439429255385507,0.0,0.0,0.001750546955210469
spot_0960,0.11211551204033804,0.07094461339987014,0.28606432910906276,0.13257751693396494,0.08119511370608976,0.00545318799356479,0.04914904629596946,0.0,0.0,0.05162445836193026,0.1409412527648029,0.024677921699176084,0.029674441787179276,0.0,0.015582605908051474,0.0
spot_0961,0.4981395200947347,0.08267033053509776,0.059975275363580306,0.0,0.0,0.16938770344641846,0.0,0.025631768791745602,0.0,0.0,0.05685076846060671,0.0,0.040818942667696693,0.048936271300468466,0.0,0.017589419339651285
spot_0962,0.31984840792203595,0.0,0.027488714056042446,0.08216276389018429,0.0,0.21653402775420685,0.09794703514515452,0.006936239048529945,0.07595921105659997,0.06598401017663062,0.035009612426560956,0.0,0.0,0.07124754593718056,0.0,0.0008824325868740763
spot_0963,0.2984070543375241,0.17892665792386203,0.018296257349070793,0.10329019613366912,0.07340641013885718,0.0934456917569367,0.0,0.051046940096205425,0.07328221180730682,0.008756754674698934,0.0,0.011141352585907338,0.0,0.0505261805931092,0.02136419896450027,0.01811009363835206
spot_0964,0.27981557026706155,0.0,0.0,0.0,0.20976345572415764,0.14349740234894626,0.0,0.08926698142217063,0.0790748114329097,0.032786972510710374,0.00920441751027138,0.04364479407855682,0.0729020476560574,0.0,0.04004354704915813,0.0
spot_0965,0.20605753042623823,0.06521661588394073,0.1672894812660132,0.15545622186868216,0.0,0.06471770441683751,0.09530465434251292,0.09495784621280903,0.06353423268272422,0.032953185837504034,0.0,0.0,0.0,0.0,0.054512527062738056,0.0
spot_0966,0.08246898979204681,0.057817865376577966,0.3372953376724059,0.21070366875006014,0.04703370719036784,0.02678914433768675,0.046432305737566903,0.029560049922231973,0.0,0.0,0.003530348392673223,0.11953888894443516,0.0,0.0,0.037655361951405286,0.0011743319325419827
spot_0967,0.24135454296624695,0.0,0.0902532721136885,0.11090679044744711,0.0383730875297781,0.02149266655420289,0.04286127524689819,0.0,0.030055022344926102,0.05589885786576117,0.10648073108480027,0.06398174992838955,0.017265426026724155,0.06871856101625091,0.04759669939751527,0.06476131747737102
spot_0968,0.6676347339076303,0.0,0.06826391051186927,0.03682962217439907,0.16940616981524423,0.0,0.04297986244859867,0.0,0.0,0.0,0.00490902928676889,0.006929751307313735,0.0,0.0,0.0030469205481758995,0.0
spot_0969,0.22292483481773498,0.37811723671824693,0.0,0.0,0.037785377253887927,0.07430848827490472,0.0,0.0,0.10025580697980532,0.08109374443134185,0.0,0.01741853351545213,0.0,0.08346304322074098,0.0,0.004632934787885159
spot_0970,0.3865337334519131,0.17546490504434503,0.060237407207700606,0.18317545151329076,0.10630994566163658,0.01122855862880069,0.03906778174488669,0.021334967923860138,0.0,0.0,0.0,0.016647248823566305,0.0,0.0,0.0,0.0
spot_0971,0.07609879213974453,0.19192153846239995,0.02455030529155401,0.2693866730251233,0.07629497296628185,0.0727774978596967,0.0023969814431562503,0.043419773779136465,0.0,0.0,0.07813004689972823,0.008863643570748363,0.0009895303467953647,0.12083063665544015,0.03433960756019466,0.0
spot_0972,0.4538397705074188,0.014341006576928496,0.27528920694577946,0.14205489208360048,0.0,0.09804298174212168,0.0,0.0,0.0,0.015805394434290704,0.0,0.0,0.0,0.0,0.0,0.0006267477098604473
spot_0973,0.10065894979722365,0.18240670286056596,0.01664955623396175,0.19385302371553423,0.0693837125762595,0.0,0.015610449738990713,0.01982932439115354,0.026668052423987426,0.07595547095227022,0.03710207842454752,0.03303852765533881,0.12303357625357145,0.0,0.029095557116724593,0.07671501785987071
spot_0974,0.6336322560252611,0.0852375919304093,0.08601951273615535,0.0,0.0,0.0,0.0999553379004366,0.00644744230078344,0.0,0.0,0.0,0.010406729278349435,0.07830112982860499,0.0,0.0,0.0
spot_0975,0.3124629256686067,0.12122580267069244,0.20821772976796074,0.0,0.017530053382669886,0.16071212282294384,0.0,0.11460008580308567,0.0,0.0,0.0,0.0,0.0013236004539311265,0.06392767943010949,0.0,0.0
spot_0976,0.16325166040321076,0.07126886977490594,0.2910315973555395,0.014465809889283303,0.0,0.0,0.0,0.0,0.25869112510769865,0.12592138564889016,0.008660214147266634,0.03277577174128034,0.0,0.0,0.008669579920870885,0.025263986011053938
spot_0977,0.3015345183792912,0.06092240630600327,0.16224514062853632,0.18899493026010455,0.06652358878032864,0.0,0.004303055264653067,0.008979935755612258,0.0010438145062957403,0.116286797106298,0.028100486722249594,0.03448586873451486,0.0,0.0,0.01312550476092963,0.013453952795182673
spot_0978,0.30730333094782525,0.14215530824808095,0.07458047782870432,0.0,0.23990845573966926,0.05846311329335936,0.0,0.0,0.00906760811000545,0.0079071006621887,0.12094696969562772,0.0,0.008708266451939254,0.030959369022599652,0.0,0.0
spot_0979,0.07373939472719167,0.24896313866731204,0.1366247192923337,0.11658491789074255,0.04889524346689069,0.08823363040107735,0.0,0.07626605908329928,0.0,0.03637555714190434,0.01832032921642644,0.1059889616259065,0.0,0.0,0.01576670290355449,0.03424134558336097
spot_0980,0.1421977183482747,0.04875350662911819,0.26451849114519305,0.1343357844719653,0.0,0.004767203527399372,0.13644928097173217,0.0,0.0059713533681928,0.12552502494932302,0.09229047335257087,0.0,0.0,0.0,0.0,0.045191163236230535
spot_0981,0.19508465789384782,0.0,0.11777713474887767,0.0,0.013366098537964827,0.2268356687281244,0.11326918962342618,0.1679364861190156,0.0867669168610622,0.07374691884001815,0.0,0.0,0.0,0.0,0.005216928647663194,0.0
spot_0982,0.060992815699173406,0.20803377536588824,0.2117410742795522,0.0,0.0,0.020147235744204534,0.0,0.19124705002373482,0.1292515148141113,0.10366541163058503,0.0,0.0,0.033764971577791784,0.0,0.0,0.04115615086495888
spot_0983,0.12281529896702637,0.22482865982679306,0.26024598509804786,0.07706667941032318,0.17907568788126013,0.0,0.0,0.007292589182419687,0.0,0.0,0.002926084713388845,0.015704746858745598,0.10992151470067107,0.0,0.0,0.0001227533613240078
spot_0984,0.06547904735418042,0.13195554555573832,0.16794957984134873,0.18119767525750063,0.13574332066002612,0.0,0.0184012854696075,0.0754991458598124,0.07492172969644198,0.04442756317747837,0.0,0.043664919907249654,0.060760187220615866,0.0,0.0,0.0
spot_0985,0.37869493965638906,0.07394383842954304,0.020357026429705834,0.11558712455469641,0.16658612004984527,0.04249785731271788,0.03751601889198115,0.0,0.0022720980498934754,0.061965175863823684,0.007892824952155816,0.03711017043357994,0.046778467904381386,0.0,0.0,0.008798337471287028
spot_0986,0.02525132694475116,0.14335640815248632,0.05919800192484097,0.0,0.270305025357914,0.12785349502094465,0.0,0.0,0.1630377591861796,0.1368082778822383,0.04512322108838336,0.007332689415750468,0.0,0.021733795026511103,0.0,0.0
spot_0987,0.37260383899822946,0.0,0.005448613883439589,0.19151833397676793,0.3231446290150635,0.0,0.0,0.0,0.0,0.0,0.0,0.04275645162952708,0.06452813249697247,0.0,0.0,0.0
spot_0988,0.3677973130296983,0.16037912478663807,0.0,0.2748175091307759,0.0,0.0,0.0,0.0,0.0,0.0,0.0,0.10030140574046686,0.06718011517478993,0.014701146310806532,0.00025464243831404567,0.014568743388510295
spot_0989,0.19947231624857778,0.4953139865994571,0.07138030252838103,0.0,0.07456931707058197,0.0,0.0,0.0,0.004341324787533256,0.03322432389785003,0.0,0.07704445486599269,0.0,0.0,0.0,0.044653974001626226
spot_0990,0.22725216496894782,0.44096041109649753,0.04988184310419392,0.0,0.0,0.0032541172034013105,0.1778564863406418,0.0,0.002194953194667447,0.09860002409165017,0.0,0.0,0.0,0.0,0.0,0.0
spot_0991,0.8241962302250374,0.0,0.0,0.0,0.0,0.0,0.0,0.0,0.0,0.0,0.006419164416545584,0.169384605358417,0.0,0.0,0.0,0.0
spot_0992,0.14911755764005163,0.0,0.010678795640307444,0.3241612909530604,0.0897263580464179,0.0,0.03473484716495161,0.01845870849947549,0.01211278338916877,0.09639292996488685,0.009048093558771304,0.14765349267097355,0.0,0.05371206852778078,0.030063358429789404,0.02413971551436482
spot_0993,0.1466718970057569,0.10767833190973525,0.27003661715296895,0.08859527722082694,0.03419972800098012,0.027488748193865285,0.0,0.0,0.03419443626544918,0.16070514666276234,0.0076593467652773875,0.0,0.0,0.0736638068801242,0.030349532091493315,0.018757131850760153
spot_0994,0.5669239503797825,0.04480863476111324,0.008562304439672302,0.27430973517558455,0.09960167793662347,0.0,0.0,0.00579369730722383,0.0,0.0,0.0,0.0,0.0,0.0,0.0,0.0
spot_0995,0.22417327330933254,0.14865604604705185,0.02679896589599892,0.0,0.0,0.06852200891058323,0.07172471257498417,0.06186863372728999,0.129375133014708,0.05792917076480745,0.0,0.2109520557552439,0.0,0.0,0.0,0.0
spot_0996,0.3094572004750903,0.06301357883130165,0.14849266666727137,0.20500637381002934,0.031646399426730615,0.0,0.09386185606227601,0.0,0.009991323956983652,0.0,0.06354318672822726,0.0043050017477494415,0.0,0.011951135599546008,0.05873127669479446,0.0
spot_0997,0.6122378867566151,0.04863333965893765,0.0,0.23960359024513916,0.0,0.0,0.0,0.0,0.0,0.006857449923650903,0.048327814041663884,0.0,0.044339919373993265,0.0,0.0,0.0
spot_0998,0.13153955290979763,0.03248773967329275,0.15810035247338045,0.0,0.047472725294029815,0.07084189447525917,0.0,0.35238818972090713,0.0,0.0,0.10829619454732758,0.06627463750636202,0.0,0.030170181676838895,0.002428531722804444,0.0
spot_0999,0.14499701015013822,0.16982119881229082,0.10852733706105205,0.1263613717711424,0.11810853822965203,0.035715679073262466,0.0,0.035203167929884524,0.07650109716342697,0.0,0.07537087478864607,0.03038962748515216,0.02710879560665985,0.026184168980196463,0.015916785209271735,0.009794347739224423
spot_1000,0.5176082274785879,0.1894528850548654,0.0,0.06414391689754378,0.07682164673733412,0.0,0.0,0.0,0.0,0.0,0.12763054266760657,0.0,0.02064494451616165,0.0036978366479003535,0.0,0.0
spot_1001,0.41833171135891417,0.011299110251896676,0.1345451202208082,0.0,0.08463308299855594,0.19390695882120698,0.0,0.0,0.0,0.0,0.0,0.02530748756494175,0.10697616480828608,0.02098250331788374,0.0,0.004017860657506513
spot_1002,0.025884303997120307,0.07819778339142242,0.2954672310275298,0.04106155429569559,0.11438360304379319,0.1398196406843679,0.10584151104389927,0.0,0.0,0.0,0.08268689827993886,0.07119871753549839,0.0,0.0,0.0454587567007343,0.0
spot_1003,0.3088172201439297,0.0,0.15253359489818788,0.11773341774729522,0.055635438274447856,0.001180272935186262,0.0,0.018239557564028917,0.0,0.0,0.10361593235130785,0.030451428655951598,0.0,0.0,0.09943109024576158,0.1123620471839031
spot_1004,0.38362022063277446,0.05679797204005976,0.17508198492519594,0.10344600713635885,0.0,0.0,0.1895203270358942,0.050894018641853465,0.0,0.016006072422758217,0.0,0.0,0.018730477872138423,0.0,0.00212843119033405,0.0037744881026326093
spot_1005,0.24678163754387103,0.09472070940637388,0.1975856370122399,0.24135082926800647,0.0033146105059698597,0.05169676243466436,0.08764823564596233,0.0,0.0,0.05469849607778842,0.0,0.0,0.017685590289028174,0.0,0.0,0.004517491816095617
spot_1006,0.15407832866652038,0.05839684587388132,0.17493393941580607,0.23798271891243636,0.16818157352885565,0.0,0.0,0.0,0.05279190894235866,0.08497442293639539,0.0,0.017888698397079184,0.050771563326666845,0.0,0.0,0.0
spot_1007,0.2329284290293492,0.040902504012015,0.07966624964484309,0.05255851975157655,0.28677271016591704,0.0,0.005304203827783879,0.0650332379865171,0.0,0.0,0.0,0.16985673599306056,0.054219761855438496,0.0,0.010834322603879523,0.0019233251296194847
spot_1008,0.2300919893233113,0.2724062284320461,0.035897318028889125,0.3012730143590778,0.05911295592248309,0.06467111171352775,0.001565266691262074,0.005254951886053922,0.0,0.0,0.013587962741755217,0.012729736171468801,0.0,0.0,0.0034094647301245876,0.0
spot_1009,0.46302900822957765,0.244040390601321,0.0,0.0,0.0,0.07827913925525462,0.08885265216599528,0.02892975992802733,0.0034778526327333497,0.0,0.0,0.0,0.0,0.0,0.09339119718709085,0.0
spot_1010,0.38058892123340726,0.05447509183449844,0.0,0.051858929522969305,0.0,0.05147987224046198,0.28384317077067706,0.06952208024284712,0.0,0.0,0.0,0.0,0.10823193415513882,0.0,0.0,0.0
spot_1011,0.40069341456483426,0.0,0.10675168710203434,0.17768607330249184,0.13920878755438804,0.0,0.0,0.0,0.0,0.0,0.10110948809059057,0.026286684476159394,0.003367000832808301,0.0,0.0448968640766933,0.0
spot_1012,0.1428633204481755,0.2621234203177842,0.136162890336104,0.11363282827917275,0.13528103206287168,0.025813181074463856,0.0,0.04837218697295347,0.0,0.0012326525962864266,0.0,0.0489268365902134,0.08559165132197477,0.0,0.0,0.0
spot_1013,0.32610869875391957,0.29254350628543896,0.0,0.22665994663148775,0.0,0.0,0.0,0.008570841674383914,0.0,0.009060800457379949,0.0012473333138778863,0.0,0.12959036341109523,0.0,0.0,0.006218509472416926
spot_1014,0.14590726814738,0.25380561862802586,0.14705736488437882,0.029580498197876153,0.04843264181977773,0.0782105088044492,0.03751511926638489,0.06294532039691432,0.0,0.061433142185603015,0.007986623514077714,0.004135774760847341,0.0,0.051686146762010075,0.0713039726322748,0.0
spot_1015,0.10102644235799986,0.12479388308443984,0.3196959256907915,0.21032890049969494,0.07484799420207143,0.0,0.030034156989649747,0.03651539006363897,0.008060349434187958,0.0,0.03899800287595167,0.0023317426216988043,0.04546850570054751,0.0,0.0023220940139600413,0.005576612465367673
spot_1016,0.23415676923350495,0.16317367246431125,0.07578236375009766,0.25236486044316253,0.054946071306131154,0.04257623457191794,0.016145950491402918,0.01393215146645671,0.0,0.0,0.08288448055819356,0.027516622090739726,0.011263461883880069,0.015659041809103918,0.009598319931097563,0.0
spot_1017,0.27706530128418505,0.09268688241924461,0.10897505323274805,0.052255602266264904,0.10096422599627076,0.0,0.0,0.1406859222529944,0.0,0.0,0.0011309054957847648,0.06392846528302866,0.10477374338122768,0.05753389838825115,0.0,0.0
spot_1018,0.46200204537317047,0.13401343582270123,0.0,0.003687463672390554,0.09686238812925567,0.10062438329648092,0.0,0.0,0.0,0.015245609944358153,0.0795569529339079,0.05113294700959179,0.05687477381814336,0.0,0.0,0.0
spot_1019,0.25239688675090655,0.10060143322530103,0.15546013598967473,0.03034627760322042,0.08923191947739495,0.14082462071403906,0.024245251905535697,0.0,0.07303481173918114,0.00033932755926718687,0.05766925459700275,0.06608886817767873,0.0,0.0,0.009761212260797908,0.0
spot_1020,0.24228507922814205,0.10445927105413529,0.38096855458251144,0.12603744077087556,0.0,0.0009065357405214894,0.0,0.0,0.01060906004705632,0.0,0.00013518800455360438,0.013017466442681917,0.03679936348944635,0.0,0.08478204064007615,0.0
spot_1021,0.20348741972955425,0.18023784005799387,0.09302959558075814,0.0895380682620536,0.14028942815820275,0.0,0.0,0.15421828412636082,0.0,0.0,0.0960766662166775,0.00892067287916557,0.0,8.965155654875119e-05,0.0341123734326846,0.0
spot_1022,0.0,0.07842683311798569,0.22185316274854464,0.0,0.041676214098636845,0.0010364923024078162,0.13485532711872336,0.09003743399102351,0.014208958020464497,0.11656089630218941,0.0,0.0,0.22453446649698736,0.008181784415515845,0.02988275993587493,0.03874567145164615
spot_1023,0.18994332356325405,0.0,0.08789585532197078,0.1584016622874142,0.10917519981334217,0.0,0.019277386473433824,0.11891778232763281,0.0,0.0036996381293876394,0.16638378317973612,0.03583865413227597,0.0,0.03082740420923073,0.0796393105623219,0.0
