restart_index,selected,step,count_log_likelihood,shape_log_likelihood,abundance_log_prior,total_log_objective
0,True,0,-6399973.1875,-6772461.921875,-35838.087158203125,-13208273.196533203
0,True,1,-6388183.484375,-6772437.125,-35985.338134765625,-13196605.947509766
0,True,2,-6382754.1171875,-6772353.8203125,-36109.330810546875,-13191217.268310547
0,True,3,-6380467.6796875,-6772238.1328125,-36208.639404296875,-13188914.451904297
0,True,4,-6379209.7265625,-6772108.21875,-36284.738037109375,-13187602.68334961
0,True,5,-6378103.5390625,-6771974.015625,-36339.437255859375,-13186416.99194336
0,True,6,-6376945.9296875,-6771839.8828125,-36375.23876953125,-13185161.051269531
0,True,7,-6375789.2421875,-6771707.1328125,-36395.338134765625,-13183891.713134766
0,True,8,-6374713.1171875,-6771575.921875,-36403.172119140625,-13182692.21118164
0,True,9,-6373742.5078125,-6771446.2578125,-36402.09912109375,-13181590.864746094
0,True,10,-6372857.734375,-6771318.0546875,-36395.158447265625,-13180570.947509766
0,True,11,-6372035.28125,-6771191.234375,-36384.8212890625,-13179611.336914062
0,True,12,-6371266.6328125,-6771065.421875,-36372.861572265625,-13178704.916259766
0,True,13,-6370552.3515625,-6770940.640625,-36360.371337890625,-13177853.36352539
0,True,14,-6369892.1953125,-6770816.8046875,-36347.901611328125,-13177056.901611328
0,True,15,-6369282.015625,-6770693.84375,-36335.623291015625,-13176311.482666016
0,True,16,-6368715.0859375,-6770571.6796875,-36323.457275390625,-13175610.22290039
0,True,17,-6368184.4453125,-6770450.546875,-36311.188720703125,-13174946.180908203
0,True,18,-6367683.25,-6770330.7734375,-36298.549072265625,-13174312.572509766
0,True,19,-6367205.6484375,-6770212.6171875,-36285.27197265625,-13173703.537597656
0,True,20,-6366748.4453125,-6770096.328125,-36271.11767578125,-13173115.891113281
0,True,21,-6366311.9140625,-6769982.3125,-36255.884765625,-13172550.111328125
0,True,22,-6365898.171875,-6769870.53125,-36239.416259765625,-13172008.119384766
0,True,23,-6365508.140625,-6769761.1875,-36221.621826171875,-13171490.949951172
0,True,24,-6365140.2890625,-6769654.4921875,-36202.4892578125,-13170997.270507812
0,True,25,-6364792.640625,-6769550.2109375,-36182.085693359375,-13170524.93725586
0,True,26,-6364464.5,-6769448.3671875,-36160.546875,-13170073.4140625
0,True,27,-6364155.8046875,-6769348.65625,-36138.03955078125,-13169642.500488281
0,True,28,-6363865.71875,-6769250.625,-36114.724609375,-13169231.068359375
0,True,29,-6363592.375,-6769154.2578125,-36090.72216796875,-13168837.354980469
0,True,30,-6363333.46875,-6769059.25,-36066.099365234375,-13168458.818115234
0,True,31,-6363087.1796875,-6768965.53125,-36040.8583984375,-13168093.569335938
0,True,32,-6362852.515625,-6768873.0625,-36014.966796875,-13167740.544921875
0,True,33,-6362629.4609375,-6768781.9140625,-35988.39111328125,-13167399.766113281
0,True,34,-6362418.4296875,-6768692.09375,-35961.13427734375,-13167071.657714844
0,True,35,-6362220.015625,-6768603.828125,-35933.250244140625,-13166757.09399414
0,True,36,-6362033.921875,-6768517.1171875,-35904.8486328125,-13166455.887695312
0,True,37,-6361858.203125,-6768431.96875,-35876.068359375,-13166166.240234375
0,True,38,-6361690.4453125,-6768348.546875,-35847.05224609375,-13165886.044433594
0,True,39,-6361529.5234375,-6768266.859375,-35817.93798828125,-13165614.320800781
0,True,40,-6361375.109375,-6768186.78125,-35788.84619140625,-13165350.736816406
0,True,41,-6361227.8125,-6768108.46875,-35759.874267578125,-13165096.155517578
0,True,42,-6361088.0703125,-6768031.796875,-35731.10693359375,-13164850.974121094
0,True,43,-6360955.1328125,-6767956.6015625,-35702.61279296875,-13164614.347167969
0,True,44,-6360828.3046875,-6767882.8046875,-35674.446533203125,-13164385.555908203
0,True,45,-6360706.9609375,-6767810.3984375,-35646.640625,-13164164.0
0,True,46,-6360591.4765625,-6767739.0390625,-35619.203125,-13163949.71875
0,True,47,-6360481.890625,-6767668.7734375,-35592.128173828125,-13163742.792236328
0,True,48,-6360377.8828125,-6767599.515625,-35565.41064453125,-13163542.809082031
0,True,49,-6360278.828125,-6767531.328125,-35539.064697265625,-13163349.220947266
0,True,50,-6360184.015625,-6767464.1796875,-35513.12109375,-13163161.31640625
0,True,51,-6360093.140625,-6767398.171875,-35487.62890625,-13162978.94140625
0,True,52,-6360005.859375,-6767333.3671875,-35462.646484375,-13162801.873046875
0,True,53,-6359921.796875,-6767269.703125,-35438.240478515625,-13162629.740478516
0,True,54,-6359840.90625,-6767207.1953125,-35414.473388671875,-13162462.574951172
0,True,55,-6359763.421875,-6767145.9765625,-35391.39404296875,-13162300.792480469
0,True,56,-6359689.40625,-6767085.890625,-35369.041015625,-13162144.337890625
0,True,57,-6359618.6484375,-6767027.0078125,-35347.447998046875,-13161993.104248047
0,True,58,-6359550.5,-6766969.3203125,-35326.651123046875,-13161846.471435547
0,True,59,-6359484.7578125,-6766912.7578125,-35306.68798828125,-13161704.203613281
0,True,60,-6359421.265625,-6766857.3515625,-35287.58251953125,-13161566.199707031
0,True,61,-6359359.8359375,-6766802.984375,-35269.352294921875,-13161432.172607422
0,True,62,-6359300.8515625,-6766749.640625,-35251.997802734375,-13161302.489990234
0,True,63,-6359244.2578125,-6766697.484375,-35235.503662109375,-13161177.24584961
0,True,64,-6359189.765625,-6766646.3125,-35219.848388671875,-13161055.926513672
0,True,65,-6359137.3671875,-6766596.0703125,-35205.010498046875,-13160938.447998047
0,True,66,-6359086.703125,-6766546.9453125,-35190.974609375,-13160824.623046875
0,True,67,-6359038.0234375,-6766498.7421875,-35177.737548828125,-13160714.503173828
0,True,68,-6358991.2421875,-6766451.5390625,-35165.311767578125,-13160608.093017578
0,True,69,-6358946.328125,-6766405.34375,-35153.7119140625,-13160505.383789062
0,True,70,-6358903.1015625,-6766360.1171875,-35142.9521484375,-13160406.170898438
0,True,71,-6358861.6640625,-6766315.8828125,-35133.044189453125,-13160310.591064453
0,True,72,-6358821.625,-6766272.8046875,-35123.989013671875,-13160218.418701172
0,True,73,-6358782.921875,-6766230.765625,-35115.776611328125,-13160129.464111328
0,True,74,-6358745.6015625,-6766189.875,-35108.389892578125,-13160043.866455078
0,True,75,-6358709.46875,-6766150.0,-35101.80322265625,-13159961.271972656
0,True,76,-6358674.6484375,-6766111.2109375,-35095.986328125,-13159881.845703125
0,True,77,-6358641.109375,-6766073.4296875,-35090.90380859375,-13159805.442871094
0,True,78,-6358608.75,-6766036.765625,-35086.521240234375,-13159732.036865234
0,True,79,-6358577.5546875,-6766001.1015625,-35082.8017578125,-13159661.458007812
0,True,80,-6358547.5546875,-6765966.640625,-35079.716064453125,-13159593.911376953
0,True,81,-6358518.4765625,-6765933.2109375,-35077.23681640625,-13159528.924316406
0,True,82,-6358490.4765625,-6765900.9375,-35075.341796875,-13159466.755859375
0,True,83,-6358463.3671875,-6765869.6875,-35074.0146484375,-13159407.069335938
0,True,84,-6358437.1484375,-6765839.625,-35073.234619140625,-13159350.00805664
0,True,85,-6358411.9296875,-6765810.6875,-35072.983154296875,-13159295.600341797
0,True,86,-6358387.6640625,-6765782.6640625,-35073.239013671875,-13159243.567138672
0,True,87,-6358364.2578125,-6765755.6328125,-35073.9697265625,-13159193.860351562
0,True,88,-6358341.78125,-6765729.6171875,-35075.144775390625,-13159146.54321289
0,True,89,-6358320.09375,-6765704.5234375,-35076.7333984375,-13159101.350585938
0,True,90,-6358299.21875,-6765680.4921875,-35078.71630859375,-13159058.427246094
0,True,91,-6358278.9296875,-6765657.3828125,-35081.07421875,-13159017.38671875
0,True,92,-6358259.1796875,-6765635.34375,-35083.791259765625,-13158978.314697266
0,True,93,-6358240.1484375,-6765614.2265625,-35086.8447265625,-13158941.219726562
0,True,94,-6358221.5859375,-6765594.0390625,-35090.207275390625,-13158905.83227539
0,True,95,-6358203.546875,-6765574.84375,-35093.842041015625,-13158872.232666016
0,True,96,-6358186.03125,-6765556.3828125,-35097.707763671875,-13158840.121826172
0,True,97,-6358169.0703125,-6765538.890625,-35101.76171875,-13158809.72265625
0,True,98,-6358152.53125,-6765522.09375,-35105.971923828125,-13158780.596923828
0,True,99,-6358136.5625,-6765505.9609375,-35110.308837890625,-13158752.83227539
0,True,100,-6358121.0390625,-6765490.5859375,-35114.752685546875,-13158726.377685547
0,True,101,-6358106.0234375,-6765475.984375,-35119.287841796875,-13158701.295654297
0,True,102,-6358091.359375,-6765461.9453125,-35123.90478515625,-13158677.209472656
0,True,103,-6358077.046875,-6765448.6640625,-35128.591796875,-13158654.302734375
0,True,104,-6358063.015625,-6765435.9609375,-35133.343994140625,-13158632.32055664
0,True,105,-6358049.3125,-6765423.796875,-35138.15576171875,-13158611.265136719
0,True,106,-6358035.8671875,-6765412.3046875,-35143.015869140625,-13158591.18774414
0,True,107,-6358022.703125,-6765401.3046875,-35147.912353515625,-13158571.920166016
0,True,108,-6358009.8125,-6765390.7734375,-35152.828857421875,-13158553.414794922
0,True,109,-6357997.125,-6765380.7421875,-35157.751953125,-13158535.619140625
0,True,110,-6357984.7890625,-6765371.1953125,-35162.672607421875,-13158518.656982422
0,True,111,-6357972.6171875,-6765362.0390625,-35167.581787109375,-13158502.23803711
0,True,112,-6357960.765625,-6765353.3359375,-35172.47900390625,-13158486.580566406
0,True,113,-6357949.0625,-6765344.984375,-35177.36083984375,-13158471.407714844
0,True,114,-6357937.6640625,-6765336.9375,-35182.227294921875,-13158456.828857422
0,True,115,-6357926.46875,-6765329.3359375,-35187.075927734375,-13158442.880615234
0,True,116,-6357915.5390625,-6765322.0234375,-35191.900146484375,-13158429.462646484
0,True,117,-6357904.78125,-6765315.0,-35196.69580078125,-13158416.477050781
0,True,118,-6357894.21875,-6765308.203125,-35201.45703125,-13158403.87890625
0,True,119,-6357884.03125,-6765301.765625,-35206.17724609375,-13158391.974121094
0,True,120,-6357873.8984375,-6765295.5078125,-35210.85107421875,-13158380.257324219
0,True,121,-6357864.0546875,-6765289.53125,-35215.470703125,-13158369.056640625
0,True,122,-6357854.4140625,-6765283.8515625,-35220.03515625,-13158358.30078125
0,True,123,-6357845.0,-6765278.234375,-35224.545166015625,-13158347.779541016
0,True,124,-6357835.7265625,-6765272.828125,-35229.00537109375,-13158337.560058594
0,True,125,-6357826.6953125,-6765267.75,-35233.42138671875,-13158327.866699219
0,True,126,-6357817.8828125,-6765262.734375,-35237.797607421875,-13158318.414794922
0,True,127,-6357809.3046875,-6765257.953125,-35242.131591796875,-13158309.389404297
0,True,128,-6357800.84375,-6765253.28125,-35246.42138671875,-13158300.546386719
0,True,129,-6357792.609375,-6765248.734375,-35250.6640625,-13158292.0078125
0,True,130,-6357784.578125,-6765244.359375,-35254.8544921875,-13158283.791992188
0,True,131,-6357776.6796875,-6765240.0625,-35258.99365234375,-13158275.735839844
0,True,132,-6357768.890625,-6765235.90625,-35263.08642578125,-13158267.883300781
0,True,133,-6357761.390625,-6765231.9140625,-35267.13525390625,-13158260.439941406
0,True,134,-6357753.953125,-6765227.9140625,-35271.14306640625,-13158253.010253906
0,True,135,-6357746.734375,-6765224.0625,-35275.11572265625,-13158245.912597656
0,True,136,-6357739.6015625,-6765220.4375,-35279.051025390625,-13158239.09008789
0,True,137,-6357732.6484375,-6765216.734375,-35282.946533203125,-13158232.329345703
0,True,138,-6357725.8203125,-6765213.3046875,-35286.80078125,-13158225.92578125
0,True,139,-6357719.1953125,-6765209.7421875,-35290.61279296875,-13158219.550292969
0,True,140,-6357712.65625,-6765206.34375,-35294.380126953125,-13158213.380126953
0,True,141,-6357706.2890625,-6765203.1015625,-35298.102294921875,-13158207.492919922
0,True,142,-6357700.0078125,-6765199.828125,-35301.782958984375,-13158201.618896484
0,True,143,-6357693.875,-6765196.7109375,-35305.423583984375,-13158196.009521484
0,True,144,-6357687.8125,-6765193.5703125,-35309.02587890625,-13158190.408691406
0,True,145,-6357681.96875,-6765190.6328125,-35312.591552734375,-13158185.193115234
0,True,146,-6357676.109375,-6765187.734375,-35316.1201171875,-13158179.963867188
0,True,147,-6357670.453125,-6765184.828125,-35319.611083984375,-13158174.892333984
0,True,148,-6357664.84375,-6765182.03125,-35323.064453125,-13158169.939453125
0,True,149,-6357659.3828125,-6765179.390625,-35326.482421875,-13158165.255859375
0,True,150,-6357653.9453125,-6765176.671875,-35329.861328125,-13158160.478515625
0,True,151,-6357648.625,-6765174.109375,-35333.202880859375,-13158155.93725586
0,True,152,-6357643.40625,-6765171.515625,-35336.506103515625,-13158151.427978516
0,True,153,-6357638.3203125,-6765169.1015625,-35339.769287109375,-13158147.19116211
0,True,154,-6357633.265625,-6765166.765625,-35342.992919921875,-13158143.024169922
0,True,155,-6357628.296875,-6765164.3203125,-35346.1796875,-13158138.796875
0,True,156,-6357623.4609375,-6765162.015625,-35349.327880859375,-13158134.80444336
0,True,157,-6357618.6484375,-6765159.7265625,-35352.439697265625,-13158130.814697266
0,True,158,-6357613.9765625,-6765157.5625,-35355.512451171875,-13158127.051513672
0,True,159,-6357609.3359375,-6765155.453125,-35358.54833984375,-13158123.337402344
0,True,160,-6357604.7734375,-6765153.296875,-35361.549072265625,-13158119.619384766
0,True,161,-6357600.3359375,-6765151.21875,-35364.51318359375,-13158116.067871094
0,True,162,-6357595.9375,-6765149.296875,-35367.441162109375,-13158112.67553711
0,True,163,-6357591.5859375,-6765147.3671875,-35370.333251953125,-13158109.286376953
0,True,164,-6357587.3125,-6765145.375,-35373.190185546875,-13158105.877685547
0,True,165,-6357583.1328125,-6765143.5,-35376.0126953125,-13158102.645507812
0,True,166,-6357579.0390625,-6765141.7109375,-35378.7998046875,-13158099.549804688
0,True,167,-6357574.9609375,-6765139.875,-35381.55224609375,-13158096.388183594
0,True,168,-6357571.0,-6765138.1640625,-35384.271728515625,-13158093.435791016
0,True,169,-6357567.109375,-6765136.4296875,-35386.9580078125,-13158090.497070312
0,True,170,-6357563.21875,-6765134.7734375,-35389.609375,-13158087.6015625
0,True,171,-6357559.390625,-6765133.0859375,-35392.229736328125,-13158084.706298828
0,True,172,-6357555.6796875,-6765131.5078125,-35394.81494140625,-13158082.002441406
0,True,173,-6357552.015625,-6765129.9921875,-35397.371337890625,-13158079.37915039
0,True,174,-6357548.421875,-6765128.3203125,-35399.89404296875,-13158076.636230469
0,True,175,-6357544.796875,-6765126.8671875,-35402.385498046875,-13158074.049560547
0,True,176,-6357541.296875,-6765125.421875,-35404.846435546875,-13158071.565185547
0,True,177,-6357537.8359375,-6765123.921875,-35407.276611328125,-13158069.034423828
0,True,178,-6357534.453125,-6765122.4765625,-35409.676025390625,-13158066.60571289
0,True,179,-6357531.125,-6765121.1015625,-35412.0458984375,-13158064.272460938
0,True,180,-6357527.75,-6765119.796875,-35414.3857421875,-13158061.932617188
0,True,181,-6357524.5390625,-6765118.421875,-35416.6962890625,-13158059.657226562
0,True,182,-6357521.4140625,-6765117.0625,-35418.97705078125,-13158057.453613281
0,True,183,-6357518.1953125,-6765115.84375,-35421.22998046875,-13158055.269042969
0,True,184,-6357515.0859375,-6765114.5703125,-35423.454345703125,-13158053.110595703
0,True,185,-6357512.0,-6765113.3046875,-35425.651123046875,-13158050.955810547
0,True,186,-6357509.03125,-6765112.0859375,-35427.820556640625,-13158048.93774414
0,True,187,-6357506.078125,-6765110.9296875,-35429.962646484375,-13158046.970458984
0,True,188,-6357503.171875,-6765109.796875,-35432.078125,-13158045.046875
0,True,189,-6357500.265625,-6765108.59375,-35434.165771484375,-13158043.025146484
0,True,190,-6357497.4453125,-6765107.484375,-35436.227783203125,-13158041.157470703
0,True,191,-6357494.734375,-6765106.3828125,-35438.265625,-13158039.3828125
0,True,192,-6357491.9453125,-6765105.3515625,-35440.27587890625,-13158037.572753906
0,True,193,-6357489.171875,-6765104.28125,-35442.26318359375,-13158035.716308594
0,True,194,-6357486.546875,-6765103.265625,-35444.224365234375,-13158034.036865234
0,True,195,-6357483.9453125,-6765102.203125,-35446.16162109375,-13158032.310058594
0,True,196,-6357481.3515625,-6765101.203125,-35448.07568359375,-13158030.630371094
0,True,197,-6357478.8125,-6765100.1875,-35449.96484375,-13158028.96484375
0,True,198,-6357476.25,-6765099.2890625,-35451.831298828125,-13158027.370361328
0,True,199,-6357473.7734375,-6765098.3359375,-35453.673828125,-13158025.783203125
0,True,200,-6357471.3046875,-6765097.359375,-35455.49365234375,-13158024.157714844
0,True,201,-6357468.921875,-6765096.5234375,-35457.2919921875,-13158022.737304688
0,True,202,-6357466.5703125,-6765095.6640625,-35459.06640625,-13158021.30078125
0,True,203,-6357464.2265625,-6765094.734375,-35460.81982421875,-13158019.780761719
0,True,204,-6357461.8671875,-6765093.859375,-35462.550537109375,-13158018.27709961
0,True,205,-6357459.578125,-6765093.0390625,-35464.260986328125,-13158016.878173828
0,True,206,-6357457.40625,-6765092.1875,-35465.94970703125,-13158015.543457031
0,True,207,-6357455.2109375,-6765091.328125,-35467.619140625,-13158014.158203125
0,True,208,-6357453.0078125,-6765090.5,-35469.265869140625,-13158012.77368164
0,True,209,-6357450.8984375,-6765089.734375,-35470.892822265625,-13158011.525634766
0,True,210,-6357448.765625,-6765088.9921875,-35472.5,-13158010.2578125
0,True,211,-6357446.640625,-6765088.21875,-35474.086669921875,-13158008.946044922
0,True,212,-6357444.6171875,-6765087.546875,-35475.65380859375,-13158007.817871094
0,True,213,-6357442.5390625,-6765086.734375,-35477.20166015625,-13158006.475097656
0,True,214,-6357440.5703125,-6765086.03125,-35478.72998046875,-13158005.331542969
0,True,215,-6357438.640625,-6765085.2265625,-35480.23974609375,-13158004.106933594
0,True,216,-6357436.703125,-6765084.6015625,-35481.732177734375,-13158003.036865234
0,True,217,-6357434.671875,-6765083.8984375,-35483.205078125,-13158001.775390625
0,True,218,-6357432.84375,-6765083.234375,-35484.658935546875,-13158000.737060547
0,True,219,-6357430.9375,-6765082.5625,-35486.095947265625,-13157999.595947266
0,True,220,-6357429.0625,-6765081.8984375,-35487.51513671875,-13157998.476074219
0,True,221,-6357427.3828125,-6765081.28125,-35488.91748046875,-13157997.581542969
0,True,222,-6357425.5078125,-6765080.640625,-35490.30224609375,-13157996.450683594
0,True,223,-6357423.734375,-6765080.0078125,-35491.67041015625,-13157995.412597656
0,True,224,-6357422.0390625,-6765079.4140625,-35493.02099609375,-13157994.474121094
0,True,225,-6357420.34375,-6765078.7890625,-35494.357177734375,-13157993.489990234
0,True,226,-6357418.609375,-6765078.21875,-35495.6748046875,-13157992.502929688
0,True,227,-6357416.9296875,-6765077.6171875,-35496.9775390625,-13157991.524414062
0,True,228,-6357415.3125,-6765077.0546875,-35498.263916015625,-13157990.631103516
0,True,229,-6357413.671875,-6765076.46875,-35499.534423828125,-13157989.675048828
0,True,230,-6357412.0625,-6765075.8984375,-35500.7900390625,-13157988.750976562
0,True,231,-6357410.4453125,-6765075.3359375,-35502.030029296875,-13157987.811279297
0,True,232,-6357408.859375,-6765074.8125,-35503.25634765625,-13157986.928222656
0,True,233,-6357407.4140625,-6765074.3359375,-35504.46630859375,-13157986.216308594
0,True,234,-6357405.9140625,-6765073.75,-35505.662841796875,-13157985.326904297
0,True,235,-6357404.3359375,-6765073.2421875,-35506.843994140625,-13157984.42211914
0,True,236,-6357402.859375,-6765072.7578125,-35508.01123046875,-13157983.628417969
0,True,237,-6357401.4765625,-6765072.2109375,-35509.164306640625,-13157982.85180664
0,True,238,-6357399.984375,-6765071.796875,-35510.302734375,-13157982.083984375
0,True,239,-6357398.5078125,-6765071.2890625,-35511.428466796875,-13157981.225341797
0,True,240,-6357397.1796875,-6765070.8125,-35512.5400390625,-13157980.532226562
0,True,241,-6357395.8125,-6765070.34375,-35513.638671875,-13157979.794921875
0,True,242,-6357394.40625,-6765069.9140625,-35514.724365234375,-13157979.044677734
0,True,243,-6357393.0390625,-6765069.375,-35515.797119140625,-13157978.21118164
0,True,244,-6357391.703125,-6765069.03125,-35516.856689453125,-13157977.591064453
0,True,245,-6357390.3671875,-6765068.546875,-35517.90283203125,-13157976.816894531
0,True,246,-6357389.109375,-6765068.109375,-35518.9375,-13157976.15625
0,True,247,-6357387.84375,-6765067.6796875,-35519.958740234375,-13157975.482177734
0,True,248,-6357386.6015625,-6765067.234375,-35520.969970703125,-13157974.805908203
0,True,249,-6357385.3046875,-6765066.875,-35521.96728515625,-13157974.146972656
0,True,250,-6357384.0703125,-6765066.484375,-35522.952880859375,-13157973.50756836
0,True,251,-6357382.8515625,-6765066.1015625,-35523.927490234375,-13157972.880615234
0,True,252,-6357381.6875,-6765065.6484375,-35524.89013671875,-13157972.226074219
0,True,253,-6357380.5078125,-6765065.2421875,-35525.84130859375,-13157971.591308594
0,True,254,-6357379.3125,-6765064.8828125,-35526.78173828125,-13157970.977050781
0,True,255,-6357378.1875,-6765064.5078125,-35527.711669921875,-13157970.406982422
0,True,256,-6357377.0078125,-6765064.140625,-35528.62939453125,-13157969.777832031
0,True,257,-6357375.8984375,-6765063.7734375,-35529.5361328125,-13157969.208007812
0,True,258,-6357374.765625,-6765063.3671875,-35530.433349609375,-13157968.56616211
0,True,259,-6357373.6640625,-6765063.0234375,-35531.319091796875,-13157968.006591797
0,True,260,-6357372.6328125,-6765062.7421875,-35532.19482421875,-13157967.569824219
0,True,261,-6357371.5390625,-6765062.2890625,-35533.060302734375,-13157966.888427734
0,True,262,-6357370.4375,-6765062.0078125,-35533.915283203125,-13157966.360595703
0,True,263,-6357369.3359375,-6765061.6484375,-35534.7607421875,-13157965.745117188
0,True,264,-6357368.3671875,-6765061.3359375,-35535.595947265625,-13157965.299072266
0,True,265,-6357367.3828125,-6765060.96875,-35536.422119140625,-13157964.77368164
0,True,266,-6357366.3203125,-6765060.7109375,-35537.2392578125,-13157964.270507812
0,True,267,-6357365.375,-6765060.34375,-35538.045166015625,-13157963.763916016
0,True,268,-6357364.375,-6765060.09375,-35538.84130859375,-13157963.310058594
0,True,269,-6357363.3984375,-6765059.7421875,-35539.630126953125,-13157962.770751953
0,True,270,-6357362.4453125,-6765059.5078125,-35540.409423828125,-13157962.362548828
0,True,271,-6357361.4921875,-6765059.171875,-35541.179931640625,-13157961.84399414
0,True,272,-6357360.515625,-6765058.8984375,-35541.9404296875,-13157961.354492188
0,True,273,-6357359.640625,-6765058.546875,-35542.6923828125,-13157960.879882812
0,True,274,-6357358.7421875,-6765058.28125,-35543.436767578125,-13157960.460205078
0,True,275,-6357357.796875,-6765058.015625,-35544.171142578125,-13157959.983642578
0,True,276,-6357356.953125,-6765057.75,-35544.899169921875,-13157959.602294922
0,True,277,-6357355.984375,-6765057.4765625,-35545.615478515625,-13157959.076416016
0,True,278,-6357355.1953125,-6765057.171875,-35546.3291015625,-13157958.696289062
0,True,279,-6357354.359375,-6765056.9140625,-35547.026123046875,-13157958.299560547
0,True,280,-6357353.4296875,-6765056.7265625,-35547.72802734375,-13157957.884277344
0,True,281,-6357352.640625,-6765056.453125,-35548.402587890625,-13157957.49633789
0,True,282,-6357351.8203125,-6765056.1484375,-35549.098876953125,-13157957.067626953
0,True,283,-6357351.0078125,-6765055.890625,-35549.746337890625,-13157956.64477539
0,True,284,-6357350.21875,-6765055.6796875,-35550.4375,-13157956.3359375
0,True,285,-6357349.4609375,-6765055.40625,-35551.065185546875,-13157955.932373047
0,True,286,-6357348.5546875,-6765055.1328125,-35551.73291015625,-13157955.420410156
0,True,287,-6357347.796875,-6765054.890625,-35552.369140625,-13157955.056640625
0,True,288,-6357347.03125,-6765054.6953125,-35552.9921875,-13157954.71875
0,True,289,-6357346.3125,-6765054.4609375,-35553.638916015625,-13157954.412353516
0,True,290,-6357345.5,-6765054.265625,-35554.241943359375,-13157954.00756836
0,True,291,-6357344.7265625,-6765054.0078125,-35554.86083984375,-13157953.595214844
0,True,292,-6357344.0625,-6765053.7578125,-35555.474853515625,-13157953.295166016
0,True,293,-6357343.3203125,-6765053.6015625,-35556.05859375,-13157952.98046875
0,True,294,-6357342.546875,-6765053.3828125,-35556.662841796875,-13157952.592529297
0,True,295,-6357341.8125,-6765053.1171875,-35557.2470703125,-13157952.176757812
0,True,296,-6357341.1640625,-6765052.9296875,-35557.81787109375,-13157951.911621094
0,True,297,-6357340.4296875,-6765052.734375,-35558.4033203125,-13157951.567382812
0,True,298,-6357339.7734375,-6765052.515625,-35558.962646484375,-13157951.251708984
0,True,299,-6357339.0859375,-6765052.3515625,-35559.521240234375,-13157950.958740234
0,True,300,-6357338.421875,-6765052.0703125,-35560.08349609375,-13157950.575683594
0,True,301,-6357337.7265625,-6765051.9140625,-35560.624267578125,-13157950.264892578
0,True,302,-6357337.140625,-6765051.7109375,-35561.1689453125,-13157950.020507812
0,True,303,-6357336.4375,-6765051.5234375,-35561.709716796875,-13157949.670654297
0,True,304,-6357335.7734375,-6765051.3515625,-35562.23193359375,-13157949.356933594
0,True,305,-6357335.1875,-6765051.1875,-35562.76220703125,-13157949.137207031
0,True,306,-6357334.546875,-6765050.96875,-35563.28173828125,-13157948.797363281
0,True,307,-6357333.9453125,-6765050.75,-35563.78955078125,-13157948.484863281
0,True,308,-6357333.328125,-6765050.609375,-35564.3037109375,-13157948.241210938
0,True,309,-6357332.6953125,-6765050.3828125,-35564.80322265625,-13157947.881347656
0,True,310,-6357332.140625,-6765050.203125,-35565.297119140625,-13157947.64086914
0,True,311,-6357331.515625,-6765050.0625,-35565.7939453125,-13157947.372070312
0,True,312,-6357330.875,-6765049.9375,-35566.275146484375,-13157947.087646484
0,True,313,-6357330.328125,-6765049.7734375,-35566.755859375,-13157946.857421875
0,True,314,-6357329.8046875,-6765049.6015625,-35567.23486328125,-13157946.641113281
0,True,315,-6357329.2265625,-6765049.4375,-35567.70068359375,-13157946.364746094
0,True,316,-6357328.640625,-6765049.265625,-35568.1689453125,-13157946.075195312
0,True,317,-6357328.0625,-6765049.1484375,-35568.6298828125,-13157945.840820312
0,True,318,-6357327.53125,-6765048.96875,-35569.081298828125,-13157945.581298828
0,True,319,-6357327.03125,-6765048.8203125,-35569.5361328125,-13157945.387695312
0,True,320,-6357326.421875,-6765048.6484375,-35569.98046875,-13157945.05078125
0,True,321,-6357325.984375,-6765048.53125,-35570.420166015625,-13157944.935791016
0,True,322,-6357325.421875,-6765048.3203125,-35570.85986328125,-13157944.602050781
0,True,323,-6357324.8828125,-6765048.125,-35571.2880859375,-13157944.295898438
0,True,324,-6357324.3828125,-6765047.9921875,-35571.7158203125,-13157944.090820312
0,True,325,-6357323.8828125,-6765047.890625,-35572.139404296875,-13157943.912841797
0,True,326,-6357323.3515625,-6765047.78125,-35572.555419921875,-13157943.688232422
0,True,327,-6357322.875,-6765047.59375,-35572.970458984375,-13157943.439208984
0,True,328,-6357322.3828125,-6765047.46875,-35573.379638671875,-13157943.231201172
0,True,329,-6357321.828125,-6765047.3671875,-35573.782470703125,-13157942.977783203
0,True,330,-6357321.34375,-6765047.140625,-35574.184814453125,-13157942.669189453
0,True,331,-6357320.890625,-6765047.046875,-35574.580322265625,-13157942.517822266
0,True,332,-6357320.484375,-6765046.9140625,-35574.97265625,-13157942.37109375
0,True,333,-6357319.9921875,-6765046.765625,-35575.361328125,-13157942.119140625
0,True,334,-6357319.5625,-6765046.65625,-35575.744140625,-13157941.962890625
0,True,335,-6357319.0234375,-6765046.5,-35576.125,-13157941.6484375
0,True,336,-6357318.59375,-6765046.4296875,-35576.501220703125,-13157941.524658203
0,True,337,-6357318.1328125,-6765046.2578125,-35576.871337890625,-13157941.26196289
0,True,338,-6357317.734375,-6765046.125,-35577.241455078125,-13157941.100830078
0,True,339,-6357317.28125,-6765046.03125,-35577.60546875,-13157940.91796875
0,True,340,-6357316.828125,-6765045.9765625,-35577.96533203125,-13157940.770019531
0,True,341,-6357316.390625,-6765045.8046875,-35578.32421875,-13157940.51953125
0,True,342,-6357315.984375,-6765045.609375,-35578.674560546875,-13157940.268310547
0,True,343,-6357315.640625,-6765045.5859375,-35579.025634765625,-13157940.252197266
0,True,344,-6357315.1640625,-6765045.46875,-35579.37109375,-13157940.00390625
0,True,345,-6357314.78125,-6765045.3515625,-35579.712158203125,-13157939.844970703
0,True,346,-6357314.3359375,-6765045.203125,-35580.052734375,-13157939.591796875
0,True,347,-6357313.9609375,-6765045.109375,-35580.386474609375,-13157939.45678711
0,True,348,-6357313.515625,-6765044.9765625,-35580.718994140625,-13157939.21118164
0,True,349,-6357313.140625,-6765044.8828125,-35581.046875,-13157939.0703125
0,True,350,-6357312.8359375,-6765044.859375,-35581.37158203125,-13157939.066894531
0,True,351,-6357312.3671875,-6765044.75,-35581.694091796875,-13157938.811279297
0,True,352,-6357312.03125,-6765044.625,-35582.012451171875,-13157938.668701172
0,True,353,-6357311.609375,-6765044.5,-35582.3271484375,-13157938.436523438
0,True,354,-6357311.2265625,-6765044.390625,-35582.639404296875,-13157938.256591797
0,True,355,-6357310.890625,-6765044.2890625,-35582.94775390625,-13157938.127441406
0,True,356,-6357310.546875,-6765044.203125,-35583.253662109375,-13157938.00366211
0,True,357,-6357310.1640625,-6765044.0703125,-35583.556640625,-13157937.791015625
0,True,358,-6357309.796875,-6765044.0078125,-35583.85546875,-13157937.66015625
0,True,359,-6357309.4609375,-6765043.90625,-35584.1533203125,-13157937.520507812
0,True,360,-6357309.0859375,-6765043.8515625,-35584.44580078125,-13157937.383300781
0,True,361,-6357308.78125,-6765043.7421875,-35584.73779296875,-13157937.261230469
0,True,362,-6357308.328125,-6765043.6796875,-35585.022705078125,-13157937.030517578
0,True,363,-6357308.125,-6765043.453125,-35585.310791015625,-13157936.888916016
0,True,364,-6357307.71875,-6765043.484375,-35585.58984375,-13157936.79296875
0,True,365,-6357307.4375,-6765043.34375,-35585.869140625,-13157936.650390625
0,True,366,-6357307.0546875,-6765043.2578125,-35586.145751953125,-13157936.458251953
0,True,367,-6357306.7109375,-6765043.25,-35586.418701171875,-13157936.379638672
0,True,368,-6357306.46875,-6765043.09375,-35586.690185546875,-13157936.252685547
0,True,369,-6357306.078125,-6765043.0390625,-35586.95703125,-13157936.07421875
0,True,370,-6357305.78125,-6765042.9296875,-35587.22265625,-13157935.93359375
0,True,371,-6357305.453125,-6765042.8125,-35587.485595703125,-13157935.751220703
0,True,372,-6357305.125,-6765042.7578125,-35587.745361328125,-13157935.628173828
0,True,373,-6357304.8515625,-6765042.6171875,-35588.003173828125,-13157935.471923828
0,True,374,-6357304.515625,-6765042.6015625,-35588.258056640625,-13157935.37524414
0,True,375,-6357304.1484375,-6765042.5390625,-35588.510498046875,-13157935.197998047
0,True,376,-6357303.921875,-6765042.4140625,-35588.760498046875,-13157935.096435547
0,True,377,-6357303.6015625,-6765042.3828125,-35589.00830078125,-13157934.992675781
0,True,378,-6357303.3359375,-6765042.3203125,-35589.25244140625,-13157934.908691406
0,True,379,-6357303.0390625,-6765042.2578125,-35589.496337890625,-13157934.79321289
0,True,380,-6357302.7421875,-6765042.203125,-35589.735595703125,-13157934.680908203
0,True,381,-6357302.4609375,-6765042.0078125,-35589.973876953125,-13157934.442626953
0,True,382,-6357302.234375,-6765041.9765625,-35590.208740234375,-13157934.419677734
0,True,383,-6357301.9296875,-6765041.8984375,-35590.442626953125,-13157934.270751953
0,True,384,-6357301.6015625,-6765041.84375,-35590.672607421875,-13157934.117919922
0,True,385,-6357301.40625,-6765041.7890625,-35590.90234375,-13157934.09765625
0,True,386,-6357301.1015625,-6765041.75,-35591.12646484375,-13157933.978027344
1,False,0,-6467181.2265625,-6773135.203125,-35467.20703125,-13275783.63671875
1,False,1,-6441704.96875,-6773045.21875,-35569.7373046875,-13250319.924804688
1,False,2,-6422948.8359375,-6772944.984375,-35672.271240234375,-13231566.091552734
1,False,3,-6409630.25,-6772834.046875,-35769.84130859375,-13218234.138183594
1,False,4,-6400418.8203125,-6772715.046875,-35860.6640625,-13208994.53125
1,False,5,-6394157.4140625,-6772590.7578125,-35943.598876953125,-13202691.770751953
1,False,6,-6389920.9375,-6772463.4609375,-36017.748046875,-13198402.146484375
1,False,7,-6387010.7734375,-6772335.1484375,-36082.564453125,-13195428.486328125
1,False,8,-6384925.2265625,-6772207.21875,-36137.839111328125,-13193270.284423828
1,False,9,-6383321.2421875,-6772080.5546875,-36183.694091796875,-13191585.490966797
1,False,10,-6381978.015625,-6771955.7734375,-36220.498291015625,-13190154.287353516
1,False,11,-6380762.6796875,-6771833.3828125,-36248.805419921875,-13188844.867919922
1,False,12,-6379603.53125,-6771713.46875,-36269.3623046875,-13187586.362304688
1,False,13,-6378471.625,-6771596.0703125,-36283.037841796875,-13186350.733154297
1,False,14,-6377363.6328125,-6771481.2265625,-36290.75341796875,-13185135.612792969
1,False,15,-6376288.2734375,-6771368.6796875,-36293.438232421875,-13183950.391357422
1,False,16,-6375256.7578125,-6771258.53125,-36292.024658203125,-13182807.313720703
1,False,17,-6374279.2890625,-6771150.6015625,-36287.39697265625,-13181717.287597656
1,False,18,-6373362.203125,-6771045.015625,-36280.3447265625,-13180687.563476562
1,False,19,-6372507.734375,-6770941.7421875,-36271.52099609375,-13179720.997558594
1,False,20,-6371714.0078125,-6770841.0,-36261.457763671875,-13178816.465576172
1,False,21,-6370976.3828125,-6770742.84375,-36250.5908203125,-13177969.817382812
1,False,22,-6370289.40625,-6770647.15625,-36239.258056640625,-13177175.82055664
1,False,23,-6369648.328125,-6770553.8828125,-36227.706787109375,-13176429.91772461
1,False,24,-6369050.5234375,-6770462.5546875,-36216.1142578125,-13175729.192382812
1,False,25,-6368494.8515625,-6770373.0390625,-36204.6083984375,-13175072.499023438
1,False,26,-6367980.5078125,-6770285.109375,-36193.248291015625,-13174458.865478516
1,False,27,-6367505.46875,-6770198.7734375,-36182.01953125,-13173886.26171875
1,False,28,-6367066.1953125,-6770113.6875,-36170.85986328125,-13173350.742675781
1,False,29,-6366658.578125,-6770029.8828125,-36159.6953125,-13172848.15625
1,False,30,-6366278.2421875,-6769947.15625,-36148.426513671875,-13172373.824951172
1,False,31,-6365921.53125,-6769865.28125,-36136.940673828125,-13171923.753173828
1,False,32,-6365585.140625,-6769784.0859375,-36125.132080078125,-13171494.358642578
1,False,33,-6365266.4140625,-6769703.4453125,-36112.944091796875,-13171082.803466797
1,False,34,-6364963.40625,-6769623.3203125,-36100.346435546875,-13170687.072998047
1,False,35,-6364674.4609375,-6769543.6328125,-36087.33544921875,-13170305.429199219
1,False,36,-6364398.578125,-6769464.25,-36073.93310546875,-13169936.761230469
1,False,37,-6364135.109375,-6769385.453125,-36060.170654296875,-13169580.733154297
1,False,38,-6363884.03125,-6769307.1796875,-36046.069580078125,-13169237.280517578
1,False,39,-6363645.4375,-6769229.6953125,-36031.64501953125,-13168906.777832031
1,False,40,-6363418.8125,-6769153.0859375,-36016.919921875,-13168588.818359375
1,False,41,-6363203.7265625,-6769077.5234375,-36001.91259765625,-13168283.162597656
1,False,42,-6362999.6796875,-6769003.09375,-35986.6201171875,-13167989.393554688
1,False,43,-6362806.265625,-6768930.0078125,-35971.055419921875,-13167707.328857422
1,False,44,-6362623.265625,-6768858.1171875,-35955.23388671875,-13167436.616699219
1,False,45,-6362450.0546875,-6768787.609375,-35939.177734375,-13167176.841796875
1,False,46,-6362285.7734375,-6768718.296875,-35922.923828125,-13166926.994140625
1,False,47,-6362128.8984375,-6768650.2578125,-35906.5322265625,-13166685.688476562
1,False,48,-6361977.953125,-6768583.3515625,-35890.057861328125,-13166451.362548828
1,False,49,-6361832.0703125,-6768517.46875,-35873.54345703125,-13166223.082519531
1,False,50,-6361690.515625,-6768452.65625,-35857.02490234375,-13166000.196777344
1,False,51,-6361553.5390625,-6768388.875,-35840.518310546875,-13165782.932373047
1,False,52,-6361421.5390625,-6768325.9609375,-35824.0185546875,-13165571.518554688
1,False,53,-6361294.9140625,-6768263.984375,-35807.53271484375,-13165366.431152344
1,False,54,-6361173.9609375,-6768202.859375,-35791.089111328125,-13165167.909423828
1,False,55,-6361058.484375,-6768142.4609375,-35774.730224609375,-13164975.67553711
1,False,56,-6360948.234375,-6768083.1484375,-35758.518310546875,-13164789.901123047
1,False,57,-6360842.671875,-6768024.5546875,-35742.51611328125,-13164609.742675781
1,False,58,-6360741.359375,-6767966.8125,-35726.765625,-13164434.9375
1,False,59,-6360643.53125,-6767910.0,-35711.290771484375,-13164264.822021484
1,False,60,-6360548.8515625,-6767854.0,-35696.0927734375,-13164098.944335938
1,False,61,-6360457.328125,-6767798.7890625,-35681.147705078125,-13163937.264892578
1,False,62,-6360368.8359375,-6767744.3203125,-35666.44189453125,-13163779.598144531
1,False,63,-6360283.4453125,-6767690.6953125,-35651.955322265625,-13163626.095947266
1,False,64,-6360201.0859375,-6767637.6875,-35637.677490234375,-13163476.450927734
1,False,65,-6360121.9375,-6767585.546875,-35623.61669921875,-13163331.101074219
1,False,66,-6360045.515625,-6767534.0859375,-35609.7939453125,-13163189.395507812
1,False,67,-6359971.875,-6767483.453125,-35596.23876953125,-13163051.566894531
1,False,68,-6359900.65625,-6767433.7265625,-35582.99267578125,-13162917.375488281
1,False,69,-6359831.7265625,-6767384.6875,-35570.0869140625,-13162786.500976562
1,False,70,-6359765.0859375,-6767336.453125,-35557.554931640625,-13162659.09399414
1,False,71,-6359700.4296875,-6767288.9765625,-35545.421630859375,-13162534.82788086
1,False,72,-6359637.921875,-6767242.3515625,-35533.703125,-13162413.9765625
1,False,73,-6359577.4609375,-6767196.5234375,-35522.4150390625,-13162296.399414062
1,False,74,-6359519.015625,-6767151.390625,-35511.558837890625,-13162181.96508789
1,False,75,-6359462.3203125,-6767107.1015625,-35501.12744140625,-13162070.549316406
1,False,76,-6359407.4453125,-6767063.6171875,-35491.1103515625,-13161962.172851562
1,False,77,-6359354.1328125,-6767021.015625,-35481.480712890625,-13161856.62915039
1,False,78,-6359302.5078125,-6766979.3046875,-35472.20947265625,-13161754.021972656
1,False,79,-6359252.359375,-6766938.3515625,-35463.26904296875,-13161653.979980469
1,False,80,-6359203.8046875,-6766898.1640625,-35454.63525390625,-13161556.604003906
1,False,81,-6359156.890625,-6766858.7734375,-35446.291748046875,-13161461.955810547
1,False,82,-6359111.4453125,-6766820.265625,-35438.23583984375,-13161369.946777344
1,False,83,-6359067.4921875,-6766782.640625,-35430.4697265625,-13161280.602539062
1,False,84,-6359024.9765625,-6766745.765625,-35423.006103515625,-13161193.748291016
1,False,85,-6358983.8828125,-6766709.6875,-35415.849853515625,-13161109.420166016
1,False,86,-6358944.03125,-6766674.40625,-35409.012939453125,-13161027.450439453
1,False,87,-6358905.5625,-6766639.9765625,-35402.4921875,-13160948.03125
1,False,88,-6358868.2421875,-6766606.2890625,-35396.2890625,-13160870.8203125
1,False,89,-6358832.1015625,-6766573.3203125,-35390.3994140625,-13160795.821289062
1,False,90,-6358796.9765625,-6766541.2109375,-35384.820068359375,-13160723.00756836
1,False,91,-6358762.84375,-6766509.8046875,-35379.548583984375,-13160652.197021484
1,False,92,-6358729.7578125,-6766479.046875,-35374.576904296875,-13160583.381591797
1,False,93,-6358697.5,-6766449.125,-35369.898193359375,-13160516.52319336
1,False,94,-6358666.21875,-6766419.875,-35365.49072265625,-13160451.584472656
1,False,95,-6358635.765625,-6766391.4375,-35361.337158203125,-13160388.540283203
1,False,96,-6358606.2890625,-6766363.5546875,-35357.41455078125,-13160327.258300781
1,False,97,-6358577.6796875,-6766336.3203125,-35353.70361328125,-13160267.703613281
1,False,98,-6358550.0390625,-6766309.7109375,-35350.185791015625,-13160209.935791016
1,False,99,-6358523.234375,-6766283.703125,-35346.853759765625,-13160153.791259766
1,False,100,-6358497.265625,-6766258.2578125,-35343.7041015625,-13160099.227539062
1,False,101,-6358472.1640625,-6766233.3671875,-35340.73681640625,-13160046.268066406
1,False,102,-6358447.78125,-6766208.9140625,-35337.946044921875,-13159994.641357422
1,False,103,-6358424.1328125,-6766185.1484375,-35335.3330078125,-13159944.614257812
1,False,104,-6358401.1875,-6766161.8828125,-35332.892333984375,-13159895.962646484
1,False,105,-6358378.9140625,-6766139.203125,-35330.628173828125,-13159848.745361328
1,False,106,-6358357.3359375,-6766116.9921875,-35328.535888671875,-13159802.864013672
1,False,107,-6358336.2734375,-6766095.46875,-35326.6181640625,-13159758.360351562
1,False,108,-6358315.84375,-6766074.2734375,-35324.8662109375,-13159714.983398438
1,False,109,-6358295.84375,-6766053.78125,-35323.27880859375,-13159672.903808594
1,False,110,-6358276.40625,-6766033.6875,-35321.8369140625,-13159631.930664062
1,False,111,-6358257.546875,-6766014.125,-35320.550537109375,-13159592.22241211
1,False,112,-6358239.203125,-6765994.9921875,-35319.37939453125,-13159553.574707031
1,False,113,-6358221.375,-6765976.421875,-35318.361572265625,-13159516.158447266
1,False,114,-6358204.0625,-6765958.1328125,-35317.4169921875,-13159479.612304688
1,False,115,-6358187.140625,-6765940.359375,-35316.635498046875,-13159444.135498047
1,False,116,-6358170.875,-6765922.9453125,-35315.897216796875,-13159409.717529297
1,False,117,-6358154.9765625,-6765905.8984375,-35315.299560546875,-13159376.174560547
1,False,118,-6358139.578125,-6765889.3515625,-35314.78515625,-13159343.71484375
1,False,119,-6358124.6015625,-6765873.1796875,-35314.335205078125,-13159312.116455078
1,False,120,-6358110.046875,-6765857.2734375,-35314.01318359375,-13159281.333496094
1,False,121,-6358095.7421875,-6765841.8671875,-35313.7490234375,-13159251.358398438
1,False,122,-6358082.03125,-6765826.7578125,-35313.56494140625,-13159222.354003906
1,False,123,-6358068.5546875,-6765812.0625,-35313.49267578125,-13159194.109863281
1,False,124,-6358055.4140625,-6765797.6640625,-35313.475830078125,-13159166.553955078
1,False,125,-6358042.65625,-6765783.578125,-35313.541259765625,-13159139.775634766
1,False,126,-6358030.1875,-6765769.8984375,-35313.705810546875,-13159113.791748047
1,False,127,-6358018.0234375,-6765756.484375,-35313.9169921875,-13159088.424804688
1,False,128,-6358006.25,-6765743.328125,-35314.209716796875,-13159063.787841797
1,False,129,-6357994.65625,-6765730.625,-35314.5869140625,-13159039.868164062
1,False,130,-6357983.3515625,-6765718.1484375,-35315.011474609375,-13159016.51147461
1,False,131,-6357972.34375,-6765705.9765625,-35315.514404296875,-13158993.834716797
1,False,132,-6357961.4921875,-6765694.015625,-35316.093017578125,-13158971.600830078
1,False,133,-6357950.8828125,-6765682.390625,-35316.71630859375,-13158949.989746094
1,False,134,-6357940.6015625,-6765671.0078125,-35317.41064453125,-13158929.020019531
1,False,135,-6357930.453125,-6765660.0078125,-35318.163818359375,-13158908.62475586
1,False,136,-6357920.59375,-6765649.125,-35318.951171875,-13158888.669921875
1,False,137,-6357910.8203125,-6765638.53125,-35319.79931640625,-13158869.150878906
1,False,138,-6357901.3984375,-6765628.234375,-35320.6953125,-13158850.328125
1,False,139,-6357892.0625,-6765618.140625,-35321.62451171875,-13158831.827636719
1,False,140,-6357882.9375,-6765608.234375,-35322.610107421875,-13158813.781982422
1,False,141,-6357874.0,-6765598.625,-35323.63818359375,-13158796.263183594
1,False,142,-6357865.21875,-6765589.25,-35324.699462890625,-13158779.16821289
1,False,143,-6357856.59375,-6765579.984375,-35325.8115234375,-13158762.389648438
1,False,144,-6357848.109375,-6765571.046875,-35326.95361328125,-13158746.109863281
1,False,145,-6357839.859375,-6765562.21875,-35328.1240234375,-13158730.202148438
1,False,146,-6357831.703125,-6765553.6328125,-35329.3369140625,-13158714.672851562
1,False,147,-6357823.7265625,-6765545.203125,-35330.56982421875,-13158699.499511719
1,False,148,-6357815.90625,-6765537.015625,-35331.830078125,-13158684.751953125
1,False,149,-6357808.2421875,-6765528.875,-35333.1220703125,-13158670.239257812
1,False,150,-6357800.78125,-6765521.0,-35334.432861328125,-13158656.214111328
1,False,151,-6357793.453125,-6765513.2109375,-35335.769287109375,-13158642.43334961
1,False,152,-6357786.109375,-6765505.7109375,-35337.133056640625,-13158628.95336914
1,False,153,-6357779.0234375,-6765498.2890625,-35338.511962890625,-13158615.82446289
1,False,154,-6357772.0078125,-6765491.0078125,-35339.916259765625,-13158602.931884766
1,False,155,-6357765.1875,-6765483.90625,-35341.341064453125,-13158590.434814453
1,False,156,-6357758.484375,-6765476.921875,-35342.778564453125,-13158578.184814453
1,False,157,-6357751.8515625,-6765470.1171875,-35344.237548828125,-13158566.206298828
1,False,158,-6357745.3515625,-6765463.484375,-35345.70849609375,-13158554.544433594
1,False,159,-6357738.9765625,-6765456.953125,-35347.190673828125,-13158543.120361328
1,False,160,-6357732.6328125,-6765450.5703125,-35348.689453125,-13158531.892578125
1,False,161,-6357726.46875,-6765444.3125,-35350.19677734375,-13158520.978027344
1,False,162,-6357720.4609375,-6765438.140625,-35351.71337890625,-13158510.314941406
1,False,163,-6357714.4453125,-6765432.140625,-35353.244140625,-13158499.830078125
1,False,164,-6357708.5625,-6765426.265625,-35354.7783203125,-13158489.606445312
1,False,165,-6357702.8359375,-6765420.4609375,-35356.32275390625,-13158479.619628906
1,False,166,-6357697.1796875,-6765414.8203125,-35357.87451171875,-13158469.874511719
1,False,167,-6357691.6328125,-6765409.15625,-35359.427001953125,-13158460.216064453
1,False,168,-6357686.1171875,-6765403.71875,-35360.989501953125,-13158450.825439453
1,False,169,-6357680.7734375,-6765398.4765625,-35362.5537109375,-13158441.803710938
1,False,170,-6357675.46875,-6765393.2265625,-35364.1220703125,-13158432.817382812
1,False,171,-6357670.2734375,-6765388.140625,-35365.695556640625,-13158424.10961914
1,False,172,-6357665.0859375,-6765383.0234375,-35367.26904296875,-13158415.378417969
1,False,173,-6357660.0234375,-6765378.171875,-35368.8447265625,-13158407.040039062
1,False,174,-6357655.1484375,-6765373.296875,-35370.421875,-13158398.8671875
1,False,175,-6357650.25,-6765368.5,-35371.998291015625,-13158390.748291016
1,False,176,-6357645.421875,-6765363.8671875,-35373.57666015625,-13158382.865722656
1,False,177,-6357640.7734375,-6765359.328125,-35375.15478515625,-13158375.256347656
1,False,178,-6357636.125,-6765354.8671875,-35376.731689453125,-13158367.723876953
1,False,179,-6357631.5625,-6765350.40625,-35378.30859375,-13158360.27734375
1,False,180,-6357627.09375,-6765346.078125,-35379.88232421875,-13158353.054199219
1,False,181,-6357622.609375,-6765341.8984375,-35381.455810546875,-13158345.963623047
1,False,182,-6357618.234375,-6765337.6796875,-35383.02587890625,-13158338.939941406
1,False,183,-6357614.0859375,-6765333.6171875,-35384.5927734375,-13158332.295898438
1,False,184,-6357609.7578125,-6765329.5859375,-35386.157958984375,-13158325.501708984
1,False,185,-6357605.65625,-6765325.7109375,-35387.716796875,-13158319.083984375
1,False,186,-6357601.5625,-6765321.828125,-35389.273681640625,-13158312.66430664
1,False,187,-6357597.6015625,-6765318.078125,-35390.826416015625,-13158306.506103516
1,False,188,-6357593.6796875,-6765314.3515625,-35392.37451171875,-13158300.405761719
1,False,189,-6357589.7734375,-6765310.640625,-35393.915283203125,-13158294.329345703
1,False,190,-6357585.890625,-6765307.0546875,-35395.456787109375,-13158288.40209961
1,False,191,-6357582.21875,-6765303.4453125,-35396.982177734375,-13158282.646240234
1,False,192,-6357578.4609375,-6765300.0078125,-35398.517822265625,-13158276.986572266
1,False,193,-6357574.859375,-6765296.5703125,-35400.02392578125,-13158271.453613281
1,False,194,-6357571.234375,-6765293.3203125,-35401.5546875,-13158266.109375
1,False,195,-6357567.796875,-6765289.9765625,-35403.046630859375,-13158260.82006836
1,False,196,-6357564.21875,-6765286.6640625,-35404.557861328125,-13158255.440673828
1,False,197,-6357560.828125,-6765283.453125,-35406.05322265625,-13158250.334472656
1,False,198,-6357557.5078125,-6765280.3203125,-35407.532958984375,-13158245.361083984
1,False,199,-6357554.1015625,-6765277.3046875,-35409.026123046875,-13158240.432373047
1,False,200,-6357550.890625,-6765274.2421875,-35410.49462890625,-13158235.627441406
1,False,201,-6357547.71875,-6765271.2109375,-35411.96240234375,-13158230.892089844
1,False,202,-6357544.515625,-6765268.3046875,-35413.430908203125,-13158226.251220703
1,False,203,-6357541.3984375,-6765265.4609375,-35414.87841796875,-13158221.737792969
1,False,204,-6357538.328125,-6765262.515625,-35416.326171875,-13158217.169921875
1,False,205,-6357535.296875,-6765259.7578125,-35417.77099609375,-13158212.825683594
1,False,206,-6357532.3359375,-6765256.8984375,-35419.195556640625,-13158208.42993164
1,False,207,-6357529.3359375,-6765254.2265625,-35420.622314453125,-13158204.184814453
1,False,208,-6357526.4375,-6765251.5546875,-35422.041015625,-13158200.033203125
1,False,209,-6357523.6328125,-6765248.921875,-35423.444091796875,-13158195.998779297
1,False,210,-6357520.796875,-6765246.28125,-35424.84814453125,-13158191.926269531
1,False,211,-6357518.046875,-6765243.8359375,-35426.2421875,-13158188.125
1,False,212,-6357515.3359375,-6765241.28125,-35427.621337890625,-13158184.23852539
1,False,213,-6357512.65625,-6765238.8125,-35429.001953125,-13158180.470703125
1,False,214,-6357509.96875,-6765236.3671875,-35430.370361328125,-13158176.706298828
1,False,215,-6357507.375,-6765233.9296875,-35431.7275390625,-13158173.032226562
1,False,216,-6357504.734375,-6765231.59375,-35433.08349609375,-13158169.411621094
1,False,217,-6357502.2890625,-6765229.234375,-35434.42529296875,-13158165.948730469
1,False,218,-6357499.765625,-6765227.0078125,-35435.759033203125,-13158162.532470703
1,False,219,-6357497.3359375,-6765224.7109375,-35437.09033203125,-13158159.137207031
1,False,220,-6357494.9375,-6765222.484375,-35438.406982421875,-13158155.828857422
1,False,221,-6357492.53125,-6765220.296875,-35439.7158203125,-13158152.543945312
1,False,222,-6357490.1171875,-6765218.09375,-35441.021240234375,-13158149.232177734
1,False,223,-6357487.8046875,-6765215.984375,-35442.3125,-13158146.1015625
1,False,224,-6357485.5390625,-6765213.8359375,-35443.598388671875,-13158142.973388672
1,False,225,-6357483.234375,-6765211.7421875,-35444.877197265625,-13158139.853759766
1,False,226,-6357481.078125,-6765209.703125,-35446.143310546875,-13158136.924560547
1,False,227,-6357478.859375,-6765207.6953125,-35447.40380859375,-13158133.958496094
1,False,228,-6357476.6640625,-6765205.7265625,-35448.657958984375,-13158131.048583984
1,False,229,-6357474.5234375,-6765203.6796875,-35449.899169921875,-13158128.102294922
1,False,230,-6357472.3984375,-6765201.828125,-35451.13525390625,-13158125.361816406
1,False,231,-6357470.4140625,-6765199.953125,-35452.36279296875,-13158122.729980469
1,False,232,-6357468.328125,-6765198.046875,-35453.57861328125,-13158119.953613281
1,False,233,-6357466.25,-6765196.1875,-35454.788818359375,-13158117.22631836
1,False,234,-6357464.296875,-6765194.3671875,-35455.9912109375,-13158114.655273438
1,False,235,-6357462.2890625,-6765192.5390625,-35457.182373046875,-13158112.010498047
1,False,236,-6357460.3671875,-6765190.7890625,-35458.369140625,-13158109.525390625
1,False,237,-6357458.4375,-6765189.0546875,-35459.543701171875,-13158107.035888672
1,False,238,-6357456.578125,-6765187.28125,-35460.71142578125,-13158104.570800781
1,False,239,-6357454.6953125,-6765185.5859375,-35461.87109375,-13158102.15234375
1,False,240,-6357452.8671875,-6765183.9296875,-35463.022705078125,-13158099.819580078
1,False,241,-6357451.03125,-6765182.2265625,-35464.163818359375,-13158097.42163086
1,False,242,-6357449.234375,-6765180.625,-35465.301513671875,-13158095.160888672
1,False,243,-6357447.484375,-6765178.984375,-35466.4228515625,-13158092.891601562
1,False,244,-6357445.7421875,-6765177.4296875,-35467.546875,-13158090.71875
1,False,245,-6357444.0546875,-6765175.796875,-35468.64990234375,-13158088.501464844
1,False,246,-6357442.3359375,-6765174.2890625,-35469.760498046875,-13158086.385498047
1,False,247,-6357440.640625,-6765172.7109375,-35470.8408203125,-13158084.192382812
1,False,248,-6357438.9609375,-6765171.296875,-35471.9453125,-13158082.203125
1,False,249,-6357437.3984375,-6765169.6875,-35472.996337890625,-13158080.08227539
1,False,250,-6357435.7265625,-6765168.296875,-35474.0966796875,-13158078.120117188
1,False,251,-6357434.1953125,-6765166.8359375,-35475.127685546875,-13158076.158935547
1,False,252,-6357432.546875,-6765165.4140625,-35476.201171875,-13158074.162109375
1,False,253,-6357431.0078125,-6765163.9453125,-35477.240966796875,-13158072.194091797
1,False,254,-6357429.5234375,-6765162.65625,-35478.2685546875,-13158070.448242188
1,False,255,-6357427.8828125,-6765161.21875,-35479.31787109375,-13158068.419433594
1,False,256,-6357426.5,-6765159.828125,-35480.318359375,-13158066.646484375
1,False,257,-6357424.953125,-6765158.578125,-35481.344482421875,-13158064.875732422
1,False,258,-6357423.4375,-6765157.2578125,-35482.351806640625,-13158063.04711914
1,False,259,-6357422.1015625,-6765155.8984375,-35483.3369140625,-13158061.336914062
1,False,260,-6357420.578125,-6765154.609375,-35484.344482421875,-13158059.531982422
1,False,261,-6357419.203125,-6765153.296875,-35485.31689453125,-13158057.816894531
1,False,262,-6357417.8671875,-6765152.125,-35486.292236328125,-13158056.284423828
1,False,263,-6357416.4765625,-6765150.7578125,-35487.26953125,-13158054.50390625
1,False,264,-6357415.1171875,-6765149.6640625,-35488.2158203125,-13158052.997070312
1,False,265,-6357413.7421875,-6765148.390625,-35489.178955078125,-13158051.311767578
1,False,266,-6357412.4375,-6765147.1953125,-35490.12353515625,-13158049.756347656
1,False,267,-6357411.1796875,-6765146.0390625,-35491.05517578125,-13158048.273925781
1,False,268,-6357409.8359375,-6765144.8359375,-35491.99658203125,-13158046.668457031
1,False,269,-6357408.53125,-6765143.71875,-35492.912109375,-13158045.162109375
1,False,270,-6357407.296875,-6765142.46875,-35493.830810546875,-13158043.596435547
1,False,271,-6357406.0390625,-6765141.5078125,-35494.745849609375,-13158042.29272461
1,False,272,-6357404.8515625,-6765140.328125,-35495.638916015625,-13158040.818603516
1,False,273,-6357403.6015625,-6765139.3125,-35496.54150390625,-13158039.455566406
1,False,274,-6357402.421875,-6765138.1796875,-35497.4287109375,-13158038.030273438
1,False,275,-6357401.2421875,-6765137.1171875,-35498.3056640625,-13158036.665039062
1,False,276,-6357400.03125,-6765136.125,-35499.18798828125,-13158035.344238281
1,False,277,-6357398.8828125,-6765135.1015625,-35500.0498046875,-13158034.034179688
1,False,278,-6357397.7265625,-6765133.9921875,-35500.91162109375,-13158032.630371094
1,False,279,-6357396.546875,-6765132.9765625,-35501.769287109375,-13158031.29272461
1,False,280,-6357395.5,-6765132.0078125,-35502.611572265625,-13158030.119384766
1,False,281,-6357394.4296875,-6765131.0390625,-35503.456787109375,-13158028.92553711
1,False,282,-6357393.28125,-6765130.046875,-35504.2900390625,-13158027.618164062
1,False,283,-6357392.21875,-6765128.9921875,-35505.115478515625,-13158026.326416016
1,False,284,-6357391.109375,-6765128.140625,-35505.941162109375,-13158025.19116211
1,False,285,-6357390.09375,-6765127.15625,-35506.7509765625,-13158024.000976562
1,False,286,-6357389.0390625,-6765126.2421875,-35507.561767578125,-13158022.843017578
1,False,287,-6357388.0703125,-6765125.359375,-35508.364501953125,-13158021.794189453
1,False,288,-6357386.953125,-6765124.4140625,-35509.156982421875,-13158020.524169922
1,False,289,-6357385.8984375,-6765123.4921875,-35509.950927734375,-13158019.341552734
1,False,290,-6357384.921875,-6765122.59375,-35510.731689453125,-13158018.247314453
1,False,291,-6357383.9296875,-6765121.703125,-35511.5078125,-13158017.140625
1,False,292,-6357383.0078125,-6765120.90625,-35512.28173828125,-13158016.195800781
1,False,293,-6357382.0390625,-6765120.0390625,-35513.042724609375,-13158015.12084961
1,False,294,-6357381.0859375,-6765119.2109375,-35513.805419921875,-13158014.102294922
1,False,295,-6357380.078125,-6765118.359375,-35514.555419921875,-13158012.992919922
1,False,296,-6357379.2265625,-6765117.5390625,-35515.30615234375,-13158012.071777344
1,False,297,-6357378.2578125,-6765116.6796875,-35516.04248046875,-13158010.979980469
1,False,298,-6357377.3515625,-6765115.8828125,-35516.784423828125,-13158010.018798828
1,False,299,-6357376.5,-6765115.0546875,-35517.50244140625,-13158009.057128906
1,False,300,-6357375.5625,-6765114.3203125,-35518.240234375,-13158008.123046875
1,False,301,-6357374.6796875,-6765113.5625,-35518.943115234375,-13158007.185302734
1,False,302,-6357373.7265625,-6765112.734375,-35519.66650390625,-13158006.127441406
1,False,303,-6357372.8984375,-6765112.0078125,-35520.36767578125,-13158005.273925781
1,False,304,-6357372.0625,-6765111.2265625,-35521.06689453125,-13158004.355957031
1,False,305,-6357371.2109375,-6765110.4921875,-35521.769287109375,-13158003.47241211
1,False,306,-6357370.390625,-6765109.71875,-35522.451171875,-13158002.560546875
1,False,307,-6357369.5390625,-6765109.015625,-35523.1416015625,-13158001.696289062
1,False,308,-6357368.71875,-6765108.296875,-35523.820556640625,-13158000.83618164
1,False,309,-6357367.9140625,-6765107.640625,-35524.489990234375,-13158000.044677734
1,False,310,-6357367.09375,-6765106.984375,-35525.162109375,-13157999.240234375
1,False,311,-6357366.3359375,-6765106.1796875,-35525.823974609375,-13157998.33959961
1,False,312,-6357365.5234375,-6765105.53125,-35526.48095703125,-13157997.535644531
1,False,313,-6357364.6875,-6765104.84375,-35527.135986328125,-13157996.667236328
1,False,314,-6357363.921875,-6765104.1875,-35527.78173828125,-13157995.891113281
1,False,315,-6357363.234375,-6765103.453125,-35528.42431640625,-13157995.111816406
1,False,316,-6357362.484375,-6765102.8359375,-35529.063232421875,-13157994.383544922
1,False,317,-6357361.6875,-6765102.234375,-35529.69384765625,-13157993.615722656
1,False,318,-6357360.984375,-6765101.546875,-35530.3212890625,-13157992.852539062
1,False,319,-6357360.25,-6765100.9453125,-35530.945556640625,-13157992.14086914
1,False,320,-6357359.5703125,-6765100.328125,-35531.560546875,-13157991.458984375
1,False,321,-6357358.7890625,-6765099.6640625,-35532.175048828125,-13157990.628173828
1,False,322,-6357358.140625,-6765099.109375,-35532.78271484375,-13157990.032714844
1,False,323,-6357357.359375,-6765098.5234375,-35533.384033203125,-13157989.266845703
1,False,324,-6357356.59375,-6765097.890625,-35533.98486328125,-13157988.469238281
1,False,325,-6357355.953125,-6765097.3125,-35534.576416015625,-13157987.842041016
1,False,326,-6357355.328125,-6765096.6953125,-35535.164794921875,-13157987.188232422
1,False,327,-6357354.65625,-6765096.0703125,-35535.75048828125,-13157986.477050781
1,False,328,-6357353.9453125,-6765095.4921875,-35536.328857421875,-13157985.766357422
1,False,329,-6357353.359375,-6765095.03125,-35536.905029296875,-13157985.295654297
1,False,330,-6357352.6484375,-6765094.4453125,-35537.475341796875,-13157984.569091797
1,False,331,-6357352.0078125,-6765093.8828125,-35538.040283203125,-13157983.930908203
1,False,332,-6357351.3359375,-6765093.328125,-35538.602783203125,-13157983.266845703
1,False,333,-6357350.7109375,-6765092.7265625,-35539.16015625,-13157982.59765625
1,False,334,-6357350.0703125,-6765092.25,-35539.712646484375,-13157982.032958984
1,False,335,-6357349.5,-6765091.7109375,-35540.26123046875,-13157981.472167969
1,False,336,-6357348.8359375,-6765091.25,-35540.806396484375,-13157980.892333984
1,False,337,-6357348.21875,-6765090.6796875,-35541.34521484375,-13157980.243652344
1,False,338,-6357347.6171875,-6765090.140625,-35541.881591796875,-13157979.639404297
1,False,339,-6357347.0390625,-6765089.625,-35542.411376953125,-13157979.075439453
1,False,340,-6357346.4296875,-6765089.1171875,-35542.939697265625,-13157978.486572266
1,False,341,-6357345.90625,-6765088.6015625,-35543.462890625,-13157977.970703125
1,False,342,-6357345.2578125,-6765088.1796875,-35543.98193359375,-13157977.419433594
1,False,343,-6357344.7265625,-6765087.671875,-35544.49658203125,-13157976.895019531
1,False,344,-6357344.1015625,-6765087.1171875,-35545.008056640625,-13157976.22680664
1,False,345,-6357343.5859375,-6765086.7421875,-35545.514404296875,-13157975.842529297
1,False,346,-6357343.0078125,-6765086.21875,-35546.018310546875,-13157975.244873047
1,False,347,-6357342.4140625,-6765085.796875,-35546.516845703125,-13157974.727783203
1,False,348,-6357341.9375,-6765085.2421875,-35547.01171875,-13157974.19140625
1,False,349,-6357341.3046875,-6765084.8828125,-35547.5048828125,-13157973.692382812
1,False,350,-6357340.9140625,-6765084.3203125,-35547.99072265625,-13157973.225097656
1,False,351,-6357340.265625,-6765083.96875,-35548.476318359375,-13157972.71069336
1,False,352,-6357339.8046875,-6765083.5,-35548.954833984375,-13157972.259521484
1,False,353,-6357339.265625,-6765083.0703125,-35549.432861328125,-13157971.768798828
1,False,354,-6357338.7421875,-6765082.578125,-35549.902587890625,-13157971.22290039
1,False,355,-6357338.234375,-6765082.25,-35550.372802734375,-13157970.857177734
1,False,356,-6357337.6953125,-6765081.7890625,-35550.83837890625,-13157970.322753906
1,False,357,-6357337.21875,-6765081.3828125,-35551.298828125,-13157969.900390625
1,False,358,-6357336.625,-6765081.0234375,-35551.759033203125,-13157969.407470703
1,False,359,-6357336.1484375,-6765080.546875,-35552.2109375,-13157968.90625
1,False,360,-6357335.6796875,-6765080.140625,-35552.663330078125,-13157968.483642578
1,False,361,-6357335.171875,-6765079.765625,-35553.10986328125,-13157968.047363281
1,False,362,-6357334.7109375,-6765079.3671875,-35553.55517578125,-13157967.633300781
1,False,363,-6357334.265625,-6765078.9765625,-35553.994140625,-13157967.236328125
1,False,364,-6357333.78125,-6765078.5703125,-35554.433837890625,-13157966.78540039
1,False,365,-6357333.3671875,-6765078.1640625,-35554.86376953125,-13157966.395019531
1,False,366,-6357332.8515625,-6765077.8359375,-35555.300048828125,-13157965.987548828
1,False,367,-6357332.3671875,-6765077.375,-35555.720458984375,-13157965.462646484
1,False,368,-6357331.9296875,-6765077.0703125,-35556.154052734375,-13157965.154052734
1,False,369,-6357331.5546875,-6765076.71875,-35556.560546875,-13157964.833984375
1,False,370,-6357331.0078125,-6765076.2421875,-35556.99609375,-13157964.24609375
1,False,371,-6357330.6640625,-6765075.8828125,-35557.3876953125,-13157963.934570312
1,False,372,-6357330.15625,-6765075.578125,-35557.82421875,-13157963.55859375
1,False,373,-6357329.75,-6765075.203125,-35558.206298828125,-13157963.159423828
1,False,374,-6357329.2421875,-6765074.8828125,-35558.6298828125,-13157962.754882812
1,False,375,-6357328.84375,-6765074.5390625,-35559.0263671875,-13157962.409179688
1,False,376,-6357328.484375,-6765074.171875,-35559.416259765625,-13157962.072509766
1,False,377,-6357328.015625,-6765073.9453125,-35559.829833984375,-13157961.790771484
1,False,378,-6357327.609375,-6765073.53125,-35560.203369140625,-13157961.34399414
1,False,379,-6357327.1796875,-6765073.171875,-35560.605224609375,-13157960.95678711
1,False,380,-6357326.734375,-6765072.859375,-35560.991943359375,-13157960.58569336
1,False,381,-6357326.3671875,-6765072.515625,-35561.36474609375,-13157960.247558594
1,False,382,-6357325.96875,-6765072.1796875,-35561.757568359375,-13157959.90600586
1,False,383,-6357325.453125,-6765071.9296875,-35562.130859375,-13157959.513671875
1,False,384,-6357325.09375,-6765071.5234375,-35562.499267578125,-13157959.116455078
1,False,385,-6357324.7890625,-6765071.2734375,-35562.8876953125,-13157958.950195312
1,False,386,-6357324.328125,-6765070.9296875,-35563.237060546875,-13157958.494873047
1,False,387,-6357323.96875,-6765070.59375,-35563.61962890625,-13157958.182128906
1,False,388,-6357323.5703125,-6765070.3125,-35563.974365234375,-13157957.857177734
1,False,389,-6357323.171875,-6765070.0,-35564.342529296875,-13157957.514404297
1,False,390,-6357322.8984375,-6765069.6640625,-35564.688232421875,-13157957.250732422
1,False,391,-6357322.421875,-6765069.453125,-35565.06884765625,-13157956.943847656
1,False,392,-6357322.1796875,-6765069.0078125,-35565.38232421875,-13157956.569824219
1,False,393,-6357321.6953125,-6765068.8828125,-35565.779296875,-13157956.357421875
1,False,394,-6357321.53125,-6765068.53125,-35566.084228515625,-13157956.146728516
1,False,395,-6357321.0078125,-6765068.234375,-35566.4560546875,-13157955.698242188
1,False,396,-6357320.6328125,-6765067.9765625,-35566.794189453125,-13157955.403564453
1,False,397,-6357320.359375,-6765067.6875,-35567.1171875,-13157955.1640625
1,False,398,-6357319.953125,-6765067.4375,-35567.482666015625,-13157954.873291016
1,False,399,-6357319.6328125,-6765067.125,-35567.790771484375,-13157954.548583984
1,False,400,-6357319.28125,-6765066.8828125,-35568.13720703125,-13157954.301269531
1,False,401,-6357318.8671875,-6765066.6015625,-35568.46923828125,-13157953.937988281
1,False,402,-6357318.5859375,-6765066.3203125,-35568.781494140625,-13157953.68774414
1,False,403,-6357318.171875,-6765066.078125,-35569.12646484375,-13157953.376464844
1,False,404,-6357317.859375,-6765065.8203125,-35569.431884765625,-13157953.111572266
1,False,405,-6357317.53125,-6765065.5546875,-35569.75927734375,-13157952.845214844
1,False,406,-6357317.25,-6765065.3515625,-35570.08056640625,-13157952.682128906
1,False,407,-6357316.9375,-6765065.03125,-35570.384521484375,-13157952.353271484
1,False,408,-6357316.5625,-6765064.7734375,-35570.709228515625,-13157952.045166016
1,False,409,-6357316.296875,-6765064.546875,-35571.01416015625,-13157951.857910156
1,False,410,-6357315.890625,-6765064.34375,-35571.31787109375,-13157951.552246094
1,False,411,-6357315.6015625,-6765064.0546875,-35571.637939453125,-13157951.294189453
1,False,412,-6357315.3671875,-6765063.8359375,-35571.92236328125,-13157951.125488281
1,False,413,-6357314.9375,-6765063.5625,-35572.24267578125,-13157950.742675781
1,False,414,-6357314.6796875,-6765063.3984375,-35572.53076171875,-13157950.608886719
1,False,415,-6357314.3984375,-6765063.140625,-35572.827392578125,-13157950.366455078
1,False,416,-6357314.0859375,-6765062.8515625,-35573.132080078125,-13157950.069580078
1,False,417,-6357313.7578125,-6765062.6171875,-35573.41015625,-13157949.78515625
1,False,418,-6357313.46875,-6765062.3984375,-35573.711669921875,-13157949.578857422
1,False,419,-6357313.15625,-6765062.1875,-35573.997802734375,-13157949.341552734
1,False,420,-6357312.90625,-6765062.0390625,-35574.276123046875,-13157949.221435547
1,False,421,-6357312.6171875,-6765061.8125,-35574.57373046875,-13157949.003417969
1,False,422,-6357312.3125,-6765061.6015625,-35574.841552734375,-13157948.755615234
1,False,423,-6357312.0703125,-6765061.3671875,-35575.129150390625,-13157948.56665039
1,False,424,-6357311.7734375,-6765061.109375,-35575.40869140625,-13157948.291503906
1,False,425,-6357311.4921875,-6765060.90625,-35575.677490234375,-13157948.075927734
1,False,426,-6357311.1796875,-6765060.6640625,-35575.958984375,-13157947.802734375
1,False,427,-6357310.8984375,-6765060.484375,-35576.225830078125,-13157947.608642578
1,False,428,-6357310.640625,-6765060.2734375,-35576.4951171875,-13157947.409179688
2,False,0,-6472778.125,-6773209.9375,-35525.68896484375,-13281513.751464844
2,False,1,-6446681.234375,-6773112.6484375,-35630.70458984375,-13255424.587402344
2,False,2,-6427237.4140625,-6772994.5859375,-35735.32763671875,-13235967.327636719
2,False,3,-6413131.3515625,-6772864.28125,-35835.99609375,-13221831.62890625
2,False,4,-6403114.859375,-6772728.9609375,-35929.6650390625,-13211773.485351562
2,False,5,-6396117.90625,-6772592.8203125,-36014.2041015625,-13204724.930664062
2,False,6,-6391260.3046875,-6772457.8203125,-36088.463134765625,-13199806.588134766
2,False,7,-6387849.2578125,-6772325.0859375,-36152.0341796875,-13196326.377929688
2,False,8,-6385373.4765625,-6772194.828125,-36204.93212890625,-13193773.236816406
2,False,9,-6383475.046875,-6772067.2265625,-36247.51953125,-13191789.79296875
2,False,10,-6381918.71875,-6771942.515625,-36280.435791015625,-13190141.670166016
2,False,11,-6380559.8203125,-6771820.9453125,-36304.537841796875,-13188685.303466797
2,False,12,-6379315.25,-6771702.4765625,-36320.85693359375,-13187338.583496094
2,False,13,-6378143.0703125,-6771586.7890625,-36330.505126953125,-13186060.364501953
2,False,14,-6377028.7421875,-6771473.7421875,-36334.598388671875,-13184837.082763672
2,False,15,-6375972.0703125,-6771363.1015625,-36334.16357421875,-13183669.335449219
2,False,16,-6374977.421875,-6771254.8203125,-36330.118408203125,-13182562.360595703
2,False,17,-6374047.296875,-6771148.4921875,-36323.28173828125,-13181519.070800781
2,False,18,-6373179.5,-6771043.859375,-36314.3779296875,-13180537.737304688
2,False,19,-6372368.96875,-6770941.0703125,-36304.031982421875,-13179614.071044922
2,False,20,-6371611.3515625,-6770840.0078125,-36292.76025390625,-13178744.119628906
2,False,21,-6370903.90625,-6770740.53125,-36280.977783203125,-13177925.415283203
2,False,22,-6370245.1875,-6770642.46875,-36268.9970703125,-13177156.653320312
2,False,23,-6369633.90625,-6770545.8203125,-36257.01953125,-13176436.74609375
2,False,24,-6369067.7109375,-6770450.375,-36245.139404296875,-13175763.225341797
2,False,25,-6368543.234375,-6770356.2265625,-36233.354248046875,-13175132.815185547
2,False,26,-6368056.53125,-6770263.5,-36221.613525390625,-13174541.64477539
2,False,27,-6367602.046875,-6770171.9921875,-36209.859619140625,-13173983.89868164
2,False,28,-6367173.390625,-6770081.7890625,-36198.0537109375,-13173453.233398438
2,False,29,-6366764.7265625,-6769992.9921875,-36186.152587890625,-13172943.87133789
2,False,30,-6366373.0546875,-6769905.5625,-36174.0888671875,-13172452.706054688
2,False,31,-6365998.375,-6769819.3828125,-36161.771240234375,-13171979.529052734
2,False,32,-6365642.46875,-6769734.46875,-36149.128662109375,-13171526.06616211
2,False,33,-6365306.7890625,-6769650.734375,-36136.11376953125,-13171093.637207031
2,False,34,-6364992.1484375,-6769568.0,-36122.697509765625,-13170682.845947266
2,False,35,-6364698.34375,-6769486.453125,-36108.8330078125,-13170293.629882812
2,False,36,-6364423.984375,-6769406.1171875,-36094.45703125,-13169924.55859375
2,False,37,-6364167.2109375,-6769327.03125,-36079.513916015625,-13169573.756103516
2,False,38,-6363925.46875,-6769249.5234375,-36063.995361328125,-13169238.987548828
2,False,39,-6363696.4609375,-6769173.4375,-36047.95166015625,-13168917.850097656
2,False,40,-6363478.2734375,-6769098.8515625,-36031.471435546875,-13168608.596435547
2,False,41,-6363269.6328125,-6769025.7578125,-36014.658203125,-13168310.048828125
2,False,42,-6363070.234375,-6768954.125,-35997.61572265625,-13168021.975097656
2,False,43,-6362879.9453125,-6768884.0078125,-35980.44873046875,-13167744.401855469
2,False,44,-6362698.796875,-6768815.1015625,-35963.2470703125,-13167477.145507812
2,False,45,-6362526.890625,-6768747.46875,-35946.061279296875,-13167220.420654297
2,False,46,-6362363.9765625,-6768680.8671875,-35928.9091796875,-13166973.752929688
2,False,47,-6362209.71875,-6768615.171875,-35911.78271484375,-13166736.673339844
2,False,48,-6362063.375,-6768550.2578125,-35894.66259765625,-13166508.295410156
2,False,49,-6361923.9296875,-6768485.890625,-35877.533935546875,-13166287.354248047
2,False,50,-6361790.4609375,-6768422.0546875,-35860.383056640625,-13166072.89868164
2,False,51,-6361662.0078125,-6768358.8203125,-35843.22412109375,-13165864.052246094
2,False,52,-6361538.0859375,-6768296.296875,-35826.096923828125,-13165660.479736328
2,False,53,-6361418.1640625,-6768234.484375,-35809.056396484375,-13165461.704833984
2,False,54,-6361301.9609375,-6768173.515625,-35792.140380859375,-13165267.61694336
2,False,55,-6361189.5078125,-6768113.4921875,-35775.365478515625,-13165078.365478516
2,False,56,-6361080.9375,-6768054.3984375,-35758.74609375,-13164894.08203125
2,False,57,-6360976.5234375,-6767996.3046875,-35742.3076171875,-13164715.135742188
2,False,58,-6360876.171875,-6767939.2421875,-35726.078857421875,-13164541.492919922
2,False,59,-6360779.6953125,-6767883.21875,-35710.092041015625,-13164373.006103516
2,False,60,-6360686.890625,-6767828.0859375,-35694.388671875,-13164209.365234375
2,False,61,-6360597.4609375,-6767773.9765625,-35679.010498046875,-13164050.447998047
2,False,62,-6360511.09375,-6767720.7421875,-35663.990966796875,-13163895.826904297
2,False,63,-6360427.625,-6767668.53125,-35649.336669921875,-13163745.492919922
2,False,64,-6360346.8984375,-6767617.140625,-35635.04541015625,-13163599.084472656
2,False,65,-6360268.9609375,-6767566.5625,-35621.114990234375,-13163456.638427734
2,False,66,-6360193.75,-6767516.8984375,-35607.546142578125,-13163318.194580078
2,False,67,-6360120.921875,-6767467.9765625,-35594.333984375,-13163183.232421875
2,False,68,-6360050.6484375,-6767419.96875,-35581.47900390625,-13163052.096191406
2,False,69,-6359982.75,-6767372.546875,-35568.99267578125,-13162924.289550781
2,False,70,-6359917.0,-6767325.96875,-35556.895751953125,-13162799.864501953
2,False,71,-6359853.4921875,-6767280.0234375,-35545.1962890625,-13162678.711914062
2,False,72,-6359791.7421875,-6767234.7890625,-35533.891357421875,-13162560.422607422
2,False,73,-6359731.9453125,-6767190.3671875,-35522.97265625,-13162445.28515625
2,False,74,-6359673.8984375,-6767146.6953125,-35512.4326171875,-13162333.026367188
2,False,75,-6359617.578125,-6767103.8359375,-35502.264404296875,-13162223.678466797
2,False,76,-6359562.875,-6767061.8515625,-35492.464111328125,-13162117.190673828
2,False,77,-6359509.8046875,-6767020.6875,-35483.02783203125,-13162013.520019531
2,False,78,-6359458.3125,-6766980.3359375,-35473.950439453125,-13161912.598876953
2,False,79,-6359408.234375,-6766940.9296875,-35465.220458984375,-13161814.384521484
2,False,80,-6359359.6953125,-6766902.296875,-35456.825439453125,-13161718.817626953
2,False,81,-6359312.375,-6766864.546875,-35448.75439453125,-13161625.676269531
2,False,82,-6359266.46875,-6766827.578125,-35440.98828125,-13161535.03515625
2,False,83,-6359221.875,-6766791.375,-35433.5107421875,-13161446.760742188
2,False,84,-6359178.7109375,-6766755.9921875,-35426.310546875,-13161361.013671875
2,False,85,-6359136.8125,-6766721.328125,-35419.38916015625,-13161277.529785156
2,False,86,-6359096.1796875,-6766687.3515625,-35412.739501953125,-13161196.270751953
2,False,87,-6359056.828125,-6766654.1328125,-35406.36865234375,-13161117.329589844
2,False,88,-6359018.671875,-6766621.5625,-35400.278076171875,-13161040.512451172
2,False,89,-6358981.6171875,-6766589.8203125,-35394.470947265625,-13160965.908447266
2,False,90,-6358945.5546875,-6766558.6328125,-35388.941650390625,-13160893.12915039
2,False,91,-6358910.4453125,-6766528.2421875,-35383.68212890625,-13160822.369628906
2,False,92,-6358876.296875,-6766498.4921875,-35378.678466796875,-13160753.467529297
2,False,93,-6358842.9921875,-6766469.40625,-35373.919677734375,-13160686.318115234
2,False,94,-6358810.640625,-6766440.9296875,-35369.393310546875,-13160620.963623047
2,False,95,-6358779.1796875,-6766413.0859375,-35365.09130859375,-13160557.356933594
2,False,96,-6358748.4765625,-6766385.828125,-35361.01123046875,-13160495.315917969
2,False,97,-6358718.796875,-6766359.2265625,-35357.1416015625,-13160435.165039062
2,False,98,-6358689.8828125,-6766333.1953125,-35353.47509765625,-13160376.553222656
2,False,99,-6358661.6015625,-6766307.75,-35350.009033203125,-13160319.360595703
2,False,100,-6358634.2421875,-6766282.7890625,-35346.73583984375,-13160263.767089844
2,False,101,-6358607.4453125,-6766258.4609375,-35343.652099609375,-13160209.55834961
2,False,102,-6358581.5,-6766234.6640625,-35340.7451171875,-13160156.909179688
2,False,103,-6358556.1796875,-6766211.375,-35338.00732421875,-13160105.562011719
2,False,104,-6358531.515625,-6766188.5390625,-35335.429931640625,-13160055.48461914
2,False,105,-6358507.546875,-6766166.21875,-35333.010986328125,-13160006.776611328
2,False,106,-6358484.3046875,-6766144.3125,-35330.74560546875,-13159959.362792969
2,False,107,-6358461.71875,-6766122.9453125,-35328.62890625,-13159913.29296875
2,False,108,-6358439.7109375,-6766102.0,-35326.654541015625,-13159868.365478516
2,False,109,-6358418.28125,-6766081.4609375,-35324.8173828125,-13159824.559570312
2,False,110,-6358397.5390625,-6766061.265625,-35323.111328125,-13159781.916015625
2,False,111,-6358377.3125,-6766041.71875,-35321.531982421875,-13159740.563232422
2,False,112,-6358357.6328125,-6766022.4296875,-35320.078857421875,-13159700.141357422
2,False,113,-6358338.5234375,-6766003.6015625,-35318.75439453125,-13159660.879394531
2,False,114,-6358319.8828125,-6765985.1171875,-35317.559326171875,-13159622.559326172
2,False,115,-6358301.6953125,-6765967.0859375,-35316.489990234375,-13159585.271240234
2,False,116,-6358284.09375,-6765949.4140625,-35315.5419921875,-13159549.049804688
2,False,117,-6358266.9765625,-6765932.125,-35314.71044921875,-13159513.812011719
2,False,118,-6358250.2421875,-6765915.1484375,-35313.990478515625,-13159479.381103516
2,False,119,-6358233.9765625,-6765898.65625,-35313.379150390625,-13159446.01196289
2,False,120,-6358218.1640625,-6765882.4609375,-35312.866943359375,-13159413.49194336
2,False,121,-6358202.7421875,-6765866.5703125,-35312.45166015625,-13159381.764160156
2,False,122,-6358187.8203125,-6765851.0234375,-35312.12744140625,-13159350.971191406
2,False,123,-6358173.1484375,-6765835.7890625,-35311.889404296875,-13159320.826904297
2,False,124,-6358158.8515625,-6765820.8671875,-35311.7373046875,-13159291.456054688
2,False,125,-6358145.0,-6765806.3359375,-35311.671142578125,-13159263.007080078
2,False,126,-6358131.4375,-6765792.03125,-35311.684814453125,-13159235.153564453
2,False,127,-6358118.1953125,-6765778.046875,-35311.779052734375,-13159208.021240234
2,False,128,-6358105.2578125,-6765764.46875,-35311.95556640625,-13159181.682128906
2,False,129,-6358092.6015625,-6765751.1171875,-35312.2109375,-13159155.9296875
2,False,130,-6358080.2734375,-6765738.109375,-35312.545654296875,-13159130.928466797
2,False,131,-6358068.0859375,-6765725.375,-35312.955810546875,-13159106.416748047
2,False,132,-6358056.25,-6765712.8515625,-35313.436767578125,-13159082.538330078
2,False,133,-6358044.6484375,-6765700.671875,-35313.9853515625,-13159059.305664062
2,False,134,-6358033.2890625,-6765688.75,-35314.59423828125,-13159036.633300781
2,False,135,-6358022.0390625,-6765677.140625,-35315.26220703125,-13159014.441894531
2,False,136,-6358011.2109375,-6765665.8125,-35315.98583984375,-13158993.009277344
2,False,137,-6358000.4921875,-6765654.7265625,-35316.762939453125,-13158971.981689453
2,False,138,-6357989.9296875,-6765643.84375,-35317.593017578125,-13158951.366455078
2,False,139,-6357979.6875,-6765633.203125,-35318.47265625,-13158931.36328125
2,False,140,-6357969.5859375,-6765622.921875,-35319.402099609375,-13158911.90991211
2,False,141,-6357959.65625,-6765612.765625,-35320.377685546875,-13158892.799560547
2,False,142,-6357949.8203125,-6765602.9609375,-35321.40185546875,-13158874.183105469
2,False,143,-6357940.2578125,-6765593.359375,-35322.47021484375,-13158856.087402344
2,False,144,-6357930.875,-6765583.90625,-35323.583740234375,-13158838.364990234
2,False,145,-6357921.59375,-6765574.6875,-35324.7373046875,-13158821.018554688
2,False,146,-6357912.5859375,-6765565.7421875,-35325.928466796875,-13158804.256591797
2,False,147,-6357903.5859375,-6765556.9140625,-35327.15380859375,-13158787.653808594
2,False,148,-6357894.8671875,-6765548.34375,-35328.41015625,-13158771.62109375
2,False,149,-6357886.2421875,-6765539.984375,-35329.694091796875,-13158755.920654297
2,False,150,-6357877.78125,-6765531.8125,-35331.005615234375,-13158740.599365234
2,False,151,-6357869.515625,-6765523.7265625,-35332.34130859375,-13158725.583496094
2,False,152,-6357861.390625,-6765515.8515625,-35333.699951171875,-13158710.942138672
2,False,153,-6357853.3984375,-6765508.28125,-35335.0810546875,-13158696.760742188
2,False,154,-6357845.5546875,-6765500.7109375,-35336.48388671875,-13158682.749511719
2,False,155,-6357837.8671875,-6765493.390625,-35337.90966796875,-13158669.167480469
2,False,156,-6357830.28125,-6765486.1953125,-35339.353271484375,-13158655.829833984
2,False,157,-6357822.7890625,-6765479.125,-35340.81494140625,-13158642.729003906
2,False,158,-6357815.4921875,-6765472.28125,-35342.29296875,-13158630.06640625
2,False,159,-6357808.3515625,-6765465.5,-35343.785888671875,-13158617.637451172
2,False,160,-6357801.2421875,-6765458.953125,-35345.291259765625,-13158605.486572266
2,False,161,-6357794.3671875,-6765452.46875,-35346.808349609375,-13158593.64428711
2,False,162,-6357787.5,-6765446.1640625,-35348.33447265625,-13158581.998535156
2,False,163,-6357780.8515625,-6765439.8671875,-35349.869140625,-13158570.587890625
2,False,164,-6357774.328125,-6765433.734375,-35351.412353515625,-13158559.474853516
2,False,165,-6357767.8828125,-6765427.7890625,-35352.960693359375,-13158548.63256836
2,False,166,-6357761.6015625,-6765421.96875,-35354.516845703125,-13158538.087158203
2,False,167,-6357755.3359375,-6765416.1953125,-35356.080322265625,-13158527.611572266
2,False,168,-6357749.3515625,-6765410.5859375,-35357.6484375,-13158517.5859375
2,False,169,-6357743.3359375,-6765405.1015625,-35359.22119140625,-13158507.658691406
2,False,170,-6357737.46875,-6765399.703125,-35360.79833984375,-13158497.970214844
2,False,171,-6357731.71875,-6765394.3828125,-35362.377685546875,-13158488.479248047
2,False,172,-6357726.0234375,-6765389.1640625,-35363.957275390625,-13158479.14477539
2,False,173,-6357720.515625,-6765384.046875,-35365.5390625,-13158470.1015625
2,False,174,-6357715.078125,-6765379.078125,-35367.12109375,-13158461.27734375
2,False,175,-6357709.6328125,-6765374.171875,-35368.702392578125,-13158452.507080078
2,False,176,-6357704.3671875,-6765369.3828125,-35370.283203125,-13158444.033203125
2,False,177,-6357699.21875,-6765364.59375,-35371.864013671875,-13158435.676513672
2,False,178,-6357694.125,-6765360.0,-35373.442626953125,-13158427.567626953
2,False,179,-6357689.1171875,-6765355.5078125,-35375.01904296875,-13158419.644042969
2,False,180,-6357684.15625,-6765350.953125,-35376.594482421875,-13158411.703857422
2,False,181,-6357679.34375,-6765346.5546875,-35378.167236328125,-13158404.065673828
2,False,182,-6357674.6015625,-6765342.234375,-35379.736083984375,-13158396.572021484
2,False,183,-6357669.9609375,-6765338.078125,-35381.301513671875,-13158389.340576172
2,False,184,-6357665.3046875,-6765333.953125,-35382.8623046875,-13158382.120117188
2,False,185,-6357660.828125,-6765329.8125,-35384.418701171875,-13158375.059326172
2,False,186,-6357656.3671875,-6765325.8203125,-35385.969970703125,-13158368.157470703
2,False,187,-6357652.0703125,-6765321.8515625,-35387.516845703125,-13158361.438720703
2,False,188,-6357647.7578125,-6765318.046875,-35389.05712890625,-13158354.861816406
2,False,189,-6357643.484375,-6765314.1640625,-35390.59326171875,-13158348.241699219
2,False,190,-6357639.3515625,-6765310.4296875,-35392.122802734375,-13158341.904052734
2,False,191,-6357635.234375,-6765306.78125,-35393.646484375,-13158335.662109375
2,False,192,-6357631.234375,-6765303.125,-35395.1650390625,-13158329.524414062
2,False,193,-6357627.25,-6765299.65625,-35396.676513671875,-13158323.582763672
2,False,194,-6357623.3984375,-6765296.109375,-35398.18359375,-13158317.69140625
2,False,195,-6357619.5234375,-6765292.734375,-35399.68310546875,-13158311.940917969
2,False,196,-6357615.8125,-6765289.3203125,-35401.176513671875,-13158306.309326172
2,False,197,-6357612.0078125,-6765286.0546875,-35402.662841796875,-13158300.725341797
2,False,198,-6357608.375,-6765282.8203125,-35404.141845703125,-13158295.337158203
2,False,199,-6357604.71875,-6765279.609375,-35405.615234375,-13158289.943359375
2,False,200,-6357601.1875,-6765276.4765625,-35407.0810546875,-13158284.745117188
2,False,201,-6357597.625,-6765273.359375,-35408.5380859375,-13158279.522460938
2,False,202,-6357594.203125,-6765270.3515625,-35409.988037109375,-13158274.54272461
2,False,203,-6357590.765625,-6765267.3828125,-35411.4296875,-13158269.578125
2,False,204,-6357587.4921875,-6765264.4375,-35412.8642578125,-13158264.793945312
2,False,205,-6357584.1484375,-6765261.5625,-35414.29052734375,-13158260.001464844
2,False,206,-6357580.921875,-6765258.6953125,-35415.708251953125,-13158255.325439453
2,False,207,-6357577.640625,-6765255.9296875,-35417.11865234375,-13158250.688964844
2,False,208,-6357574.5390625,-6765253.15625,-35418.521728515625,-13158246.217041016
2,False,209,-6357571.359375,-6765250.4609375,-35419.916015625,-13158241.736328125
2,False,210,-6357568.3125,-6765247.796875,-35421.302001953125,-13158237.411376953
2,False,211,-6357565.265625,-6765245.1015625,-35422.6796875,-13158233.046875
2,False,212,-6357562.2734375,-6765242.59375,-35424.049560546875,-13158228.916748047
2,False,213,-6357559.3515625,-6765240.015625,-35425.410888671875,-13158224.778076172
2,False,214,-6357556.3828125,-6765237.515625,-35426.763916015625,-13158220.662353516
2,False,215,-6357553.515625,-6765235.078125,-35428.110595703125,-13158216.704345703
2,False,216,-6357550.703125,-6765232.5625,-35429.447998046875,-13158212.713623047
2,False,217,-6357547.9140625,-6765230.2109375,-35430.777587890625,-13158208.90258789
2,False,218,-6357545.1953125,-6765227.90625,-35432.09814453125,-13158205.199707031
2,False,219,-6357542.4375,-6765225.5859375,-35433.41064453125,-13158201.434082031
2,False,220,-6357539.7890625,-6765223.25,-35434.715576171875,-13158197.754638672
2,False,221,-6357537.1171875,-6765221.046875,-35436.013427734375,-13158194.177490234
2,False,222,-6357534.5234375,-6765218.8046875,-35437.30126953125,-13158190.629394531
2,False,223,-6357532.0,-6765216.6640625,-35438.58154296875,-13158187.245605469
2,False,224,-6357529.375,-6765214.515625,-35439.853271484375,-13158183.743896484
2,False,225,-6357526.8359375,-6765212.40625,-35441.116455078125,-13158180.358642578
2,False,226,-6357524.3984375,-6765210.2890625,-35442.372802734375,-13158177.060302734
2,False,227,-6357521.953125,-6765208.21875,-35443.6201171875,-13158173.791992188
2,False,228,-6357519.5234375,-6765206.2265625,-35444.859130859375,-13158170.60913086
2,False,229,-6357517.21875,-6765204.2265625,-35446.08984375,-13158167.53515625
2,False,230,-6357514.875,-6765202.25,-35447.313232421875,-13158164.438232422
2,False,231,-6357512.5,-6765200.3671875,-35448.5283203125,-13158161.395507812
2,False,232,-6357510.234375,-6765198.421875,-35449.734619140625,-13158158.39086914
2,False,233,-6357507.953125,-6765196.5,-35450.93408203125,-13158155.387207031
2,False,234,-6357505.671875,-6765194.671875,-35452.123779296875,-13158152.467529297
2,False,235,-6357503.46875,-6765192.828125,-35453.306640625,-13158149.603515625
2,False,236,-6357501.265625,-6765191.0078125,-35454.4814453125,-13158146.754882812
2,False,237,-6357499.0859375,-6765189.25,-35455.64794921875,-13158143.983886719
2,False,238,-6357496.9765625,-6765187.4765625,-35456.806884765625,-13158141.260009766
2,False,239,-6357494.8671875,-6765185.7890625,-35457.958740234375,-13158138.614990234
2,False,240,-6357492.7578125,-6765184.1171875,-35459.101806640625,-13158135.97680664
2,False,241,-6357490.734375,-6765182.390625,-35460.238037109375,-13158133.36303711
2,False,242,-6357488.6171875,-6765180.734375,-35461.36376953125,-13158130.715332031
2,False,243,-6357486.6640625,-6765179.0390625,-35462.48681640625,-13158128.189941406
2,False,244,-6357484.6875,-6765177.4765625,-35463.594970703125,-13158125.759033203
2,False,245,-6357482.6875,-6765175.90625,-35464.7060546875,-13158123.299804688
2,False,246,-6357480.671875,-6765174.3046875,-35465.792724609375,-13158120.76928711
2,False,247,-6357478.8828125,-6765172.8203125,-35466.89794921875,-13158118.601074219
2,False,248,-6357476.984375,-6765171.328125,-35467.955322265625,-13158116.267822266
2,False,249,-6357475.078125,-6765169.71875,-35469.067138671875,-13158113.864013672
2,False,250,-6357473.25,-6765168.296875,-35470.08203125,-13158111.62890625
2,False,251,-6357471.4296875,-6765166.7578125,-35471.200439453125,-13158109.387939453
2,False,252,-6357469.5703125,-6765165.3671875,-35472.199951171875,-13158107.137451172
2,False,253,-6357467.734375,-6765163.9140625,-35473.267578125,-13158104.916015625
2,False,254,-6357466.0234375,-6765162.4609375,-35474.319091796875,-13158102.803466797
2,False,255,-6357464.1875,-6765161.1796875,-35475.308837890625,-13158100.67602539
2,False,256,-6357462.4765625,-6765159.765625,-35476.367431640625,-13158098.60961914
2,False,257,-6357460.7734375,-6765158.4375,-35477.3740234375,-13158096.584960938
2,False,258,-6357459.0703125,-6765157.1015625,-35478.359375,-13158094.53125
2,False,259,-6357457.4296875,-6765155.75,-35479.392333984375,-13158092.572021484
2,False,260,-6357455.6875,-6765154.4921875,-35480.369140625,-13158090.548828125
2,False,261,-6357454.078125,-6765153.203125,-35481.34375,-13158088.625
2,False,262,-6357452.5078125,-6765151.8828125,-35482.349365234375,-13158086.739990234
2,False,263,-6357450.796875,-6765150.671875,-35483.302978515625,-13158084.771728516
2,False,264,-6357449.25,-6765149.5,-35484.262939453125,-13158083.012939453
2,False,265,-6357447.640625,-6765148.2265625,-35485.242431640625,-13158081.10961914
2,False,266,-6357446.1171875,-6765147.0078125,-35486.175048828125,-13158079.300048828
2,False,267,-6357444.65625,-6765145.875,-35487.11865234375,-13158077.649902344
2,False,268,-6357443.1171875,-6765144.6796875,-35488.07177734375,-13158075.868652344
2,False,269,-6357441.609375,-6765143.6328125,-35488.9853515625,-13158074.227539062
2,False,270,-6357440.125,-6765142.4453125,-35489.909912109375,-13158072.48022461
2,False,271,-6357438.6171875,-6765141.2734375,-35490.839599609375,-13158070.73022461
2,False,272,-6357437.0859375,-6765140.1953125,-35491.734375,-13158069.015625
2,False,273,-6357435.734375,-6765139.0390625,-35492.64013671875,-13158067.413574219
2,False,274,-6357434.265625,-6765137.9921875,-35493.546875,-13158065.8046875
2,False,275,-6357432.8828125,-6765136.96875,-35494.422607421875,-13158064.274169922
2,False,276,-6357431.4765625,-6765135.8828125,-35495.3095703125,-13158062.668945312
2,False,277,-6357430.1171875,-6765134.8828125,-35496.195068359375,-13158061.19506836
2,False,278,-6357428.671875,-6765133.890625,-35497.052001953125,-13158059.614501953
2,False,279,-6357427.421875,-6765132.8359375,-35497.92041015625,-13158058.178222656
2,False,280,-6357426.0,-6765131.765625,-35498.783447265625,-13158056.549072266
2,False,281,-6357424.6796875,-6765130.8203125,-35499.623779296875,-13158055.123779297
2,False,282,-6357423.40625,-6765129.8515625,-35500.47314453125,-13158053.730957031
2,False,283,-6357422.03125,-6765128.9140625,-35501.314453125,-13158052.259765625
2,False,284,-6357420.8203125,-6765127.9609375,-35502.13818359375,-13158050.919433594
2,False,285,-6357419.5078125,-6765127.0234375,-35502.96923828125,-13158049.500488281
2,False,286,-6357418.265625,-6765126.09375,-35503.790771484375,-13158048.150146484
2,False,287,-6357417.0078125,-6765125.21875,-35504.596435546875,-13158046.822998047
2,False,288,-6357415.78125,-6765124.296875,-35505.40869140625,-13158045.486816406
2,False,289,-6357414.5078125,-6765123.375,-35506.210205078125,-13158044.093017578
2,False,290,-6357413.296875,-6765122.4375,-35506.999755859375,-13158042.73413086
2,False,291,-6357412.0859375,-6765121.6953125,-35507.794189453125,-13158041.575439453
2,False,292,-6357410.953125,-6765120.796875,-35508.576171875,-13158040.326171875
2,False,293,-6357409.71875,-6765119.875,-35509.348876953125,-13158038.942626953
2,False,294,-6357408.6015625,-6765119.0859375,-35510.125,-13158037.8125
2,False,295,-6357407.390625,-6765118.234375,-35510.888916015625,-13158036.513916016
2,False,296,-6357406.2734375,-6765117.4140625,-35511.645751953125,-13158035.333251953
2,False,297,-6357405.1328125,-6765116.6640625,-35512.40283203125,-13158034.199707031
2,False,298,-6357403.96875,-6765115.890625,-35513.1484375,-13158033.0078125
2,False,299,-6357402.9609375,-6765115.0546875,-35513.888671875,-13158031.904296875
2,False,300,-6357401.828125,-6765114.3203125,-35514.631591796875,-13158030.780029297
2,False,301,-6357400.828125,-6765113.484375,-35515.355224609375,-13158029.66772461
2,False,302,-6357399.59375,-6765112.828125,-35516.086181640625,-13158028.50805664
2,False,303,-6357398.71875,-6765111.9609375,-35516.802490234375,-13158027.482177734
2,False,304,-6357397.5,-6765111.421875,-35517.519287109375,-13158026.44116211
2,False,305,-6357396.5078125,-6765110.5234375,-35518.224609375,-13158025.255859375
2,False,306,-6357395.4765625,-6765109.8203125,-35518.93115234375,-13158024.228027344
2,False,307,-6357394.390625,-6765109.1796875,-35519.6279296875,-13158023.198242188
2,False,308,-6357393.515625,-6765108.40625,-35520.31982421875,-13158022.241699219
2,False,309,-6357392.3828125,-6765107.6796875,-35521.00830078125,-13158021.070800781
2,False,310,-6357391.3671875,-6765107.109375,-35521.691162109375,-13158020.16772461
2,False,311,-6357390.5078125,-6765106.3359375,-35522.3623046875,-13158019.206054688
2,False,312,-6357389.359375,-6765105.7578125,-35523.042724609375,-13158018.15991211
2,False,313,-6357388.546875,-6765105.0390625,-35523.699462890625,-13158017.28540039
2,False,314,-6357387.5234375,-6765104.3828125,-35524.367431640625,-13158016.27368164
2,False,315,-6357386.5078125,-6765103.765625,-35525.021240234375,-13158015.294677734
2,False,316,-6357385.640625,-6765103.1015625,-35525.669189453125,-13158014.411376953
2,False,317,-6357384.671875,-6765102.453125,-35526.321044921875,-13158013.446044922
2,False,318,-6357383.8046875,-6765101.8828125,-35526.955810546875,-13158012.643310547
2,False,319,-6357382.8671875,-6765101.21875,-35527.593994140625,-13158011.67993164
2,False,320,-6357381.984375,-6765100.65625,-35528.2265625,-13158010.8671875
2,False,321,-6357381.0859375,-6765100.109375,-35528.847900390625,-13158010.04321289
2,False,322,-6357380.3125,-6765099.4140625,-35529.47509765625,-13158009.201660156
2,False,323,-6357379.3203125,-6765098.84375,-35530.0859375,-13158008.25
2,False,324,-6357378.375,-6765098.203125,-35530.69873046875,-13158007.276855469
2,False,325,-6357377.5390625,-6765097.6953125,-35531.308349609375,-13158006.54272461
2,False,326,-6357376.796875,-6765097.0859375,-35531.90625,-13158005.7890625
2,False,327,-6357375.875,-6765096.6015625,-35532.510009765625,-13158004.986572266
2,False,328,-6357375.125,-6765095.953125,-35533.097900390625,-13158004.17602539
2,False,329,-6357374.15625,-6765095.4921875,-35533.689453125,-13158003.337890625
2,False,330,-6357373.4140625,-6765094.8515625,-35534.26806640625,-13158002.533691406
2,False,331,-6357372.4921875,-6765094.390625,-35534.8544921875,-13158001.737304688
2,False,332,-6357371.7734375,-6765093.828125,-35535.418701171875,-13158001.020263672
2,False,333,-6357370.9296875,-6765093.375,-35536.00048828125,-13158000.305175781
2,False,334,-6357370.2109375,-6765092.7734375,-35536.556884765625,-13157999.541259766
2,False,335,-6357369.34375,-6765092.296875,-35537.121337890625,-13157998.76196289
2,False,336,-6357368.5,-6765091.8203125,-35537.68115234375,-13157998.001464844
2,False,337,-6357367.9140625,-6765091.265625,-35538.22607421875,-13157997.405761719
2,False,338,-6357367.0703125,-6765090.8046875,-35538.782470703125,-13157996.657470703
2,False,339,-6357366.2890625,-6765090.328125,-35539.322021484375,-13157995.939208984
2,False,340,-6357365.5859375,-6765089.7890625,-35539.860595703125,-13157995.235595703
2,False,341,-6357364.8359375,-6765089.390625,-35540.402587890625,-13157994.62915039
2,False,342,-6357364.0546875,-6765088.859375,-35540.92724609375,-13157993.841308594
2,False,343,-6357363.3515625,-6765088.375,-35541.4580078125,-13157993.184570312
2,False,344,-6357362.6171875,-6765087.984375,-35541.983154296875,-13157992.584716797
2,False,345,-6357361.9296875,-6765087.53125,-35542.49658203125,-13157991.957519531
2,False,346,-6357361.2109375,-6765087.0078125,-35543.016845703125,-13157991.235595703
2,False,347,-6357360.515625,-6765086.546875,-35543.525634765625,-13157990.588134766
2,False,348,-6357359.8515625,-6765086.078125,-35544.031005859375,-13157989.96069336
2,False,349,-6357359.09375,-6765085.625,-35544.53857421875,-13157989.257324219
2,False,350,-6357358.4765625,-6765085.1875,-35545.03466796875,-13157988.698730469
2,False,351,-6357357.78125,-6765084.796875,-35545.53076171875,-13157988.108886719
2,False,352,-6357357.1015625,-6765084.390625,-35546.024658203125,-13157987.516845703
2,False,353,-6357356.3984375,-6765083.921875,-35546.509521484375,-13157986.829833984
2,False,354,-6357355.7734375,-6765083.546875,-35546.99560546875,-13157986.315917969
2,False,355,-6357355.1015625,-6765083.1171875,-35547.474853515625,-13157985.693603516
2,False,356,-6357354.5078125,-6765082.703125,-35547.94970703125,-13157985.160644531
2,False,357,-6357353.7421875,-6765082.265625,-35548.426025390625,-13157984.43383789
2,False,358,-6357353.2109375,-6765081.890625,-35548.89208984375,-13157983.993652344
2,False,359,-6357352.578125,-6765081.5,-35549.359130859375,-13157983.43725586
2,False,360,-6357351.9609375,-6765081.078125,-35549.82275390625,-13157982.861816406
2,False,361,-6357351.3828125,-6765080.71875,-35550.278564453125,-13157982.380126953
2,False,362,-6357350.8359375,-6765080.265625,-35550.734375,-13157981.8359375
2,False,363,-6357350.140625,-6765079.9453125,-35551.1875,-13157981.2734375
2,False,364,-6357349.5234375,-6765079.6015625,-35551.6328125,-13157980.7578125
2,False,365,-6357348.953125,-6765079.21875,-35552.077880859375,-13157980.24975586
2,False,366,-6357348.34375,-6765078.859375,-35552.521484375,-13157979.724609375
2,False,367,-6357347.8046875,-6765078.4140625,-35552.956298828125,-13157979.175048828
2,False,368,-6357347.2265625,-6765078.1640625,-35553.394287109375,-13157978.78491211
2,False,369,-6357346.546875,-6765077.75,-35553.821533203125,-13157978.118408203
2,False,370,-6357346.0390625,-6765077.4453125,-35554.253662109375,-13157977.73803711
2,False,371,-6357345.484375,-6765077.1015625,-35554.6728515625,-13157977.258789062
2,False,372,-6357344.9609375,-6765076.671875,-35555.10205078125,-13157976.734863281
2,False,373,-6357344.421875,-6765076.3359375,-35555.507080078125,-13157976.264892578
2,False,374,-6357343.8125,-6765075.9921875,-35555.940673828125,-13157975.745361328
2,False,375,-6357343.3203125,-6765075.640625,-35556.328857421875,-13157975.289794922
2,False,376,-6357342.8125,-6765075.34375,-35556.76171875,-13157974.91796875
2,False,377,-6357342.25,-6765075.0546875,-35557.142333984375,-13157974.447021484
2,False,378,-6357341.8359375,-6765074.65625,-35557.5732421875,-13157974.065429688
2,False,379,-6357341.2734375,-6765074.375,-35557.938232421875,-13157973.586669922
2,False,380,-6357340.8046875,-6765074.03125,-35558.37353515625,-13157973.209472656
2,False,381,-6357340.15625,-6765073.734375,-35558.72998046875,-13157972.620605469
2,False,382,-6357339.6328125,-6765073.421875,-35559.141357421875,-13157972.196044922
2,False,383,-6357339.1875,-6765073.046875,-35559.5302734375,-13157971.764648438
2,False,384,-6357338.6875,-6765072.78125,-35559.892822265625,-13157971.361572266
2,False,385,-6357338.109375,-6765072.421875,-35560.304931640625,-13157970.83618164
2,False,386,-6357337.625,-6765072.125,-35560.66259765625,-13157970.412597656
2,False,387,-6357337.125,-6765071.859375,-35561.039794921875,-13157970.024169922
2,False,388,-6357336.671875,-6765071.5703125,-35561.43017578125,-13157969.672363281
2,False,389,-6357336.2734375,-6765071.3125,-35561.779052734375,-13157969.364990234
2,False,390,-6357335.6796875,-6765071.0078125,-35562.15869140625,-13157968.846191406
2,False,391,-6357335.2421875,-6765070.6875,-35562.5263671875,-13157968.456054688
2,False,392,-6357334.8125,-6765070.34375,-35562.873046875,-13157968.029296875
2,False,393,-6357334.2734375,-6765070.1484375,-35563.248291015625,-13157967.670166016
2,False,394,-6357333.7734375,-6765069.84375,-35563.599365234375,-13157967.216552734
2,False,395,-6357333.4765625,-6765069.5625,-35563.946044921875,-13157966.985107422
2,False,396,-6357332.9921875,-6765069.203125,-35564.311279296875,-13157966.506591797
2,False,397,-6357332.421875,-6765069.015625,-35564.65087890625,-13157966.088378906
2,False,398,-6357332.0078125,-6765068.78125,-35564.99609375,-13157965.78515625
2,False,399,-6357331.640625,-6765068.5,-35565.348876953125,-13157965.489501953
2,False,400,-6357331.140625,-6765068.1640625,-35565.6796875,-13157964.984375
2,False,401,-6357330.6875,-6765067.9453125,-35566.021484375,-13157964.654296875
2,False,402,-6357330.3203125,-6765067.671875,-35566.361083984375,-13157964.353271484
2,False,403,-6357329.8671875,-6765067.4453125,-35566.6865234375,-13157963.999023438
2,False,404,-6357329.4140625,-6765067.21875,-35567.0224609375,-13157963.655273438
2,False,405,-6357328.984375,-6765066.9140625,-35567.353271484375,-13157963.251708984
2,False,406,-6357328.625,-6765066.6953125,-35567.671142578125,-13157962.991455078
2,False,407,-6357328.171875,-6765066.4375,-35568.001220703125,-13157962.610595703
2,False,408,-6357327.796875,-6765066.15625,-35568.32177734375,-13157962.274902344
2,False,409,-6357327.359375,-6765066.0234375,-35568.635498046875,-13157962.018310547
2,False,410,-6357326.90625,-6765065.7109375,-35568.9580078125,-13157961.575195312
2,False,411,-6357326.515625,-6765065.4765625,-35569.268798828125,-13157961.260986328
2,False,412,-6357326.203125,-6765065.1640625,-35569.578369140625,-13157960.94555664
2,False,413,-6357325.8203125,-6765065.0078125,-35569.8935546875,-13157960.721679688
2,False,414,-6357325.4140625,-6765064.765625,-35570.195556640625,-13157960.37524414
2,False,415,-6357324.96875,-6765064.546875,-35570.50048828125,-13157960.016113281
2,False,416,-6357324.6328125,-6765064.3515625,-35570.806396484375,-13157959.790771484
2,False,417,-6357324.2421875,-6765064.1015625,-35571.1005859375,-13157959.444335938
2,False,418,-6357323.859375,-6765063.8671875,-35571.403564453125,-13157959.130126953
2,False,419,-6357323.5234375,-6765063.6171875,-35571.69970703125,-13157958.840332031
2,False,420,-6357323.109375,-6765063.40625,-35571.989990234375,-13157958.505615234
2,False,421,-6357322.7734375,-6765063.1796875,-35572.285400390625,-13157958.23852539
2,False,422,-6357322.4375,-6765063.015625,-35572.572998046875,-13157958.026123047
2,False,423,-6357322.046875,-6765062.765625,-35572.857177734375,-13157957.669677734
2,False,424,-6357321.7109375,-6765062.546875,-35573.148681640625,-13157957.40649414
2,False,425,-6357321.375,-6765062.3515625,-35573.426513671875,-13157957.153076172
2,False,426,-6357320.9609375,-6765062.0859375,-35573.708740234375,-13157956.755615234
2,False,427,-6357320.6328125,-6765061.9140625,-35573.990478515625,-13157956.537353516
2,False,428,-6357320.34375,-6765061.7109375,-35574.262451171875,-13157956.317138672
2,False,429,-6357319.9296875,-6765061.53125,-35574.54150390625,-13157956.002441406
2,False,430,-6357319.5546875,-6765061.390625,-35574.813232421875,-13157955.758544922
2,False,431,-6357319.25,-6765061.1640625,-35575.08203125,-13157955.49609375
2,False,432,-6357318.9140625,-6765060.921875,-35575.35498046875,-13157955.190917969
2,False,433,-6357318.5390625,-6765060.71875,-35575.618408203125,-13157954.876220703
2,False,434,-6357318.2890625,-6765060.59375,-35575.88330078125,-13157954.766113281
2,False,435,-6357317.8828125,-6765060.4296875,-35576.149658203125,-13157954.462158203
2,False,436,-6357317.6171875,-6765060.140625,-35576.406005859375,-13157954.16381836
2,False,437,-6357317.3515625,-6765059.9609375,-35576.6689453125,-13157953.981445312
2,False,438,-6357316.984375,-6765059.828125,-35576.9248046875,-13157953.737304688
2,False,439,-6357316.671875,-6765059.59375,-35577.1806640625,-13157953.446289062
2,False,440,-6357316.3125,-6765059.4453125,-35577.433349609375,-13157953.19116211
2,False,441,-6357316.0234375,-6765059.2421875,-35577.688720703125,-13157952.954345703
2,False,442,-6357315.703125,-6765059.1015625,-35577.93115234375,-13157952.735839844
2,False,443,-6357315.390625,-6765058.875,-35578.18994140625,-13157952.455566406
2,False,444,-6357315.1640625,-6765058.6953125,-35578.421630859375,-13157952.28100586
2,False,445,-6357314.8046875,-6765058.5625,-35578.68408203125,-13157952.051269531
2,False,446,-6357314.484375,-6765058.3984375,-35578.904296875,-13157951.787109375
2,False,447,-6357314.265625,-6765058.140625,-35579.17724609375,-13157951.583496094
2,False,448,-6357313.9375,-6765058.0546875,-35579.3740234375,-13157951.366210938
2,False,449,-6357313.7265625,-6765057.8203125,-35579.661376953125,-13157951.208251953
2,False,450,-6357313.3984375,-6765057.6484375,-35579.851806640625,-13157950.89868164
2,False,451,-6357313.015625,-6765057.4375,-35580.11083984375,-13157950.563964844
2,False,452,-6357312.7109375,-6765057.328125,-35580.345703125,-13157950.384765625
2,False,453,-6357312.4609375,-6765057.2265625,-35580.55224609375,-13157950.239746094
2,False,454,-6357312.2421875,-6765057.015625,-35580.81298828125,-13157950.070800781
2,False,455,-6357311.8671875,-6765056.9140625,-35581.02099609375,-13157949.802246094
2,False,456,-6357311.5859375,-6765056.625,-35581.242919921875,-13157949.453857422
2,False,457,-6357311.40625,-6765056.5625,-35581.4892578125,-13157949.458007812
2,False,458,-6357311.171875,-6765056.390625,-35581.689697265625,-13157949.252197266
2,False,459,-6357310.8828125,-6765056.265625,-35581.920166015625,-13157949.068603516
2,False,460,-6357310.5390625,-6765056.0625,-35582.146728515625,-13157948.748291016
2,False,461,-6357310.28125,-6765055.96875,-35582.3486328125,-13157948.598632812
2,False,462,-6357309.9609375,-6765055.8046875,-35582.576171875,-13157948.341796875
2,False,463,-6357309.734375,-6765055.6875,-35582.794677734375,-13157948.216552734
2,False,464,-6357309.5078125,-6765055.4453125,-35582.99169921875,-13157947.944824219
2,False,465,-6357309.2890625,-6765055.359375,-35583.22021484375,-13157947.868652344
2,False,466,-6357308.984375,-6765055.171875,-35583.42333984375,-13157947.579589844
2,False,467,-6357308.75,-6765055.0546875,-35583.6298828125,-13157947.434570312
2,False,468,-6357308.5234375,-6765054.90625,-35583.84033203125,-13157947.270019531
2,False,469,-6357308.1484375,-6765054.75,-35584.05224609375,-13157946.950683594
2,False,470,-6357307.9296875,-6765054.640625,-35584.23583984375,-13157946.806152344
2,False,471,-6357307.734375,-6765054.46875,-35584.47412109375,-13157946.677246094
2,False,472,-6357307.4765625,-6765054.4140625,-35584.63427734375,-13157946.524902344
2,False,473,-6357307.2734375,-6765054.2265625,-35584.875732421875,-13157946.375732422
2,False,474,-6357307.015625,-6765054.109375,-35585.03515625,-13157946.16015625
2,False,475,-6357306.8203125,-6765053.8828125,-35585.27197265625,-13157945.975097656
2,False,476,-6357306.5,-6765053.84375,-35585.43115234375,-13157945.774902344
2,False,477,-6357306.2890625,-6765053.671875,-35585.650634765625,-13157945.611572266
2,False,478,-6357306.0390625,-6765053.5,-35585.83740234375,-13157945.376464844
2,False,479,-6357305.828125,-6765053.4140625,-35586.013916015625,-13157945.256103516
2,False,480,-6357305.6875,-6765053.2421875,-35586.237548828125,-13157945.167236328
2,False,481,-6357305.421875,-6765053.2265625,-35586.39013671875,-13157945.038574219
2,False,482,-6357305.15625,-6765052.984375,-35586.60107421875,-13157944.741699219
2,False,483,-6357304.875,-6765052.890625,-35586.7890625,-13157944.5546875
2,False,484,-6357304.65625,-6765052.7890625,-35586.95068359375,-13157944.395996094
2,False,485,-6357304.46875,-6765052.609375,-35587.166015625,-13157944.244140625
2,False,486,-6357304.21875,-6765052.5390625,-35587.325927734375,-13157944.083740234
2,False,487,-6357303.9921875,-6765052.390625,-35587.50927734375,-13157943.892089844
