spot_id,CD14 Mono,CD4 Naive,CD8 Naive,CD4 TCM,CD16 Mono,NK,CD8 TEM_1,CD8 TEM_2,Intermediate B,Memory B,CD4 TEM,cDC,Treg,gdT,MAIT,Naive B
spot_0000,0.22484604421336565,0.07104720660710093,0.2728809306129496,0.12072933507533802,0.02521574164042884,0.0025926290193306256,0.02086003197807262,0.002016676909647709,0.049084887562897084,0.05702462286215042,0.011077829168895582,0.08248074279658942,0.033774144945325435,0.0021575932005150913,0.010306058401846554,0.013905525005546407
spot_0001,0.009533907846743525,0.06850657456283568,0.1968832933205819,0.049252495307125964,0.06641219513805519,0.11333912090314274,0.08027085563118479,0.022384258084997638,0.11462327025137976,0.07353669356116295,0.020460222297614804,0.004200103139716463,0.022516752325690385,0.014019164435986477,0.01605014836695133,0.1280109448268304
spot_0002,0.1890234597186548,0.014998414983778878,0.014651808772028914,0.2039995170531136,0.20609145230492157,0.01565305791383738,0.09847852219866722,0.039337094742022884,0.004853136797391976,0.002176774015193714,0.04195193310858052,0.03986478453435304,0.032243559236899005,0.01932184453378237,0.07076249100729362,0.006592149079480517
spot_0003,0.06104550151969482,0.3817284158534242,0.207491647550833,0.15876636478867806,0.07974974223323128,0.008802734620755016,0.004391762339371087,0.03197298231797263,0.00038819274476342437,0.0003779129201801013,0.025479302268843693,0.0023965122309808086,0.026301595207739302,0.008765686750070183,0.0019277795239780158,0.0004138671294843872
spot_0004,0.025977890101867216,0.10316352822121705,0.10032412206986968,0.16356711179625527,0.1423803566353538,0.07076359738268476,0.036080146353997325,0.0517074001139393,0.05591768311354576,0.0633354382773348,0.03779046001135382,0.0022248829994542256,0.09179879754203014,0.026693548670631027,0.01070733186344474,0.01756770484702109
spot_0005,0.09830278309667573,0.06744213222382958,0.2638008743313996,0.012450578774411665,0.01186383829719647,0.14644755299565748,0.057516801148976615,0.032130565292808125,0.046349368349975974,0.12071995837917607,0.005008109060631869,0.009597631238545895,0.01921863653807064,0.05046700066425351,0.03991097481844651,0.0187731947899443
spot_0006,0.02783559676852027,0.21193522033519127,0.1610574235068066,0.026263256224519953,0.007677395179487983,0.12206879563222012,0.013076483460149469,0.026367775616148965,0.08810857933699273,0.05178730431240167,0.12505366752660504,0.033071971217930915,0.02426380273922549,0.04706207064164342,0.02251047752080351,0.011860179981352555
spot_0007,0.006901487722608164,0.15643765616273966,0.2888949204220119,0.09945480831148126,0.12409867460980825,0.0010341883952483262,0.003122011844826301,0.0015047002162806111,0.10768176560092405,0.037876461659447816,0.007352340945938641,0.002810900079196198,0.04613554667002663,0.0011913957010770322,0.0015031097256203458,0.11400003193276477
spot_0008,0.3091621808725963,0.221493897399176,0.10278051587857441,0.15272797982993425,0.017555492583325366,0.0018895191121523517,0.012631649071982977,0.015567330460615553,0.02773916559959282,0.004988926236842123,0.07027434232266391,0.01271705513100964,0.009923504365851939,0.002773635926446105,0.02195592483177251,0.015818880377463776
spot_0009,0.36218188419442715,0.23737996656911076,0.15650143722645574,0.016320901229536743,0.03356138864733751,0.005829716325308075,0.005708501467181131,0.0041936037112169575,0.04289947936376354,0.01185128054190859,0.034865881240953196,0.04354872847379257,0.006580092193501134,0.003041791064319503,0.02792318747114722,0.00761216028004017
spot_0010,0.6607271758394119,0.06853661486666544,0.08722964490723407,0.012417077214763726,0.013102642048035563,0.00961692182255603,0.010761044033139263,0.003084737560389987,0.001287111482471359,0.0018443599791568611,0.004337735960635407,0.08797686259150965,0.031513851930972135,0.002557838919960066,0.0037787800181241153,0.001227600824974483
spot_0011,0.0884517175026483,0.47810564736890254,0.3076588434490029,0.06508393366617946,0.01147417170587473,0.002093119016071199,0.008153927236958016,0.0021101250552837446,0.0015602564586766575,0.0031238784249704877,0.0037631036492729733,0.002415080483095585,0.02072140903801523,0.0016140248472282456,0.0015791730309791124,0.002091589066840845
spot_0012,0.35526768025731154,0.20117503969885053,0.3190982607936423,0.021676407242698266,0.007813163250538893,0.0019327398625970118,0.0029213283459193313,0.0021010858972064198,0.0014308127542783976,0.0013288761352323788,0.02695542483125588,0.012600065060111834,0.03865711874618456,0.0021093906823411064,0.0035290256491935152,0.0014035807926380372
spot_0013,0.23478979518740203,0.0398399320423677,0.1520854770210423,0.16401773779333365,0.058051854599214955,0.07225270955591089,0.021687282431897156,0.013966266794357125,0.06214719273008025,0.029968282364389004,0.09301661759920028,0.004564160288879128,0.009431403908620802,0.014517478142520558,0.00962923965580028,0.02003456988498388
spot_0014,0.2989487103484653,0.17472369805225785,0.14500915019749785,0.1568117220214171,0.0036755240994143204,0.0015800899664858814,0.002776980774456842,0.0012536088843192097,0.05032190022753383,0.005948626533786833,0.10623099668049264,0.005500215628267449,0.011431283753486031,0.0012478849572495497,0.022931167466546273,0.011608440408323048
spot_0015,0.20056768540455136,0.3230236557103207,0.25088659883368264,0.08520707275004155,0.03888362698002917,0.0016256064033377314,0.008014198688981065,0.0022709651281524967,0.0007854292404868261,0.0009529663227688946,0.04131744402123678,0.004085089380862835,0.03644360519030653,0.001681757455050523,0.0035335580690146304,0.0007207404211762636
spot_0016,0.47155155217160394,0.24012818372330488,0.009769558388926002,0.07463422106276604,0.027161484548510324,0.001511554830238519,0.003102835923779337,0.0014894684878132471,0.04819823887080706,0.03700756105105031,0.01410426634486654,0.017849103264867,0.008022952795236278,0.0014908903295839607,0.002148764791819429,0.041829363414827105
spot_0017,0.3956046641754018,0.1900458790537741,0.1152007573959043,0.04920210518773785,0.011797962029843293,0.006757526382825476,0.09850579966615568,0.03927656538384451,0.000984089388308974,0.0007290783507233162,0.00951382561179888,0.0050967026243473705,0.019198677845458312,0.01060566311008914,0.04643215902077131,0.0010485447730157105
spot_0018,0.3419095051625012,0.01739478609347366,0.00825868659722325,0.11605014776223198,0.06606730539397657,0.1298539482291539,0.012176550107564939,0.04214379991504412,0.05315495544757092,0.0037423757054374967,0.027336637332915706,0.032308268698852734,0.05152237691901321,0.0841198641391723,0.0030656570603437125,0.01089513543552434
spot_0019,0.6724414909877491,0.0017656766960336518,0.0016996201306069365,0.00146391247258341,0.026708847752423784,0.0013490100006525712,0.0013570791624021904,0.0012119256861696627,0.1085324727297458,0.1014187099027779,0.0012591051985749327,0.061430332950218894,0.0019071979200640193,0.0012195337490976104,0.0010067930460081987,0.015228291614891396
spot_0020,0.07596596091461225,0.15936860434776007,0.4218548723295824,0.13436015367880144,0.0033612280707897312,0.004882673731361042,0.06060987176499102,0.05578586128679157,0.0009185933873199345,0.0006980052417323691,0.01382494566310679,0.00330795428800618,0.015608526826111182,0.020407803280282983,0.02815864395145304,0.0008863012372979823
spot_0021,0.20687186762476856,0.23701965436488612,0.14916774167731486,0.008044718893913276,0.02933614546053262,0.05351228091068944,0.06053291824559796,0.019210195384152185,0.06385847406927002,0.010976038175611283,0.0026735541530949944,0.08546344945654546,0.005539465250840384,0.028911299609231996,0.0035633483619557423,0.03531884836159508
spot_0022,0.469940810922935,0.019762802964534806,0.05465027391321106,0.04589559519108777,0.010843035096552026,0.06464427656530472,0.07405966461114002,0.02755243787763535,0.003172272818609156,0.0037766868596748136,0.04425385711935138,0.006259701554907049,0.0777843295361247,0.013521704552150925,0.08240111926487076,0.0014814311519104515
spot_0023,0.17466347505315222,0.029889423573055636,0.14259995366314113,0.29231732016814066,0.03189238122477151,0.019924380768363965,0.12344929496557638,0.018584524457758645,0.004460113091058815,0.04864090042485496,0.03378247040144702,0.022852516738514832,0.019961063972503638,0.017545377218812518,0.014016037116027452,0.0054207671628206154
spot_0024,0.006466858906088637,0.24437938647951768,0.25376091305424414,0.20147310960094855,0.013161134354467816,0.0015133825200110834,0.004135729687415783,0.001985326207817894,0.0028702525269842395,0.0023787670099273037,0.09584115368849525,0.12615379537143276,0.03285403454924345,0.001997779653080453,0.008783579285211304,0.0022447971051136706
spot_0025,0.10377544491811973,0.03913439485709359,0.14717750425474802,0.28682739384714273,0.004439400542129497,0.02996344992300139,0.1447955405583368,0.025004218615218572,0.001284186278198734,0.0009482417993461046,0.053946359101774845,0.01236480645898216,0.00850885567829659,0.03750369220878551,0.10322021342220059,0.0011062975366251462
spot_0026,0.34170706564119624,0.09881081819663441,0.14974505890222528,0.07192639404240526,0.04227127731211933,0.0054740021732455225,0.04085086629374557,0.04953553764118183,0.0010544950557188576,0.0009587851256359874,0.03221627647304439,0.02064516446207297,0.005673620643451237,0.048271002501659464,0.0898860568783483,0.0009735786573153483
spot_0027,0.38752920973080685,0.06829155999217432,0.09372690500077309,0.1604785873714942,0.11322150337252118,0.0013304418556516016,0.0613095561577741,0.014963095829076659,0.0011427380595920784,0.0010785344472122513,0.0030458603913980247,0.058800519090861335,0.02117010327166158,0.0027600242218146593,0.009835915741230352,0.0013154454659577077
spot_0028,0.10188115553540261,0.029245302494363898,0.1727468237691838,0.03319464904429069,0.08102767475066784,0.16456960801883447,0.027896454273442603,0.03536106229308505,0.11699345095553156,0.02444243556842012,0.018574984817955244,0.021071702478462746,0.024967701795553528,0.08384535196730697,0.02632636956345036,0.03785527267404853
spot_0029,0.2650671713667509,0.1802695150648456,0.43398511393985084,0.0043681028036338864,0.031859696080751156,0.0062279657903731595,0.010356893224063284,0.008007238913444091,0.0010134771606182,0.0010792472458886254,0.0040768152563168784,0.00648340200683827,0.004899653609915624,0.008416040151128174,0.03298904740161791,0.0009006199839633912
spot_0030,0.5519207201332292,0.09702356900921855,0.12325857518614934,0.01313357666801347,0.006126837610442529,0.05394567584191373,0.01617014416972275,0.017361860097519666,0.026876730877823527,0.0120424294979309,0.006593174281465674,0.014141515842550035,0.018287909569284447,0.02343306497513604,0.003793469770115296,0.015890746469484754
spot_0031,0.0007624008436466176,0.42541448358879447,0.12367462197666304,0.06669253982915568,0.0006566971482284806,0.1348759831814148,0.011404062623405382,0.005622651978262953,0.00065711810303752,0.0005284476981878052,0.13280402882045428,0.0005518929381829491,0.04552801201476539,0.01157901403253328,0.038467995112841935,0.0007800501104253711
spot_0032,0.24808385921438061,0.055509063136403226,0.2326244092811883,0.03328148543447844,0.17327917735108256,0.09802338120103737,0.021533840070879242,0.012129134421507618,0.027987439938028533,0.03205258449423577,0.009388361870802518,0.02009492415343531,0.021397258168170435,0.004616905276227625,0.004932432765310253,0.005065743222832146
spot_0033,0.34881179925464423,0.033993128821987025,0.08982698744236113,0.22223131419261974,0.1218778305870958,0.0029546449681852652,0.028566423493043544,0.007064824234977828,0.0010314613469898815,0.0010366316425022616,0.06493241943670473,0.03039206182746455,0.02671691268795572,0.0036475432791232216,0.016060520491329784,0.0008554962930153101
spot_0034,0.15900972014314266,0.22051046068989918,0.33466893446034257,0.00907327259790317,0.041092240807057125,0.06625714598968678,0.0075232910969068555,0.009935960206925894,0.014006030052631806,0.007432228606688957,0.02574273049404676,0.07606990377651256,0.006372698749450518,0.011165274502465973,0.0029109517683334547,0.008229156058005725
spot_0035,0.23333494913026898,0.29361838612104857,0.21388303827837238,0.10970368017606359,0.029074735023064624,0.0009255361523463632,0.0027141714990785576,0.0011385513426164968,0.05554759358832379,0.014133709956124963,0.01128251439654603,0.007899482282989674,0.012509509983974296,0.0009394981094672724,0.0012849057459596285,0.01200973821375475
spot_0036,0.3883723364600592,0.19918042219728152,0.21662221436251478,0.009897719251113322,0.08941614475442186,0.012783621609872559,0.0029738135153723907,0.00208869276823396,0.0006588600930162124,0.0008060877556070662,0.007681442441615073,0.057104700088462225,0.003862485442398638,0.003396571617425988,0.004314876528270703,0.0008400111143344714
spot_0037,0.19994162781545852,0.014597895128008046,0.08667944783557684,0.2540266793412245,0.045103340954537566,0.0427971845501686,0.006387231171618362,0.003133279308726273,0.023067496404835214,0.10322351149043545,0.07389419857139826,0.04502838031606831,0.04201788963740071,0.005120913681598358,0.015144374928453351,0.0398365488644916
spot_0038,0.3129186957344791,0.11779437215984329,0.21482855650742316,0.05482654908536371,0.0057303246054671315,0.04285942857441393,0.017741989152713415,0.008214580350353684,0.01908131221150958,0.052475004856660755,0.031117896869943085,0.02256808657495195,0.03671522702869211,0.01301849465104695,0.03992873323455371,0.010180748402584459
spot_0039,0.15694578284060925,0.23108158646336227,0.20815888847146974,0.0683146565584547,0.01624197482656221,0.029364998891792362,0.06950088594339164,0.011774818811288723,0.0121625377782968,0.05087105560911065,0.005232694565130992,0.019929134402602324,0.038087408298302754,0.07461272356312969,0.0026346314978931778,0.0050862214786027045
spot_0040,0.04822459123072887,0.12529870083350828,0.31574999445783225,0.06745217720884376,0.07231161256266427,0.005079476765243763,0.019064410354140728,0.00823148830965282,0.012342663501098899,0.08082148728785235,0.09114092941250189,0.06618520619522782,0.023044499673874248,0.024156425016530567,0.035269550934909084,0.005626786255390441
spot_0041,0.347910611274638,0.007724290038436298,0.04007351515442312,0.13976582051372535,0.012675177831060843,0.05040287354953317,0.026926353462529123,0.08282894827882978,0.0724066406652137,0.03386724694867061,0.02966602757681098,0.05945826004734073,0.010947809455916425,0.03286413032085441,0.027784955873863648,0.024697339008153803
spot_0042,0.18815255943407083,0.14951824693849847,0.07579749357690278,0.07951086453394175,0.023663524090729922,0.016743941702907227,0.013177877052626331,0.05360520930953073,0.13857207994689782,0.05950391093671549,0.028333175801747355,0.027122845183293,0.006407675527826098,0.039328592069188414,0.013651992494801424,0.08691001140032234
spot_0043,0.2531073383805931,0.0717988519588086,0.11811783269501722,0.08211834568867786,0.08941703693090272,0.16774194667530715,0.10614618622015844,0.025211359458151388,0.00048182862321145543,0.0004698981484756658,0.004708106310573185,0.0030628842701288655,0.030811604835021985,0.04022581056912506,0.0061208054877669275,0.00046016374808035263
spot_0044,0.2957551809837496,0.1198123773160249,0.3505658067502284,0.08705397750870417,0.076708758044297,0.0016855050762423721,0.013538007339747457,0.0028036581891702243,0.0009716261869565768,0.0012406076269331956,0.014336932703170359,0.0033424332668948414,0.0139428922344576,0.0026644067027390855,0.014341630722242048,0.0012361993484422198
spot_0045,0.31333857374655194,0.03668064867967981,0.028722515678664684,0.1393926394588895,0.02274515953869607,0.02768928926536141,0.008670927451282064,0.009508918549451767,0.10754686969668578,0.03879500846039024,0.0448167184269801,0.11803628897271118,0.01646174312887721,0.017461601325419792,0.0332452067535633,0.036887890866795135
spot_0046,0.4235069871435005,0.004779770241300924,0.008193124672084396,0.051435850882887574,0.2475686237591872,0.01434080120210526,0.044638477430635856,0.004493386125583832,0.0019992544915147384,0.0018601516538810634,0.09285383049125084,0.028793359120540585,0.012679598146317765,0.00395349270338151,0.05694420359712463,0.0019590883387033266
spot_0047,0.14210473437920526,0.20435452385343011,0.10263125558521476,0.27231950149430795,0.034142268994428855,0.01196804646888386,0.013349642591270586,0.008329287872198565,0.0029721663373853454,0.025791841130205887,0.033103824076497014,0.008665296381012773,0.09101254201416077,0.02973029867543998,0.004686190017602684,0.014838580128755613
spot_0048,0.22540890284097995,0.023805889132623527,0.129074704515034,0.06657846310955719,0.10948418128395963,0.13775289514961744,0.05440123579315,0.08163827277883486,0.020080193417033824,0.03550367333436357,0.027460449021531004,0.00903807595891264,0.011851254001290334,0.02830092676384958,0.02731919705081336,0.0123016858484491
spot_0049,0.19803530476401038,0.24577811337123778,0.2263202696977471,0.024426609692694865,0.0116533170904044,0.000818757836746302,0.0036703059019355245,0.0010415328720323584,0.14203466219025945,0.019765798043854196,0.00815286410785837,0.05217096915806953,0.04590647520281265,0.0009377114223042348,0.0013803008011550747,0.01790700784687777
spot_0050,0.3207182497710968,0.07259835896365643,0.11654135219110492,0.20550142121689488,0.009303369387117136,0.001793976685705213,0.0023494161404900896,0.0022028394403505384,0.036369293951934945,0.0036424774083786125,0.14472959583529937,0.01822156948366392,0.017102849708432344,0.0018412062195881159,0.003129394922357569,0.043954628673929096
spot_0051,0.48629085593777316,0.16058063051503144,0.10026176542241805,0.07582233593127585,0.007342148986415224,0.04722139650330413,0.014250606571354468,0.005469507581109039,0.0005486535451186269,0.0005144696338625121,0.05353878617683454,0.008958619449942938,0.008714718828308205,0.008798037745651124,0.02118658555398961,0.0005008816176111056
spot_0052,0.7036184339318904,0.1303889152485205,0.011935913519481338,0.08198116218814075,0.0303684799017371,0.0010976905261749878,0.001642512249260016,0.001049668623547247,0.0008120573366383814,0.0009258224693398447,0.008503612182380367,0.011701406669600326,0.010910300225835794,0.001064168357340562,0.002779092084275903,0.0012207644858364625
spot_0053,0.45621019867145757,0.06485809842676617,0.13797787646794882,0.10350669073845949,0.0066908197813928,0.07788018138761213,0.03921905395380148,0.009807349683850693,0.0009670395761058411,0.0007500400024552199,0.029130064115470214,0.01623655855072169,0.007495041785393142,0.017430112733792816,0.03092821500743776,0.0009126591173342032
spot_0054,0.17136686231538117,0.13921317830332572,0.2375872846360666,0.07764143559910622,0.07636493742245386,0.0009547527374069011,0.002555693946641475,0.0010797114455053456,0.12794817574370404,0.033104626204792396,0.051051379415837116,0.021180240054539674,0.014965684276227251,0.0009455603761433951,0.0031652321540203343,0.040875245368848505
spot_0055,0.17011231499285917,0.12079173584314691,0.21917944904059317,0.1226877049656305,0.05705504947314717,0.011760208553731928,0.08285328258592485,0.043149437494904665,0.021691384646734882,0.015198681397547294,0.045820249470539684,0.03701110012607973,0.00973670691715622,0.014332333001850342,0.016177388374291203,0.012442973115862309
spot_0056,0.18179557091017423,0.33134560086485815,0.10266502827469637,0.03085518868314375,0.004485899177163763,0.1096362459793816,0.040298182896952056,0.031178070230230965,0.0210979844200367,0.015322033994879825,0.009472873017038072,0.003519208027514512,0.056398912245339536,0.02349741535871798,0.005303491637412805,0.03312829428245968
spot_0057,0.28406228884611245,0.06665269980162822,0.10118346827999508,0.02107913900445758,0.1330563678703636,0.0016490233558046727,0.002821508294713516,0.0019127034040610706,0.13292027256305705,0.10626979299360079,0.03313527299284713,0.0065938346947069645,0.023972395061277952,0.001539778251526588,0.004521169232237324,0.07863028535360998
spot_0058,0.16572857600151683,0.23971433006222276,0.1459924692835754,0.08877893891437319,0.018088355605595192,0.05669683754621716,0.006748549194462375,0.017456052004674164,0.009206129538183885,0.08600629304238327,0.08443870642162593,0.007076590084319596,0.013261357354998619,0.008102561523213786,0.03965626202435341,0.013047991398284423
spot_0059,0.18167217743586633,0.11568285707439341,0.0461022084783168,0.017917614659453594,0.052489551157633096,0.03234934807016586,0.048775937871667154,0.13167903246947898,0.1525694019956181,0.02055345346661448,0.05156872562412519,0.004118218270023945,0.02600438371330739,0.04261748620475263,0.020338300590368043,0.05556130291821496
spot_0060,0.49696685259780315,0.11418348747625773,0.10881878680365793,0.0036681261574269186,0.025444059448473253,0.08896271019367019,0.008261549507783213,0.013176199754196129,0.052929749822411006,0.004963373092482688,0.0021371408281626527,0.041285121094809356,0.005996362692578674,0.008089048495727736,0.0019234782926879496,0.02319395374187139
spot_0061,0.4388305930716157,0.04268547458718996,0.1791954655987166,0.006723801969654717,0.024943584489375368,0.14810728641056145,0.00832515255601539,0.0040025696138762425,0.011019197099040237,0.04344212440939733,0.013710637218905213,0.015185239692183746,0.00383903919116719,0.015774620941681555,0.037630309423206755,0.006584903727412572
spot_0062,0.3514894073513781,0.2533961659734772,0.09462185933785994,0.24922819545058877,0.01343526878285289,0.0015796496988577382,0.0021088841209076724,0.001163084186279567,0.0009553672972974841,0.0008597402242261157,0.01416991760895235,0.00798876297456262,0.00557546339053494,0.0010964761427446853,0.0013457354044674684,0.0009860220550124365
spot_0063,0.5003113551771937,0.007219723766972124,0.008033393548296438,0.10778961795658784,0.06726693434579403,0.0019217703993595827,0.0045757931888744,0.002071278583076567,0.0015110350695753613,0.0019425349427992953,0.256577058350533,0.021489517953180503,0.005073217206122736,0.0017270298261814689,0.010651487445113007,0.0018382522403398893
spot_0064,0.40613434101877743,0.15608553591326005,0.15510231756160892,0.016022445190546984,0.08658561133618631,0.047245952926767455,0.038509380864986946,0.03297616663653882,0.000803292096078982,0.000690659304619631,0.005176807954786988,0.006489112286383263,0.008271654446654906,0.03255684202923655,0.006474543350124857,0.0008753370834419292
spot_0065,0.3352157358428301,0.48227049458516286,0.11803556518230157,0.010250416085674372,0.0040773954181804505,0.0016979965417438735,0.00206818224229503,0.0013300081004100517,0.001443666124395117,0.0014633076076792189,0.020222548930291618,0.002661586916097009,0.013796600398796769,0.0014540337375538398,0.0026422764451761453,0.0013701858414120018
spot_0066,0.18143344232317643,0.15389457479287943,0.10367371988552597,0.0826204202287478,0.07176727146746438,0.17568121380905408,0.01035524844861224,0.0062802528767726485,0.0008134044050949442,0.001424162049566561,0.04078553621015776,0.1078053450889491,0.04279789386162678,0.015705732735227147,0.004218148637044341,0.0007436331801003959
spot_0067,0.5652929579009497,0.058613897995851295,0.01725707523130104,0.06771568372292046,0.033557187504672285,0.004018409247108805,0.008527698691237104,0.005971394867821063,0.0027294399321679042,0.003951121418593507,0.045272934837092056,0.07426651393009254,0.09662240751613298,0.005230154632118484,0.007656891587208794,0.003316230984732039
spot_0068,0.3369200939835514,0.07772875785030874,0.15188112456577518,0.00930726439054699,0.08812855425955123,0.07300156884271526,0.008044806386174537,0.014331113655950656,0.04871873666924605,0.018255446237538598,0.019737204026786602,0.048722824366170245,0.0033660389991192812,0.030741906802822853,0.06641350736145697,0.004701051602285413
spot_0069,0.2553434964839625,0.23006381682564223,0.17038841111849443,0.023459733633888265,0.06884176077246272,0.06290266512034762,0.011467649441221367,0.0035487371263740637,0.0010856651496599181,0.0019632751049561163,0.08089003339581782,0.013000609808058576,0.012761860487852146,0.0024900440826157288,0.06070461240413238,0.0010876290445141338
spot_0070,0.1789797449735127,0.12626568324251475,0.012465559351654998,0.3600778881164314,0.02328473068455183,0.0019787101548888937,0.005425817453887919,0.0024505957221362135,0.0016243591206113244,0.0013583640636135705,0.11809054174218704,0.00677767928517083,0.15532575399152238,0.0018099127182573875,0.002921782192695157,0.0011628771863635842
spot_0071,0.0008853069795327815,0.3422586834380941,0.07497956510202357,0.2451330173303548,0.0010498063172392701,0.001732130064171636,0.004042059932317941,0.0019478705136969801,0.1129933711049942,0.12306321665923697,0.04657720087812477,0.0015023791502329653,0.01187280692859548,0.001769368577916184,0.0037842930887213395,0.026408923934746975
spot_0072,0.2882455655480742,0.2380384134492434,0.15614024054802966,0.07773212572648037,0.16720262402810748,0.0010544521995490394,0.00390035663403609,0.0014490918717974335,0.0012372155733252482,0.0010065641565148024,0.009213145573151026,0.03344842956657037,0.016555740400940384,0.0011124077341274799,0.002369175532678195,0.001294451457374847
spot_0073,0.4200977056398389,0.35862712435263155,0.009585235826797643,0.014014189417084263,0.14422847444257236,0.000832063784535323,0.0018803488946056827,0.000963507979585649,0.0007958682141087862,0.0007727452778525409,0.002329032102291882,0.021208484202288463,0.02197185714502249,0.0008640089181934648,0.0011452086074307012,0.0006841451951603416
spot_0074,0.32313386312574227,0.08595813261021154,0.17541894692884313,0.061342037501287486,0.08277416541784242,0.006153565457293679,0.037649520264320085,0.009059724382943375,0.06731374553742128,0.06700622613640973,0.00961187616635769,0.01863614474900414,0.028926632888205815,0.005009809731502503,0.002245411074349223,0.019760198028265622
spot_0075,0.3240424275599309,0.09278571966626802,0.18689130752983016,0.05647580961922465,0.06811702392391311,0.0021649718741771715,0.007340692874644368,0.002923372710791927,0.07287612976893966,0.04623078757359431,0.04290764549841278,0.027267727680083953,0.018032135533083846,0.0029448100067860808,0.02878929368996818,0.020210144490350863
spot_0076,0.15473527677532833,0.06733155534991839,0.022363663469217757,0.04499771538375308,0.024790412496095704,0.08165771485546422,0.015263025115893173,0.05550119471766329,0.0044952880908865865,0.003032106169838723,0.05160194891725037,0.24881448065214062,0.020857697626325663,0.18976542230444443,0.012076640414680784,0.0027158576610988995
spot_0077,0.2029144574444653,0.08464782126715195,0.18541611555501844,0.05758542049162683,0.171916965396748,0.04070763712440289,0.03158230912460559,0.0560905743290825,0.0037880761218670313,0.06704004568449293,0.017611048207014205,0.007896336118125685,0.011175515235461772,0.04179629285227452,0.00557198321018576,0.014259401837476614
spot_0078,0.15218771507632733,0.17986330264327557,0.008910086211795084,0.3650347896334549,0.011175129000747783,0.009439922833310495,0.023769877983311226,0.03216643970113648,0.01082447688344021,0.004450273402776947,0.0948858316455801,0.0119434641488893,0.04099732981374257,0.02215093326515673,0.008138570918737367,0.024061856838317863
spot_0079,0.34513487273607124,0.006096371270045568,0.2095201259744464,0.013599223762111198,0.05070323119047028,0.01020522602229639,0.022471207091801487,0.01065672120991269,0.04424577903340626,0.14313160386026005,0.011970155385425105,0.08340569359553886,0.009908798281710138,0.005568158567348797,0.013859020439971047,0.01952381157918454
spot_0080,0.06197417001184535,0.05417129326685678,0.06081057749958407,0.0276323860958424,0.024122490027380743,0.1605343209637981,0.025081701943388806,0.03805072511049318,0.13205472239424193,0.11340395158980494,0.08783871236402357,0.015271142271771638,0.011377991057260665,0.06645085385291931,0.05311441015908854,0.06811055139169998
spot_0081,0.20119407358391028,0.01684466878894606,0.10073909712632496,0.1235339448245572,0.028994019408041232,0.006055573054183282,0.11011160867984848,0.04331924195374036,0.08994895568814808,0.09386109581155791,0.06814350207811974,0.019217570100263634,0.024697093713225583,0.009640513411440581,0.012802609585766594,0.050896432191926015
spot_0082,0.24056512567298327,0.31899704543301993,0.07302229040694302,0.0085993547931783,0.025483620442271402,0.005455198898315795,0.002903115599932456,0.0025008169022873376,0.09437112116009377,0.05092570448479869,0.007435564093551625,0.13331794158648766,0.009574424276511314,0.002888560233097879,0.0015518623976713871,0.022408253618856157
spot_0083,0.2883388886956554,0.3369233135926581,0.2571772257610887,0.05868914262153754,0.017349638608713847,0.001200277469919392,0.0030698361425707003,0.0013143872693291685,0.0008862249959835563,0.001086944150521315,0.011304153587745253,0.013006850366772078,0.0063639341438534915,0.0011396478307961059,0.0013311269527792012,0.0008184078100761969
spot_0084,0.10316810398148434,0.14813413456647564,0.2213128358612387,0.018985204384907924,0.07224404973409948,0.1387455709375597,0.014401159451290993,0.012084646631318929,0.08330233901784498,0.059463389623704094,0.03595151751689007,0.014766728362751695,0.012561086909938164,0.030781159741762924,0.012293357426020491,0.02180471585271187
spot_0085,0.21337495686773142,0.03076451733358749,0.05541763348067379,0.023827066887078953,0.2145329445969813,0.11465059463845576,0.024089680490930365,0.12361316233224316,0.07875055612400905,0.007280116385409509,0.008996166707751588,0.046673179208955765,0.007114277746071055,0.036185016721309034,0.004348198568813823,0.010381931909997926
spot_0086,0.005227411789945403,0.1342623682175905,0.11460585975086708,0.07325741112077111,0.02662247801843938,0.003164794578932763,0.006975248284329989,0.006740943852103171,0.15684426502205692,0.09356769398498045,0.07082150224535848,0.10989855022882793,0.05251440328734303,0.004129399623720386,0.01035154257487448,0.1310161274198589
spot_0087,0.21732325852714088,0.10024559624183786,0.016346017258236076,0.37266377819373236,0.13554242924287047,0.0019326686329719826,0.015024101847683496,0.0025582311854225187,0.0011781521903988443,0.0012061803042475035,0.08194837464923298,0.0312843476645692,0.007231801837165704,0.0019738980116361304,0.012258921677358212,0.001282242535495797
spot_0088,0.3110427592812557,0.04014105475798493,0.17994065905753495,0.14798426378582108,0.026285752781418446,0.020434947839960926,0.13130105830992475,0.024770853485625507,0.0006356659753773149,0.0010120920786404026,0.02465052952354572,0.008812759746471452,0.011358471431220525,0.036620372919225694,0.034297775894535705,0.0007109831314569069
spot_0089,0.2730920945237546,0.014390825653073551,0.10536520725546943,0.09912445877233712,0.00813490794552583,0.014043453788740279,0.155787587391018,0.02752590720221984,0.06503328095241309,0.0748754168283344,0.05270600649216465,0.02695346220726885,0.011000586719491116,0.00895433497804909,0.024497356608105383,0.03851511268203479
spot_0090,0.15314525828254769,0.20234015771870276,0.0689003087628611,0.13597253522183247,0.02606398028592484,0.0611953817062368,0.003920390770601058,0.0075081404569701735,0.018121346152796574,0.05974505112827747,0.1855930164019094,0.02011042586815367,0.012188899520893018,0.018828234132610745,0.01911748275588992,0.007249390833792322
spot_0091,0.1946258084616255,0.1391069632309945,0.19869310180120525,0.12093301412046947,0.1578814313084864,0.0018573844672595589,0.030911521713352232,0.005961953931035557,0.00879505943949259,0.03636370644650975,0.0077709086048961045,0.010829299010814359,0.050185624281767524,0.002770539969881149,0.019085420265525493,0.014228262946684557
spot_0092,0.17289919306170426,0.13384879095603588,0.1348978481272035,0.005677364897370801,0.2101003194197405,0.17358490830830747,0.010742129586499177,0.06752301982594021,0.0010524798516403605,0.0008961860736474988,0.004315985465838907,0.0029747130504032306,0.01109387352584223,0.0438411626271171,0.025690629978803614,0.0008613952439052307
spot_0093,0.4883995965550688,0.2985469594786496,0.1439099275060188,0.019139680078282827,0.006987615079853802,0.0011940266812512604,0.005327893159657911,0.0014007104334802256,0.0020334799564535287,0.0014065526446791889,0.014009432666124717,0.0040821703616768104,0.009478871899034506,0.001191393928389736,0.0014701411925393834,0.001421548378838888
spot_0094,0.17026704467251538,0.20787620440149962,0.16782586614498657,0.03820435819582299,0.09072054609397216,0.010753506909245389,0.018221067199954026,0.080245298335189,0.007582837865058962,0.060671920117073744,0.05244426971979251,0.01646164463031075,0.017629826116438964,0.029352467147452974,0.02328131414569279,0.008461828304994168
spot_0095,0.32082412296544077,0.5281397907535904,0.03717735442801355,0.010041469962839248,0.026855215337065124,0.0010808799322746647,0.0023735477839169562,0.0013347031823717052,0.0013854885143093174,0.0022747085227275625,0.0051944914184088925,0.04945096022706918,0.009694185819118887,0.0015936317132078848,0.0016632711253461293,0.0009161783142996857
spot_0096,0.359083872537666,0.20097528271664059,0.15868923329350512,0.011696087070777359,0.011844899834714815,0.002583652590839542,0.005056957123381295,0.002082187395314337,0.10215228622320306,0.09792091090711888,0.0125995516187476,0.005997549761406056,0.007981063040310281,0.0019406047698108716,0.0035490046481885533,0.015846856468375616
spot_0097,0.24023512416980808,0.017650027914161044,0.014607189493538479,0.16497605818536537,0.034117822591199665,0.11126013268013338,0.08904093119574631,0.1502010348573296,0.00233189772777928,0.0020743235685317923,0.03955030221529239,0.0075549208457719175,0.030875734681813653,0.03764905145069177,0.05499171380658967,0.0028837346162476135
spot_0098,0.34032926882275333,0.1820096041715234,0.16121183193913358,0.019036378071822284,0.131117589149226,0.0010207367781858599,0.005067554891537689,0.0013802480758251248,0.03566813970207572,0.03261226411316971,0.0040981463759540366,0.022322343874888177,0.00469106523764626,0.0009897270357007635,0.0035249280733146435,0.0549201736872434
spot_0099,0.1555007923907352,0.015520322505101916,0.2577987852260806,0.12476482439591736,0.027928134674317314,0.04556329387618363,0.07433940549238578,0.0036986863486696596,0.08721554101771868,0.0774442114689098,0.03224086481999788,0.01666799018330758,0.009021727438278877,0.004654102903120522,0.03906115944656594,0.028580157812709252
spot_0100,0.34409933915538604,0.12660997924809822,0.05143256199539626,0.06320124051843087,0.026794786357765006,0.12218524692930678,0.06484224486441033,0.06114024035601263,0.0020616679772007046,0.0021148181128233198,0.008003336920259793,0.03565033670622689,0.008365736768803271,0.06726070753579977,0.01362159643286524,0.002616160121214862
spot_0101,0.13327970097297098,0.08464904759360761,0.021926204414212874,0.18297399497015338,0.08353340596769124,0.0066112562594125325,0.06869037715401657,0.08982980620981917,0.016663461213017393,0.07087146495154094,0.09851493293519972,0.013302328850798517,0.016228396878190617,0.042585889621231124,0.03512688217515775,0.03521284983297959
spot_0102,0.03629095509064027,0.23494620957063725,0.13483937582916594,0.007577409891855956,0.20797321590417323,0.016689517777231096,0.01615522267609794,0.009869327071117784,0.0027463361988924644,0.0022840451876080872,0.010835382480732566,0.24203770311374564,0.015334471632564134,0.03828753318563529,0.02171611275988065,0.002417181630021725
spot_0103,0.21727995715124157,0.3478507996486456,0.15369221218019402,0.012294546316639158,0.03322591734781926,0.06400954462044166,0.007285278598262812,0.008980834733228783,0.02310280672625182,0.0430918818873636,0.004977739823387129,0.004010454686332799,0.021272102012261717,0.011233632789160652,0.013381140479236085,0.03431115099953333
spot_0104,0.21356285333875027,0.10797200543807736,0.21932864249666767,0.1469106918541043,0.008896005400290919,0.005263644577994768,0.017356177170644947,0.02270595561957474,0.09537153676322273,0.016938919967350956,0.0317693414852087,0.02495645571929906,0.02358078130180344,0.012621482371974042,0.017043622305195124,0.035721884189840965
spot_0105,0.4561906406094901,0.3137675395989376,0.005976448356071475,0.08690431804020973,0.019074016350149072,0.0008769098479239689,0.003321949651440313,0.00187493743005748,0.0014119324393691438,0.0019588400781812023,0.0051446388570644845,0.0028481885742828836,0.09701260564417831,0.0011611826502474876,0.0014461095382793463,0.0010297423341174127
spot_0106,0.3113937383377728,0.11115305081090164,0.27085480751759367,0.04277539528080823,0.13550908395079225,0.0018312131580790474,0.0072827085648870075,0.002046946915885679,0.0011967889768779059,0.0012292739743490196,0.02700527244865022,0.06334429366732172,0.012401811972448998,0.001180136225269772,0.010000638164160877,0.0007948400342011802
spot_0107,0.1989420710679717,0.04283451531649266,0.21799282582712012,0.008129498034828698,0.06553954969764057,0.06518765214442927,0.03490076462333207,0.013650216114330286,0.12392818023523564,0.04173506457593573,0.014531081379326474,0.06112539314230975,0.011077809156863898,0.0371058394331002,0.010640832951986564,0.05267870629909635
spot_0108,0.2684789267018594,0.35924265895004165,0.14022144510138676,0.003365368089485461,0.08287334241894151,0.019775332741715432,0.00271110322584437,0.005283131710178695,0.04358797311150876,0.0073035025643743675,0.004653597368566641,0.019062071566255778,0.0045283162033940665,0.006672463363209836,0.0018196480025793715,0.030421118880657946
spot_0109,0.12678433832999547,0.5207583171653802,0.018396099049193922,0.018128012856059583,0.004104436542970968,0.12524955342690447,0.028252669033190823,0.053143223385663615,0.0014457683962069761,0.0016769334647191126,0.011590969997972383,0.007221848905444861,0.03510987109324085,0.04344811949423084,0.0036024728056216412,0.0010873660532042557
spot_0110,0.27133060729816094,0.23274738797552202,0.25498635530187236,0.036326756934179374,0.0035206736969868473,0.06627581170799568,0.0046111209285263416,0.00528811453786492,0.0006984517091208127,0.0007706123428005988,0.027986576932100656,0.002272240141516302,0.03590341388085499,0.015511647769326401,0.040855522953046355,0.0009147058901254214
spot_0111,0.06136401695162791,0.07811322436447805,0.18603246888415217,0.09806459033863263,0.00864532311813823,0.10467274852823827,0.029269692222058864,0.05463185235983234,0.07945320598694708,0.03928972725921595,0.03766069463725424,0.044015455008158746,0.034860947718551055,0.04589857745971176,0.0566741616827024,0.04135331348030032
spot_0112,0.18835852532343736,0.21847869978865564,0.3399056953305444,0.022472187144521656,0.04043577913915711,0.002362810026289922,0.011766463318311396,0.002350169287252068,0.07198146820910739,0.042139151025315826,0.016895171030398927,0.006653639249233081,0.009382204001228203,0.0022611976103896875,0.005658571525483289,0.01889826799067411
spot_0113,0.3431207438694082,0.07292740220344013,0.1928428940206034,0.06035442150768126,0.05292450063843349,0.04550767701676786,0.019782102180174635,0.008545816079304698,0.0315268199344018,0.0676900266486432,0.01773349056430076,0.003663174811561553,0.019878961572716403,0.02437350554988385,0.008868537895042742,0.030259925507636055
spot_0114,0.32725136427844254,0.02538920156259459,0.11592563537990012,0.015455581755455342,0.014960699418382645,0.08463671569167598,0.05846893875953963,0.04596366773477218,0.10245747024136012,0.07946525095535424,0.02100771864864918,0.031004860319271677,0.006682396022416153,0.016124835844934425,0.014766388074170893,0.04043927531308026
spot_0115,0.03995337238363812,0.0995584457369145,0.16320323600590403,0.21392316349902338,0.01954693472026864,0.008463565622121779,0.06297879244172781,0.07580834770068948,0.0017337977667980387,0.0017728158142693072,0.045340416978694294,0.12230445912200616,0.01130757629102021,0.04558560830899916,0.08698373300590179,0.0015357346020233088
spot_0116,0.21169499587572216,0.06820356062901081,0.08519976240667705,0.2221368203062929,0.004834642647543439,0.007698387280472583,0.013305361858910996,0.04541498455902543,0.0602480985683462,0.029390163346834062,0.14544670499152734,0.012024656195547325,0.02165541643216935,0.015876427283654973,0.042305271720825266,0.014564745897440133
spot_0117,0.2146509433450052,0.1787535231003351,0.011170045848852197,0.12947615362435452,0.009869953555536323,0.01287018381969517,0.03902147408602476,0.16267017147167892,0.0016075625580484372,0.001234343665715575,0.06267578866236559,0.0056041806000769155,0.04360735712459144,0.09234331445415665,0.03308257413190827,0.0013624299516549405
spot_0118,0.2985532930657195,0.023418475770402097,0.40462421690267025,0.005787275780953154,0.09346996907372647,0.005047576384976885,0.005395336502504072,0.003081873771839105,0.006635057334703627,0.09429239209690947,0.003980107388709429,0.019787550879673006,0.006504141101137461,0.006094656164635335,0.0033136597444252277,0.020014418037014967
spot_0119,0.09067481497766455,0.177605000595463,0.1758041295310283,0.14846345096239036,0.11586506498658429,0.002038821177659074,0.012581137134318776,0.001393813788544698,0.1057529971983295,0.11608371973261246,0.007823590187419096,0.011390819711310441,0.01628573319605312,0.0012344497048212934,0.0031890458420230925,0.013813411273777932
spot_0120,0.22016317652971035,0.3109242140244036,0.14196100271166254,0.07093379645499043,0.020140720622498755,0.0009749265916247593,0.001980730307143517,0.0011727440194651212,0.01722755548178071,0.0827894755179907,0.01753552513787957,0.06659362144121536,0.03458465178586892,0.000910702239112854,0.0017655911821201611,0.010341565952532664
spot_0121,0.4735437036544244,0.005030619007253286,0.043404377617037825,0.004579914549850328,0.092622799295117,0.04399874879667729,0.04999555547379837,0.04698985736830798,0.07744300933100659,0.032066827891068767,0.012919401181109874,0.008939809590569855,0.0044514317357149755,0.030705555491189463,0.058677843717231726,0.014630545299642266
spot_0122,0.07132145119804524,0.07693727720769972,0.20831853899046912,0.07793018760346496,0.025502664339894635,0.00599021146757678,0.0860955511576711,0.06680900081572236,0.08451321820622754,0.09381671771759999,0.02557359071490834,0.010311382699641686,0.03559176179277465,0.027963886289988076,0.044487214509626276,0.058837345288689565
spot_0123,0.3340869879600052,0.016645357798741038,0.3172532048711291,0.011576982824957716,0.057076086134439305,0.0010483719418998738,0.002086248960034994,0.0011114575996594058,0.08824560539790272,0.10310260869558499,0.007036493319517551,0.007146234667587609,0.01056690024482267,0.0009887399971049437,0.0013973969152581147,0.04063132267135474
spot_0124,0.22148308586685858,0.20690234206615846,0.1553974691150331,0.1841095852013461,0.005368966464753641,0.014611232168923065,0.05978471345850737,0.04116460993846494,0.001853607807604731,0.001808951736567164,0.02242193431254573,0.004975209837194263,0.020679998880312418,0.032584194396897366,0.023955325080260957,0.0028987736685721164
spot_0125,0.11011595415422373,0.07162549927350981,0.2713438784489019,0.2656080585670077,0.12665300796695533,0.0011584587608271925,0.005033827181558685,0.00141705629290475,0.0009127863129834736,0.0013403937621816763,0.030900756609819655,0.005988429723868442,0.10358631229341755,0.001333046555345214,0.0022710311726261215,0.0007115029238688107
spot_0126,0.23807364086661525,0.09586435956015321,0.07357910033800023,0.010817147962832582,0.16515884922106083,0.07759676225309925,0.016113347141393508,0.08084141908062004,0.1091275593150329,0.009436766540507662,0.010314527540644923,0.009853881639153994,0.003586399028988173,0.04892277506494996,0.03093642151173441,0.019777042935213072
spot_0127,0.25818183761545016,0.22282128131362225,0.03215327882898563,0.26339385193352277,0.006579488897596327,0.0017714021284669188,0.004743612227306086,0.001822095457453661,0.0007385590795700103,0.00071254702558339,0.100132382250227,0.007548074990339901,0.09389780075907418,0.00270069907311266,0.0021636957506102933,0.0006393926690787904
spot_0128,0.1750068544442514,0.056260540242347536,0.33563354863490824,0.18325213577711774,0.012867723927556004,0.01056503699983492,0.05693653738501575,0.032623508120610954,0.000621782934275349,0.0007757223674782783,0.07381371012255745,0.005953775778530642,0.007088924434544337,0.00957018467846932,0.038325802202255496,0.0007042119502465606
spot_0129,0.22023993083203347,0.21907615098585387,0.09471321960890305,0.02886365028420302,0.0536487050468481,0.019436912247834365,0.0775823696658114,0.024585911933197428,0.09965497862801381,0.009699001231858807,0.050336492856225545,0.005729099134423043,0.025696501100303082,0.039844086905894895,0.0064916568078070905,0.02440133273078902
spot_0130,0.27806148445592543,0.3078522089677665,0.08952893136794508,0.07129925661946582,0.010204519872825602,0.057934580911351154,0.029906926578306046,0.005900102812212911,0.0007463814049546159,0.0007219775980992077,0.007125545861815725,0.00459301042088014,0.11460979208974334,0.013422040135935285,0.007324823253151441,0.0007684176496217103
spot_0131,0.5643824651591942,0.05194022448721022,0.05607397830645634,0.04061254202672558,0.10669756019431759,0.008517120240314941,0.017274007247572148,0.04050755005658977,0.00046880756045469216,0.0004596793382792254,0.019407954467721665,0.014155125033189005,0.02045864162426421,0.029122050686065774,0.029473363549003262,0.0004489300226413669
spot_0132,0.4301490913618688,0.11382376604430461,0.17384198567766065,0.05801684629121687,0.019460738826350056,0.006113706179362125,0.07770845375042508,0.054195962309328896,0.0010758110821173627,0.00205789373039116,0.014094371018232599,0.017945436934606408,0.014783669148877401,0.009527197338399324,0.005998302888770306,0.0012067674180883483
spot_0133,0.14723211273094317,0.40664871162382943,0.21828582288882495,0.10924436915088491,0.0639198013374221,0.0026159875552436624,0.005263572497101987,0.002011796389077739,0.0007320722689101685,0.0006742790278026769,0.023057020822468043,0.00614489915910325,0.007160143262729272,0.001971393927548872,0.0042412839300122965,0.0007967334280975082
spot_0134,0.14926524272314212,0.04244203951189637,0.4027621287566132,0.06810325614564727,0.11324022529712854,0.004280502251779451,0.05998531015125636,0.007425114642684865,0.003983554547761574,0.050570042016842606,0.03546626780085474,0.02016916039727942,0.010832255218421485,0.005873116483592963,0.008274473752075951,0.017327310303023057
spot_0135,0.235522402838575,0.15011866861042278,0.22891456744249847,0.017345466910218307,0.014603615668385897,0.033359746416595705,0.09056435860612942,0.12611862236916127,0.007803289217904962,0.007740798566655253,0.010954868666781038,0.01227980201399638,0.010016024954270822,0.039013232737613535,0.01401968174169903,0.0016248532390921108
spot_0136,0.0007862426703475179,0.3223856204294356,0.1266353502713902,0.049127574779333966,0.000785265426560866,0.004487658123189508,0.01040193343478327,0.0034374971848890007,0.14625221931199486,0.028045896380790226,0.054336813490414464,0.0006965140950922864,0.052647001702194246,0.006464805846835511,0.09456655236950466,0.0989430544832438
spot_0137,0.17343561599667834,0.20936112843079477,0.1356662942483931,0.009968415916882597,0.10212223088678599,0.0010759781342130582,0.002047159768733123,0.0009696960029520164,0.18993760898568438,0.0375584736814846,0.004786630773248545,0.0912103252715446,0.011067752318094136,0.001027521981457841,0.001229664825716864,0.028535502777336075
spot_0138,0.08307284544297544,0.13275524561632873,0.09176171421909919,0.06608357314861409,0.11035466619982019,0.052394876596243374,0.034894249107600285,0.11779116732005024,0.08881110096642018,0.02905722220286886,0.05327751899066736,0.011875329049962415,0.01711211484977212,0.07810026009918247,0.003813324182300628,0.0288447920080944
spot_0139,0.2731465780401873,0.06984396862021612,0.2843307876134931,0.16729636600649037,0.013744546827014988,0.005434773935433003,0.003835818164549392,0.0019568926190688227,0.008190812329769972,0.014990490366494002,0.11310450780542138,0.01747011968334268,0.0071479872826809435,0.0020470795057337355,0.005127069705353379,0.012332201494750736
spot_0140,0.36107847920752584,0.010757963040101489,0.16567433448624921,0.10574995063597602,0.047364570379314234,0.0024516077827853055,0.05953366118814319,0.0037756988112135005,0.0012427108754371494,0.0011753598626417694,0.07517478118858346,0.14557094331450252,0.0062328636519115785,0.002792412163035675,0.01028782164048047,0.001136841772098592
spot_0141,0.32994135414950654,0.22149001931603204,0.06860449524199314,0.091321948505048,0.026704541076737448,0.004998038895508746,0.03319069317890568,0.017463408360007357,0.04306362168996583,0.05140305067366954,0.006177144350244636,0.015370720454883345,0.007454055755841555,0.021913771694742946,0.002646705575873631,0.05825643108103956
spot_0142,0.3838183649795348,0.16849402882249023,0.04275200786912012,0.08083204732388484,0.17991257051455892,0.0030034486510365894,0.006435140477078215,0.0021477189114805506,0.002414112941169371,0.0017677064750457787,0.007413530643346045,0.06516820582476417,0.049949045677956314,0.002265956842317115,0.0018204707969282756,0.0018056432492886256
spot_0143,0.5324883062138307,0.07247909210143023,0.11901527836757414,0.018421311012612625,0.016917839962907327,0.05088605554142137,0.029297512323172948,0.014067853132282777,0.0012808488424879841,0.001169886712446644,0.07369636017524765,0.014158827442455831,0.005517605083086522,0.018882401249173973,0.030598940219244974,0.0011218816206243097
spot_0144,0.17977182701818153,0.20214985190519916,0.056352393392245854,0.1574042868582093,0.004347817538664749,0.10626761655013296,0.041111311842768006,0.08249387007416606,0.0013132022006226564,0.000766164525573021,0.05203826263158142,0.0037618132619192403,0.016959194364713267,0.021344652827090194,0.07199832859332311,0.0019194064156094395
spot_0145,0.07611099308747636,0.1268680381691039,0.11887212548749307,0.19413550791297385,0.2042340687594743,0.0019400763227353907,0.009938240451750988,0.002994447431055056,0.05443568206384014,0.012191037619981221,0.008914047635080984,0.0999600602183487,0.058185318191343496,0.0035681229729381115,0.005217988391015578,0.022434245285388846
spot_0146,0.26012848964793023,0.10162536154188843,0.2825533001904633,0.017406051441682124,0.018751089593903647,0.01788442882929121,0.05522278372061228,0.022837350710829277,0.06404183854774062,0.02215316572344127,0.008292429014638501,0.01244605560478142,0.006508957735903947,0.027323222988574467,0.005890488694149762,0.0769349860141695
spot_0147,0.0006133797432741139,0.023787038591854576,0.1269646762073908,0.18710782669412954,0.0006384982822493177,0.0674281757972798,0.022662425385580037,0.013599277302370294,0.03213760851454678,0.16093713222518963,0.2156970003865288,0.0006240187621451252,0.04136449728820376,0.048642406952328875,0.039276231259006186,0.01851980660792236
spot_0148,0.14362315087982716,0.2622764099245338,0.07580328593423637,0.14284786781031214,0.1225181851491807,0.010314696989163919,0.04987368301457175,0.04330188728730395,0.0009549204452494189,0.0010726949341375895,0.01219605363761729,0.03148437163726884,0.024958157804022097,0.04652572547132156,0.031171402286280955,0.0010775067949724238
spot_0149,0.6899889123575372,0.005897080795427131,0.0947801447499484,0.004567734325640377,0.16481989944282857,0.0013805581347360446,0.009409696649805701,0.0019426160974239724,0.0020932264570012026,0.0014037008928783842,0.005640858319248356,0.008790508059950072,0.004171927550239441,0.0015211671143814847,0.0018464658472430223,0.0017455032057106044
spot_0150,0.21117048406659714,0.07579081157122333,0.05183199383011484,0.10649422159045081,0.05627461035572526,0.12673602071383888,0.020411903240804698,0.01133738004840026,0.005385561136322259,0.04877861000500654,0.11854114911868681,0.012314049862999622,0.06663821828556414,0.0460777271979236,0.03242994545853557,0.009787313517806227
spot_0151,0.19606887453056243,0.030037460384016425,0.2767141470866242,0.006150307868642436,0.024336704422633082,0.23448824425185635,0.030734930903050545,0.015215083060751242,0.003380963780449714,0.06260249139593572,0.004861741571154417,0.01279740332314683,0.00852395033574589,0.04768244049064679,0.0297267262584691,0.016678530336314862
spot_0152,0.1463329675596766,0.27158857282570914,0.04407200929625392,0.09735437008114502,0.1385755367179508,0.09076492908609192,0.060928636126123384,0.02117928234376703,0.000919687039502922,0.001252318347311668,0.009714361099401698,0.008142605875532555,0.07450284577516934,0.030435176952376925,0.003375437667781773,0.0008612632062052878
spot_0153,0.7520500937196307,0.124808988497063,0.017432798203143415,0.005161661264411459,0.06400211893431842,0.0016807754837800328,0.0016075496304521113,0.0017005920090347232,0.000899458355753944,0.0010785166000083098,0.0035467532159949803,0.018693179583310335,0.0036416537614518338,0.0013549289028460575,0.0014849550700437634,0.0008559767687568696
spot_0154,0.23722620235786826,0.028403120946857444,0.1695789414949863,0.09972612065866157,0.02703932055876935,0.08742835609214478,0.010783499909686602,0.0034416713042432824,0.007826671810007825,0.03609256098566403,0.1390502938308556,0.05762480674185851,0.005650642081968883,0.004677578331988523,0.07998230157856992,0.005467911315869113
spot_0155,0.26456907771484045,0.19773511592207937,0.2055195141257099,0.02956866297806568,0.14005757537674515,0.002494673520101636,0.0030348474319000377,0.001881124918785084,0.017632613555336935,0.07822462337651638,0.032683539740967674,0.006301369822340362,0.01160768075854724,0.002385914772962122,0.0027053022665544865,0.003598363718547468
spot_0156,0.20836211482765596,0.02745664118178601,0.3098726230197373,0.08388727611180595,0.04649796003909544,0.005133655133081889,0.12317896886165756,0.007034079383546235,0.03762584305991969,0.02359264856607938,0.07125724070216632,0.0042081679706226244,0.0075301965397635865,0.004452072663015112,0.006146236587750458,0.033764275352316506
spot_0157,0.27850471414254874,0.22973901622438792,0.25493850288745334,0.03704522748432184,0.022118779945320636,0.051199486280067305,0.028702829655350197,0.018750548803486457,0.0019412508975274916,0.0010419350202418656,0.0166552248753924,0.005753627603912408,0.03025810153453271,0.016927873138409984,0.004628372087991455,0.001794509419055259
spot_0158,0.10102220499987773,0.23490221969613886,0.09106613081518015,0.05173575546043502,0.10312674727407414,0.061365929545488564,0.01514616758094826,0.12823390368035725,0.09178117087560951,0.04072950207309349,0.006251394282093272,0.0061350244052310885,0.035863947613761334,0.0246232048365372,0.004667133874061115,0.003349562987112998
spot_0159,0.005169239620147836,0.08494001244094974,0.1425099814558791,0.11902656917849587,0.07567143795776417,0.005096597456805534,0.017077917384411542,0.003763034120840042,0.14848561379872008,0.09049671172236061,0.19297109339340665,0.010527162872829175,0.012564925485729326,0.003856110287320023,0.052809006034328074,0.03503458679001222
spot_0160,0.009049434721522493,0.11820683507972014,0.29354768423949296,0.26784803744885827,0.04974871435793761,0.0013294509392158572,0.006947582869101289,0.0016179992380383958,0.017130208144125796,0.0095363669508278,0.1677430533980737,0.008040947953921828,0.03473319391876874,0.001558685827487779,0.007197332863933441,0.005764472048973937
spot_0161,0.37653900251417993,0.053395406001118466,0.253701799014106,0.010893320535217204,0.014758179085188615,0.001514329115168937,0.0024573396592560428,0.001099226217203088,0.1424270824953066,0.04759900303047293,0.009693912526576167,0.048750279217535324,0.005656987814088756,0.0013572212041106037,0.0017141545790342555,0.02844275699143704
spot_0162,0.07749162913560348,0.08528080388356891,0.11769806361496855,0.13546534370341176,0.07698604605120446,0.007505323363858096,0.04248165113987893,0.041869244526547895,0.1767546189529103,0.028490824627635296,0.07523100598419732,0.03826507576541731,0.018507834831278967,0.005497311804951885,0.05971739947206836,0.012757823142498454
spot_0163,0.0018414987849630668,0.246082398631176,0.18061853986199988,0.23144491967912942,0.0007993317442621221,0.06319993382924526,0.03530723505419161,0.009574759671980362,0.07958908994775321,0.026613375586242587,0.017676519158385747,0.0007862720038428216,0.03476424943804175,0.0411786446922982,0.011207013916727158,0.019316217999760823
spot_0164,0.2548498429615759,0.13320898740632806,0.13212526765100055,0.15356291520085957,0.0067193725176826246,0.024271385503961816,0.059075026122227745,0.0527966927616237,0.001906942317493588,0.0017658221355263937,0.06435018927831172,0.020596264469058236,0.009214874345892,0.011560689957670841,0.07254596804384583,0.0014497593269414209
spot_0165,0.46522246162585124,0.15343787910913487,0.07024591661237659,0.003971976249420708,0.13615993793182182,0.07819018689241373,0.028104304438637897,0.004326485665061895,0.0006763320656701867,0.0006405731090183786,0.002701794401079317,0.03327754228537552,0.016612666550204807,0.0030678566020788645,0.0025809876446460625,0.0007830988172080953
spot_0166,0.1906678513281758,0.12009944025055876,0.11064250969613784,0.07295112332110407,0.07671679026248347,0.13772481531104516,0.09835397141840883,0.0058706512960116156,0.0018205666359525936,0.0016790963005037544,0.09484064881984682,0.03675651807523864,0.015894728078944865,0.0046309132573438645,0.030009487509887328,0.0013408884383566098
spot_0167,0.2743338452318886,0.14638563993856188,0.007856299970934283,0.3611267957739933,0.10287746299986993,0.0016982621118042597,0.0077084462185377,0.00308842035856715,0.001926992575626183,0.0016264531663202257,0.056641355398775815,0.016908503457960914,0.010379727844089309,0.002478179947585501,0.0035410974951392603,0.0014225175103457252
spot_0168,0.31445835876866984,0.015425788530813542,0.23191168799332948,0.020129696302358027,0.038470155843003916,0.03059045954301091,0.09737713227396473,0.050847524809640846,0.018930247877763474,0.02766740481002108,0.0056376393322416785,0.050451070846620656,0.02153448007420234,0.010216803483781178,0.006747314156929094,0.05960423535364922
spot_0169,0.20536852935504563,0.04788749362350843,0.3277892212566354,0.036906460796139025,0.005575051784543982,0.030366370340229886,0.1519699035653309,0.03309838756945391,0.0009317063346448714,0.0009037684216516058,0.06502527148494948,0.01592318255028919,0.006811460461235909,0.013221321356942149,0.0572412126828037,0.00098065841659592
spot_0170,0.16120103779751271,0.016339467380170145,0.23832923803810074,0.010728326103443216,0.018865413969860714,0.2098335075913376,0.055006059252988695,0.06555800887151948,0.057124933542753165,0.010306724688146309,0.0056688594143081365,0.06027225738617819,0.006165867226243867,0.04075320795158648,0.031666918912808956,0.012180171873041571
spot_0171,0.6803798364573096,0.18634070041547304,0.029511353669409122,0.00885987172162756,0.0637562829507841,0.0010744779568845747,0.0013125306076398832,0.0010327553155834574,0.0011352699142836216,0.0008100877154084807,0.003656423520208758,0.006377122767183854,0.011565950767256082,0.0012421186586417461,0.0016478924404773325,0.0012973251218288213
spot_0172,0.24282967989268373,0.15251811016634836,0.14140366172467606,0.044061152431090156,0.08275542037128353,0.008128532410007732,0.04096101179921054,0.030479776229519237,0.08506439751349155,0.012010936506102647,0.04431715457106257,0.023053442851605457,0.058796365698633654,0.015055288431404133,0.00265738673854508,0.01590768266433557
spot_0173,0.5375333563089262,0.09722359897056526,0.06352472834100033,0.006273381719669178,0.021035278817420816,0.16300550827776952,0.007812999628723916,0.010670948707366271,0.0009579402594751906,0.000944087334706587,0.00738666334350322,0.012352271533132524,0.034310300290569314,0.030623524552920025,0.005449336889240495,0.00089607502501117
spot_0174,0.11985629109039093,0.036276404062768046,0.14352976459846786,0.053142042895374865,0.11973102417059,0.024153153522264707,0.09344101247857439,0.1024745503672536,0.0067636001172535045,0.002274914320644117,0.07653056371852573,0.10966115017324707,0.021397152151406636,0.04567488961154905,0.04323122333532887,0.0018622633863605916
spot_0175,0.5203175251596468,0.0062389446526145845,0.007911185839913973,0.0199384755517722,0.0486096564256581,0.006597963885025317,0.20613166553050274,0.0819161382832086,0.0020749874536496343,0.0017560176581816304,0.008404946905954454,0.039117640325582174,0.01738527562078039,0.010850178858724033,0.021103517970370692,0.0016458798784147357
spot_0176,0.09351236306048766,0.1796749106780423,0.07304192926496059,0.2063451524600495,0.07019008894080317,0.016108878744320054,0.0318306187623888,0.13091062905259362,0.03442032655024287,0.050213534764090594,0.026430674079644872,0.023330360238495673,0.013956606269680321,0.01579349046759647,0.032442258769436814,0.0017981778971666957
spot_0177,0.40359036091961026,0.09344830146608124,0.013004957273583034,0.0061260774071291305,0.1133275523176034,0.0323387108442246,0.009503931617174019,0.13924589539374,0.01265708649252476,0.07440326239525819,0.0039459090149448735,0.00689027486724394,0.005113680834116753,0.06189788705565762,0.0035603015195798805,0.02094581058152832
spot_0178,0.3094933657328747,0.19581212854034682,0.06070842061747087,0.16834512428187312,0.010637420413169084,0.058131006464248056,0.02509343050889106,0.004808341699307927,0.0049074191945627415,0.01701771394650922,0.07056210626756455,0.008601362728334496,0.04083697183845879,0.0064995817151238065,0.005426340713367917,0.013119265337896837
spot_0179,0.3399554330405414,0.009813833938833972,0.006613957370338336,0.12424007996354798,0.05891775480027359,0.001563211943795631,0.003879574448810059,0.0017060049805330106,0.007401940606235715,0.005771912273317548,0.024432354179570015,0.3743825489565297,0.03178293544787737,0.0016188840942988375,0.001719417266413924,0.0062001566890829045
spot_0180,0.08392293976867966,0.008383151290310541,0.08174031320553658,0.006981368413664246,0.21004043743779513,0.11539754095376785,0.024340137279653846,0.09064924864963503,0.1085558157970271,0.02228867321668313,0.007466869994380934,0.0712230354276349,0.006848079449396327,0.08277674351699542,0.024435623280918604,0.054950022317920705
spot_0181,0.35582485082348575,0.048089879806455814,0.2622389740475674,0.011533255237717107,0.04261879136424489,0.06397789980676155,0.016253531268808786,0.009537674277979129,0.0020009610748039156,0.002305815776791404,0.04885700179688816,0.006447266673821445,0.008150129503562245,0.020410255783773926,0.09950385419295757,0.0022498585643808905
spot_0182,0.2414219695291083,0.03809564436383596,0.10104399451232765,0.07798304502874345,0.14021346965170148,0.005308550124379055,0.008323913407174989,0.008924112788368872,0.03432768114578902,0.07088000195341324,0.14592113594105255,0.03646434848543453,0.015160626316543429,0.004579472026056791,0.03547299810157904,0.03587903662449167
spot_0183,0.0019457700074600368,0.011506075257280037,0.010631455427760733,0.237955348582131,0.001854765426861859,0.010572231453288925,0.07001454941335652,0.3960509264274455,0.001992720795804617,0.001958443134479393,0.02904635931575921,0.0020126102805499554,0.1402125868602537,0.06186153375383329,0.02031383293936651,0.002070790924368695
spot_0184,0.3554915228439083,0.11147779820668267,0.11707562132589641,0.16630297576237688,0.00452891344665045,0.011091886596140469,0.05066577852117161,0.01596005860073073,0.019031607918813517,0.025981027235759596,0.013304401092151684,0.0056319417475158414,0.006148415824991873,0.008939529207184408,0.04015553940604572,0.04821298226397989
spot_0185,0.13935507563614558,0.2946423989365717,0.26695936984735313,0.03208189896672608,0.03777774003421937,0.05326741454955908,0.007287761508516749,0.0038661878975296857,0.05365516672002196,0.007962466195147717,0.04308522071582085,0.012022555442955244,0.03473786077729466,0.0038463360611631523,0.004580212645409394,0.00487233406556568
spot_0186,0.004391854394104229,0.47740905587858734,0.3138736336324574,0.00392779205125179,0.12550149949101197,0.03436654625576458,0.004055834687292722,0.007638525105108687,0.0009714165258470751,0.0011630001877000248,0.002862380500090603,0.004186256661575075,0.004494123346924874,0.011994539321354265,0.0023420807570238345,0.0008214612039055348
spot_0187,0.28335582138559234,0.0737708540993014,0.37264676929700696,0.020774798171753043,0.01311198543808869,0.09991911817633002,0.014289279551110373,0.002580460190068459,0.0017788227229303295,0.0013949665197162055,0.06601123767291758,0.0067263347119308915,0.008333779706187126,0.004787946605599961,0.027510891552801876,0.003006934198664703
spot_0188,0.09733044468820322,0.21684744922895854,0.285776708176469,0.07999531976086069,0.037602525286983005,0.00437551103570626,0.04573847410954327,0.012160631942701979,0.08787862030286782,0.04242447703257242,0.007562731159061665,0.01760543652186851,0.035802225701769795,0.0032386636268621418,0.005237183823437083,0.0204235976021346
spot_0189,0.21139097616221067,0.3407688128725095,0.19409545123637198,0.1321827299835688,0.00982137553141892,0.0016065884638545394,0.004429454752528327,0.002484412096419513,0.0012092067359817447,0.0012289096668061281,0.005727091011240342,0.08242109042234118,0.008160862221133665,0.00181883609761316,0.0015080367297589318,0.0011461660162426016
spot_0190,0.14916676093435638,0.07589919474978801,0.1635372097906242,0.15175640030283138,0.09089160484625577,0.05271036192114336,0.048002226085065575,0.038883032463774586,0.03061801359308574,0.01475423175860917,0.04288246359684735,0.015434279382867717,0.03315544795466839,0.04347717271243966,0.024385221027347755,0.024446378880294946
spot_0191,0.20027255001322142,0.08573690606089009,0.3093485125468957,0.08161169329416477,0.016841789359171286,0.001223553670100127,0.009870052001957645,0.0021688259805781097,0.0349168506885572,0.09524220157258162,0.04208791712415337,0.026964923564593773,0.009116809631028126,0.001221462674041897,0.0054752455846853705,0.07790070623337948
spot_0192,0.4542690261186569,0.1662235077551643,0.13698777871668738,0.02304051822857015,0.037527610990192646,0.08950444508721456,0.006703308273707324,0.004832557346630683,0.0007315526481130646,0.0008633270837448917,0.04365318320091469,0.004186656551450448,0.00549566537730834,0.012684048407429848,0.012775651988184266,0.0005211622260305466
spot_0193,0.12373264582707685,0.01893862194559362,0.11859713774963815,0.018903982054897333,0.03574675861094625,0.029793762620299473,0.023867415769242784,0.20796609105888667,0.16241032476078643,0.011376045245136976,0.07574627907378516,0.03068569682819698,0.008756233903470533,0.05539937703806603,0.0374766963638777,0.04060293115009907
spot_0194,0.3141008349102834,0.10896107319425292,0.38817414041752907,0.01991412415747138,0.03513589894258005,0.007500096357957793,0.017422999879610972,0.017322072919373488,0.002002307219038678,0.0016438483477283696,0.016946885351543317,0.015767573684517925,0.015836386874149243,0.012154092895832374,0.025444532037258716,0.0016731328108722941
spot_0195,0.32572922700438606,0.09673365715904252,0.09535211618405842,0.2893658103345684,0.009140176025665412,0.0017576598005352006,0.02297404607217545,0.0025778192207758462,0.012376301162340021,0.04866934430043401,0.04986425165906727,0.014606229176940402,0.005840827763936474,0.0018537068903904793,0.014165487394757065,0.008993339850927026
spot_0196,0.20231819735397558,0.3439996033272994,0.11376104210836717,0.04093526387800234,0.06902502207391095,0.15781892524882707,0.007710169962982984,0.006738296801884329,0.0008674209335737846,0.0008587045592642769,0.0068528346020236925,0.01841896931518342,0.013936496569888443,0.010855513992540172,0.005262128494968651,0.0006414107773077344
spot_0197,0.14049425462885096,0.2144773287356084,0.13301960356027157,0.11359210576432964,0.009827855462495797,0.038238311471227485,0.05549053570090467,0.03926852417407093,0.04777165407303177,0.022963756794728583,0.09316338018170119,0.013614772621577783,0.03149532846907513,0.01386245525827304,0.01636237685864453,0.01635775624520852
spot_0198,0.10468798383233645,0.31056306698519576,0.05795396875088322,0.20743441719006958,0.013983393961821439,0.014008364497933959,0.018234028750774543,0.013641364494161687,0.04502871527740334,0.0387449041951269,0.01592101445911097,0.010106558206062037,0.07882284994835297,0.049024426100163054,0.009544613617327032,0.012300329733277052
spot_0199,0.14502320188859855,0.25475818545134155,0.12362796938825385,0.09258666460165618,0.03181698910267735,0.1330947204711587,0.029242351859825887,0.01660004961542713,0.0009456347092392115,0.0007948006585783393,0.11003420782414236,0.031589184120470765,0.005833991811013628,0.011488637353654288,0.01198715061979439,0.0005762605241678291
spot_0200,0.12276356795068044,0.20643144285559686,0.11985873356134705,0.13802297577106135,0.00881131936712253,0.08011334778130577,0.013007669918329667,0.06753877744923424,0.028882945776035854,0.041759121101092374,0.09468310700073261,0.007953590163582004,0.014596133181454795,0.032658327439222895,0.013892629934179836,0.00902631074902172
spot_0201,0.30670994011813424,0.0136799403222543,0.20433603155216326,0.07112701348781433,0.005485337550237551,0.04397838726495008,0.05342953658870106,0.015864782273036424,0.0599647603112921,0.03551914492461769,0.030843309040032733,0.011211026400309486,0.05715884650452147,0.013567660243444597,0.02856525413775629,0.04855902928073439
spot_0202,0.19549144668326243,0.08223279291718924,0.07579234639609447,0.14312991521054957,0.0962316038711525,0.006264758552440626,0.056914085422581716,0.0401164221929408,0.03645053908437347,0.08734859640939802,0.025133137472270323,0.05233397934662651,0.06215122963489286,0.025571010380691376,0.006025645766511611,0.008812490659024503
spot_0203,0.24027411978049706,0.26176536637791015,0.18248960178983067,0.18082350218183987,0.008732905603032946,0.0016544032262986348,0.003181659910383065,0.00289886067227926,0.0009524551174338337,0.0009167397472540525,0.07353538417951774,0.02892133786777213,0.006136573794453802,0.004247655927346573,0.0027463540598677443,0.0007230797642824563
spot_0204,0.021841568248438005,0.40826036643807234,0.07832886072898604,0.1375178773537791,0.07025729062266194,0.02867625516231883,0.004473888743117062,0.03849142244216573,0.0054781570229086125,0.006543059627953122,0.049106399117939493,0.10787557173096157,0.012895304156762802,0.0066508295040158105,0.01898239498874218,0.004620754111177378
spot_0205,0.20818500018682518,0.15367920474508076,0.24656202174864955,0.015952025722492193,0.17532175829455185,0.10787617166753673,0.005020559736918077,0.005204661345804011,0.0007584031225839063,0.0008558062543773152,0.0051567501442828425,0.048490356978145174,0.0059648700177014164,0.011564485916685003,0.008716720736249782,0.0006912033821162008
spot_0206,0.2364764234456997,0.2797676481528998,0.26043022875585853,0.07755502169418206,0.009478510573080223,0.0022539593088203823,0.010917347935519118,0.015120885650965189,0.0005518298048767607,0.00054367098081883,0.030079671051423174,0.012529312209933039,0.02609840318174703,0.0032686050376355066,0.03426361238997443,0.0006648698265662971
spot_0207,0.27211592550253716,0.12934614383130932,0.19590623977894334,0.06381748568877729,0.014763519599139937,0.014888074355594427,0.022352693606723914,0.09199986886569042,0.0006497546331557656,0.0006899515111054692,0.03479594891571623,0.008688083080384422,0.008455257079536958,0.04765819317481057,0.09331651029565609,0.0005563500809186463
spot_0208,0.2547045315126066,0.2612745594505818,0.1231539903486351,0.033172070152598813,0.005484647193899233,0.11799707787774756,0.011165640959724549,0.005532545505630765,0.0063863448044078,0.07038611088169992,0.06308606567953502,0.00553054850733205,0.004662404273733889,0.005663515937595171,0.010364221160751521,0.02143572575352016
spot_0209,0.14404179341756335,0.016766596828503247,0.06687408599656623,0.2851334032089312,0.018158068909399343,0.003029170987004229,0.07935739318800807,0.004278136123886829,0.0014841258420738798,0.0013738003078403052,0.21859915955867484,0.019324291931316847,0.10308982802254478,0.005141662175221075,0.03178891401846071,0.0015595694840050927
spot_0210,0.37931894969181723,0.01652333240841234,0.11124365517624123,0.07757359420120513,0.010466366586695551,0.020245765911220428,0.1881327565888478,0.07033762028723167,0.0009134017142868509,0.0007842695160704858,0.023395201013635077,0.005141190873935568,0.03841879676349801,0.04534935650931115,0.011463871978563843,0.000691870779027649
spot_0211,0.0014035600391557872,0.3886705140237634,0.3760047687311265,0.13153099875430954,0.001273213165313725,0.0028017873246167966,0.005785694311391782,0.002862030069316933,0.0012473487774173982,0.0012972728733486967,0.016547887480679174,0.0011644845940457702,0.06202193823202002,0.0022263940501621054,0.003637132041019454,0.0015249755323129284
spot_0212,0.3270310760091729,0.17801789219620404,0.17951878574519894,0.031015370872404156,0.008361293909572291,0.09163868536713067,0.036081531862105755,0.07185020114826604,0.005425196642323445,0.03503601433823293,0.004874796143854562,0.004862737360014831,0.01146923322682604,0.0049630819205955115,0.005577518313197234,0.004276584944900617
spot_0213,0.22102093965613617,0.017067137261493445,0.08797492060641723,0.25980191212144466,0.016572699975429105,0.001532420854540466,0.0033403972435984463,0.001981821309770577,0.08778407372847101,0.08705626646147449,0.07655575737359271,0.003155198353893497,0.07775294611686064,0.002438056886566245,0.0032080177287838307,0.05275743432152746
spot_0214,0.2232372528568011,0.1474548622280394,0.17666402861807948,0.0660916560544059,0.06076046266378969,0.08428103246938953,0.1412652896345807,0.010038015978715224,0.0006504942777489372,0.0006878226283428928,0.0038052529192134535,0.011835258876259334,0.0479621667906771,0.019744687145453046,0.004908363150075428,0.0006133537084287314
spot_0215,0.07344691342584826,0.24441260344231797,0.13761753586220196,0.26098946551544994,0.0879664116517903,0.012793588746456992,0.04494531104281147,0.03538981205569788,0.0008547114985084666,0.0009714750046987448,0.018631974562853166,0.03565897523021416,0.030877143539590726,0.009833354186676522,0.004810043579996382,0.0008006806548870942
spot_0216,0.025163964510758093,0.3479220048304246,0.3003086613064068,0.13791428933665068,0.07734379275590543,0.03055352011708431,0.009044623042459338,0.0035301413697988128,0.0007932725181750243,0.0009981455591291846,0.005892282305720089,0.0054288067808209006,0.041448331844955694,0.010806108965942633,0.0014715706844693557,0.0013804840712989825
spot_0217,0.309840917951612,0.2565946983958424,0.17938194744405908,0.11275256733014928,0.016511356280728934,0.0012032167735779558,0.0034077712439040965,0.0015813680328508166,0.008097299644213449,0.012451070033963126,0.059799007036854084,0.010287286199752475,0.009856914322836766,0.0014312771766226238,0.012634866644087799,0.004168435488945127
spot_0218,0.2958096421224543,0.17096471937198984,0.1650999611375936,0.098880042923577,0.11037189063577357,0.014227832778910402,0.0035157162242080917,0.0033801657988855307,0.05020184416090374,0.005565281197424887,0.006596251059189248,0.037220189901670156,0.015086784069262138,0.004496176112130736,0.004547245377045817,0.014036257128980944
spot_0219,0.14718494144655614,0.025502351899865827,0.5725318138117697,0.007679059114188805,0.01044540856908426,0.15066856978143173,0.013210181241274358,0.005180815278627869,0.0014368039275187326,0.0015303814943017256,0.013679371096030306,0.012323461035388925,0.011475973234312277,0.0053837591775543715,0.020486642862984485,0.001280466029110497
spot_0220,0.14140609840946897,0.11123112558821747,0.1588627868473037,0.09971132651281933,0.08018706579472695,0.06907477949264397,0.03357938216400811,0.028855272820254234,0.0007561894164139578,0.0008361755594406041,0.15223941954708606,0.044562821777315,0.004428847324989505,0.030835766997431596,0.042827057936773,0.0006058838111075108
spot_0221,0.3579673788807934,0.25657591060913215,0.2312926221943531,0.004147945242901039,0.017563825793732217,0.001459492358600776,0.002646923371297253,0.001580800930292784,0.006763026015683212,0.06317573782527769,0.003962924791673875,0.03519978803101105,0.005820813865383957,0.0013760629234970364,0.0019253953452764566,0.008541351821094034
spot_0222,0.14607964485624136,0.2163915442524807,0.14686538921019662,0.08486534217395593,0.07793236036501104,0.004232050876678527,0.14997999932145273,0.08777877944683894,0.0011644574358816858,0.0009915519352520577,0.013739531808446361,0.006895331417604531,0.0436133960640053,0.009459148069274451,0.008864092353846335,0.001147380412833431
spot_0223,0.17988381947028986,0.180740704037598,0.28828316017084615,0.008553309424043512,0.012850575345469729,0.07414811663437505,0.013695581783319451,0.0037308158266731403,0.005898465564798185,0.15678989849192607,0.007986885255013893,0.025532708154561427,0.005731056427757098,0.0064367286944958324,0.018862768244321777,0.01087540647451077
spot_0224,0.4385920849877441,0.027688462585921888,0.09848563053538441,0.13780200613833812,0.004367622669048732,0.06348229089197181,0.091278626059606,0.024311314228684964,0.0014719586622187779,0.0011561116454770592,0.08336269937855728,0.003295525935201056,0.008345033049503939,0.008617381698002774,0.0063924687504287965,0.0013507827839102735
spot_0225,0.0033934879620008476,0.26472210862576656,0.14097918266709883,0.10632712237983949,0.06845099771048446,0.04170469859340939,0.008002473529321872,0.058690755361793925,0.07595485883461486,0.018385613694893825,0.07147606296205844,0.01045111834707957,0.03475055607380382,0.056517793005558495,0.032406346235308116,0.007786824016967515
spot_0226,0.29191921185012,0.1590251292298513,0.2951058314896444,0.011255167501634581,0.01147171633427376,0.0619562948756469,0.018622422371281352,0.009171721303585855,0.00166860948686384,0.000840555451388071,0.004424490009646273,0.015562739557240015,0.028054954679507024,0.07712652107433834,0.012777878413080168,0.0010167563718980989
spot_0227,0.39788443405319435,0.08259663847069713,0.10331253187488756,0.006265538566198948,0.007151265239684413,0.13348607528689374,0.003013245904464664,0.006764368257983409,0.05578633658346699,0.11238653011368749,0.0075793450049927895,0.014900878554794458,0.009966144048963416,0.015646271860214014,0.0015397677780593835,0.04172062840181724
spot_0228,0.23376376404821003,0.11517382213741038,0.06604973286526951,0.05445907459166643,0.09620928870558194,0.097400974267617,0.01503242327753048,0.011206543881041694,0.03814893233160729,0.09995659235443399,0.010214283917272087,0.04692423694093651,0.0070777905356606925,0.008936280531964986,0.005616998719623036,0.09382926089417394
spot_0229,0.349002130591854,0.4021916742758902,0.11934898905854051,0.005201695198718034,0.07623192627381244,0.0027852637113241372,0.005017430127150201,0.0019867019661009406,0.001250096802254064,0.0016600539348027043,0.004997431283137987,0.012378452773423134,0.010238256266900227,0.0032282310702821688,0.0031044735823602047,0.001377193083449092
spot_0230,0.13690208552684785,0.21031234884242841,0.08952490260287124,0.22318054994718028,0.005087458366362332,0.145429858653159,0.054470728563490445,0.017826256303782827,0.0009461789994515889,0.0009996067497424791,0.04561320450498365,0.015205301894271108,0.01095174950094684,0.018126616490764958,0.024368714824808173,0.0010544382289087964
spot_0231,0.2006963363595704,0.17271513370892266,0.039718345507399735,0.05748141382972925,0.0354955960762563,0.015175541749384507,0.10820579245028714,0.11562178117770519,0.006358830058654421,0.0036593570265292205,0.05498764360978392,0.012970489055732023,0.016134125432633827,0.043553036490028445,0.09898122979401966,0.018245347673363298
spot_0232,0.3701191995803863,0.021279381519319452,0.18754226059069026,0.007460330075341414,0.12197936567938869,0.0064229695649834564,0.07238826739919928,0.02880293441805361,0.008443920750578485,0.0823732683272747,0.0032466345359408112,0.041255107556312426,0.004477423937282014,0.005190357387477415,0.012972828542144257,0.02604575013562742
spot_0233,0.29550190487481565,0.09075851027771888,0.09037738491028707,0.05385991589318237,0.023297332716301286,0.016187254622932933,0.029330124488370087,0.005934679477403196,0.08055017711551027,0.019462988132190055,0.19814421968785323,0.0024806156984350054,0.008585522734481004,0.01149573222861546,0.05626937148466801,0.017764265657235524
spot_0234,0.09465717127894825,0.22293476531751832,0.14962302720513343,0.10554507917158076,0.017542995367904966,0.05937454116675749,0.011322189647002818,0.005034422717458005,0.12227071290714775,0.014058431327138519,0.05681661092847453,0.07383622785943184,0.0305496819488666,0.011189121549356312,0.006580578908275804,0.018664442699004597
spot_0235,0.1942252464084091,0.21484813082118956,0.10100624668107613,0.2910756835078474,0.0248325918688393,0.035276383432718286,0.0070086672701686215,0.010041208393997147,0.0009963774180134775,0.0012090305383188002,0.07179663614078126,0.002954636292507676,0.02770536408051008,0.005433032564842302,0.01042531374092109,0.001165450839859798
spot_0236,0.14900615058840638,0.14711671523236106,0.12943896019733972,0.15685925661301323,0.04459358656457143,0.007517632310428581,0.09680107806975854,0.03941055898533284,0.03658860018101425,0.035311270474713566,0.03885662210084145,0.008187158549715155,0.08017983816134648,0.005907453366223432,0.015482099979889795,0.008743018625044093
spot_0237,0.35947110623618517,0.012809788799302821,0.027257964881345756,0.01776241594197508,0.015970711563280802,0.0258143910489612,0.10427758367302618,0.09529817593992548,0.012045651683829841,0.01879081678076104,0.09341892670218167,0.008481020757347798,0.009751137396016765,0.026300793792431856,0.16875342223888556,0.003796092564542997
spot_0238,0.2008702528034447,0.3417866798753047,0.09367395708392097,0.2454723467106821,0.02701125815465598,0.0018523959244385285,0.009680426249951014,0.001948488527949289,0.001123515318462713,0.0009049897809207867,0.04299856874790837,0.003416085245416893,0.01916683869153178,0.0018475711912078628,0.006917419726765564,0.0013292059674387847
spot_0239,0.29502022333849753,0.16347404891166148,0.01199619150226599,0.15952014435404505,0.04630603419294445,0.0017377526207884156,0.006612385525261945,0.003199980398976002,0.030686768032812742,0.09092976797874443,0.0277000901431876,0.120211468862081,0.005744184679751305,0.002427082445569346,0.013724164570265707,0.02070971244314701
spot_0240,0.41456766531100386,0.04279619552539159,0.1206817535870484,0.024841612852022882,0.11787644116073691,0.003646917500775798,0.11232279947464999,0.01188148947188695,0.0007583435076902454,0.000745075326286569,0.03105451643664384,0.004832988306319484,0.004460501702745076,0.009336177183986433,0.0994477946307602,0.0007497280220517648
spot_0241,0.3752236284558388,0.058999289799709656,0.03658444789895945,0.019359390115184404,0.016957643271102368,0.07016244125382402,0.005139179348301709,0.07047521504355014,0.1540262875790142,0.08704255325672192,0.012733926369096796,0.012263005681825171,0.04862835134281156,0.011261235746789434,0.002437576236085347,0.018705828601185043
spot_0242,0.025381726317164396,0.20187204892287505,0.07357899678658872,0.20982709764613447,0.23431534349658792,0.009754508357590634,0.03364968251742908,0.09048455076729099,0.000900180117584484,0.0007031333065802066,0.015649036802876725,0.004324937418858729,0.06396180082368144,0.0112190394704078,0.02333728103505393,0.0010406362132954494
spot_0243,0.032948675632460324,0.17281481245553426,0.15453456652671063,0.18529177302487618,0.08958439816052273,0.002686461729858215,0.023862173447521826,0.05516580330580863,0.07136320123677166,0.009498410305429162,0.03740317690937688,0.007933891575953325,0.06684218682285373,0.020665850699989944,0.02606468177555544,0.043339936390777094
spot_0244,0.0007256084352788231,0.16863705108955615,0.03392100572437563,0.3895901202671635,0.0008543665619038098,0.0036822538011754826,0.07820549767313717,0.04829403161444558,0.08192413042496995,0.02760418556687405,0.03846282881315323,0.0009200068171514075,0.04038889045212275,0.02308678896642939,0.03399323368721001,0.02971000010505309
spot_0245,0.16412146897645544,0.32082876083308554,0.18925451757069395,0.15859774168313615,0.04372078571418786,0.0009123527944155538,0.0024618992622196644,0.0009693100637227541,0.0027703216692403164,0.001873619107367267,0.008800572387721063,0.04673638702928941,0.05454113982615777,0.0008391044339571051,0.0013017672208295392,0.002270251427520651
spot_0246,0.12194725841830564,0.2759106733248321,0.21921966761074835,0.08822606405380422,0.06848207225322177,0.010275131941535585,0.04661046394300749,0.013074331222594422,0.015188409184118902,0.02178910838401655,0.012182451532966779,0.039411255082429375,0.01978337042020434,0.02611676919947483,0.016198213063941314,0.0055847603647983645
spot_0247,0.21519585767986785,0.07188114599887066,0.029429238810231077,0.17891527089943235,0.03339603650579376,0.017356721044821066,0.07224116627791076,0.06454991725802346,0.0016806886559034887,0.0019055095858694976,0.12095072674808052,0.10698988748407791,0.03834485204204136,0.022060464417439658,0.020770564049716226,0.004331952541920356
spot_0248,0.02592564775210899,0.44933119284368955,0.13901861680064603,0.02191452775012018,0.08327650190806579,0.11956829060155413,0.0060007670752914785,0.004871672489683775,0.01609569825446668,0.04341878598200882,0.005528638916165555,0.008991034899548622,0.03014588055599411,0.014797570139746849,0.007737879549568955,0.023377294481340464
spot_0249,0.00576604771651281,0.1013781924816548,0.09517792394425559,0.15964445335250055,0.072138503770417,0.007341691928780211,0.07745106047031315,0.003336529295218288,0.062148605424131524,0.05667906769249503,0.05072043338144143,0.2637689809704712,0.019176663063878004,0.00414022993188547,0.014711831160991482,0.006419785415053457
spot_0250,0.2354473029502334,0.41482390317442214,0.027614266940685098,0.02955993591866736,0.017868315401530742,0.07052627271979996,0.004351056184825511,0.003983074617517882,0.04720806283612482,0.011779626338664482,0.026086925482264677,0.03267433537038955,0.024679005546370203,0.003527880740358186,0.0098320910385416,0.040037944739604404
spot_0251,0.20270981931046644,0.1801619168039084,0.37921488297426836,0.029982630796831337,0.02607604706685756,0.11791406665650914,0.0037593085711435065,0.004256102520222578,0.0015014946172444183,0.0035826264027610725,0.01365109155060419,0.016670990710819098,0.006994159533257508,0.00968276949748064,0.002853299583577728,0.0009887934040480524
spot_0252,0.17155424746733347,0.2052892946693306,0.039497346290936874,0.05640712099157632,0.1014484133056887,0.22494378177075133,0.028487808524969342,0.02848758442992734,0.0008636830137883691,0.0005538585881007887,0.047456004560251445,0.0039889918557102725,0.006963428308792922,0.052946968637594356,0.030263662543245855,0.000847805042002002
spot_0253,0.2551183782463582,0.15773186661143843,0.07194775003969629,0.09253069622355792,0.12292791997455078,0.08958496230005143,0.04755961360667206,0.03161442855522527,0.0009900193907657702,0.0010235713293163613,0.006665895427423976,0.005382491854601492,0.06196809302921511,0.045502274683683654,0.008465763835681346,0.0009862748917619012
spot_0254,0.39242720629485495,0.18907640838964676,0.07249902861977305,0.05019297479170082,0.029158130174211542,0.06420613122875549,0.015927315781213848,0.01111894718716456,0.04162715207134613,0.0032705667125889066,0.056791129580542686,0.013275859855907114,0.030237746613586542,0.01285149251807919,0.013591341948545405,0.003748568232083002
spot_0255,0.30756901841526507,0.06455529160848487,0.15956848426548514,0.03811130095221652,0.10971054862389985,0.03737828955985422,0.035852514659109776,0.03933004653544302,0.001652261800721978,0.0018393335266200044,0.013582545604903974,0.13582117112435035,0.0206790144097803,0.02824841084319909,0.004306215250338397,0.0017955528203274394
spot_0256,0.2480879042014397,0.11597387927797542,0.1294756141112234,0.12966250869327886,0.1697717818080756,0.0012782099821153135,0.0022298575742088936,0.0012717407583171343,0.0020449077666378616,0.0019276795216506325,0.03368567885713415,0.07054831917888806,0.08963844570780131,0.001334834051404958,0.0014932880357740115,0.001575350474074697
spot_0257,0.3250322359964351,0.22924298864166906,0.07786521433621303,0.11052822756420218,0.005377454536218164,0.05630175099906149,0.005310211414503385,0.0044170460166322355,0.0015126196268364998,0.000984861934216018,0.09237804709822313,0.003507837020858515,0.026857173667634276,0.041470308825408225,0.018015398802643388,0.0011986235192453162
spot_0258,0.01052503362517999,0.1151663961969514,0.1755179764217201,0.3154908691525925,0.12019582190550245,0.0015805714656725476,0.011353791986049879,0.0020119793344344087,0.0020756903877509735,0.0021733277725556528,0.10758953012322683,0.071655046207799,0.05854924985856557,0.0014682823577060998,0.003364285458563207,0.0012821477457293756
spot_0259,0.2026014393788916,0.05888276816487769,0.02288356256558582,0.17534124208662047,0.1110507780256024,0.0028952505094127163,0.015499818516101853,0.00290565909868189,0.15527935879648969,0.036860703832053456,0.06560245285238353,0.02923963768229072,0.07413654408758825,0.004130934413030722,0.011410622366496459,0.031279227623892736
spot_0260,0.2633615039370624,0.03664246139483053,0.16853800631744004,0.030741649789987967,0.22012574548730232,0.0018297901125623988,0.003810307695867354,0.0027358148998997242,0.09387440482335532,0.0714516209799219,0.015894327207782454,0.02609843997077127,0.0066797489535762025,0.0020012530074958344,0.014982558436735367,0.041232366985408886
spot_0261,0.0908662171437297,0.12975812531944472,0.3009682647229948,0.1856186406036249,0.1651651838917874,0.0020178363927488762,0.009534174767010737,0.002497420038285963,0.0009017339674536513,0.0007998759870116533,0.08781536253164444,0.006198094728552366,0.00762743345572826,0.002232763644646269,0.006872564094842112,0.0011263087104941237
spot_0262,0.5727995317965716,0.1608630059067794,0.012231948331602712,0.068819046897692,0.08043463702202135,0.0007017440800137322,0.0017491053858347554,0.0008815814216080557,0.0008871202665521167,0.0011634220369864184,0.010693196398096622,0.07139272336131794,0.01457597295957646,0.0008028273217105193,0.0011436754180954027,0.0008604613955408464
spot_0263,0.22321638720051382,0.05011988069551273,0.18782864467379953,0.18673395582921026,0.0792790375176294,0.05507219325738933,0.04864272695531215,0.034124475650393275,0.0015379838507853785,0.0009665014449311318,0.07888981062206876,0.007600738943681424,0.008536413524233772,0.017616494418759274,0.018981606053200407,0.000853149362579348
spot_0264,0.29490938230506664,0.11852693074267975,0.009368195093373966,0.18894779631046513,0.05931225839448184,0.05756147435459616,0.08166531180800309,0.05977071582879839,0.021246833938218072,0.019068063013792446,0.01043660966152831,0.015703350425003895,0.014458355805913238,0.029210730069844835,0.009848548239285578,0.009965444008948677
spot_0265,0.5076764379043982,0.03011259354979266,0.01128711266942269,0.010518433263005451,0.036042449022467005,0.08489991093411618,0.009113049841727687,0.025860936720628315,0.04126689638395082,0.1812865430466097,0.00839598861621482,0.02849660179300017,0.008356534165354996,0.006931546010102742,0.003486474295675645,0.006268491783532937
spot_0266,0.16794458659178024,0.07209110301032368,0.029913757171783954,0.22992229808609754,0.14336451129837363,0.03186685148158922,0.018951398812156774,0.08345981886263794,0.06340554926318406,0.051349567080533925,0.010062503850842387,0.023796027071748507,0.013603418785908884,0.0294513150007771,0.01743768211365426,0.01337961151860789
spot_0267,0.3351987796218818,0.01329665347277551,0.019338426332429194,0.018427229205256232,0.015290910984929035,0.08926419588938321,0.2656454805702919,0.053843990320117066,0.002728102188774975,0.0025939038566108372,0.018097188276763248,0.03483311351026531,0.01356562953382833,0.09113621961173445,0.024233230165942705,0.0025069464590161345
spot_0268,0.352829955644489,0.009118654661339976,0.04096102489133916,0.1864699149620755,0.03974468386100494,0.0030973493245443568,0.13396241088169342,0.02100146066278424,0.004488428976804469,0.0465670266503041,0.022401333385113256,0.029565739916155756,0.008502144775521752,0.036261316168718784,0.06060867508969099,0.004419880148420314
spot_0269,0.21434662990484904,0.26359864774547137,0.16152455154722592,0.022394397718742708,0.0049864428655227696,0.10276093326449208,0.04407853452402346,0.03836402969908323,0.0635784420995939,0.013402685535061448,0.007263138411678986,0.006471962587818345,0.02568126073599222,0.01512495459908725,0.008719074278919369,0.0077043144824378955
spot_0270,0.19021254857106124,0.06399992552007253,0.015509828072347258,0.28334688054936563,0.13022792268072378,0.014225640535580151,0.00743923981926279,0.029171168329816668,0.03847712963029202,0.011982693612604163,0.1049303338068596,0.0394515027805266,0.04981546920848799,0.007337082838271177,0.009078580459303034,0.004794053585425392
spot_0271,0.25856642920774825,0.24346272964587906,0.043950621121813735,0.16313212458842127,0.005679602462234679,0.0025130513663918982,0.026443419786286896,0.10691834565843031,0.06902157710634223,0.01256070492078073,0.008247390624121402,0.004494273037855847,0.0312018929705364,0.010853494401587319,0.0053530842756897715,0.007601258825880234
spot_0272,0.12302417782059918,0.05514573038957679,0.42400430222391894,0.15917859040197405,0.1305999071904247,0.00163803143958587,0.003279062846556436,0.002422377406583367,0.0010819845919698332,0.0016016185648850662,0.07065384327032179,0.008513932233732958,0.013618430291190366,0.0018129401108376538,0.0024836292949015756,0.0009414419229414175
spot_0273,0.23110023288433168,0.040092117719953524,0.026561307907865216,0.13287369033990237,0.1683206063913241,0.005503006873291638,0.028096035629834735,0.10945132328358466,0.041978100149634365,0.03592313640002912,0.06458014157518535,0.02264786240733342,0.009414738436631214,0.04474978707847104,0.026826500510890867,0.011881412411736661
spot_0274,0.3520338402605553,0.02747845417718451,0.14927020316888384,0.07316720885487084,0.013568679903708771,0.060478192372115616,0.10048825160594203,0.04780380157351788,0.0006025145014352687,0.0006260351081797977,0.07092291938881738,0.020367312402405514,0.040110068085392435,0.015149756955348958,0.027384196172868674,0.0005485654687732264
spot_0275,0.07969395286902216,0.23522651395910346,0.172321618838814,0.18904580465779736,0.0024670344815258976,0.2003034354013699,0.014564768498752637,0.004975630596672544,0.000983280748390087,0.0012605366136165515,0.027454578374338446,0.0035861963369551463,0.031496560587334285,0.02368192876760541,0.012202045850039606,0.0007361134186624884
spot_0276,0.1599816098670974,0.09607435258019516,0.09358212581107368,0.03858426685299424,0.07381254195638873,0.23157399461964812,0.07545305802354409,0.1136783140618226,0.0009641599377479002,0.001223718927076755,0.011636738598049687,0.012209196143989912,0.028804839724396323,0.053600633569269814,0.007671390649816789,0.0011490586768887925
spot_0277,0.28391327396519517,0.014956713010990465,0.11654908342642523,0.03128713021587849,0.06130498999897464,0.00880390749502177,0.021632725180684532,0.02209879119109174,0.009853057864981373,0.11363134684692716,0.12417838046814371,0.07804545425425441,0.023214359185096504,0.03223808167613274,0.05018238457945379,0.00811032064074829
spot_0278,0.48253357902784044,0.08288361382599693,0.10724846804446532,0.011302861952067237,0.02878064750026466,0.10946425145617039,0.037956102273880715,0.04691106307217106,0.000562898528572583,0.0005896915446315131,0.008773451463543781,0.004333837100938051,0.015107260087045597,0.03325564940846508,0.029767624701709395,0.0005290000122372559
spot_0279,0.18382843431583135,0.3910382595698836,0.32426102298546,0.0345391637141808,0.025790783857772295,0.0019234996046873384,0.0032827961205535642,0.0017715033365426286,0.0015061368845602798,0.00324427808698669,0.006047914685273067,0.005234654346684078,0.010998568231533118,0.0018566060667491331,0.002914698665633036,0.0017616795276690497
spot_0280,0.37778584313360886,0.11729060909300659,0.011913309503185211,0.15696360965956346,0.19392470771103726,0.04724794546806266,0.004395519224708879,0.005440630169511625,0.001600539683395647,0.001702562017308439,0.010233696280781948,0.044837188329044694,0.009906097418958988,0.011869031015219697,0.003460252951630451,0.0014284583409756011
spot_0281,0.2517167883711235,0.1386025407415638,0.32579625580537924,0.010560781685568394,0.041145359628612745,0.06107174770237496,0.006129155663870702,0.007993596898745648,0.008892232085198534,0.038999708519151105,0.016522267563024218,0.009464059696727464,0.00562269211782529,0.014302329700140745,0.05822018810390691,0.004960295716786745
spot_0282,0.5634055216222368,0.04223143812186087,0.18368407824094357,0.003738100482476402,0.024929015668587674,0.020761588379672003,0.012772271267348869,0.03960033573618111,0.001312960158205801,0.002745687575009547,0.002027188033957344,0.0829568555707421,0.0041467516406751255,0.012802531598674107,0.0013619685756179308,0.0015237073278107178
spot_0283,0.14248516080851054,0.12633147443514525,0.3257342545535442,0.1072131371344652,0.037219691560722044,0.007654803832376399,0.06400264914433211,0.0690452240639123,0.0007808269891818242,0.0005240902467231676,0.04925683780018908,0.007255094661527958,0.011429159504850043,0.024151884177546337,0.02625961060451307,0.00065610048246045
spot_0284,0.33014229270227335,0.033041780202643554,0.13033535984195213,0.2570408268366578,0.006617405063237075,0.0031595488614850928,0.022528798690690438,0.03798138524531464,0.04071712008942097,0.008753418673131237,0.03386858644747704,0.019715658576274237,0.024022705016501326,0.0067329225634348245,0.026400374765130175,0.01894181642437608
spot_0285,0.1416542946158008,0.28200401503966455,0.1902385095292037,0.07583954864259194,0.009193160013097517,0.03912855306749384,0.009256673527190033,0.0038302164406353984,0.10047725022519728,0.03585355076456948,0.011994263649414659,0.01572370391988871,0.03485664117193636,0.013743442561137215,0.014029081315209078,0.022177095516969378
spot_0286,0.23363120670828189,0.0035519072973140852,0.00458346586611674,0.03650213119278461,0.10413056604502346,0.03036234094627397,0.015645015584712835,0.10764284658849128,0.018344185653615976,0.10126477990105848,0.1540943149722919,0.03702935420083213,0.017268756104316763,0.0678856522324107,0.03934789761664027,0.028715579089834912
spot_0287,0.1639824900169829,0.20689915358116923,0.22030536688617636,0.16644106288699384,0.050840058994144975,0.006085152445244824,0.006662650131870435,0.06225294255426717,0.0009160879052141367,0.0009189702676175286,0.02761804634421217,0.005425027551050268,0.01750649498375505,0.02382241003379107,0.03915327938195842,0.0011708060355516228
spot_0288,0.3752940772925455,0.16709320749555603,0.1399829608090253,0.035883973949654285,0.04802740104059357,0.05208475936743934,0.027884354576561327,0.005180872054247792,0.051135031255044476,0.0041459729547395265,0.01420732580392798,0.017760749233852346,0.026873028407925777,0.02508083986525674,0.0026540719801338383,0.006711373913496145
spot_0289,0.15642837962514206,0.11379938329945774,0.10695202923819488,0.0795393993576538,0.16470578395799673,0.07773843674063526,0.059819533432262165,0.03265011832059729,0.04094007337193949,0.004639410743315385,0.035603163731169465,0.011010307476556066,0.00626847926865622,0.018166562088401395,0.05456437282184195,0.03717456652618009
spot_0290,0.30850074710952236,0.10700013864294498,0.29011815668451046,0.05734932860036232,0.07425647704511724,0.002654795779509594,0.0072004161234782964,0.002557924142231143,0.0006779260625321451,0.0007163502653119747,0.05973879451250606,0.013493482120017407,0.01191877385987075,0.004569279144629142,0.05860763097410884,0.0006397789333473187
spot_0291,0.0016968569815390925,0.2846512214431739,0.15527055741102194,0.19961433638279505,0.001273238610290028,0.1793042303949358,0.01184870978795374,0.014307214672308654,0.0008575285611379979,0.0008287040317261722,0.1019155692873645,0.0010319345709577468,0.014561353685387114,0.020127158478768392,0.011949163713028458,0.0007622219876114472
spot_0292,0.15206950009672554,0.11592800101803266,0.2170214625044528,0.12177267817738328,0.08428440330421488,0.0741284934917444,0.04014024916141558,0.004527399310145687,0.005098899933116945,0.009822803095929401,0.05031790213877311,0.09564646577251096,0.010763977185050535,0.0043639487743285296,0.00857853422991109,0.005535281806264579
spot_0293,0.20795052172333392,0.25176565290418224,0.19556574395322457,0.017211451348853785,0.04438054583644065,0.028569630952136986,0.011750430696362942,0.037650763918797146,0.03127848421655027,0.08036931386514318,0.006720402224674081,0.0242840935062444,0.009288662061759947,0.019500505592975746,0.002842603594561589,0.03087119360475857
spot_0294,0.39826035231840445,0.009911638749978453,0.008747227105092632,0.07226268113220624,0.17312723000917177,0.016290829679765195,0.07113651775864174,0.07872231139934201,0.0017304089176599937,0.002730468617791765,0.01838480894205978,0.05759172335619619,0.026789221643888677,0.05805166406359547,0.004854314022875497,0.0014086022833300804
spot_0295,0.27566769099467436,0.11665894776104246,0.11134521859914578,0.1876748369284367,0.021959651484747413,0.01018417502573811,0.07800325317567428,0.0706169277763446,0.013005185727347657,0.03496571805322384,0.025696961758277806,0.008820843419786223,0.009465915607079399,0.019774681481539727,0.009280341420260805,0.006879650786680818
spot_0296,0.13597067406529242,0.28832902041701564,0.035932293023492066,0.05931302662419887,0.21609975133424034,0.10433352296111438,0.019798810315989953,0.00749117208799834,0.000911200973684425,0.0008948943719752756,0.08153817010209706,0.018277711710051762,0.00694448243295803,0.013015732963508156,0.010361870564992017,0.0007876660513912416
spot_0297,0.24872697509462657,0.052529095078963174,0.10994340439193549,0.07063951494852834,0.08938860657815331,0.005881469073788857,0.024494572142348906,0.0025435939244021154,0.006209409573211876,0.22915655166852494,0.06504282740178305,0.007087613877023812,0.008640605131818328,0.0028967869930219396,0.007685776976413903,0.06913319714545539
spot_0298,0.010320289806890865,0.05223727720004951,0.42458284283234493,0.13999103142707117,0.01697181043313531,0.004638644059669815,0.07554885098333879,0.05512709707455025,0.05793557801601291,0.010179741579883448,0.058765130107337665,0.0029064310928763495,0.007862756532477306,0.026372546750576868,0.04695490814248176,0.009605063961303064
spot_0299,0.23033914331728836,0.0748436030967079,0.027058057385010707,0.08117659072947311,0.19625179088037933,0.0058990122953893895,0.07842158592412818,0.1405354374578904,0.0018543059179726388,0.0007480650035369471,0.04376141630248872,0.015022326234607865,0.03163580156992245,0.03846935452154547,0.033036807513334474,0.0009467018503240566
spot_0300,0.38750022544325813,0.12261586565590252,0.2977876638606152,0.0389308513237144,0.0209813254498192,0.001805042865376678,0.002546497106802054,0.001410625268409883,0.0005242836726671294,0.0006367772875893323,0.10068367054982584,0.007667769473785632,0.012435784078268265,0.00134156957122061,0.0025965656383233975,0.0005354827544217035
spot_0301,0.37498488860303236,0.23728794610047116,0.1196744207582715,0.022130740279566172,0.016478823256426335,0.0375702605074185,0.032730358589284095,0.04506634761504954,0.0012194901953322594,0.0014038847127802443,0.007158227288569674,0.028555632119012693,0.01219392972868259,0.04823827395159026,0.013996196011103178,0.0013105802834094324
spot_0302,0.13944043974167325,0.13139609273610142,0.20213319522440948,0.19133366393085713,0.0104001176132005,0.11598578830869165,0.020222647349977366,0.009458130863092086,0.0016240834077110144,0.0027916751624630833,0.09566274422432454,0.04191892244395946,0.01819835146379372,0.004983907068758651,0.01247408847197414,0.001976151989012529
spot_0303,0.4217642115003782,0.0771183944426789,0.09409412518387722,0.10773601673607289,0.12434833377977848,0.0031386060984485743,0.017319958137491487,0.0020849804787936733,0.001130469191720065,0.0016179201283423163,0.07334225397857598,0.034605455513720185,0.030608855382137024,0.0025060730399666833,0.007213659437896257,0.0013706869701220602
spot_0304,0.3617521776114012,0.08790970405055568,0.2448761431354832,0.16463500523178393,0.006710781454580566,0.014633931982723681,0.024932754900372826,0.002813428731217489,0.0016560287904510533,0.0010653961820331407,0.04265499312093169,0.0033208598847885174,0.007147504471499001,0.0033598870949621503,0.030591149060871545,0.001940254296344342
spot_0305,0.5120580678729795,0.04980915935450211,0.024635849489703678,0.1353814065757219,0.008782577795607425,0.10615953824811601,0.014246844677110727,0.02100683628676187,0.0017747619170486618,0.0016224505731423826,0.03683254889305202,0.0066344438813947925,0.019170779707633444,0.04877325324981385,0.011335543658745345,0.001775937818666375
spot_0306,0.36557370051932075,0.06955451794850093,0.11076958033382583,0.2483032551497457,0.03662000261056899,0.0016108886593944678,0.01107092894307976,0.002900661812321276,0.0015497358640254835,0.0013053441138085157,0.0581124904226079,0.01109419904673673,0.07169350714326514,0.0022292333304923294,0.00435623841197777,0.003255715690328444
spot_0307,0.328357863268069,0.24727323114461955,0.2224048281940755,0.10390851100154537,0.03667094213077341,0.00242155755067374,0.00848080378311933,0.0027423830371570406,0.0009382392479575681,0.001096540051853157,0.01312987396376968,0.0035648325859942514,0.02116438568361427,0.002345005976159214,0.004324693861227914,0.0011763085193910016
spot_0308,0.13126223993720376,0.09211109426585809,0.1513546950467416,0.14373633006789224,0.043635484455399616,0.14130020510793515,0.07235324492396857,0.0074124166124534055,0.07195444718775695,0.004780015536848066,0.03786567720737788,0.033893135953301685,0.008552999105766788,0.028746387810495214,0.0236639667444187,0.0073776600365823095
spot_0309,0.23632719769475935,0.12174109575062468,0.09626021552357418,0.24458570968173912,0.08297113046960981,0.0029849065898296992,0.008003002394354022,0.00531948511574624,0.0007038563463971065,0.0007032904403215282,0.08975776408015286,0.0313791466147895,0.07007221532512944,0.003000784621191714,0.00545729424332417,0.0007329051084565655
spot_0310,0.23090431829425448,0.08776919229581989,0.15900608717514128,0.053809849196701794,0.06734973870042947,0.04135702031117194,0.03770974142187551,0.02780729650544998,0.0007685758306128132,0.0008113691586332012,0.12048492273548196,0.006409389945705812,0.043356397563254344,0.04120328301949378,0.08055062409512034,0.000702193750853396
spot_0311,0.015284944023008621,0.17233467765269178,0.17843047892598282,0.1763865909874245,0.10728693815889512,0.004057067145154429,0.016901458959207145,0.014319956526873371,0.05072828875160433,0.08430394978520915,0.010181380900855195,0.008888335589885039,0.04288750323313167,0.02706757600093822,0.026926841413439994,0.06401401194569861
spot_0312,0.000567275720817916,0.07956016324520133,0.42772752485553656,0.22491311731606406,0.0006888731280011618,0.004575092312335975,0.06059695412844632,0.06310840292108554,0.000536044366742237,0.0006481534630176137,0.024218168568027266,0.0004640440021806811,0.06065921829488208,0.04086444225199807,0.009781873853564672,0.0010906515720985443
spot_0313,0.10333492571141241,0.07146256520313007,0.021263396749060737,0.014523821081244743,0.1652197435307211,0.06432744821609437,0.019701751557736884,0.09697952711390448,0.026289965340376472,0.18445024682733666,0.019704316823326483,0.09250220472393433,0.025202264182121025,0.05163440396402213,0.030175971581163977,0.013227447394414114
spot_0314,0.19616581427089397,0.05328873643992801,0.16239655227578637,0.34985978711375787,0.06333616299569597,0.0012556216190025605,0.005785672701440635,0.0015245669178464516,0.0010691636377702643,0.0009276241149543509,0.08827627853646579,0.008986208901329128,0.04829474885452842,0.0012337970617645052,0.016414564540635532,0.0011847000182001323
spot_0315,0.18280296482321487,0.21568319053924737,0.053692717554665786,0.20543924355459942,0.005250455826339293,0.0089460495589223,0.11288756814587453,0.10479953659660497,0.0004487697411154947,0.0008071878250811338,0.04240520428757369,0.0021543142319225862,0.023587335760532555,0.0168908920223082,0.023776114501687522,0.0004284550303102533
spot_0316,0.28019297695617856,0.07810601159285561,0.18555859861934365,0.04394170639493226,0.005892201217065856,0.10661270203266514,0.01894171125057419,0.0040563209479039,0.14636938960142898,0.0646157288944969,0.005243803018285289,0.021867418806130495,0.004951247697882815,0.005073236858329561,0.007337225249176999,0.02123972086274979
spot_0317,0.5104168171160424,0.053575281943620046,0.05808458761921664,0.01871643523950317,0.03723794909178081,0.005994378008781539,0.039331855207878456,0.024544376884421158,0.08484636725051437,0.04122628780230543,0.004524881590337392,0.011748486830752882,0.056248020142311415,0.010658485179657538,0.007323516072011149,0.03552227402086565
spot_0318,0.5012077780643022,0.08156274760539299,0.041642442063922924,0.06650625356368271,0.11923142583010522,0.004808790731544444,0.05479625613673197,0.045381368126252944,0.005020026079598684,0.020377196724302285,0.003519989600707529,0.02326832049395154,0.0074229210420869085,0.020959430326217474,0.0015822899456234176,0.002712763665576785
spot_0319,0.16441050912233887,0.16760994291464162,0.03217194060661577,0.1705111085212523,0.046372376249829435,0.13352476962285217,0.025968960410221214,0.04830801461349906,0.0016022912699411574,0.0014728866923353298,0.030950012578981667,0.01888174341440833,0.07108923802301327,0.07481382501598186,0.010823044932924838,0.0014893360111630902
spot_0320,0.2881273183128307,0.14577725303829556,0.008283369583021073,0.2039566739369752,0.08498773528584255,0.004818997706557498,0.0753167932400688,0.04688827599875341,0.001035263412315489,0.0008959877997133787,0.02461948019985634,0.01216777365038742,0.07734910414972754,0.007156037665642165,0.017792248295290056,0.0008276877247227983
spot_0321,0.0007190416065782603,0.13669693456995077,0.2529535944748164,0.143833801860414,0.0007420595446149868,0.006967901035186678,0.08499447205952902,0.06588717892070402,0.0011655843196087831,0.0011725939371086944,0.0836787275094319,0.0006452433135083123,0.05158445395556639,0.007417166415617351,0.16040612076478772,0.0011351257125767212
spot_0322,0.26461160913724757,0.12134729501665988,0.16873283194785088,0.014969993555059942,0.022283223152730378,0.13362120002859096,0.007954612165414645,0.02516584896301889,0.07157907550095917,0.04554729886791883,0.02056274467340779,0.01312538023696225,0.03082403439719554,0.03319801571123513,0.021353468985979368,0.005123367659768775
spot_0323,0.018634059043949713,0.24767772148246642,0.20644850836969977,0.12674400422347018,0.01807573269886102,0.0024986501840665704,0.019157086684149796,0.0035925020184232417,0.12932595940198058,0.013245419029185997,0.013997220355274903,0.12582664107742017,0.03260210782459328,0.00364640737622548,0.0038256330631885284,0.034702347167044345
spot_0324,0.0880673086709473,0.07358426982187617,0.27113316649077596,0.2597890793598798,0.0073671962217260675,0.0035071318907150557,0.08453092043969257,0.004656180479009449,0.018815781991228853,0.053748890714486096,0.03667536807903146,0.036278247843510934,0.013770776455266594,0.002987351710592787,0.0237021210260534,0.02138620880520745
spot_0325,0.2835619044647785,0.018291460599359315,0.15490799124555663,0.18890373265496915,0.01287158768309481,0.002957368371345596,0.05512376499913812,0.018343017342569056,0.014742679180514246,0.023211580292882412,0.058747357234745036,0.003439415796805711,0.10083913639991889,0.01907772001547458,0.022919498835601963,0.022061784883245963
spot_0326,0.5139593609130275,0.10832565978880272,0.029928001768538465,0.06576339428803857,0.0722826012544274,0.001389139360375316,0.003462558620775181,0.0014766003315493258,0.0936410314376845,0.015087616309912467,0.03185047725451395,0.017346768165140615,0.010549942663129265,0.0013267553693488282,0.0016527315180790935,0.03195736095665679
spot_0327,0.5145910369786331,0.01876425884010391,0.04051480547863213,0.030079610224168555,0.1348374651475944,0.07386443368822034,0.046302100611685354,0.011851526032381422,0.0010994819127388214,0.002198616939250707,0.054446789049716005,0.03129100061921296,0.005578146622180893,0.007370260387069766,0.026172581744923623,0.0010378857234880617
spot_0328,0.22940576880543714,0.25019282293091444,0.4337365648227681,0.006863584081291004,0.019043962679155865,0.0015654840829871903,0.0022614823830862797,0.0017189411070549917,0.0017305709023027653,0.002112204923263683,0.0052588326304638154,0.03617771565441388,0.004576469619734353,0.0014911160003846535,0.0016951478955604864,0.0021693314811813344
spot_0329,0.41494676294150634,0.20880786254641504,0.0623556951551738,0.1673259755694412,0.021173353353958972,0.0024960340766065525,0.07472820266098483,0.005989198139916924,0.0005101172200310537,0.0005274297630452671,0.006207648234091997,0.00710636790817472,0.014655283190329162,0.0035431072182727313,0.009212791833774027,0.00041417018827739525
spot_0330,0.5571495536140222,0.0046840452015769075,0.1827032831453607,0.0026892707763052966,0.12375060789864566,0.0011284495432335286,0.0019948094922027926,0.0012951746181492135,0.009850638650493546,0.054450948864840205,0.002296627808986154,0.03748864305888539,0.0038619217804260744,0.0009979045310441871,0.0012215563853669323,0.014436564630461269
spot_0331,0.0006766598809479561,0.19704060614683583,0.21508403210755603,0.06239450469160617,0.0007990397093900933,0.005063903945604599,0.04528382061775393,0.10684081198120483,0.01715569263836467,0.07673413099587363,0.11935627682028487,0.0005859281413385961,0.05767920445235958,0.0310571175719698,0.04762707470816878,0.016621195590740656
spot_0332,0.17358898646337875,0.22598461503736475,0.068550766445469,0.12250822835500272,0.0432470249475865,0.06095208710866846,0.012942265924980809,0.0042691049507157025,0.0262540709431618,0.06178512409644325,0.0838348204892909,0.03655941712676044,0.017349922610532184,0.006634604802960464,0.052060945565857955,0.0034780151318263147
spot_0333,0.1248581196987089,0.13632147988649665,0.2531333049971119,0.007934410249909707,0.006498430778874543,0.38861540003781275,0.007585597967243802,0.008495203187655771,0.0009282256749037816,0.001176902266300346,0.025709121228501535,0.0047010427518278395,0.004007786195314742,0.016385145861915282,0.012739310061000838,0.0009105191564216424
spot_0334,0.1224931267209408,0.1354916961929529,0.1525871258603353,0.09455396378792504,0.010042488229603123,0.2212270610275926,0.02030184844354074,0.06156829989104911,0.0007093955017929287,0.0006835211450664595,0.029705472740086187,0.01798819300519044,0.021508341283366796,0.08801117060614345,0.022428840776610642,0.0006994547878034796
spot_0335,0.2551740899624018,0.042220594733995746,0.10376136834411777,0.21334648666854067,0.00683330775661245,0.11723363468017751,0.09393017186571456,0.06847408219515676,0.0013537085976026368,0.0009355267226809661,0.0193170236163229,0.004218307896148151,0.02536346263765012,0.03181436798270516,0.014736294399473531,0.0012875719406992127
spot_0336,0.19534978546592718,0.018731602452802094,0.17062769067110473,0.03687113114051015,0.14948668644893146,0.055805119263366024,0.055567989665075465,0.007527894731033042,0.08662640347514332,0.010167150666239461,0.08126437366199828,0.07066357873328226,0.010086728391657765,0.014047164962502908,0.032055720397342266,0.00512097987308362
spot_0337,0.3160606626698903,0.01791321520139918,0.020139062710951113,0.048166162321470585,0.02447069862838681,0.043914087315912495,0.09594489785909724,0.15651780906751936,0.002292148460133751,0.0016031527557014446,0.10114482393540891,0.012813846612386146,0.009477029475718395,0.024406723448206137,0.1231781395909295,0.0019575399468885796
spot_0338,0.3740056597858427,0.23257805510993598,0.17777749045147634,0.08158126849845088,0.014175395146107933,0.0015853104668730254,0.004535533036372837,0.0017007122549829853,0.000539575227232709,0.0006103843838254553,0.08063840673374556,0.012303688808479716,0.0068300992908934535,0.001396447954540792,0.009234995910770441,0.0005069769404691901
spot_0339,0.19732494167006587,0.15126800338658206,0.07137144130006354,0.025213952871816228,0.009510499105304712,0.16734728538789867,0.08923858246200887,0.020706430080047848,0.05318475950100647,0.04342503608580479,0.060472577306915964,0.010120548620456565,0.02729180063873554,0.009203997267203787,0.05961770606755894,0.004702438248530164
spot_0340,0.5757315828234926,0.003601478819972162,0.005184479794632933,0.04918807373627824,0.05050728351057464,0.06932280482090936,0.10715182169328426,0.034009712052356394,0.020310929807596214,0.005628117036418185,0.00897163613601399,0.016711837374096934,0.0031315212752083764,0.010071096790730372,0.03457197669127313,0.005905647637162291
spot_0341,0.3937990663007616,0.008917996601241054,0.010057914961502405,0.07171388043920626,0.04829973018133704,0.01633293143167678,0.03662445124446359,0.015639776190348405,0.005004476245749188,0.07218189106018526,0.14028135704108852,0.05057327574203606,0.06541186295345121,0.028100891511635327,0.02829168262884094,0.008768815466476383
spot_0342,0.40717072617963135,0.21940126359891898,0.07344777600505083,0.025795866107108604,0.051790624410148284,0.003448304477323273,0.05593348880916406,0.02967218435623313,0.004443805242744344,0.025771779793814946,0.0064283725206453765,0.016133865145004787,0.04643232758646781,0.025868657281543247,0.005684949224477436,0.0025760092617235528
spot_0343,0.1585906199531141,0.057147676196685676,0.1473265365369648,0.04859253408304933,0.08992090271934668,0.07973055155759816,0.0597167336303448,0.055552011604170684,0.08769194246085103,0.023283245554959288,0.05004307522824815,0.009207436203885587,0.020330055953894206,0.006587136881426967,0.08746838381156265,0.018811157623897918
spot_0344,0.2561270382795185,0.1523895408009501,0.2990265580804444,0.06553732918699949,0.009854443788545768,0.0029358395362755535,0.04665292667247884,0.0033082685485522037,0.05745420992697427,0.0201500966635616,0.02963498728539231,0.003773551814585398,0.022719731852812147,0.002617019913437691,0.0061687593025087665,0.021649698346962978
spot_0345,0.09305653324344322,0.2095196434523685,0.13452764744033974,0.3528646221161846,0.018534324252093382,0.0022936592721465275,0.005455303603666902,0.00280302742041008,0.0012281325111263511,0.0014061859207801692,0.0721795809152194,0.004037023978705519,0.09564230731349697,0.002690037243249604,0.0026340773096403198,0.0011278940071286964
spot_0346,0.2929211909468843,0.23157207449195988,0.06448360000175517,0.022440852600851574,0.0423595197814785,0.023444306952286685,0.004823049057221423,0.003673039158113174,0.07551840812257968,0.13977525667107338,0.012310285618291053,0.02466895590961822,0.007011943938425464,0.006165640094827669,0.010088753138315839,0.03874312351631799
spot_0347,0.2821412062624443,0.0175466258035002,0.27707221935299375,0.010796085016440707,0.12793074846945804,0.005210176702373285,0.03322374799453736,0.06493237774969969,0.014833428940104594,0.012799978405331532,0.01109666482832398,0.01827292269326816,0.0058250503258866606,0.03200881289205453,0.07100739604584774,0.015302558517735427
spot_0348,0.20399717440177592,0.26824539743101694,0.08328724280301428,0.30578203825084066,0.008043628305963871,0.0021199941980243053,0.0030943878364244654,0.002522059718934376,0.0007683476603202498,0.0006909579416962241,0.09724011949327217,0.007390861138144872,0.006357348412708272,0.001571974167084295,0.008147706885933928,0.0007407613548452084
spot_0349,0.3125844011519032,0.2391779337106092,0.06495845303013154,0.12397524365118037,0.03292782476404642,0.00990023790184542,0.023438152307013363,0.017006131608211888,0.037693563983251445,0.004599886863560294,0.03631958102746663,0.014515897516592385,0.02953083610365108,0.01078074102239626,0.013036397376059064,0.029554717982081424
spot_0350,0.2362004006108415,0.014525441003350464,0.2064608022812976,0.02874981436349221,0.008430550678076874,0.0735346896912842,0.13356653297454255,0.0114262175505571,0.03981198040633997,0.015313294127258025,0.007500393527703009,0.004817045772544889,0.007310069631608501,0.06047974462360046,0.07206641704663426,0.0798066057108684
spot_0351,0.37337403703808686,0.05207927835425802,0.020580601925502706,0.06079218758083279,0.03709688421649166,0.10390173585386021,0.060156906737207264,0.08204187655092617,0.0027638045797099063,0.0009853750478259033,0.016211566924770347,0.07561614925936058,0.07249316860435548,0.03284232571509808,0.007018623377361986,0.0020454782343520108
spot_0352,0.056592952005185944,0.1494113338699786,0.25403340355078313,0.0451231472319479,0.028973792895887494,0.022021435261785613,0.06179064268732289,0.16226153413319114,0.01134362811791885,0.0037198277129169947,0.02117912685812497,0.10136064521817671,0.04050040929673846,0.024573971924047543,0.0096100144256434,0.007504134810350345
spot_0353,0.3312425790687267,0.25137030354156287,0.13274333885441095,0.051340605727871316,0.016478442446785407,0.02997255584396047,0.011600719971463997,0.08389984218052601,0.001300273374950415,0.001289107381015816,0.023627899540983738,0.007046986410068274,0.010744463072749219,0.037839752641303716,0.007651578333299745,0.0018515516103213433
spot_0354,0.533262649959878,0.046100983212217096,0.2605658956819605,0.06538505689756229,0.042819623575810005,0.0013478433828907738,0.0035637232121631503,0.0019759216614323905,0.0006920367304704203,0.0006821236737889955,0.008249499864063438,0.024324873727279595,0.006823953984361276,0.0016377371118630683,0.0019187496172421727,0.0006493277070168572
spot_0355,0.666984524874951,0.05188322434717144,0.12683457152336847,0.017101326147058588,0.012458376810817694,0.014628228395520495,0.04113078699005249,0.00481541806456649,0.001177578155900232,0.0010850360974487977,0.010893234630460914,0.02003977605136741,0.008593872275471278,0.015383353582713291,0.006182461313880542,0.0008082307392509087
spot_0356,0.0023877584764789004,0.32639755307900176,0.11218035835027429,0.12375360897883106,0.002618583232020349,0.2379926850516019,0.033019279267220834,0.03783101886530872,0.001173802324843903,0.0009982488618049878,0.008403175682121964,0.0008536599823050442,0.01231150807326507,0.07557803531680914,0.023571732605884077,0.0009289918522280272
spot_0357,0.43811035498460293,0.1913657422511159,0.028725165887439955,0.15691806655807386,0.013816357039762648,0.0021791511643381774,0.007283295224118016,0.00236433572591065,0.0015367303029552124,0.0019846355248049246,0.06807197908393588,0.009146940551357561,0.055989328959072944,0.002408147377093456,0.01767607568705765,0.0024236936783602688
spot_0358,0.1306585992357194,0.13252418062911392,0.3690230952989874,0.008571323206802739,0.019397642523170104,0.0011197553961853834,0.002308224627517552,0.0012326579868279317,0.1161606427654418,0.059863045449885695,0.005377319056154439,0.01713823001205275,0.018095265877860207,0.0011548209711251351,0.001472458853743229,0.11590273810941232
spot_0359,0.5251397005540392,0.10164449672197273,0.0042770017470539715,0.040704997569386156,0.041489674057395586,0.02357515657547985,0.004989589034736234,0.018682251953005442,0.06104095517743677,0.00834660277789727,0.04523098566017642,0.05981088929677765,0.018497968427769025,0.01619695908759644,0.003303935602949413,0.02706883575632775
spot_0360,0.321082183660477,0.041596281158010055,0.0953656280087788,0.3222712975419353,0.05874431782450346,0.0011418286026260674,0.003133634464363531,0.0014158676893359225,0.0026230657618016642,0.0033111676150273973,0.01630735389181762,0.09585482676202343,0.03170883694189414,0.0011126987842236611,0.0019127967388211883,0.002418214554360715
spot_0361,0.16480384433341008,0.07705558129395446,0.0709718459966326,0.22362245795941674,0.05420906513156571,0.005377939798007365,0.03553285539559219,0.00769244542576171,0.10139595790655295,0.006750954342283896,0.048009702938099745,0.1125713106843079,0.04454692331917507,0.018610204036934728,0.009160255470286828,0.01968865596801803
spot_0362,0.3684747875443954,0.16436208831380933,0.06341799695568391,0.04797148798061418,0.057521129096072536,0.13684788205869208,0.01227236321394421,0.0043181323342215815,0.007664761653085419,0.024704267554345728,0.009764898587225204,0.023030897852114037,0.008750432008815407,0.005074841540524574,0.013129161149926325,0.05269487215653012
spot_0363,0.3699389082963603,0.016858334739365037,0.033076316494867634,0.26502894021671136,0.023865530121722434,0.0028233195213335687,0.027635799667805796,0.05226578127859766,0.0008144694640051102,0.0008311664838980029,0.08598262298045435,0.024593529020380492,0.07443622093332841,0.01657302168808604,0.004579913949239533,0.0006961251438442979
spot_0364,0.7098971651460321,0.09044370839764004,0.059883015885325366,0.02870127818348028,0.02723475741257808,0.008827399304194017,0.029255404362502468,0.011864029343910417,0.002496369745002517,0.0020960237301202327,0.00324579873829116,0.007038661694875206,0.007633645820324784,0.007238858613758942,0.0019851587565946497,0.0021587248653697102
spot_0365,0.3241980866594077,0.04115225933232301,0.1457918278844059,0.06589784394923968,0.04820705751624354,0.07952434414525193,0.01312962448406345,0.01238355485453102,0.013868900437697233,0.04439391790272607,0.1059758176980531,0.04063144710870782,0.015005141371922767,0.006123014349146194,0.04101657800267282,0.0027005843036077715
spot_0366,0.13189896784926491,0.3445791021759754,0.17524669597389575,0.23170745369802817,0.003830327806010588,0.0022172763938970424,0.042303249189742646,0.0033922987872398156,0.0007035137304467977,0.001047889946323495,0.02356488003262008,0.002446807894177523,0.025071117048826468,0.004288228544448945,0.007103540532484819,0.0005986503966175082
spot_0367,0.3225452885056173,0.030332491506633044,0.1548350981637554,0.0058221453595602435,0.005939851475326572,0.19724282187949121,0.09207320182542769,0.06993899284714147,0.0009265516731285267,0.0008638862362740688,0.005701518437047654,0.007738134437906845,0.007092398981191751,0.08323564355192078,0.014950862050615837,0.0007611130689615817
spot_0368,0.3688290942779776,0.04212524032370705,0.02236619867142966,0.08357185709736946,0.07643664086235859,0.1433075203114551,0.027447942393042855,0.05902312960073121,0.025774945951228343,0.007909116740462026,0.04223864699718773,0.011339160867197084,0.03176620864704771,0.017313572426594058,0.02116847767368118,0.019382247158530326
spot_0369,0.31974373011486623,0.10240323842097826,0.16896837506865947,0.062228621679046976,0.05666445572789945,0.0034887223801805044,0.09462204089630742,0.008989713277346061,0.02989873986469294,0.030182059526724276,0.0047946859438227,0.00740352284404087,0.008061134194531527,0.009266322750357192,0.08193306640451956,0.011351570906026578
spot_0370,0.01740766782591572,0.3327825728411303,0.2160163180529087,0.05400022869270786,0.14401439143584818,0.04338435823037409,0.01527451105992787,0.020925564920732793,0.0012294630933111454,0.0023700019554895343,0.009424868491095988,0.005729436996834446,0.061536507501988816,0.06173613151258162,0.01290041392515793,0.0012675634639950084
spot_0371,0.3051220655320099,0.28693631825121546,0.1835982037065754,0.005865111073260393,0.0349849621693765,0.029929184129593313,0.06336758707114011,0.03784210197818366,0.0005801523065835694,0.0005781479671658139,0.0029482696445508796,0.0027374397102789823,0.008075385586960387,0.033248865163014375,0.003632230984980925,0.0005539747251103706
spot_0372,0.38922765781723667,0.10991641692080266,0.07923780622130132,0.1267945176801058,0.04368488443695513,0.08776445372192221,0.03193153352226458,0.008018536186788876,0.001636233673444178,0.0009435596161947868,0.05459273897414364,0.005880419865674397,0.009168487780501361,0.03844529972302637,0.011797124993028495,0.0009603288666095278
spot_0373,0.33720461826025194,0.10759692129782966,0.16579166520700694,0.07565553211901666,0.057643828339936205,0.0009603559338947794,0.005732446816254969,0.001251161545402017,0.011775692242026469,0.04915492189184704,0.06988104242597215,0.054919537221011845,0.04028035851113938,0.0011310421023662687,0.003990378759670519,0.017030497326373177
spot_0374,0.06756999268241802,0.30052696849789334,0.05384732294594723,0.16901300254072874,0.002838576050287977,0.013462910181325572,0.015891526535186596,0.022479424996153817,0.04209167500969918,0.1051410544018774,0.05480086998275211,0.007831133958736377,0.023169439187807908,0.01426680209585709,0.08243992478324551,0.024629376150083128
spot_0375,0.14190541505493193,0.30941780022809684,0.2215983992292793,0.09613139302879135,0.0051451443144490076,0.04131986113138159,0.01857836194499113,0.026544982292656186,0.009335024350112622,0.014824456528431045,0.024184477368287556,0.004963440752311064,0.012527496433980524,0.041015161480117066,0.003509038805454538,0.02899954705672829
spot_0376,0.3777275699168685,0.062992417923182,0.11264023644761735,0.1881777028277122,0.005654813685779274,0.055850050257203084,0.02017239157314342,0.008674849393118734,0.0007528881362672112,0.0006901373282148964,0.07941555918209131,0.019916128700132627,0.034224791708824885,0.020594548585279596,0.011709072444222198,0.0008068418903427099
spot_0377,0.22023305840176166,0.05617430982190757,0.1337163376039544,0.10210458109614726,0.27819520094129047,0.01994094761128945,0.01841560485975399,0.0035582118078985657,0.002821594714342728,0.004897557141130791,0.08333850780730893,0.018519432462669544,0.008453053681295045,0.0042902527002930246,0.040623820699768075,0.004717528649188498
spot_0378,0.40584030019774897,0.1883260298846181,0.1447660837126352,0.01612756806458385,0.16402299413800267,0.0037953068171738586,0.011459125846906991,0.005349471328808651,0.0025134419059995557,0.0016178895863520211,0.005051103851169312,0.0097694331474882,0.027729593095423718,0.006665443392707694,0.004538388030734608,0.0024278269996466473
spot_0379,0.11040454567496734,0.29959202173984145,0.2307965944030666,0.14655255026800035,0.004223109523841841,0.03702956986605078,0.01983467061027939,0.0025387613582063396,0.002317901765650444,0.0324208836738432,0.04796546685572758,0.01433068212024838,0.025680246853914946,0.0032090228681698842,0.020249012630118062,0.0028549597880734565
spot_0380,0.3609441994496182,0.0673110728208513,0.08024737312598225,0.06331769585386088,0.15887232625377465,0.014566334222134738,0.03331157412466926,0.09956854426133169,0.0015187268986827887,0.0008334244079972968,0.02127845141643661,0.025245913032764637,0.00564099429860834,0.025440642509767904,0.04061144981708475,0.0012912775064346886
spot_0381,0.15914230171762084,0.2574206770606039,0.07343198295764361,0.12344291257304493,0.030235056603861638,0.0016671201403812236,0.002046146011937716,0.000981975266230929,0.14222534516874336,0.04925299898035842,0.08010377204025827,0.02189226832722705,0.011248610651768017,0.0011401565981201507,0.004223518294758498,0.04154515760744143
spot_0382,0.1573033025626472,0.13785931968969642,0.057300435815114396,0.10953927961636278,0.16299629927170603,0.09103446820183851,0.022137906297830457,0.012157653555114889,0.05050367146287967,0.023267253587570626,0.0556460810144621,0.0455005424974469,0.0337678871078912,0.031253591741170476,0.006995605436170221,0.00273670214209813
spot_0383,0.33602155696262903,0.027661089094986078,0.1566275153404638,0.22789121407302904,0.008337366569062058,0.012452505315990976,0.013926394005984787,0.020132684129665103,0.04554657901928096,0.019069762568431837,0.06804487692109464,0.008142493981174826,0.010310082342294812,0.009289088303996315,0.018933140232306328,0.01761365113960944
spot_0384,0.32047319373401467,0.04830969590469455,0.04529745825384377,0.2339502044241619,0.04955455407896133,0.004683237946123459,0.02303433916528845,0.005011357448690395,0.0020431078847665926,0.0018590572049865877,0.06785229507457921,0.14016751863138496,0.02445067789725208,0.004399520607459249,0.02683769993810595,0.002076081805686846
spot_0385,0.19541966054706933,0.29276276296641407,0.12472043894352894,0.15776041575220218,0.051115807958463856,0.05407078741627723,0.010052371995355367,0.023938505342464438,0.000789400556887665,0.0007649743157958538,0.03421648217982128,0.015726136027047526,0.006892437495324332,0.027386423198525186,0.0037017526277777907,0.0006816426770449729
spot_0386,0.0645013355336507,0.1415675604600925,0.12247256842439107,0.017180679591741594,0.024157178815097324,0.24305101888825015,0.007775001237145042,0.010330387104970149,0.14208868780992628,0.09289210225293373,0.015067593374491654,0.01173453141994722,0.005749695269610873,0.010585357232750394,0.013113669288901616,0.07773263329609971
spot_0387,0.5560388036454064,0.03980870855934084,0.024910788458795508,0.051671217576476476,0.007343356888772635,0.08887554894590083,0.023139119250849764,0.03971880207780324,0.0007725534554370081,0.0007441731798572798,0.02124737773948897,0.08472101335515826,0.012420491990413925,0.022962521810873243,0.02498424991786033,0.0006412731475653392
spot_0388,0.3785381436098637,0.026352372682037564,0.4661819803577279,0.08528442566620298,0.0030905035159343353,0.0011335534721889705,0.00542948143011657,0.0013503394629460765,0.0011301177564614336,0.0011413670537917106,0.008795931645624103,0.003969573712905001,0.01359166774433907,0.0010609383411207154,0.0017580922646639055,0.0011915112840759816
spot_0389,0.37936458082332514,0.24903483758279024,0.14629115170007756,0.0060199888319945665,0.1487406671944081,0.001302241900114251,0.0021715749828634333,0.0012236628711691333,0.0011857484364195118,0.001205888368375793,0.0025703206217807238,0.051083486415256105,0.006196641886187631,0.0012289536834711658,0.0014235634477037784,0.0009566912540628569
spot_0390,0.1155314792274144,0.0445233825703872,0.32138969898226266,0.12986450785129028,0.004216660100359718,0.040119811973506996,0.015541682011468062,0.003960264936291934,0.0178170944861635,0.0629761588528687,0.0754960545943858,0.07670779948326151,0.018577350850492676,0.012662087631911135,0.03961783274325133,0.0209981337046841
spot_0391,0.4875888720925056,0.29806451070277495,0.021956567933464923,0.015670133585962868,0.006140136577099846,0.04879565217215896,0.008386720288448843,0.040360953831909664,0.0010858678970382543,0.001033464601849948,0.005309672245454891,0.0024904836860397345,0.011138204706977817,0.04732290503372643,0.0036073394775330476,0.001048515167054233
spot_0392,0.1820823403193733,0.11016947217164454,0.17109492090998213,0.05962654255007406,0.005945218131298503,0.12298503890215816,0.04348365122463142,0.0053662790516566215,0.08205854147400458,0.06114292457014571,0.013963423275240427,0.006066586189566841,0.028738399773716655,0.01373951976539996,0.018936995221915127,0.07460014646919198
spot_0393,0.40688753255353655,0.1140148489821759,0.0402241389870497,0.04233916781000197,0.07602353931682933,0.017140719153572813,0.004216694657382458,0.016915964381762155,0.011356427140677047,0.07291536832818478,0.07692982872306835,0.04598584309056965,0.025952008036220737,0.023804652364968072,0.005489579677905982,0.019803686796094518
spot_0394,0.4127377621891395,0.08956038097024109,0.1927865579769953,0.13408462028850568,0.05037993157788285,0.0008506678265243932,0.0020875658840148687,0.0009221595545442793,0.001848093853616215,0.0025367806012554436,0.015550391627184959,0.08198253896773187,0.009426881259685957,0.0008214040696865254,0.0012481140112884845,0.0031761493417025873
spot_0395,0.24747166727002332,0.11112848750721421,0.20794861734295772,0.023419574623758873,0.008207392311161498,0.026162831868090236,0.038776185755807685,0.0664149962358597,0.020854852107428243,0.0820785063511416,0.011488844714993212,0.013732839819597912,0.01317283943353224,0.03912677261175801,0.010375900738180274,0.07963969130849527
spot_0396,0.2540350637215563,0.12469990764089288,0.24429798019609236,0.008789375512408163,0.0925062693257595,0.012152779167615351,0.028268419492263757,0.04355293378118454,0.01162425456365493,0.010303594378339496,0.025359684587980692,0.04810202549150192,0.006387297485462234,0.02229900724978573,0.012936605076897232,0.0546848023286049
spot_0397,0.15531670736543549,0.13868576337249888,0.311789169114292,0.043670871004516616,0.042614588911826484,0.03659433505793868,0.01787820943718416,0.01408444055585755,0.051070817228549704,0.00750579676807625,0.027222278081712712,0.08755796159772616,0.013177425648910517,0.036136495144406484,0.005043707108113,0.01165143360295534
spot_0398,0.025071902429778865,0.2590841482140602,0.30394279281188175,0.028324135315786734,0.19976292022938386,0.0014223052209090046,0.00311521882595898,0.002478230906530549,0.006218080842316159,0.044380490654547376,0.008681681819101925,0.008705245688234355,0.08714168187582676,0.0018181420738990722,0.0023231697926612,0.017529853299123217
spot_0399,0.0003186857082707029,0.32104911181498114,0.2115653135424851,0.13422797621917754,0.00033934523205295157,0.007255555748547045,0.10024985265126655,0.07193373208766368,0.00034289309148953956,0.000311876441235937,0.05175611863387971,0.00028702286230178337,0.03579008102583927,0.0352458331066514,0.028906232733283365,0.0004203691008742801
spot_0400,0.2885391516427496,0.11873878019526704,0.2736975047779735,0.05706674801161868,0.005114582557972483,0.06129153222635637,0.006895424795253409,0.004072679901104578,0.006777355888637182,0.03712159665027879,0.010348720089413241,0.05912516903562832,0.02312039519208554,0.006969837354817237,0.0034631985272158402,0.037657323153628186
spot_0401,0.0007130569449414231,0.019775923674609956,0.20147781306973853,0.13314588838778266,0.0006273154926410895,0.1858716323413694,0.16672160800922237,0.022141691333176616,0.002239836037703837,0.05430705480415271,0.08562059279591296,0.0007215237880604049,0.056748016437167245,0.031248556607093598,0.032793708394193884,0.005845781882233314
spot_0402,0.07593280265371381,0.1524527297309106,0.025598921496904903,0.29948069217644435,0.037078097894556336,0.11443260486330478,0.007912076584175464,0.019402128522031995,0.001524820348049909,0.002627264679294871,0.0714166569585371,0.04728144671399789,0.10897891384612868,0.02887413620079242,0.005392513465779388,0.0016141938653775234
spot_0403,0.4282055256466284,0.11878802673364329,0.03869627850123858,0.09305522972687783,0.01172096498518751,0.13527172648505512,0.020648561938120147,0.02109980748264918,0.02078228533480505,0.041689946616439544,0.003615465022653082,0.00774953856235336,0.02215329490197278,0.019402961691561867,0.004776422354618759,0.012343964016195494
spot_0404,0.28231338321497673,0.2683344056308769,0.10589249131136996,0.18187334705168356,0.007054837666919382,0.0047158987944427985,0.0038402665336676944,0.002725301233660668,0.0015595625682020553,0.00245097571018694,0.008588084388765828,0.0049429340612980495,0.1144029826946792,0.003979793533752641,0.005995990148556104,0.0013297454569615196
spot_0405,0.08273138601432321,0.027079105004327513,0.23717460683966604,0.1714136277661087,0.004814142715364615,0.007397167121484192,0.07666642953133124,0.052797358438863476,0.0006134834879737445,0.0006454122519469961,0.2102723778752927,0.008607620043020122,0.01219488296210223,0.016903246694681393,0.09015005349607869,0.0005390997574351444
spot_0406,0.14772273040723183,0.39039514147835697,0.31472643678925266,0.08204478826864535,0.0051360022915834715,0.0012372263251607947,0.0026069998788520623,0.0014853835391973969,0.0007873918369294125,0.0007210642515310575,0.007330931173902135,0.0017250387210203727,0.03997818737930329,0.0013504601122074397,0.002065474089570722,0.00068674345725503
spot_0407,0.43035699925098636,0.04855696796805054,0.1348710682266832,0.03392811714854445,0.13942514406403653,0.0016189571728787266,0.0032214722762234586,0.0012231999778697657,0.00861502172297054,0.06490552102432727,0.08794345147463525,0.017897043856500677,0.013555131473881979,0.001312829545448691,0.0028485782763270342,0.009720496540635502
spot_0408,0.19929229980767676,0.26049081991730016,0.12933461333864218,0.08970819745355563,0.005686339663297429,0.0011819021379415112,0.0031921740584407022,0.001379506277463204,0.05759775620201295,0.07271992792088876,0.12472372698779734,0.004338746338488347,0.030703324225947834,0.0011605695886133085,0.006011077132279401,0.012479018949654468
spot_0409,0.12089223823097273,0.034605254333638494,0.1963160048287049,0.3061643663409174,0.018187221956792912,0.0023380304580021306,0.06752186892143072,0.027535511852931818,0.0445635304931859,0.02056695414972852,0.08720089122556013,0.007571046270449292,0.05132900809753712,0.0038028022696448846,0.005536968653785505,0.0058683019167175225
spot_0410,0.012124394999955091,0.030090802082430153,0.5649238378566935,0.004170715195623994,0.19426671869159595,0.14709372889165337,0.005566216663850876,0.0069080876964458205,0.0010008350439129825,0.001372859632430917,0.003025431822112824,0.005724526314411197,0.007244504427696572,0.012495609383095572,0.002749523437496401,0.0012422078605946957
spot_0411,0.15902219523208044,0.14118638099880676,0.19704686321401282,0.15932934880374836,0.0924840479721431,0.004011347939373612,0.05784442615993669,0.020782135335949182,0.000444670581021778,0.0004110223647017818,0.07111914382692604,0.009718618983767179,0.00600862680986817,0.014532782086372584,0.06567526099170566,0.00038312869958585566
spot_0412,0.29703760153170106,0.25394579338275614,0.09320508945419435,0.10155022856710375,0.005768885514142612,0.015411982409806615,0.04069137744042336,0.04035965636281001,0.026276189717260257,0.044543940936937906,0.011008581141026826,0.003457580013061288,0.019916117105719944,0.02496469479915073,0.007536637782471591,0.014325643841433523
spot_0413,0.19751326167287267,0.29929580635668235,0.06431750395300354,0.018847240051228464,0.0439645087077323,0.13660824452682174,0.09426831223555016,0.01978175488611186,0.0014089943642227073,0.0014025078426352397,0.0060806189346655996,0.007911853111971042,0.015664047327041224,0.08346397012209537,0.008116572990847733,0.0013548029165180062
spot_0414,0.18931007133700084,0.10726350031631371,0.1433583313385971,0.11923955183002238,0.009693566129116026,0.05738777239612907,0.053524160970407506,0.010404498673348625,0.07987174886588799,0.03624909631467328,0.023390857363996712,0.07361619613722864,0.03888887114783438,0.034051253181719476,0.008459876718184616,0.015290647279539635
spot_0415,0.15319254276548758,0.1581454409685824,0.18845161705875535,0.21996870128077683,0.08247585174951591,0.0023504829610172208,0.0070684261585183,0.004051218161718372,0.005787033787386254,0.06227819859421365,0.03566394445130754,0.010206338232103412,0.037412685004413845,0.004869531955329858,0.010125126915223395,0.017952859955650085
spot_0416,0.360190424517968,0.016956948792315796,0.0062430818767516515,0.176162758687364,0.015192820664043134,0.001636853058634861,0.009700396950960288,0.0020408684810447344,0.10967163088191943,0.021500579422749185,0.02981840179108509,0.18025703725243136,0.04563160286781542,0.0018138952062501355,0.004227028396432992,0.01895567115223393
spot_0417,0.3922344632765388,0.11814316633270029,0.013222576778422567,0.0993375731636724,0.027548879553793152,0.020452003940091595,0.07264979576607838,0.04438649059254319,0.015056785005959823,0.010757432025768775,0.04150908254736799,0.07657822066311977,0.004711784157858768,0.00744358145430345,0.025279605080895533,0.030688559660885496
spot_0418,0.14610074366814574,0.21309920600270152,0.13190029942922832,0.1356159307349854,0.09461094714705609,0.0014938504932819417,0.005130404401776833,0.0021585020605687536,0.059562576401044495,0.012787810426545662,0.10759408627981897,0.017840656892292896,0.006538771518570888,0.0018661609960151269,0.0032999302660131086,0.06040012328195426
spot_0419,0.22398861479873888,0.1351593109305716,0.11049700919391768,0.14482872238600514,0.05716683724844589,0.09887396243200866,0.10693542426921487,0.01360530410374203,0.004109235128342883,0.02720409091608534,0.006121965311364632,0.007316262424717963,0.040422993088094474,0.009600849233161242,0.006928176232457289,0.007241242303131383
spot_0420,0.24537568235611243,0.13557249511058062,0.2889374052881844,0.06633337597360858,0.006907619895353266,0.07075112020811594,0.05659173517088222,0.04490958799751203,0.00101699254530005,0.0009252315964528568,0.004231782811954532,0.0020327703940969835,0.022429430595405482,0.02808125694357995,0.02500369557901937,0.0008998175338413053
spot_0421,0.16818875670945205,0.07450388039374284,0.12814149430589586,0.21266856685149785,0.004508698491175633,0.008044807337692765,0.026196205652596245,0.04158889870993933,0.004909970883277107,0.06221816848105567,0.07645334274453665,0.02002116942864233,0.03124180810015235,0.05487130512923931,0.07915828050749987,0.007284646273604156
spot_0422,0.17189923343023644,0.3521697547668384,0.13024142703394503,0.015663903008076522,0.025586523354486596,0.003433468243859723,0.03384301263274338,0.007863793252633543,0.08855435515164442,0.06493006855530002,0.00720228293408728,0.006068207858844334,0.009311829575842555,0.011402989644997936,0.007018659760877099,0.06481049079558669
spot_0423,0.26517479491068996,0.06285337204614776,0.2944002405984109,0.15788752316323712,0.03058267690697189,0.04441059915551747,0.023291984353163826,0.004521748923814889,0.0012196072332840897,0.0014294990328838448,0.033473886296787526,0.023180864715197445,0.016859384265098913,0.02738460393225128,0.01153699052096429,0.0017922239455787732
spot_0424,0.2584010199622925,0.021184716335858018,0.09431611347937308,0.05215113921178442,0.004722406672626722,0.240920874498654,0.08545554239254624,0.02294186374051471,0.0011873172939063086,0.0010219130240768173,0.051880702730116836,0.009634616908906353,0.006432418901780292,0.059896405879525376,0.08876594334229454,0.0010870056257437847
spot_0425,0.10751712884509382,0.16594053255634075,0.3068996566393386,0.047558930419009424,0.20105468077457211,0.0010926027776292564,0.01475026685266832,0.0015551736130022125,0.010645711963717355,0.07275879309580842,0.03316444370633297,0.017292825942161326,0.00865079478778402,0.0011779888299770585,0.004885066610946968,0.005055402585617401
spot_0426,0.33209711961685745,0.02095394051328995,0.060856599552854315,0.07298925391423866,0.19300262762100603,0.06522550780111504,0.007197890184446952,0.1554708356505426,0.0017849786160904404,0.0014402975131774507,0.03452007018967814,0.034715112508542145,0.0048743892262812045,0.00830707966537597,0.005421762844373701,0.0011425345821299512
spot_0427,0.07398506903857743,0.09889805077218264,0.017915486618131905,0.3689271405179696,0.16248177865929736,0.0016312054833927296,0.0032166118121362245,0.0019490116380419642,0.0008941965095595654,0.0010382702089211174,0.15588050729846187,0.07149545737669945,0.01354643900159706,0.0022254486682548435,0.025123209537062353,0.0007921168597139365
spot_0428,0.5688973400120327,0.1536604725723351,0.013278721079048893,0.04987052096788859,0.03889020766291888,0.0024036242938728736,0.007335278480835338,0.005297398444829706,0.001986071541884907,0.002195739508921156,0.005916758457391389,0.028252612416029277,0.10676530617017053,0.004766900781080833,0.00862465690725095,0.0018583907035088405
spot_0429,0.2577483868228257,0.2502040084529539,0.09444508024457239,0.07599305308486776,0.08595629360274609,0.08230352323240356,0.018731455889754677,0.027742658165545615,0.0360173786375175,0.00931419119678212,0.010381208920784663,0.008007506499013132,0.006362633795072261,0.0053319375359149,0.025432366154420655,0.006028317764825138
spot_0430,0.6295394337346644,0.12634946647648385,0.0249455299370871,0.006643178304080344,0.01929847105383956,0.0015245515678315095,0.0022484158710738647,0.0018194359540953946,0.06889075163040148,0.01030906655789195,0.0050685259408783665,0.007789633363164297,0.007546879849333116,0.001612743876857211,0.0015680601264973727,0.08484585575582021
spot_0431,0.43340669011946314,0.10876563763278647,0.003907506412627926,0.20875127865761217,0.14660850766482064,0.0028065876277511203,0.02293468135462931,0.0037749177038170333,0.0012399568369927596,0.0009749029387231102,0.007915975749554624,0.023407230973213327,0.026727517645132783,0.003651709105211055,0.0031769844419458786,0.0019499151357185926
spot_0432,0.21044097035335574,0.1848005189154597,0.08644362827237602,0.1341120949630043,0.007572175986229373,0.0067921146979807966,0.0529311761966524,0.024091224036761467,0.0062403156505057,0.04633020172646493,0.08965637667215634,0.06336404918914326,0.039682882958546585,0.013059510859331781,0.014546128428306533,0.019936631093725045
spot_0433,0.10538974458115787,0.05534659814717893,0.009221350612211724,0.2469382763596699,0.03425739251724912,0.059587570347058874,0.019028206722152923,0.0885481825835318,0.09882267437380582,0.009762738719877834,0.08144375385013694,0.03180519623811985,0.029081833712284563,0.02531949959033852,0.027007783454231157,0.07843919819099418
spot_0434,0.0007796964845592842,0.19437344731361156,0.004506051138433864,0.31004009749299544,0.0007980684113736027,0.10996422317997169,0.02388257476226934,0.07961266301785107,0.07634243922184988,0.010044608286741813,0.041225921027609566,0.001104865644037567,0.03765136011639619,0.06314587387424889,0.03266071805534314,0.01386739197270711
spot_0435,0.4765901941285884,0.09612540390256352,0.08621930258669681,0.00939750365898269,0.011242290854424181,0.06716367201604843,0.008123666962227463,0.008337004461092654,0.12360154099135101,0.03790865251071309,0.008154128580754467,0.01579265864607841,0.009734192396071414,0.020662064812080477,0.006928588347350458,0.014019135144976509
spot_0436,0.28895695448954145,0.1354795079589416,0.3956337222990204,0.02142281817136212,0.00892714951136643,0.005513904472352184,0.01151061988902675,0.012494191956108203,0.0011091256299690841,0.0010640861614007297,0.03199744856266027,0.005857047519033529,0.009531341101179713,0.007879439639943503,0.06158618442014944,0.0010364582179446156
spot_0437,0.24647047066291392,0.07579723036888121,0.34278764860799155,0.1521156397523011,0.11348051151487108,0.0020102788663027924,0.004290370956118518,0.0022582973532985964,0.004137993081279778,0.0031296583202763593,0.0184733187133322,0.01500152539421305,0.011813065691478076,0.002027993342311305,0.0026571469013388738,0.0035488504730915825
spot_0438,0.288113227395996,0.05622925250573112,0.1443423425717601,0.014192687869622194,0.011245563047135686,0.031767075103167626,0.05532988670299907,0.05034936730704203,0.0095707276282665,0.11255141477004399,0.04803311117745218,0.019103702412866214,0.031659627559200106,0.013698083314592205,0.10554868839514714,0.008265242238977864
spot_0439,0.06667961257175689,0.1705863345896061,0.23052938418934998,0.2578659241144044,0.04989018804248609,0.001041982590324684,0.0036320357792416734,0.0014240308257646413,0.004924050360068251,0.051981048219882905,0.08443357346330672,0.009742003954869353,0.03647138049944322,0.0011618589871065853,0.001988039149419402,0.027648552662969065
spot_0440,0.4274908744348169,0.17707647004119365,0.10169251034339903,0.007855803051683468,0.08609610480418753,0.06533640037958298,0.00640461350536288,0.03501733362868729,0.019009327364515105,0.0041157573261806505,0.009890038988743183,0.017508469522204657,0.003761691620501717,0.026340396484038867,0.005408436774085511,0.006995771730816558
spot_0441,0.33343606426462025,0.03897806277486831,0.038296143912742844,0.13720302554129016,0.007906508880472379,0.26654243024410634,0.01450949309666018,0.006144935675187999,0.001010211070855096,0.0009946886144426988,0.09195509966832512,0.010848205039811466,0.014930698980739465,0.024771755509020863,0.011456673478889675,0.0010160032479671767
spot_0442,0.1800930601274547,0.1720107875211497,0.0808977506081656,0.06633116099806685,0.08211229029411861,0.0007419477225682332,0.0014307145541710986,0.0007706770018146115,0.14334205188786286,0.053539148310939796,0.016189685114582145,0.05060076578530522,0.12351897729804272,0.0006965133705106621,0.0010632190932433946,0.026661250312003792
spot_0443,0.10826858877848201,0.3142690217849023,0.07329745920202002,0.10410843473014804,0.0980059047459466,0.06998364479337765,0.004640959113657945,0.0033914981386937073,0.0017140897429129421,0.0015263978536302256,0.0420883979310714,0.042803588385765215,0.11169962957760597,0.00826710989311638,0.01464549064528612,0.001289784683383485
spot_0444,0.3145455005263581,0.07474962134032816,0.12654405956288564,0.037823994811004846,0.16724358007150028,0.0037215564473887294,0.08494209683262453,0.07850548675271578,0.0012071774819471073,0.001095972996120905,0.00867178753405797,0.010874788236131128,0.012056486599345271,0.011019866276941593,0.06605182096222932,0.0009462035684206618
spot_0445,0.08717845639410846,0.03126548861017898,0.29320169595315637,0.22284993973734107,0.03046257361915028,0.004250097085208347,0.15880534289673448,0.06984252962325387,0.0010206791915284062,0.0011048134412256726,0.03323358600764128,0.009685802066693092,0.007635217671520081,0.012383981255097046,0.035571239841103275,0.001508556606059293
spot_0446,0.0826491423521966,0.5513238624512842,0.32792481232522175,0.005859310355957334,0.00860208140160689,0.001175300883860035,0.001353525397418064,0.0008769280842335224,0.0005670624662422142,0.0007089000579673801,0.004449990149240464,0.0015793714540144929,0.010401336695949602,0.0008777245981116102,0.0010248977908293327,0.000625753535866501
spot_0447,0.12852569774788455,0.06495967983779842,0.21801096076214324,0.15654010407712562,0.003716451155886155,0.1411308721476395,0.0784239180094341,0.06377746136394116,0.001998137788000168,0.0017342906468274,0.05550511276008212,0.0031492083116636976,0.007068946950327924,0.011440615253479721,0.06151336071089021,0.002505182476875979
spot_0448,0.22902689463183676,0.17875347922056647,0.08810661990714667,0.04411573133763512,0.0756377529762324,0.04842708887575042,0.028448248043611107,0.11994278038847318,0.00106717278619142,0.0015140407391169227,0.03621895577513821,0.01643429876834825,0.022497704141809564,0.0676509932520551,0.041170102952916475,0.00098813620317194
spot_0449,0.21574492830751218,0.3441733082919751,0.14031908116330416,0.06876770746580457,0.06560261462665035,0.0028258093714729985,0.02964178476576612,0.03674547105355221,0.0011920394901849731,0.0011526669402901167,0.01793246466577837,0.0065975165208717245,0.057135223414613454,0.007315975909144381,0.004029837797792328,0.0008235702152869084
spot_0450,0.0035879263777003853,0.024157719732707902,0.16206820996661256,0.22955788062388222,0.011660678752385602,0.024595761199532006,0.11047122588272217,0.04409298970897558,0.017728091814313354,0.1044927617695574,0.02122757925231201,0.1183143799676445,0.051806920445375514,0.04483535658270114,0.008396104961744838,0.02300641296183282
spot_0451,0.14558015158056453,0.39734716291478145,0.01762026599515716,0.10547512233438112,0.010796165830014443,0.002591954162361768,0.009121581289110807,0.0029435412178819335,0.007860658353831236,0.11953908366727883,0.013959081727203027,0.08942467038728927,0.06526913170056309,0.0020482294166554327,0.0019341018810859541,0.00848909754183994
spot_0452,0.00714305472183672,0.15925162381302593,0.1318675157756978,0.024476405238445516,0.06532238611044487,0.026361595730796272,0.05653912721528657,0.3563819160275088,0.0005702521389700268,0.0006634456843839904,0.006731310296873367,0.005494299960586115,0.04566041819869155,0.08937955820335111,0.023609210818651288,0.0005478800654500637
spot_0453,0.2115318745494013,0.0793003517735773,0.2158465603994824,0.03165642564418626,0.03241163371200249,0.12838569283819087,0.019277866743169995,0.023161269058674803,0.0007771251177936494,0.0007847271632040644,0.11938761261523281,0.028060613120378417,0.009655314946187562,0.028978644742596225,0.06965153069925603,0.0011327568766658122
spot_0454,0.10920589453379421,0.05915679171825654,0.3745056735916246,0.006593094835119051,0.18141049241171453,0.0021344156845229606,0.003234623004119136,0.0019514607283660204,0.1073220678402361,0.040601511201420505,0.004735879864349994,0.020006370355800007,0.011806196707737223,0.002343516291459907,0.002504990942556435,0.07248702028892276
spot_0455,0.11556088294259519,0.2675535656025774,0.11027139406253765,0.07291645336711657,0.040819316831675154,0.0015976906440383109,0.0024232597899924687,0.0010502880684428947,0.04282353241823441,0.1723484066970354,0.08182597805105894,0.03028081498230983,0.012192946456575676,0.0016147094422180237,0.002106441641916065,0.04461431900167596
spot_0456,0.44935001044844103,0.09594184157848057,0.06110175221218557,0.028283259071061315,0.10597346635962847,0.06982122715330986,0.012961592008243187,0.033350660327471915,0.03190547672964064,0.01465470261146484,0.012930485951935449,0.017830384169961945,0.014638129663193632,0.004138369335754397,0.004443516623057876,0.04267512575616931
spot_0457,0.26195011006432045,0.22653917908286547,0.26562866870262497,0.06213910542838874,0.020685338643654867,0.0018173053584627406,0.002775290804168415,0.0015991677726138204,0.017780567740715514,0.08578179129085067,0.01624918123306161,0.01589238515588734,0.008371357732274343,0.001585793986912404,0.003211484139314656,0.007993272863883944
spot_0458,0.21288606345466532,0.11713773479394331,0.31303624762805127,0.02512052355311766,0.043836360636209264,0.012488595444915027,0.03834675443116002,0.09326938116279221,0.0016858368722878054,0.001550859030117862,0.03981211458032436,0.006601345689168268,0.005714152075592293,0.03131008961883472,0.054921339946891364,0.0022826010819292286
spot_0459,0.20664372879500784,0.28467033669604463,0.2387060217036923,0.03887134284061145,0.012633630427760105,0.05033781866411714,0.03542763257373201,0.027029272684172805,0.004643227488212075,0.04505063699019839,0.009219345671308875,0.0059771907664487615,0.01177437987730065,0.006100255176900304,0.017578084708526964,0.00533709493596572
spot_0460,0.06726765476832616,0.15584479798434897,0.03964181025289923,0.11681078886304648,0.012188229993864935,0.14683363455239837,0.060915033313797454,0.10883020230725278,0.044443851599380794,0.006266524182784697,0.023328533771075584,0.06024393653391467,0.06544009795206125,0.05733256786607217,0.018650986830377417,0.015961349228399042
spot_0461,0.20741884020160606,0.21924982468368634,0.24332094665569634,0.015355992887677522,0.03363973995839303,0.003526563167607397,0.0037120203587548677,0.0021385398040889582,0.004306832131825286,0.002519752789051646,0.010719171384167737,0.23525574474144928,0.00788961304722542,0.0023943330197001788,0.0028246555890207416,0.005727429580049207
spot_0462,0.405946450146165,0.04967873296835169,0.12664182891494927,0.018244361373100884,0.007600466503094481,0.06506622828390642,0.015956011127584827,0.008939632280067451,0.06594466393100869,0.09843812706814153,0.00821065020210741,0.031878764743159746,0.007853522556363459,0.010801546012955533,0.023439999257333387,0.055359014631710224
spot_0463,0.1536437958221712,0.30546011342847723,0.4165299296814505,0.033259869305522896,0.003294185766559164,0.0012201240870045385,0.002478401757143928,0.0011531522826534102,0.0014816095603926265,0.0011929930748765215,0.043172759305201744,0.0036290531800704253,0.029000850061417317,0.0009918140208340757,0.0019960431778992555,0.0014953054883252287
spot_0464,0.16069863052907363,0.18735504024965227,0.09601882236355354,0.29233207677696255,0.008100316718116948,0.0020274017079780072,0.007006719697721183,0.0032483284526410154,0.06813610002544547,0.0170753241768833,0.08908039278871233,0.0044649677908712715,0.03434256720047068,0.002653410777879856,0.0052743347519175355,0.022185565992120432
spot_0465,0.6651229885698923,0.048179860741770976,0.012968733378238522,0.04697273793510534,0.016988593860477404,0.022771128323018388,0.07211233720058606,0.027755935942303838,0.0014632571476827748,0.0024726030135550905,0.014291341551371935,0.023260360385612612,0.028509484589923688,0.006427813342921588,0.009539142470951062,0.0011636815465885036
spot_0466,0.08228123228382556,0.019330579021465795,0.07964005929173378,0.0439065476280427,0.16368763909610945,0.28520928542761165,0.11243954179253204,0.009299149830316083,0.001052404424553034,0.000983764088680436,0.10855021177957784,0.030706146036177325,0.007967940514838668,0.007534197777510672,0.04581445237732656,0.0015968486296984268
spot_0467,0.22942309279703602,0.1332375677987083,0.5391437602377535,0.005645209668591763,0.05200764717015249,0.0013694387216645532,0.0020141940702235682,0.0014430061949687817,0.0011170955750692906,0.0015502360761700331,0.00870000829015995,0.011355153108088161,0.009351087192029185,0.000942341553201991,0.0014981704685867274,0.0012019910775957125
spot_0468,0.24181099574380735,0.13611049465285802,0.0675902169471043,0.23574538678418416,0.025245003440046432,0.0017199464495655586,0.03424056348620188,0.002151896147238661,0.018548814132478098,0.04838924070186912,0.07690380552557173,0.011048117844214273,0.04215142776484711,0.0024766075435275264,0.045715845032724974,0.010151637803760804
spot_0469,0.06709684025186105,0.054896942123457436,0.24481254280226952,0.008084236208872624,0.004120580346296332,0.21695589676146,0.02019500241033923,0.14681355452754807,0.0404700641557189,0.081291592182858,0.016130660418339205,0.006229229191572534,0.029198160207095633,0.051654013925946846,0.005913615324182046,0.006137069162182546
spot_0470,0.21553849363636776,0.1344886838314061,0.15617550905177088,0.019420391737359655,0.026844020902786026,0.1420816979895399,0.009504194043351675,0.007849514537904341,0.091586609893287,0.024584088239415144,0.040935791935079326,0.00640567340508515,0.006141053393623292,0.007892222337348006,0.038353150970468555,0.07219890409520717
spot_0471,0.505086771754895,0.1439199817305014,0.005026067069359385,0.009525871231690252,0.02391798063569536,0.001956867439369098,0.003252428245729146,0.0019020843073017412,0.03648882248108674,0.09960516986216357,0.006490264104798389,0.13709283470810243,0.0050811705129058795,0.0014941562455747044,0.0017352725619582802,0.01742425710886855
spot_0472,0.09246872956711137,0.15356112602554742,0.48325560410017454,0.0038234709777136638,0.032577632528142234,0.001604794931723201,0.002174757471462799,0.0014897524728437676,0.01182730518668171,0.09185182284156847,0.005903172864141371,0.10430939640852242,0.003938771884330655,0.0016290085923570284,0.001584127323332568,0.008000526824346757
spot_0473,0.12046683764026656,0.19236058592942004,0.20132153355208948,0.24222886540742253,0.006263530112736856,0.00787736653948282,0.026891992473329327,0.003699214074671805,0.021314632392066726,0.04053782292798788,0.08063998951507327,0.009117151288332489,0.010777238908924451,0.006999786398383497,0.01597694882705747,0.013526504012754804
spot_0474,0.3560226947696237,0.20057249837430668,0.1705801106451691,0.007496257846884489,0.01747034595846031,0.04705461443298086,0.04308424171626107,0.10811126843944766,0.0006385215003389376,0.000828753240461045,0.004702675973631328,0.004848163239882747,0.0051675308933625316,0.018404230179291662,0.014393507498795723,0.0006245852911021287
spot_0475,0.2954830876903899,0.1505177176846595,0.12920502614207457,0.1264467311687094,0.054632755519241696,0.006222655195923006,0.03216997917878189,0.028303964025171203,0.017484492453054175,0.04723145338558772,0.04074698128791053,0.01680469621461096,0.019983951763888706,0.00802178636495253,0.01083154220612179,0.01591317971892246
spot_0476,0.056841600911446924,0.1336349798019095,0.38189731802104987,0.16765312262343088,0.13535212871262697,0.0021054874438821477,0.02390154671413202,0.00705488586464736,0.001870685281251167,0.0020404738497049623,0.043427308651838366,0.01057051932020403,0.020591503479936154,0.003917863965301203,0.006135916856503018,0.003004658502135383
spot_0477,0.5685063759723384,0.012264586918978821,0.1407000888446745,0.002719654330082612,0.03445185698113753,0.07343532156066936,0.01008452389392471,0.006867424615147079,0.0014567342408253231,0.0017220802944743789,0.002599661492605234,0.1223660326965679,0.0033345175535699685,0.007090058518966053,0.010564597884207048,0.0018364842018309972
spot_0478,0.38695472767691547,0.061572671863034834,0.009992710573137045,0.16107170444970897,0.03708114463831069,0.006130484833044797,0.012320139065572744,0.03490534465310944,0.05789590593567138,0.012692682312952508,0.06918903395007593,0.03549251870910283,0.024825715718502145,0.01682353988732344,0.04131579704005871,0.03173587869347907
spot_0479,0.39172670657983816,0.25017033729878274,0.04241437735683459,0.05051219151292028,0.10450832263914933,0.006566065460919412,0.008610023654221944,0.04147640010306649,0.0006901709265230889,0.0006236251729674747,0.03628496267274541,0.009991345684496384,0.030874547250847227,0.01553492923529766,0.009421770368801246,0.0005942240825885226
spot_0480,0.170432330465199,0.08154540529580484,0.17739791746108444,0.11070602210417173,0.11344950458620741,0.008509753949482215,0.07664837122680197,0.05859508929041205,0.001164516123375993,0.000806618184625776,0.1223776188275551,0.005841698911930175,0.039098950173340544,0.012627196228197659,0.01989224390673518,0.0009067632650758976
spot_0481,0.15916795994776262,0.17547424276151022,0.33429569427079436,0.09605283897118375,0.015788078360035093,0.003948847894593763,0.020323254293970024,0.02787099957084316,0.00934005725104187,0.016982563557526413,0.02465388712961496,0.008964503343169184,0.03197543728503883,0.018392731050818224,0.008448154233813664,0.048320750078283854
spot_0482,0.3315782395371336,0.13432344120488887,0.06566837831002915,0.11499788852027933,0.07397641328411697,0.03449455742458081,0.02244428803158612,0.014068557006479883,0.06082192097993551,0.0029767680386141014,0.02379755592885971,0.015151543951533043,0.007206735340907559,0.0420490524168213,0.03726933038420806,0.019175329640025957
spot_0483,0.3140956860405182,0.09770673527149067,0.18756988822103648,0.14093304824591538,0.0040472560457998664,0.005061872261168835,0.04632647641115868,0.015396180533750295,0.009783698938259425,0.014752616142810336,0.04381185747510395,0.015594519051783221,0.058062229877583194,0.025616703853994685,0.012934556980074832,0.008306674649551938
spot_0484,0.2860317717506709,0.169355766505184,0.3425401208785094,0.004502944876260602,0.006580544469843484,0.0015276708417675058,0.002929986925975924,0.0012577323394215164,0.04971910854498609,0.10340733971609782,0.0038524877138298506,0.008778210595318062,0.003384629676140042,0.0012624249479463274,0.0017914783999824833,0.013077781818065985
spot_0485,0.17061338112067245,0.014841494105936132,0.043673866406643946,0.06435955790821365,0.14049589764747664,0.0502853407875618,0.04117359981856782,0.056972135817874144,0.03967605081881919,0.14810716304752258,0.04949161569602238,0.014589854201286837,0.007400298849505489,0.038251942140488875,0.11324392938583187,0.006823872247576199
spot_0486,0.44610745942298197,0.1443520247320585,0.023255220932059346,0.012413440527379974,0.09602205375619231,0.012471418035217471,0.03163849689467537,0.05880803812344117,0.0026936933939456665,0.0020724484181677792,0.010356612043590214,0.05014958145321018,0.05635705773890125,0.04679870209137561,0.004547892725397276,0.001955859711405931
spot_0487,0.4527825672501638,0.007367922237684207,0.008686410729114677,0.10217346128651121,0.00808747743644553,0.023893205839792715,0.017450692962551976,0.0788104748258582,0.001054913106691093,0.0010008532283105106,0.09795917003893226,0.007165052764428911,0.055888012729332436,0.03061929583584588,0.10576044989951047,0.0013000398288260755
spot_0488,0.44751948581705103,0.0034251239368411025,0.0026018768361109595,0.03581438264576479,0.04692024505825459,0.0484219826342517,0.014834021969427083,0.08637870811636032,0.06133167037290138,0.058817397672850484,0.09052665202633524,0.02427290139868634,0.02958062789765996,0.02435935896958116,0.007119599721582522,0.018075964926341344
spot_0489,0.04549900030229327,0.13406836879396197,0.18167657912835528,0.16291656195298831,0.02344715334243582,0.1318287708709813,0.0473494280024458,0.02155892468067853,0.08007305485034373,0.012858629366033844,0.01187621345094981,0.0024997643125582456,0.058167446193548335,0.018849369834026613,0.018215209827423934,0.0491155250909752
spot_0490,0.06838374347806962,0.2569195297958006,0.17440267275813187,0.05060708482850674,0.013645856604671514,0.18430463640995537,0.03858098764461489,0.07913406660480682,0.0008794532642935279,0.0008925077607053148,0.033949871963059236,0.0021169402884802673,0.007448032731213557,0.05405981468095467,0.03393556104582747,0.0007392401409085276
spot_0491,0.3663286671097035,0.028168534206613072,0.03429898898535093,0.1601404905467473,0.017370855262888785,0.002837084037968821,0.0032095082456395814,0.0014056788538862929,0.006439591081120667,0.1360313796151714,0.16093293106663495,0.027470081128410092,0.0390738398166409,0.001575674146250873,0.004275870432181148,0.010440825464791689
spot_0492,0.32054786792083734,0.07995968868601423,0.25747526192688014,0.011736218326065641,0.1568145961504684,0.0026352221382088203,0.02347155320548247,0.004375800689039871,0.0020465869850982204,0.001419442530604409,0.006671050585651414,0.038836599961458516,0.08187108072613632,0.005961391006321271,0.0043227872757644475,0.0018548518859684974
spot_0493,0.20526974936969514,0.13244292677756744,0.2433135503753438,0.17215314018507968,0.009088659098456965,0.005275014262570196,0.008013427125185695,0.014915301281895625,0.0008765017953161693,0.0009125204897206534,0.13435049095495094,0.003997373298200261,0.048156853263080966,0.008699293822870945,0.01183163876359551,0.0007035591364699843
spot_0494,0.04080792797017005,0.04852740574449047,0.11408840540081534,0.25144984164859274,0.1783183247441805,0.06957466333692805,0.09053855244977767,0.013136895291312943,0.04306752456199108,0.004157093453993516,0.011390545248561909,0.005075130561395946,0.025988915767431106,0.018951231492037115,0.05360827634144142,0.03131926598688014
spot_0495,0.34494179929736746,0.20042814427988373,0.007183934616647173,0.3271993349339529,0.007731069397369544,0.0010635132921927425,0.0020030814797543663,0.0012217169295820518,0.0009982893387147343,0.0013816706324955219,0.07469703077953233,0.009650114295024796,0.017245303476963805,0.0010519729419940867,0.0020346778521085473,0.0011683464564162245
spot_0496,0.21552170125710382,0.0630250180967644,0.12776236422701778,0.2345747070012511,0.1646934528193046,0.0022483729451407376,0.006458466451147799,0.00453232239597276,0.0012512660011352772,0.0014282144504620055,0.10407441594405958,0.005501189444741574,0.041480032718321125,0.00262830783759853,0.023320873263937926,0.0014992951460409863
spot_0497,0.4366068716670385,0.10462554305024928,0.006119443598181014,0.012974239834909192,0.045061286133736056,0.0014190842541863514,0.0018510130792617646,0.001297174869962776,0.24915554112851132,0.043514855159328035,0.007271694861160895,0.0686656860022003,0.009162369984137294,0.0012531620545918145,0.0018994833790709166,0.00912255094347449
spot_0498,0.31722603200559807,0.11350664511396276,0.14511362828577942,0.14558387125182937,0.003558588128376488,0.0019483316846967405,0.009353529230433255,0.0021720493496932823,0.08952175790044307,0.008752404427667502,0.06860319108482225,0.005198984768676897,0.006036906573083598,0.0022321746491316824,0.03991230940050642,0.0412795961452992
spot_0499,0.507088378179994,0.05888522595086086,0.19860631356279615,0.012018760514372178,0.008479796906025044,0.11778501379286503,0.012638469169918344,0.034847114709226155,0.0012509637640740617,0.002298592987708879,0.007463637953564608,0.01166875352422425,0.009607034089774235,0.013799179856162842,0.0020326090848797307,0.0015301559535536092
spot_0500,0.36937755609234046,0.01280084416053503,0.1328428979795336,0.11004656409982938,0.13930330127422674,0.03275031952189319,0.03222241895546061,0.01155830127323919,0.0012156626840002527,0.0013513590944979077,0.092394114311081,0.015015187545397322,0.026229933297162823,0.013130954433525984,0.008047628860315166,0.001712956416961338
spot_0501,0.06757739194906857,0.10766867341882318,0.2504155020150053,0.19347257064744955,0.00455456403932758,0.01239885380205477,0.05442724409710061,0.05653545410449464,0.0004082546198053861,0.0004087261730764572,0.10558700723136533,0.001752055001742861,0.05145489867587063,0.011695259287815766,0.08112339221673626,0.0005201527202631346
spot_0502,0.0515967390788201,0.20359885141394335,0.19975683485861245,0.20406314123543182,0.0036304596374295574,0.148825654572122,0.06425048109741514,0.04555194844106607,0.0006580078871762913,0.0008040159008406936,0.010387065172360106,0.0043741499634205394,0.023307874392138276,0.030367659126406554,0.008181031828516984,0.0006460853943000918
spot_0503,0.13304195081794631,0.03299893007318911,0.22053003950912012,0.15116558803026137,0.0094168195716359,0.043850862774141595,0.081714738683633,0.045468906295357006,0.001001985804164601,0.0008697479885515996,0.10247560347314795,0.010739086104621402,0.021623175594703822,0.02229541523458216,0.12202315213439359,0.0007839979105504437
spot_0504,0.0017993529072051206,0.02414291936100663,0.2664686327071872,0.022930636996999914,0.0016527753970541931,0.05571334815774473,0.06905075938682147,0.19940241669983227,0.0021962935902609683,0.0022186168128824632,0.07528294582156729,0.0015211729831718778,0.013790399468264743,0.03819003489196544,0.22325643107747983,0.002383263740555849
spot_0505,0.17980059060542317,0.2206888418044949,0.19643474684803489,0.13061104898623002,0.0067184904758758705,0.001546179723216981,0.019182287337914848,0.0023454162153885992,0.06337473945518865,0.024438797279455127,0.060931896306532576,0.0030961906340134003,0.055075076899510154,0.0016029980599077656,0.009754706363423014,0.024397993005390015
spot_0506,0.5989226431035473,0.011256320352902579,0.014899257361208867,0.10677331877679408,0.009049235467246338,0.06707900022624079,0.06296144848221233,0.007700151322326156,0.0008917450940110905,0.0010722376664448732,0.025444148122686677,0.006610000050558132,0.013474939404251762,0.015017106608613858,0.05807091344624858,0.00077753451470664
spot_0507,0.3723476871080629,0.08508454637191372,0.1934010026412105,0.10348730178700001,0.02883709536371134,0.0017385103607459843,0.0077338938760982716,0.002108509054559808,0.012888298814495987,0.08331850320621936,0.02120822441838891,0.017630219182402228,0.044099482513759024,0.001908616177209349,0.0028101024167951905,0.021398006707427464
spot_0508,0.5331521825445175,0.002259194576809399,0.0026964068207286267,0.006322134356560602,0.017551437599323146,0.023172767688530174,0.010600378356653199,0.16889213765623445,0.053146034813021915,0.07016706295250094,0.003198840407465356,0.023719133481845237,0.005298345668271274,0.028993786397798614,0.0060170402522039665,0.04481311642753566
spot_0509,0.04931753744340909,0.26151499800311373,0.16406247959338618,0.1547143853010633,0.0018449545997743027,0.06711549099941748,0.014788412425366833,0.010433353831251997,0.013107042182098096,0.03300429343208005,0.08431020910783703,0.0028164064254491603,0.07845453245571875,0.016645099677223982,0.04110282704314974,0.006767977479660269
spot_0510,0.3872651954056071,0.22999711467398032,0.11227131375522188,0.06740405196307511,0.08144248128271905,0.0006482329234180817,0.0017848007913563498,0.000813621741378811,0.003988110012286595,0.026193334954512062,0.004829649661430398,0.007838452805865074,0.06910927370795618,0.0008192944532608363,0.0008908631529844514,0.004704208714947662
spot_0511,0.5784124595326569,0.00245647492201601,0.002558454909370881,0.004005779277453858,0.03698133391955517,0.09060103051454782,0.0051368723319661375,0.006415051054368482,0.09073817399654689,0.05769745680412219,0.005052495326020971,0.026765565264122385,0.002690302069417209,0.01773605288863491,0.011612156848598548,0.06114034034060165
spot_0512,0.3733950318885938,0.14120719912550256,0.16361584779932037,0.02390214351444838,0.1111871335055157,0.020867753489646285,0.006006040620920678,0.02469104012692812,0.02328518092040428,0.01857390711868307,0.004338120902540881,0.056219443544798,0.006355907407624611,0.0061193758036135635,0.013563688081109011,0.006672186150350678
spot_0513,0.47366693215791206,0.134724442425595,0.011173473946832206,0.12946135683758833,0.021258032185788048,0.007335667565442037,0.03587654484575044,0.08833931289395121,0.001050022048632505,0.0011008224494437407,0.023987141849617314,0.02408051334870743,0.005307703402449072,0.014948216765999549,0.02607449512540807,0.0016153221508830218
spot_0514,0.36331200106838013,0.12552417197012397,0.14625258659509321,0.08911094923205304,0.019097461017873824,0.02668575984195643,0.009635996072114794,0.06771369104236025,0.0004626413867101121,0.0004654828327359169,0.014065439944529527,0.002018657571958489,0.03904527711931415,0.06170656538429381,0.034478757639620695,0.00042456128088163084
spot_0515,0.38616171519804304,0.11154329294546277,0.03470500069902238,0.04431537383374023,0.03709706786502828,0.005527822431974878,0.05018494119426214,0.021202273040766956,0.08284317334764421,0.038481197236251326,0.05018701093981219,0.008377581530801441,0.008415262450784198,0.012064776652036835,0.010949483182886013,0.09794402745148313
spot_0516,0.1609549513914195,0.17562318854045128,0.009737487255681238,0.21878394425863373,0.020699799128589845,0.00909199547127381,0.039940508193894,0.045681827212145275,0.0012832143970035218,0.0016963661472951118,0.16778272153371693,0.002910344280077673,0.08899852252683496,0.030943950778041712,0.024741512714149105,0.0011296661707923315
spot_0517,0.15083632104978562,0.18273134079723277,0.14319609692707416,0.2326235024182711,0.02459341042800012,0.0012618320676261133,0.0028202954224383734,0.0017537687581797407,0.05104887610634124,0.07293346582645835,0.05977938216257605,0.014464787557642526,0.03354499474124835,0.001016727010111204,0.0011511266365534173,0.02624407209046087
spot_0518,0.30831067810374774,0.2830967657951004,0.14064232990157316,0.029113938738005957,0.04114164303026903,0.0006367680277666043,0.0016826643971224364,0.0008886701798922958,0.04185639379346769,0.068444277439846,0.017937870921357773,0.01231470982728337,0.011028431818567155,0.0006930836412752032,0.0010742085129937721,0.04113756587173142
spot_0519,0.22616061571799745,0.06660133327372139,0.25032800432166447,0.16953261094608738,0.07461623285952416,0.06341588772527605,0.054321464360638026,0.030163748803224134,0.0007050707601804051,0.0008845853349955658,0.010157717780747958,0.01967541077511676,0.009115299334660343,0.01941294076811323,0.004207227265701508,0.0007018499723511633
spot_0520,0.04223714221643735,0.15487313024509802,0.29793716746801147,0.141378573120978,0.025608184904967184,0.004469762787072925,0.04156656176966025,0.07273517670053357,0.005392628264223697,0.03321967227625831,0.045062993096430984,0.0580819016077627,0.04291258823877823,0.013004404248530273,0.0130927745914265,0.00842733846383051
spot_0521,0.255893277201594,0.1801140026253698,0.12325418568026329,0.24670013185373812,0.054013038805926034,0.000651691874509275,0.001858531513807826,0.0008290259622678544,0.0014882807184455678,0.0012898731363536863,0.034824295667763294,0.08151235428062699,0.013848425261627639,0.0007953303337233122,0.0017144935997834127,0.0012130614841999096
spot_0522,0.31383094121424154,0.13538777219231862,0.13522466972024919,0.11289410440591434,0.0703805745618753,0.016717842322302914,0.0628353472269403,0.006726290006213313,0.0016247546641001752,0.001074865222708463,0.02535509846633459,0.01493156329357092,0.006744457087265716,0.03835756318869841,0.05698434195122524,0.0009298144760409429
spot_0523,0.3672288414320097,0.023223899817874878,0.12934813797827663,0.03491832579504176,0.0122534228930372,0.018405148836676648,0.053774950288001305,0.038125695940091554,0.001237446822942349,0.001531903333658759,0.03916509423885827,0.22825143799598865,0.007438031951201077,0.015395657254627753,0.027997096632763216,0.0017049087889502586
spot_0524,0.3744258129369477,0.03620499438359163,0.21122149298157863,0.047737810490344944,0.03739404277283833,0.014362483170714079,0.0715605060058961,0.025753377898613313,0.051639829582091026,0.0035962032983770415,0.013734133390030146,0.0384229014609618,0.041126620265437626,0.01134022699094175,0.011602921537647156,0.009876642833988692
spot_0525,0.17183577211221057,0.24202021425970438,0.16692206758153966,0.10095900473203924,0.06335046949735938,0.0037072035562453294,0.0063908423115901485,0.0030766403563013793,0.00126615317168497,0.0018259527045495338,0.07638718996611583,0.05915527986093805,0.04663514168898203,0.00635908588398263,0.0485246557385067,0.0015843265782501802
spot_0526,0.40637190592453626,0.02487508568802723,0.2493381531374601,0.05315734650749441,0.009822643023568018,0.07136328979499326,0.06914296287458727,0.01753958069820684,0.001599786604661811,0.0013546986955956842,0.0038897037751402163,0.010028655820837791,0.03278613547412924,0.01567044254661682,0.03182815493694467,0.0012314544972003793
spot_0527,0.19094092162605728,0.1368829477455686,0.3012357706147139,0.11394162523605238,0.06267488760619182,0.0009830566020233636,0.002120595764432759,0.0011538270475985382,0.026496366464215444,0.018473681974510534,0.06784944551512988,0.043896696695793276,0.014148186117358786,0.0012348924033940907,0.001749547492479104,0.016217551094480243
spot_0528,0.07727060278678226,0.43238295877009036,0.2318758365203314,0.03534071979934451,0.05095638391628495,0.009036579251623935,0.019119224304286697,0.020247760343717603,0.0019058730921968734,0.0010822681029656056,0.014752505337991637,0.012027529650309312,0.014327030094421473,0.028206723662498885,0.05040450954698836,0.0010634948201661489
spot_0529,0.06037456599102314,0.012981756341985362,0.01425771412341016,0.2089942126986856,0.11826911378999906,0.009740643396704182,0.17039402869264095,0.13754584575385653,0.09541578338974781,0.008922947504369488,0.03914481929438412,0.007957352805073788,0.005059121409250263,0.011619131433008105,0.06026164829387661,0.039061315081984856
spot_0530,0.35763967556116,0.26884069253749926,0.144763183619616,0.008621616181750733,0.05176511724641382,0.01829247411266736,0.029126076443029985,0.05707501901233228,0.0017744747610482971,0.0022233685902549837,0.008547614567820603,0.021862744164720605,0.009298509796086643,0.0077220511894870916,0.010820061122519738,0.0016273210935926037
spot_0531,0.13842287663111025,0.22011063440148398,0.021186634248228264,0.011503271186462771,0.10186807882398792,0.1244457330649811,0.0068035870355056495,0.05359482991846224,0.011790534447754328,0.13783734707093764,0.015290050756932905,0.05269675946284699,0.010391609716239477,0.07371583485613448,0.011426084816621735,0.008916133562310255
spot_0532,0.11749615392405804,0.10736918756250015,0.1132120851213963,0.04118612776413824,0.006858281126445787,0.04964407783672532,0.05566125021814653,0.10447132877127355,0.0009452961307887503,0.0007665091006192871,0.15636439298932878,0.0025341363371449103,0.017655796642141307,0.07061722614785176,0.15433946954699757,0.0008786807804437066
spot_0533,0.10662512475880648,0.2196083501514267,0.16937343853765965,0.10599203929848212,0.1621612061955068,0.017722864228872894,0.032781039592954475,0.015628402222628342,0.0014937563674067291,0.002173590563777103,0.037867148174588174,0.008752154976202072,0.07853384024027553,0.017883143064956374,0.021923065347764958,0.0014808362786915893
spot_0534,0.20742009512029402,0.2660306414491609,0.1577187858937021,0.1364763141251471,0.009752814052370698,0.05444066075590147,0.01604556045069814,0.005750949346879542,0.0010931566356336647,0.001013224164951009,0.024680158472575355,0.012255239458421623,0.021695752992006406,0.02625826567011191,0.058097662907349766,0.0012707185047962815
spot_0535,0.15984960517357696,0.21929504922368778,0.20457799157034223,0.10139996155086882,0.003542749377729051,0.025970296119682334,0.012735803313643943,0.028597649354758777,0.05612670821534557,0.0855664274007579,0.02592616151228922,0.005685316032449617,0.004525061844759001,0.02347359404380491,0.012431812624987541,0.030295812641316325
spot_0536,0.49970672646110165,0.24761445623645473,0.04511890661052958,0.04136494300740874,0.012919934008426434,0.003944203349568275,0.008057750831810458,0.052996946304863936,0.0014586120938068028,0.0012656760645463967,0.018928928028831837,0.010885688959354364,0.00827311126488724,0.029011951471010315,0.017202195269730974,0.001249970037668283
spot_0537,0.0008994430646655165,0.11698903515740143,0.6035718811590106,0.0567042724740826,0.000973608518265536,0.0019768012162868563,0.007194018754877733,0.002205971916002296,0.0007176526135212724,0.000618081324080192,0.07018710688428292,0.0005659763219417915,0.022955508026311775,0.00259284389856103,0.11114252805667474,0.0007052706140337255
spot_0538,0.22085337440643654,0.2003142836480857,0.17973283813559718,0.05472160937841448,0.040508611943607484,0.0017327555916040918,0.006334587671356202,0.0024559794274525886,0.10050797236476887,0.1053937845714901,0.007477157167511163,0.02973196901137324,0.018287441547562223,0.0021604193458880645,0.0019822203778438892,0.02780499541100818
spot_0539,0.22717865801002646,0.007981317065980945,0.21933854899517544,0.012929682767338338,0.016053730064712456,0.02794967211470891,0.018122703485457557,0.06243425877032609,0.01602245975201749,0.0030600139550348393,0.11229117054633031,0.11230668486252653,0.019905705764653617,0.04312616992284751,0.0923524520319617,0.008946771890901817
spot_0540,0.30099394292306386,0.23052661510922265,0.06972265857251475,0.1118855404296496,0.006127821140639092,0.1192678413195685,0.007036851265677857,0.007569186237388997,0.000697601869265631,0.0006607247538274176,0.04301273977595239,0.002815329161245997,0.0721860106702288,0.016459455437268844,0.010454488268312509,0.0005831930661731019
spot_0541,0.06954550109830704,0.182076180344581,0.2640344161924891,0.03199746212847791,0.07638946912621046,0.042674714317666215,0.015063240782707453,0.08105621449913111,0.0012659884080436828,0.001257224588519802,0.035721156731503285,0.08657656854771582,0.06068854306402558,0.04783553401252987,0.00287047253417125,0.0009473136239204348
spot_0542,0.25999076851420355,0.023359020239908823,0.20488067278584426,0.0630150155257441,0.020024600819531037,0.08991331894257801,0.049013530077135055,0.014997544081403231,0.08662837367966664,0.008634547673009856,0.05106603597823102,0.005113326892248192,0.02478299890026628,0.03587970612493037,0.05244637218602444,0.010254167579275162
spot_0543,0.2418022477232226,0.1545049315172199,0.1231176688709173,0.16454505034876787,0.015829250817600733,0.08011467354718824,0.03338257081761046,0.08977447719299522,0.000458616479522631,0.00045509978609215257,0.008161530373354804,0.0146260071340909,0.016238122905887484,0.052143377835565226,0.004472152976076175,0.0003742216738883263
spot_0544,0.4992171027935461,0.009443815175024085,0.004441652596900381,0.08757777247329959,0.06981080489380645,0.0247852346023262,0.022230858943565565,0.0915365659272749,0.1048740682972096,0.008485606848695173,0.017767176536749734,0.026320704316615522,0.018051865618205952,0.008596023792191137,0.002728821481278186,0.004131925703311438
spot_0545,0.21613779766778546,0.21001878046392528,0.06053384487001816,0.049691126958367075,0.013148762834201435,0.01925454514890289,0.020749514857286152,0.22603871584370858,0.0008443911991060227,0.0006996763312548289,0.026475322207603402,0.01999120257120929,0.012454796429042517,0.09501543271489503,0.028038123402982514,0.0009079664997113425
spot_0546,0.4407544633044903,0.1319251570909324,0.22627212535264485,0.039985799499318415,0.06445664620558969,0.0019353836646203437,0.007485226947420571,0.001661662128801463,0.0009009620915212891,0.0014147559799597734,0.015618143502578022,0.050525776714153016,0.01169758262606803,0.0019115812023775929,0.002644970379408514,0.0008097633101157193
spot_0547,0.3413937556113933,0.10923887317316801,0.06801843951958186,0.1529236162118081,0.01444120005783767,0.003846479031654519,0.05567355797221591,0.03861777177035169,0.024082002255588136,0.05901780669437827,0.004265416542024488,0.02882428465672597,0.02298331801610657,0.049630377858680304,0.0030224540876291955,0.024020646540856005
spot_0548,0.24822548696708105,0.2750817407928573,0.13286171916026254,0.265117073492998,0.008362299999617772,0.0011858889102984683,0.0038224212052963627,0.0018287907181779746,0.0007598279653390348,0.0007669607770332333,0.02016370478509275,0.004881278235469475,0.033192135516978014,0.001305975192732622,0.001699361718175089,0.0007453345625903279
spot_0549,0.28701684416896894,0.13691077366909532,0.07336191196210132,0.11514445130544398,0.03142984678874314,0.008688628057549443,0.12726515321723036,0.02145442664828015,0.04278408769707071,0.008224315457001679,0.0340500934990379,0.022220627113961604,0.04312748105847364,0.009262530503410162,0.00599856179375954,0.03306026705987211
spot_0550,0.1661415612555269,0.10463643486581554,0.10656566816401841,0.3338697702763111,0.008178989401619733,0.0020076062235149907,0.12514784410125385,0.009522155198669665,0.0006484644463310101,0.0005810985864114094,0.032264857259498,0.0021969903493030568,0.06911584467613141,0.017669793048603374,0.02090231596407415,0.0005506061829174105
spot_0551,0.3912710854595807,0.18145757970375181,0.17800372397836403,0.09345191019143978,0.025256481191956143,0.000832002456325885,0.0026414348968465625,0.0014219869070742658,0.0053042759673193034,0.05026288019617467,0.013667203627492786,0.020330630122245747,0.02433840506911219,0.000982974221374357,0.003246923509468414,0.00753050250147332
spot_0552,0.08640134737792317,0.008781392118535873,0.2606142640053044,0.1088789563133541,0.1249213259217868,0.022160959873212913,0.020769871318059158,0.05152244198149396,0.0023784157348096316,0.0037163661882404697,0.08956896007528041,0.12542995209736355,0.01136125644887532,0.015461978986833902,0.06620142944770384,0.0018310821112224884
spot_0553,0.002678079708871888,0.1264955511424449,0.5657816030225957,0.016502669800840936,0.004649905215131383,0.006112096098041731,0.020568654221643477,0.004110887250297583,0.12713524531407835,0.005387994692793969,0.019169040484054475,0.0048564544300797995,0.008261633021395733,0.003278509571204018,0.0074967581394195446,0.07751491788710645
spot_0554,0.23893566066283947,0.2923728672501842,0.19832722856569684,0.17556192110480673,0.005568971423712163,0.0019001405310406225,0.016327934629685712,0.0023500597041091467,0.00233172080864665,0.000877262738104815,0.04406785109609372,0.004561472754341365,0.00961165048754018,0.0022323373826793843,0.0035486161661703627,0.001424304694348691
spot_0555,0.17458951475280873,0.328254634394761,0.02996886861534182,0.012770432227492029,0.11274690176356232,0.036305852571997775,0.01071439755480687,0.028442179529361223,0.08578072847783641,0.027720849971503002,0.013876640386918382,0.009601350141963037,0.029918694123232798,0.0639553230469505,0.003621743686673352,0.03173188875479074
spot_0556,0.0380369920721971,0.065808724614069,0.22092063832065695,0.02082688459507577,0.11655857768570692,0.0816995075305708,0.016651373679698683,0.007673797878718559,0.16670294623023524,0.08346028002810343,0.03037731327888037,0.017098689902222578,0.02974357102544719,0.02994527969519515,0.04708089204870457,0.027414531414517686
spot_0557,0.3883937736698585,0.1031624689726697,0.1360401628635734,0.037840059982935416,0.06618622421732161,0.008924585229312238,0.1063339529540417,0.01569798734324976,0.000613670734170777,0.0006291258727192998,0.01984350890127653,0.017720960845970225,0.01949459153564441,0.020504949639536498,0.058070906476098236,0.0005430707616217126
spot_0558,0.36298208674959465,0.11342270585576851,0.17966885691541953,0.22881924933352218,0.005644766550079736,0.0021029341201391624,0.016325654211234674,0.0038787917549982782,0.00048644704466840806,0.0004847347123647639,0.03818971970932029,0.024054258036154935,0.007125219603604882,0.0030215112274943282,0.013314610074519739,0.00047845410111590803
spot_0559,0.00046927190786203246,0.28423051220787143,0.28959620489651006,0.18572590576785702,0.0005030923284598029,0.01032594860817374,0.008241045320676394,0.10724411297799183,0.0004880867852937597,0.0005014488881682645,0.04597501369106616,0.00044457331670591537,0.03356856599292689,0.016567518514643144,0.015615651335550075,0.0005030474602434688
spot_0560,0.20708982993595096,0.004326913268549573,0.0050926475305606185,0.06309338590476198,0.10182387229458012,0.01638674898713711,0.024227762490629596,0.09221269193202535,0.10657359504803081,0.09521959031246599,0.09414203427502298,0.010722218282680917,0.031041088584744282,0.01030654814458126,0.08674577373257232,0.05099529927570617
spot_0561,0.4354918067767185,0.20003167072289274,0.032423999235636145,0.10783167085537707,0.006600461350102118,0.0018330532226867998,0.006609698007482366,0.0019368245291170795,0.002877380411782183,0.04556107113823104,0.1279548848247173,0.007743212587178961,0.00900563526652242,0.0013025060185597784,0.006565510883625321,0.006230614169370136
spot_0562,0.3187886633199571,0.14958652432244599,0.022319929367818705,0.038482577523133284,0.23202047810781753,0.001943302892808834,0.004338464866446822,0.0020778270811735154,0.047185784439358607,0.10393952056303855,0.003992093898689147,0.02011610284332128,0.018500986028158247,0.0021086821590786424,0.0018612996870595781,0.03273776289969422
spot_0563,0.17805887760125025,0.09415986904772973,0.09511697929697223,0.17635542136569085,0.02607889420986546,0.0014449797056771923,0.004400186464232861,0.0023026638041432086,0.047515468339710994,0.005230922251565131,0.2553112744556431,0.01921996285424735,0.02543719483267483,0.0015675535119588993,0.017283572093040895,0.05051618016559703
spot_0564,0.41324983342998267,0.12530254982496108,0.15397966679040945,0.09213516691966964,0.0650083358006921,0.0009373722777359764,0.0041217456817384665,0.0014481420512086898,0.006431621902470354,0.08484797295162873,0.006232832651195932,0.007014742028548983,0.023656452457673786,0.0012702511832856482,0.0011752840745796278,0.013188029974218871
spot_0565,0.20648065267150018,0.1471368811265984,0.30055685409291133,0.0031860078325624537,0.08419411907106981,0.0022283682496107814,0.0016941270753030996,0.0012990051256535295,0.071564885253326,0.12399460585003724,0.002835741153322644,0.01296045149454293,0.003577291659969156,0.0018416445107939559,0.0018754604952228077,0.03457390433757567
spot_0566,0.39011010275621616,0.1933758656303203,0.011079369199576566,0.15734391103716017,0.01760169697808142,0.007746798653129408,0.02487833429747407,0.017936558923080537,0.000937248021146096,0.0007417752110057941,0.034215828242512986,0.0256402585403194,0.012507561037363486,0.04092097420648264,0.06407759294029093,0.0008861243258400578
spot_0567,0.40783468993419364,0.07190579687986373,0.3454264490432125,0.0069751013548439485,0.00904259164100555,0.0014514950210546584,0.05332402774029668,0.004682829080218133,0.05050827775905928,0.0070277582515790304,0.0029449958147743298,0.018381260057416627,0.006262477951747407,0.0024797030429974344,0.005216544884958712,0.006536001542778296
spot_0568,0.19521022813747382,0.028333917059267886,0.13343430472657986,0.08514107667431962,0.054603052547667105,0.003287877813419914,0.012511857678901507,0.004117655198890667,0.006625867299955578,0.0913183120336446,0.19695999239118187,0.11515843239811197,0.008607752622432619,0.0042613084430836575,0.027004596669067644,0.03342376830600169
spot_0569,0.10603705070741293,0.33266350721603344,0.20034527843539024,0.07679180122734527,0.03251453584576342,0.019068424117517475,0.05115145866836171,0.06316895896753358,0.028387823381075518,0.02937533118698872,0.01625693088222617,0.009667237875753897,0.005576466867058829,0.01208240393845248,0.008839990903286028,0.008072799779800282
spot_0570,0.20931397819359365,0.16025209366024906,0.013746383013489367,0.16200734696033944,0.01209827520213758,0.0011424698119242554,0.0024178094677277944,0.0012569871011222538,0.16693280717137127,0.035212703117018594,0.10348192704640619,0.013411448284678216,0.037402626231134876,0.0010740067576802319,0.003857995461031767,0.07639114252009545
spot_0571,0.3946856669075479,0.06107219292745353,0.028595942881395126,0.06433247261991824,0.02469490665668031,0.18973569136256346,0.011297323860955643,0.007389371401186275,0.07682914444180708,0.010558694224621145,0.032317120015657105,0.03349062656501305,0.007974209855231765,0.008204819781609115,0.01807562133868232,0.030746195159677924
spot_0572,0.44172421138880064,0.00699746130306408,0.007233154463017259,0.06849321636252861,0.010238781601577426,0.07068040416139122,0.07965887173934874,0.01054387194230264,0.001926619710480455,0.001516025028941501,0.09956314311411636,0.008282877376807407,0.009522497552330861,0.057672821940949415,0.12320121349948547,0.0027448288148579003
spot_0573,0.0005977398499749268,0.3442907916946644,0.40322126013611953,0.03971755424882435,0.0006199345803838686,0.0355218589593724,0.05443017854056049,0.04487318950272821,0.0008530046607874582,0.0006913316028401124,0.004612596297688036,0.0005851115168921481,0.00862987182538576,0.05571454251322976,0.00480729399623032,0.0008337400743182062
spot_0574,0.09859679390744956,0.3793842064000033,0.20830692588020056,0.03579374008704644,0.1564993271175771,0.003550369158224948,0.046645585659143014,0.022027814435668987,0.0013570471956466025,0.0011787832717962243,0.012324385009099418,0.0036964491536246105,0.018275718502176977,0.005455142339818461,0.00494430633673058,0.001963405545793221
spot_0575,0.20664108901223785,0.18416373588549442,0.1661668482131602,0.25936472698487395,0.08407402635670877,0.0008556640401118126,0.0045134198119179915,0.0011947123620014456,0.0006236424556690572,0.0008552941078746168,0.053839633917489145,0.004434725953504093,0.028950166321037706,0.0011511174137806967,0.0025381199635136796,0.0006330772006246129
spot_0576,0.3881320639049585,0.041145040409288874,0.39826646389117343,0.0032394957906963767,0.02761922799657687,0.0011827053147912589,0.0013798250575592728,0.0010627601502491903,0.0018475886605634321,0.0017214957936348076,0.003091070332881097,0.12286901365475487,0.004810659476159073,0.0009163030994487549,0.0010678287414962893,0.0016484577257679022
spot_0577,0.5250498261309932,0.005626303214537234,0.002780906395513615,0.11172427518580129,0.01745367957681475,0.06243726410515243,0.024687511818502254,0.009608893404032556,0.05290818161272229,0.03337382155643932,0.036563354167287516,0.011769658183261627,0.025070838877961323,0.007782023111906234,0.0036511546599300097,0.06951230799914435
spot_0578,0.16062632509047217,0.10064038542483086,0.10505063254239132,0.27132277405463384,0.009955498448787008,0.0018077007238694117,0.027666663342921033,0.0028574930901440533,0.008715243432950591,0.02928186254740056,0.11295332037288672,0.025386775548425947,0.028312075603441348,0.0032322992968172428,0.060039287964553496,0.05215166251547437
spot_0579,0.0008104691040961672,0.16527651055949377,0.12000202833359092,0.05189045663005429,0.0008247624259935985,0.21323579311391377,0.041889607730180925,0.057850744511239414,0.0011195518895581842,0.0011615651010558937,0.06792868674569341,0.0007491992170793013,0.04913940563484475,0.11171911471978366,0.11528174016254258,0.0011203641208793547
spot_0580,0.008134791998736042,0.1491857430472684,0.25879516814910397,0.20773228596057974,0.025642049048309263,0.0023283601048297133,0.0034605982888148657,0.0016739053788797356,0.07741934401241338,0.07400864570102893,0.04538334091632361,0.06602988128882528,0.06767490401785772,0.0019771866076667465,0.0016504211495035552,0.00890337432985905
spot_0581,0.4660752587115949,0.3518381342299021,0.009357514313041992,0.05962392425628017,0.07001893700071858,0.0007655139279519391,0.00886665456156915,0.0007937771874192426,0.0046174491239775375,0.002810976271253797,0.010048610012264174,0.005316781487167938,0.005801917843056426,0.000785513538521629,0.0011136713821448252,0.0021653661531355717
spot_0582,0.16064096658067883,0.11036283171707618,0.13744695166577525,0.18472669722788834,0.042861873167814576,0.04401639583394849,0.028192681905861494,0.050599801241700944,0.023834056826965197,0.018428139288616325,0.060284870680143474,0.020133200582956978,0.06936760857329381,0.020581801829303487,0.00471172214973482,0.02381040072824179
spot_0583,0.2858038566681676,0.25730319780916044,0.06634093853535813,0.09723125927257185,0.0261933719633105,0.009145600564562578,0.0184783846228369,0.08924576887160382,0.027888774139057153,0.033691601558152554,0.0038093240457495107,0.01693169812885945,0.030032362771810654,0.016818635982179052,0.013663112409588495,0.007422112657031319
spot_0584,0.5239141757628797,0.030356132276650113,0.09443738498176539,0.07230167802601203,0.025560745812425116,0.0014162928196640152,0.03935384604632776,0.006611155874120838,0.035672999183844534,0.006602791380371164,0.025070955240084545,0.039182101266855236,0.032583274007275544,0.004408451963399733,0.025658627967692433,0.036869387390631815
spot_0585,0.3162763577965513,0.05464626191059399,0.17290029822012662,0.19522207037402073,0.02010138872801536,0.0019111135335230028,0.005949209751738365,0.002691011185426963,0.07977019603126291,0.07130706764785866,0.006370456869700433,0.04578820304572736,0.014581110114989174,0.0024794553388024637,0.0029314168933745263,0.007074382558288158
spot_0586,0.45940109474998797,0.2175574798640765,0.1477064346837019,0.021917685642669427,0.018860570703472666,0.009180348145070875,0.013401850061705793,0.04737886404213939,0.0011850542693073744,0.0012741517613928824,0.004925213880536641,0.005873238490076577,0.0034806119779425683,0.026192068255688126,0.02058566164409308,0.0010796718281382413
spot_0587,0.15341498022516376,0.02522631814375674,0.06054680878876177,0.14601345931640725,0.17675297773333765,0.0028960874351847687,0.06017382407369773,0.022592754960400453,0.16992471900724423,0.05018370121836888,0.010857019854599463,0.029449935052651848,0.03454712487640421,0.0037199398154095157,0.01900806764124328,0.03469228185736843
spot_0588,0.3497191177416632,0.19513509410974428,0.014371098793035138,0.1572060577913302,0.026895945799885978,0.07312696183206845,0.02812490082768149,0.019999283474479438,0.000953882183449523,0.0010749467921062764,0.053628348822645965,0.014292273932912568,0.04201555780481096,0.011324088223486524,0.010587003020515679,0.0015454388501842996
spot_0589,0.0005932358650483334,0.13014894066066793,0.22451961200747456,0.09150609363459325,0.0009882281419669329,0.10042141722973946,0.05960319661153955,0.026310219904783105,0.06939607005226968,0.20484036899179695,0.020469323575066017,0.0007510623991440255,0.038085316156425957,0.018779022764321102,0.006748987443553633,0.006838904561609552
spot_0590,0.06897134383417462,0.1751399538984046,0.3334619722389751,0.0876452027075411,0.1347243967096573,0.0011663822854981922,0.0025061675878503375,0.0013119140689595837,0.017301845970063828,0.09211551386980271,0.014114366843689745,0.03181060752013833,0.012411809095856171,0.0014745969943105168,0.003239691917767621,0.022604234457310263
spot_0591,0.0010737448405901636,0.08324858925796397,0.14129080720589374,0.2593400220669948,0.0012514099189624747,0.032469557000901844,0.05812827940980979,0.021677504314815344,0.007865888532597466,0.0047492387212221005,0.20837444046305645,0.05697637777626049,0.013542039493084213,0.011959620076167262,0.09456071416152555,0.003491766760154375
spot_0592,0.26033616472583615,0.01766948265538401,0.12011362988241707,0.15568351675728934,0.01874561301247272,0.047721533117971726,0.09448185104427553,0.009936717900443955,0.06516376288803566,0.016806912578415118,0.10092557397134912,0.01224472725428198,0.018091833814591913,0.013859751296908493,0.03307029847441854,0.015148630625908686
spot_0593,0.31038058535273694,0.07774843861721398,0.013903791106409946,0.024101446966573743,0.18785653578181327,0.006103435278502115,0.009997201055950639,0.11686472497358157,0.14961513354383452,0.04536954419133827,0.00559531209257668,0.00691690254622396,0.01749503042494385,0.008765599827033215,0.0031984020987690116,0.01608791614249829
spot_0594,0.1298561218146942,0.06373521402322437,0.24487460883210313,0.07879665760297644,0.012009571408781432,0.1391073553854996,0.02802050476096517,0.02833078169620562,0.014137872372011267,0.039767807164175266,0.04344233779496195,0.08861502682596738,0.009491209693257093,0.04113121872047484,0.01941009805561697,0.019273613849085304
spot_0595,0.36490106516794724,0.1513926168126416,0.11780455757797276,0.05399030947517733,0.08965776427941617,0.0031712863285869738,0.022163495043598387,0.017261444447774922,0.023221801891655694,0.048204253418572686,0.027618261892033,0.027224665772122708,0.021632034784865663,0.008084701609348016,0.004547562707808176,0.01912417879047866
spot_0596,0.3683682989044551,0.016421805689358363,0.126526435149692,0.13136104929322984,0.009649439760668154,0.044013484831771005,0.056721020793735394,0.04794976452258544,0.0014304726972407596,0.0011623170585738506,0.0452998287862181,0.02274601241903039,0.006845678354684797,0.013284291396014442,0.10722015878121088,0.0009999415615314922
spot_0597,0.21145797272764127,0.28394531593068134,0.2499183143419448,0.010285623786702475,0.012334512371898965,0.010913100405817082,0.03817425986405405,0.03431997593943655,0.04674305337318105,0.03016179143622171,0.008272736904000138,0.014372079132763838,0.004185685736315322,0.005388938403735465,0.01001257548278029,0.029514064162825638
spot_0598,0.13644567462128132,0.3183449434486173,0.38744541894529017,0.1018767615421412,0.0021151742080459876,0.0015570832510155828,0.003610148940125973,0.0023948654007671425,0.00046601968176529377,0.0005305888365407613,0.0275735259780808,0.0013754513176436355,0.011547290706745643,0.0012956152914126826,0.0029825634248513725,0.0004388744056751417
spot_0599,0.10176969412590499,0.2602808888670188,0.23813788869394467,0.01694762364890827,0.00956894940787583,0.16798717763610016,0.05570356663178402,0.08312371946056343,0.0010743823681058572,0.0010664368796366136,0.004153142565331206,0.003650656926735787,0.007692984164244995,0.04459353389110863,0.0030435489259149798,0.001205805806821777
spot_0600,0.20222474089378678,0.10713210998078596,0.126471631966255,0.1159011469314804,0.1676251326709662,0.038589234479242375,0.032653406669966814,0.025621342655702425,0.001086640194507553,0.001967121749842338,0.0637369888071081,0.008111264791433292,0.0359951146568821,0.027963078312974923,0.04326551241281631,0.0016555328262494388
spot_0601,0.03396193703253558,0.22479503075324475,0.09962589988886417,0.18181464369033323,0.08399253158171235,0.002169301512158533,0.005897565761198422,0.0019945583574382864,0.016329754417898103,0.10346549146993768,0.1538852653469907,0.039747636750304356,0.021296094471942646,0.0016083818146845595,0.015461505936542051,0.013954401214214575
spot_0602,0.36652770140591184,0.13769343120077365,0.02471621043995359,0.10602606135432076,0.014553405475916027,0.0014307663176263727,0.002446341879103197,0.0015079146543941309,0.0396668203754781,0.1582526881240496,0.05966436756307146,0.04452771818460497,0.018622914801799187,0.0015587155397468642,0.00269395071825905,0.02011099196499119
spot_0603,0.15226657769984905,0.05511389033699984,0.10550101438065451,0.2734926792143491,0.0091745596974889,0.0036783557398059035,0.0090985993060799,0.0025031889034123887,0.043460926872854785,0.006459842788864298,0.17402807091938297,0.00935200861054145,0.06758369015054079,0.0031974107209541292,0.07717217676650069,0.007917007891721296
spot_0604,0.07821136691015948,0.20070145252073338,0.11852825481895751,0.2014022934424787,0.020607535718678065,0.0030361713073162777,0.07466944482256414,0.12492919242154961,0.02124211051565011,0.003316933145779745,0.020109851642019453,0.019560099957648427,0.08418816834231971,0.012522968403121924,0.01255579161812713,0.004418364412896306
spot_0605,0.21151502616909998,0.07711012460817233,0.17146818435472216,0.08290894472635882,0.07409145024726842,0.010335509556244071,0.017101019328562863,0.002370264092330945,0.05673837096468599,0.06793021088130488,0.08255941194489552,0.006047808461273338,0.050328144657557534,0.002984868415659152,0.010544639857145726,0.07596602173471825
spot_0606,0.4816635261543899,0.012770664821128302,0.11661207083375918,0.010436877108356417,0.011335075183170853,0.006049024765716373,0.022420285437110072,0.10380204937278763,0.09118143538292334,0.03727765976871212,0.021161925907372207,0.03091865763410638,0.007798902714411523,0.009917075864488787,0.003253585477013273,0.03340118357455364
spot_0607,0.09899391229423402,0.055501981541077015,0.17885481368063794,0.015723386021610657,0.09043317528667538,0.11592283110862027,0.15150320687972402,0.09605988262200592,0.0060775326888759095,0.060923181912866324,0.012010187792562379,0.010763394411543396,0.019316770796450118,0.05396622896735484,0.026837932014917656,0.007111581980844167
spot_0608,0.2882666567521578,0.1428375671704837,0.26633366529120084,0.009617494172965703,0.08517457493828472,0.001203263221422405,0.0036862610996111866,0.002191706607357898,0.012409703981033372,0.06193767049809549,0.0028242110374905056,0.05756223395574189,0.05201338932719204,0.001778871140874834,0.00298501746364564,0.009177713342441931
spot_0609,0.02990960418154139,0.08072624552329555,0.193932468942968,0.20608917525424433,0.014004971645354495,0.0012170918731306513,0.002665459709853132,0.0012786512632630253,0.053665904027478395,0.13916321296497253,0.07800843610266922,0.12849652280812135,0.03370009635760373,0.0013912161762374867,0.0032225467921548016,0.03252839637711189
spot_0610,0.37971046283684184,0.060665950761287314,0.031277719838957815,0.29618339631146706,0.03355462949649603,0.0014348749388164099,0.02063420571702982,0.0020504015969495344,0.02382471678087251,0.04124215159014768,0.019991742941064747,0.029854392915319453,0.022957136452817443,0.0018858982849097343,0.002629915552353368,0.03210240398466922
spot_0611,0.21369222441059768,0.0035185816411956537,0.003102080636222273,0.018790716468598666,0.007666594811538554,0.054834162487434224,0.04097717688849495,0.25703109357142995,0.14719347968761765,0.022647836524701735,0.03875534610673746,0.03146191220340059,0.018051383419317744,0.0849319542798291,0.03335588669374812,0.023989570169135645
spot_0612,0.1436275758262014,0.08364822750288163,0.1884493236519408,0.06093547547098381,0.09387666618173826,0.00836812736695776,0.1124045579052331,0.0820691567554618,0.003928150537722599,0.05025174080293526,0.046260126445922624,0.0035435623691169107,0.007382631756855937,0.008106973017886866,0.09325520632359713,0.01389249808456411
spot_0613,0.12606822340531365,0.04288871048208647,0.38957075079291315,0.235982273399428,0.006053002614278132,0.011864407376800758,0.058734687913149536,0.06657709494632758,0.0005598570398574098,0.0007116416063473335,0.0144497031042464,0.0024191640370006032,0.008249758419019418,0.019022198394239798,0.016070124892057506,0.0007784015769342423
spot_0614,0.29480958498949483,0.07678818020044922,0.06850159870189751,0.27202633463198883,0.12077609240420432,0.0011692005604628634,0.00438512096865263,0.0018217577904981754,0.04239712532401081,0.02994719221369641,0.03237045346241437,0.018153721868302435,0.008202646330251508,0.001810311332205074,0.0033295188988385666,0.02351116032263247
spot_0615,0.11243931462594871,0.10575551369604053,0.01318825754589557,0.03931343368764197,0.06863088121017384,0.002139928160416075,0.004293792084364431,0.0023186801093596832,0.3122638446098856,0.20579851887828435,0.01675959135732422,0.026493102466059824,0.014343481152440838,0.0023306437504506715,0.0029315281260684266,0.07099948853964524
spot_0616,0.6096840253159883,0.02830944303649753,0.022661561590427887,0.013191289366945485,0.007451482682688073,0.0059630514172419056,0.02158879783400344,0.18705898319603595,0.0009088620059380276,0.000930377800087168,0.008070764712209036,0.02233151979951931,0.020274064116977245,0.041757428560808836,0.008897136168295681,0.0009212123963360966
spot_0617,0.307096655877541,0.0466074142497135,0.03194782527058368,0.14341605077068675,0.024778695599158636,0.005938751094068479,0.00659372075522202,0.002941329199097485,0.14812441794716252,0.036655405143677135,0.05719423400699392,0.020329122368209673,0.028933088041437377,0.0038246427794187176,0.07896460676347786,0.05665404013355128
spot_0618,0.23644327148359987,0.011479679897003436,0.22607057615101495,0.009299000258578103,0.21698320990131637,0.003584639307951584,0.05765730708205672,0.017561843785056576,0.015201858662415024,0.10265172155331076,0.011023238805388087,0.0354176358447799,0.005941101595070568,0.007167187351234856,0.03530337546507505,0.008214352856148143
spot_0619,0.5360047598611338,0.1090480058256453,0.1768100216540209,0.029158936822889628,0.012504823704068859,0.0011731826200527045,0.005536646389779973,0.0023789587762790524,0.0009267470905873926,0.0011765246830182732,0.027600717444833153,0.07691745290151347,0.015437627383289944,0.001968360764904491,0.0024692471637947754,0.0008879869141881908
spot_0620,0.2187428588125236,0.07968817037712003,0.5090203853453209,0.018607661753196513,0.04338477479493757,0.0009218808889114065,0.0024887105726717103,0.0011466908870873243,0.001873498379089279,0.0013745538267140964,0.09313475859763962,0.010577798679771159,0.012021882387068321,0.0010425128515580608,0.0036645855867156953,0.0023092762596747
spot_0621,0.0006729840285244723,0.20258247720077738,0.16863637317029875,0.4696059022666505,0.0006713289352889364,0.004896179466356668,0.02294474821438026,0.013792242101857,0.0008272470176338839,0.0008828773192002807,0.03595076872304628,0.0005664049487847007,0.048690435249646176,0.003769056154698991,0.02452724115779471,0.0009837340450610042
spot_0622,0.34455283005259835,0.10653602226388259,0.17590519192730442,0.13469094363359288,0.010747870821179147,0.002232835333591842,0.006960957958059731,0.002608028694858112,0.0015498738933682988,0.0012191157937384018,0.180105963450684,0.01773036377259352,0.006332739585795492,0.00213544003832473,0.005229669990681005,0.0014621527897474814
spot_0623,0.3106328221964565,0.11374962555742438,0.12059922830661908,0.033782453328550135,0.06930412332122302,0.104266255900347,0.048740848975422836,0.01183121792396401,0.0006880989062861912,0.0007121307645898722,0.03114301947935395,0.050811633032608716,0.013700454436454108,0.05243977975267749,0.036830672897476865,0.0007676352205458598
spot_0624,0.3389194588233478,0.016620689038452267,0.06171775359370502,0.11205865872342394,0.05468699165027392,0.06441626182194063,0.04873309437206593,0.08304628692933266,0.022468922417121385,0.005656142492322777,0.008746886345006958,0.038434186141587834,0.034869909550721695,0.03281760417265149,0.035353007100410776,0.041454146827634916
spot_0625,0.47841980410278906,0.03594907630818725,0.09683237094803301,0.029842853479931236,0.05455139808713464,0.0035637750301174167,0.0073316194546015736,0.003934880930715658,0.009995443339038592,0.08979647987081987,0.05039414720597041,0.054694444179619876,0.0039393584431032845,0.00642511534307102,0.039406940641919144,0.03492229263494795
spot_0626,0.33762621366632234,0.18847443922995447,0.10275707432525182,0.17794973351698162,0.004704165306653423,0.001105565410447125,0.0022808007949672157,0.001628906326932063,0.03204792385873448,0.05391869297265229,0.05845802611956086,0.004754308414209436,0.016185152443926848,0.0013524055076827922,0.008733569047065971,0.00802302305865726
spot_0627,0.24086324418917904,0.06800999311562633,0.0315407230200541,0.1798548314768462,0.06104947579921398,0.005325574920880856,0.056920485186298705,0.02280715057599213,0.029825163221390758,0.012663766650389754,0.024399845204074958,0.15308348570529828,0.07031004277323132,0.016101647248182808,0.00969709220089001,0.017547478712450795
spot_0628,0.2791198372219903,0.06636720839423546,0.4042408667286152,0.11590640061649743,0.011253906324936927,0.0035708638094615022,0.04650162548793677,0.004477297138040844,0.0006625793195114388,0.0006365051506161893,0.016261455717941464,0.0027534854222981335,0.029118371902282246,0.006104522442025491,0.01237471098666237,0.000650363336948239
spot_0629,0.4323079583804087,0.008603285173942819,0.010723950369907337,0.152325623724487,0.021887538767482843,0.003590045332472618,0.07876622444742913,0.02370640009904453,0.001149074229290227,0.0009502498466320609,0.0841346902263964,0.026328231285520413,0.0932049115293814,0.005479807175495879,0.05581571666024209,0.0010262927518665636
spot_0630,0.49386124591798264,0.0020272209330407976,0.0017629196336539235,0.0026820296701429032,0.01015249700377819,0.3729851496539322,0.0033705128333088546,0.04055117442546994,0.0009286873926758227,0.0009825889751394385,0.003578446759404443,0.0047731335867027625,0.004028872459471511,0.05228719197769074,0.0051505765445095395,0.0008777522330963015
spot_0631,0.44314102936165256,0.09189543517962195,0.060221310108350086,0.12354016422890048,0.008375697250289027,0.04782113325485929,0.024413279651594424,0.015594614156368796,0.002441293097615107,0.002347714993228445,0.08019580909717039,0.01937975663810565,0.03362231121149345,0.00876565516645014,0.035708598482331565,0.0025361981219686708
spot_0632,0.19109913394810124,0.15230524003786491,0.2603940956029477,0.05097027276156687,0.03434448648373606,0.0023678777532478894,0.04571398831060104,0.007960788134859547,0.09431099126787698,0.0260750509674995,0.02636714186905267,0.026435709976204147,0.004846797517426535,0.0056794190900771825,0.042111908608168915,0.02901709767076885
spot_0633,0.3656433057264588,0.16049106872698848,0.09326026953965111,0.014530099223747959,0.029995707104608797,0.018956629860241863,0.006447032232995168,0.06485873427530416,0.02509366247697012,0.08003926055746191,0.022363050267198117,0.030553945407304092,0.0187640819758505,0.027331408896988606,0.024012072430262925,0.017659671297967396
spot_0634,0.22891094789120897,0.09547944385534197,0.0911234128660007,0.17241411114047903,0.0072106259461412565,0.00603395940259202,0.09976994621018138,0.040161181168495076,0.07873325478719236,0.03492843627869315,0.015254028583800395,0.005314580946804129,0.04184391304742137,0.010208053405002618,0.009626330304974978,0.0629877741656706
spot_0635,0.13026416659156692,0.12413533198479869,0.1885551315841452,0.049779274129956905,0.008338991647878064,0.0035647762627517465,0.036951959675075925,0.02178479433388673,0.11165221684638815,0.11834891756999066,0.05338975165356529,0.0841630527836885,0.008474826325152307,0.005586997166037691,0.010965158499570643,0.044044652945546575
spot_0636,0.1637849219352991,0.11691519177406777,0.17687893375398595,0.11454801975381727,0.20481093183098265,0.001610150113982426,0.007461841438626089,0.002182473755935295,0.02567859882226891,0.01223193063751978,0.0698165869347111,0.029407690574025924,0.0072725227893389414,0.0017341657234634868,0.022230431203897713,0.0434356089580776
spot_0637,0.16027788076026322,0.13491204274140578,0.22233609145827612,0.05800660118430011,0.018606795728716083,0.019966495940964425,0.07362667247656786,0.05383741378222111,0.06630768125433979,0.011351043688013256,0.006144966801008552,0.05158027958015102,0.053340418256614626,0.03761744177027641,0.02733066361668196,0.004757510960199685
spot_0638,0.2508034285325225,0.03243211296922368,0.18897630926323855,0.08234753892447298,0.006874153080171506,0.27178479507819103,0.028235936417595132,0.02042279719657623,0.0007468969293369209,0.0007646702568184056,0.020317720011997897,0.026965554355560202,0.004917673811223775,0.00951784006830714,0.05417227532670288,0.0007202977780611188
spot_0639,0.3465117849198152,0.3350177934483077,0.04484601983845543,0.12019291099221176,0.08500064096643666,0.0005516849824140867,0.0014801807968560007,0.0007447550381366972,0.0009619001247801998,0.0007926363226632887,0.027626789938169,0.012185829350541006,0.021751535989867402,0.0006608645846917222,0.0009259771003405372,0.0007486956063132882
spot_0640,0.20904081343345524,0.232299179569272,0.2590344835527164,0.009840720440606313,0.030891659556665504,0.0033885670213626624,0.00453550067673074,0.0021401424425648236,0.034988078856839015,0.07763722247900695,0.025492331237685777,0.016259460374791982,0.05455741938659173,0.0020471533128999706,0.02929269526986805,0.008554572388942817
spot_0641,0.25306194945307525,0.3300598650818025,0.05018885947471237,0.13031667356268745,0.005304837503087202,0.0010244237299217342,0.0024172083489221925,0.0010499756623696213,0.005603723654896931,0.08325520292255797,0.045805939939249106,0.020542063889709267,0.056848568348880954,0.0013876240429330378,0.0021306624484128726,0.0110024219367815
spot_0642,0.34742974479810407,0.02661630085440527,0.03823569647656288,0.14978604698985043,0.006622218420559599,0.13478732770095783,0.09433743491214361,0.04004445112867056,0.0010457508961338043,0.0010695654143293807,0.05366896891189439,0.0025134411895794363,0.01951716333439243,0.03926092295801769,0.04364504847752789,0.001419917536870713
spot_0643,0.32432097567243395,0.0455113643145581,0.25272145009254565,0.06592983547060509,0.009591271350641672,0.00203478645027827,0.0420558194079659,0.0251745047145783,0.08103655532221786,0.07044314797515659,0.01363957176865372,0.004019636051327108,0.01344922846274064,0.004914993830942755,0.0299076846497593,0.015249174465595079
spot_0644,0.2659328608115322,0.21939866233681288,0.11056566437385805,0.011779896168578177,0.13150104452857433,0.10682147984621695,0.019053292895989588,0.00801625582096923,0.004786883593764632,0.06685341747563557,0.0067418977321953505,0.022927737749604528,0.01328261186584941,0.006080602047859864,0.0037347958813391826,0.002522896871220066
spot_0645,0.20374442006644716,0.052154105403333144,0.28419124088221637,0.127857228263758,0.1502872715153609,0.05837761713737777,0.04865690371250535,0.0159905850664313,0.0008771508558942353,0.0007742671259885859,0.00633627785804106,0.004610161477594741,0.0073073372662182026,0.012559383796357588,0.0255376119078901,0.0007384376645855252
spot_0646,0.007871675302846673,0.3042420252849134,0.2443452848708894,0.04026719046487513,0.07635773942827805,0.0031537840521708143,0.04420471474228303,0.002973387948705407,0.17868705885217498,0.04256846857980099,0.012357379496214417,0.01792286746198058,0.004927940729182469,0.002682319801137574,0.008287398378841999,0.00915076460570508
spot_0647,0.07276271751972702,0.06947053919553206,0.2711942550336036,0.09856817020932106,0.16490729960691805,0.1534675553604382,0.03228944212013597,0.02174249966401848,0.0008507533693295662,0.0010481756594565047,0.048359052047173466,0.009395462843031742,0.011950961372413553,0.028760802422604922,0.014546301029977823,0.0006860125463179815
spot_0648,0.19952008026146606,0.02013148764423668,0.1999953267920164,0.20828843228226945,0.011505441178346947,0.0028332362444770964,0.05842031917968892,0.006386159455365751,0.047997401418588735,0.011298012276107109,0.1285227334018036,0.02462300899817372,0.029090818583724788,0.003312972784098125,0.018476941234994,0.02959762826464264
spot_0649,0.1982973279896256,0.03817514065172139,0.44858933401234974,0.011284758088976872,0.03814086816414786,0.009520387693122988,0.011072646453762462,0.012491773659986828,0.0017013687402439319,0.0013336700090786913,0.03658087638279983,0.07456536026275531,0.010407008197196598,0.011657796243260424,0.09458007667482138,0.0016016067761500617
spot_0650,0.04881869446124759,0.43248274943873566,0.1773349004909212,0.08093945658167753,0.0422136614541308,0.022777165673330976,0.07473059239361576,0.021753602104727217,0.000971437293683237,0.0013226795327416282,0.015533167576340576,0.008460876901500079,0.04451971144612411,0.01624244420598007,0.010918657820276794,0.0009802026249667555
spot_0651,0.6180462882117765,0.010327644450185768,0.005913370588083827,0.05444781691501239,0.026423862160813303,0.0012441055696627765,0.002971542063206014,0.0014804346713812892,0.08113512640068413,0.051634938868295246,0.09640807160488113,0.01823462848508088,0.020364633554390922,0.0012754300032048794,0.002545358920615873,0.007546747532725054
spot_0652,0.2687764616483667,0.0973663099859564,0.22664333938327505,0.14814393858124714,0.004404214044848906,0.0583796096056623,0.0095749962265105,0.01584217113474839,0.02125455418214668,0.02739341186107719,0.015750439699922115,0.04503396789820129,0.007644313705428969,0.031096421920219035,0.014329672609172301,0.008366177513217036
spot_0653,0.2480017915669881,0.2262529009937206,0.03591665809670915,0.02333211628486679,0.08079994789163905,0.02583561679926813,0.00879750977316882,0.025618276723326644,0.13912331924438645,0.018738678648983573,0.013092068198769425,0.08502020322559861,0.025159539992779263,0.019783753905883543,0.0037257836193625945,0.020801835034549247
spot_0654,0.4244314046769425,0.2018970265508942,0.2011958128415265,0.10801297416984507,0.02342167498430503,0.0006907373336256705,0.0016639812993878456,0.0008947592956509521,0.0006858065896663565,0.0010203391150866797,0.006013887804315375,0.020216032534864783,0.007258534165606658,0.0007646224160043932,0.001131245908576416,0.0007011603137016054
spot_0655,0.28275888529890814,0.3846551168859841,0.11411493622459895,0.08567563782621222,0.013394371759144362,0.002671071090156073,0.007785401616474338,0.014458909996725156,0.0006641000919181976,0.0006540333572461198,0.00845769176473489,0.027429904084042517,0.035872168832055816,0.018039765480698324,0.0026236454720724913,0.0007443602190283277
spot_0656,0.31948569497448304,0.2812199208227131,0.012185932186108724,0.22840659405317634,0.025147441998135,0.0018249303380840107,0.00451983143992808,0.003652743402678785,0.0017081246326900465,0.001474302823255295,0.05054784501458474,0.025683035418738294,0.036796825576502365,0.0025009969768908925,0.003371230770512967,0.001474549571518366
spot_0657,0.29901774430112504,0.09300654480612126,0.229718028626312,0.09032661776520576,0.030714327307847362,0.004946442381277273,0.013190838240830323,0.004355231057385449,0.05384978726935408,0.04127216060065216,0.01963279340485407,0.024371111726515106,0.008336818351449823,0.008362641918612475,0.06037528785627845,0.01852362438617936
spot_0658,0.44939932131234483,0.16165237381626618,0.1341542120437037,0.10394011677948613,0.007457512295039787,0.0015532366185806539,0.007385211984126,0.002245503960013431,0.0011153835098086787,0.001154981397422546,0.05916657040828835,0.0511965400003228,0.01363700747050641,0.0017975439223862678,0.0031180472574721912,0.0010264372242320184
spot_0659,0.22222022734005484,0.1629512240065768,0.20947672468629827,0.01301503385056918,0.0047613497819119065,0.16269422440298476,0.049754330229232764,0.045450369192454106,0.00045447848461131193,0.0005170558746225605,0.012989041347132078,0.0017937346988049065,0.00645750556487235,0.05364015343081726,0.0533738882642353,0.00045065884482160416
spot_0660,0.03184381297840021,0.3547752144142672,0.3160050208548043,0.06527198084452254,0.020091143896770327,0.021499356276737464,0.006521282234858226,0.02749516666147219,0.07845846212823998,0.012777514593335447,0.01643231476391734,0.004197448399538091,0.007870727906944975,0.026344852899965243,0.0024565905063908917,0.007959110639835608
spot_0661,0.18899583115812285,0.15643034390837898,0.008228524031641529,0.16682303762754475,0.15088002789012167,0.01792344156095275,0.02322003169016981,0.02576726303384027,0.017274078173468325,0.014129341257954262,0.06037606220080942,0.027006956131979117,0.06457079505094317,0.056002149843549114,0.009719740151179922,0.012652376289344076
spot_0662,0.1220824751146952,0.103622019320382,0.11700270768310646,0.040753782531284324,0.08256182476262675,0.030896576346242825,0.04957118916712477,0.00936718468523421,0.019986649890519247,0.12972502229527447,0.04039333364232069,0.209305164586654,0.014629542103452214,0.01630938840911101,0.006938941372768814,0.006854198089203066
spot_0663,0.21496583030296096,0.11925052692366649,0.15855817839197753,0.27992853806767004,0.008438410841366317,0.09733229359414185,0.013913875938849019,0.006553115779160696,0.0008475760087033909,0.000842287644642182,0.05969511646453491,0.002147649135837177,0.01217048983832889,0.01664885733020574,0.007640132070599537,0.001067121667355237
spot_0664,0.13648394115453133,0.11484012806521565,0.4167099210058935,0.04349594468433435,0.017349791976693278,0.005243902342355612,0.05442284070641554,0.017412819738451452,0.06583297940859835,0.0057860361000443014,0.011877093098118902,0.014158675838184946,0.04273891848620236,0.018068460355736386,0.007394712800435513,0.028183834238788525
spot_0665,0.42030815405426175,0.0984230358357264,0.21575234882039576,0.0358574689078981,0.05177683979387941,0.00270936528710467,0.011689667683035442,0.005772407560426422,0.038398416249692494,0.01440606693941892,0.014104187451348968,0.061940672172410824,0.014276432869509189,0.0027820249047905577,0.0028294666968983794,0.008973444773202712
spot_0666,0.15944674373357026,0.1992708542784429,0.154371471784909,0.12270561480670043,0.1675921825187327,0.003050325417145534,0.015918429428713098,0.0031943158304922233,0.02507025685500692,0.01998668807749217,0.031102207596189757,0.01361703815698853,0.06513078063665356,0.002200870884039103,0.00743171900372555,0.009910500991198242
spot_0667,0.012936428706452646,0.3844404833882261,0.4220762572944946,0.09984989979602404,0.015005240835525218,0.0010240203716957552,0.004906485328726303,0.0016675856576756417,0.0017459861749308445,0.0016139012988997674,0.020108496231442324,0.001518618429259474,0.02813012439823626,0.0011837814143802346,0.0023374201891304793,0.0014552704849003285
spot_0668,0.2063155292048903,0.06670216032755709,0.2533081573759316,0.12692984348362718,0.09767494752325798,0.04226797668982828,0.04975953057232632,0.07885579152086067,0.00037830137474613803,0.00045840335094464343,0.01239900363494812,0.015140949197165708,0.015333374334585379,0.028872587347401,0.005124373328632261,0.00047907073329734955
spot_0669,0.17445979710627688,0.11319903486863145,0.07433616402270761,0.048170869683537614,0.04450407397122794,0.22649985535064981,0.0367390939573416,0.1047130624818982,0.034038882156301076,0.014556242002991769,0.014300049620623334,0.006902697626528545,0.009965989016769577,0.06454352703263705,0.029024457691553207,0.004046203410324332
spot_0670,0.026451263588109293,0.11934215321973156,0.06548753908015773,0.2041174587302111,0.038110811757949496,0.010929450990397011,0.12496218179784618,0.012308781825624398,0.18042827698421912,0.04512073116633105,0.006416882050524026,0.010636260801574475,0.06307843709444559,0.02414750820674354,0.0183156745122763,0.05014658819385916
spot_0671,0.5011396307263534,0.2554875846099842,0.02207290789602429,0.030885057739536904,0.046227694597989685,0.005389925308096035,0.011562245076175629,0.030112720119357565,0.0005182278466279092,0.0004737025545829532,0.005990046254012167,0.03980243584789231,0.006662775691126418,0.03786141210660591,0.005307429073775325,0.00050620455185934
spot_0672,0.1651636941767996,0.22981293494088034,0.1073653476525333,0.12699134661346287,0.04949385689119826,0.0037022591890192463,0.010719806435121907,0.005735584377430761,0.0018244830984843515,0.0019472021028165282,0.1777647774426317,0.006100400451613702,0.022052910565233192,0.004293283645938352,0.08523819546156995,0.0017939169552659328
spot_0673,0.462312958375311,0.0037976089649320597,0.0027757021471481896,0.007635653106106599,0.11131630873235765,0.022167455657428316,0.1122026898911249,0.21971078933515586,0.001260071667985625,0.001047706219243845,0.003027960689939736,0.00780660309756751,0.007633290565474125,0.02624444527382736,0.009806333751491841,0.0012544225249053885
spot_0674,0.2681720300684266,0.10558397248507675,0.17274247581611551,0.07655651109928735,0.11199846458345204,0.018872608709603892,0.016362058249727886,0.06574073542950418,0.007160005558846091,0.029699817881147363,0.04426536935004672,0.012934296246424075,0.01161849825896315,0.017501882706455776,0.030253041096669608,0.010538232460253013
spot_0675,0.009235484025033864,0.046525110338898265,0.2754291235060742,0.17173747391582692,0.021979693369836868,0.006820936477854313,0.12151970521601836,0.06310399040783644,0.0017844417274466015,0.0011291819757312525,0.13074376593144346,0.003091159873055415,0.011848946040324543,0.06172413838106839,0.07202594760932887,0.0013009012042222384
spot_0676,0.3070127424196909,0.10907612778614474,0.008640224373622905,0.04262204534302945,0.15323222045412435,0.00359563904186161,0.003939616685489462,0.002922721824873589,0.12300941816211337,0.04062297950912016,0.1347923995054573,0.025598339154956122,0.02637345199292535,0.002524703697894337,0.007671532240312869,0.008365837808383514
spot_0677,0.2612024946677885,0.0915432102231738,0.12117957297838285,0.1960824862840782,0.05597754930438428,0.0013565710020112208,0.006026105104125583,0.0016948807202175607,0.050936911580795614,0.054989876042801526,0.06964254616109883,0.01138824138954874,0.04044638258727083,0.0016040957454813883,0.0026145918945348376,0.03331448431430623
spot_0678,0.1840184866083107,0.29180346120525924,0.2552647508418223,0.05316825043463999,0.00687528974317185,0.054167378044065115,0.017445525399701893,0.013658092720171624,0.02673203074040278,0.003903025975696548,0.03268856556281775,0.006473146799974255,0.02532871469708548,0.015679877344388474,0.00429875920933281,0.008494644673159154
spot_0679,0.4614966668978783,0.021663508392430898,0.12895691051529737,0.031147897589326498,0.09397986720511202,0.07268101886299282,0.014812422028291958,0.003960235959289722,0.06119120868628176,0.027648650946512688,0.016812239157337493,0.02022173575252318,0.006925970436263269,0.0060935815619413535,0.01770633340028648,0.014701752608234185
spot_0680,0.3293522086904131,0.23299070596599425,0.13432013492442502,0.012845300623450708,0.034235492042906775,0.08416201908452516,0.009235452766780118,0.008191846999702213,0.024095186412836006,0.04171994037446085,0.003640752705535013,0.04355663801990503,0.030687680169730492,0.0052388618084757855,0.001661874186062733,0.004065905224796766
spot_0681,0.15490831425547283,0.22781130898809848,0.08666984647897659,0.25212970566114473,0.0031213927199080726,0.0018720042226501258,0.020387037228101024,0.003849825867801593,0.08666017094143413,0.023836893985713925,0.04926008504370724,0.008759071941848464,0.04427477455588289,0.002394809543562041,0.009759904722087927,0.02430485384360992
spot_0682,0.20833420187616994,0.24086148893056641,0.28889053397339787,0.014082064802225468,0.025563168933507917,0.008569088469889538,0.08131151309631157,0.05905596773777026,0.0007594649539768056,0.0009333743154884846,0.006699199676830548,0.025331704788277957,0.0076621495518889,0.01960279584945878,0.011622159244740162,0.0007211237994993788
spot_0683,0.4403936102797763,0.02368039495908465,0.012711576606001855,0.055315980925951316,0.05224707593470187,0.027674283449430695,0.05949506487166966,0.027367340280084213,0.006608922754157437,0.1407972014423119,0.02084736560477144,0.01930359520037886,0.04832333324788915,0.026588916641306182,0.032335543397774995,0.006309794404709448
spot_0684,0.267288492137184,0.030306428341755922,0.13665182168740994,0.06978967199675283,0.04543015911261695,0.037594257626007696,0.026538562972831616,0.03907876979134439,0.10715975284027318,0.05031251096399937,0.03286639433126772,0.09754281935074656,0.006675678589437791,0.018659484043500454,0.016538191077932224,0.01756700513693935
spot_0685,0.0019891181818854366,0.14011090367124052,0.14763421189327836,0.26708950561527783,0.0017067574545486211,0.042542158595772685,0.008634462109354297,0.004968882843363621,0.0360579576159374,0.16728219066632863,0.1432584051672911,0.002822720083908985,0.011614836234590942,0.009028413643649192,0.008880313220446663,0.006379163003125728
spot_0686,0.046401224933349736,0.3239514143820688,0.2749808896783343,0.060933720438636,0.004438066558274406,0.02180578252527624,0.024733022351808368,0.03293282233356011,0.0008741739488723293,0.0011628556057502514,0.05776584316951406,0.012546209360532024,0.020560966715702917,0.028098746192742614,0.08798577376499604,0.0008284880405817744
spot_0687,0.18197454695633317,0.12831015114189698,0.179654525641625,0.0071855005106442596,0.10619870784070477,0.16096709239001636,0.006163686325541126,0.019618514197145318,0.0014187690238848907,0.0015993926970471234,0.004625054036435867,0.1790134744540746,0.00778282400219199,0.010816939527305067,0.00264751650745622,0.002023304747697279
spot_0688,0.07233191347759269,0.2661829037893483,0.31960442686530016,0.05574436563418178,0.012529012881054792,0.06543508021418473,0.025701079237639958,0.04230117480232949,0.025330455230372292,0.01333869694699156,0.019043031958512032,0.002651634081815464,0.032009416877428316,0.021055779397687678,0.021894845669502644,0.0048461829360581295
spot_0689,0.4044195884011208,0.12145422948567655,0.05548031863599313,0.043662973926003816,0.1334249076634363,0.002888548834452273,0.004200269152747065,0.0014943549591194692,0.09913794411622046,0.011309354294119441,0.035287636338746334,0.027372673886669804,0.00629333948587908,0.0015882514507079733,0.005689963992568223,0.0462956453765393
spot_0690,0.37303113505814506,0.16057228004357366,0.13732530566472806,0.08369060951087828,0.014981572313472507,0.004693116951038051,0.0038219869696544295,0.0010762630370204339,0.018398227314597507,0.05964696231383183,0.08317728190149078,0.020480901736554407,0.005326556314778405,0.0013879468123698551,0.027439861060863994,0.0049499929970027905
spot_0691,0.22522936863694515,0.10188031681552827,0.18812954706240284,0.12918473249471435,0.0431849393866446,0.03969396858677023,0.08133447078287934,0.022251213260982547,0.0352362568868471,0.005209470066105953,0.06034597778981769,0.004825120994806748,0.028128105521587118,0.00782295891033719,0.013623679105789033,0.013919873697841822
spot_0692,0.24739808982449465,0.2826904768387004,0.032862909675142986,0.22916163437516424,0.012672936950367432,0.0010069888021083718,0.0022038537426418993,0.0009757101052618571,0.023878959885403235,0.07861212278941636,0.040620694817407384,0.0092873591680167,0.008962468688085305,0.0010982496896885985,0.001473628997447134,0.027093915650653423
spot_0693,0.2732614653994182,0.041134856330500694,0.004597936486794865,0.16727440745893832,0.12942625359126814,0.016494817387058623,0.0057347273476513454,0.033891099732321316,0.008395933643067977,0.0646561999606208,0.15196236704422125,0.019268172918324365,0.00887090425758032,0.03542710327338245,0.01746755000399234,0.022136205164858962
spot_0694,0.000811885174471678,0.11650194102424838,0.01638540239281655,0.2799815944640059,0.0008281508683748283,0.16274360467373636,0.05411582944828276,0.026394256316684597,0.05790654579489702,0.06906010369018543,0.016875650776579307,0.0007648324429125432,0.01225302687164068,0.048525162006153276,0.07367627788548096,0.06317573616952972
spot_0695,0.13547486169902662,0.32268402372417926,0.11761150839117895,0.1042053101670182,0.00822377596953329,0.007978116886833128,0.04973166077429798,0.06707709335376517,0.06124892362290237,0.01662629794908961,0.028909301289142916,0.008888617897730341,0.020420354265666938,0.004090724026491051,0.01249690201326795,0.034332527969876216
spot_0696,0.39298794508004037,0.003552577356586134,0.0024817296864148098,0.11954492468090369,0.0436960184287026,0.0032613360729242167,0.1274436010497874,0.051794245930186174,0.026006952563929743,0.00797328817537683,0.026274442342862275,0.01941966847369096,0.03034980262479017,0.013265012411559297,0.08705865288804632,0.044889802234199035
spot_0697,0.40550938051008234,0.0830352053776344,0.23823327712145745,0.032455013079079664,0.03690998735403366,0.003923456668252566,0.015491073431158936,0.007075957784277229,0.0007194041806688955,0.0005713565085173953,0.08250333084287521,0.007297656663976792,0.02539075503443472,0.003045944188695547,0.057244918524811624,0.0005932827300435757
spot_0698,0.42990844897070984,0.03412814030018069,0.27212787864156773,0.05995720733300227,0.016121932307889626,0.0016628937460679324,0.004176189973999692,0.0022338614513769477,0.0006605817409893594,0.0007042048577519337,0.10832529126767669,0.03227718480893631,0.018289855517225496,0.0020949006739749143,0.016667186500257985,0.000664241908392586
spot_0699,0.16010420214592058,0.20190469310415435,0.36764711275410134,0.005920687910820534,0.02643771738829175,0.0012701905087829392,0.0026916204963014696,0.0011111719001132218,0.03611208093644844,0.14410694550398123,0.0037550023959905046,0.024126058513336168,0.016695336066466546,0.0009408960931897667,0.0020570362766108483,0.005119248005490289
spot_0700,0.22167629968611893,0.12043033875353125,0.48197894397471314,0.006150985049815269,0.024299958584051738,0.0017809504600610647,0.009813800841487955,0.0020646728988689203,0.06139136896873677,0.008107657889709931,0.007955956355422247,0.024956028681340454,0.017800042506124755,0.0016061385322799285,0.003407174515470397,0.006579682302267261
spot_0701,0.059776236534062895,0.06153993210408155,0.2484098707497712,0.017707713560142665,0.027112485853596685,0.191579009611706,0.08144202262899586,0.012736766039688121,0.02138393437269031,0.04627868752109162,0.020185077503021207,0.018251295113154337,0.0189537769177854,0.021415878634959043,0.030133920428384028,0.12309339242686908
spot_0702,0.18608577245568478,0.26920079367467936,0.19094339439632468,0.14002859390339956,0.005408678283552306,0.07619454135813448,0.006638601229976508,0.004350982686940106,0.0010228116014083292,0.0008022141410729292,0.01468332759942077,0.004656948230539437,0.0731650259776262,0.02162189239113156,0.00430827544899906,0.0008881466211099295
spot_0703,0.13228785685519906,0.03542410763818662,0.21380032863389956,0.05589815296303381,0.009860619669770872,0.040598937329990495,0.11899468840904427,0.10948147921742754,0.032628303381340214,0.0578935359096703,0.06220926253190394,0.005030551154149945,0.025061082406796296,0.04824299567901337,0.007589753498554583,0.04499834472201912
spot_0704,0.2865102347469507,0.22844886654021243,0.01256133842885487,0.25102357389836266,0.0359381261075925,0.0018324358226493348,0.004964342763478047,0.002439719704068013,0.0030547250082165944,0.004703331368116846,0.03877635177420593,0.10243221512956209,0.014550889648991353,0.002139957427590076,0.003686754974034131,0.006937136657114456
spot_0705,0.00034950947663431016,0.24595814765923293,0.13674183289185166,0.2523164364465462,0.000388502527875505,0.004307759113766217,0.05758281500278589,0.07540449683307848,0.0004063970583443614,0.0004476838657775507,0.1369178894233407,0.00034466415436793587,0.04832486783488943,0.005549896051750902,0.03452403025704603,0.0004350714027118586
spot_0706,0.17894167676228753,0.09741289641387317,0.020986840068975,0.41354404542461537,0.012959942616781434,0.018477905524463822,0.028369572982618756,0.04553830138405977,0.0008916996390073094,0.001010493898056153,0.08164936060332081,0.008957136393564626,0.034034186016130376,0.04246938473120484,0.013891354015397704,0.0008652035256432924
spot_0707,0.26540174932569743,0.18216844028633294,0.27626402969680225,0.08105620171138193,0.010868365673236405,0.005256238546751065,0.03237103639656506,0.004269954627265156,0.0007365238027852478,0.0006625028336113038,0.08017746858443858,0.003399971425742753,0.01062086427250011,0.005938980337778948,0.040086246869450164,0.0007214256096606831
spot_0708,0.2120630364691088,0.17528127235733176,0.400625494977534,0.12426149064831792,0.0055021743893717105,0.0037326551149500825,0.009064178904523093,0.0034995067977028438,0.0013536694537760042,0.0017292091500463469,0.027932217131451404,0.005544954277204663,0.017070061362355577,0.003981843013131408,0.006984806953255319,0.001373428999939015
spot_0709,0.2592502076341296,0.02870031684842215,0.3331108375093798,0.004148775978228502,0.0037377614403787895,0.0030349003550940888,0.004487921722289483,0.0022957515025091306,0.02624632303876859,0.2718086792369176,0.002989989247695055,0.017403265371172403,0.003301307239291341,0.0030276515857944105,0.003051395872680252,0.03340491541724879
spot_0710,0.14775966879604563,0.2923495406556369,0.17051826403821985,0.07989935085346554,0.10811880714343115,0.017638239724665997,0.024249809754826133,0.030555315351708787,0.0008858782127348873,0.0006439573685869505,0.01779607274752675,0.0042965182528371245,0.030392389724142918,0.009036012121523954,0.0652424173401684,0.0006177579144790175
spot_0711,0.25356353617957206,0.12870290139625323,0.11231983086753393,0.04196668518286725,0.1008270618653849,0.19235405153724472,0.036522298366133285,0.026891777045403062,0.03065873916948875,0.003928836947384062,0.010800093699037278,0.017987786116009694,0.01908010097010871,0.017097293579363366,0.003417056593770543,0.0038819504844451454
spot_0712,0.20917901578632872,0.1558417011341032,0.008632301979639637,0.09565361358763701,0.14763704126005603,0.03786599368896761,0.004616772820931865,0.0033235622266593774,0.01261679818984679,0.050953726808658915,0.037456111464107836,0.12554570030711898,0.030255998037829378,0.00426751367231258,0.03932882593835483,0.03682532309744722
spot_0713,0.27808108368842605,0.016446507320071673,0.025592475777356617,0.12618671448538787,0.02062120396679835,0.06411435162808658,0.00684606685623505,0.006611741394752602,0.13712264669295363,0.046954677998266824,0.12052168874148834,0.015839257355353704,0.031111101131570933,0.015842300282488817,0.024782192721892624,0.06332598995887036
spot_0714,0.4481841385270983,0.13208721865687847,0.0247913373996285,0.12964016628741473,0.09028137500025847,0.0009235719369603374,0.0016744242175631098,0.0010097727171074996,0.06356063650126288,0.01736407826260715,0.008957345348947642,0.03093314455352025,0.04471264963025337,0.000867605734529037,0.0011646721394065007,0.0038478630865637414
spot_0715,0.3153837139177299,0.12517866958879112,0.17531468427437585,0.019562922648010014,0.030717677003625765,0.03292725039859615,0.0778821546198543,0.06018223503074272,0.001905017136771962,0.001961401845110033,0.009613710217329364,0.10219719019703724,0.01914065467380819,0.01876397170807139,0.008052301527043235,0.0012164452131027416
spot_0716,0.36167834976020896,0.2600400616560262,0.03836584557532528,0.005838669063090246,0.10591175273020402,0.07097485862688628,0.014189066841562075,0.0035567976486222436,0.03313233343896259,0.054557351424143884,0.00667801763717089,0.015430080067884112,0.004612507264543069,0.006315536093267382,0.005882059359649591,0.012836712812453159
spot_0717,0.423126692366394,0.018419618277118185,0.29044714916592146,0.04811035100962005,0.00860434472944033,0.007150627071144818,0.12837650498094952,0.004016342066357713,0.00137502973623897,0.003171023723350694,0.025445730434824676,0.015212124197637107,0.007840660793332494,0.0035737529603947498,0.01368440551626763,0.0014456429710076146
spot_0718,0.23165392280579833,0.10963086880152137,0.12176780974265992,0.10398635958028929,0.06686841079469977,0.023772012497296394,0.0940187294672506,0.025603570045820503,0.06580021820425622,0.020972158937844498,0.012461453466111003,0.050146353698416836,0.03181461395967004,0.021486072723622386,0.016307033252632788,0.003710412022110051
spot_0719,0.27939108076834696,0.09529291681662044,0.2079998634355368,0.041440021819873905,0.1263806853524016,0.0013643826938368382,0.006189684975107728,0.001211714111977848,0.01798618992031241,0.07857647332401127,0.03139519143999508,0.09232269345050628,0.010722270299638919,0.0010209507617291098,0.002513037394842258,0.006192843435262538
spot_0720,0.0011491688994925606,0.21389023503885488,0.11969105421091314,0.2129484752137527,0.0010801798336927658,0.07164701664196504,0.09098289485581491,0.0067864769236483545,0.009753918589762293,0.10996852440928279,0.11314904822230312,0.002344056859808151,0.012331945772320566,0.005432064102160729,0.015691589021857914,0.013153351404370048
spot_0721,0.3156876576463404,0.13835496871604006,0.2789993634603806,0.05289644990283514,0.15492614960700704,0.0016391365991295555,0.009129286640877397,0.002235636553368538,0.0020613443214420714,0.002145362837201383,0.008243732732120892,0.0050254594991142685,0.022587346916498156,0.001701518024505202,0.0021071820425433247,0.0022594045005959584
spot_0722,0.13473302036968302,0.21842747213646677,0.032326485302248735,0.17821222508078133,0.0385059156185273,0.012570710188238956,0.010168960903194246,0.0040332275823784175,0.08723678033936101,0.1332249823961748,0.014013347940026491,0.05495101570217905,0.024253999033121344,0.004828323247363725,0.004127246736929361,0.048386287423325444
spot_0723,0.4067683591180817,0.004646370765944805,0.07293612302935157,0.0067106770513208494,0.012884661383485268,0.04872445109023498,0.0660067705156433,0.11021068148937713,0.0009170961539544246,0.0015688414263362368,0.02883302908115726,0.032088180234699726,0.003855606851352422,0.06880231091050092,0.13377800809377535,0.001268832804784113
spot_0724,0.20929003746568886,0.17701430306906457,0.11497538447673432,0.16974632386409003,0.0712616537060227,0.04727076421677385,0.028242628456381574,0.0026602934311106318,0.061761506977839935,0.02023382552442348,0.012959800592105112,0.012553786892454026,0.00705014732914484,0.0029277683580253024,0.015638215840706397,0.046413559799434366
spot_0725,0.5515385490326733,0.12848516894535209,0.09217529046781857,0.016529721805422386,0.012270937344016858,0.07501527735629047,0.04558747545153386,0.015386519236443836,0.0006147575267738795,0.0006820740534552951,0.01126656158394443,0.01910365875782854,0.00898798536462474,0.015593948097587653,0.00611467603003456,0.0006473989461995388
spot_0726,0.30523934892407856,0.34174933333121416,0.0703596599661834,0.1190572935150969,0.00902467128946251,0.005315537641016579,0.007637118099462492,0.036374705181971057,0.000815926127509595,0.0006518322524563505,0.03778314849595908,0.012495307508803014,0.02862232254646046,0.011351765562840996,0.012801916303821142,0.0007201132536637312
spot_0727,0.33808695675260947,0.07295202527014392,0.22795758914295175,0.1758262792000058,0.006829391673288606,0.010523630597441457,0.02545165469060351,0.0030100441663248804,0.0028852411060687525,0.007832991725281844,0.06245181896190712,0.012565685286211471,0.016036119558934445,0.004902078570641779,0.022164803739650744,0.010523689557934477
spot_0728,0.06962509702730074,0.11820522779765474,0.3354983499178025,0.08983001959917557,0.02690938790977469,0.0021663988675262535,0.006403306166106593,0.0026113597458939214,0.058063804985155745,0.037080228104332834,0.1093949762430143,0.008705035834596805,0.05959296432814637,0.0019109958068861924,0.05905885445562879,0.014943993211004009
spot_0729,0.17683548140711666,0.27347740590187597,0.18540397700689676,0.08937141771413094,0.0137129558912546,0.07551306907762517,0.024435131741483672,0.09086184541019895,0.00035283074110684695,0.0003184233513800318,0.0039839629328957136,0.006026728401625628,0.010348483654905713,0.04507835372742023,0.003916553327710311,0.00036337971237279535
spot_0730,0.3901400065941974,0.14824619759309987,0.1829724257750429,0.08974387374942286,0.04319862167500948,0.0007775233810905159,0.0027394562061355304,0.00098757171589795,0.0011149548475434068,0.0011954340772388648,0.015347160806501843,0.10295284516522572,0.017989323262536182,0.0006716672173640254,0.0009823814657659675,0.000940556467927484
spot_0731,0.401482339067807,0.04301513631103381,0.27388562799398897,0.019423363531279627,0.04775355025044436,0.0036264810881396626,0.0472957651715944,0.05396605282758245,0.0004805235295783737,0.0005323878786121473,0.018364919616633602,0.009827221211193636,0.004967369886966613,0.0181731714620907,0.05668541424321291,0.0005206759298417489
spot_0732,0.0006877327744041595,0.20558601100520987,0.09558160742616545,0.13523177175410817,0.000625235473363621,0.012755645477124546,0.032695083005921145,0.10923755117275154,0.040067652636785335,0.20128125579726888,0.015315567252470571,0.0006002086030661538,0.01651111229661369,0.053102816870841583,0.0058055377012005485,0.07491521075270473
spot_0733,0.274752607817714,0.15878716393854977,0.12649691985974634,0.15089881160786492,0.013464461513157838,0.001387649898603372,0.0030113939386705586,0.0015679215866874006,0.03045171758057329,0.13558277386768666,0.015150431115880865,0.005066680848566816,0.04733517476210304,0.001672509233996855,0.001531039333166769,0.032842743097031536
spot_0734,0.3948742762300113,0.11826332212561312,0.15306616714259452,0.17406840789745293,0.006006447619557051,0.0011514952335230887,0.007690823157882598,0.0016642499871448615,0.0005733455674866528,0.0006214689223394153,0.10383492723950112,0.007984382521440573,0.023298221380740534,0.0012892677218105325,0.005100344575914825,0.0005128526769868757
spot_0735,0.14950856481996852,0.21655040526365818,0.05945717278101701,0.08335201068422579,0.08730361303196321,0.15634316029372114,0.011780976789323922,0.02551752586856764,0.011754734844836181,0.05542500835337226,0.044111475898720956,0.009988736680911285,0.02217964579039934,0.038409003945643706,0.022620610028903386,0.005697354924767461
spot_0736,0.5539729741265277,0.06478966124101633,0.12485564897346463,0.14190127265195182,0.009859482948000521,0.0014618424451815846,0.0032417656825576,0.0033794665052811384,0.0008053672103697771,0.0007772859286977419,0.012918725248493605,0.006245756994879931,0.06935914882581315,0.0015794658330068893,0.004044827690393372,0.0008073076943642211
spot_0737,0.01554024963077483,0.25292588562427487,0.04435133496427821,0.3171023779788148,0.05476886461083372,0.0009056315336070565,0.0019890224737196312,0.0011261443791523481,0.09990874381522574,0.11689531293188846,0.044888542829227454,0.009100152948003372,0.016682074715936093,0.000978005987387353,0.0012092844175175957,0.021628371159358496
spot_0738,0.4015537193373527,0.004886930151875385,0.003709531162542702,0.18176905999800966,0.07288799670168945,0.003281584809157731,0.005375108210410894,0.002750712107095226,0.0016587558499335832,0.002474969442071548,0.08896730908964033,0.18908046502207396,0.029641701623269515,0.002178184704598269,0.007635630886129407,0.0021483409041496543
spot_0739,0.2574728098963282,0.032071818731567,0.1803155588420925,0.20482530804469343,0.027191488113803456,0.004853061566392704,0.07905721282012093,0.01142956938337152,0.0015562054780586178,0.001700008307664789,0.05071765328945502,0.030439676023602837,0.02382959356528405,0.0059149539200942566,0.0876091089601105,0.0010159730573601692
spot_0740,0.06398386069807287,0.07433444773930509,0.0491719197652588,0.16536865468774167,0.008151435209547994,0.04957083659327885,0.08782731277369,0.09930519168691773,0.016971087992569495,0.06246162970880113,0.15998597975861767,0.005916781228575535,0.015288560935045058,0.022307258565004814,0.10253535222681669,0.016819690430756613
spot_0741,0.3344377241768876,0.2690573439365507,0.03925311266014866,0.21284000968782685,0.0459389741055087,0.0008940953929738646,0.0018601723725987333,0.0010485126451374133,0.0006126306482969047,0.0007166645940979622,0.07536052500893263,0.0033665466653526256,0.011504684363295077,0.0009586618771765666,0.0015351336596627187,0.0006152082055530232
spot_0742,0.07260024515952293,0.18965389501143473,0.07931769077522761,0.05429169772162653,0.13540519615167393,0.13591243822525437,0.014452771789623557,0.04141885293338152,0.01567521349316873,0.08514083007786177,0.020444722404358153,0.03933640233737489,0.04157526660031037,0.049816121745743305,0.00528394647896545,0.019674709094472165
spot_0743,0.3571300039545135,0.09653791780628036,0.12105530572387349,0.036629173092383525,0.12636664093128921,0.07867730444546173,0.007422288512466376,0.01475677240480417,0.0012634245799269005,0.001144913580622663,0.06378061670682365,0.050890707785824156,0.009530774724346942,0.011221238303243699,0.022393907729035656,0.0011990097191039422
spot_0744,0.10303035705201563,0.04776076008355333,0.2226986002565274,0.2906132090376673,0.06005746418211053,0.06944921300275718,0.022110894423217745,0.004054801248237954,0.003085087430724451,0.0031251323266520874,0.014002881342967415,0.05560959865267023,0.06496562345148481,0.010233661321405133,0.026496346327671692,0.0027063698603371476
spot_0745,0.4830748314829627,0.20421841077110583,0.06160699094037072,0.016394671344766267,0.05176763521886869,0.07174599823291453,0.003486869543967898,0.005336639591691104,0.03527966731217033,0.006968472233811801,0.009754605217455841,0.022145138134389748,0.005782730464488142,0.005286151944598442,0.003021378113364601,0.014129809453073346
spot_0746,0.14867007937569054,0.12734879960967613,0.39315466884538497,0.14659479887018884,0.003907036690500505,0.0016158526401790238,0.01593815151899296,0.002910608999608708,0.0015954974367315422,0.0017524883488848396,0.1292336554439327,0.0028788600408169596,0.01626512479617632,0.0016164159923462227,0.005103279068883857,0.0014146823220058866
spot_0747,0.19301742367932764,0.2909876666769622,0.08118197565181351,0.05915495478231938,0.026616716338018494,0.005759990956872896,0.016755849293738957,0.028670342006823755,0.0013015714624421244,0.0010766160506951673,0.1361092342391997,0.010781864227049534,0.013984293942050748,0.005049598021040633,0.12725563941719462,0.0022962632544506765
spot_0748,0.44748442365562247,0.028480563312104197,0.06492535745852328,0.10509467005970365,0.009248589276926858,0.09338625499313985,0.08276140403848714,0.04520417417128773,0.0016020840815558818,0.0013065705168747335,0.03905773992709206,0.007036704552939641,0.004970676967422612,0.03257148329542772,0.03551525914634332,0.0013540445465488864
spot_0749,0.3098530054062171,0.15217578136633664,0.03472572742965508,0.04316437384736424,0.09634046674471917,0.03739334875903946,0.06302303442901229,0.09934083405822634,0.004900261726452559,0.05211753207095584,0.01797766689181648,0.02582158731607626,0.010443606804621317,0.030975242502337127,0.010080271775036185,0.011667258872133943
spot_0750,0.2894510164832649,0.19339026916486335,0.258751235438776,0.11049749794412625,0.014886859409771561,0.03985943949303527,0.004753310217429104,0.0025069152966859087,0.001696652191498119,0.03616009303918221,0.01764246603264805,0.007868508796461957,0.015871936133124542,0.002071196568179451,0.0032179697414861674,0.0013746340494672283
spot_0751,0.23552443457497965,0.216423520582754,0.27109234263415055,0.07454774038895774,0.014118977939103942,0.008453869101073227,0.034227298430320977,0.015141544179444293,0.030485826903438033,0.0473656978764252,0.010487517285054251,0.0071258382803287695,0.018783201354592365,0.003488809660343397,0.008421986869412342,0.00431139393962126
spot_0752,0.12134486226464923,0.08001238800966345,0.16301507225335488,0.14433400028316243,0.01927232493645871,0.12006761439607716,0.008396826368158148,0.03904847525911724,0.07590702130976516,0.06333242318375332,0.051791348382419104,0.04167264695839129,0.014651920032273683,0.04735477785481836,0.003933958455869585,0.005864340052068236
spot_0753,0.1607320722959159,0.013740968401110209,0.03829142176247619,0.07467056065968397,0.17765852174578092,0.024367797386382825,0.038417279639851185,0.047523102688259905,0.028041955647030183,0.11774178658597283,0.007519900450203351,0.16524898749300082,0.04687786655752939,0.030591180912407805,0.006705250773876773,0.021871347000517755
spot_0754,0.19741276550110504,0.008839396214159771,0.17625964506713732,0.13069135616794683,0.16755278616445035,0.012034816009054584,0.04898443749695837,0.018115404382437448,0.052746512131388416,0.024152749368875723,0.07275405818611935,0.028610801514065864,0.0355168574876451,0.0061478915473123725,0.006556742613734106,0.013623780147609352
spot_0755,0.10199418887691027,0.07611258841711749,0.5477161697575272,0.05143512588432971,0.022763523932331203,0.0021169770155572334,0.07051377730282667,0.01653658804686852,0.027554351088807078,0.042578471358558787,0.006507474377817232,0.004753200263008857,0.014589245424074127,0.003709387722734532,0.0068491212471989546,0.004269809284332091
spot_0756,0.18730760030649654,0.12710276770700732,0.13833519905334102,0.13647984189640264,0.19289406317507007,0.002617154843237881,0.03340141290723315,0.0020255725416426333,0.017244286997223045,0.08697045994563404,0.003744710360312318,0.009640164664207243,0.022846052894706793,0.0016947351149660481,0.002024905683614518,0.03567107190890475
spot_0757,0.18711332030201025,0.15780052308788356,0.1706255821195941,0.06306177341684696,0.056721640107633836,0.01368139205797628,0.05653643567287076,0.08020702382452306,0.042609318080367754,0.019310973465243752,0.027747660594912595,0.011146663889064245,0.026062986872828063,0.0184729959210409,0.021561810267481944,0.04733990031972192
spot_0758,0.521623176453627,0.1511907441238498,0.04213803164448659,0.02005283392638122,0.027204255244078216,0.00494611013159362,0.06401815057775832,0.05506813385557328,0.001403420103381048,0.000974619068693314,0.0074344733421216344,0.0488811970808563,0.03235029710262752,0.016638517682043656,0.004391588971795449,0.0016844506911330207
spot_0759,0.12314658670893204,0.2795735881029366,0.04606535224748615,0.03940424110857108,0.07523415818464252,0.06965038963863374,0.013370815701536545,0.07172147190742155,0.11231042235038913,0.04164303659536954,0.01879464286322509,0.006566911548130566,0.016362900531205975,0.0168057433732851,0.005472160181986332,0.06387757895624807
spot_0760,0.5958775123312744,0.30340965543811466,0.039850561444234045,0.008988435148191065,0.01871676818034657,0.0014296371280558844,0.0019822955341623786,0.0012138795222594448,0.0013411608458052207,0.001429572428323154,0.0053492916508930234,0.011367063693536596,0.004282160414449005,0.0012778233349741886,0.0022706049423805775,0.0012135779629998437
spot_0761,0.2533272062530989,0.027015729727797394,0.14770788581349553,0.07199031073119036,0.18756001693099664,0.0033109160748794955,0.052738989254515645,0.01129572785586783,0.03864451282802405,0.033790967724859275,0.06482040431173511,0.016290823703316894,0.008975819333057664,0.0039079272826511415,0.010531825571861114,0.06809093660265293
spot_0762,0.4313005916721,0.014220735002431041,0.05258589158427571,0.15270614154277173,0.07944070923050538,0.00185065037360062,0.025738876676270346,0.0021481805235521348,0.01848693875546713,0.04697955910712306,0.0726364564274974,0.018386851408099033,0.0569232212241027,0.0015424276046911523,0.008982545136785194,0.01607022373072738
spot_0763,0.180953917383237,0.08437163870236432,0.28037705614735786,0.160471840565724,0.015932594450093256,0.013326493284056459,0.06481381599827706,0.01007695611532704,0.0019161576095381026,0.0021651857584894718,0.02502949139477257,0.019521045138729123,0.06788902563300438,0.04307077928641922,0.02712997902623918,0.0029540235063709726
spot_0764,0.3420782325827956,0.04730555875929528,0.17987306849155404,0.12624474260945306,0.010037834301607191,0.04515808948259299,0.009070973999014216,0.007149501517468739,0.048109798999412694,0.0035182592215977433,0.08514874696864887,0.032319706638863306,0.027501382530341113,0.009092406500089691,0.020534458422420323,0.006857238974845124
spot_0765,0.37857939609786745,0.08412262236282779,0.005676061388787234,0.013841377678200251,0.06752420006783721,0.12297694051367299,0.010863361688831097,0.143198481260704,0.000895535706311076,0.00105314226719788,0.008572520763101657,0.058204372012954315,0.021337641028181965,0.0780085091733397,0.004217341775855475,0.0009284962143299406
spot_0766,0.19836706222805636,0.04898155440804039,0.21868030026753263,0.013145989771675057,0.011495853110962824,0.13041504973902887,0.09065072011072754,0.05001741697529503,0.0077611619341246925,0.029983648940509665,0.04703773698718251,0.008323907031540602,0.014361778839445394,0.05199261920975514,0.0726216099757506,0.006163590470372717
spot_0767,0.27037363499765893,0.31055702099583576,0.01629080248071762,0.049648364020044106,0.1536444701489718,0.07387033402198634,0.0035345512851889856,0.0027512924475411927,0.007666265011508813,0.03047126853805355,0.006916958791333088,0.025601578035312572,0.023160931411412827,0.008224452810210474,0.005892486886229386,0.011395588117994519
spot_0768,0.1185236787666518,0.03263525707992515,0.12657012548745436,0.2364283780403322,0.06811236354386824,0.023321819111421782,0.1573687221326945,0.09017275110363386,0.0010438962852736494,0.0007894845174789373,0.03466798894984238,0.009665120739736782,0.02396988206040576,0.04918306266750437,0.026775247858915212,0.0007722216548610073
spot_0769,0.37916173398977704,0.09475004585715724,0.255118008260198,0.13390860319262618,0.011474843812134289,0.0010796446452004042,0.0033742913482831633,0.001377837689907737,0.0011182242145117878,0.0008791487181282862,0.08591119853654698,0.0048066886089928595,0.02045249778648867,0.0009733269976902637,0.004973379453650176,0.0006405268887069649
spot_0770,0.2652593005019217,0.03249592663858513,0.22505560688599105,0.17303745238419888,0.10633719854259895,0.002309810975741924,0.006631897966462898,0.002092110932470913,0.0008214315715861322,0.0008200938926327048,0.05524087864950765,0.08528942098152839,0.039854705021162486,0.0019945945648689786,0.002146208986811378,0.000613361503930815
spot_0771,0.2620795721252704,0.04532622571813502,0.15417509050860864,0.2757157064056692,0.014198524467365468,0.005108018542750802,0.07824289382415944,0.07355298328348595,0.0011944501811612617,0.0014311196579434588,0.042414768367086575,0.007485255886576172,0.01393933656818536,0.012729926923868833,0.011406197276188938,0.0009999302635444298
spot_0772,0.4071657613604509,0.041637490026747166,0.07265109455342257,0.04252255396214239,0.02084323761298262,0.054094760401041234,0.07599657983320428,0.0093918987069496,0.05851552441128979,0.015834070953704187,0.0200788615365284,0.12275584101520362,0.007971444766767683,0.011950556524272921,0.018782197039596195,0.019808127295696438
spot_0773,0.21898455664887992,0.14852750837566436,0.06214189968823935,0.0958598437057921,0.1585755815057068,0.002818145390663434,0.02981791478162387,0.056226510065227525,0.08892252438409765,0.011741594445897532,0.007979005874186977,0.02276319005511061,0.04278196386651684,0.020591571216472572,0.008785865045280608,0.023482324950639816
spot_0774,0.30571880536615564,0.13994214606166797,0.07861495765712619,0.14547564727709517,0.03136401610045628,0.003168675795491574,0.03763190328629064,0.00472624996038862,0.07360954723604991,0.01526953852760938,0.0646739268587463,0.07218094717884664,0.007701845324935669,0.0037540688003066362,0.01110769764740233,0.00506002692143103
spot_0775,0.08116632852331597,0.12670796352677896,0.0219788756690308,0.27947516486181573,0.0653338147581858,0.005352073708414235,0.07003833377077616,0.0315497392611405,0.05112818865910794,0.06055989995103511,0.06221618487227686,0.007878482495957963,0.07859354225106871,0.026879500333789517,0.012209357771303976,0.018932549586001764
spot_0776,0.0014482925591007727,0.6130447702826624,0.02113516992094407,0.1348103232784334,0.0014013811219071959,0.05854912426443861,0.012708003992040869,0.019072563540562314,0.0015841735959615784,0.0013451239946686525,0.06391990318044691,0.0014375406539807844,0.037598677983594064,0.020933736501872663,0.009210613838212861,0.001800601291172901
spot_0777,0.001274954846437817,0.15187928012324153,0.2492837460279984,0.10690843939750236,0.0014483424064970004,0.15671620372141304,0.042783784038354235,0.044159388142201425,0.04349898763027183,0.07202138749797138,0.008107453905621058,0.004489109382473465,0.03328805698499647,0.03303065237538701,0.018898195278439042,0.032212018241193935
spot_0778,0.23839644677492242,0.19497563822812738,0.1743310825496606,0.01057312397677281,0.04663082047499435,0.07273237376568473,0.004794253208329499,0.003168757548717869,0.012430433795002806,0.13448816826718596,0.01643037478859068,0.07341890494891971,0.005649428979468269,0.002613000042997084,0.005923110825158176,0.0034440818254676438
spot_0779,0.3048927494983559,0.08536276235650134,0.15415935311428125,0.022617360313590774,0.10843807174789086,0.05903548042125174,0.005427063257596406,0.02457197623930534,0.08202266025280644,0.01618904158073799,0.022984881684626233,0.009237210513133117,0.007336440777077528,0.026157560123975528,0.041449053011304755,0.030118335107564814
spot_0780,0.2705179534981999,0.14021209538207619,0.23568144600142335,0.004072924908882505,0.013419022276680516,0.0016403169629743057,0.003547062081298249,0.001678836430054615,0.09005199514568332,0.06652401846865581,0.04468082836429552,0.06986525974519367,0.003140748343167013,0.0015080601728559525,0.030343901409845282,0.02311553080871379
spot_0781,0.26182181681167016,0.1369925171717766,0.14131335717496152,0.09331919430291052,0.03062021099739379,0.008838347130917003,0.04846231909485943,0.13744600903902374,0.0007523934200515035,0.0006993713167153128,0.03271318399786468,0.004216379353147773,0.01090548514116308,0.05010772255455903,0.04081059720837437,0.0009810952846114969
spot_0782,0.15981929549603557,0.30171647911853855,0.14620177715390462,0.02025638859447262,0.06715054686548741,0.010786195382408935,0.04914849910711884,0.015581004325078151,0.017266412195327683,0.09153495078951546,0.010663911512413997,0.005458850303714607,0.004719706012465388,0.0122027685130027,0.06046882116512917,0.027024393465386314
spot_0783,0.27190968854841996,0.038876231538121454,0.14134547381148216,0.01424769343229001,0.01030851644980449,0.043662652687429956,0.02100692064741816,0.12435811081012273,0.04370108583398726,0.12231281961923125,0.016448747051854777,0.020547816369478195,0.006946051719256443,0.04418973584021589,0.005549290251791987,0.07458916538909525
spot_0784,0.24222291227780812,0.01023776224326575,0.00416708297468668,0.22517525359127435,0.04321859995011101,0.05270114075624055,0.04752470563317937,0.07531985796785189,0.0264593502642797,0.07704264642698608,0.037288071585056516,0.005110764417377739,0.01981165356886346,0.016785051948614682,0.043820245377611006,0.07311490101679309
spot_0785,0.19280194268309608,0.15780711128241845,0.030291492619734642,0.015430924703763612,0.10126999458050473,0.09289440501969069,0.11029757053140153,0.10283630666411313,0.01598121650999282,0.030964585408592864,0.009944815424224105,0.020643905262847772,0.03248931804108833,0.02869274341510014,0.02820809693733854,0.029445570916092557
spot_0786,0.3936897115628148,0.023641600388025978,0.1129434514712314,0.25221892149463193,0.04141514765188405,0.003144275602998023,0.04974093013208502,0.0033134005480452097,0.0006742738210951835,0.0006652451356945647,0.033861700553358895,0.004992325841368061,0.015878744061744377,0.002972707679832165,0.06010689736401399,0.000740666691176358
spot_0787,0.5342385227594014,0.04405955908446263,0.007576997358985973,0.014307708124228666,0.1251954994922996,0.0012861181269594939,0.0029910519011453317,0.0016190252381456127,0.001995197345711357,0.0030622145360621827,0.004085466431567317,0.23284420664520356,0.02107158256552788,0.0014747255777681782,0.0016503970760036683,0.0025417277365270825
spot_0788,0.3642317978628921,0.10479195191692486,0.20155170142917583,0.04656033615069881,0.04476604398569708,0.010643359504566753,0.032157392554620336,0.010965209040362951,0.000631188919382279,0.0009304561752942854,0.059220196673701334,0.09079071539160377,0.007387734716317123,0.013259628342656716,0.011310555976731097,0.0008017313593746705
spot_0789,0.480509844195456,0.011657414291424039,0.07346239823690343,0.06166951685607585,0.023035613323689752,0.01972744309328532,0.029506312029184915,0.07944512327348288,0.001362660632876221,0.0010727126612694675,0.022716749841433372,0.05523716460073637,0.08048221097680257,0.031792227464136166,0.026984219323359978,0.0013383891998836927
spot_0790,0.3564643555947529,0.09044122685181447,0.031141147373650247,0.010290215986594041,0.1716203836019295,0.008818678965753403,0.008918606876650343,0.06752452249449306,0.03408805090317757,0.04586459490516047,0.004034384754150792,0.12756750008839096,0.019669305099989026,0.0085429341189533,0.0028723906261514925,0.012141701758388388
spot_0791,0.5927650343927696,0.006638264320777413,0.05133680768806759,0.011511494457216371,0.01211484184461506,0.032583024484086454,0.006683783752928861,0.03682443988830896,0.0014099609096344028,0.0013809574469742204,0.11692385549959793,0.0246158061470499,0.004744015193956862,0.029724785762612005,0.06967792697403655,0.0010650012373678145
spot_0792,0.43525288695572384,0.115759287530385,0.11887365392197535,0.012566718238653109,0.02996931661165082,0.0011949035647404,0.002191841056401758,0.0015124142566969485,0.008782191719032518,0.060488837210152725,0.006907372665457637,0.12663648125851065,0.01401717705037841,0.0015648294664246918,0.0011746389825813268,0.0631074495112348
spot_0793,0.34280183625271077,0.14414896952096565,0.19984618356184422,0.10448212054967351,0.02865874945323578,0.0033613365622074485,0.01693745999625241,0.007803015372954918,0.04165428716890175,0.024478281996492133,0.014064722473110565,0.0041909235789312155,0.00818222693368774,0.014363541411986449,0.0316068279017714,0.013419517265274046
spot_0794,0.216953928662228,0.10495110687432474,0.007763816745583736,0.014724750667613676,0.08083162041772196,0.21823503345180528,0.03854520088640939,0.024812525891403,0.058389265120630536,0.013658513019937818,0.016991031935542546,0.08565601927334957,0.007973297709755276,0.06504067372045577,0.04208304164888579,0.003390173974352897
spot_0795,0.1447459979637906,0.009658341091123119,0.051414440314371646,0.1035244069624212,0.22322386911327563,0.0028392028250146775,0.027806685662547338,0.004907582148659825,0.0008967273653305668,0.0008065193250613629,0.1890820361834379,0.031635137351414676,0.034519196078203244,0.0033388424812651075,0.17066203146232353,0.000938983671759592
spot_0796,0.19552621350681168,0.18904026983937874,0.15068018656020618,0.17272500614157252,0.013045203727772486,0.00390709572214637,0.04100384340142002,0.006435295340696015,0.004245261203592898,0.0018887100774947888,0.06034326041436856,0.04781025050330869,0.09251211112526267,0.012630813206340987,0.005412801682282753,0.00279367754734464
spot_0797,0.3126871999828432,0.10463195468378339,0.09281337947238334,0.11890596591143208,0.10190987892959306,0.07046431338733807,0.043180093632510054,0.04391747057241545,0.0007440943404620966,0.0006599630436251366,0.06134234757434539,0.0093887523677682,0.014158231302736843,0.018818224766300764,0.005848516044635027,0.0005296139878278777
spot_0798,0.3295997703420123,0.07499064420857114,0.008519921534219157,0.20650083133438632,0.06965083064865743,0.01121071711559879,0.025330383880241544,0.053981546019808646,0.054944960343876734,0.0069719632886270705,0.022464236379157735,0.029516513891750324,0.01377441793570941,0.04933860131957883,0.024802286856450053,0.0184023749013545
spot_0799,0.1534484686222801,0.013015979958234466,0.17740892573488345,0.008257973213547352,0.0297699796730494,0.19478452148117198,0.06304620028947357,0.03199198976026286,0.13180734166299884,0.0913689454428915,0.0030904277748915326,0.05281814346125624,0.004038049282094696,0.014688608672181028,0.01922924799395972,0.011235196976823252
spot_0800,0.31593748140789557,0.021039769523181203,0.1714243896489162,0.1360787984801967,0.14136011557641906,0.0013180499365898779,0.008526424921434596,0.0029962859260458797,0.017130969565531715,0.013485871000233275,0.0815612670371162,0.03407291440794048,0.025144948827587263,0.001494795758040052,0.01847074228532687,0.009957175697545067
spot_0801,0.30769649039681396,0.14403117121765005,0.2431148622716366,0.00930028931614219,0.005814841764822263,0.0008751373876002155,0.0023417287449490174,0.0011737015777339664,0.08654479722877959,0.1483875443167964,0.0026891408359322796,0.025834180842868086,0.005329509408969398,0.0009163732951453187,0.0009802984563463345,0.014969932937814356
spot_0802,0.11386602227440784,0.2233774501361138,0.13391090760918564,0.17039574025540755,0.016452541299820357,0.007943426451249548,0.020929541636170338,0.059750835868872844,0.07630876341743238,0.05165140341825488,0.01835095546168517,0.005783782572693225,0.05559737627994945,0.010950018244480912,0.01627003828688874,0.01846119678738734
spot_0803,0.06496279637402659,0.09291056509104015,0.3250500832195892,0.13285515210058957,0.05596019662383857,0.01090816606880562,0.0953728320132559,0.03701498373690042,0.0014946113147681777,0.0016467040570434751,0.020820608284185704,0.09832834815235562,0.008234259652863405,0.043389237050979836,0.007905454474678282,0.00314600178507945
spot_0804,0.5574913980057707,0.008720715817736983,0.03720666516207298,0.07401333024692536,0.06651091047018863,0.0107093746051901,0.029262964010371095,0.056322939535569605,0.0009593931787270246,0.0009915983564698287,0.048352230681217634,0.037428663507857535,0.024190354085099553,0.03133967512102322,0.015754918490931396,0.0007448687248483711
spot_0805,0.027846017925092427,0.007065886699685843,0.2643227155383452,0.03340449529491563,0.0327833973563207,0.002871483248527111,0.07990575498636387,0.012163191148774961,0.07302991315549322,0.17095358071660371,0.015797306402595315,0.07524504070013659,0.1101944222619532,0.005115998312407331,0.005801101942307368,0.08349969431047755
spot_0806,0.39521065925741994,0.07781886249161869,0.12364639854872898,0.061671130886546625,0.011120896092670767,0.007903251646154399,0.0861705951830117,0.011810529142753214,0.10188374309036458,0.024069114155490342,0.03885214358081982,0.006821103594025412,0.02382442428008915,0.01545302071300329,0.004232007068593804,0.009512120268709281
spot_0807,0.00027584758966691904,0.20380729213543133,0.15477727099225988,0.16417284848731042,0.0002517442865910717,0.008031188640434148,0.12435682522922109,0.15219579406827155,0.00024622534121989786,0.00026547315665383407,0.08798204740978989,0.00023646765142025744,0.023159979670816545,0.027976098423340916,0.05202691734207858,0.0002379795754936475
spot_0808,0.3468941286781714,0.2472120503524108,0.007343274586476386,0.14313911089839335,0.012473453829324558,0.08942119809552201,0.025744800067979724,0.00613736710371083,0.001199611144165383,0.0010158933718261369,0.034024937449344844,0.01818861237528202,0.023409544676906504,0.029472668887444813,0.013505898191570935,0.0008174502914703567
spot_0809,0.20289193626284832,0.047448835131039,0.25872000794276306,0.0504780483920463,0.11838444134513551,0.055513522866164594,0.03774938195784217,0.04600799094884834,0.011804197832689453,0.004893480335023604,0.08310757834125365,0.0040637805197594,0.00847750980166957,0.0521658222968064,0.010418306562884746,0.007875159463225869
spot_0810,0.0556667880197793,0.2730647492404188,0.1293613720372121,0.18326338464248512,0.2773650323901779,0.001785740280245976,0.019582480947062886,0.0034253375195551156,0.0009401895015013828,0.0010875823453440029,0.02098935174012253,0.010090145593978764,0.017032875750032796,0.0020520271501408252,0.0024106534446765968,0.0018822893972658922
spot_0811,0.3671929975236157,0.08617702844270031,0.08553797560410202,0.010654803959962225,0.07321214015997143,0.03379797881927196,0.07055862112559656,0.1664087548586704,0.0019600264560185455,0.0018164235542020809,0.008254441181209457,0.026311086849559052,0.008830759405015685,0.0470848494703932,0.009792008577268247,0.0024101040124431005
spot_0812,0.11232263803405547,0.2800785494414854,0.2373574961068019,0.025830084188172644,0.1202282091523598,0.0171076602475318,0.08340359471747574,0.03826432609626502,0.0012631939138847772,0.001314520173666017,0.006250026680001594,0.0037202695940307044,0.010061762629932948,0.008674163907490063,0.05317653623419103,0.0009469688826551051
spot_0813,0.2669678902139784,0.05951907417987469,0.32437496347743183,0.01223541914481182,0.03886689008101133,0.0056228914618973586,0.01026976826754805,0.006153195186515084,0.0938949497648973,0.007691360391940153,0.012503575521702026,0.09889847656237503,0.007748698519370476,0.00419464349207629,0.009043968342423808,0.04201423539214641
spot_0814,0.34620709094388025,0.0894482137626374,0.1770517809251512,0.18554947158609653,0.006386808040970111,0.0016698680924939885,0.005262466821106302,0.0018515440559163496,0.017170563146419408,0.042982125751415044,0.08474965958090878,0.00963458773137296,0.015737653938906634,0.001736944923017437,0.002318855231749136,0.01224236546795849
spot_0815,0.23816315010301542,0.26026920601838666,0.02158994668947357,0.14677252762226084,0.02967073378421488,0.06561498635621009,0.0161554044411419,0.0532268113718049,0.001513988476723264,0.0019323754632260119,0.0748763787332223,0.04754045843070307,0.028164721814376476,0.007106887936278022,0.006549196629432228,0.0008532261295303271
spot_0816,0.20836162809987968,0.04061030376716519,0.20478879109459588,0.1316465522311714,0.0146073951140872,0.018609719766636165,0.04319094700527721,0.03153115834331973,0.018027176018011536,0.1156542236199499,0.05660809511353109,0.0030134436637316514,0.02644439043350496,0.048077476888579794,0.025483962593680725,0.01334473624687789
spot_0817,0.14149534777642078,0.24641446289043967,0.1709052468860107,0.012910831461934178,0.12836331195394612,0.025038390729479956,0.01523001604741235,0.09300488040004844,0.0011957733428898994,0.0009577160995058782,0.011568910862229272,0.07532794034343178,0.014381416310037662,0.05856209043566065,0.0038018694319043563,0.0008417950286483323
spot_0818,0.2511970148377147,0.27988037126571585,0.08337458778172994,0.028452981986905063,0.022670317128769185,0.03700854942404836,0.01602004947487802,0.04538137652543838,0.023088961816448667,0.1252898632997239,0.009605027427006621,0.01974094406762665,0.013145935530717108,0.023544294096550053,0.0033579325412359824,0.018241792795491478
spot_0819,0.14312898094087273,0.14072145362818764,0.10376836546444447,0.200923056027768,0.039506082916061634,0.0010898584985465014,0.0156778925072843,0.001258939241920094,0.0938550269066465,0.12630802961920098,0.01087027300313654,0.06135865819298563,0.017354854153879294,0.0015091414329106287,0.00218375323368612,0.04048563423246893
spot_0820,0.36560734813678714,0.04079217389610747,0.13337528423947187,0.20491809960300839,0.03379199609585529,0.01313385966177026,0.051074638537535286,0.007546479563304086,0.007580037756139023,0.0356706869747516,0.007820528453132157,0.026810760939040657,0.02580563863798102,0.0039037121806686594,0.008547791769099245,0.03362096355534788
spot_0821,0.0010226703873169657,0.08451831677993932,0.15152205358541726,0.2331177737014331,0.0010405151032944677,0.179940932993255,0.012486946305878018,0.044887370343992566,0.0008318486613953865,0.0009921590346875832,0.16849344763508367,0.0008906482768940225,0.07295252898561148,0.02971764232029401,0.016741116905813227,0.0008440289796939071
spot_0822,0.2566977576265248,0.10597544340755541,0.07613282828062362,0.23453953168585367,0.061115409503713705,0.09379652420632917,0.038588431827302636,0.06799897924197086,0.0009591037515964024,0.0010374784960478208,0.025175814776504508,0.006399874819066627,0.006379351819679133,0.019812472458994073,0.004301744101919863,0.0010892539963177092
spot_0823,0.1471763075492667,0.17212477428170928,0.11444802274860537,0.15231541756571132,0.045216385219895974,0.034492188580620066,0.04669225609704431,0.0332903348259382,0.09626092709657211,0.021537537607601517,0.03955139660927265,0.03993162629253663,0.005019121881745826,0.031531605812783206,0.00642058482951636,0.013991513001180495
spot_0824,0.22314379302003395,0.2391119545351365,0.021854639890902576,0.20690408888186898,0.017877327298879985,0.022712558854553352,0.02179753271953053,0.03347910676259602,0.001372338955837052,0.0008948773744655514,0.06372748111285102,0.035708047212748464,0.049455640020938704,0.04489127918841869,0.015944920475642967,0.0011244136955956409
spot_0825,0.09086275654128009,0.4052087615738501,0.08961856714878993,0.011157165442974676,0.14267183125243244,0.025495507407700558,0.017030536931975836,0.025624011693179512,0.04743843469141997,0.023565091254985054,0.008108219817639232,0.029002999625359693,0.007229239964716541,0.018160708207077034,0.0036175873453071676,0.055208581101312174
spot_0826,0.2262100534717092,0.14548609927698183,0.35547831150145665,0.01481642424539931,0.048194439107499064,0.0929239469805701,0.014768904655345704,0.008431206754659526,0.0013020637969255577,0.005568779211874559,0.04215333937824411,0.011089026060378496,0.0060014258071674955,0.014264664202206942,0.011278231307386229,0.002033084242195213
spot_0827,0.0011675049062202251,0.03867490047488303,0.6097113452866968,0.09210680805050123,0.001227638132985751,0.004979332583694923,0.11427225323083645,0.010256814885115689,0.001774055776045255,0.0016302829241018376,0.03829639331659428,0.0012327686435488435,0.04170129774167858,0.01776965398140866,0.022909954962582357,0.002288995103106141
spot_0828,0.15600895423741354,0.1149782035826689,0.09364603804919115,0.21796106973038565,0.043564287643407695,0.037310114549922155,0.013921905158065361,0.03246414072299229,0.04280275837412642,0.05870873985564784,0.057645654234558905,0.006925948815426579,0.04451739568075935,0.008272160370493123,0.012415137244742159,0.05885749175019887
spot_0829,0.4184980347678508,0.08234449632252425,0.26390630197990356,0.018640111878631457,0.04787135406654794,0.007355907362405148,0.011814945796745106,0.010191973421632956,0.06292989946934763,0.0074699543488717934,0.03161736007576494,0.006206322140400463,0.007436669321622033,0.006810260843942414,0.00947716813871752,0.007429240065091981
spot_0830,0.3016110839600377,0.05813539659466573,0.12792717285018398,0.024805379875474962,0.009796413924808145,0.019586711174307988,0.06704920374281942,0.15620311078574176,0.021151585903773168,0.08514964503058721,0.007239034634530535,0.047843637582454863,0.0066932870548411525,0.0474288774155609,0.007282054365490773,0.012097405104721718
spot_0831,0.2488166474389133,0.08333118186028816,0.12184238642085501,0.06857980788968919,0.0720071709162295,0.057301311526951205,0.06828985298503261,0.0869116816089529,0.03909711771360129,0.024474136133665447,0.013231620250769049,0.01007660649878754,0.020813657333055097,0.02544498368610805,0.011672223351719458,0.048109614385382166
spot_0832,0.0009906980312115168,0.22761478867059343,0.30931488760811665,0.01506925263920263,0.0021896655218769656,0.042537172659537624,0.028732642072732257,0.07523012921642105,0.13448754782377612,0.010171200779289461,0.006785852160502457,0.0010429126494450425,0.04653079695709715,0.08338310802887798,0.004524504411480549,0.011394840769839138
spot_0833,0.3089579178223933,0.011596214105122885,0.007096908106072289,0.18112902414508217,0.04309317409881051,0.0022297538361847943,0.0026057657390923025,0.0016669324736262486,0.10421498274007605,0.015092973701907516,0.17678726218402724,0.08677316363555415,0.04303277480110796,0.0017669030547470582,0.003423203369462298,0.010533046186733258
spot_0834,0.11922529127151252,0.04689588956880797,0.11745756027080098,0.2073322562650568,0.08003948228667009,0.0012344375435252406,0.004674718420978576,0.0014845095820554984,0.06530500983839142,0.126231022479717,0.14811479368649816,0.023730286026792828,0.004948432557082705,0.001131807382093163,0.004086062814980837,0.048108440005036224
spot_0835,0.2930877383214633,0.005532144687299389,0.007795238613231925,0.10324108022952447,0.016686128878866786,0.003982019907394301,0.11931400424951467,0.04751540043465431,0.01374458116637187,0.06690921895651969,0.1899762703587276,0.017700351572180344,0.017813435767608108,0.013729760130781156,0.055703752184232264,0.027268874541629826
spot_0836,0.24105075836526627,0.027455335972069988,0.2677714567071665,0.11489801885497553,0.07241875645115647,0.0032615432584126047,0.06235912225066107,0.061768595988751736,0.0005418693096438182,0.0006886635653162071,0.012439988922805862,0.0190025971213632,0.015641048925792548,0.00584744696736121,0.09436182673003145,0.0004929706092255254
spot_0837,0.3918404305997707,0.12649280468542584,0.174279477655235,0.009950130700196838,0.04717164965566099,0.018297185174109307,0.0559988398390465,0.030356268450606114,0.0008198798777081572,0.0009472684722421002,0.00609590848496299,0.04022426256224085,0.01231523927315063,0.019599179588734802,0.06478467956481143,0.0008267954160977841
spot_0838,0.2590178551045477,0.09796386090571611,0.4553387457779385,0.015043404774977181,0.014665440586894427,0.001046293606735818,0.0026765259216408634,0.002463659381183439,0.051926723458939325,0.025889885931130188,0.020439413555371863,0.027941522433509818,0.009396687570631728,0.0017325096732051196,0.0015675007978663332,0.012889970519711611
spot_0839,0.3047813672340611,0.02301113284126113,0.012387427161531538,0.49169393237920006,0.009754309348651126,0.0011935293163911035,0.003490472759894773,0.0022511932478678017,0.001059373694029631,0.0009993147390755816,0.12192533709482166,0.0076340175553562565,0.009170472796444626,0.001441387359344295,0.008060234870523384,0.0011464976015459604
spot_0840,0.06559740850062887,0.3245351281802835,0.3926509346640261,0.010296019459260598,0.004060629207783122,0.07247531331643833,0.026319523704791042,0.05219812583838843,0.00047227822080872717,0.0005473260566648047,0.010188764620718051,0.0034455105004075875,0.016840955392277018,0.012100605884211243,0.007809101450935764,0.0004623750023767734
spot_0841,0.2091822848333449,0.2532292714883045,0.062416279057764326,0.12713220237386832,0.03359144300547281,0.12339284879350108,0.012563451917614184,0.007392055129480093,0.006977505992600516,0.004224784954685751,0.06163058844879664,0.014441027893309272,0.006172813396309615,0.014344640312612263,0.03139924607826436,0.031909556324071386
spot_0842,0.209396959868463,0.24671598071956213,0.1118127808443558,0.015466582604697545,0.1572155041025001,0.04933724998863483,0.0027487250981673645,0.002150214701555215,0.019096597797590112,0.030970873139159073,0.10375393382833643,0.012978832667470484,0.012894088818097707,0.0025254692098926907,0.005370490129379984,0.017565716482137558
spot_0843,0.14837943272867254,0.024057684617817737,0.17721721303070628,0.19406518257039454,0.09976131214551251,0.1266152942676697,0.07231181094894072,0.004012706198854407,0.00391375023823942,0.004344151392406528,0.025062236644955643,0.035338117655555584,0.01641635660729075,0.010607743333949851,0.05524691451301545,0.002650093106018348
spot_0844,0.24635655755806216,0.019521756789417116,0.04144859267591445,0.12113930366887395,0.03060589457028384,0.059495630853085756,0.03277218434740785,0.08361830679488369,0.09322791527459602,0.03147114978758401,0.02738805858794333,0.034753094196242985,0.013608451806691658,0.044089263510297336,0.029670585375200245,0.09083325420351561
spot_0845,0.10288223396374278,0.012949156634631422,0.015793727389742877,0.22060460097143017,0.11665046929081656,0.035841411271730926,0.1210193222945119,0.04970647241677071,0.03955015552450724,0.028205414027013282,0.088999134896614,0.008260252723850834,0.02487646020375929,0.009562835118665462,0.10049350512253433,0.024604848149678213
spot_0846,0.22573392270433204,0.311634004121024,0.14745613494020685,0.007948657977416805,0.0070440403026986575,0.06598133367776665,0.003263847961183074,0.003207652854955262,0.12912530631275693,0.013682726682598048,0.02652285675053134,0.019819337215131797,0.009185928844984132,0.004830202626882503,0.004109368171862308,0.0204546788556696
spot_0847,0.2831596287609245,0.1351876255916265,0.01008231408655278,0.037657243950128955,0.03150455619872065,0.22255627067682296,0.008504841029578753,0.003111412600263493,0.09406895219819023,0.054556270217493326,0.03696033589289399,0.04188371097306718,0.022535952448817426,0.005746825172978144,0.0035095469574593684,0.008974513244481792
spot_0848,0.24785366246760349,0.19889625664367697,0.17403962736806408,0.11395655245711536,0.10812752194927178,0.0013190490391740734,0.0046264282104259815,0.0016474671825271977,0.001436529281362546,0.0015785900632434297,0.08676649094757939,0.030557500379760738,0.019685562285011424,0.0013243260131568788,0.007126764642338886,0.0010576710696877855
spot_0849,0.04391131268123008,0.07235454784872192,0.2993117270075564,0.22584460448028348,0.009233025449289788,0.0034505007349432994,0.015841126939107168,0.001974753051432589,0.002438620043644626,0.0484068574226918,0.1766174872940213,0.010982573532624664,0.06822356200843924,0.001832939422735245,0.006559559720111793,0.013016802363166585
spot_0850,0.03292707431698615,0.06838853422392367,0.028649000125271933,0.22643443201499172,0.1572319016753321,0.1189935507314386,0.04622028344549044,0.09113136681386264,0.00933713619808946,0.02699841895871242,0.03566039324095584,0.015115053808616453,0.01491186293098708,0.08742179326025212,0.010900977587263662,0.029678220667825723
spot_0851,0.15697575346342466,0.4327105729870542,0.17330893205016296,0.13339240284403017,0.0037070068634642377,0.007176598056467745,0.011608222761610804,0.044532969847131405,0.0004536459880175829,0.00044705033245492464,0.014728219469512078,0.0018368343439149999,0.006559982663052167,0.008541868500660126,0.0035721387109411192,0.00044780111810080144
spot_0852,0.4221554886787109,0.021055282008965486,0.2566101080499474,0.018486573652805982,0.02906574027636041,0.0026354825122667336,0.07738777383588637,0.008538212503116085,0.0087237490894202,0.08617480411552211,0.010385939788721384,0.02348672014432954,0.00996790395202969,0.0059372423063221,0.012573539651058145,0.0068154394345375045
spot_0853,0.1585859455616485,0.22577951194060772,0.31518337489047304,0.06488495335717084,0.005413696827188557,0.006764875157203395,0.007743382987079194,0.004895270299713776,0.0014469734513266803,0.000953183884339673,0.1053577209251666,0.005349885103980567,0.006164832660613786,0.005085602935288665,0.08463325222013693,0.0017575377980620854
spot_0854,0.32844939808235213,0.04195498114887017,0.14171281414838113,0.18089857885893715,0.03482415283110966,0.0018145061631234282,0.05867730628006307,0.013248853985056125,0.06646407509051956,0.010976178663144435,0.017837447315049597,0.011938482426040916,0.012677378514106809,0.004926062815865393,0.011485205546214863,0.06211457813116556
spot_0855,0.4000744664199194,0.03717696369129093,0.10532175962801352,0.060725516100063805,0.00834398089669606,0.06590271380230017,0.02776469328279957,0.024736230415339875,0.06237283695783088,0.018542510447026806,0.040072220506421535,0.02170056140831478,0.005815128817052611,0.04288030883992219,0.008263384956960823,0.07030672383004703
spot_0856,0.12812983616696313,0.06377769786377585,0.20026172013267762,0.08412549885181514,0.01777962328018534,0.06225920077290689,0.07230993606130723,0.04969561550903611,0.0019829466789948293,0.003578167433534176,0.0850806449007977,0.11721211259202183,0.022022317433623276,0.04123014416745894,0.047883375338728246,0.0026711628161737197
spot_0857,0.14498558944505352,0.14540511390214758,0.37937162750686587,0.0877046058569321,0.15281377954004377,0.0016320939564284152,0.004183882276052986,0.0016418730021320268,0.0018853052387781675,0.001454115585884926,0.007960203293055398,0.016434104324505844,0.049866904596578984,0.0014472755771105707,0.0018303964066137596,0.0013831294918160983
spot_0858,0.08572826356831471,0.035536294552002926,0.010781587105241148,0.23946039617447154,0.026500571857554382,0.020391988054947525,0.04240570534477743,0.10973731399272604,0.0501694851828583,0.17920848874912468,0.07881516622765057,0.014874793517516355,0.03403747875718975,0.00901078273388199,0.01811815171732763,0.04522353246441501
spot_0859,0.5823329894002038,0.23368485596484723,0.022370821066180577,0.01923250429773756,0.015543937655755256,0.04049272841949626,0.005145291181628038,0.004251951041321399,0.0010141297016078672,0.0009115934182426387,0.006888899481551458,0.004226696611008237,0.034225881648319995,0.02563268962476924,0.002782872343817793,0.0012621581435126148
spot_0860,0.1639189051133114,0.024684428915302346,0.21287472200962543,0.14812885815036558,0.01739872603452777,0.019115958298247967,0.07078606984867034,0.02944859873412011,0.0041037094835555035,0.04767105068960418,0.12079752736077486,0.013317906924010336,0.017809895240623073,0.02386043535306129,0.07738059615476245,0.008702611689437364
spot_0861,0.21899847339307252,0.23895596251038043,0.25862437998206206,0.026473116984232922,0.15564190354792123,0.0012316765203855766,0.0020191852751336005,0.001756520200014985,0.0029082601403845527,0.024089338035309587,0.03628082388240533,0.012914020371286422,0.01085693819123639,0.0014899461308664258,0.0042352570291915095,0.0035241978061164745
spot_0862,0.40828035349723646,0.11024328328549585,0.01076900823117048,0.11753553802553765,0.1464468211503913,0.0010677601165055086,0.002231106822074987,0.0011415499723747614,0.019495051543007846,0.007507953914881919,0.0038124242310571205,0.11823784247173036,0.036794089663745165,0.001369818620119567,0.0016614970416340947,0.01340590141303693
spot_0863,0.2705425751445987,0.14115448990482177,0.05255953096628606,0.2695198458851267,0.0067823908579386005,0.05507725366687427,0.01609679834071392,0.0080044587899898,0.0014004720606241889,0.001081849790792805,0.07955800938383269,0.01184755006880344,0.01135461854633011,0.05214351177776293,0.02184231636987053,0.0010343284456335435
spot_0864,0.12675089316540078,0.061748272112928534,0.3922360392896916,0.09960980819951436,0.04887283562508706,0.0012280003382480402,0.009133717521687465,0.0024823845863758444,0.10999779232114955,0.07708346111766183,0.016405954546936486,0.004840264530452338,0.02125076066575063,0.002231500610280889,0.0027426561500206934,0.02338565921881388
spot_0865,0.22810913927276488,0.18373224545554886,0.15789280560316568,0.058247718045658876,0.25134703522996343,0.0008800895991853715,0.00523737259877383,0.0009699776760950724,0.0028892713583735497,0.0015086561976920489,0.008886084503612994,0.02092459077597387,0.07440206174985181,0.0009300097997933477,0.0009416430382765734,0.003101299095269802
spot_0866,0.14407745628601168,0.22144500064487835,0.127795840217588,0.2052794755285847,0.03258516042780526,0.07273864406120491,0.05693943392705323,0.018901392282523945,0.000950343639117683,0.0007094082146273427,0.029105264153799954,0.0070913698410421085,0.010002218731289132,0.06488482493631312,0.006718735037623135,0.0007754320705374619
spot_0867,0.15903406456846284,0.35264535186160595,0.27974806469764324,0.016665165748107724,0.031246449265248062,0.0023949107198690004,0.006021067867563087,0.0019342592285414623,0.10409948667864895,0.005046579903844414,0.0039705983285027386,0.023031119722726662,0.0059725060715677255,0.0018508087998691523,0.0013246144752338711,0.005014952062565114
spot_0868,0.243043374486133,0.1775046775218996,0.06468383925868369,0.17692296658418957,0.021958908301535646,0.08310456507014129,0.11902614671754365,0.006116487309005716,0.0037578573288945395,0.0056618225885911415,0.010516647827937832,0.03681316471554109,0.01271932272402411,0.006909358156816903,0.02855879440111307,0.002702067007949176
spot_0869,0.039498338071975406,0.08973346658388512,0.15444977279844305,0.2792277709821937,0.12538364809927724,0.013408265206500394,0.015656543868294553,0.16213182226075193,0.0011041141360021043,0.000978423424567841,0.019094440007794408,0.006512793315355526,0.037017002645167385,0.04084006208596823,0.013846109007227696,0.0011174275065954267
spot_0870,0.18767273071471496,0.4182295649702904,0.33429578235087526,0.014472561319157118,0.005760205152395111,0.002415313592720916,0.003975163684636051,0.001975206177410528,0.0005154328779158764,0.0005469101139735285,0.00836325340251132,0.009830664022912817,0.007261217934490578,0.0020728438588764565,0.0021017619320479798,0.0005113878950710442
spot_0871,0.17695388428667577,0.06874199868409062,0.12440215503862102,0.2601127406212552,0.1644776022910577,0.002718450686163771,0.008584957724436577,0.0027443191732034675,0.00661645881648777,0.03968942253938728,0.0681593738173628,0.021985794872815954,0.027759313530544623,0.0019308874721300725,0.0026556216276217614,0.022467018818145636
spot_0872,0.1887446117350132,0.15752132332954463,0.2121884605655239,0.01776154348877498,0.007467299641832767,0.10313776293974397,0.1061162811153646,0.031261793004355776,0.0009923309949526836,0.0008908234741976131,0.028084452437191713,0.021490735569088038,0.011419473900477647,0.08354187856565214,0.02802622960712219,0.0013549996311641441
spot_0873,0.1956405457696501,0.0587594208313278,0.15375327775109524,0.15746241395527624,0.03906410396467539,0.006448625505181417,0.03557002643401048,0.015199357073954695,0.002552519207610205,0.0024261058963528574,0.08239992476735061,0.14151740311975924,0.0066184238105585266,0.004995739075836872,0.09547058709848326,0.0021215257388770736
spot_0874,0.0008493334268384704,0.7603604154301589,0.11421656853892834,0.011946106899413405,0.0008432355106919781,0.05665321304575256,0.007339456076682054,0.005654669104857421,0.0010184727497917607,0.0012039305728693479,0.004909720051978869,0.0008750901775914301,0.00834153144838776,0.01170597274114069,0.013147146397028069,0.0009351378278889317
spot_0875,0.09403279996185718,0.12756505491456127,0.14336489814785922,0.11195653831044958,0.10181940706102349,0.0013071990687307628,0.0030389598446279665,0.0011473213490870013,0.04071503135415197,0.11058346752597627,0.1639896915967494,0.0063114186211399685,0.05555564306921639,0.0011738422156381911,0.0058134113446370855,0.03162531561429425
spot_0876,0.2547893518251785,0.14216034322087787,0.20270011923165862,0.21834061937723004,0.005155490678255934,0.007220850502871806,0.032263290981234254,0.0025800626072371114,0.000985383850202934,0.0016071521190728537,0.09455376405568973,0.007655866166395005,0.009795432736337798,0.004945505854165199,0.013746753351792205,0.0015000134418001524
spot_0877,0.21273849517899002,0.1663087135115593,0.1147259639390454,0.15059220707529689,0.018531174190445147,0.0008014065919776205,0.0017307913030960385,0.0010154241003577512,0.12856494473992908,0.0724886749051536,0.01864224854299199,0.03811935837149635,0.018382853230787775,0.0009375160613072465,0.001277662695473892,0.05514256556209191
spot_0878,0.2361753328044904,0.10259976372530034,0.13999645248762965,0.16251650036085707,0.044675786307475165,0.0389881968360576,0.01585232462318701,0.004513652102423037,0.03412168755090327,0.01786388347678968,0.10147612420261198,0.0511953440466366,0.014939712678914821,0.005352380636648019,0.026257025750510136,0.0034758324095651924
spot_0879,0.46725918588004745,0.17781567156004136,0.11669296752022633,0.1395164703962624,0.010372719780381442,0.0013764596310067805,0.0023098296269753317,0.0014242831400182974,0.0014480354410692548,0.0011455079967455262,0.008650528562131804,0.004119438427536801,0.062114658606189865,0.0014529945273585706,0.002787416250024703,0.001513832653984084
spot_0880,0.013766781033632214,0.09116094070717504,0.25043149105522294,0.07677211661385698,0.021796254899043646,0.12338241621573716,0.018757557164075345,0.04908788006653095,0.0995674095792331,0.03203992903736469,0.08867208159043875,0.053198308050381365,0.012351116832086489,0.013193172973594588,0.02275925351606243,0.0330632906655643
spot_0881,0.0004867787069891172,0.08808569558794864,0.29963135667694946,0.04047412125984051,0.0005380835191171277,0.14521068400103165,0.0695661213296236,0.06840032834804004,0.08956268010205751,0.05632253594907379,0.019443166909189517,0.0005217657303738957,0.02463542496112737,0.030036649884197245,0.04713131247500719,0.01995329455943332
spot_0882,0.2542265705461771,0.18161382109472912,0.287332100329468,0.002663984260637289,0.055622967956559334,0.001980098751634429,0.0014144642116983633,0.0012911329145197077,0.09415446453792646,0.03369661339376773,0.0018819129190124236,0.07430153091235454,0.002232976657329743,0.0012664288373382831,0.0010492904145735639,0.00527164226227393
spot_0883,0.38102397447382175,0.010023842535290085,0.21420259526490304,0.05185457201467355,0.12534464638764942,0.0011708895178003263,0.09384448658209331,0.0033833848915567556,0.003823849002193456,0.05026400241616307,0.00426303500973042,0.018124181718300474,0.032598177273817856,0.0014966652095565922,0.004233879979121277,0.004347817723328632
spot_0884,0.41616121111531124,0.17741438971972145,0.00855788088826575,0.2788543561754689,0.010133204896349517,0.0008307427455946147,0.0017798185008417414,0.0010200845734892985,0.0010753590672766572,0.0008448448345779181,0.06138926224933466,0.0048932720980490955,0.03309793820984361,0.0007927691763114235,0.0018350422630650487,0.0013198234864990569
spot_0885,0.23804013748918637,0.16651209515562088,0.20009261565838965,0.3119487750327599,0.009374114643392899,0.0019373467872267028,0.018936592959753328,0.004241200949463895,0.0007340636310993968,0.0008809239394956018,0.016919788332343793,0.004240213024950461,0.016052089544961175,0.0038817798596380458,0.005508023944446993,0.0007002390472708697
spot_0886,0.35082436249553434,0.21168348602151454,0.16677321114129004,0.07986493697361832,0.0113894243857395,0.0013290832503577515,0.00288268526767673,0.0022193351768407207,0.000712714382901171,0.0006973865922390657,0.037985684092461815,0.0049874091805040405,0.12393474085246804,0.0016560949889085363,0.0021137759352152508,0.0009456692627301345
spot_0887,0.3087907907362606,0.016750534464226835,0.018414429019582026,0.08524113428554105,0.06895410866442042,0.09810179568735823,0.0044564382823845195,0.005236361624661539,0.006291488855933988,0.0822781040652525,0.10468463308080156,0.16237276649002597,0.005897528514641868,0.024215989095163083,0.005474945627001361,0.002838951506744464
spot_0888,0.21857401882997524,0.15213594188656263,0.19304168169074998,0.05031778686190329,0.02037351422643739,0.010820217269626597,0.03336764076936804,0.07488173124077478,0.042457677291033544,0.024875843883756663,0.019599530907479363,0.07598527129076203,0.014750188999456355,0.04234318711690021,0.012655719446170909,0.013820048289042966
spot_0889,0.08593059709917726,0.05888640741566076,0.16368978729129632,0.29151811713653886,0.0864007415045276,0.001342530942517216,0.005661081078565659,0.0017887020532973263,0.061999560431051974,0.0408857186611166,0.027961927838896724,0.023606563255819675,0.08131691937553555,0.0017101348606444245,0.005129708288776849,0.0621715027665772
spot_0890,0.17745600496125516,0.045273659196726504,0.3739255069826666,0.04767697659057212,0.005385904039803001,0.05815531754189608,0.011675748097803206,0.014545444240482085,0.018956238251785596,0.09240048486018017,0.10514080350547872,0.0034632411330794647,0.012252440868385157,0.008203406293960208,0.014121964639691613,0.01136685879623435
spot_0891,0.07703291723592472,0.10616242643841442,0.0882268196094797,0.23906712284149537,0.005366104304785096,0.06590246156486637,0.019975543838253364,0.0060746443768068155,0.0006810736876290716,0.000674391314888039,0.25179929149519087,0.00345072220367835,0.03868362731154459,0.015837530991305703,0.0804085165550244,0.000656806230713117
spot_0892,0.3865824784538308,0.04426555908781047,0.10624714555558737,0.011134950092322182,0.03614737670127677,0.11031528764122633,0.019097676775142354,0.08503317473545675,0.0006657727553130929,0.0008309005114913528,0.06637001956344847,0.07269754916638357,0.004911452355188399,0.02411317235708484,0.03094349077094216,0.0006439934774950511
spot_0893,0.2990039815147615,0.286314521673059,0.12567987093694205,0.018901814909594392,0.056649976501835946,0.0017335330822901758,0.01745386143323906,0.0018968503755971663,0.007734212538387399,0.06114259673386071,0.044381226597990237,0.04647481461447554,0.018904295515271625,0.0029997935998455913,0.007138435424863504,0.0035902145479861105
spot_0894,0.12866340143797755,0.22076349789526425,0.31400606640213585,0.1432378073934811,0.026725842346081597,0.024067138723706194,0.04077950460548126,0.007820424392390267,0.0008446813467499677,0.0013550490402452142,0.025021491382890507,0.018486359486939944,0.03045047060328538,0.0076551244011629285,0.009199475762058162,0.0009236647801498289
spot_0895,0.3704074805154066,0.23693647358417533,0.06556533609161548,0.14234463701213926,0.04913529719909612,0.0020100759539917867,0.007986690372820446,0.021232475761385237,0.00045816174924255933,0.00047510903155503347,0.05425968605951511,0.004188645028228083,0.0210710286143007,0.0030867767153761687,0.020454470337244037,0.0003876559739080315
spot_0896,0.18074085539317997,0.20127860481162496,0.09502759397236742,0.13099891077034295,0.008069643834283102,0.07836011157025921,0.07235365624184076,0.027345198114012467,0.04757879876586615,0.04277600048053955,0.01671488319583655,0.01614941406252829,0.05075762606610709,0.014609983749591706,0.0036457139305512954,0.013593005041068553
spot_0897,0.4142987116531504,0.10617155222663649,0.2614986018665292,0.03365249755760252,0.005062857662547117,0.004388904955597965,0.022782056145259397,0.027709431426809157,0.00855526152123627,0.03224426105573502,0.00991630013416801,0.025923920208293087,0.0077341980069687635,0.03178911772091652,0.003715438833160808,0.0045568890253893084
spot_0898,0.5650010335460268,0.37039725371328364,0.013698441383184342,0.004768908727594504,0.007527249535393218,0.0014139907968782025,0.003969753442843396,0.0014398990992795257,0.0017101698209589838,0.003009129625243974,0.002945939624481124,0.015354082167053076,0.004066056030878288,0.0015990364702003856,0.001428075911359345,0.001670980105341158
spot_0899,0.22014256724407616,0.0872856335985016,0.14491770183104577,0.09414419511422134,0.01956156184355113,0.06099382955159631,0.05804234146216175,0.07820840035232118,0.05657983468117142,0.005556132587228644,0.06964714657220565,0.023225825518384136,0.03828923003668961,0.02380040031295316,0.016138742821102586,0.0034664564727895286
spot_0900,0.2687091805799785,0.2676131663070886,0.018017182378207264,0.12719401618282622,0.031271345967191264,0.005352569927572503,0.11308423801895869,0.04563792717628931,0.0015720265982965957,0.0015156858997004718,0.0056538612038500415,0.07708482450036792,0.017373449893633198,0.007823856474045068,0.009556519009571707,0.0025401498824226608
spot_0901,0.0007984988274796016,0.038884256580230536,0.7478261500312343,0.04562664988867042,0.001162072277383484,0.0024533157837923676,0.06498078426698499,0.0028603155784603144,0.0007651683066006379,0.0011329039601667467,0.06482314006768371,0.0006851581693438691,0.013354451887577955,0.004051524857753241,0.009793042273790449,0.0008025672428473284
spot_0902,0.38628243135346935,0.03651594867617124,0.14746114585676368,0.1402607559730646,0.10424486047950654,0.0026748793289436334,0.04823146105688408,0.004934732684664915,0.01405414527745478,0.028968658482173632,0.02540302018649716,0.013420315627702543,0.02169183812617298,0.003350613658972762,0.005825321953581729,0.016679871277976377
spot_0903,0.21957755982385388,0.20815440187630152,0.08364551844019766,0.07756016161930099,0.048591554584727935,0.007287305035999106,0.043371158072220896,0.03030389047096303,0.057558683663747175,0.008853482270844933,0.01904696477295984,0.08708196246377019,0.043653241214943045,0.020065673255710775,0.009866321582544685,0.03538212085191435
spot_0904,0.11135969478878419,0.25477073944241135,0.10334411586000204,0.0629635982863206,0.03940777757712874,0.1106270810099022,0.08634633125155607,0.03260185713549829,0.03865839122802651,0.005140232067861132,0.032727312506934704,0.014626400056503055,0.03886745904925848,0.040051481623419725,0.022277055778921584,0.006230472337471327
spot_0905,0.11238738287218203,0.118458169287999,0.1370320517465156,0.14219161463237795,0.0050862950861859145,0.08520053747570133,0.05615076158735548,0.06372314591385086,0.06432584133908298,0.01364225254172884,0.08132245853364366,0.003382944440285161,0.02202829284897669,0.0588744177542461,0.017498696581110033,0.018695137358758395
spot_0906,0.1219327022797867,0.23819835461973013,0.3045680750224819,0.10443719751569548,0.004734191334897646,0.002824821942189427,0.1261545501769954,0.055209203353362504,0.000693817646878865,0.0007177345664476737,0.015502089423578341,0.0024979108287952276,0.006414415419213611,0.008272766023168763,0.007049912815632449,0.0007922570311459093
spot_0907,0.4291621827761366,0.25483532387370067,0.1096530577475062,0.013879435440795196,0.011078021283444341,0.0010242489444911244,0.0018312286888211011,0.0010221923816118267,0.06319743326830464,0.02188768427379394,0.005012984673012067,0.01009763319243242,0.043887689168132835,0.000858732921070457,0.0013781663072400141,0.03119398505950656
spot_0908,0.33084588601065834,0.1519559179241824,0.09036717261731418,0.055617240514290234,0.01765763394396911,0.006743903514562271,0.01830333585971057,0.037962752667180875,0.07401898632860611,0.042238283729136385,0.04295820752811501,0.03243455051876541,0.025683425663958252,0.041358645358545665,0.004066396598871585,0.027787661222133567
spot_0909,0.2529744337043202,0.06910655179241712,0.007873493707112293,0.25478772693500346,0.10932290107652742,0.004124226815438506,0.012727699328346581,0.007558295992619909,0.0006483980692035129,0.0006967548333274659,0.14079415284694902,0.0040165084705216575,0.016199611463700723,0.005107685016820642,0.11342578096726554,0.0006357789804259402
spot_0910,0.2496301205059588,0.24185515867989998,0.09485501504478791,0.010932757963218758,0.015706567800599886,0.043652855725719523,0.007920917496800168,0.0073660962167717515,0.046626285494740086,0.031030702726142778,0.041760100595797295,0.09615606634912136,0.05453966353679965,0.0046991184115228405,0.004006696502148613,0.04926187694997057
spot_0911,0.2096930306768444,0.18993758310394357,0.18695123910455613,0.11333123455581447,0.005115531107234254,0.0016751142926483633,0.01031991254123551,0.001908787060682332,0.05286325425586933,0.06717128757641257,0.087334376905042,0.009577740566245238,0.028403720345718756,0.0017700327064720793,0.005072872415720564,0.02887428278556045
spot_0912,0.501482792108474,0.012906669781415513,0.09763089198579235,0.0026163087714308566,0.07717547698006975,0.07097994350563451,0.005464992240089991,0.002814034859690628,0.13135930001815987,0.01541834884325901,0.0019704899882703963,0.039303126221096704,0.0047037016783572924,0.004031730839458633,0.0023754993764354016,0.02976669280236507
spot_0913,0.2960195167979645,0.14366784614619638,0.04984220362375831,0.10739323615613809,0.02659321209524172,0.03816590906372003,0.008031667679070533,0.052494303319657244,0.06843169312775756,0.015530365953582868,0.034150634599128586,0.019784846719680754,0.05314349934585156,0.026330050688512564,0.03348677652757891,0.026934238156160393
spot_0914,0.2727073141355004,0.2617920003729569,0.2999319053992996,0.08698854246072796,0.015928547528017985,0.002013957526974267,0.004337437086036757,0.0018343391016105264,0.002182136187866815,0.0022305002796512174,0.01846244824370957,0.008674892861375908,0.014055474210060115,0.002256419156395464,0.004395805901198287,0.002208279548618228
spot_0915,0.1695682166669577,0.11481146926746587,0.15134581218223472,0.18031162907487794,0.0037334602240064467,0.07070809115817957,0.006011557801825392,0.008492573418762646,0.03127760471038886,0.030811218431949915,0.13933208611946765,0.0067563374353207546,0.03885451644449411,0.03314887354712833,0.010538409106868247,0.004298144410071874
spot_0916,0.183264536238187,0.05866533036284219,0.013670663382748829,0.047961628872801844,0.047582013022051485,0.041078260496242774,0.028679079266494975,0.06972932973432591,0.16163755459011847,0.044317411197260494,0.1740053276130468,0.02594306732098817,0.01844795640248615,0.027112709764612098,0.03608621023090424,0.02181892150488859
spot_0917,0.6140685051962461,0.1093372794863283,0.009289282283182475,0.2151435571701797,0.007572243460690076,0.0008687020027729935,0.001958298942217555,0.001239441450498974,0.000628994253063278,0.0006062469996992742,0.011839536566778464,0.007755316675822357,0.016529514835688108,0.001333022014164489,0.0012584994502371845,0.0005715592124306635
spot_0918,0.12452362781062708,0.2790288361585545,0.2671624832663784,0.10273701180527321,0.08032381228151365,0.005929473036637603,0.022200425058294435,0.008422887514596354,0.0009010140690941348,0.0008425365526532653,0.03453438162003887,0.020004790293593918,0.01595368309229121,0.00868768606519853,0.027390744808264613,0.001356606566990144
spot_0919,0.09910494761343701,0.02114394369614953,0.33292834943398875,0.059224640294146876,0.11256858908305536,0.019277705387936852,0.08145372086584382,0.08603641998917713,0.048053269276399614,0.023910323844121756,0.020434851154957825,0.03120823231640042,0.015837116728094295,0.007664220886178972,0.016804980597362868,0.024348688832748905
spot_0920,0.3852629824620319,0.09305889021129637,0.1985048057828852,0.044571832126809686,0.025235189532031067,0.022123258089576513,0.019010592168203232,0.07764405787424859,0.031530932264442986,0.025396849209049128,0.00882234401991036,0.005820809837124618,0.020231379116091235,0.013658179230996435,0.005321414954240731,0.02380648312106197
spot_0921,0.08573464144472584,0.0669129229850209,0.15278769482940824,0.2946663273725635,0.06584519108911042,0.0030655373847065836,0.0538250341377388,0.013215866488933964,0.06726342051059139,0.01285564319277049,0.07798322455827823,0.0183813756197869,0.0431268646947242,0.005584978096895226,0.030036835108656065,0.008714442486089227
spot_0922,0.3041919578695481,0.009271001596525375,0.08966847795169032,0.03655565876615587,0.013152071358226611,0.05823021304964886,0.15817530221378695,0.06477568482915236,0.018108126539317523,0.06252455777144897,0.01311414983853475,0.00397095388685574,0.03363547033041556,0.09619879577690496,0.03128394117745676,0.0071436370443312604
spot_0923,0.2581951175724338,0.0941352419727229,0.05724887358020572,0.21107880935138865,0.004364313809759962,0.09239270999173578,0.05752958379468899,0.06837152895675859,0.0071665537416266386,0.04563244812114866,0.022352764612313912,0.004315325959708631,0.01734785275818305,0.04689698921271419,0.00952334085930228,0.0034485457053082848
spot_0924,0.11616521460638249,0.2450210429777442,0.15312077247798878,0.15307823377133634,0.07321801716132655,0.05385204508856998,0.05892865073051474,0.006807140460362547,0.0006656456660118247,0.0006763533776501714,0.09550200647923812,0.010289629245748723,0.00825477248856874,0.00706612463930044,0.016577296337577926,0.0007770544916784413
spot_0925,0.15868686169948987,0.004143868778098432,0.011435929190907702,0.1321729817305417,0.1610293939891256,0.016598292371924214,0.08290326221802705,0.08130463899154637,0.09144458791157327,0.04189053763945422,0.04330747457298707,0.01320384892696243,0.05528167012890006,0.014033674760888465,0.0581373881159779,0.03442558897359562
spot_0926,0.11172393739993018,0.051238048804229434,0.19132509968055603,0.0955579662273677,0.003141782940897268,0.09980949440607072,0.19395415235917285,0.02212022558539478,0.002737436015778537,0.0018018135721682854,0.14165176063102344,0.0026692144368725378,0.018462856868849516,0.026595324073827354,0.035698641417680824,0.0015122455801805316
spot_0927,0.08849446159466558,0.27690115106453683,0.2728251059102583,0.05235809761473979,0.008075298075903056,0.11768372290950638,0.008795054901564577,0.008855857680899352,0.010350466375418619,0.05047125796805809,0.022174166070919273,0.0092940123377801,0.044295245910077836,0.011355771305124478,0.00807217966497794,0.009998150615569797
spot_0928,0.36201132494826904,0.0180154010650705,0.1869515498607918,0.031189701252511994,0.06284055124981464,0.028363754488606393,0.011605715516395596,0.0554887446740068,0.02311743336771126,0.06469350533824983,0.022303123175955664,0.07490467873534908,0.02279134347760519,0.007911819805422281,0.011029477506838466,0.016781875537401472
spot_0929,0.14748644781122658,0.3148691629712903,0.1632384608020433,0.034557126453754944,0.07724870948952532,0.0013268565973248048,0.002071823292604245,0.0014891824730368214,0.020517924633622016,0.15961110661723704,0.019699657581835544,0.00556453278813059,0.030295927041182936,0.0012734320361042317,0.0017278656175058061,0.019021783793575536
spot_0930,0.5949494644545424,0.11787621093921571,0.0090158310982933,0.004524096079411878,0.028890548037547405,0.0012367868272986995,0.0014824519907861112,0.001257590892426065,0.01701563083352005,0.13563195212670007,0.003823889866515543,0.05656181482672154,0.0059112375751525165,0.0011124222299850853,0.0015375741623905967,0.01917249805949299
spot_0931,0.25447317964385646,0.19484284376412453,0.15487457919480901,0.06375577090183457,0.12930853912126017,0.011168372225974313,0.029572094510092916,0.011317950259721436,0.021891481528491886,0.009581304462009773,0.01775372546509704,0.015015260306838278,0.01741960899836686,0.014554566987773852,0.022946431808985375,0.03152429082076351
spot_0932,0.20381644945983476,0.2033200137286901,0.11594701412715026,0.15318965821134528,0.10188504637808,0.0017758065157709533,0.03416853281495664,0.07723676803239808,0.0013899898574202478,0.0010529084182386878,0.014266155259439549,0.05073073479309134,0.02222968469747039,0.009652021659798261,0.007817139750073001,0.0015220762962424182
spot_0933,0.36794500496078897,0.0729405339867315,0.09038850661398691,0.1713330000612486,0.07408699142867603,0.001655762083205133,0.014082725765430808,0.003510941876484663,0.06814395337537264,0.03257293098476993,0.029495548736247105,0.025445289523207806,0.015897475680605025,0.00317597777940835,0.0023868691560715236,0.026938487987765006
spot_0934,0.1288038978132119,0.016948610525475683,0.09083396246676036,0.036698526308192043,0.017497611382525487,0.17299872937601743,0.04105986731416026,0.011428587514900595,0.001581957860778183,0.001455908039791516,0.20445161568308295,0.1629460892800567,0.014784536825402783,0.010777231445926483,0.08657393701235207,0.0011589311513655954
spot_0935,0.2792506178225106,0.004891197643730792,0.004523859384295963,0.033008101304725465,0.031002300948109827,0.1017286119321809,0.06839485853212078,0.01708434530243506,0.03015529042959642,0.20110847548420893,0.03524599711048746,0.00805656233218487,0.04157288587732218,0.023460439139404037,0.02010898832402493,0.1004074684326618
spot_0936,0.26701150238921223,0.2724674152734445,0.2614980632189966,0.08185368345947855,0.005408135156631059,0.0008700657918231725,0.004204844721930501,0.0009862539873669294,0.0007835108821095804,0.0007706181160289218,0.0034972743629261734,0.006810873037192253,0.09087203332813175,0.0009566288024415551,0.001365913456769854,0.0006431840155164209
spot_0937,0.34279921155040777,0.21303376537127128,0.17068763422394384,0.08834262553299341,0.020270191497408933,0.0013747367563601402,0.0031458099558074404,0.0014000321230453635,0.0024286778276927812,0.07345630942737387,0.04945925381955785,0.014494433165308556,0.010936508864113343,0.0012228754171823865,0.002850559801941874,0.00409737466559118
spot_0938,0.42662572429647017,0.028666176084676767,0.17029095298343183,0.08210021594077685,0.01757990539060477,0.0038909131934654812,0.09708598342330749,0.008914104878023984,0.0010647221017748838,0.0009096472932011695,0.05213573182339092,0.005714046998629082,0.05785007704095464,0.007572713309837212,0.03855120690913145,0.0010478783323233257
spot_0939,0.47909574835970903,0.008502214277675923,0.050423830179380805,0.015057054379541046,0.059603627415165554,0.16301682786183053,0.008626523083223689,0.03488568722729991,0.0010165994538180127,0.0009721366767079234,0.06174999971917388,0.02916720547178057,0.014966687216642892,0.06351056639240514,0.008644962392686329,0.000760329892958764
spot_0940,0.32498610110207105,0.16739038602400585,0.31496046291727614,0.00784447681668272,0.11201422751911666,0.0020301841753582574,0.0068387502455720854,0.0019509992002125292,0.001973032425976426,0.0018557909362531078,0.0032293593629669068,0.014342404996809431,0.03453594039032719,0.0024193329254886538,0.0017231554660186478,0.001905395495864326
spot_0941,0.024071613713445603,0.045381365447337764,0.3974133653122987,0.010766604610416624,0.19438442576021286,0.008668704265380986,0.06238058612307477,0.0059503906068977454,0.09667122412563244,0.04776410438738361,0.015381949667806611,0.013957736055941444,0.018850025095101152,0.004201638070904471,0.038458523274172776,0.015697743483992433
spot_0942,0.31166631407561346,0.03506470571726176,0.10557656504898318,0.09978855089729284,0.03562747387610898,0.004110935396769973,0.12618698515705745,0.004933591521418969,0.06598685797934041,0.051142457892890736,0.05295193360112919,0.018483193148458324,0.019222305817488045,0.007334479115535869,0.04572477164205683,0.01619887911259398
spot_0943,0.08911598204718968,0.143987043194592,0.09443263277279938,0.3119955321558786,0.05107794001597614,0.01684220993572401,0.018046991903067237,0.04803800002487644,0.0012792116515217007,0.0008485023547441449,0.16048575934480616,0.008311424434106202,0.03485558768304514,0.00741830563716342,0.01231832351482666,0.0009465533296830857
spot_0944,0.19638713203771183,0.12979219624254834,0.14474958181815528,0.1950016714694645,0.16531655988608768,0.07511874409479041,0.03050839179062329,0.006349860893218385,0.0005447670366158135,0.000598106394414324,0.013748322063872213,0.005677630894962979,0.005776187273940375,0.009615809906281312,0.020292338804217845,0.0005226993930954062
spot_0945,0.32285032163441285,0.02521298534469431,0.012759667583350495,0.04843433732783636,0.01146369109287802,0.21365256145799164,0.049134805262250864,0.19351680902372614,0.001423096084291096,0.001569151074533306,0.029471961758002863,0.02605133291859075,0.008412852311021022,0.03332089634521418,0.021507596866406922,0.0012179339147991792
spot_0946,0.226685556997758,0.18737916446270753,0.3148835892674939,0.0379772078975418,0.025649874705540254,0.008780049955042694,0.07086542102367477,0.01904516895992681,0.0013318627539059644,0.0011240295547910511,0.014297733512127637,0.017204427897131416,0.03353797906070646,0.018893305341530584,0.02144210524281751,0.0009025233673036183
spot_0947,0.2750780581871394,0.12818387441952206,0.07480499279913819,0.1378370540030043,0.08321435985616588,0.0211757573084822,0.05197353493233079,0.011438115756748371,0.001122879646630389,0.0013960800164826677,0.062297511364096315,0.01020776548928927,0.0689464548613906,0.03329060451900841,0.038011629796782125,0.0010213270437890614
spot_0948,0.30642819353129136,0.020886376035217785,0.10348962832034099,0.2143164458158424,0.07404255503162505,0.002569543916252114,0.11603174140467695,0.03000266294176347,0.0008609851706032695,0.0008828548451521644,0.012568701135052708,0.007598620009160658,0.09638628071156465,0.006964142066565599,0.006234381109878363,0.0007368879550124973
spot_0949,0.29883404455424734,0.037221544209552024,0.09816654515020108,0.12464436885758616,0.008627032701901382,0.021648352050409665,0.06228766779778151,0.07786885330085312,0.0008278074344410786,0.0008762312055455632,0.13319583911635435,0.006259455901122676,0.04385961963079412,0.04247439802309945,0.042523948516746506,0.0006842915493639369
spot_0950,0.3956096225188261,0.004993299398470839,0.022743886998318766,0.028873894251735328,0.053882002645122246,0.13877729655187196,0.04305648542140142,0.05033763253678198,0.0013089204726953185,0.0015394459619843086,0.03480787890270662,0.0995225516356629,0.05177139584557597,0.046911624589545724,0.02429139736770599,0.0015726649015945279
spot_0951,0.059564324342439974,0.1388609770901887,0.23134181091447426,0.019193143049380412,0.05424648536060392,0.039285867409075345,0.008193777016287238,0.022915986740749274,0.10643682008992607,0.10338647247217297,0.04503630045839194,0.02934121454312229,0.06749716861111638,0.013415819257569342,0.016294281669876298,0.044989550974625626
spot_0952,0.22265742315461715,0.29585416941249065,0.14810810757241527,0.11074646049273418,0.002994563809849754,0.057746535701294614,0.019736133743133447,0.03999778296741976,0.000814805887401335,0.000954881937819279,0.045378127522648644,0.0018024896818052167,0.015352165190563627,0.01608314321581924,0.021106232868441616,0.0006669768415462348
spot_0953,0.004169182682007504,0.08574948473881802,0.1811844004915891,0.014367634896568933,0.20129898412641314,0.1262579631209396,0.009624053253284939,0.1360834478222685,0.06809133863451607,0.04687794465349241,0.03822401454506393,0.026141595511037598,0.009694351837274153,0.038036229357789615,0.004331340942001997,0.00986803338693449
spot_0954,0.3263296877201715,0.07733460511143873,0.3979575096219937,0.06008213153244812,0.00929732935160896,0.0029817704194125454,0.065014108256472,0.006461693403388229,0.0007817905764753208,0.000650890134075103,0.01247794726282184,0.01057087749130576,0.022379565348862294,0.0024478483574430117,0.004445104223645772,0.0007871411884370929
spot_0955,0.3430044330494152,0.057097635867261194,0.3308350926938665,0.06161873465129625,0.08266200303633939,0.001572352617229314,0.005288566126863411,0.001109563416675431,0.010136762820931119,0.021959655447912507,0.01510556968843895,0.023016371528503776,0.015864632392350114,0.0011768269839029296,0.0026482504778453883,0.026903549201168515
spot_0956,0.2695279220704905,0.15224522441417523,0.20598117178849312,0.1221438041109621,0.11871204889077333,0.0009800181823625726,0.0024564565119514787,0.0011776040196768583,0.0013170795820810792,0.0014463626733795477,0.00980911448022481,0.09450233664997604,0.016250324845955347,0.0010683384739806334,0.00122836646097874,0.0011538268445386334
spot_0957,0.17756412777390973,0.024547826788643635,0.18311541220363295,0.21334494777574448,0.06435986501534573,0.013756910820424201,0.06613318104035334,0.1932667919541284,0.0021941349835154526,0.0011996690307507485,0.008399003976266839,0.009270009028175373,0.007527796808222146,0.020109658763577985,0.011669801001755764,0.003540863035553214
spot_0958,0.6605015261226664,0.119851823708448,0.010790123446450441,0.03369698755221635,0.12251801977026006,0.0010154982775156785,0.0030760070694198422,0.0015244786156981222,0.0022898394915697334,0.0034917664784833596,0.006918647220687466,0.024726895324691,0.004930825661498017,0.001446332608667857,0.001447961839076685,0.0017732668126509857
spot_0959,0.11189075709680714,0.019604518915558828,0.13024850228003523,0.09598482672908613,0.01664278290609551,0.1528199691409825,0.17548038885250183,0.09549709110195552,0.000973992913255741,0.0018033019587723061,0.05679889731500541,0.023043263192649155,0.0659281465784769,0.035433871296615495,0.01666176946530932,0.0011879202568929848
spot_0960,0.22686955369102466,0.36627750514749047,0.30412539002556044,0.028367152205859766,0.022090253427281856,0.0012239424680990096,0.003270482092742745,0.001335531901925866,0.0010315081766640148,0.0010988203118432814,0.006580939483071206,0.012623299394515024,0.02163553668572465,0.0011759005919985985,0.0014608826247587369,0.0008333017714396971
spot_0961,0.31345819759552407,0.02296623864937923,0.21422687657434217,0.049060192756534345,0.08267777038803144,0.06194920886856109,0.10627752767275823,0.03329593843289694,0.0005135121814870123,0.0006655372102116647,0.02229484867450263,0.01682872643825081,0.01758545062493662,0.023056750853978767,0.034496359453298174,0.0006468636253067811
spot_0962,0.3654676188292445,0.28770682624090577,0.015150236630972024,0.1933804690852485,0.05943446453222641,0.001013653743732111,0.0029926072041535383,0.0013250866168321468,0.001100067182352349,0.001150783289875325,0.00803286619274597,0.027350526076686782,0.03254767949941148,0.0009964948921821085,0.0014226194485247932,0.0009280005349062028
spot_0963,0.38854794592979286,0.09170279654908581,0.1154083481942544,0.029544808963609618,0.005506194560929305,0.262137066413477,0.010993093672363886,0.022392328696371193,0.0015705278127453736,0.0013898239510503475,0.009851305444962205,0.01044832637916251,0.00770715254286848,0.02114468511178572,0.020250877561629285,0.0014047182159119811
spot_0964,0.2880880456381229,0.1306027364630921,0.1152991707544759,0.008942017315724382,0.017869087090086024,0.1783347717574386,0.015386194556411508,0.08125766518694834,0.06530371986635612,0.009766937746582355,0.005357690917453356,0.007427769443311747,0.013197343139147851,0.03259858612983439,0.003544724838150417,0.027023539156864035
spot_0965,0.39515983713217934,0.07705829005644943,0.017628127345298793,0.017814551394006867,0.07956959333019692,0.19058525599703785,0.022514902532838204,0.04103848365782919,0.002658457705117882,0.0014833704374216643,0.009413264625922447,0.01166433940867118,0.06476879157525972,0.02489693842611428,0.04251843147834906,0.0012273648973071692
spot_0966,0.13196319927706346,0.0295890227268528,0.22761211029094902,0.0380272931664638,0.005663739901874307,0.025908874015241435,0.052157173150870664,0.0034508075688622483,0.04195481772640467,0.18736967480298364,0.05752253866229052,0.00372623702927254,0.03203303616000991,0.0053581485967290265,0.06942184717549123,0.08824147974864076
spot_0967,0.4286868073906489,0.023046894608164684,0.02443169202558548,0.21466101660619025,0.008784571852663797,0.005818749941873868,0.027577163884710182,0.1485950923909315,0.002149540361468243,0.0020623172439336156,0.022623273514670448,0.007399406971535726,0.029707558270561023,0.0403403152944139,0.010547047206328064,0.0035685524363203245
spot_0968,0.11599596851093559,0.1191001672490422,0.20789990747317513,0.014150654351164891,0.022976608572982216,0.03550628062436384,0.027703197536114908,0.03235767147122608,0.09334481976612256,0.06123125177060851,0.05509942219522448,0.06488971055793266,0.017485518354147998,0.06727892420107373,0.022948039199185716,0.04203185816669952
spot_0969,0.336399378690194,0.10811958576541429,0.10672198308109267,0.09902524818725585,0.003954489308801161,0.02301271824996896,0.011115613343067172,0.15674220358438695,0.000517007010053001,0.0005390920852985623,0.05411856174525758,0.007543200397757254,0.018952356638228862,0.032484479699880414,0.040159875683508546,0.0005942065298347469
spot_0970,0.5377222420144631,0.02948012842052932,0.16279463782162618,0.007062999749014158,0.009123908433883422,0.005156750783424985,0.050650427263038034,0.13654029815685845,0.0011747028200115447,0.0017137135734892868,0.0034502355158351466,0.008004038274390345,0.0084314059808981,0.031306058322620796,0.006059694235630835,0.0013287586342863565
spot_0971,0.3425804960557244,0.16163310343333434,0.2795125612612608,0.009244948033814152,0.04236512431207623,0.008559726797802997,0.020204083675748673,0.07244997839017127,0.0005018435171605507,0.0003894174719197991,0.009578551736701944,0.012001945677901008,0.00436020621203169,0.021525986292745623,0.014549704277347595,0.0005423228542589674
spot_0972,0.15253194796836972,0.11533936673703975,0.013551143939206999,0.25773123460744574,0.0329940733377545,0.0681087873327898,0.00891649207735026,0.013354166782335164,0.0006853525191834782,0.0006917776325189289,0.23754365353980336,0.009560374957298952,0.023720643969952236,0.015180536326135636,0.04942746998261483,0.0006629782902006392
spot_0973,0.1613286162552304,0.06263360688570697,0.07480110589107483,0.19939363458062218,0.02925835716026207,0.004017367093405594,0.06422069366129646,0.08674468903915679,0.09534567523724484,0.017063082673724705,0.06455393785231162,0.025619125584506037,0.07878251581433551,0.013215498809173587,0.017237879915011908,0.005784213546936539
spot_0974,0.0005971837374210494,0.6397112199752879,0.0878831990955437,0.12714667723606118,0.000667507011030684,0.0010144596748041632,0.0027741064606704403,0.0010745410323702443,0.01054200755041259,0.09494600557764449,0.01073568194347065,0.00047586850757706713,0.0141343584871886,0.0010766027813017018,0.0011832936997416988,0.006037287229473808
spot_0975,0.12046437211248522,0.032377669223310236,0.03136106895153939,0.14330696950813857,0.03489679539576164,0.0383769780931959,0.05001562535088535,0.10076442948713753,0.03758782403728072,0.007758041215197829,0.17916691265941415,0.015147873163904054,0.06144537859500194,0.04581089102387833,0.040998833475926075,0.0605203377069431
spot_0976,0.03410156555106028,0.5252047624198797,0.20841949747018237,0.028701951672688658,0.008723142777799621,0.001177983412171861,0.002854410950499935,0.001230503474806234,0.03593471474374493,0.08581736482444591,0.01325487876720577,0.002306748356549809,0.016598927634701794,0.0010432658226668017,0.0018473378901321742,0.032782944231464134
spot_0977,0.5378846631662345,0.0750670452414535,0.028539467683702777,0.0932471988669032,0.035288136885254284,0.00448670551600442,0.07909714941328956,0.006665361103514976,0.0026034030092841895,0.0016788190101562396,0.03722833873941177,0.02358743317475024,0.025053528865459973,0.006503616514243006,0.04179660357152412,0.0012725292388131807
spot_0978,0.6031205787907236,0.08328814040125058,0.033268264371915844,0.06971821559930824,0.02378479520880785,0.009179793199153768,0.04500064631371309,0.016062161533529823,0.0008070154916263144,0.000821915499180964,0.010857924112122441,0.05168251187553239,0.02088851127171852,0.022864965501098733,0.00775081120516851,0.0009037496251493855
spot_0979,0.2117906673203914,0.16710873968391515,0.15217345508544022,0.02296031739300242,0.014481081735733507,0.022480509645516438,0.04454457838023596,0.037314307011691625,0.13323358840799682,0.02255256741681089,0.008304785715847567,0.05134177917075186,0.010449309144374053,0.017552514881859275,0.059798482317557675,0.023913316688875152
spot_0980,0.45561604862453087,0.2535632014726243,0.04079433671959044,0.07520064126358862,0.06164871598570174,0.008258171765332672,0.0246311500399529,0.04341728821865855,0.0005235485216582162,0.0005118382647874997,0.00733136127834979,0.006552960176064687,0.007288898718976144,0.009919008476533434,0.004277719501967391,0.0004651109716827375
spot_0981,0.2882533738763826,0.13106368948781644,0.08131722383030528,0.1704278033853671,0.054449747199388374,0.023304239424602087,0.00615382201897516,0.005748833848915798,0.02600911824437448,0.06322364084012609,0.049293483567979524,0.006492368357932359,0.017999338595822017,0.03065464516182381,0.017798171271289548,0.027810500888899307
spot_0982,0.157849350803332,0.4656222000453203,0.21921897649900784,0.03373955890541258,0.0431644079968503,0.002398925170941845,0.004898543344742515,0.0027418027689174876,0.0018376953970365834,0.0030839850716068047,0.025130438631369902,0.012349281701581396,0.020170084234629525,0.002276162949843313,0.0033821176387232683,0.002136468840684315
spot_0983,0.4366716478443498,0.24488384951073183,0.06932264466254395,0.0020358258581290433,0.20875279366493776,0.0007505648786950154,0.0009991069758075038,0.0006685092407396542,0.0005961439238564303,0.000758731112077411,0.0014703953410106626,0.029331417871300152,0.0017592215796018423,0.0006464002619637761,0.0006521183024568337,0.0007006289717983201
spot_0984,0.16993044816966896,0.20068597169946228,0.18740181071002712,0.06280078948972882,0.005541450330276507,0.1309471197907688,0.0766194286888137,0.07403428984416273,0.0004846355832199469,0.0005745917233180345,0.012280943830919575,0.0029711661862797186,0.011984120045029705,0.05346854531208101,0.009823023532023406,0.00045166506421967696
spot_0985,0.4131800189706207,0.023670957581880307,0.005396259341635427,0.1203591324292233,0.12115217266181051,0.0015913435525661936,0.0033084384662049634,0.0014325993128024394,0.1310966141866788,0.0120763437582927,0.004145626037534476,0.09458362249774142,0.005456022699907508,0.0012849346570311274,0.001710090245393992,0.05955582360067615
spot_0986,0.26308275091880495,0.10770345849556681,0.0988347282994406,0.20697029138202733,0.01879423949653221,0.017363080791405302,0.046063421624277574,0.13119715108990962,0.0007368652788103682,0.000862152079910436,0.01414703121402614,0.003484659476885114,0.021762031357100677,0.05736886081583808,0.010933984167438005,0.0006952935120267891
spot_0987,0.47178802863949004,0.35543376929571724,0.09674004208404952,0.01790830906977472,0.003916596142640438,0.002170228441736668,0.003916228975634791,0.0014365215704745704,0.0012765934028838933,0.0027740050212972313,0.008508139174528615,0.005843992510487636,0.020501648585173615,0.0013057775162334325,0.004976108062376286,0.001504011507501303
spot_0988,0.3900979194508855,0.08179556716221713,0.1819835699003842,0.16163153867151325,0.00633140439233707,0.001594807236551487,0.008320985720745069,0.002502097831926723,0.0009899341954325682,0.0010292238133269532,0.09479760774269018,0.012345814854858276,0.04692175067095777,0.0020954967317613894,0.006286771752792227,0.0012755098716201883
spot_0989,0.11731775361218476,0.36597014797546923,0.014138993252078944,0.22936824009215515,0.1172992769529169,0.0011865626770334217,0.03926727141024741,0.0017826964866089203,0.0009811210317455404,0.0008887807395654552,0.007760506107945285,0.008536620302720692,0.09017803476719724,0.001633087089355644,0.0025210037043830375,0.001169903798392347
spot_0990,0.2683656872035466,0.03937382503479253,0.1838086577716395,0.024272390942819234,0.08783045505231729,0.0033324256988643756,0.04080861481584636,0.029430295561593618,0.0030555001036968264,0.07687779794369341,0.1421218743456508,0.055054485464225845,0.004706052465002072,0.004123637778724591,0.03281823923386945,0.004020060583717484
spot_0991,0.09613174125466632,0.2708979246899563,0.3921225431537168,0.008050369925202017,0.005682454816652858,0.005898402481311838,0.04935301273710425,0.030085737516237863,0.014555823410327727,0.0565385602325394,0.004105902356829487,0.00307326536588083,0.01645541063209829,0.024455098884738253,0.008133431494726931,0.014460321048010759
spot_0992,0.1030610341144121,0.0431129699536903,0.3273156731074912,0.10754738252385317,0.0035243338819882066,0.14164393657928454,0.05407623389863171,0.04709124649772366,0.0004230545336682109,0.0004821891569351407,0.012422085379172249,0.006401081653797924,0.023428044253772082,0.10074755698708664,0.02832197396713891,0.0004012035113539716
spot_0993,0.2749875772015938,0.423555799220522,0.02230359651665896,0.14061595869098603,0.008102812733575396,0.00600415887540451,0.0023579185280858217,0.002440381500215788,0.0008819629127723637,0.0009703793097397609,0.0697345627718701,0.004899703680168531,0.034085741406026875,0.002382933074446251,0.005786953607945473,0.000889559969988344
spot_0994,0.33661407903461454,0.2268785948680236,0.09693136606852518,0.10664465562209184,0.11539369362702688,0.0018264218157480992,0.00801879619672087,0.0021723963775932558,0.0011584507837665734,0.0010569621337348156,0.08046499619859632,0.0038239911661023442,0.012030567779549643,0.002282230314398544,0.002563126912845584,0.0021396711006618934
spot_0995,0.18872327100970068,0.25287755911209764,0.23963101434732004,0.08757643855284632,0.020353085082024516,0.008053677926067426,0.04016599669697204,0.07904153698035597,0.0007920191246594671,0.000886369366495946,0.030662615461751315,0.0030222325187127335,0.018583053940305065,0.02186835239731252,0.00694213708096168,0.000820640402416671
spot_0996,0.38836703015763346,0.09940297155342816,0.1273750001999333,0.010433865846217796,0.024985924781839874,0.013339204121344256,0.005628933305883137,0.016031894889342375,0.030219766923804944,0.13083068351526886,0.008862342462075937,0.057010020696004346,0.011605036935772455,0.03576914600917065,0.02957447122022762,0.010563707382052848
spot_0997,0.48109677180527105,0.07360695131592511,0.04554755887780677,0.010843811478225468,0.06419271336463835,0.021696651592326675,0.04292932577600087,0.053593761521704725,0.05602630241098393,0.02142846456446072,0.012763553479349186,0.023701967770778876,0.030682534693567232,0.017391207981408235,0.006562501865554143,0.03793592150199866
spot_0998,0.2942585479656203,0.24724676865628434,0.25595672619210835,0.003570574928386373,0.010933894152870587,0.0010655770859977754,0.0018145793115101352,0.000988333167430704,0.02871099719889832,0.06690993406746015,0.003120379208030868,0.05602122177041967,0.00408586919022627,0.000988077239006,0.0015804518979317748,0.022748067967818406
spot_0999,0.4931881089364158,0.23132750211641656,0.14231238657282055,0.031101667960245747,0.0381091236957096,0.0013237191545848175,0.00458806910989458,0.0017337317696382848,0.0006886437260523795,0.0008076016502221542,0.006649815950181878,0.03075352847987188,0.013118989596938475,0.0014054324366329632,0.002220490503263829,0.0006711883411105058
spot_1000,0.324051468072873,0.1355071769006351,0.009271493351048501,0.05746632250436469,0.0346953071753356,0.008353426662295762,0.10792750307057578,0.11068061729716198,0.005086726248117182,0.02300861204331536,0.042977089312628496,0.07427508129838939,0.01934076484626766,0.008645174022817084,0.02129056910710573,0.017422668087068677
spot_1001,0.4909645813265073,0.1462105513641317,0.06673347721167683,0.007531385572041476,0.17788051355831033,0.0019242042341392873,0.005180938233590423,0.0021385723687685275,0.0016584984700434666,0.001676607913610972,0.002413277288508526,0.05933279855371721,0.031038104998404287,0.002793745774728584,0.0015675186040073424,0.0009552245278137742
spot_1002,0.4244620615928948,0.14060631661879072,0.14538722379965666,0.008276553492976936,0.043228983974636155,0.011749859442977281,0.005455280106411356,0.0026102965296606316,0.046695851763797626,0.0675954894970677,0.011754047016423267,0.05859259236762373,0.006583564215630835,0.0033690135933244743,0.0020468967893333676,0.021585969198794453
spot_1003,0.4413920077385567,0.028529882007421518,0.092530308042399,0.009904434585562553,0.049790566925141014,0.005419023888903039,0.13713957913197913,0.031548646066184904,0.019225959992134556,0.057412656501575676,0.004322754762851252,0.08110447596013326,0.011713243361323256,0.008222757583608213,0.015923669926399108,0.005820033525826821
spot_1004,0.6901128462740528,0.11539444342072006,0.1297161783963349,0.0045504599722395,0.01490837201559637,0.0009477049143265194,0.0022766773324528243,0.0010445875404778476,0.0007996374235617028,0.000881880961923643,0.005375708716344081,0.02752557505195797,0.0031205080131614374,0.0008892761997198623,0.001622893458754065,0.0008332503083764262
spot_1005,0.47775496347262586,0.07902891503424378,0.18212999185556764,0.024328107956515955,0.010452420179844142,0.006080529498831463,0.07801444680012479,0.015371188107824629,0.0009429437865522384,0.00099038491208843,0.03254755754033042,0.01017434172477969,0.005671813047288337,0.006524446764567755,0.06903136218953959,0.000956587129275299
spot_1006,0.9406771968449733,0.001654240317732356,0.0015914427250324668,0.0016777520181173358,0.02566845115882358,0.001735171264801924,0.0015896611755912878,0.0016725416205337436,0.0022301570911455876,0.0021643642920739026,0.0016469860255367678,0.010541009522444298,0.001894897675730937,0.0017188117914884392,0.0015932603482847008,0.0019440561276893311
spot_1007,0.37713427997082094,0.0680816552393578,0.051103512553537386,0.17527143235009834,0.018565092897676987,0.05400966791416572,0.06099002448024589,0.06549368224941574,0.0014006586114922543,0.0010271764239012642,0.028815985567683854,0.0013755311797014717,0.029578686478492967,0.02535015106697357,0.0410489522193252,0.0007535107971106523
spot_1008,0.35790071235737625,0.11792016882755173,0.08329494265901147,0.022726610443267486,0.004941636490255393,0.2637547450716108,0.02006680771595981,0.015551712054731682,0.0056580330921843,0.025570212223587706,0.0061596852549164,0.009640282528687729,0.029708226379319944,0.015246819590955552,0.016675692053066724,0.0051837132575170905
spot_1009,0.10708604351836551,0.011831003717477721,0.2757509286552776,0.11377711620116746,0.06462969719122458,0.013089852749408864,0.05333460713115907,0.03209600559235217,0.039194385496430624,0.050583617031457764,0.02770304324220357,0.03376688245981606,0.011758059689645897,0.06535476082787292,0.05466217970188656,0.04538181679425361
spot_1010,0.22691960337448686,0.2509124619662229,0.303557773171707,0.007996755698058529,0.006717470549387836,0.02902407990850723,0.037266663931819995,0.025931383367744733,0.002250173108789686,0.0014262190497929467,0.01915932536050416,0.006054493323320047,0.007562347439454708,0.049491074778396676,0.024562908242978663,0.0011672667288280029
spot_1011,0.2825839131269519,0.00861130226264159,0.006186070858495119,0.0700360460362591,0.023950775271027156,0.13041200425962332,0.00805171308121927,0.07530656157360616,0.05675856719675233,0.060679258782351024,0.08175878759527516,0.1147456346225748,0.006988037618457908,0.030914448333592182,0.004649523126266103,0.038367356254906844
spot_1012,0.39078399924947405,0.13305632685256966,0.024422823608913083,0.061786660077542466,0.08495354557890504,0.07538965143382761,0.006017005645297973,0.007436620442749151,0.004522079547368423,0.002683565600947821,0.05240156565258548,0.11095642228235676,0.01879314479300954,0.013411084129247812,0.011453619844749734,0.0019318852604554122
spot_1013,0.3467627741635476,0.017840257503110756,0.30918295183381833,0.004562670033441583,0.02221027406766794,0.012182871681870594,0.08961500703327274,0.00782238297616754,0.063216293089384,0.0382751506491972,0.0031271362836062374,0.05814110640034369,0.008940356112717828,0.005290688562397442,0.002415745365702121,0.010414334243754356
spot_1014,0.24615921871334373,0.1410970571347307,0.1278287053991305,0.08928988802034467,0.01741569593486941,0.051293101773496594,0.07517349797038288,0.10549157189621322,0.0005972281305789543,0.0005885143053599634,0.015551462515175694,0.014836078356540714,0.016965577941808165,0.08035793285082472,0.016869086706770963,0.0004853823504291274
spot_1015,0.2861915409669472,0.2591530315436876,0.08603421137388186,0.16455813007540884,0.022047820629858942,0.0009077743096710973,0.002831779292917184,0.0010678469791452383,0.04773059032764546,0.007109973480792096,0.00756012702525541,0.006103029050667817,0.10051472960123636,0.0011634437606654613,0.001113560113917078,0.005912411468302405
spot_1016,0.209565608720342,0.10542853571526317,0.10272059038175523,0.18656850414133794,0.029735086858474587,0.0038592528146996403,0.08086866499056904,0.020683370305569097,0.10158743874599625,0.06886431220712973,0.012636399495369953,0.02646207920277364,0.011175537990700193,0.00605092129169466,0.006777991552302487,0.02701570558602241
spot_1017,0.032382487831340116,0.15880673886116914,0.22670656792001195,0.17458249726511185,0.08716893971785915,0.0020951161209341682,0.0696461114749552,0.010350370375121735,0.054522056209788665,0.036511650202298906,0.0629002230182593,0.005973138663580766,0.024848118426323333,0.0029130662155804144,0.02891835019430768,0.021674567503357618
spot_1018,0.4319635382692343,0.028397824367226692,0.011795895639191653,0.10585235614386651,0.034098169559269746,0.05348794891115403,0.05754804650500754,0.011900895458180476,0.0461126396281595,0.032778789082676535,0.06108308538593407,0.0684107316605181,0.011754465847779678,0.012313932765741373,0.022059403593466073,0.010442277182593761
spot_1019,0.17492817387831316,0.24158679455414106,0.10396570549172927,0.19273446651126785,0.10493448672954603,0.009113541988128507,0.01943213515632939,0.04314410060190488,0.0009956138669807591,0.0010733839196554336,0.020281586570089796,0.004850701993476044,0.07212460767123985,0.0051486733009279044,0.004653510512398658,0.0010325172538714076
spot_1020,0.21285369566388093,0.1611211744199468,0.11149335127681666,0.2597464732024117,0.049924393682003285,0.002153419234600378,0.09444907524642988,0.015352577337391994,0.007304865129827348,0.010342817452998063,0.009599916053210157,0.014041350286875288,0.03421569908815706,0.005695610595182657,0.0026106841492919306,0.009094897180975883
spot_1021,0.05129352413369018,0.11871835092146872,0.11443351556896701,0.09436013320582415,0.009584577232117947,0.060502507423041016,0.05920191460781662,0.06344317932767674,0.0720744441112437,0.015318121449705912,0.1291847420113151,0.0021563131505287,0.015237793466131137,0.06433562073125056,0.056973474796529366,0.07318178786269315
spot_1022,0.4474779779949617,0.12107945365199178,0.10485932630001435,0.11583750343852676,0.0057890795682746556,0.002775995487923784,0.004442544382546414,0.002820547937819069,0.007102918587928848,0.06683556187106336,0.07454863075674285,0.007361937067254063,0.01961905718362868,0.002139647994687876,0.004311798457783485,0.01299801931885229
spot_1023,0.03910884191690873,0.1709122476828515,0.1694136388945426,0.07814568912854314,0.0045669134652275645,0.10601880784785317,0.15281556608305172,0.04580695770097522,0.07348243885885423,0.007062322272994799,0.02511175534046942,0.010879065216864756,0.01540134012731242,0.026461681040224515,0.06756686320487391,0.007245871218452282
