spot,Inhibitory neurons,Excitatory neurons,Astrocytes,Oligodendrocytes,OPCs,Microglia
AAACATCGAAACATCG,0.2931024134159088,0.10305484384298325,0.10393816977739334,0.08280099183320999,0.07516689598560333,0.15254954993724823
AAACATCGAACAACCA,0.4074845314025879,0.2930770516395569,0.7018339037895203,0.3686038553714752,0.04920428618788719,0.16614964604377747
AAACATCGAACCGAGA,0.18206149339675903,0.023564644157886505,0.1356150358915329,0.07903465628623962,0.06845461577177048,0.1917557716369629
AAACATCGAACGCTTA,0.10506273806095123,0.029807409271597862,0.06332525610923767,0.03603963553905487,0.012493306770920753,0.07396470010280609
AAACATCGAACGTGAT,0.08210453391075134,0.046458881348371506,0.14456185698509216,0.041663531213998795,0.02064676210284233,0.02624959498643875
AAACATCGAAGACGGA,0.10391854494810104,0.05294923111796379,0.5371187925338745,0.44175463914871216,0.04600370302796364,0.11242487281560898
AAACATCGAAGGTACA,0.08178036659955978,0.0531541109085083,0.4785490036010742,0.20651638507843018,0.19124922156333923,0.11591190844774246
AAACATCGACAAGCTA,0.6992114186286926,0.23987586796283722,0.3722097873687744,0.4220447242259979,0.047658342868089676,0.10072190314531326
AAACATCGACACAGAA,0.30423271656036377,0.20032721757888794,1.1371006965637207,0.7800412178039551,0.7140029072761536,0.9050303101539612
AAACATCGACAGCAGA,0.1598740518093109,0.08859359472990036,0.2937971353530884,0.29668259620666504,0.1638559103012085,0.22733740508556366
AAACATCGACATTGGC,0.2608815133571625,0.06184380501508713,0.07426668703556061,0.1692836731672287,0.028275689110159874,0.6069813370704651
AAACATCGACCACTGT,0.05526276305317879,0.040959615260362625,0.020453013479709625,0.06941470503807068,0.026220673695206642,0.055406343191862106
AAACATCGACCTCCAA,0.080237977206707,0.07992597669363022,0.06804145127534866,0.041752565652132034,0.047353506088256836,0.11696936190128326
AAACATCGACGCTCGA,0.2031967043876648,0.17029960453510284,0.042663924396038055,0.028204314410686493,0.037117622792720795,0.12092963606119156
AAACATCGACGTATCA,0.050846073776483536,0.08026621490716934,0.1023005023598671,0.07985538244247437,0.03195172920823097,0.02437015436589718
AAACATCGACTATGCA,0.09648647904396057,0.05526005104184151,0.05702560022473335,0.07855723053216934,0.03706458956003189,0.04676846042275429
AAACATCGAGAGTCAA,0.08101394772529602,0.03305317834019661,0.08183720707893372,0.11788468807935715,0.03134593367576599,0.08601575344800949
AAACATCGAGATCGCA,0.06221560016274452,0.03988948091864586,0.12749744951725006,0.1294764131307602,0.02640734240412712,0.02088000625371933
AAACATCGAGCAGGAA,0.07442708313465118,0.05626261979341507,0.020804211497306824,0.023205669596791267,0.06534349918365479,0.11146679520606995
AAACATCGAGTACAAG,0.4257977604866028,0.1430104672908783,0.21117913722991943,0.1186092272400856,0.1959495097398758,0.21787819266319275
AAACATCGAGTCACTA,0.09799925982952118,0.029626691713929176,0.08598161488771439,0.13891862332820892,0.09283550828695297,0.13051052391529083
AAACATCGAGTGGTCA,0.017752863466739655,0.01940513402223587,0.012056050822138786,0.02144218236207962,0.017275821417570114,0.04593436419963837
AAACATCGATCCTGTA,0.1682433933019638,0.0608995258808136,0.02416262775659561,0.06283444911241531,0.021076658740639687,0.07622449100017548
AAACATCGATGCCTAA,0.12677590548992157,0.043996285647153854,0.1642051786184311,0.356601744890213,0.12906458973884583,0.07885806262493134
AAACATCGATTGAGGA,0.06527327746152878,0.02917472831904888,0.07278658449649811,0.09061887860298157,0.022646259516477585,0.01952984929084778
AAACATCGCAACCACA,0.07408180832862854,0.027397193014621735,0.030336366966366768,0.050490476191043854,0.018881943076848984,0.05178216099739075
AAACATCGCAAGACTA,1.8520472049713135,0.1222459152340889,0.90941321849823,0.4682515859603882,0.2021624594926834,0.9095540642738342
AAACATCGCAATGGAA,0.10147904604673386,0.055355533957481384,0.044648636132478714,0.038093630224466324,0.07399792969226837,0.021662265062332153
AAACATCGCACTTCGA,0.06890731304883957,0.047286536544561386,0.23637233674526215,0.0933721512556076,0.037529464811086655,0.06336553394794464
AAACATCGCAGATCTG,0.7869608998298645,0.5660333037376404,0.3285171687602997,0.6388947367668152,0.2231396734714508,0.33480656147003174
AAACATCGCAGCGTTA,0.11621233820915222,0.05805223807692528,0.038753435015678406,0.055773962289094925,0.06163719296455383,0.0875059962272644
AAACATCGCATACCAA,0.04594200849533081,0.05711336061358452,0.0351732037961483,0.2106676548719406,0.03322666510939598,0.02525264583528042
AAACATCGCATCAAGT,0.2091461718082428,0.3506603538990021,0.3281498849391937,0.3582375943660736,0.5148475766181946,0.3226378858089447
AAACATCGCCAGTTCA,0.0353064239025116,0.04342213273048401,0.04645201563835144,0.0640728771686554,0.04162150248885155,0.07884912937879562
AAACATCGCCGAAGTA,0.052559904754161835,0.023682374507188797,0.10618168115615845,0.029673999175429344,0.018950968980789185,0.12119460105895996
AAACATCGCCGTGAGA,0.0631362721323967,0.03927300497889519,0.2826022207736969,0.06768731772899628,0.0810135081410408,0.0845990851521492
AAACATCGCCTCCTGA,0.07728073745965958,0.032891348004341125,0.11157317459583282,0.17958217859268188,0.05180874839425087,0.06315816193819046
AAACATCGCGAACTTA,0.4918871223926544,0.050730228424072266,0.35490724444389343,0.5840152502059937,0.05670512467622757,0.5012974143028259
AAACATCGCGACTGGA,0.13863620162010193,0.06907986849546432,0.8041064143180847,0.44840753078460693,0.17802077531814575,1.4615486860275269
AAACATCGCGCATACA,0.8181719779968262,0.1152447760105133,0.797770619392395,0.9772917032241821,0.23242658376693726,1.2841832637786865
AAACATCGCGCTGATC,0.3958374261856079,0.9918389320373535,0.537990391254425,0.5117855072021484,0.23408393561840057,0.3675926923751831
AAACATCGCTCAATGA,0.2946183979511261,0.21747711300849915,2.079286813735962,0.7869259119033813,0.4419884979724884,0.5593897700309753
AAACATCGCTGAGCCA,1.3915256261825562,0.2866727411746979,2.258540630340576,0.6018144488334656,0.4450806975364685,0.4852926731109619
AAACATCGCTGGCATA,2.1811583042144775,0.12224863469600677,1.281413197517395,1.2905590534210205,0.1014799177646637,2.1533102989196777
AAACATCGCTGTAGCC,0.2537267208099365,0.34836888313293457,0.5659631490707397,0.2694718837738037,0.18805061280727386,0.5110398530960083
AAACATCGGAATCTGA,2.1252870559692383,0.23941196501255035,1.3421299457550049,0.414620578289032,0.2296893298625946,1.365673542022705
AAACATCGGACTAGTA,0.03866928070783615,0.019770216196775436,0.016525598242878914,0.026487460359930992,0.021066322922706604,0.05251462012529373
AAACATCGGAGCTGAA,1.3708148002624512,0.12198103964328766,1.0877525806427002,0.8499486446380615,0.2408691644668579,1.1866381168365479
AAACATCGGATAGACA,1.2565743923187256,0.09874923527240753,0.6629252433776855,0.8784664273262024,0.15879575908184052,1.0750741958618164
AAACATCGGCCACATA,0.7565322518348694,0.06739125400781631,0.5054001212120056,0.12177760154008865,0.13510079681873322,0.24806268513202667
AACAACCAAAACATCG,0.08688367903232574,0.041303034871816635,0.2121458202600479,0.44208309054374695,0.07046334445476532,0.2104869931936264
AACAACCAAACAACCA,0.24035324156284332,0.05408942326903343,0.06900627166032791,0.060602396726608276,0.05174356698989868,0.0712134912610054
AACAACCAAACCGAGA,0.14163422584533691,0.10843604803085327,0.30798837542533875,0.02998504228889942,0.025424009189009666,0.3733421266078949
AACAACCAAACGCTTA,0.1902727335691452,0.056807491928339005,0.27861514687538147,0.10085911303758621,0.04434743523597717,0.06777168065309525
AACAACCAAACGTGAT,0.08884646743535995,0.04924393072724342,0.08829010277986526,0.04695676639676094,0.09126398712396622,0.02948324754834175
AACAACCAAAGACGGA,0.09852626919746399,0.057354629039764404,0.27004310488700867,0.06832023710012436,0.10267539322376251,0.2132488638162613
AACAACCAAAGGTACA,0.11411918699741364,0.0824672132730484,0.30830153822898865,0.06333281844854355,0.046609967947006226,0.03395792841911316
AACAACCAACAAGCTA,0.4987592101097107,0.10103580355644226,0.45455262064933777,0.2645600438117981,0.2783907651901245,0.38781046867370605
AACAACCAACACAGAA,0.5137966275215149,0.0526622049510479,0.3569657802581787,0.15318529307842255,0.23174051940441132,0.35243940353393555
AACAACCAACAGCAGA,0.3004186749458313,0.11606956273317337,0.6478617787361145,0.44380486011505127,0.1325097680091858,0.18561233580112457
AACAACCAACATTGGC,0.19495633244514465,0.05889224633574486,0.10308010131120682,0.12362730503082275,0.02424541488289833,0.1847953051328659
AACAACCAACCACTGT,0.22650209069252014,0.05938907712697983,0.9406809210777283,0.04764587804675102,0.05175236612558365,0.18486857414245605
AACAACCAACCTCCAA,0.09797047823667526,0.03654233366250992,0.147403284907341,0.12291108071804047,0.046568747609853745,0.2680148482322693
AACAACCAACGCTCGA,0.6424993872642517,0.15229420363903046,1.8863526582717896,0.21365119516849518,0.3717567026615143,1.2477140426635742
AACAACCAACGTATCA,0.35104724764823914,0.11363831907510757,0.7387847304344177,0.3375781178474426,0.15423224866390228,0.4558935761451721
AACAACCAACTATGCA,1.1440860033035278,0.1808306872844696,0.5373146533966064,0.6475993394851685,0.3258051574230194,0.5696621537208557
AACAACCAAGAGTCAA,1.0114542245864868,1.4086710214614868,0.6882258653640747,0.8135501742362976,0.8777995109558105,0.995117723941803
AACAACCAAGATCGCA,0.1369933933019638,0.08150485903024673,0.3529464304447174,0.12940813601016998,0.045762013643980026,0.2861343026161194
AACAACCAAGCAGGAA,0.23552808165550232,0.1350168138742447,0.23063112795352936,0.24283438920974731,0.3076547384262085,0.6989226937294006
AACAACCAAGTACAAG,0.4235665500164032,0.05163643881678581,0.10628817975521088,0.03158227354288101,0.0660826712846756,0.09482894092798233
AACAACCAAGTCACTA,0.0824117586016655,0.040894072502851486,0.4885798692703247,0.08142130076885223,0.07326504588127136,0.22335322201251984
AACAACCAAGTGGTCA,0.19373656809329987,0.04731050878763199,0.5945734977722168,0.07439341396093369,0.07983791083097458,0.14497186243534088
AACAACCAATCCTGTA,0.18384824693202972,0.08960592746734619,0.15964065492153168,0.04466460645198822,0.028110863640904427,0.17998269200325012
AACAACCAATGCCTAA,0.4863247871398926,0.09799870103597641,1.346157431602478,1.0578136444091797,0.6680378317832947,2.082155704498291
AACAACCAATTGAGGA,0.05538288503885269,0.09844379872083664,0.044785141944885254,0.05306409299373627,0.028709745034575462,0.03808895871043205
AACAACCACAACCACA,0.0803663581609726,0.034762147814035416,0.05045395717024803,0.10990922152996063,0.0629999190568924,0.11052680015563965
AACAACCACAAGACTA,0.2675733268260956,0.050512801855802536,0.4542834162712097,0.5511937141418457,0.08390199393033981,0.29449108242988586
AACAACCACAATGGAA,0.060671959072351456,0.057626258581876755,0.1792462170124054,0.0668909028172493,0.03408262878656387,0.07258976250886917
AACAACCACACTTCGA,0.04001963138580322,0.036271754652261734,0.09667198359966278,0.0798177719116211,0.03928358852863312,0.0760747566819191
AACAACCACAGATCTG,0.7229587435722351,0.4237150251865387,0.19417323172092438,0.5251419544219971,0.25550830364227295,0.35516929626464844
AACAACCACAGCGTTA,0.04801356419920921,0.045494236052036285,0.08122096210718155,0.05197025462985039,0.017512895166873932,0.03952904790639877
AACAACCACATACCAA,0.18830358982086182,0.03063134290277958,0.03137275576591492,0.030494676902890205,0.027567565441131592,0.09582491219043732
AACAACCACATCAAGT,0.3241107165813446,0.25842490792274475,1.350058674812317,0.6528999209403992,0.5485756397247314,0.6792593002319336
AACAACCACCAGTTCA,0.06728244572877884,0.031683072447776794,0.0830439031124115,0.1180262565612793,0.09406522661447525,0.21288706362247467
AACAACCACCGAAGTA,0.1107766404747963,0.025494804605841637,0.03073551505804062,0.020672127604484558,0.1111656203866005,0.0569491870701313
AACAACCACCGTGAGA,0.028232287615537643,0.03916176036000252,0.05368296802043915,0.07245849072933197,0.013216926716268063,0.02624593675136566
AACAACCACCTCCTGA,0.05758071690797806,0.044906649738550186,0.03315965086221695,0.06285984814167023,0.020926816388964653,0.07566553354263306
AACAACCACGAACTTA,0.07640355825424194,0.04639581963419914,0.07140401750802994,0.17023900151252747,0.07610192894935608,0.15671099722385406
AACAACCACGACTGGA,0.102780781686306,0.10515102744102478,0.031916212290525436,0.12503133714199066,0.032383643090724945,0.037850189954042435
AACAACCACGCATACA,0.07514216005802155,0.050514187663793564,0.12305929511785507,0.03955927491188049,0.03342846408486366,0.15029172599315643
AACAACCACGCTGATC,0.21508237719535828,0.08897359669208527,0.040130674839019775,0.14789597690105438,0.13640256226062775,0.11064787954092026
AACAACCACTCAATGA,0.09812359511852264,0.06734392046928406,0.262025386095047,0.2672249376773834,0.030873337760567665,0.19573791325092316
AACAACCACTGAGCCA,0.047937266528606415,0.048380352556705475,0.06255559623241425,0.07588709890842438,0.029002735391259193,0.10970088839530945
AACAACCACTGGCATA,0.04770610108971596,0.08014081418514252,0.03142376244068146,0.1539727747440338,0.10478018969297409,0.13111978769302368
AACAACCACTGTAGCC,0.44637730717658997,0.2245752364397049,1.2357686758041382,0.6089669466018677,0.26102685928344727,0.0988091230392456
AACAACCAGAATCTGA,0.2649737298488617,0.04752465710043907,0.2901214361190796,0.1272117644548416,0.0378437377512455,0.11773902177810669
AACAACCAGACTAGTA,0.05524911731481552,0.03312006592750549,0.1748592108488083,0.09352314472198486,0.03447979688644409,0.08334623277187347
AACAACCAGAGCTGAA,0.09584078937768936,0.04739875718951225,0.1379174292087555,0.38994818925857544,0.060275185853242874,0.030497483909130096
AACAACCAGATAGACA,1.6325980424880981,0.1059177815914154,1.0655186176300049,0.7962403297424316,0.15991507470607758,1.394887089729309
AACAACCAGCCACATA,1.1917150020599365,0.09766559302806854,0.356374591588974,0.7184808254241943,0.09931822121143341,1.1030951738357544
AACCGAGAAAACATCG,0.07942616194486618,0.02623319998383522,0.07279980927705765,0.07359535247087479,0.02521418035030365,0.08617748320102692
AACCGAGAAACAACCA,0.6670095324516296,0.1963416337966919,0.5524585843086243,0.5104426741600037,0.6322706341743469,0.47232329845428467
AACCGAGAAACCGAGA,0.30644750595092773,0.04759664833545685,0.17061066627502441,0.079086072742939,0.03776730224490166,0.2874141037464142
AACCGAGAAACGCTTA,0.335657000541687,0.21652954816818237,0.1813117265701294,0.29071468114852905,0.19546860456466675,0.3573330044746399
AACCGAGAAACGTGAT,0.08652302622795105,0.05652907118201256,0.08722388744354248,0.031081197783350945,0.013980640098452568,0.22548553347587585
AACCGAGAAAGACGGA,0.1751866191625595,0.1128050684928894,0.36272212862968445,0.12985040247440338,0.1442633867263794,0.1863490641117096
AACCGAGAAAGGTACA,0.22243541479110718,0.0426083542406559,0.15304464101791382,0.12193367630243301,0.09642422944307327,0.047135405242443085
AACCGAGAACAAGCTA,0.13168728351593018,0.13481399416923523,0.3306801915168762,0.09938274323940277,0.05634529888629913,0.25309401750564575
AACCGAGAACACAGAA,0.13615970313549042,0.2764427959918976,0.8004782199859619,0.21963655948638916,0.27695029973983765,0.3053528070449829
AACCGAGAACAGCAGA,0.30808696150779724,0.06418147683143616,0.44220900535583496,0.2912735342979431,0.13945622742176056,0.13798187673091888
AACCGAGAACATTGGC,0.1745547205209732,0.0326065868139267,0.07290235161781311,0.20392194390296936,0.050018180161714554,0.37608107924461365
AACCGAGAACCACTGT,0.2684822380542755,0.023214181885123253,0.051991697400808334,0.041230209171772,0.04321419447660446,0.01619952917098999
AACCGAGAACCTCCAA,0.34146687388420105,0.10201866924762726,1.1381652355194092,0.3756212294101715,0.32324132323265076,0.3620004951953888
AACCGAGAACGCTCGA,0.23659585416316986,0.08960632979869843,1.1771433353424072,0.2855612337589264,0.33402732014656067,0.16342900693416595
AACCGAGAACGTATCA,0.3398502469062805,0.06476784497499466,1.2966768741607666,0.4145243465900421,0.1970444917678833,0.193039208650589
AACCGAGAACTATGCA,0.23596033453941345,0.07841586321592331,0.5583482384681702,0.24209454655647278,0.13622882962226868,0.08959610015153885
AACCGAGAAGAGTCAA,0.7172480821609497,1.4312893152236938,2.4651565551757812,0.8544655442237854,0.7616166472434998,0.6154152154922485
AACCGAGAAGATCGCA,0.760895311832428,0.49797165393829346,0.7377633452415466,0.8015533685684204,0.9671738147735596,0.669874370098114
AACCGAGAAGCAGGAA,0.7082160711288452,0.45722293853759766,0.5394549369812012,0.2696532905101776,0.2715475559234619,0.4605399966239929
AACCGAGAAGTACAAG,0.18021127581596375,0.06985022872686386,0.2278999537229538,0.1365536004304886,0.13495869934558868,0.20353484153747559
AACCGAGAAGTCACTA,0.44391679763793945,0.31327030062675476,0.18169938027858734,0.23131431639194489,0.09439417719841003,0.27064815163612366
AACCGAGAAGTGGTCA,0.12230949848890305,0.06401000171899796,0.0394560731947422,0.11330223828554153,0.03553542494773865,0.1230955719947815
AACCGAGAATCCTGTA,0.16781635582447052,0.09966542571783066,0.22085589170455933,0.07677741348743439,0.0648728758096695,0.11548203229904175
AACCGAGAATGCCTAA,0.4969298541545868,0.34906432032585144,1.2119650840759277,0.9170533418655396,0.4506501853466034,1.4599357843399048
AACCGAGAATTGAGGA,0.07224226742982864,0.07354602962732315,1.0381652116775513,0.07360810786485672,0.3925487995147705,0.15451666712760925
AACCGAGACAACCACA,0.07682373374700546,0.048453643918037415,0.13018953800201416,0.4372090995311737,0.08747506141662598,0.05610789731144905
AACCGAGACAAGACTA,0.106547050178051,0.08372985571622849,0.0790158286690712,0.11998853087425232,0.08216051012277603,0.026658091694116592
AACCGAGACAATGGAA,0.08038449287414551,0.03630818426609039,1.062717318534851,0.07255914062261581,0.11623729765415192,0.07757364958524704
AACCGAGACACTTCGA,0.16444455087184906,0.053618598729372025,0.16183415055274963,0.05284624174237251,0.049256857484579086,0.10127758234739304
AACCGAGACAGATCTG,0.33106207847595215,0.0728926733136177,0.4769211709499359,0.37276071310043335,0.1334788203239441,0.38916823267936707
AACCGAGACAGCGTTA,0.10067775845527649,0.03308258578181267,0.07638970017433167,0.12410947680473328,0.03262276574969292,0.11165934801101685
AACCGAGACATACCAA,0.05473513901233673,0.038310591131448746,0.09605126827955246,0.19329029321670532,0.026391159743070602,0.09288213402032852
AACCGAGACATCAAGT,0.7805378437042236,0.7613747715950012,1.242147445678711,0.5560595989227295,0.7269923686981201,0.7290076613426208
AACCGAGACCAGTTCA,0.0456429123878479,0.03592388331890106,0.021216439083218575,0.037449564784765244,0.06511446833610535,0.07912549376487732
AACCGAGACCGAAGTA,0.032608095556497574,0.03449214622378349,0.08102437853813171,0.06373964995145798,0.04248731583356857,0.12659190595149994
AACCGAGACCGTGAGA,0.05379790812730789,0.0670522078871727,0.04666546732187271,0.033323053270578384,0.016668980941176414,0.07253779470920563
AACCGAGACCTCCTGA,0.030087275430560112,0.020464817062020302,0.03027532994747162,0.05133995786309242,0.02392682619392872,0.18885266780853271
AACCGAGACGAACTTA,0.10405127704143524,0.06900757551193237,0.11578241735696793,0.11467716842889786,0.04419670253992081,0.10618048906326294
AACCGAGACGACTGGA,0.11934874951839447,0.05498844385147095,0.08729047328233719,0.10175862908363342,0.04223456233739853,0.07001571357250214
AACCGAGACGCATACA,0.05244516581296921,0.04553708806633949,0.03534331172704697,0.165398508310318,0.023725619539618492,0.1517038196325302
AACCGAGACGCTGATC,0.23908984661102295,0.14008313417434692,0.31110140681266785,0.38342610001564026,0.10939157009124756,0.05832900479435921
AACCGAGACTCAATGA,0.1124381497502327,0.06831996887922287,0.052503954619169235,0.08265788853168488,0.07695521414279938,0.08748388290405273
AACCGAGACTGAGCCA,0.029315786436200142,0.03331791236996651,0.1862052083015442,0.1577366292476654,0.06334767490625381,0.06801118701696396
AACCGAGACTGGCATA,0.039389509707689285,0.02848735824227333,0.2742300033569336,0.1367250382900238,0.09594239294528961,0.17580720782279968
AACCGAGACTGTAGCC,0.2788679599761963,0.09850919246673584,0.4398095905780792,0.04925287887454033,0.05983300134539604,0.05211041867733002
AACCGAGAGAATCTGA,0.1393193155527115,0.04347547888755798,0.21976366639137268,0.31048640608787537,0.08357363194227219,0.2262224704027176
AACCGAGAGACTAGTA,0.06685324758291245,0.059439267963171005,0.18275509774684906,0.033334407955408096,0.038878072053194046,0.1737525761127472
AACCGAGAGAGCTGAA,0.09669085592031479,0.04461484029889107,0.12106563150882721,0.08036193996667862,0.01594829559326172,0.10442806780338287
AACCGAGAGATAGACA,0.12150376290082932,0.1536087989807129,0.8761335611343384,0.6229270100593567,0.16987986862659454,0.1169554740190506
AACCGAGAGCCACATA,0.8971887826919556,0.11127128452062607,2.12082839012146,0.8792494535446167,0.11870534718036652,0.3932141959667206
AACGCTTAAAACATCG,0.033490944653749466,0.022514525800943375,0.1472536325454712,0.04008050262928009,0.06677403301000595,0.12235885113477707
AACGCTTAAACAACCA,0.1852504014968872,0.05569065734744072,0.16682153940200806,0.11365644633769989,0.16211268305778503,0.18149197101593018
AACGCTTAAACCGAGA,0.14772416651248932,0.08152566105127335,1.0767886638641357,0.43504005670547485,0.15344467759132385,0.4359791576862335
AACGCTTAAACGCTTA,0.11176540702581406,0.03804172948002815,0.061697959899902344,0.09075223654508591,0.05714816227555275,0.1677914559841156
AACGCTTAAACGTGAT,0.07085482031106949,0.06636293977499008,0.02878994308412075,0.3248549699783325,0.17704063653945923,0.05753810703754425
AACGCTTAAAGACGGA,0.15146136283874512,0.03553824871778488,0.08086603879928589,0.08155877888202667,0.031154662370681763,0.10722816735506058
AACGCTTAAAGGTACA,0.17455661296844482,0.0900903269648552,0.11340939253568649,0.13514024019241333,0.0778125450015068,0.09500543028116226
AACGCTTAACAAGCTA,0.18733665347099304,0.04145786911249161,0.32186999917030334,0.25368013978004456,0.07945309579372406,0.14637282490730286
AACGCTTAACACAGAA,0.1139741763472557,0.09045231342315674,0.25806713104248047,0.10866431146860123,0.12321002036333084,0.3355959355831146
AACGCTTAACAGCAGA,0.13788090646266937,0.07170999050140381,0.04692527651786804,0.05005531758069992,0.018860720098018646,0.028677228838205338
AACGCTTAACATTGGC,0.12460732460021973,0.02260102704167366,0.11007042229175568,0.15075135231018066,0.026504870504140854,0.12527957558631897
AACGCTTAACCACTGT,0.2727358341217041,0.06785859912633896,0.11928409337997437,0.22731606662273407,0.048039600253105164,0.16740792989730835
AACGCTTAACCTCCAA,0.30418911576271057,0.10838370770215988,1.1981688737869263,0.5028020739555359,0.20737114548683167,0.264821320772171
AACGCTTAACGCTCGA,0.5675094127655029,0.1845218390226364,0.2576393485069275,0.15117615461349487,0.23521466553211212,0.3531341850757599
AACGCTTAACGTATCA,0.4580205976963043,0.06745623052120209,0.2720772325992584,0.2878981828689575,0.23582690954208374,0.63292396068573
AACGCTTAACTATGCA,0.4418787360191345,0.1711670309305191,1.0172977447509766,0.6039726138114929,0.4523220956325531,0.3387397527694702
AACGCTTAAGAGTCAA,0.0510566271841526,0.056997574865818024,0.19879348576068878,0.33313488960266113,0.057502955198287964,0.5285912156105042
AACGCTTAAGATCGCA,0.7757170796394348,0.8951804041862488,0.645322322845459,0.6493648886680603,0.6775213479995728,0.6640979647636414
AACGCTTAAGCAGGAA,0.35758185386657715,0.07881533354520798,0.24854451417922974,0.09039642661809921,0.10458863526582718,0.11093638092279434
AACGCTTAAGTACAAG,0.26238852739334106,0.0456988699734211,0.06254328042268753,0.14386121928691864,0.029140319675207138,0.15326225757598877
AACGCTTAAGTCACTA,0.16298609972000122,0.11792367696762085,0.17622211575508118,0.2707677185535431,0.03987768664956093,0.22297394275665283
AACGCTTAAGTGGTCA,0.07988762110471725,0.05897756293416023,0.20800262689590454,0.41816839575767517,0.13845095038414001,0.060206975787878036
AACGCTTAATCCTGTA,0.07348013669252396,0.038374483585357666,0.2021007090806961,0.13158003985881805,0.0516715869307518,0.11382362246513367
AACGCTTAATGCCTAA,0.5739920139312744,0.13723379373550415,2.3053009510040283,1.523145318031311,0.5049740672111511,1.682855486869812
AACGCTTAATTGAGGA,0.4891703128814697,0.07723399251699448,0.1824996918439865,0.09763400256633759,0.20078562200069427,0.04883792996406555
AACGCTTACAACCACA,0.07237572222948074,0.046009331941604614,0.4336836636066437,0.06086594983935356,0.053901903331279755,0.09673986583948135
AACGCTTACAAGACTA,0.2725142538547516,0.0719272568821907,0.0498843677341938,0.02067669667303562,0.03385917842388153,0.0871528685092926
AACGCTTACAATGGAA,0.15160009264945984,0.04811537638306618,0.2446792721748352,0.0796256884932518,0.10239062458276749,0.3310113251209259
AACGCTTACACTTCGA,0.08807282149791718,0.07946652919054031,0.9374014735221863,0.21077018976211548,0.05932208150625229,0.0974523276090622
AACGCTTACAGATCTG,0.3014419674873352,0.05214525759220123,0.2929975688457489,0.30375686287879944,0.15234529972076416,0.7133397459983826
AACGCTTACAGCGTTA,0.07242811471223831,0.07832030951976776,0.5724657773971558,0.18111607432365417,0.04762439429759979,0.24159039556980133
AACGCTTACATACCAA,0.0893624946475029,0.07584362477064133,0.05972256138920784,0.12806251645088196,0.057694535702466965,0.08479374647140503
AACGCTTACATCAAGT,0.3468184471130371,0.6117072701454163,0.9676684141159058,0.8948042392730713,0.7255732417106628,0.9015151262283325
AACGCTTACCAGTTCA,0.01981024071574211,0.01877877116203308,0.0504365898668766,0.018881453201174736,0.03678402677178383,0.0303388349711895
AACGCTTACCGAAGTA,0.08115221560001373,0.03036716766655445,0.043632883578538895,0.04364493116736412,0.01875002682209015,0.11125344038009644
AACGCTTACCGTGAGA,0.04864451661705971,0.032003749161958694,0.02682945318520069,0.04586435854434967,0.04200645908713341,0.028049230575561523
AACGCTTACCTCCTGA,0.04863900691270828,0.0652189552783966,0.014322551898658276,0.016889121383428574,0.023718804121017456,0.01497048418968916
AACGCTTACGAACTTA,0.07035651057958603,0.08565255254507065,0.05755259469151497,0.19055618345737457,0.07783187180757523,0.04006396606564522
AACGCTTACGACTGGA,0.029084770008921623,0.08921226114034653,0.01684490218758583,0.023434586822986603,0.04381328076124191,0.0699666365981102
AACGCTTACGCATACA,0.07862453907728195,0.02996259555220604,0.09007000923156738,0.1444091945886612,0.03629700839519501,0.1866200864315033
AACGCTTACGCTGATC,0.31136518716812134,0.44672295451164246,0.2959846556186676,0.46065405011177063,0.7070209383964539,0.5841419100761414
AACGCTTACTCAATGA,0.04407081380486488,0.023805098608136177,0.03371795266866684,0.08797910809516907,0.05287950485944748,0.04731299355626106
AACGCTTACTGAGCCA,0.02564018778502941,0.046386219561100006,0.01850694976747036,0.06164034083485603,0.01910593919456005,0.02258923463523388
AACGCTTACTGGCATA,0.06116495281457901,0.03416212648153305,0.025661004707217216,0.0586371123790741,0.05087314918637276,0.03735681250691414
AACGCTTACTGTAGCC,0.10589460283517838,0.13261732459068298,0.038609445095062256,0.030534090474247932,0.10321331769227982,0.09281633794307709
AACGCTTAGAATCTGA,0.09186820685863495,0.04977777227759361,0.09851821511983871,0.09768804907798767,0.1068616658449173,0.19754096865653992
AACGCTTAGACTAGTA,0.037294574081897736,0.03611556813120842,0.10894353687763214,0.05785929039120674,0.03234603628516197,0.02725285105407238
AACGCTTAGAGCTGAA,0.12136173248291016,0.035612814128398895,0.022579392418265343,0.0856185182929039,0.031265005469322205,0.02356628328561783
AACGCTTAGATAGACA,0.06368481367826462,0.12202778458595276,0.28204208612442017,0.20875199139118195,0.06650550663471222,0.3164861500263214
AACGCTTAGCCACATA,0.07183375954627991,0.03244662284851074,0.06570270657539368,0.2077435702085495,0.046264342963695526,0.06977672874927521
AACGTGATAAACATCG,0.026875779032707214,0.03198825195431709,0.09782317280769348,0.09001541882753372,0.04887227714061737,0.06617067754268646
AACGTGATAACAACCA,0.23104333877563477,0.05780911445617676,0.08546192944049835,0.08475669473409653,0.03299378603696823,0.2142341285943985
AACGTGATAACCGAGA,0.22939448058605194,0.08064910024404526,0.23442721366882324,0.12085121124982834,0.049558334052562714,0.1687060296535492
AACGTGATAACGCTTA,0.15705206990242004,0.061275314539670944,0.399415522813797,0.11569982767105103,0.0750771164894104,0.037444692105054855
AACGTGATAACGTGAT,0.045572418719530106,0.03562840446829796,0.024086968973279,0.08957663923501968,0.046300698071718216,0.05149835720658302
AACGTGATAAGACGGA,0.16361993551254272,0.054783694446086884,0.047000303864479065,0.06354150921106339,0.05533097684383392,0.05884736403822899
AACGTGATAAGGTACA,0.15410153567790985,0.06023326516151428,0.4899333715438843,0.5199495553970337,0.2531793415546417,0.45974665880203247
AACGTGATACAAGCTA,0.8644257187843323,0.38456305861473083,0.7967610359191895,0.4469660818576813,0.46957457065582275,0.6171340346336365
AACGTGATACACAGAA,0.08728425204753876,0.18102096021175385,0.5607497096061707,0.3403889238834381,0.06930044293403625,0.06068355217576027
AACGTGATACAGCAGA,0.09314336627721786,0.09416088461875916,0.18570800125598907,0.08800646662712097,0.03548259288072586,0.10090523213148117
AACGTGATACATTGGC,0.15835894644260406,0.10474207252264023,0.0428662970662117,0.02249600924551487,0.028282666578888893,0.09134698659181595
AACGTGATACCACTGT,0.24937351047992706,0.04151403158903122,0.022147882729768753,0.16064919531345367,0.08395707607269287,0.05614091455936432
AACGTGATACCTCCAA,0.11495792120695114,0.04623735696077347,0.029678843915462494,0.08911345899105072,0.023544184863567352,0.12668870389461517
AACGTGATACGCTCGA,0.05313846096396446,0.09538541734218597,0.14052098989486694,0.033838093280792236,0.06172235310077667,0.05943325534462929
AACGTGATACGTATCA,0.045226119458675385,0.034962497651576996,0.09721342474222183,0.06461969763040543,0.04797879606485367,0.09243947267532349
AACGTGATACTATGCA,0.09513653069734573,0.03069899044930935,0.03364155814051628,0.0820407047867775,0.01853702776134014,0.08164159953594208
AACGTGATAGAGTCAA,0.13780932128429413,0.05200133100152016,0.041653893887996674,0.0422491729259491,0.05765432119369507,0.056609146296978
AACGTGATAGATCGCA,0.027395449578762054,0.032554954290390015,0.18184001743793488,0.019881408661603928,0.013570204377174377,0.10030382871627808
AACGTGATAGCAGGAA,0.04526471346616745,0.05157965421676636,0.08227070420980453,0.04134763032197952,0.04766528680920601,0.05457470566034317
AACGTGATAGTACAAG,0.15626473724842072,0.06790809333324432,0.09423894435167313,0.12804673612117767,0.024490507319569588,0.1008092537522316
AACGTGATAGTCACTA,0.13037864863872528,0.05852203071117401,0.11483623832464218,0.1080126017332077,0.020993947982788086,0.020584864541888237
AACGTGATAGTGGTCA,0.12938663363456726,0.023555807769298553,0.03347252681851387,0.03971013426780701,0.02185012958943844,0.014279182069003582
AACGTGATATCCTGTA,0.0604107603430748,0.04989200457930565,0.07611262053251266,0.06719646602869034,0.02838987112045288,0.054243382066488266
AACGTGATATGCCTAA,0.16812647879123688,0.03434539586305618,0.06687500327825546,0.08286799490451813,0.0343240462243557,0.08236485719680786
AACGTGATATTGAGGA,0.03420513495802879,0.024205738678574562,0.06343629956245422,0.06624259054660797,0.03271733596920967,0.044661421328783035
AACGTGATCAACCACA,0.048194147646427155,0.04283478856086731,0.03217514604330063,0.016218047589063644,0.09325326979160309,0.10982231050729752
AACGTGATCAAGACTA,1.4978035688400269,0.10770434886217117,0.5592408776283264,0.4049345850944519,0.029083965346217155,0.1673031747341156
AACGTGATCAATGGAA,0.03318657726049423,0.021773789077997208,0.07433918118476868,0.08546905964612961,0.016311129555106163,0.06997347623109818
AACGTGATCACTTCGA,0.03409940004348755,0.04159899055957794,0.04181857779622078,0.12040162086486816,0.030753927305340767,0.044799745082855225
AACGTGATCAGATCTG,0.9756596684455872,0.9221569299697876,0.7501887679100037,0.46111398935317993,0.5177223086357117,0.8076947927474976
AACGTGATCAGCGTTA,0.06356772035360336,0.024425549432635307,0.020111339166760445,0.09472000598907471,0.019294152036309242,0.06821569800376892
AACGTGATCATACCAA,0.032043006271123886,0.026360077783465385,0.048705533146858215,0.10098566114902496,0.048958320170640945,0.018948692828416824
AACGTGATCATCAAGT,0.4322153329849243,0.5388451218605042,0.6354740262031555,0.6806268692016602,0.4260649085044861,0.47465866804122925
AACGTGATCCAGTTCA,0.04878588765859604,0.11314943432807922,0.10548342764377594,0.0998980849981308,0.024688193574547768,0.09762383252382278
AACGTGATCCGAAGTA,0.12896791100502014,0.04066366329789162,0.2329384982585907,0.08767861872911453,0.04334482550621033,0.06810612231492996
AACGTGATCCGTGAGA,0.07732296735048294,0.07988846302032471,0.05691918730735779,0.16392192244529724,0.0207571629434824,0.10139913856983185
AACGTGATCCTCCTGA,0.09586455672979355,0.03164135292172432,0.08556845784187317,0.020297039300203323,0.015579947270452976,0.04756878688931465
AACGTGATCGAACTTA,0.6084738373756409,0.10437900573015213,0.36438971757888794,0.21850109100341797,0.38851961493492126,1.0837818384170532
AACGTGATCGACTGGA,0.7949851751327515,0.23565928637981415,0.7532492280006409,0.6296349167823792,0.1998218297958374,2.674600124359131
AACGTGATCGCATACA,0.8625763654708862,0.18005774915218353,1.1602296829223633,0.7136680483818054,0.4459899067878723,3.315577745437622
AACGTGATCGCTGATC,1.3224525451660156,0.7512688040733337,0.5146123170852661,0.6608233451843262,0.2777721881866455,0.5913675427436829
AACGTGATCTCAATGA,0.40895503759384155,0.15680600702762604,3.2826831340789795,0.4412984251976013,0.28281712532043457,0.6207952499389648
AACGTGATCTGAGCCA,1.2371830940246582,0.16505806148052216,3.4665446281433105,1.3300561904907227,0.8014030456542969,0.4650367200374603
AACGTGATCTGGCATA,2.1922826766967773,0.17587243020534515,1.8689724206924438,0.815558135509491,0.2889896333217621,0.5708134770393372
AACGTGATCTGTAGCC,0.3897565007209778,0.09542949497699738,0.6209028363227844,0.23959749937057495,0.1859089881181717,0.2955293655395508
AACGTGATGAATCTGA,1.9746025800704956,0.1027110368013382,1.4126617908477783,1.2977771759033203,0.2735338509082794,2.2859063148498535
AACGTGATGACTAGTA,0.03497952222824097,0.07477620244026184,0.03672701120376587,0.08759498596191406,0.019951511174440384,0.019287722185254097
AACGTGATGAGCTGAA,1.5937880277633667,0.057370372116565704,1.2288857698440552,0.24411679804325104,0.06313508003950119,0.7455163598060608
AACGTGATGATAGACA,0.9902940988540649,0.06448369473218918,0.6424508690834045,0.47756141424179077,0.3515705466270447,0.8463701605796814
AACGTGATGCCACATA,1.2166131734848022,0.06855956465005875,1.0501313209533691,0.6910914182662964,0.06349711865186691,0.5726483464241028
AAGACGGAAAACATCG,0.03429849073290825,0.033559732139110565,0.020545683801174164,0.0967262014746666,0.05164603143930435,0.03995657339692116
AAGACGGAAACAACCA,0.08117891103029251,0.043857935816049576,0.031897976994514465,0.06366416811943054,0.09998443722724915,0.11582033336162567
AAGACGGAAACCGAGA,0.5999955534934998,1.021244764328003,1.788564920425415,0.9803702235221863,0.7118226289749146,0.7136434316635132
AAGACGGAAACGCTTA,0.9865474104881287,0.31024327874183655,1.229856014251709,0.3152279257774353,0.09265054017305374,0.5005698204040527
AAGACGGAAACGTGAT,0.09533746540546417,0.03254653885960579,0.05746188387274742,0.047885291278362274,0.03481920808553696,0.03229530528187752
AAGACGGAAAGACGGA,0.13842551410198212,0.03047974221408367,0.15730123221874237,0.19979724287986755,0.03476227447390556,0.05298246443271637
AAGACGGAAAGGTACA,0.12931175529956818,0.03339972719550133,0.05753268674015999,0.05622158572077751,0.059077922254800797,0.039734210819005966
AAGACGGAACAAGCTA,0.2523384988307953,0.08201338350772858,0.4685330390930176,0.2064020037651062,0.05749641731381416,0.14358016848564148
AAGACGGAACACAGAA,0.16090592741966248,0.20029376447200775,0.4216310381889343,0.23503847420215607,0.21987737715244293,0.18538080155849457
AAGACGGAACAGCAGA,0.18304716050624847,0.0784110426902771,0.09888831526041031,0.3090253472328186,0.24600756168365479,0.1951105296611786
AAGACGGAACATTGGC,0.40204882621765137,0.06422601640224457,0.41189295053482056,0.1709388792514801,0.07868000864982605,0.21010977029800415
AAGACGGAACCACTGT,0.25109973549842834,0.08638332039117813,0.3261201083660126,0.6765030026435852,0.12396135926246643,0.4977661967277527
AAGACGGAACCTCCAA,0.35682305693626404,0.07367142289876938,0.05650300160050392,0.10180357098579407,0.017891477793455124,0.12087374925613403
AAGACGGAACGCTCGA,0.40499424934387207,0.18434587121009827,0.1536693274974823,0.06185372918844223,0.04709462821483612,0.11125162988901138
AAGACGGAACGTATCA,0.2720067501068115,0.05680985003709793,0.21639986336231232,0.12344793230295181,0.157118022441864,0.09597663581371307
AAGACGGAACTATGCA,0.11017867177724838,0.07473858445882797,0.31116676330566406,0.20755523443222046,0.08154536783695221,0.10773768275976181
AAGACGGAAGAGTCAA,0.18211084604263306,0.12871208786964417,0.6432979106903076,0.26337942481040955,0.3344719111919403,0.2556033432483673
AAGACGGAAGATCGCA,0.251797616481781,0.35150912404060364,2.2438313961029053,0.19359168410301208,0.14430373907089233,0.2793729603290558
AAGACGGAAGCAGGAA,0.20634634792804718,0.04472432658076286,1.0912038087844849,0.0827762559056282,0.09129723906517029,0.21928445994853973
AAGACGGAAGTACAAG,0.21604713797569275,0.08386043459177017,0.6823151111602783,0.6823390126228333,0.11022582650184631,0.15698644518852234
AAGACGGAAGTCACTA,0.16956429183483124,0.11970724910497665,1.1211469173431396,0.2315552532672882,0.19656582176685333,0.023761028423905373
AAGACGGAAGTGGTCA,0.0943305715918541,0.03547501936554909,0.022331513464450836,0.3853485882282257,0.10793168842792511,0.06043822318315506
AAGACGGAATCCTGTA,0.20548270642757416,0.10224366933107376,0.9408537745475769,0.22645623981952667,0.0667431652545929,0.09413665533065796
AAGACGGAATGCCTAA,0.8265318274497986,0.16389144957065582,1.5572869777679443,1.025852084159851,0.3128720223903656,1.6208094358444214
AAGACGGAATTGAGGA,0.10900332033634186,0.04628470540046692,0.09680820256471634,0.3460984528064728,0.0599336251616478,0.1264268010854721
AAGACGGACAACCACA,0.08384858071804047,0.2144571989774704,0.7503427863121033,0.4280354082584381,0.05854783579707146,0.1490158587694168
AAGACGGACAAGACTA,0.1154637485742569,0.04042067006230354,0.32580438256263733,0.2480112463235855,0.22165879607200623,0.10182983428239822
AAGACGGACAATGGAA,0.11144433915615082,0.27659162878990173,0.4172884523868561,0.234669491648674,0.09931299090385437,0.3726199269294739
AAGACGGACACTTCGA,0.10041631758213043,0.04328108951449394,0.12222161889076233,0.5331102609634399,0.04157302528619766,0.19627685844898224
AAGACGGACAGATCTG,0.40486595034599304,0.0702008306980133,0.3150063455104828,0.18649959564208984,0.09329122304916382,0.08922141045331955
AAGACGGACAGCGTTA,0.06440909951925278,0.06742493808269501,0.7813737392425537,0.23927384614944458,0.1398170441389084,0.1995774507522583
AAGACGGACATACCAA,0.06453706324100494,0.03928826004266739,0.369099885225296,0.3187180757522583,0.04475589469075203,0.14095276594161987
AAGACGGACATCAAGT,0.4807690978050232,1.2642614841461182,0.59400874376297,0.8330116271972656,0.830798864364624,0.816596269607544
AAGACGGACCAGTTCA,0.04234042018651962,0.03256145119667053,0.0988607332110405,0.4144821763038635,0.074747234582901,0.42465248703956604
AAGACGGACCGAAGTA,0.05860580503940582,0.041866734623909,0.396029531955719,0.11151961237192154,0.03520938381552696,0.1412574201822281
AAGACGGACCGTGAGA,0.11051223427057266,0.0697338804602623,0.4360307455062866,0.5653689503669739,0.11475498229265213,0.288632869720459
AAGACGGACCTCCTGA,0.053908344358205795,0.04596979543566704,0.6745091676712036,0.24097953736782074,0.15164169669151306,0.14343121647834778
AAGACGGACGAACTTA,0.26066118478775024,0.1430097222328186,0.429503470659256,0.3941858112812042,0.23282255232334137,0.10708488523960114
AAGACGGACGACTGGA,0.04909355193376541,0.039742838591337204,0.5402588248252869,0.33623653650283813,0.04150675609707832,0.03092828392982483
AAGACGGACGCATACA,0.04888977110385895,0.037607014179229736,0.2931898534297943,0.10474754869937897,0.0385400615632534,0.0846756249666214
AAGACGGACGCTGATC,1.031029224395752,0.1480332314968109,0.5348230004310608,0.935493528842926,0.24224340915679932,0.47241172194480896
AAGACGGACTCAATGA,0.12283468246459961,0.07155757397413254,0.46789342164993286,0.06252451241016388,0.06454181671142578,0.5706866383552551
AAGACGGACTGAGCCA,0.04809878021478653,0.02690253220498562,0.04476654902100563,0.05946493521332741,0.020274046808481216,0.04652080684900284
AAGACGGACTGGCATA,0.07608146965503693,0.03741884604096413,0.5936905741691589,0.1576073169708252,0.024304835125803947,0.04712076112627983
AAGACGGACTGTAGCC,0.5080240964889526,0.1862192302942276,0.7256207466125488,0.10830966383218765,0.09892198443412781,0.23935049772262573
AAGACGGAGAATCTGA,0.05154191702604294,0.05823700502514839,0.4728444814682007,0.15742230415344238,0.02538348361849785,0.11475145071744919
AAGACGGAGACTAGTA,0.07998529821634293,0.036196816712617874,0.6373072266578674,0.14616739749908447,0.18265944719314575,0.057735808193683624
AAGACGGAGAGCTGAA,0.11029013246297836,0.04254433140158653,0.14354203641414642,0.15099889039993286,0.03313271701335907,0.034712184220552444
AAGACGGAGATAGACA,0.15490415692329407,0.059954993426799774,0.2644294202327728,0.5506746172904968,0.11057878285646439,0.13198496401309967
AAGACGGAGCCACATA,0.10705627501010895,0.06998305022716522,0.0665997564792633,0.6188536286354065,0.021146606653928757,0.0720498189330101
AAGGTACAAAACATCG,0.030427761375904083,0.019519848749041557,0.01101177092641592,0.04679097980260849,0.009153223596513271,0.02052886225283146
AAGGTACAAACAACCA,0.4102577865123749,0.21350407600402832,0.4573521018028259,0.25453871488571167,0.08781857788562775,0.5074112415313721
AAGGTACAAACCGAGA,0.5174898505210876,0.12335649132728577,0.23402023315429688,0.05756092071533203,0.20744141936302185,0.13571026921272278
AAGGTACAAACGCTTA,0.11228308826684952,0.04218616709113121,0.02574125863611698,0.019284222275018692,0.01805220916867256,0.038068994879722595
AAGGTACAAACGTGAT,0.09797576069831848,0.06499110907316208,0.15853385627269745,0.7280330657958984,0.3518812358379364,0.21665850281715393
AAGGTACAAAGACGGA,0.1642729789018631,0.0334402471780777,0.10647226125001907,0.11753492802381516,0.045286111533641815,0.09958027303218842
AAGGTACAAAGGTACA,0.46556586027145386,0.07314007729291916,0.8726338744163513,0.09718967229127884,0.32705333828926086,0.2583678662776947
AAGGTACAACAAGCTA,0.1688823252916336,0.03979131951928139,0.22181740403175354,0.0910613089799881,0.08578350394964218,0.19639852643013
AAGGTACAACACAGAA,0.060520630329847336,0.03804095834493637,0.07928303629159927,0.053703781217336655,0.05745843052864075,0.03551292419433594
AAGGTACAACAGCAGA,0.10445556044578552,0.09977312386035919,1.7170393466949463,0.26293137669563293,0.11553394049406052,0.13297292590141296
AAGGTACAACATTGGC,0.23347480595111847,0.07848695665597916,0.9880883693695068,0.035814519971609116,0.05692209303379059,0.18816782534122467
AAGGTACAACCACTGT,0.06631141155958176,0.03074040077626705,0.06626298278570175,0.05031662434339523,0.014348267577588558,0.06504291296005249
AAGGTACAACCTCCAA,0.06325831264257431,0.05023524910211563,0.10491780191659927,0.18024499714374542,0.08281932771205902,0.02569739706814289
AAGGTACAACGCTCGA,0.10410328954458237,0.03488606587052345,0.06235218793153763,0.22965513169765472,0.07603078335523605,0.23894017934799194
AAGGTACAACGTATCA,0.13199512660503387,0.05719380080699921,0.04522095248103142,0.0712188184261322,0.0207381509244442,0.046997904777526855
AAGGTACAACTATGCA,0.07371007651090622,0.08151142299175262,0.12660114467144012,0.15222106873989105,0.03751440718770027,1.0901254415512085
AAGGTACAAGAGTCAA,0.05476679652929306,0.021112646907567978,0.04321257770061493,0.012408999726176262,0.00993733573704958,0.035965774208307266
AAGGTACAAGATCGCA,0.05946667864918709,0.04867083951830864,0.05451451987028122,0.057796280831098557,0.017258236184716225,0.01674545928835869
AAGGTACAAGCAGGAA,0.1297542154788971,0.021180732175707817,0.010377589613199234,0.03134521096944809,0.015571435913443565,0.011784530244767666
AAGGTACAAGTACAAG,0.5572605729103088,0.08233534544706345,0.06589066982269287,0.0952010452747345,0.16883012652397156,0.38394245505332947
AAGGTACAAGTCACTA,0.1761983186006546,0.17184217274188995,0.3144223093986511,0.16193418204784393,0.15542535483837128,0.03415900841355324
AAGGTACAAGTGGTCA,0.0489727184176445,0.026123538613319397,0.016730662435293198,0.022499825805425644,0.006758979521691799,0.0303055290132761
AAGGTACAATCCTGTA,0.04341813921928406,0.03689258173108101,0.08822015672922134,0.03592461720108986,0.046492800116539,0.08531172573566437
AAGGTACAATGCCTAA,0.35595202445983887,0.38549041748046875,2.7751340866088867,1.6944829225540161,0.6644059419631958,3.063730478286743
AAGGTACAATTGAGGA,0.038322169333696365,0.029543768614530563,0.015175276435911655,0.06251164525747299,0.012736119329929352,0.016675736755132675
AAGGTACACAACCACA,0.08071232587099075,0.03769659250974655,0.01887247897684574,0.0444939061999321,0.028034057468175888,0.014210909605026245
AAGGTACACAAGACTA,0.026642760261893272,0.01810413971543312,0.015712754800915718,0.05281826853752136,0.012285606935620308,0.12085384130477905
AAGGTACACAATGGAA,0.27152442932128906,0.32440775632858276,1.5773448944091797,0.9593263268470764,0.7848783135414124,1.6301640272140503
AAGGTACACACTTCGA,0.060728851705789566,0.08916055411100388,0.07984417676925659,0.036559462547302246,0.0274853203445673,0.07865841686725616
AAGGTACACAGATCTG,0.16817469894886017,0.07222601026296616,0.5117496252059937,0.09240097552537918,0.08415185660123825,0.14145706593990326
AAGGTACACAGCGTTA,0.10468286275863647,0.06297401338815689,1.2440892457962036,0.09004166722297668,0.15388087928295135,0.32282620668411255
AAGGTACACATACCAA,0.02170783467590809,0.02214401215314865,0.058520689606666565,0.04877221956849098,0.05330323800444603,0.00917816162109375
AAGGTACACATCAAGT,0.9210345149040222,1.2706702947616577,1.6612181663513184,0.449861615896225,0.7742277383804321,0.8055806756019592
AAGGTACACCAGTTCA,0.06962807476520538,0.041406914591789246,0.05268073081970215,0.09779941290616989,0.11787788569927216,0.043427374213933945
AAGGTACACCGAAGTA,0.045797187834978104,0.059322576969861984,0.018239701166749,0.11526791006326675,0.028485653921961784,0.055805884301662445
AAGGTACACCGTGAGA,0.03861111029982567,0.022199194878339767,0.10880168527364731,0.3157927393913269,0.02245272509753704,0.07102132588624954
AAGGTACACCTCCTGA,0.04103074222803116,0.020794134587049484,0.020654460415244102,0.017186885699629784,0.049107667058706284,0.049106158316135406
AAGGTACACGAACTTA,0.03573997691273689,0.027748702093958855,0.06463191658258438,0.20808391273021698,0.07100021094083786,0.05536215752363205
AAGGTACACGACTGGA,0.03412444889545441,0.02909429371356964,0.03374544903635979,0.03847496956586838,0.01133111584931612,0.03620472177863121
AAGGTACACGCATACA,0.049701105803251266,0.03978238254785538,0.07179035246372223,0.047068651765584946,0.013295687735080719,0.07674719393253326
AAGGTACACGCTGATC,0.3446870446205139,0.38821107149124146,0.4546968936920166,0.3652649223804474,0.37173399329185486,0.3361378312110901
AAGGTACACTCAATGA,0.033732056617736816,0.05677177384495735,0.0685073584318161,0.1174161434173584,0.03890766203403473,0.09630613774061203
AAGGTACACTGAGCCA,0.09426400810480118,0.06025531142950058,0.02105041779577732,0.016479291021823883,0.018391354009509087,0.013563360087573528
AAGGTACACTGGCATA,0.03749876096844673,0.02787337824702263,0.051745615899562836,0.033128298819065094,0.07357478886842728,0.05210151523351669
AAGGTACACTGTAGCC,0.8534079194068909,0.3016841411590576,1.8353307247161865,0.6275523900985718,0.5134865641593933,0.32985737919807434
AAGGTACAGAATCTGA,0.03352385759353638,0.03117743507027626,0.12382450699806213,0.10400202125310898,0.025523120537400246,0.05309687554836273
AAGGTACAGACTAGTA,0.09582725912332535,0.054888781160116196,0.0573076494038105,0.07218272984027863,0.06682468950748444,0.018943024799227715
AAGGTACAGAGCTGAA,0.06910253316164017,0.027146609500050545,0.05915889889001846,0.03753732889890671,0.01021557953208685,0.08248966932296753
AAGGTACAGATAGACA,0.054982639849185944,0.038925036787986755,0.0626763254404068,0.1479395627975464,0.028084442019462585,0.32595691084861755
AAGGTACAGCCACATA,0.03415823355317116,0.018353421241044998,0.02984347753226757,0.024866299703717232,0.019373996183276176,0.012691063806414604
ACAAGCTAAAACATCG,0.04550228640437126,0.019110435619950294,0.04858122393488884,0.05313868820667267,0.01011919416487217,0.04180840030312538
ACAAGCTAAACAACCA,0.3831416964530945,0.06685498356819153,0.2381814867258072,0.06004510074853897,0.022920042276382446,0.5655770897865295
ACAAGCTAAACCGAGA,0.48141923546791077,0.07068019360303879,0.11612774431705475,0.04410288482904434,0.024982741102576256,0.20197820663452148
ACAAGCTAAACGCTTA,0.052890926599502563,0.04381750896573067,0.06930779665708542,0.04356064647436142,0.0210128016769886,0.07540528476238251
ACAAGCTAAACGTGAT,0.029978057369589806,0.03582682088017464,0.02017061971127987,0.03777699917554855,0.024804191663861275,0.13669905066490173
ACAAGCTAAAGACGGA,0.13429053127765656,0.13140185177326202,1.4509315490722656,0.19324588775634766,0.7556716203689575,0.3040081262588501
ACAAGCTAAAGGTACA,0.09179586917161942,0.041235294193029404,0.13723132014274597,0.08090302348136902,0.022304877638816833,0.07548487931489944
ACAAGCTAACAAGCTA,0.2126510739326477,0.05615963786840439,0.10168446600437164,0.08199309557676315,0.02572566084563732,0.08832574635744095
ACAAGCTAACACAGAA,0.3867017924785614,0.20486347377300262,1.2990535497665405,0.34174931049346924,0.3211836814880371,0.11037968099117279
ACAAGCTAACAGCAGA,0.4098047614097595,0.0598321296274662,0.28078553080558777,0.12559126317501068,0.20663034915924072,0.21841762959957123
ACAAGCTAACATTGGC,0.3227669298648834,0.038068659603595734,0.0376056432723999,0.21260780096054077,0.050215549767017365,0.76079261302948
ACAAGCTAACCACTGT,0.09212324023246765,0.019474225118756294,0.06438688188791275,0.05269106850028038,0.012443833984434605,0.051634158939123154
ACAAGCTAACCTCCAA,0.7055969834327698,0.10793261229991913,2.1221203804016113,0.9098904132843018,1.1695021390914917,0.98858642578125
ACAAGCTAACGCTCGA,0.5486752986907959,1.2961994409561157,1.2607554197311401,1.0102471113204956,0.900321900844574,1.0630483627319336
ACAAGCTAACGTATCA,0.2760434150695801,0.09950873255729675,1.7624598741531372,0.23842696845531464,0.4487554132938385,0.8928073048591614
ACAAGCTAACTATGCA,0.16336239874362946,0.05769847333431244,0.2666809856891632,0.09356071799993515,0.09597121179103851,0.18603871762752533
ACAAGCTAAGAGTCAA,0.15782679617404938,0.021681368350982666,0.09882738441228867,0.015297397039830685,0.047220177948474884,0.023667123168706894
ACAAGCTAAGATCGCA,0.10400450229644775,0.025984736159443855,0.02526893839240074,0.04098547250032425,0.028995933011174202,0.07469742000102997
ACAAGCTAAGCAGGAA,0.14838668704032898,0.08077984303236008,0.296146422624588,0.1118103638291359,0.6338222026824951,0.07349629700183868
ACAAGCTAAGTACAAG,0.151900976896286,0.04975438863039017,0.03180823102593422,0.0713844820857048,0.023301871493458748,0.07195150852203369
ACAAGCTAAGTCACTA,0.06942470371723175,0.03678889200091362,0.11570029705762863,0.07313903421163559,0.12205499410629272,0.07837672531604767
ACAAGCTAAGTGGTCA,0.11190786212682724,0.0603703036904335,0.04328709840774536,0.06867343932390213,0.03823212906718254,0.10179071128368378
ACAAGCTAATCCTGTA,0.06428667902946472,0.04186760261654854,0.06908544898033142,0.025600310415029526,0.04004082828760147,0.08317716419696808
ACAAGCTAATGCCTAA,0.20912620425224304,0.20726273953914642,1.2113440036773682,0.6912108063697815,0.523084282875061,1.3063725233078003
ACAAGCTAATTGAGGA,0.033839691430330276,0.04112927243113518,0.07286740839481354,0.04369548335671425,0.03522126376628876,0.020888229832053185
ACAAGCTACAACCACA,0.0639350637793541,0.028446920216083527,0.04374615475535393,0.02370121330022812,0.02900092490017414,0.016198640689253807
ACAAGCTACAAGACTA,0.06868905574083328,0.041631296277046204,0.09761195629835129,0.8692013621330261,0.06465653330087662,0.2645815312862396
ACAAGCTACAATGGAA,0.033021971583366394,0.06463675200939178,0.05919858440756798,0.022220991551876068,0.021719861775636673,0.013885701075196266
ACAAGCTACACTTCGA,0.08295701444149017,0.042388226836919785,0.1340775340795517,0.06736762076616287,0.024882957339286804,0.04830405116081238
ACAAGCTACAGATCTG,0.8699389696121216,2.767024278640747,1.1575078964233398,1.325635552406311,1.0691858530044556,0.9869859218597412
ACAAGCTACAGCGTTA,0.08039534091949463,0.05486316606402397,0.08498939871788025,0.27628177404403687,0.04528079554438591,0.06625331938266754
ACAAGCTACATACCAA,0.051812395453453064,0.07017361372709274,0.07420729100704193,0.10751976817846298,0.025675546377897263,0.06126083433628082
ACAAGCTACATCAAGT,0.2554362118244171,0.06892289221286774,0.16485901176929474,0.1897309273481369,0.04457249492406845,0.3110380470752716
ACAAGCTACCAGTTCA,0.08183837682008743,0.04908471554517746,0.14943602681159973,0.34797996282577515,0.29522383213043213,0.11730220168828964
ACAAGCTACCGAAGTA,0.13117478787899017,0.03270600736141205,0.049269285053014755,0.08113671094179153,0.024730367586016655,0.03557740896940231
ACAAGCTACCGTGAGA,0.052707523107528687,0.027896182611584663,0.11852168291807175,0.074251689016819,0.024410540238022804,0.06888923048973083
ACAAGCTACCTCCTGA,0.9386240243911743,0.1884361207485199,3.2183871269226074,0.6710999011993408,0.4301270544528961,0.3242543339729309
ACAAGCTACGAACTTA,0.14704544842243195,0.06467799097299576,0.1087597981095314,0.6463621854782104,0.6342668533325195,0.07687373459339142
ACAAGCTACGACTGGA,0.07337910681962967,0.044003359973430634,0.10228902101516724,0.6154108047485352,0.21347063779830933,0.14248047769069672
ACAAGCTACGCATACA,0.13204477727413177,0.13433437049388885,0.21443387866020203,0.14089049398899078,0.05100428685545921,0.19159764051437378
ACAAGCTACGCTGATC,0.40216064453125,0.16701336205005646,0.105628103017807,0.23707802593708038,0.14080102741718292,0.25326547026634216
ACAAGCTACTCAATGA,0.05625481158494949,0.11911340057849884,0.18408237397670746,0.4848412871360779,0.1838565319776535,0.05087373033165932
ACAAGCTACTGAGCCA,0.1251586675643921,0.05773618072271347,0.2163829654455185,0.11658239364624023,0.08214681595563889,0.051594510674476624
ACAAGCTACTGGCATA,0.09628067910671234,0.057783979922533035,0.695403516292572,0.7116175889968872,0.16207340359687805,0.1664145439863205
ACAAGCTACTGTAGCC,0.19023026525974274,0.05871770903468132,0.18953841924667358,0.23494070768356323,0.0726485624909401,0.1547505259513855
ACAAGCTAGAATCTGA,0.0827784314751625,0.04333290085196495,0.0741126760840416,0.2793530225753784,0.12875628471374512,0.25076720118522644
ACAAGCTAGACTAGTA,0.07883439213037491,0.05450896918773651,0.10436579585075378,0.07496814429759979,0.04863930866122246,0.04792971536517143
ACAAGCTAGAGCTGAA,0.09267519414424896,0.0715988352894783,0.8614677786827087,1.1614429950714111,0.297113299369812,0.27507394552230835
ACAAGCTAGATAGACA,0.6293227076530457,0.06552118808031082,0.39113953709602356,0.22551539540290833,0.039351172745227814,0.23909781873226166
ACAAGCTAGCCACATA,0.21734170615673065,0.03366947919130325,0.08800019323825836,0.2002124935388565,0.020442398265004158,0.2621484696865082
ACACAGAAAAACATCG,0.0791872963309288,0.03776692971587181,0.03759373724460602,0.06374600529670715,0.06287127733230591,0.061980120837688446
ACACAGAAAACAACCA,0.05177770182490349,0.04427158460021019,0.123031847178936,0.024723459035158157,0.017303556203842163,0.19648221135139465
ACACAGAAAACCGAGA,0.036954883486032486,0.03316739574074745,0.04248950257897377,0.05839844048023224,0.034740906208753586,0.012900689616799355
ACACAGAAAACGCTTA,0.12524403631687164,0.07746309041976929,0.07299675792455673,0.22559475898742676,0.02592812292277813,0.07923117280006409
ACACAGAAAACGTGAT,0.05240088328719139,0.036030709743499756,0.07425006479024887,0.019416343420743942,0.01674918830394745,0.022440794855356216
ACACAGAAAAGACGGA,0.6022551655769348,0.1418229341506958,0.15022656321525574,0.03606473281979561,0.12194842100143433,0.10814966261386871
ACACAGAAAAGGTACA,0.10593438148498535,0.08902449905872345,1.0904209613800049,0.05247269570827484,0.10653737187385559,0.6548804044723511
ACACAGAAACAAGCTA,0.20173156261444092,0.09898971766233444,2.6005747318267822,0.3318840563297272,0.17024874687194824,0.22189584374427795
ACACAGAAACACAGAA,0.14283056557178497,0.040989186614751816,0.08041659742593765,0.08585648983716965,0.10176944732666016,0.3367299735546112
ACACAGAAACAGCAGA,0.1452079564332962,0.05114496871829033,0.10086008161306381,0.5531216859817505,0.17874716222286224,0.019298573955893517
ACACAGAAACATTGGC,0.29998159408569336,0.03845418244600296,0.7284604907035828,0.061356332153081894,0.08615870773792267,0.2231212705373764
ACACAGAAACCACTGT,0.2534351944923401,0.04199587553739548,0.9552151560783386,0.14926111698150635,0.029595859348773956,0.09879251569509506
ACACAGAAACCTCCAA,0.5151099562644958,0.08631762117147446,0.08529888093471527,0.14154300093650818,0.15587946772575378,0.026281284168362617
ACACAGAAACGCTCGA,0.031180722638964653,0.04035908728837967,0.16909737884998322,0.10603757947683334,0.12679177522659302,0.04929439350962639
ACACAGAAACGTATCA,0.14925220608711243,0.11890596151351929,1.024317741394043,0.2453751564025879,0.19818757474422455,0.044828400015830994
ACACAGAAACTATGCA,0.07530449330806732,0.06025891751050949,0.5602877140045166,0.302776575088501,0.22137120366096497,0.12338943034410477
ACACAGAAAGAGTCAA,0.09618660807609558,0.12147237360477448,0.12352612614631653,0.09902666509151459,0.06970080733299255,0.4805469214916229
ACACAGAAAGATCGCA,0.057448145002126694,0.027009813115000725,0.014427721500396729,0.02045145258307457,0.018640318885445595,0.056919164955616
ACACAGAAAGCAGGAA,0.18753038346767426,0.07968097180128098,1.3107367753982544,0.4348507225513458,0.06904380768537521,0.15953533351421356
ACACAGAAAGTACAAG,0.20639696717262268,0.050721216946840286,0.113066166639328,0.1344939023256302,0.06710319221019745,0.07136295735836029
ACACAGAAAGTCACTA,0.1103365570306778,0.05239513888955116,0.14668241143226624,0.02812802791595459,0.02506752498447895,0.01807633601129055
ACACAGAAAGTGGTCA,0.047266025096178055,0.0294796209782362,0.4168204367160797,0.21146397292613983,0.07823152840137482,0.15788514912128448
ACACAGAAATCCTGTA,0.046651214361190796,0.023911217227578163,0.027483459562063217,0.03133010491728783,0.01281967107206583,0.01403791643679142
ACACAGAAATGCCTAA,0.15518556535243988,0.0577399767935276,0.6699519753456116,0.7899941802024841,0.2591693103313446,0.6829988956451416
ACACAGAAATTGAGGA,0.07083401083946228,0.02003764733672142,0.02986440248787403,0.031091682612895966,0.00863973330706358,0.013402260839939117
ACACAGAACAACCACA,0.01483924314379692,0.014126970432698727,0.014187179505825043,0.013063294813036919,0.017322279512882233,0.03522748872637749
ACACAGAACAAGACTA,0.06702861189842224,0.03001728095114231,0.026213986799120903,0.06135474890470505,0.016880417242646217,0.017586929723620415
ACACAGAACAATGGAA,0.04599472135305405,0.03458201512694359,1.2013823986053467,0.3044740557670593,0.03653884679079056,0.07982713729143143
ACACAGAACACTTCGA,0.04004698991775513,0.03643304854631424,0.12542392313480377,0.02437932975590229,0.03563739359378815,0.04094240441918373
ACACAGAACAGATCTG,0.13959093391895294,0.05113031342625618,1.8098713159561157,0.29504600167274475,0.12726272642612457,0.13242533802986145
ACACAGAACAGCGTTA,0.030653297901153564,0.02275884337723255,0.0957476943731308,0.25242820382118225,0.029082516208291054,0.026589365676045418
ACACAGAACATACCAA,0.05339525267481804,0.09438492357730865,0.7635485529899597,0.03432935103774071,0.0266630370169878,0.09960128366947174
ACACAGAACATCAAGT,0.7386239767074585,0.19710195064544678,1.3984465599060059,0.6239736080169678,0.5742576718330383,0.5137381553649902
ACACAGAACCAGTTCA,0.2720508575439453,0.04253141209483147,0.09957587718963623,0.07426906377077103,0.09730516374111176,0.2134586125612259
ACACAGAACCGAAGTA,0.06940314173698425,0.04292234033346176,0.07028158754110336,0.06410989910364151,0.048088714480400085,0.023176144808530807
ACACAGAACCGTGAGA,0.05019857734441757,0.04251055791974068,0.059811752289533615,0.038559440523386,0.020502639934420586,0.022388359531760216
ACACAGAACCTCCTGA,0.05440574884414673,0.03147520869970322,0.03122066706418991,0.08613615483045578,0.025863850489258766,0.020720265805721283
ACACAGAACGAACTTA,0.03758746385574341,0.03900602087378502,0.16942384839057922,0.05534800887107849,0.04552188143134117,0.06274767965078354
ACACAGAACGACTGGA,0.05612504109740257,0.037023838609457016,0.13088469207286835,0.03837425261735916,0.01566586270928383,0.015571896918118
ACACAGAACGCATACA,0.044096384197473526,0.029980238527059555,0.027346616610884666,0.03490937873721123,0.02589329332113266,0.03236260265111923
ACACAGAACGCTGATC,0.8125758171081543,0.4348115026950836,0.861697793006897,0.32686495780944824,0.5938894748687744,0.634394109249115
ACACAGAACTCAATGA,0.04217712581157684,0.04699135199189186,0.03727405518293381,0.030852602794766426,0.0371895357966423,0.058764923363924026
ACACAGAACTGAGCCA,0.027577970176935196,0.03178030624985695,0.09510737657546997,0.057506587356328964,0.030099552124738693,0.02713756263256073
ACACAGAACTGGCATA,0.014626839198172092,0.01155920885503292,0.020979177206754684,0.04503763094544411,0.011483707465231419,0.014982610009610653
ACACAGAACTGTAGCC,0.0697266235947609,0.02439836785197258,0.027578463777899742,0.09396018832921982,0.029881473630666733,0.020372452214360237
ACACAGAAGAATCTGA,0.11650072783231735,0.042242757976055145,0.0474284291267395,0.024168873205780983,0.013817010447382927,0.10667136311531067
ACACAGAAGACTAGTA,0.04240339994430542,0.0236296858638525,0.06675511598587036,0.01196557842195034,0.014495003037154675,0.045313380658626556
ACACAGAAGAGCTGAA,0.08880991488695145,0.06191876903176308,0.1246359720826149,0.06721891462802887,0.030243802815675735,0.01874670386314392
ACACAGAAGATAGACA,0.05238256976008415,0.0527377724647522,0.03933011740446091,0.09328436851501465,0.013622050173580647,0.09050014615058899
ACACAGAAGCCACATA,0.014752408489584923,0.011790178716182709,0.021703794598579407,0.044777244329452515,0.0188771802932024,0.04144017770886421
ACAGCAGAAAACATCG,0.03611643612384796,0.017600947991013527,0.009344103746116161,0.007785607594996691,0.006258061621338129,0.009805025532841682
ACAGCAGAAACAACCA,0.23440596461296082,0.0400569923222065,0.17784036695957184,0.3434687554836273,0.16468393802642822,0.13325147330760956
ACAGCAGAAACCGAGA,0.15914902091026306,0.09459087252616882,1.4068292379379272,0.1625288873910904,0.2333349734544754,0.11955653876066208
ACAGCAGAAACGCTTA,0.2318410873413086,0.10433775186538696,0.072362020611763,0.06176893413066864,0.031427063047885895,0.45541831851005554
ACAGCAGAAACGTGAT,0.07096455991268158,0.026480287313461304,0.03183795139193535,0.05972917005419731,0.03354356437921524,0.015524239279329777
ACAGCAGAAAGACGGA,0.21504861116409302,0.10565623641014099,0.25403639674186707,0.08704324811697006,0.09226856380701065,0.058141108602285385
ACAGCAGAAAGGTACA,0.291178822517395,0.0429985448718071,0.024424884468317032,0.08464710414409637,0.3569493293762207,0.2842465043067932
ACAGCAGAACAAGCTA,0.29334381222724915,0.2536768913269043,0.44190990924835205,0.565112829208374,0.3165084719657898,0.3636796176433563
ACAGCAGAACACAGAA,0.19278033077716827,0.09772009402513504,1.1613361835479736,0.06866008043289185,0.16073399782180786,0.19601328670978546
ACAGCAGAACAGCAGA,0.0637483298778534,0.016585184261202812,0.011699631810188293,0.00956012960523367,0.019801439717411995,0.019643811509013176
ACAGCAGAACATTGGC,0.196573868393898,0.03709875047206879,0.05856550857424736,0.10704457759857178,0.02326754666864872,0.10347984731197357
ACAGCAGAACCACTGT,0.10210204124450684,0.031363893300294876,0.05067684128880501,0.04192861542105675,0.011156066320836544,0.012918055057525635
ACAGCAGAACCTCCAA,0.04938920959830284,0.060086917132139206,0.04321691393852234,0.033214520663022995,0.020801903679966927,0.0447893850505352
ACAGCAGAACGCTCGA,0.1586480587720871,0.08629951626062393,0.3281644582748413,0.2855946719646454,0.1249428242444992,0.6016529202461243
ACAGCAGAACGTATCA,0.35328495502471924,0.1035139262676239,0.38793036341667175,0.06484903395175934,0.11645077168941498,0.15484102070331573
ACAGCAGAACTATGCA,0.0697171613574028,0.03280813992023468,0.04894207790493965,0.047324288636446,0.013087828643620014,0.03338253125548363
ACAGCAGAAGAGTCAA,0.20302194356918335,0.06849848479032516,0.43428826332092285,0.05641986429691315,0.13809934258460999,0.10305731743574142
ACAGCAGAAGATCGCA,0.27455776929855347,0.13607846200466156,1.3899165391921997,0.11110128462314606,0.18126673996448517,0.6614793539047241
ACAGCAGAAGCAGGAA,0.1365681290626526,0.06880787760019302,1.2988214492797852,0.49522778391838074,0.12522190809249878,0.3783891499042511
ACAGCAGAAGTACAAG,0.21146006882190704,0.129021555185318,1.0994783639907837,0.21374383568763733,0.4904000461101532,0.09576822072267532
ACAGCAGAAGTCACTA,0.17010386288166046,0.07102397084236145,0.8907378315925598,0.22065410017967224,0.18193137645721436,0.14223796129226685
ACAGCAGAAGTGGTCA,0.06630483269691467,0.027471065521240234,0.05778472498059273,0.05220158025622368,0.022997276857495308,0.06213364005088806
ACAGCAGAATCCTGTA,0.11270280182361603,0.1374354511499405,0.024139801040291786,0.03125991299748421,0.02694765292108059,0.038706112653017044
ACAGCAGAATGCCTAA,0.2808813452720642,0.069332055747509,0.07894593477249146,0.11519521474838257,0.059986479580402374,0.158074751496315
ACAGCAGAATTGAGGA,0.06406045705080032,0.03228343650698662,0.10693397372961044,0.03151492401957512,0.030545812100172043,0.05106542631983757
ACAGCAGACAACCACA,0.05035722628235817,0.03792312741279602,0.4865201711654663,0.1541912704706192,0.05582527443766594,0.0850665420293808
ACAGCAGACAAGACTA,0.06094928830862045,0.02969411201775074,0.05461877956986427,0.11482983827590942,0.04403470456600189,0.027168942615389824
ACAGCAGACAATGGAA,0.055080149322748184,0.02582503855228424,0.10394642502069473,0.24269340932369232,0.040891896933317184,0.07601019740104675
ACAGCAGACACTTCGA,0.04429227486252785,0.056141942739486694,0.05948633328080177,0.06027183309197426,0.039412714540958405,0.1599465310573578
ACAGCAGACAGATCTG,0.23304574191570282,0.05092235654592514,0.056139130145311356,0.04600999131798744,0.032035764306783676,0.03253791108727455
ACAGCAGACAGCGTTA,0.026823651045560837,0.018541531637310982,0.01945985108613968,0.02606099843978882,0.01014714129269123,0.061425283551216125
ACAGCAGACATACCAA,0.03708862513303757,0.03385693579912186,0.016629578545689583,0.0968637466430664,0.0171784870326519,0.018953591585159302
ACAGCAGACATCAAGT,0.620695173740387,0.15920500457286835,1.2185624837875366,0.19575715065002441,0.2926006317138672,0.42471566796302795
ACAGCAGACCAGTTCA,0.06929409503936768,0.019700413569808006,0.01645560935139656,0.030101820826530457,0.013531738892197609,0.040563005954027176
ACAGCAGACCGAAGTA,0.11557750403881073,0.06821546703577042,0.4356456696987152,0.6082816123962402,0.14805446565151215,0.06059205159544945
ACAGCAGACCGTGAGA,0.036389004439115524,0.028671685606241226,0.6806550621986389,0.3164825439453125,0.0991801768541336,0.10028445720672607
ACAGCAGACCTCCTGA,0.038359545171260834,0.02466003969311714,0.03518889099359512,0.13603462278842926,0.016175994649529457,0.036871057003736496
ACAGCAGACGAACTTA,0.030617207288742065,0.03700520843267441,0.02206546626985073,0.016767049208283424,0.013509592041373253,0.022823603823781013
ACAGCAGACGACTGGA,0.04117825999855995,0.03149290382862091,0.01948709599673748,0.5090640187263489,0.02802412584424019,0.020496536046266556
ACAGCAGACGCATACA,0.06300611048936844,0.06982751935720444,0.1667374223470688,0.47860968112945557,0.10013635456562042,0.01882459595799446
ACAGCAGACGCTGATC,0.6787756681442261,1.8724147081375122,0.5570010542869568,1.3414119482040405,0.657249391078949,0.8041284084320068
ACAGCAGACTCAATGA,0.03310253843665123,0.039657264947891235,0.0756084993481636,0.3379192650318146,0.08402910828590393,0.029678625985980034
ACAGCAGACTGAGCCA,0.03617725521326065,0.03165297210216522,0.013123936951160431,0.016905630007386208,0.018711157143115997,0.03351739048957825
ACAGCAGACTGGCATA,0.025873595848679543,0.025744959712028503,0.030468350276350975,0.03608756884932518,0.01562577672302723,0.012050360441207886
ACAGCAGACTGTAGCC,0.13076251745224,0.1120506152510643,0.09698187559843063,0.1884850263595581,0.0537041537463665,0.631352424621582
ACAGCAGAGAATCTGA,0.05841176584362984,0.06431969255208969,0.030137596651911736,0.1242300271987915,0.0215177983045578,0.22848641872406006
ACAGCAGAGACTAGTA,0.13055481016635895,0.09248609840869904,0.14258921146392822,0.0900636687874794,0.03355993330478668,0.1240740716457367
ACAGCAGAGAGCTGAA,0.018850084394216537,0.017700539901852608,0.017506815493106842,0.053770750761032104,0.010318570770323277,0.027100786566734314
ACAGCAGAGATAGACA,0.11474154144525528,0.030072543770074844,0.0444800928235054,0.014406610280275345,0.016601746901869774,0.07759314775466919
ACAGCAGAGCCACATA,0.03429768234491348,0.019842857494950294,0.030306924134492874,0.1548304706811905,0.021208660677075386,0.018702106550335884
ACATTGGCAAACATCG,0.034498464316129684,0.043527983129024506,0.09301359206438065,0.06715966016054153,0.12640579044818878,0.1120821163058281
ACATTGGCAACAACCA,0.14228419959545135,0.06902168691158295,0.14220312237739563,0.040925946086645126,0.03738142177462578,0.06941543519496918
ACATTGGCAACCGAGA,0.28802114725112915,0.12412617355585098,0.5637896060943604,0.26745206117630005,0.09829098731279373,0.18055470287799835
ACATTGGCAACGCTTA,0.2746514081954956,0.0643182173371315,1.3900425434112549,0.20803189277648926,0.28608930110931396,0.2679689824581146
ACATTGGCAACGTGAT,0.050546713173389435,0.027836591005325317,0.048704467713832855,0.05974702909588814,0.048201560974121094,0.07969506084918976
ACATTGGCAAGACGGA,0.8144527673721313,1.3040307760238647,0.6087642312049866,0.857252299785614,0.2081693708896637,0.9953522086143494
ACATTGGCAAGGTACA,0.7929037809371948,0.9405249357223511,0.6280662417411804,0.8592999577522278,0.7821593284606934,0.8776054382324219
ACATTGGCACAAGCTA,0.1777779906988144,0.058415960520505905,0.09830975532531738,0.014131261967122555,0.03215096518397331,0.0344199612736702
ACATTGGCACACAGAA,0.13769465684890747,0.1302003413438797,0.06836502254009247,0.15047335624694824,0.1399710774421692,0.12218936532735825
ACATTGGCACAGCAGA,0.2597155272960663,0.12240174412727356,0.43478327989578247,0.2153797745704651,0.0657191276550293,0.1559317260980606
ACATTGGCACATTGGC,0.49264124035835266,0.6702355742454529,0.8868252038955688,0.6493126153945923,0.23879866302013397,0.5129752159118652
ACATTGGCACCACTGT,0.16697654128074646,0.028017733246088028,0.07916810363531113,0.2107873558998108,0.18399441242218018,0.07140455394983292
ACATTGGCACCTCCAA,0.09508942067623138,0.09166166931390762,0.7924361228942871,0.32044872641563416,0.13546361029148102,0.15722030401229858
ACATTGGCACGCTCGA,0.2062322348356247,0.12680484354496002,4.253767967224121,0.43816331028938293,0.5381320714950562,0.6479065418243408
ACATTGGCACGTATCA,0.41567978262901306,0.09124919027090073,0.27294686436653137,0.37324658036231995,0.16682064533233643,0.6263826489448547
ACATTGGCACTATGCA,0.15523947775363922,0.05075488239526749,0.3183201849460602,0.08620206266641617,0.1510772705078125,0.1780710369348526
ACATTGGCAGAGTCAA,0.11538895219564438,0.0992342159152031,0.024183131754398346,0.04036689177155495,0.021611830219626427,0.05181928724050522
ACATTGGCAGATCGCA,0.047104038298130035,0.05992193892598152,0.02225830778479576,0.01437703799456358,0.014744461514055729,0.06864691525697708
ACATTGGCAGCAGGAA,0.019411565735936165,0.0191086083650589,0.023286698386073112,0.038477811962366104,0.03467340022325516,0.08520297706127167
ACATTGGCAGTACAAG,0.31811580061912537,0.10924389958381653,0.19912104308605194,0.11547619104385376,0.15321597456932068,0.03616487979888916
ACATTGGCAGTCACTA,0.04730265960097313,0.02804556116461754,0.02496323175728321,0.07817211002111435,0.015195325948297977,0.11343315988779068
ACATTGGCAGTGGTCA,0.09926673769950867,0.03294568136334419,0.2697655260562897,0.06243258714675903,0.04065997526049614,0.021205399185419083
ACATTGGCATCCTGTA,0.10787076503038406,0.02476499043405056,0.049787212163209915,0.021888725459575653,0.0263119675219059,0.014489958062767982
ACATTGGCATGCCTAA,0.11341027915477753,0.046675123274326324,0.25733086466789246,0.08189708739519119,0.030560044571757317,0.04892552271485329
ACATTGGCATTGAGGA,0.07417306303977966,0.05731848627328873,0.026527244597673416,0.05673448368906975,0.018436739221215248,0.019140033051371574
ACATTGGCCAACCACA,0.08190235495567322,0.03759413957595825,0.020716695114970207,0.06565196067094803,0.011068452149629593,0.0612986758351326
ACATTGGCCAAGACTA,0.17473556101322174,0.04342987760901451,0.119183249771595,0.4720365107059479,0.097296804189682,0.16255421936511993
ACATTGGCCAATGGAA,0.03588932380080223,0.041572824120521545,0.040598321706056595,0.05897220969200134,0.02172955684363842,0.02259177714586258
ACATTGGCCACTTCGA,0.07777100056409836,0.045438531786203384,0.09020412713289261,0.16551367938518524,0.030020199716091156,0.08243052661418915
ACATTGGCCAGATCTG,0.6308997273445129,0.8086652159690857,0.9225930571556091,0.894427478313446,0.32272353768348694,0.7733598351478577
ACATTGGCCAGCGTTA,0.11575059592723846,0.10157739371061325,0.7273759245872498,0.7586725950241089,0.23389597237110138,1.6076174974441528
ACATTGGCCATACCAA,0.3130042254924774,0.08131387084722519,2.3688271045684814,0.5467405915260315,0.4316352307796478,0.8430337309837341
ACATTGGCCATCAAGT,0.4310956597328186,0.03983515501022339,0.26796695590019226,0.10967619717121124,0.06128910183906555,0.08109457045793533
ACATTGGCCCAGTTCA,0.20405729115009308,0.05951033532619476,0.08849984407424927,0.24982310831546783,0.07553884387016296,0.02813360095024109
ACATTGGCCCGAAGTA,0.0834183394908905,0.0779523253440857,0.1129847839474678,0.32123568654060364,0.056655582040548325,0.0341719426214695
ACATTGGCCCGTGAGA,0.028652897104620934,0.024119684472680092,0.06313466280698776,0.02363010309636593,0.06751895695924759,0.051366522908210754
ACATTGGCCCTCCTGA,0.0888955220580101,0.04802590236067772,0.13650953769683838,0.02234553173184395,0.017899969592690468,0.02727067470550537
ACATTGGCCGAACTTA,0.06350670009851456,0.03888159245252609,0.11866836994886398,0.05259803682565689,0.015589876100420952,0.10406254231929779
ACATTGGCCGACTGGA,0.08738067746162415,0.03900664299726486,0.17996224761009216,0.062457405030727386,0.04375360161066055,0.031724732369184494
ACATTGGCCGCATACA,0.09506479650735855,0.041564829647541046,0.15490120649337769,0.10803358256816864,0.04925552010536194,0.1375330090522766
ACATTGGCCGCTGATC,0.46070146560668945,0.3859107494354248,1.0739377737045288,0.18071284890174866,0.5089266300201416,0.18245406448841095
ACATTGGCCTCAATGA,0.028764521703124046,0.023715700954198837,0.5533708930015564,0.06996028125286102,0.15437044203281403,0.14876988530158997
ACATTGGCCTGAGCCA,0.1510336697101593,0.05098434537649155,0.05401059612631798,0.10005297511816025,0.015519502572715282,0.27587148547172546
ACATTGGCCTGGCATA,0.19088293612003326,0.0594494454562664,0.42869576811790466,0.7395238876342773,0.16332848370075226,0.436041921377182
ACATTGGCCTGTAGCC,0.13345171511173248,0.018475519493222237,0.04118504375219345,0.05377237871289253,0.01237663347274065,0.012698964215815067
ACATTGGCGAATCTGA,0.07310226559638977,0.07049214839935303,0.7095858454704285,1.062220811843872,0.28356391191482544,0.12176334857940674
ACATTGGCGACTAGTA,0.03718794509768486,0.01961676962673664,0.039129726588726044,0.02023969404399395,0.016009502112865448,0.009454217739403248
ACATTGGCGAGCTGAA,2.457818031311035,0.3651374876499176,1.4153696298599243,1.6509469747543335,0.36115562915802,3.3310329914093018
ACATTGGCGATAGACA,2.056715488433838,0.07310493290424347,0.609531044960022,0.4430353045463562,0.10354509949684143,0.9119846820831299
ACATTGGCGCCACATA,1.6554110050201416,0.0806557685136795,0.9853156208992004,0.8565549254417419,0.21513879299163818,1.6827144622802734
ACCACTGTAAACATCG,0.05910814180970192,0.058837950229644775,0.02862858958542347,0.1417648196220398,0.03276652842760086,0.03274759650230408
ACCACTGTAACAACCA,0.1473040133714676,0.04024258255958557,0.05785084888339043,0.07182716578245163,0.02767140418291092,0.013663293793797493
ACCACTGTAACCGAGA,0.21432338654994965,0.07906113564968109,0.5462260842323303,0.30413246154785156,0.2752406895160675,0.18274599313735962
ACCACTGTAACGCTTA,0.5284869074821472,0.18220184743404388,0.595628559589386,0.32924818992614746,0.5241691470146179,0.6345857381820679
ACCACTGTAACGTGAT,0.09624191373586655,0.03996829316020012,0.020399559289216995,0.12453678250312805,0.013972503133118153,0.038939062505960464
ACCACTGTAAGACGGA,0.4851246476173401,0.447604238986969,0.760854959487915,0.38728463649749756,0.35084015130996704,0.12204945832490921
ACCACTGTAAGGTACA,0.20965580642223358,0.06351056694984436,0.11994505673646927,0.07151174545288086,0.018300745636224747,0.023537546396255493
ACCACTGTACAAGCTA,0.13161435723304749,0.02338412031531334,0.047709010541439056,0.03600463643670082,0.021019721403717995,0.04816446453332901
ACCACTGTACACAGAA,0.2369319349527359,0.08312700688838959,0.43833988904953003,0.14196299016475677,0.1782141476869583,0.1988365799188614
ACCACTGTACAGCAGA,0.3050774931907654,0.054178375750780106,0.14392080903053284,0.32932645082473755,0.03983018919825554,0.1093992218375206
ACCACTGTACATTGGC,0.6712413430213928,0.11744797229766846,0.2005360871553421,0.3722190856933594,0.22873453795909882,0.3743828237056732
ACCACTGTACCACTGT,0.10268238931894302,0.03133954480290413,0.030608396977186203,0.07487106323242188,0.05096633732318878,0.04961465671658516
ACCACTGTACCTCCAA,0.1836913526058197,0.07301611453294754,3.6933083534240723,0.42310720682144165,0.549599826335907,0.3405582010746002
ACCACTGTACGCTCGA,0.1685858964920044,0.04588698968291283,0.312956839799881,0.28522711992263794,0.1314655840396881,0.08351635187864304
ACCACTGTACGTATCA,0.3000405430793762,0.14403276145458221,1.3988075256347656,0.052650101482868195,0.06059202179312706,0.04725654795765877
ACCACTGTACTATGCA,0.0857936292886734,0.029625024646520615,0.030446955934166908,0.11606919765472412,0.013927849009633064,0.10051123052835464
ACCACTGTAGAGTCAA,0.04042598232626915,0.03520439192652702,0.16946135461330414,0.12349609285593033,0.06041236221790314,0.08371829986572266
ACCACTGTAGATCGCA,0.10919968038797379,0.03211221843957901,0.08061536401510239,0.05554774031043053,0.03723111376166344,0.09243698418140411
ACCACTGTAGCAGGAA,0.07785546779632568,0.0571163147687912,0.12742716073989868,0.03936897590756416,0.021384309977293015,0.10139459371566772
ACCACTGTAGTACAAG,0.23095421493053436,0.041778914630413055,0.06904923915863037,0.07830989360809326,0.06256013363599777,0.03887125104665756
ACCACTGTAGTCACTA,0.06028448045253754,0.14840096235275269,0.09558570384979248,0.06800574064254761,0.060249436646699905,0.13229922950267792
ACCACTGTAGTGGTCA,0.03923355042934418,0.018924962729215622,0.05072397366166115,0.03812309354543686,0.011652274057269096,0.16206811368465424
ACCACTGTATCCTGTA,0.06901237368583679,0.06876922398805618,0.1465582251548767,0.08462990075349808,0.04765176773071289,0.04538694769144058
ACCACTGTATGCCTAA,0.2038155198097229,0.08887534588575363,0.07246235758066177,0.09640076011419296,0.08514514565467834,0.200687438249588
ACCACTGTATTGAGGA,0.049859363585710526,0.07015957683324814,0.12507209181785583,0.026316357776522636,0.017950423061847687,0.062060605734586716
ACCACTGTCAACCACA,0.04432133585214615,0.03659467771649361,0.04058370739221573,0.08347925543785095,0.024610107764601707,0.01788519136607647
ACCACTGTCAAGACTA,3.00573468208313,0.10858788341283798,1.4654525518417358,1.192014217376709,0.3755585551261902,2.3377063274383545
ACCACTGTCAATGGAA,0.023460006341338158,0.042193006724119186,0.04741992801427841,0.035434089601039886,0.041497327387332916,0.05717025697231293
ACCACTGTCACTTCGA,0.07960778474807739,0.042262643575668335,0.07107675075531006,0.14223356544971466,0.029944326728582382,0.10678146779537201
ACCACTGTCAGATCTG,0.7669070363044739,0.36466240882873535,0.9977036714553833,0.5077335238456726,0.4564957320690155,0.585057258605957
ACCACTGTCAGCGTTA,0.39746028184890747,0.0721559226512909,1.8227965831756592,0.22620999813079834,0.18509748578071594,0.42353153228759766
ACCACTGTCATACCAA,0.21460947394371033,0.07206396013498306,0.6548337936401367,0.6926569938659668,0.1313534826040268,0.4780315160751343
ACCACTGTCATCAAGT,0.3637661635875702,0.17565247416496277,0.472398042678833,0.3146076202392578,0.6153810620307922,0.18787318468093872
ACCACTGTCCAGTTCA,0.06955307722091675,0.03899122029542923,0.06787733733654022,0.3183180093765259,0.03839629143476486,0.19844022393226624
ACCACTGTCCGAAGTA,0.03976793214678764,0.037941932678222656,0.1591004729270935,0.5300321578979492,0.04165315628051758,0.1004788875579834
ACCACTGTCCGTGAGA,0.03718286752700806,0.03344413638114929,0.028089312836527824,0.031492240726947784,0.0605899840593338,0.06038716062903404
ACCACTGTCCTCCTGA,0.11015280336141586,0.04950461536645889,0.04026486724615097,0.05714426562190056,0.023438235744833946,0.01500330027192831
ACCACTGTCGAACTTA,0.06304696947336197,0.030293162912130356,0.048690520226955414,0.07793805003166199,0.0620560348033905,0.09676435589790344
ACCACTGTCGACTGGA,0.039762962609529495,0.026928693056106567,0.2266891896724701,0.06009914353489876,0.026140110567212105,0.10812707990407944
ACCACTGTCGCATACA,0.14346076548099518,0.0459359735250473,1.2488954067230225,0.3046194612979889,0.1444910317659378,0.9800916314125061
ACCACTGTCGCTGATC,0.1823776662349701,0.035661906003952026,0.19688643515110016,0.07833179831504822,0.08408089727163315,0.03514980897307396
ACCACTGTCTCAATGA,0.10367822647094727,0.16470572352409363,0.1950620412826538,0.19469624757766724,0.11544599384069443,0.3416324555873871
ACCACTGTCTGAGCCA,0.06053679436445236,0.06156381964683533,0.15718580782413483,1.0582659244537354,0.4092232286930084,0.22703813016414642
ACCACTGTCTGGCATA,0.22513166069984436,0.07563664019107819,0.319607675075531,0.38197070360183716,0.12017152458429337,0.11652661859989166
ACCACTGTCTGTAGCC,0.21914224326610565,0.03901706263422966,0.06810391694307327,0.034527089446783066,0.039886776357889175,0.07108932733535767
ACCACTGTGAATCTGA,2.4063916206359863,0.22868849337100983,1.5479642152786255,0.8491265773773193,0.12536460161209106,1.6324642896652222
ACCACTGTGACTAGTA,0.050602905452251434,0.09449908137321472,0.07763242721557617,0.17050541937351227,0.01862269453704357,0.06143881753087044
ACCACTGTGAGCTGAA,2.277977705001831,0.24731405079364777,1.3015344142913818,0.47681182622909546,0.29937320947647095,3.704068183898926
ACCACTGTGATAGACA,0.9285615086555481,0.06351328641176224,0.5421479940414429,0.4566420316696167,0.09232503175735474,0.41449621319770813
ACCACTGTGCCACATA,1.6206269264221191,0.07393983751535416,1.674300193786621,0.9012699127197266,0.09998326748609543,1.0444190502166748
ACCTCCAAAAACATCG,0.025210123509168625,0.021197296679019928,0.009223619475960732,0.018143432214856148,0.006179159972816706,0.009618506766855717
ACCTCCAAAACAACCA,0.042410243302583694,0.03712036460638046,0.1395518034696579,0.03634883835911751,0.01965770684182644,0.05855877697467804
ACCTCCAAAACCGAGA,0.20737864077091217,0.032501425594091415,0.2915313243865967,0.07867272943258286,0.1557135283946991,0.3366629183292389
ACCTCCAAAACGCTTA,0.6953787207603455,0.09699050337076187,1.040270209312439,0.437198668718338,0.35998454689979553,0.6593111753463745
ACCTCCAAAACGTGAT,0.04119110479950905,0.023807385936379433,0.05288967862725258,0.03985051438212395,0.014508645981550217,0.020245904102921486
ACCTCCAAAAGACGGA,0.2836812436580658,0.08068639039993286,0.21679116785526276,0.07767591625452042,0.09460356831550598,0.47703367471694946
ACCTCCAAAAGGTACA,0.18127821385860443,0.23040956258773804,0.1699630469083786,0.1562603861093521,0.10424135625362396,0.22026850283145905
ACCTCCAAACAAGCTA,0.8548532128334045,0.4868052005767822,0.6069515347480774,0.3932550251483917,0.5102320313453674,0.4550214409828186
ACCTCCAAACACAGAA,0.03651627525687218,0.0325285866856575,0.25961607694625854,0.630433201789856,0.16581839323043823,0.5994996428489685
ACCTCCAAACAGCAGA,0.08565281331539154,0.07771699875593185,0.48803359270095825,0.15804575383663177,0.20190401375293732,0.05670888349413872
ACCTCCAAACATTGGC,0.32411396503448486,0.058108847588300705,0.7570797204971313,0.26873379945755005,0.03893071040511131,0.31885668635368347
ACCTCCAAACCACTGT,0.14017578959465027,0.030834587290883064,0.027618596330285072,0.041754450649023056,0.022427262738347054,0.06996472179889679
ACCTCCAAACCTCCAA,0.07700558751821518,0.04215957224369049,0.06363954395055771,0.035636331886053085,0.023817913606762886,0.37615254521369934
ACCTCCAAACGCTCGA,0.04340530186891556,0.03434262052178383,0.07413586229085922,0.029635146260261536,0.03926463425159454,0.06765013188123703
ACCTCCAAACGTATCA,0.1538320928812027,0.026086170226335526,0.06306301802396774,0.05140462517738342,0.018909795209765434,0.07983789592981339
ACCTCCAAACTATGCA,0.16799288988113403,0.14074090123176575,1.4232196807861328,0.06974253058433533,0.24659593403339386,0.07514559477567673
ACCTCCAAAGAGTCAA,0.04361990466713905,0.03341181203722954,0.0869363322854042,0.11003649234771729,0.01881323754787445,0.09237000346183777
ACCTCCAAAGATCGCA,0.10921809077262878,0.03240911662578583,0.036528296768665314,0.3311808407306671,0.02817547507584095,0.01611725613474846
ACCTCCAAAGCAGGAA,0.03555791825056076,0.02801402471959591,0.030120356008410454,0.02483230270445347,0.013891243375837803,0.013263425789773464
ACCTCCAAAGTACAAG,0.06956087797880173,0.03236452490091324,0.043254464864730835,0.024243991822004318,0.060718342661857605,0.022427713498473167
ACCTCCAAAGTCACTA,0.13382095098495483,0.0449540838599205,0.04038264974951744,0.04022544249892235,0.025377554818987846,0.09349099546670914
ACCTCCAAAGTGGTCA,0.08285634219646454,0.030557800084352493,0.04778558388352394,0.13333861529827118,0.028681421652436256,0.07053808867931366
ACCTCCAAATCCTGTA,0.11078202724456787,0.07982529699802399,0.19436213374137878,0.06536311656236649,0.09450109302997589,0.1997980773448944
ACCTCCAAATGCCTAA,0.18252021074295044,0.09326329082250595,0.6341748237609863,0.11400969326496124,0.15677665174007416,0.16640956699848175
ACCTCCAAATTGAGGA,0.07397173345088959,0.0288217943161726,0.450869619846344,0.11745282262563705,0.15169492363929749,0.023116400465369225
ACCTCCAACAACCACA,0.08538345992565155,0.04359796643257141,0.07626949995756149,0.08794063329696655,0.03800895810127258,0.08942372351884842
ACCTCCAACAAGACTA,0.07885842025279999,0.03854799270629883,0.047618474811315536,0.05388473719358444,0.0275641530752182,0.08090842515230179
ACCTCCAACAATGGAA,0.12470554560422897,0.07356362044811249,0.04064318165183067,0.7196744680404663,0.0821365937590599,0.3514724671840668
ACCTCCAACACTTCGA,0.12150325626134872,0.15394699573516846,0.053428247570991516,0.7010822296142578,0.11574830859899521,0.02880413457751274
ACCTCCAACAGATCTG,0.13109727203845978,0.060904648154973984,0.8289600014686584,0.14590567350387573,0.06744466722011566,0.3307306170463562
ACCTCCAACAGCGTTA,0.08883253484964371,0.11732799559831619,0.8334904313087463,0.13870969414710999,0.05121859163045883,0.22296185791492462
ACCTCCAACATACCAA,0.1563900113105774,0.06188446655869484,0.17592664062976837,0.06682763993740082,0.14061129093170166,0.051225073635578156
ACCTCCAACATCAAGT,0.14535754919052124,0.024294454604387283,0.03595150634646416,0.10118362307548523,0.034928396344184875,0.015070212073624134
ACCTCCAACCAGTTCA,0.044408004730939865,0.07748246192932129,1.200979232788086,0.383145809173584,0.04386388882994652,0.03323163837194443
ACCTCCAACCGAAGTA,0.05400710552930832,0.03108692541718483,0.06295251846313477,0.046004295349121094,0.03558402135968208,0.021767031401395798
ACCTCCAACCGTGAGA,0.06849570572376251,0.04122479259967804,0.030204391106963158,0.2459067702293396,0.02380112186074257,0.1093045249581337
ACCTCCAACCTCCTGA,0.058285243809223175,0.05025983229279518,0.10537254810333252,0.4130234718322754,0.14848846197128296,0.574613094329834
ACCTCCAACGAACTTA,0.09852516651153564,0.04767279699444771,0.03989437595009804,0.4591625928878784,0.03093700110912323,0.06592122465372086
ACCTCCAACGACTGGA,0.046476464718580246,0.033821817487478256,0.023700878024101257,0.09096255153417587,0.0563473254442215,0.04267840459942818
ACCTCCAACGCATACA,0.053950466215610504,0.05058937147259712,0.2664482295513153,0.618710994720459,0.12970708310604095,0.24230988323688507
ACCTCCAACGCTGATC,0.7205485701560974,1.061808705329895,0.46041515469551086,0.564544677734375,0.5368478298187256,0.7314579486846924
ACCTCCAACTCAATGA,0.035696662962436676,0.03752283379435539,0.29694610834121704,0.048496901988983154,0.06536738574504852,0.036355674266815186
ACCTCCAACTGAGCCA,0.041327089071273804,0.0442826971411705,0.19308732450008392,0.24913780391216278,0.038175903260707855,0.029472585767507553
ACCTCCAACTGGCATA,0.04008638113737106,0.03314140811562538,0.0905352234840393,0.3020835816860199,0.08509434759616852,0.028335487470030785
ACCTCCAACTGTAGCC,0.10799199342727661,0.01716560870409012,0.01977265626192093,0.02229902893304825,0.03722038492560387,0.054015617817640305
ACCTCCAAGAATCTGA,0.02996891923248768,0.02486364357173443,0.025254031643271446,0.22230380773544312,0.02364606224000454,0.09362523257732391
ACCTCCAAGACTAGTA,0.11627910286188126,0.06456924229860306,0.12931174039840698,0.06137332692742348,0.11338765174150467,0.09602447599172592
ACCTCCAAGAGCTGAA,0.031446345150470734,0.03134884312748909,0.022460466250777245,0.20719526708126068,0.015093563124537468,0.06584955751895905
ACCTCCAAGATAGACA,0.03210696950554848,0.024345763027668,0.047821298241615295,0.035631999373435974,0.02166719362139702,0.0654667541384697
ACCTCCAAGCCACATA,0.04401762783527374,0.02152187190949917,0.2002384513616562,0.027079060673713684,0.028755730018019676,0.016165869310498238
ACGCTCGAAAACATCG,0.022583521902561188,0.020543493330478668,0.018134567886590958,0.010571880266070366,0.006314393132925034,0.009733691811561584
ACGCTCGAAACAACCA,0.0438566729426384,0.1402815580368042,0.04531681537628174,0.20775888860225677,0.09992383420467377,0.04907238110899925
ACGCTCGAAACCGAGA,0.16585290431976318,0.139336496591568,0.8597490787506104,0.3532291352748871,0.3904208540916443,0.2349124252796173
ACGCTCGAAACGCTTA,0.26727986335754395,0.06542058289051056,0.9618911743164062,0.18070733547210693,0.2810935974121094,0.26767948269844055
ACGCTCGAAACGTGAT,0.05569792538881302,0.023615222424268723,0.01243341900408268,0.011088065803050995,0.008513890206813812,0.10292025655508041
ACGCTCGAAAGACGGA,0.12355393171310425,0.04146398603916168,0.7371655702590942,0.24576561152935028,0.04671192541718483,0.06745825707912445
ACGCTCGAAAGGTACA,0.4314870536327362,0.05515997111797333,0.19491828978061676,0.1275128722190857,0.13219092786312103,0.21057938039302826
ACGCTCGAACAAGCTA,0.5418522357940674,1.8090734481811523,0.8157662749290466,1.2009491920471191,0.5365092158317566,0.6260209679603577
ACGCTCGAACACAGAA,0.12438425421714783,0.10624852776527405,0.1332715004682541,0.11603110283613205,0.0985691249370575,0.44138842821121216
ACGCTCGAACAGCAGA,0.20220310986042023,0.06167551502585411,0.8630738258361816,0.47143664956092834,0.06036928668618202,0.3932284414768219
ACGCTCGAACATTGGC,0.0881701409816742,0.08035711199045181,0.1230655238032341,0.04296816885471344,0.053209252655506134,0.1351398378610611
ACGCTCGAACCACTGT,0.12963847815990448,0.026759348809719086,0.043538931757211685,0.02862725965678692,0.012001000344753265,0.038616303354501724
ACGCTCGAACCTCCAA,0.05656840279698372,0.04523935168981552,0.2035055309534073,0.1380639374256134,0.03981533646583557,0.2501479685306549
ACGCTCGAACGCTCGA,0.35624900460243225,0.06709564477205276,0.0637066513299942,0.2996726632118225,0.1407923400402069,0.0439838245511055
ACGCTCGAACGTATCA,0.16265800595283508,0.08355116099119186,0.15438009798526764,0.3516668677330017,0.06016692519187927,0.3277360498905182
ACGCTCGAACTATGCA,0.1303827315568924,0.10590634495019913,1.0438039302825928,0.2297443449497223,0.06394698470830917,0.10968927294015884
ACGCTCGAAGAGTCAA,0.22889648377895355,0.036733001470565796,0.030569247901439667,0.03834032639861107,0.09246927499771118,0.0774410292506218
ACGCTCGAAGATCGCA,0.18139450252056122,0.055919479578733444,0.704810619354248,0.11905770003795624,0.07506907731294632,0.03922725468873978
ACGCTCGAAGCAGGAA,0.21725137531757355,0.04552692547440529,0.085721455514431,0.1480063796043396,0.4136054217815399,0.03835180029273033
ACGCTCGAAGTACAAG,0.13176874816417694,0.031264208257198334,0.17005227506160736,0.12499403953552246,0.05735144764184952,0.05077420175075531
ACGCTCGAAGTCACTA,0.14631599187850952,0.05355778709053993,0.9447507858276367,0.19765520095825195,0.10064369440078735,0.2915457785129547
ACGCTCGAAGTGGTCA,0.07415934652090073,0.028018232434988022,0.03153079375624657,0.09065897017717361,0.02540130726993084,0.053276047110557556
ACGCTCGAATCCTGTA,0.155244842171669,0.2698059678077698,0.9020824432373047,0.11908193677663803,0.09142390638589859,0.045061737298965454
ACGCTCGAATGCCTAA,0.0941665843129158,0.07213497161865234,0.06688416004180908,0.036656834185123444,0.017047910019755363,0.08433008939027786
ACGCTCGAATTGAGGA,0.09662912040948868,0.07359259575605392,0.9254642128944397,0.6199110746383667,0.46990615129470825,0.11244168877601624
ACGCTCGACAACCACA,0.05667227879166603,0.043217532336711884,0.21394050121307373,0.25920960307121277,0.08548322319984436,0.3858371078968048
ACGCTCGACAAGACTA,0.08940820395946503,0.043733805418014526,0.06650927662849426,0.5399253964424133,0.133164182305336,0.13094298541545868
ACGCTCGACAATGGAA,0.08222195506095886,0.037781767547130585,0.031694572418928146,0.020166685804724693,0.02379486709833145,0.1354607194662094
ACGCTCGACACTTCGA,0.03049440309405327,0.018444227054715157,0.033763475716114044,0.037002235651016235,0.013349946588277817,0.05337091535329819
ACGCTCGACAGATCTG,0.1531599909067154,0.045296549797058105,0.06961866468191147,0.24938206374645233,0.03082512505352497,0.07968127727508545
ACGCTCGACAGCGTTA,0.06915179640054703,0.053574949502944946,0.020845191553235054,0.04251852631568909,0.01557492557913065,0.12137238681316376
ACGCTCGACATACCAA,0.050210751593112946,0.04150815308094025,0.21301865577697754,0.028660709038376808,0.09818296879529953,0.018836596980690956
ACGCTCGACATCAAGT,0.14150038361549377,0.02564886398613453,0.14612434804439545,0.028026429936289787,0.01616503670811653,0.08354570716619492
ACGCTCGACCAGTTCA,0.03531602770090103,0.027744805440306664,0.03524076193571091,0.04452148452401161,0.018496427685022354,0.0307425856590271
ACGCTCGACCGAAGTA,0.0363992340862751,0.021396581083536148,0.07499448210000992,0.05091850459575653,0.015299513004720211,0.07118052244186401
ACGCTCGACCGTGAGA,0.26398929953575134,0.10038141906261444,0.13694946467876434,0.27148938179016113,0.08348145335912704,0.44320181012153625
ACGCTCGACCTCCTGA,0.21861958503723145,0.07096242159605026,0.3450264632701874,0.07763134688138962,0.07572005689144135,0.150131955742836
ACGCTCGACGAACTTA,0.05235755071043968,0.05684167146682739,0.5144368410110474,0.4479069113731384,0.0849851667881012,0.02348753623664379
ACGCTCGACGACTGGA,0.10847857594490051,0.052132464945316315,0.9855896234512329,0.2118779718875885,0.084599569439888,0.039188042283058167
ACGCTCGACGCATACA,0.057557325810194016,0.06072921305894852,0.05225682258605957,0.07091699540615082,0.021202612668275833,0.05290102958679199
ACGCTCGACGCTGATC,0.8090887665748596,0.8917186856269836,0.7542574405670166,0.6407113075256348,0.7954185605049133,0.6362438797950745
ACGCTCGACTCAATGA,0.044823698699474335,0.03540293872356415,0.03013441152870655,0.05454203113913536,0.011531474068760872,0.017092132940888405
ACGCTCGACTGAGCCA,0.10024300962686539,0.13608691096305847,0.04921489208936691,1.108169674873352,0.037618789821863174,0.10078030079603195
ACGCTCGACTGGCATA,0.04920824244618416,0.028016503900289536,0.03206659108400345,0.2496299147605896,0.025923166424036026,0.1512368768453598
ACGCTCGACTGTAGCC,0.2589748799800873,0.09319382905960083,0.5801807045936584,0.13393676280975342,0.08534467965364456,0.16918104887008667
ACGCTCGAGAATCTGA,0.0793352946639061,0.06258906424045563,0.2905885875225067,0.2748999297618866,0.02338842675089836,0.15440337359905243
ACGCTCGAGACTAGTA,0.14731305837631226,0.05274105444550514,1.4209232330322266,0.05306079238653183,0.07905147969722748,0.2929008901119232
ACGCTCGAGAGCTGAA,0.04241234064102173,0.024252651259303093,0.010891023091971874,0.029962003231048584,0.012335926294326782,0.01611064001917839
ACGCTCGAGATAGACA,0.07143770158290863,0.026993758976459503,0.08919831365346909,0.04766755923628807,0.048224687576293945,0.01386900432407856
ACGCTCGAGCCACATA,0.05679389461874962,0.040296342223882675,0.03940423205494881,0.0803263708949089,0.017227329313755035,0.03154230862855911
ACGTATCAAAACATCG,0.03364633023738861,0.01621612161397934,0.009156995452940464,0.0131571339443326,0.009031310677528381,0.016881633549928665
ACGTATCAAACAACCA,0.5540063381195068,0.0663471668958664,0.8885342478752136,0.2205630987882614,0.3428441882133484,0.1612279713153839
ACGTATCAAACCGAGA,0.45146873593330383,0.06011004373431206,0.068951316177845,0.0628998875617981,0.04787701740860939,0.4888664484024048
ACGTATCAAACGCTTA,0.10633522272109985,0.0353461354970932,0.03564419969916344,0.015646757557988167,0.036683544516563416,0.04717448726296425
ACGTATCAAACGTGAT,0.023527896031737328,0.01925426907837391,0.017375770956277847,0.018936777487397194,0.008922462351620197,0.012060632929205894
ACGTATCAAAGACGGA,0.2037314474582672,0.05168340355157852,0.49760377407073975,0.10101757198572159,0.4703807532787323,0.11256971955299377
ACGTATCAAAGGTACA,0.12428157031536102,0.023782577365636826,0.06646469235420227,0.044586289674043655,0.04646594822406769,0.04756511002779007
ACGTATCAACAAGCTA,0.8397631645202637,2.7124292850494385,0.9383686184883118,1.2663307189941406,1.0355658531188965,0.8526136875152588
ACGTATCAACACAGAA,0.22522428631782532,0.053446948528289795,1.5248076915740967,0.15234731137752533,0.08961121737957001,0.19132208824157715
ACGTATCAACAGCAGA,0.11536333709955215,0.03245328366756439,0.01456715352833271,0.027610432356595993,0.011249060742557049,0.020094366744160652
ACGTATCAACATTGGC,0.23637889325618744,0.1433297097682953,0.45004427433013916,0.5785694718360901,0.16343405842781067,1.1880667209625244
ACGTATCAACCACTGT,0.10652362555265427,0.016411686316132545,0.010120091959834099,0.02255610004067421,0.0070943753235042095,0.008883004076778889
ACGTATCAACCTCCAA,0.07010828703641891,0.03987531363964081,0.2313356250524521,0.04203524440526962,0.016969749704003334,0.07520242780447006
ACGTATCAACGCTCGA,0.1812703162431717,0.023841233924031258,0.2043825089931488,0.030117670074105263,0.04901896417140961,0.017568783834576607
ACGTATCAACGTATCA,0.08649216592311859,0.07472055405378342,0.03083937242627144,0.022944903001189232,0.012251412495970726,0.02988255023956299
ACGTATCAACTATGCA,0.2215377390384674,0.033343710005283356,0.023584816604852676,0.11996456235647202,0.033876169472932816,0.1258956640958786
ACGTATCAAGAGTCAA,0.38534215092658997,0.148649200797081,1.001903772354126,0.0633753091096878,0.04674282297492027,0.12134087085723877
ACGTATCAAGATCGCA,0.4104970693588257,0.3499467670917511,0.2989664375782013,0.7288229465484619,0.2035311609506607,0.4352719187736511
ACGTATCAAGCAGGAA,0.16698768734931946,0.05181336775422096,1.35981285572052,0.23382462561130524,0.16539080440998077,0.186979740858078
ACGTATCAAGTACAAG,0.27107903361320496,0.05476738139986992,0.027928171679377556,0.035570014268159866,0.03791031986474991,0.09557057172060013
ACGTATCAAGTCACTA,0.06658697873353958,0.02783806622028351,0.07177900522947311,0.056803371757268906,0.036605384200811386,0.040007248520851135
ACGTATCAAGTGGTCA,0.052363742142915726,0.042550407350063324,0.041808128356933594,0.03954850509762764,0.03506431728601456,0.0501311793923378
ACGTATCAATCCTGTA,0.05790594592690468,0.025327209383249283,0.012820973992347717,0.022010885179042816,0.03409597650170326,0.0895557552576065
ACGTATCAATGCCTAA,0.1358451098203659,0.07086385786533356,0.14784763753414154,0.1431806981563568,0.07378394901752472,0.08868378400802612
ACGTATCAATTGAGGA,0.18097583949565887,0.13220283389091492,0.1836511343717575,0.03638437017798424,0.04774552956223488,0.02087325043976307
ACGTATCACAACCACA,0.18088139593601227,0.1275390088558197,0.8808110952377319,0.29159530997276306,0.34421008825302124,0.1970137655735016
ACGTATCACAAGACTA,0.03856191039085388,0.027410397306084633,0.09396873414516449,0.2151934802532196,0.02262512780725956,0.03443939983844757
ACGTATCACAATGGAA,0.031011143699288368,0.028012461960315704,0.19300034642219543,0.03737293928861618,0.039543960243463516,0.14460156857967377
ACGTATCACACTTCGA,0.06123818829655647,0.07199016958475113,0.10440345108509064,0.1374271661043167,0.05331353098154068,0.02035827562212944
ACGTATCACAGATCTG,0.1648854911327362,0.028266608715057373,0.05545109137892723,0.05930269882082939,0.014199375174939632,0.38384008407592773
ACGTATCACAGCGTTA,0.2635391652584076,0.05519556999206543,0.030315140262246132,0.22782185673713684,0.029388075694441795,0.12882989645004272
ACGTATCACATACCAA,0.10194989293813705,0.21048793196678162,0.3061491847038269,0.37063881754875183,0.17143017053604126,0.10536674410104752
ACGTATCACATCAAGT,0.1362222284078598,0.03011702373623848,0.017141642048954964,0.06291908770799637,0.02066311053931713,0.03948825225234032
ACGTATCACCAGTTCA,0.0344071127474308,0.027254560962319374,0.03866591304540634,0.22575831413269043,0.03769196569919586,0.07554784417152405
ACGTATCACCGAAGTA,0.038958750665187836,0.040776532143354416,0.5664334297180176,0.5684494376182556,0.06303951144218445,0.208755761384964
ACGTATCACCGTGAGA,0.01757127232849598,0.01610194705426693,0.013208793476223946,0.02795410342514515,0.029134929180145264,0.01049787551164627
ACGTATCACCTCCTGA,0.05614099279046059,0.023016832768917084,0.053839061409235,0.04318467900156975,0.02194295823574066,0.040891382843256
ACGTATCACGAACTTA,0.0754668116569519,0.04738909751176834,0.09610108286142349,0.5345855951309204,0.052712853997945786,0.026237189769744873
ACGTATCACGACTGGA,0.05317890644073486,0.019679559394717216,0.015333188697695732,0.042830221354961395,0.01549727376550436,0.00965066161006689
ACGTATCACGCATACA,0.07257696241140366,0.06998839229345322,0.4241224527359009,0.4873339533805847,0.06244964897632599,0.08386009186506271
ACGTATCACGCTGATC,0.45914095640182495,0.3626004159450531,0.3510894179344177,0.1877966821193695,0.12917006015777588,0.37320998311042786
ACGTATCACTCAATGA,0.057887688279151917,0.040639497339725494,0.032042816281318665,0.03125442937016487,0.03802447393536568,0.1408788114786148
ACGTATCACTGAGCCA,0.03518926724791527,0.030869489535689354,0.028980175033211708,0.24363268911838531,0.013639156706631184,0.14454041421413422
ACGTATCACTGGCATA,0.08111802488565445,0.034352365881204605,0.024850664660334587,0.3589757978916168,0.020922821015119553,0.018047191202640533
ACGTATCACTGTAGCC,0.5012335181236267,0.7369402647018433,0.35541871190071106,0.6186249256134033,0.19418364763259888,0.875278651714325
ACGTATCAGAATCTGA,0.22509904205799103,0.06681367754936218,0.04649584740400314,0.4340295195579529,0.052419040352106094,0.10620712488889694
ACGTATCAGACTAGTA,0.06982072442770004,0.03220832347869873,1.000372052192688,0.11271212995052338,0.13997727632522583,0.1565231829881668
ACGTATCAGAGCTGAA,0.043902210891246796,0.034015484154224396,0.1215471476316452,0.14316661655902863,0.043142061680555344,0.32910099625587463
ACGTATCAGATAGACA,0.08167950809001923,0.037278082221746445,0.37968993186950684,0.6463333964347839,0.14987993240356445,0.21150200068950653
ACGTATCAGCCACATA,0.022312525659799576,0.026572758331894875,0.05942600220441818,0.014380007050931454,0.014924476854503155,0.01380715798586607
ACTATGCAAAACATCG,0.013361684046685696,0.013626623898744583,0.019357595592737198,0.012188691645860672,0.00993620790541172,0.019268376752734184
ACTATGCAAACAACCA,0.11795762181282043,0.028036436066031456,0.10106799006462097,0.04815206676721573,0.01942463032901287,0.017052121460437775
ACTATGCAAACCGAGA,0.1676977425813675,0.12835843861103058,1.0705147981643677,0.27919280529022217,0.18488898873329163,0.11769835650920868
ACTATGCAAACGCTTA,0.113517627120018,0.12768228352069855,0.9778345227241516,0.23943696916103363,0.16845828294754028,0.09260208904743195
ACTATGCAAACGTGAT,0.04429861158132553,0.027719911187887192,0.02517896518111229,0.05679604411125183,0.04812803119421005,0.01306835375726223
ACTATGCAAAGACGGA,0.27755582332611084,0.30032631754875183,1.9804987907409668,0.37873685359954834,0.3511554002761841,0.3471304178237915
ACTATGCAAAGGTACA,0.33038222789764404,0.0826173797249794,0.1710529774427414,0.12138910591602325,0.05811880901455879,0.09667538851499557
ACTATGCAACAAGCTA,3.526118040084839,1.5015724897384644,1.8615156412124634,1.2793020009994507,0.49582380056381226,1.6896730661392212
ACTATGCAACACAGAA,0.05265017971396446,0.055847734212875366,0.08454153686761856,0.02152092196047306,0.03414690122008324,0.09309043735265732
ACTATGCAACAGCAGA,0.1757289618253708,0.029952852055430412,0.1217857301235199,0.10230323672294617,0.014469286426901817,0.08647431433200836
ACTATGCAACATTGGC,0.11756070703268051,0.03236459568142891,0.02604873664677143,0.050021007657051086,0.06325602531433105,0.02348988875746727
ACTATGCAACCACTGT,0.11769144982099533,0.04826436936855316,0.15093165636062622,0.5036042332649231,0.2841531038284302,0.18207795917987823
ACTATGCAACCTCCAA,0.09318292140960693,0.03766215220093727,0.03870665654540062,0.06014002114534378,0.03745320811867714,0.048865918070077896
ACTATGCAACGCTCGA,0.27316173911094666,0.4369831681251526,0.2905780076980591,0.12827780842781067,0.4265708923339844,0.027763040736317635
ACTATGCAACGTATCA,0.16007134318351746,0.03141523152589798,0.06844212114810944,0.4224379062652588,0.042988311499357224,0.12548604607582092
ACTATGCAACTATGCA,0.6878172159194946,0.18974241614341736,0.4126574993133545,0.31598347425460815,0.12937769293785095,0.16706649959087372
ACTATGCAAGAGTCAA,0.22788956761360168,0.07777583599090576,0.06152471527457237,0.13674457371234894,0.0500497929751873,0.23304383456707
ACTATGCAAGATCGCA,0.5344998240470886,0.17160078883171082,0.2250862717628479,0.23167121410369873,0.3337935507297516,0.30210545659065247
ACTATGCAAGCAGGAA,0.2776605486869812,0.08084716647863388,0.09834999591112137,0.29443326592445374,0.3387826979160309,0.13131913542747498
ACTATGCAAGTACAAG,0.41914355754852295,0.09113967418670654,2.2592709064483643,0.10231874883174896,0.3862752914428711,0.14485302567481995
ACTATGCAAGTCACTA,0.20441366732120514,0.036480601876974106,0.0469062365591526,0.07149708271026611,0.053291838616132736,0.07423286139965057
ACTATGCAAGTGGTCA,0.2636299133300781,0.15765097737312317,0.11359640955924988,0.3661627471446991,0.27405038475990295,0.32648855447769165
ACTATGCAATCCTGTA,0.2600814700126648,0.06971658021211624,0.7644034028053284,0.32599449157714844,0.164082333445549,0.13161508738994598
ACTATGCAATGCCTAA,0.06441949307918549,0.03338373452425003,0.013558593578636646,0.05274977907538414,0.010056602768599987,0.03090246394276619
ACTATGCAATTGAGGA,0.5933837890625,0.10084712505340576,0.24540814757347107,0.7673258185386658,0.0864482969045639,0.2634645700454712
ACTATGCACAACCACA,0.15249089896678925,0.2975502610206604,0.35236862301826477,0.1792355626821518,0.14999665319919586,0.19949263334274292
ACTATGCACAAGACTA,0.0959278792142868,0.03911639750003815,0.07635189592838287,0.15529710054397583,0.0132217425853014,0.028975924476981163
ACTATGCACAATGGAA,0.0782400593161583,0.02900746464729309,0.017366774380207062,0.06081819534301758,0.033664509654045105,0.14266625046730042
ACTATGCACACTTCGA,0.01930076815187931,0.016699131578207016,0.0327327661216259,0.10293880850076675,0.04833406209945679,0.02970881201326847
ACTATGCACAGATCTG,0.11996272206306458,0.015262358821928501,0.0384896956384182,0.012746470980346203,0.010351445525884628,0.010010873898863792
ACTATGCACAGCGTTA,0.024628115817904472,0.015196332708001137,0.019056402146816254,0.02143148146569729,0.013938824646174908,0.07430747896432877
ACTATGCACATACCAA,0.03748554736375809,0.03082691878080368,0.028748609125614166,0.02544199302792549,0.03681870922446251,0.028127672150731087
ACTATGCACATCAAGT,0.0991486981511116,0.019094595685601234,0.010087060742080212,0.0326777845621109,0.019835812970995903,0.01595919020473957
ACTATGCACCAGTTCA,0.07419092953205109,0.04267347976565361,0.6395228505134583,0.34654945135116577,0.04969833418726921,0.07418767362833023
ACTATGCACCGAAGTA,0.04879278317093849,0.02293398790061474,0.04564250260591507,0.2753521203994751,0.0226680189371109,0.07096108794212341
ACTATGCACCGTGAGA,0.06985794007778168,0.047252919524908066,0.039746347814798355,0.042176853865385056,0.08075128495693207,0.04667577147483826
ACTATGCACCTCCTGA,0.057503048330545425,0.0883965939283371,0.07102219760417938,0.35044580698013306,0.042468030005693436,0.06580465286970139
ACTATGCACGAACTTA,0.04675524681806564,0.032747067511081696,0.513126790523529,0.08550641685724258,0.047280993312597275,0.07927615940570831
ACTATGCACGACTGGA,0.09725770354270935,0.10552842915058136,0.0632847249507904,1.3757095336914062,0.252124547958374,0.05748343467712402
ACTATGCACGCATACA,0.030796581879258156,0.03215211629867554,0.7320869565010071,0.11080508679151535,0.024167323485016823,0.05997837334871292
ACTATGCACGCTGATC,0.45090001821517944,0.08123095333576202,0.16873621940612793,0.2102036029100418,0.08928190916776657,0.2341414839029312
ACTATGCACTCAATGA,0.06285956501960754,0.029232807457447052,0.04070058465003967,0.04904840141534805,0.024194810539484024,0.05390090122818947
ACTATGCACTGAGCCA,0.02467065304517746,0.014898836612701416,0.01711100898683071,0.041523147374391556,0.017834536731243134,0.01162812951952219
ACTATGCACTGGCATA,0.07336045801639557,0.0924130529165268,0.9185240268707275,0.2835782766342163,0.17579197883605957,0.10856948047876358
ACTATGCACTGTAGCC,0.1731404811143875,0.4892731010913849,1.6830929517745972,0.7905911207199097,0.8673293590545654,1.0060757398605347
ACTATGCAGAATCTGA,0.1601039320230484,0.08997654169797897,0.2968448996543884,2.318695306777954,0.6493045687675476,0.5205827355384827
ACTATGCAGACTAGTA,0.06984212249517441,0.03175942227244377,0.0437360480427742,0.058229852467775345,0.011779507622122765,0.02804582193493843
ACTATGCAGAGCTGAA,0.07326463609933853,0.04928547516465187,0.22780540585517883,0.22146014869213104,0.10184749215841293,0.10023928433656693
ACTATGCAGATAGACA,0.09260120987892151,0.04312071204185486,0.04192545637488365,0.34855177998542786,0.09531594067811966,0.03150574862957001
ACTATGCAGCCACATA,0.05345269665122032,0.02574121579527855,0.4193287789821625,0.12229667603969574,0.029307175427675247,0.08162959665060043
AGAGTCAAAAACATCG,0.040266212075948715,0.03237262740731239,0.011730131693184376,0.02424856461584568,0.00898655317723751,0.04815385863184929
AGAGTCAAAACAACCA,0.0696512833237648,0.03125821426510811,0.03135848790407181,0.10452165454626083,0.02240021713078022,0.15117031335830688
AGAGTCAAAACCGAGA,0.0920872762799263,0.040934037417173386,0.10952962934970856,0.07468210905790329,0.031512219458818436,0.2769005000591278
AGAGTCAAAACGCTTA,0.35070425271987915,0.052692562341690063,0.5267053842544556,0.10526839643716812,0.1080959364771843,0.11635682731866837
AGAGTCAAAACGTGAT,0.060768190771341324,0.05973099172115326,0.1482221484184265,0.8801693320274353,0.2558089792728424,0.27386173605918884
AGAGTCAAAAGACGGA,0.22161632776260376,0.08012734353542328,0.23531052470207214,0.05844476819038391,0.0615847222507,0.2901705503463745
AGAGTCAAAAGGTACA,0.11670776456594467,0.08248687535524368,0.024183450266718864,0.15422819554805756,0.016935596242547035,0.02180306613445282
AGAGTCAAACAAGCTA,0.25351014733314514,0.49197933077812195,0.23467999696731567,0.3913712501525879,0.1858273595571518,0.2868591547012329
AGAGTCAAACACAGAA,0.11494015902280807,0.05101167783141136,0.510684072971344,0.31135594844818115,0.1830713152885437,0.13224932551383972
AGAGTCAAACAGCAGA,0.310727596282959,0.08669699728488922,0.5637114644050598,0.5138956904411316,0.2017824798822403,0.5095027089118958
AGAGTCAAACATTGGC,0.19874727725982666,0.17551593482494354,0.07413271814584732,0.46420523524284363,0.1521955132484436,0.4316554069519043
AGAGTCAAACCACTGT,0.0674581453204155,0.05767952278256416,0.05748036503791809,0.29868796467781067,0.10694321244955063,0.07078175991773605
AGAGTCAAACCTCCAA,0.13439437747001648,0.07232429832220078,0.18297891318798065,0.08073458075523376,0.08156251162290573,0.12572850286960602
AGAGTCAAACGCTCGA,0.21227963268756866,0.050488997250795364,0.06919664144515991,0.09424447268247604,0.014307057484984398,0.054146528244018555
AGAGTCAAACGTATCA,0.3374477028846741,0.09975483268499374,2.0265424251556396,0.2601764500141144,0.4113202393054962,0.4530631899833679
AGAGTCAAACTATGCA,0.3645588457584381,0.05184964835643768,1.0964933633804321,0.36609384417533875,0.24935702979564667,0.4481346905231476
AGAGTCAAAGAGTCAA,0.14815013110637665,0.03039488010108471,0.12775467336177826,0.12026981264352798,0.08322460949420929,0.0943695604801178
AGAGTCAAAGATCGCA,0.2776428759098053,0.08878400921821594,0.15085263550281525,0.11062061041593552,0.06871980428695679,0.06518346816301346
AGAGTCAAAGCAGGAA,0.044881999492645264,0.053705498576164246,0.651475727558136,0.1791001558303833,0.05150987207889557,0.09310215711593628
AGAGTCAAAGTACAAG,0.17800858616828918,0.06731849163770676,0.3452863097190857,0.12283347547054291,0.41148024797439575,0.0390632301568985
AGAGTCAAAGTCACTA,0.2980015277862549,0.0936589241027832,1.2386937141418457,0.21882447600364685,0.35021278262138367,0.06915674358606339
AGAGTCAAAGTGGTCA,0.07870709896087646,0.05585665628314018,0.5403465032577515,0.2799373269081116,0.20971308648586273,0.30421826243400574
AGAGTCAAATCCTGTA,0.09900855273008347,0.05427855998277664,0.41086605191230774,0.07359505444765091,0.1955161839723587,0.09651432186365128
AGAGTCAAATGCCTAA,0.054716456681489944,0.03316287696361542,0.22778695821762085,0.178434357047081,0.10856758803129196,0.08088624477386475
AGAGTCAAATTGAGGA,0.08286989480257034,0.042396027594804764,0.01929614320397377,0.03450046107172966,0.020732956007122993,0.04893215000629425
AGAGTCAACAACCACA,0.08197534084320068,0.08201795816421509,0.6545142531394958,0.2001306116580963,0.07670318335294724,0.04632056504487991
AGAGTCAACAAGACTA,0.7400195598602295,0.048067715018987656,0.30618688464164734,0.2761255204677582,0.10247651487588882,0.5454416871070862
AGAGTCAACAATGGAA,0.19512613117694855,0.06321562081575394,0.07455263286828995,0.08589666336774826,0.17208434641361237,0.10312503576278687
AGAGTCAACACTTCGA,0.09545379877090454,0.04086831212043762,0.0730549618601799,0.028286254033446312,0.01954984851181507,0.05509529262781143
AGAGTCAACAGATCTG,0.1361742615699768,0.037810277193784714,0.028960490599274635,0.11763831973075867,0.021860182285308838,0.014549757353961468
AGAGTCAACAGCGTTA,0.07566672563552856,0.05045104771852493,0.06226865202188492,0.04337967932224274,0.06994731724262238,0.0689050480723381
AGAGTCAACATACCAA,0.03872791677713394,0.04679395630955696,0.6704688668251038,0.11011312156915665,0.032211244106292725,0.06054100766777992
AGAGTCAACATCAAGT,0.16993115842342377,0.014634289778769016,0.031059151515364647,0.030181413516402245,0.028731629252433777,0.02225060574710369
AGAGTCAACCAGTTCA,0.050965435802936554,0.04988497495651245,1.3507273197174072,0.1812862753868103,0.15695445239543915,0.024019939824938774
AGAGTCAACCGAAGTA,0.063142791390419,0.04586922377347946,0.5625284910202026,0.46980711817741394,0.14878307282924652,0.13692283630371094
AGAGTCAACCGTGAGA,0.05921752005815506,0.07829096168279648,0.17370624840259552,0.33434808254241943,0.05551449581980705,0.14557106792926788
AGAGTCAACCTCCTGA,0.05455028638243675,0.025616619735956192,0.056626588106155396,0.04405423626303673,0.022884096950292587,0.018381139263510704
AGAGTCAACGAACTTA,0.053695064038038254,0.054448600858449936,0.07667463272809982,0.046631865203380585,0.05815801024436951,0.25651055574417114
AGAGTCAACGACTGGA,0.019555075094103813,0.02840433269739151,0.014870255254209042,0.05893729627132416,0.040260475128889084,0.013481046073138714
AGAGTCAACGCATACA,0.029833516106009483,0.022037159651517868,0.06850926578044891,0.015337752178311348,0.014332998543977737,0.01669161580502987
AGAGTCAACGCTGATC,0.060327038168907166,0.05062747746706009,0.05767997354269028,0.044505637139081955,0.054280463606119156,0.037149690091609955
AGAGTCAACTCAATGA,0.1325991451740265,0.09560747444629669,0.8066484332084656,1.4875990152359009,0.7092502117156982,0.11985549330711365
AGAGTCAACTGAGCCA,0.05163368955254555,0.04046162962913513,0.02843223325908184,0.025870468467473984,0.025548934936523438,0.06238318979740143
AGAGTCAACTGGCATA,0.05531807616353035,0.04636630415916443,0.13947105407714844,0.6840464472770691,0.04720421880483627,0.024047009646892548
AGAGTCAACTGTAGCC,0.7074364423751831,0.7598372101783752,2.502952814102173,0.86692875623703,0.5124865770339966,0.885746419429779
AGAGTCAAGAATCTGA,0.04797392711043358,0.032066505402326584,0.08782634884119034,0.6432991027832031,0.026269568130373955,0.060974881052970886
AGAGTCAAGACTAGTA,0.054228488355875015,0.022063393145799637,0.010614891536533833,0.0783562958240509,0.014224951155483723,0.012192608788609505
AGAGTCAAGAGCTGAA,0.1996554136276245,0.05316995084285736,0.027029545977711678,0.0698719322681427,0.024648774415254593,0.11802583932876587
AGAGTCAAGATAGACA,0.16186517477035522,0.09328532963991165,0.0555981770157814,1.1482042074203491,0.08246028423309326,0.24559587240219116
AGAGTCAAGCCACATA,0.03514483943581581,0.02792958915233612,0.13149084150791168,0.18534500896930695,0.09132315218448639,0.13604439795017242
AGATCGCAAAACATCG,0.033004920929670334,0.046780336648225784,0.018501991406083107,0.07016365230083466,0.012066190131008625,0.0680079460144043
AGATCGCAAACAACCA,0.4073099195957184,0.12674348056316376,0.2400490939617157,0.18214081227779388,0.07681545615196228,0.38309246301651
AGATCGCAAACCGAGA,0.14139698445796967,0.07670231908559799,0.07564603537321091,0.21076147258281708,0.057736851274967194,0.0827220231294632
AGATCGCAAACGCTTA,0.2962450385093689,0.061851516366004944,0.13516958057880402,0.1486603319644928,0.07616440951824188,0.26312196254730225
AGATCGCAAACGTGAT,0.0744352862238884,0.04811287671327591,0.034586869180202484,0.1545182466506958,0.038677144795656204,0.08088088035583496
AGATCGCAAAGACGGA,1.1326032876968384,0.26927292346954346,1.292379379272461,0.7638070583343506,0.7284546494483948,1.0787410736083984
AGATCGCAAAGGTACA,0.4480626881122589,0.07411842048168182,0.32067352533340454,0.4625376760959625,0.07236813008785248,0.18497660756111145
AGATCGCAACAAGCTA,0.1406150609254837,0.20134955644607544,0.18915732204914093,0.14905910193920135,0.1324644386768341,0.16380424797534943
AGATCGCAACACAGAA,0.2770271599292755,0.06402964144945145,0.1909913718700409,0.5770609378814697,0.1550888568162918,0.22859050333499908
AGATCGCAACAGCAGA,0.36409369111061096,0.1546839028596878,0.4251956343650818,0.43512335419654846,0.2290981560945511,0.20981450378894806
AGATCGCAACATTGGC,0.2752070128917694,0.15427134931087494,0.07382257282733917,1.1754692792892456,0.33149266242980957,0.29493939876556396
AGATCGCAACCACTGT,0.05145841836929321,0.06014854088425636,0.09262914210557938,0.068325936794281,0.04341816529631615,0.06144337356090546
AGATCGCAACCTCCAA,0.4112696945667267,0.10835665464401245,0.16309024393558502,0.438431054353714,0.20508995652198792,0.21626831591129303
AGATCGCAACGCTCGA,0.4863813817501068,0.055732738226652145,1.1340854167938232,0.6117123365402222,0.27487409114837646,0.20071253180503845
AGATCGCAACGTATCA,0.38190755248069763,0.08666232228279114,0.4826970398426056,0.2286754548549652,0.282400906085968,0.20192116498947144
AGATCGCAACTATGCA,0.3374994099140167,0.10114102810621262,0.1787484586238861,0.1675276756286621,0.17935745418071747,0.0610889196395874
AGATCGCAAGAGTCAA,0.24782651662826538,0.06346037238836288,0.10845280438661575,0.3031335473060608,0.04566892981529236,0.09668850898742676
AGATCGCAAGATCGCA,0.7092195153236389,0.11470845341682434,0.8787615299224854,0.9540177583694458,0.1519099771976471,0.7746446132659912
AGATCGCAAGCAGGAA,0.2911428213119507,0.10235605388879776,0.19540010392665863,0.40250739455223083,0.07274133712053299,0.33196520805358887
AGATCGCAAGTACAAG,1.4109116792678833,0.7210126519203186,1.8065460920333862,1.2240053415298462,0.7103310823440552,1.4669034481048584
AGATCGCAAGTCACTA,0.19962939620018005,0.055651064962148666,0.2471589595079422,0.35455846786499023,0.10574401915073395,0.12333840131759644
AGATCGCAAGTGGTCA,0.22690758109092712,0.07211451232433319,0.4250602126121521,0.5895323157310486,0.10043264180421829,0.6253548860549927
AGATCGCAATCCTGTA,0.08282057195901871,0.04682236909866333,0.15622597932815552,0.3377833366394043,0.0556262768805027,0.09245400130748749
AGATCGCAATGCCTAA,0.09919954091310501,0.07980502396821976,0.03439483419060707,0.27935320138931274,0.1128554493188858,0.15207159519195557
AGATCGCAATTGAGGA,0.20395873486995697,0.07581611722707748,1.0257174968719482,0.5069875717163086,0.09875816106796265,0.16161088645458221
AGATCGCACAACCACA,0.1689414530992508,0.28069159388542175,0.15656837821006775,0.2419644296169281,0.11549443006515503,0.27694249153137207
AGATCGCACAAGACTA,0.8659001588821411,0.056567322462797165,0.19488421082496643,1.6915186643600464,0.4431794285774231,0.1469365656375885
AGATCGCACAATGGAA,0.0905570238828659,0.04527100548148155,0.28134581446647644,0.3413596451282501,0.15109798312187195,0.03583710640668869
AGATCGCACACTTCGA,0.07735270261764526,0.041686829179525375,0.21288727223873138,0.0867200419306755,0.21540822088718414,0.35588598251342773
AGATCGCACAGATCTG,0.1881554126739502,0.05440177023410797,0.18077270686626434,0.1979316771030426,0.13076679408550262,0.21228593587875366
AGATCGCACAGCGTTA,0.11529360711574554,0.06712096929550171,0.10166144371032715,0.3294713795185089,0.15635715425014496,0.12617112696170807
AGATCGCACATACCAA,0.05362081155180931,0.0513409823179245,0.19376346468925476,0.6984277963638306,0.04470599815249443,0.0825469121336937
AGATCGCACATCAAGT,0.2550053298473358,0.034683503210544586,0.3950701653957367,0.3512023985385895,0.06644690036773682,0.020893804728984833
AGATCGCACCAGTTCA,0.08821700513362885,0.0689527615904808,0.0607319101691246,0.38990625739097595,0.06461188942193985,0.05221327394247055
AGATCGCACCGAAGTA,0.22860349714756012,0.0810023620724678,0.13047121465206146,0.4130469858646393,0.12029284238815308,0.20081299543380737
AGATCGCACCGTGAGA,0.13107120990753174,0.05129983648657799,0.1775875985622406,0.15457852184772491,0.09966786950826645,0.33688727021217346
AGATCGCACCTCCTGA,0.22553634643554688,0.040869228541851044,0.15245012938976288,0.1852543205022812,0.056410085409879684,0.09633424133062363
AGATCGCACGAACTTA,0.14047324657440186,0.06886155903339386,0.03702978044748306,0.2306947261095047,0.2179223597049713,0.022644728422164917
AGATCGCACGACTGGA,0.33028942346572876,0.0671081468462944,0.24712353944778442,0.10756628215312958,0.06579924374818802,0.10330107808113098
AGATCGCACGCATACA,0.06543184816837311,0.048941679298877716,0.11879759281873703,0.37552550435066223,0.07320054620504379,0.276979923248291
AGATCGCACGCTGATC,0.17926570773124695,0.138736292719841,0.040794726461172104,0.17094554007053375,0.12422354519367218,0.39141908288002014
AGATCGCACTCAATGA,0.2095184177160263,0.07104888558387756,0.4030227065086365,0.28513962030410767,0.056158166378736496,0.3417838513851166
AGATCGCACTGAGCCA,0.0822611153125763,0.0322829894721508,0.06152305752038956,0.5876903533935547,0.0808538943529129,0.01792883314192295
AGATCGCACTGGCATA,0.07693655043840408,0.05489013344049454,0.07795983552932739,0.5317167639732361,0.17116235196590424,0.05523834377527237
AGATCGCACTGTAGCC,1.5855497121810913,1.0272140502929688,0.9199548363685608,1.0898224115371704,0.7059445977210999,1.2238409519195557
AGATCGCAGAATCTGA,0.2033175826072693,0.3759835958480835,1.0407813787460327,0.41142916679382324,0.20673665404319763,0.06542146950960159
AGATCGCAGACTAGTA,0.17818570137023926,0.14729416370391846,1.0494892597198486,0.14302678406238556,0.2107999175786972,0.17621777951717377
AGATCGCAGAGCTGAA,0.22630557417869568,0.03447949141263962,0.15040788054466248,0.42437541484832764,0.0389171801507473,0.07547473162412643
AGATCGCAGATAGACA,0.21117910742759705,0.05250389128923416,0.2733219265937805,1.470899224281311,0.7247229814529419,0.2725694179534912
AGATCGCAGCCACATA,0.22060763835906982,0.088469497859478,0.1645178198814392,0.10183801501989365,0.07177058607339859,0.09250503778457642
AGCAGGAAAAACATCG,0.053056832402944565,0.02535717375576496,0.18289455771446228,0.10795358568429947,0.041631802916526794,0.09119084477424622
AGCAGGAAAACAACCA,0.26022371649742126,0.11815996468067169,0.16571111977100372,0.23287980258464813,0.1135033369064331,0.13946253061294556
AGCAGGAAAACCGAGA,0.23207277059555054,0.11735982447862625,0.30453920364379883,0.16254964470863342,0.05211322754621506,0.12971368432044983
AGCAGGAAAACGCTTA,0.19530832767486572,0.11698676645755768,0.09094755351543427,0.43788474798202515,0.1714847981929779,0.1464889794588089
AGCAGGAAAACGTGAT,0.0674489438533783,0.04915064573287964,0.04927968233823776,0.1717393398284912,0.040228355675935745,0.08311308920383453
AGCAGGAAAAGACGGA,0.2081061452627182,0.046441029757261276,0.26611602306365967,0.49476465582847595,0.07475486397743225,0.10923637449741364
AGCAGGAAAAGGTACA,0.6339921951293945,0.07468180358409882,0.25824904441833496,0.40813666582107544,0.05211079493165016,0.08637499809265137
AGCAGGAAACAAGCTA,0.15998291969299316,0.03793247789144516,0.12727808952331543,0.29102933406829834,0.10123299062252045,0.02284264750778675
AGCAGGAAACACAGAA,0.6567068099975586,0.06981386244297028,0.5111503005027771,0.8617640137672424,0.35958439111709595,0.5801313519477844
AGCAGGAAACAGCAGA,0.4735637307167053,0.08639930188655853,0.7127270102500916,1.2615655660629272,0.3783798813819885,0.31912943720817566
AGCAGGAAACATTGGC,0.11837728321552277,0.06417886912822723,0.21093308925628662,0.2547619938850403,0.050499774515628815,0.18821774423122406
AGCAGGAAACCACTGT,0.1779128462076187,0.08232884854078293,0.6290099024772644,0.13407745957374573,0.05430258437991142,0.14603200554847717
AGCAGGAAACCTCCAA,0.7819278240203857,0.1388845145702362,0.6389226317405701,1.096314787864685,0.38525059819221497,0.27652162313461304
AGCAGGAAACGCTCGA,0.5647137761116028,0.12296918034553528,0.45774510502815247,0.83957439661026,0.7284273505210876,0.5167548060417175
AGCAGGAAACGTATCA,1.778866171836853,0.14850297570228577,1.6069258451461792,0.8323351144790649,0.507256805896759,0.9396358728408813
AGCAGGAAACTATGCA,1.0404918193817139,0.10261411219835281,1.6941673755645752,0.609006404876709,0.5155299305915833,0.6956825852394104
AGCAGGAAAGAGTCAA,0.605247437953949,0.1143440380692482,0.603701114654541,0.9079384207725525,0.18496935069561005,0.3901137411594391
AGCAGGAAAGATCGCA,0.28478237986564636,0.06302306801080704,0.5521271228790283,0.7418860197067261,0.13329122960567474,0.2628196179866791
AGCAGGAAAGCAGGAA,0.521556556224823,0.06157943978905678,0.6049532890319824,0.529018223285675,0.29821160435676575,0.20859640836715698
AGCAGGAAAGTACAAG,1.8351478576660156,0.8213579058647156,1.9348840713500977,0.955269455909729,0.711570143699646,1.06339430809021
AGCAGGAAAGTCACTA,0.41173481941223145,0.05979639291763306,0.26118728518486023,0.5501335859298706,0.18382468819618225,0.2750006914138794
AGCAGGAAAGTGGTCA,0.05775967985391617,0.04512232542037964,0.2684294283390045,0.14490237832069397,0.19948777556419373,0.07544326782226562
AGCAGGAAATCCTGTA,0.3016926050186157,0.07585664093494415,0.4621391296386719,0.5423038005828857,0.19702135026454926,0.23649325966835022
AGCAGGAAATGCCTAA,0.2517436146736145,0.05965929105877876,0.2679947316646576,0.23959554731845856,0.21089854836463928,0.12029361724853516
AGCAGGAAATTGAGGA,0.3292180001735687,0.095273956656456,0.11554474383592606,0.24623720347881317,0.20850788056850433,0.1340191662311554
AGCAGGAACAACCACA,0.4579935073852539,0.5403851866722107,0.6446317434310913,0.522146999835968,0.22789731621742249,0.530832052230835
AGCAGGAACAAGACTA,0.24836678802967072,0.04767843708395958,0.15304741263389587,0.20340675115585327,0.03752732649445534,0.1148160845041275
AGCAGGAACAATGGAA,0.17135220766067505,0.11477607488632202,0.7636362314224243,0.5371942520141602,0.16785454750061035,0.0383480042219162
AGCAGGAACACTTCGA,0.18192613124847412,0.10660368949174881,0.48362764716148376,0.34396371245384216,0.05553403124213219,0.3333706557750702
AGCAGGAACAGATCTG,0.2814599275588989,0.05857640132308006,1.0028215646743774,0.8318315744400024,0.06537360697984695,0.2642974257469177
AGCAGGAACAGCGTTA,0.25651925802230835,0.08393058180809021,0.17387321591377258,0.2418152093887329,0.0764431580901146,0.14921241998672485
AGCAGGAACATACCAA,0.19558219611644745,0.157608762383461,0.04878666624426842,0.5822227001190186,0.09154364466667175,0.2960186302661896
AGCAGGAACATCAAGT,0.26811712980270386,0.0721651241183281,0.540701150894165,0.1536804586648941,0.27509236335754395,0.22958114743232727
AGCAGGAACCAGTTCA,0.22194784879684448,0.06901576370000839,0.1043204665184021,0.1203741729259491,0.15857456624507904,0.24380938708782196
AGCAGGAACCGAAGTA,0.1994483321905136,0.059969447553157806,0.19655290246009827,1.1092981100082397,0.5590543746948242,0.17906691133975983
AGCAGGAACCGTGAGA,0.1425710767507553,0.03738103061914444,0.13380637764930725,0.06249537691473961,0.07542754709720612,0.0596403032541275
AGCAGGAACCTCCTGA,0.3008987307548523,0.11018213629722595,0.454958438873291,0.30617138743400574,0.772535502910614,0.18049661815166473
AGCAGGAACGAACTTA,0.21169140934944153,0.04088561236858368,0.28104057908058167,0.2854684293270111,0.1325955092906952,0.1544697880744934
AGCAGGAACGACTGGA,0.22208814322948456,0.05286891385912895,0.15925917029380798,0.391959011554718,0.07792913168668747,0.4171312749385834
AGCAGGAACGCATACA,0.1519441306591034,0.04379052296280861,0.0771571695804596,0.1556916981935501,0.05661315470933914,0.04443932697176933
AGCAGGAACGCTGATC,0.14722681045532227,0.08450062572956085,0.24349746108055115,0.14002852141857147,0.09188614040613174,0.1459372192621231
AGCAGGAACTCAATGA,0.1028720811009407,0.04839268699288368,0.19146814942359924,0.2385656237602234,0.0967458114027977,0.4889441132545471
AGCAGGAACTGAGCCA,0.22807009518146515,0.0985381081700325,0.07277742028236389,0.09463470429182053,0.023384757339954376,0.08240582048892975
AGCAGGAACTGGCATA,0.2501802444458008,0.22416439652442932,1.0204356908798218,1.2377591133117676,0.30584919452667236,0.1371447592973709
AGCAGGAACTGTAGCC,0.47660839557647705,0.24621307849884033,0.40051746368408203,0.45461350679397583,0.2921517789363861,0.43499600887298584
AGCAGGAAGAATCTGA,0.14574220776557922,0.04270169138908386,0.9767751693725586,0.5514621734619141,0.05983267351984978,0.12822724878787994
AGCAGGAAGACTAGTA,0.2033848613500595,0.1337544471025467,0.11519024521112442,0.6450013518333435,0.1456480771303177,0.11535351723432541
AGCAGGAAGAGCTGAA,1.1009358167648315,0.23210349678993225,0.897185742855072,0.44747570157051086,0.8060667514801025,0.5375822186470032
AGCAGGAAGATAGACA,0.22839291393756866,0.06839435547590256,0.12090367078781128,0.2992819845676422,0.23083341121673584,0.11300086975097656
AGCAGGAAGCCACATA,0.290876179933548,0.04430210590362549,0.04543815180659294,0.357140451669693,0.5742977857589722,0.04620429873466492
AGTACAAGAAACATCG,0.045809805393218994,0.06583951413631439,0.2650052309036255,0.1260247528553009,0.10536149889230728,0.15625466406345367
AGTACAAGAACAACCA,0.18813347816467285,0.07093305885791779,0.05469270795583725,0.09494811296463013,0.19005829095840454,0.098175048828125
AGTACAAGAACCGAGA,0.14635883271694183,0.07294175028800964,0.2748342752456665,0.21343135833740234,0.07255472242832184,0.32414135336875916
AGTACAAGAACGCTTA,0.22502650320529938,0.13489194214344025,0.40775108337402344,0.12576523423194885,0.04632479324936867,0.4824434518814087
AGTACAAGAACGTGAT,0.11773820966482162,0.07630250602960587,0.1583586484193802,0.14374147355556488,0.020433476194739342,0.1238282173871994
AGTACAAGAAGACGGA,0.2715889811515808,0.10132397711277008,0.18499767780303955,0.29128846526145935,0.05903501808643341,0.3083825409412384
AGTACAAGAAGGTACA,0.29307976365089417,0.04906307905912399,0.1742420345544815,0.26384156942367554,0.3372737467288971,0.10836724936962128
AGTACAAGACAAGCTA,0.664539098739624,0.2939106523990631,0.23356002569198608,0.2630205750465393,0.20554569363594055,0.119486004114151
AGTACAAGACACAGAA,0.21611851453781128,0.036351196467876434,0.09231666475534439,0.13453970849514008,0.19411104917526245,0.12615568935871124
AGTACAAGACAGCAGA,0.353087455034256,0.06898809224367142,0.7083548903465271,0.1907212883234024,0.11656835675239563,0.3619711101055145
AGTACAAGACATTGGC,0.10141214728355408,0.06186172366142273,1.4383001327514648,0.2939268946647644,0.2660388648509979,0.2134990245103836
AGTACAAGACCACTGT,0.15818734467029572,0.09650838375091553,0.6511611938476562,0.13523195683956146,0.08892545104026794,0.1453397125005722
AGTACAAGACCTCCAA,0.11933819204568863,0.035138748586177826,0.1682807058095932,0.028894679620862007,0.06911532580852509,0.03770732507109642
AGTACAAGACGCTCGA,0.16010461747646332,0.038540035486221313,0.21500901877880096,0.12689442932605743,0.16555775701999664,0.2482193112373352
AGTACAAGACGTATCA,0.48821985721588135,1.9439430236816406,1.3873164653778076,1.015691876411438,1.072054147720337,1.415700912475586
AGTACAAGACTATGCA,0.28688883781433105,0.7264823317527771,0.23867958784103394,0.5000413656234741,0.25185590982437134,0.43485596776008606
AGTACAAGAGAGTCAA,0.13893386721611023,0.06650116294622421,0.025899574160575867,0.0900360643863678,0.024897579103708267,0.07310041785240173
AGTACAAGAGATCGCA,0.202802836894989,0.23865917325019836,0.2842790186405182,0.33157092332839966,0.06296074390411377,0.26184776425361633
AGTACAAGAGCAGGAA,0.07176423817873001,0.08479861170053482,0.1275307685136795,0.027500350028276443,0.0573771707713604,0.3132881224155426
AGTACAAGAGTACAAG,0.3526493012905121,0.05414143204689026,0.5623327493667603,0.3145682215690613,0.16616013646125793,0.2200014740228653
AGTACAAGAGTCACTA,0.08354222029447556,0.0586114376783371,0.27702245116233826,0.28892090916633606,0.7150755524635315,0.0783386304974556
AGTACAAGAGTGGTCA,0.1566871851682663,0.03652345761656761,0.04178015887737274,0.179051473736763,0.03000807762145996,0.05714485049247742
AGTACAAGATCCTGTA,0.049271319061517715,0.03194236010313034,0.024099478498101234,0.2924843728542328,0.10274763405323029,0.25441011786460876
AGTACAAGATGCCTAA,0.3986264169216156,0.12027838826179504,1.6330890655517578,1.1408042907714844,0.6040880680084229,1.2566839456558228
AGTACAAGATTGAGGA,0.035564228892326355,0.032270170748233795,0.07153423875570297,0.05918296054005623,0.08167477697134018,0.04366430267691612
AGTACAAGCAACCACA,0.04645577073097229,0.030070744454860687,0.07501867413520813,0.06213322654366493,0.013953620567917824,0.02986075170338154
AGTACAAGCAAGACTA,0.19475603103637695,0.09302250295877457,0.12848244607448578,0.07558773458003998,0.06045135110616684,0.5586064457893372
AGTACAAGCAATGGAA,0.08802778273820877,0.03259747475385666,0.06061265617609024,0.03266032412648201,0.024386584758758545,0.05367060378193855
AGTACAAGCACTTCGA,0.07958607375621796,0.05212600529193878,0.05636901035904884,0.09310796856880188,0.02545146644115448,0.07831769436597824
AGTACAAGCAGATCTG,0.6305330395698547,0.17221121490001678,0.4103666841983795,0.11292367428541183,0.22257909178733826,0.2558739483356476
AGTACAAGCAGCGTTA,0.07029204070568085,0.0407199002802372,0.0875147357583046,0.1333913952112198,0.04491688683629036,0.08774761110544205
AGTACAAGCATACCAA,0.05593610554933548,0.035080838948488235,0.047200992703437805,0.03963083028793335,0.04081489145755768,0.029380789026618004
AGTACAAGCATCAAGT,0.6148598790168762,0.361686646938324,0.24711424112319946,0.1268703043460846,0.18922671675682068,0.38356277346611023
AGTACAAGCCAGTTCA,0.0689091607928276,0.04986385628581047,0.16772790253162384,0.03750687837600708,0.05284322798252106,0.0728788748383522
AGTACAAGCCGAAGTA,0.02779523655772209,0.027970824390649796,0.03969075158238411,0.12004020810127258,0.00967879593372345,0.15811210870742798
AGTACAAGCCGTGAGA,0.06747408211231232,0.05894087627530098,0.1442744880914688,0.06962957233190536,0.11218250542879105,0.01674504391849041
AGTACAAGCCTCCTGA,0.0337589867413044,0.03363817185163498,0.07800858467817307,0.04757508262991905,0.01826842501759529,0.027156449854373932
AGTACAAGCGAACTTA,0.11050193756818771,0.04414992034435272,0.1499822586774826,0.032292503863573074,0.053238678723573685,0.11896809190511703
AGTACAAGCGACTGGA,0.07327477633953094,0.029412293806672096,0.11117073893547058,0.06860120594501495,0.06645344197750092,0.12976594269275665
AGTACAAGCGCATACA,0.045042701065540314,0.04486663639545441,0.17647767066955566,0.10635796934366226,0.031212778761982918,0.1946059912443161
AGTACAAGCGCTGATC,0.25219056010246277,0.07824712991714478,0.2204100787639618,0.2999744117259979,0.12305034697055817,0.24552041292190552
AGTACAAGCTCAATGA,0.3176313042640686,0.11722151935100555,0.9432520866394043,0.2852335274219513,0.14685523509979248,1.3482766151428223
AGTACAAGCTGAGCCA,0.11568857729434967,0.04718959331512451,1.5305252075195312,0.2775472104549408,0.10817144811153412,0.1289195865392685
AGTACAAGCTGGCATA,0.12752479314804077,0.057388484477996826,0.4312981367111206,0.2616725564002991,0.07812841236591339,0.2027639001607895
AGTACAAGCTGTAGCC,0.15221332013607025,0.13051244616508484,0.24313028156757355,0.4453226327896118,0.516860842704773,0.993565022945404
AGTACAAGGAATCTGA,0.07743439823389053,0.09862714260816574,0.4735186994075775,0.19664375483989716,0.09908858686685562,0.13218523561954498
AGTACAAGGACTAGTA,0.03112500160932541,0.023877140134572983,0.027133317664265633,0.04496908187866211,0.02385636419057846,0.04462432116270065
AGTACAAGGAGCTGAA,0.0685533806681633,0.053404759615659714,0.18498890101909637,0.11884640902280807,0.016446445137262344,0.11928718537092209
AGTACAAGGATAGACA,0.9257510304450989,0.06948946416378021,0.37083038687705994,0.4507908523082733,0.09846526384353638,0.6415690183639526
AGTACAAGGCCACATA,0.7373515963554382,0.08399193733930588,0.8428387641906738,0.7745825052261353,0.10403074324131012,1.6186469793319702
AGTCACTAAAACATCG,0.04653143510222435,0.02757289633154869,0.08435221761465073,0.3411574065685272,0.04775577411055565,0.059377580881118774
AGTCACTAAACAACCA,0.11504735797643661,0.07568733394145966,1.0854815244674683,0.3679635524749756,0.33066779375076294,0.22891263663768768
AGTCACTAAACCGAGA,0.3050115704536438,0.17884552478790283,0.15401700139045715,0.41628292202949524,0.12801608443260193,0.4276098608970642
AGTCACTAAACGCTTA,0.21393439173698425,0.05180977284908295,0.14439459145069122,0.511059045791626,0.05210048332810402,0.04497518390417099
AGTCACTAAACGTGAT,0.06327327340841293,0.033271484076976776,0.10565678775310516,0.10016632080078125,0.04450696334242821,0.07329428941011429
AGTCACTAAAGACGGA,1.0751184225082397,0.14050590991973877,0.5619074702262878,0.8135920166969299,0.4701957404613495,0.46698978543281555
AGTCACTAAAGGTACA,0.5612304210662842,0.07143686711788177,0.31104686856269836,0.656891405582428,0.07466843724250793,0.34106960892677307
AGTCACTAACAAGCTA,0.16912028193473816,0.06053077057003975,0.10634767264127731,0.14447613060474396,0.08174235373735428,0.08515570312738419
AGTCACTAACACAGAA,1.5071226358413696,0.23996767401695251,1.5586001873016357,1.302750825881958,0.3055483102798462,0.7492351531982422
AGTCACTAACAGCAGA,0.8059395551681519,0.10180176794528961,0.4733985960483551,0.9010516405105591,0.17046679556369781,0.5964421033859253
AGTCACTAACATTGGC,0.03773297369480133,0.038414422422647476,0.029313836246728897,0.06173810362815857,0.07373964041471481,0.06088825687766075
AGTCACTAACCACTGT,0.17412522435188293,0.10386680066585541,0.8464381098747253,0.21405690908432007,0.20740579068660736,1.2906543016433716
AGTCACTAACCTCCAA,0.7848326563835144,0.07962913811206818,0.343219131231308,0.40373510122299194,0.3894723951816559,0.25722044706344604
AGTCACTAACGCTCGA,0.7010436058044434,0.08576542884111404,0.5071336627006531,0.8894509077072144,0.22986701130867004,0.6082348823547363
AGTCACTAACGTATCA,0.7941705584526062,0.11243675649166107,0.2065606564283371,0.6830713152885437,0.27379870414733887,0.2911691665649414
AGTCACTAACTATGCA,0.2641464173793793,0.13184447586536407,0.13219474256038666,0.5564996004104614,0.05287579447031021,0.4498145580291748
AGTCACTAAGAGTCAA,0.5358102917671204,0.04062841460108757,0.15221917629241943,0.4351921081542969,0.09177041798830032,0.1472790539264679
AGTCACTAAGATCGCA,0.37933915853500366,0.06305407732725143,0.5702091455459595,0.3270585536956787,0.08663596212863922,0.11431680619716644
AGTCACTAAGCAGGAA,0.2557950019836426,0.09464755654335022,0.13611556589603424,0.5645577907562256,0.19089001417160034,0.26366862654685974
AGTCACTAAGTACAAG,1.4716373682022095,2.5449836254119873,1.3859061002731323,1.5325770378112793,0.6837884187698364,1.7761955261230469
AGTCACTAAGTCACTA,0.2602176368236542,0.076170913875103,1.4683129787445068,0.4789165258407593,0.24375522136688232,0.3170129060745239
AGTCACTAAGTGGTCA,0.21719537675380707,0.05129273980855942,0.07550238072872162,0.16187787055969238,0.026732539758086205,0.09572053700685501
AGTCACTAATCCTGTA,0.3796824514865875,0.11250663548707962,0.3601604998111725,0.37622734904289246,0.05780821666121483,0.3475203216075897
AGTCACTAATGCCTAA,0.0639215037226677,0.0446154922246933,0.09013707935810089,0.04881790280342102,0.02399636246263981,0.15285715460777283
AGTCACTAATTGAGGA,0.20431217551231384,0.046204108744859695,0.7239040732383728,0.28746217489242554,0.30202990770339966,0.17721909284591675
AGTCACTACAACCACA,0.36100485920906067,0.055484697222709656,0.45939236879348755,0.0552973598241806,0.13853055238723755,0.11324983835220337
AGTCACTACAAGACTA,0.23935046792030334,0.04977035894989967,0.38356709480285645,0.324889600276947,0.4723656177520752,0.06090446189045906
AGTCACTACAATGGAA,0.32424983382225037,0.07001524418592453,0.1727634072303772,0.317577064037323,0.07745987176895142,0.10568208247423172
AGTCACTACACTTCGA,0.07044419646263123,0.028362782672047615,0.152725949883461,0.34022021293640137,0.21591730415821075,0.19343003630638123
AGTCACTACAGATCTG,0.2811892330646515,0.06077921390533447,0.6624065041542053,0.276790589094162,0.12704554200172424,0.25596678256988525
AGTCACTACAGCGTTA,0.1728050410747528,0.05994227156043053,1.1719510555267334,0.23911404609680176,0.2774277329444885,0.17172564566135406
AGTCACTACATACCAA,0.150832399725914,0.10582585632801056,0.40864160656929016,0.04233824089169502,0.06036582961678505,0.07173044979572296
AGTCACTACATCAAGT,0.42118093371391296,0.04613324627280235,0.8525427579879761,0.1876268982887268,0.055418919771909714,0.08595351129770279
AGTCACTACCAGTTCA,0.09187153726816177,0.04065932705998421,0.18352024257183075,0.25184857845306396,0.049427129328250885,0.07468806952238083
AGTCACTACCGAAGTA,0.15580348670482635,0.10557641088962555,0.09339869767427444,0.14244329929351807,0.036601874977350235,0.1526966243982315
AGTCACTACCGTGAGA,0.035736702382564545,0.04228654131293297,0.8552306890487671,0.23974251747131348,0.04977613687515259,0.32392337918281555
AGTCACTACCTCCTGA,0.12044350802898407,0.0968157947063446,0.9348790645599365,0.3086036741733551,0.5402859449386597,0.12439413368701935
AGTCACTACGAACTTA,0.34231022000312805,0.14934736490249634,0.09820304811000824,0.6417385935783386,0.048701584339141846,0.22135116159915924
AGTCACTACGACTGGA,0.3905625641345978,0.08550462126731873,0.22866198420524597,1.4898784160614014,0.15879188477993011,0.07869025319814682
AGTCACTACGCATACA,0.15211845934391022,0.0771537646651268,0.9885985255241394,0.08776336908340454,0.048453282564878464,0.23204369843006134
AGTCACTACGCTGATC,0.10698788613080978,0.0302638690918684,0.07930245250463486,0.13964712619781494,0.0313829742372036,0.029255639761686325
AGTCACTACTCAATGA,0.20439933240413666,0.10934766381978989,0.2581563889980316,0.8956696391105652,0.1602640002965927,0.39449384808540344
AGTCACTACTGAGCCA,0.12043911218643188,0.09521554410457611,0.26580336689949036,0.327756404876709,0.37056872248649597,0.0713990330696106
AGTCACTACTGGCATA,0.23396717011928558,0.08901777863502502,0.3585429787635803,0.44519394636154175,0.08536605536937714,0.28366076946258545
AGTCACTACTGTAGCC,0.542763888835907,0.19540110230445862,1.1565282344818115,0.16322600841522217,0.07285495102405548,0.2683229148387909
AGTCACTAGAATCTGA,0.1562807559967041,0.041854728013277054,0.7004702091217041,0.3016904890537262,0.09809844940900803,0.08193358778953552
AGTCACTAGACTAGTA,0.09146412461996078,0.050918616354465485,0.0512225441634655,0.042653705924749374,0.12813988327980042,0.22514986991882324
AGTCACTAGAGCTGAA,0.304049551486969,0.07492588460445404,1.642289161682129,0.745966374874115,0.17374561727046967,0.32439419627189636
AGTCACTAGATAGACA,0.8709331750869751,0.053855814039707184,0.1767338514328003,0.5793945789337158,0.23497655987739563,0.5609714984893799
AGTCACTAGCCACATA,0.3570541441440582,0.022675396874547005,0.06394393742084503,0.09519141912460327,0.10365810245275497,0.04729863628745079
AGTGGTCAAAACATCG,0.07552795857191086,0.04470320791006088,0.03108998015522957,0.12607881426811218,0.09799245744943619,0.08923081308603287
AGTGGTCAAACAACCA,0.18703942000865936,0.10613057762384415,0.41646137833595276,0.31203287839889526,0.1655535250902176,0.20874489843845367
AGTGGTCAAACCGAGA,0.5981929898262024,0.9326620697975159,0.5733994841575623,0.7730165719985962,0.24993394315242767,0.49134621024131775
AGTGGTCAAACGCTTA,0.5635375380516052,0.1338234543800354,0.28293564915657043,0.3490668535232544,0.08244015276432037,0.15391871333122253
AGTGGTCAAACGTGAT,0.02262818068265915,0.01635146141052246,0.06421767175197601,0.047315724194049835,0.03213014826178551,0.09125012159347534
AGTGGTCAAAGACGGA,0.12507858872413635,0.10724171251058578,0.17069926857948303,0.12465634942054749,0.06671393662691116,0.0667557343840599
AGTGGTCAAAGGTACA,0.261798232793808,0.1002107784152031,0.2675933837890625,0.14058636128902435,0.03979824483394623,0.05768527835607529
AGTGGTCAACAAGCTA,0.11046802997589111,0.032295212149620056,0.12342114746570587,0.07751499116420746,0.026513908058404922,0.053257811814546585
AGTGGTCAACACAGAA,0.33886611461639404,0.18842799961566925,0.6961976885795593,0.19967801868915558,0.04734281450510025,0.22953766584396362
AGTGGTCAACAGCAGA,0.2172611802816391,0.04895639419555664,0.5420147776603699,0.2257218211889267,0.09273062646389008,0.16612949967384338
AGTGGTCAACATTGGC,0.578144371509552,0.3782030940055847,0.5804210901260376,0.4618432819843292,0.4851212203502655,0.6742293834686279
AGTGGTCAACCACTGT,0.047951795160770416,0.04319599270820618,0.07085087895393372,0.0982871949672699,0.03741338849067688,0.039024922996759415
AGTGGTCAACCTCCAA,0.3307236433029175,0.059585653245449066,0.5407587289810181,0.5961213707923889,0.28558751940727234,0.781922459602356
AGTGGTCAACGCTCGA,0.17083339393138885,0.15221752226352692,0.21186019480228424,0.13577401638031006,0.08361562341451645,0.08420770615339279
AGTGGTCAACGTATCA,0.03720137104392052,0.029406599700450897,0.22295637428760529,0.07808143645524979,0.041370414197444916,0.14018578827381134
AGTGGTCAACTATGCA,0.09890750050544739,0.04959073290228844,0.11334465444087982,0.0275940652936697,0.03741026297211647,0.10630179196596146
AGTGGTCAAGAGTCAA,0.09790269285440445,0.03945467621088028,0.11037614941596985,0.14798307418823242,0.028862910345196724,0.18143390119075775
AGTGGTCAAGATCGCA,0.1072155088186264,0.08007637411355972,0.07390712201595306,0.16019707918167114,0.028571203351020813,0.043429192155599594
AGTGGTCAAGCAGGAA,0.08737480640411377,0.038086190819740295,0.04260330647230148,0.02419387735426426,0.0509481243789196,0.07779477536678314
AGTGGTCAAGTACAAG,0.34750765562057495,0.09761644899845123,0.17117716372013092,0.08238551765680313,0.11479388922452927,0.13245174288749695
AGTGGTCAAGTCACTA,0.07889284938573837,0.04532601311802864,0.08099614083766937,0.07113499194383621,0.09696794301271439,0.2124994695186615
AGTGGTCAAGTGGTCA,0.04583544284105301,0.02817462757229805,0.040550347417593,0.0409390926361084,0.009951893240213394,0.03645794466137886
AGTGGTCAATCCTGTA,0.06649529933929443,0.04988516494631767,0.1678999364376068,0.07174495607614517,0.03664213791489601,0.02356318198144436
AGTGGTCAATGCCTAA,0.18185585737228394,0.15465649962425232,0.3302145302295685,0.41323304176330566,0.2055485099554062,0.24869973957538605
AGTGGTCAATTGAGGA,0.0789843425154686,0.06568948924541473,0.06277492642402649,0.07486826181411743,0.02669849991798401,0.0978545993566513
AGTGGTCACAACCACA,0.08957725763320923,0.03292079269886017,0.0382489338517189,0.02978409454226494,0.025610897690057755,0.05705322325229645
AGTGGTCACAAGACTA,2.4933242797851562,0.15634460747241974,1.1953505277633667,0.9458974599838257,0.06744810938835144,3.46679949760437
AGTGGTCACAATGGAA,0.07360005378723145,0.09014489501714706,0.05444438010454178,0.11487876623868942,0.033136334270238876,0.03395692631602287
AGTGGTCACACTTCGA,0.1367078572511673,0.048633500933647156,0.035148847848176956,0.1782251000404358,0.09129717200994492,0.19436819851398468
AGTGGTCACAGATCTG,0.7163155674934387,1.0114378929138184,0.7558609843254089,0.7549103498458862,0.3907172977924347,0.37049075961112976
AGTGGTCACAGCGTTA,0.09752858430147171,0.043009594082832336,0.08927728980779648,0.31563931703567505,0.023659586906433105,0.1093149185180664
AGTGGTCACATACCAA,0.045953113585710526,0.06434426456689835,0.16976413130760193,0.10149595886468887,0.13828271627426147,0.057860367000103
AGTGGTCACATCAAGT,0.47369304299354553,0.08746214956045151,0.26109352707862854,0.17677143216133118,0.2861928939819336,0.1399194896221161
AGTGGTCACCAGTTCA,0.08339621126651764,0.04342171922326088,0.12579713761806488,0.23290684819221497,0.06640522927045822,0.06782902777194977
AGTGGTCACCGAAGTA,0.1740473061800003,0.04421613737940788,0.0996488630771637,0.07437126338481903,0.023655204102396965,0.0913739800453186
AGTGGTCACCGTGAGA,0.03989492729306221,0.035986367613077164,0.11070975661277771,0.16363021731376648,0.0798942893743515,0.13342492282390594
AGTGGTCACCTCCTGA,0.041963499039411545,0.045563261955976486,0.13111965358257294,0.2345297634601593,0.0705094262957573,0.22738111019134521
AGTGGTCACGAACTTA,0.14942528307437897,0.05354812368750572,0.27740898728370667,0.12451715767383575,0.04289093241095543,0.19074182212352753
AGTGGTCACGACTGGA,0.10622350871562958,0.08011464029550552,0.25259724259376526,0.25615134835243225,0.08080224692821503,0.18375767767429352
AGTGGTCACGCATACA,0.1450188010931015,0.06462917476892471,0.42016804218292236,0.47705721855163574,0.42422837018966675,0.7254871129989624
AGTGGTCACGCTGATC,0.19947563111782074,0.11387566477060318,0.17153622210025787,0.036582622677087784,0.08089162409305573,0.0302458256483078
AGTGGTCACTCAATGA,0.17981542646884918,0.038949623703956604,0.7026523351669312,0.11227385699748993,0.07693524658679962,0.15586082637310028
AGTGGTCACTGAGCCA,0.08242671936750412,0.051208723336458206,0.1330883800983429,0.2693818509578705,0.059897955507040024,0.038794759660959244
AGTGGTCACTGGCATA,1.4568766355514526,0.08384324610233307,1.7038832902908325,1.523322582244873,0.13960903882980347,1.1521015167236328
AGTGGTCACTGTAGCC,0.3088431656360626,0.06624113768339157,0.12651048600673676,0.261941522359848,0.19584530591964722,0.48679521679878235
AGTGGTCAGAATCTGA,1.6013158559799194,0.08745823800563812,1.8507159948349,0.7212833166122437,0.14436203241348267,2.417983293533325
AGTGGTCAGACTAGTA,0.03727409988641739,0.04882841929793358,0.026126321405172348,0.018387004733085632,0.026175932958722115,0.06115968897938728
AGTGGTCAGAGCTGAA,2.4560604095458984,0.15190330147743225,1.2289236783981323,1.0838743448257446,0.308250367641449,2.8669209480285645
AGTGGTCAGATAGACA,1.7225130796432495,0.08053451776504517,1.2816442251205444,1.3321338891983032,0.15426385402679443,2.8285036087036133
AGTGGTCAGCCACATA,1.794493317604065,0.07529803365468979,1.1728270053863525,1.0233793258666992,0.04637046158313751,2.680982828140259
ATCCTGTAAAACATCG,0.19017477333545685,0.03550352528691292,0.05194498598575592,0.10357460379600525,0.06514325737953186,0.02606133557856083
ATCCTGTAAACAACCA,1.1762111186981201,0.888845682144165,2.02644681930542,1.0002294778823853,0.3666190505027771,1.124672770500183
ATCCTGTAAACCGAGA,0.931888222694397,0.092205710709095,0.6559060215950012,0.7140218615531921,0.564949631690979,0.4238804876804352
ATCCTGTAAACGCTTA,0.6616716384887695,0.11648064851760864,0.8019501566886902,0.4016389548778534,0.10897991061210632,0.3947281837463379
ATCCTGTAAACGTGAT,0.25385692715644836,0.08746538311243057,0.1482393443584442,0.3681643605232239,0.12081759423017502,0.28931933641433716
ATCCTGTAAAGACGGA,2.190920352935791,0.3569885492324829,1.6078540086746216,1.8290261030197144,0.7523311972618103,0.9860548377037048
ATCCTGTAAAGGTACA,3.300872802734375,0.1902776062488556,2.302953004837036,2.342871904373169,0.19480720162391663,1.221103310585022
ATCCTGTAACAAGCTA,0.8826979994773865,0.0906125083565712,0.7811101675033569,0.550749659538269,0.22457772493362427,0.5756030678749084
ATCCTGTAACACAGAA,4.312917232513428,0.2638147473335266,3.61198091506958,5.755344390869141,1.2226296663284302,2.2170143127441406
ATCCTGTAACAGCAGA,5.308400630950928,0.5751132965087891,4.084027290344238,4.955765247344971,1.3968545198440552,2.678518533706665
ATCCTGTAACATTGGC,0.21519921720027924,0.0537097230553627,0.48301705718040466,0.6211224794387817,0.2653328478336334,0.15659041702747345
ATCCTGTAACCACTGT,0.3470440208911896,0.055062007158994675,0.31085094809532166,0.524997353553772,0.05359088256955147,0.6824150681495667
ATCCTGTAACCTCCAA,3.339540719985962,0.2652854323387146,2.7691073417663574,4.156627178192139,0.8452723026275635,1.8383651971817017
ATCCTGTAACGCTCGA,4.7569050788879395,0.28183963894844055,3.9679579734802246,5.213197231292725,0.7668394446372986,2.0689544677734375
ATCCTGTAACGTATCA,3.3512895107269287,0.4000779986381531,3.6346795558929443,3.722747802734375,0.5717074275016785,1.778592586517334
ATCCTGTAACTATGCA,1.6047465801239014,0.10796508938074112,1.415479302406311,1.6458767652511597,0.312710702419281,0.671032726764679
ATCCTGTAAGAGTCAA,1.870339274406433,0.19954261183738708,2.049666404724121,2.2917141914367676,0.4489090144634247,0.6103773713111877
ATCCTGTAAGATCGCA,2.299565553665161,0.38403382897377014,1.366559624671936,2.407464027404785,0.5324208736419678,1.307709813117981
ATCCTGTAAGCAGGAA,1.8997610807418823,0.409301221370697,2.545074224472046,1.470035433769226,0.343106746673584,1.0259157419204712
ATCCTGTAAGTACAAG,1.5860042572021484,1.7812891006469727,2.334888219833374,2.3673415184020996,1.0741117000579834,1.8050873279571533
ATCCTGTAAGTCACTA,0.7976042032241821,0.19646824896335602,1.7537357807159424,1.1590989828109741,0.3302331268787384,1.0741239786148071
ATCCTGTAAGTGGTCA,0.23767706751823425,0.03992106392979622,0.6370484232902527,0.2897722125053406,0.17468610405921936,0.15427197515964508
ATCCTGTAATCCTGTA,1.672735333442688,0.23328155279159546,1.9581338167190552,1.8796652555465698,0.6691310405731201,1.6421892642974854
ATCCTGTAATGCCTAA,0.20032377541065216,0.12873004376888275,0.5494810938835144,0.31549736857414246,0.06130325421690941,0.2647973895072937
ATCCTGTAATTGAGGA,1.244780421257019,0.137301504611969,1.1037161350250244,1.1119325160980225,0.5830667018890381,0.49101704359054565
ATCCTGTACAACCACA,0.696654200553894,0.08595587313175201,1.5223557949066162,0.7373305559158325,0.3202758729457855,0.4026658535003662
ATCCTGTACAAGACTA,0.8256465196609497,0.08677362650632858,0.7653817534446716,0.9435579776763916,0.6912298202514648,0.5736254453659058
ATCCTGTACAATGGAA,1.6002634763717651,0.1915493607521057,0.8303220272064209,1.7456716299057007,0.47195330262184143,0.4617016911506653
ATCCTGTACACTTCGA,1.1096349954605103,0.3077754080295563,1.0189974308013916,1.898579716682434,0.3711737394332886,0.5488913655281067
ATCCTGTACAGATCTG,0.5264697670936584,0.2076716274023056,0.7057852149009705,0.9239045977592468,0.18561793863773346,0.1958279311656952
ATCCTGTACAGCGTTA,0.8532361388206482,0.07589457929134369,1.019573450088501,1.1448897123336792,0.29133641719818115,0.28548210859298706
ATCCTGTACATACCAA,0.6111454963684082,0.0664912685751915,1.2260701656341553,0.9221314787864685,0.46983733773231506,0.4713267982006073
ATCCTGTACATCAAGT,0.6096740365028381,0.05734463781118393,0.9799908995628357,0.6741366982460022,0.4547726809978485,0.46994566917419434
ATCCTGTACCAGTTCA,0.47478237748146057,0.0897005945444107,0.6577206254005432,0.8257589340209961,0.5988297462463379,0.7535996437072754
ATCCTGTACCGAAGTA,0.7737569212913513,0.11669168621301651,0.6585452556610107,0.9168516993522644,0.188747838139534,0.35485994815826416
ATCCTGTACCGTGAGA,0.287567675113678,0.18933120369911194,0.5654776692390442,0.5724154114723206,0.07375773042440414,0.12824755907058716
ATCCTGTACCTCCTGA,0.627653181552887,0.1076396033167839,1.2706611156463623,1.7922998666763306,0.3939394950866699,0.3560134470462799
ATCCTGTACGAACTTA,0.6541288495063782,0.11633868515491486,0.6977114081382751,1.5204530954360962,0.2909342050552368,0.39891937375068665
ATCCTGTACGACTGGA,0.9422032237052917,0.08663947135210037,1.3202041387557983,1.5044063329696655,0.35394760966300964,0.7428068518638611
ATCCTGTACGCATACA,0.5227766036987305,0.07635477185249329,0.3964439630508423,0.4794498085975647,0.0870206281542778,0.3960851728916168
ATCCTGTACGCTGATC,0.6214295029640198,0.14838272333145142,0.2998602092266083,0.6065264344215393,0.1224847361445427,0.11589692533016205
ATCCTGTACTCAATGA,0.7415797114372253,0.20905323326587677,0.7031123638153076,0.33188700675964355,0.8091049790382385,0.37603119015693665
ATCCTGTACTGAGCCA,0.6171528697013855,0.11231952905654907,0.5381608605384827,0.7334217429161072,0.19919753074645996,0.5897430777549744
ATCCTGTACTGGCATA,1.2287248373031616,0.29351091384887695,1.6214666366577148,1.0976321697235107,0.5971465110778809,1.1170830726623535
ATCCTGTACTGTAGCC,1.3084765672683716,0.18005980551242828,1.068221092224121,1.0206807851791382,0.36120399832725525,0.36709481477737427
ATCCTGTAGAATCTGA,0.752571165561676,0.09670265763998032,0.6050719618797302,1.6824734210968018,0.4936460554599762,0.3593348562717438
ATCCTGTAGACTAGTA,0.5283210873603821,0.08069922029972076,0.25355300307273865,0.7715075612068176,0.15598873794078827,0.30688899755477905
ATCCTGTAGAGCTGAA,1.2422845363616943,0.07467656582593918,2.170407295227051,1.4762146472930908,0.29012617468833923,0.4033665955066681
ATCCTGTAGATAGACA,1.5659211874008179,0.2053898423910141,2.00359845161438,2.1241111755371094,0.577116072177887,2.189854860305786
ATCCTGTAGCCACATA,0.4210386574268341,0.05665462091565132,0.7495900392532349,1.3588649034500122,0.3431510031223297,0.4456668794155121
ATGCCTAAAAACATCG,0.0685579776763916,0.04225968196988106,0.06196672096848488,0.04843251779675484,0.038000475615262985,0.14719060063362122
ATGCCTAAAACAACCA,1.4613069295883179,0.9604528546333313,1.9271910190582275,1.185550332069397,0.6010493040084839,1.041247844696045
ATGCCTAAAACCGAGA,0.3468150198459625,0.260822594165802,0.41708558797836304,0.13623924553394318,0.08441215753555298,0.3424874544143677
ATGCCTAAAACGCTTA,0.15286673605442047,0.22032016515731812,0.16674686968326569,0.1668231338262558,0.11725564301013947,0.043699223548173904
ATGCCTAAAACGTGAT,0.12363074719905853,0.07667993754148483,0.019503803923726082,0.0412999652326107,0.06490068882703781,0.01891331933438778
ATGCCTAAAAGACGGA,0.2428053766489029,0.0760781317949295,1.0823734998703003,0.17499785125255585,0.19457019865512848,0.17181625962257385
ATGCCTAAAAGGTACA,0.2520124912261963,0.061897162348032,0.2689938545227051,0.09141618758440018,0.03525499626994133,0.11299055069684982
ATGCCTAAACAAGCTA,0.2799379527568817,0.08295685052871704,0.33779099583625793,0.10145504772663116,0.18039807677268982,0.07184728235006332
ATGCCTAAACACAGAA,0.327149361371994,0.06216320022940636,0.44918474555015564,0.13840104639530182,0.10069496184587479,0.07217799872159958
ATGCCTAAACAGCAGA,0.3654395639896393,0.09615471214056015,0.6676668524742126,0.4123365581035614,0.11524705588817596,0.46710458397865295
ATGCCTAAACATTGGC,0.5598949790000916,0.5557021498680115,0.36393195390701294,0.3996076285839081,0.22654126584529877,0.42833632230758667
ATGCCTAAACCACTGT,0.08569489419460297,0.06200384348630905,0.247219979763031,0.030275754630565643,0.0296013280749321,0.04249286651611328
ATGCCTAAACCTCCAA,0.17865000665187836,0.060866888612508774,0.6936298608779907,0.10905426740646362,0.14175519347190857,0.4073936343193054
ATGCCTAAACGCTCGA,0.18944360315799713,0.036689624190330505,0.0930657833814621,0.1714228391647339,0.04451553896069527,0.11376556754112244
ATGCCTAAACGTATCA,0.05771326273679733,0.05937793478369713,0.12396989017724991,0.10252289474010468,0.03535746410489082,0.09429199248552322
ATGCCTAAACTATGCA,0.08482427895069122,0.0292979683727026,0.09429580718278885,0.09144975990056992,0.0166945680975914,0.08820411562919617
ATGCCTAAAGAGTCAA,0.05984765291213989,0.03526579961180687,0.08926858752965927,0.026289943605661392,0.02800903655588627,0.1420283317565918
ATGCCTAAAGATCGCA,0.12592220306396484,0.05700356513261795,0.09738306701183319,0.029850443825125694,0.09803293645381927,0.02949589677155018
ATGCCTAAAGCAGGAA,0.06551261246204376,0.042824406176805496,0.1460813581943512,0.036052312701940536,0.02806892618536949,0.033492885529994965
ATGCCTAAAGTACAAG,0.4946940839290619,0.23539535701274872,0.4600830078125,0.43415263295173645,0.17777661979198456,0.20988193154335022
ATGCCTAAAGTCACTA,0.08538690209388733,0.02917717769742012,0.20292237401008606,0.030747177079319954,0.03448983654379845,0.11153511703014374
ATGCCTAAAGTGGTCA,0.03757341578602791,0.04491565376520157,0.020888349041342735,0.021250057965517044,0.013180751353502274,0.017380286008119583
ATGCCTAAATCCTGTA,0.044926002621650696,0.056510426104068756,0.10957131534814835,0.3117216229438782,0.021604236215353012,0.2214316576719284
ATGCCTAAATGCCTAA,0.23699375987052917,0.20507538318634033,0.30881574749946594,0.5898444652557373,0.3904835879802704,0.6844477653503418
ATGCCTAAATTGAGGA,0.10878067463636398,0.04049360752105713,0.16419950127601624,0.07149437069892883,0.05440017580986023,0.08951987326145172
ATGCCTAACAACCACA,0.06095639243721962,0.03671948239207268,0.04140229895710945,0.03754483163356781,0.031884144991636276,0.06649623066186905
ATGCCTAACAAGACTA,3.22605299949646,0.18348786234855652,1.3901145458221436,0.8716478943824768,0.47657540440559387,1.8857871294021606
ATGCCTAACAATGGAA,0.12204471975564957,0.06640861928462982,0.05883484706282616,0.06346424669027328,0.024697165936231613,0.08241038769483566
ATGCCTAACACTTCGA,0.06541518867015839,0.08312036097049713,0.09687469899654388,0.11474403738975525,0.03396722674369812,0.11977079510688782
ATGCCTAACAGATCTG,0.9036544561386108,0.17040735483169556,0.6348837018013,0.35620585083961487,0.24097947776317596,0.5795059204101562
ATGCCTAACAGCGTTA,0.07049714028835297,0.076809361577034,0.029268309473991394,0.27071520686149597,0.0290048997849226,0.1098351925611496
ATGCCTAACATACCAA,0.027264166623353958,0.02142752707004547,0.09153712540864944,0.13478180766105652,0.023058852180838585,0.10300350189208984
ATGCCTAACATCAAGT,0.38011643290519714,0.3255709111690521,0.24171370267868042,0.29621341824531555,0.07973840087652206,0.20813986659049988
ATGCCTAACCAGTTCA,0.03697308897972107,0.05182788521051407,0.025131171569228172,0.37921151518821716,0.0328768789768219,0.019240520894527435
ATGCCTAACCGAAGTA,0.05117758736014366,0.035024493932724,0.1879919320344925,0.121221624314785,0.03885500878095627,0.10118255764245987
ATGCCTAACCGTGAGA,0.029312409460544586,0.02598368190228939,0.10391002148389816,0.10093903541564941,0.026288365945219994,0.029761500656604767
ATGCCTAACCTCCTGA,0.0741715058684349,0.035481616854667664,0.08192993700504303,0.13935577869415283,0.014484293758869171,0.06529022753238678
ATGCCTAACGAACTTA,0.047136154025793076,0.09027811884880066,0.07152140140533447,0.102071613073349,0.03565284609794617,0.04869501665234566
ATGCCTAACGACTGGA,0.36534398794174194,0.04377041012048721,0.15083681046962738,0.1386653631925583,0.33570361137390137,0.8185644149780273
ATGCCTAACGCATACA,0.35420623421669006,0.16100949048995972,0.6207404136657715,0.26547425985336304,0.1471804976463318,0.49496129155158997
ATGCCTAACGCTGATC,0.6812058091163635,0.2780022919178009,0.5626011490821838,0.2300642430782318,0.1546536684036255,0.23085230588912964
ATGCCTAACTCAATGA,0.0674089789390564,0.1049170047044754,1.2741371393203735,1.2955421209335327,0.5486236810684204,0.7867175936698914
ATGCCTAACTGAGCCA,1.1182442903518677,0.17444297671318054,4.13177490234375,0.7286372780799866,0.26281818747520447,1.1314009428024292
ATGCCTAACTGGCATA,1.2785030603408813,0.2850160300731659,1.2801203727722168,0.7684382200241089,0.3183789551258087,1.6503597497940063
ATGCCTAACTGTAGCC,0.6015613079071045,0.12483473867177963,0.3514847457408905,0.35480669140815735,0.16880804300308228,0.38043105602264404
ATGCCTAAGAATCTGA,2.812134265899658,0.0950978472828865,1.6705634593963623,1.0052204132080078,0.06488434970378876,3.6208410263061523
ATGCCTAAGACTAGTA,0.06493756175041199,0.04030101001262665,0.050690218806266785,0.029374871402978897,0.014895647764205933,0.09624607115983963
ATGCCTAAGAGCTGAA,1.6744698286056519,0.06739877164363861,0.6837656497955322,0.3715643584728241,0.03548523038625717,0.6958829760551453
ATGCCTAAGATAGACA,1.8605421781539917,0.08647868782281876,0.718856155872345,0.8239014744758606,0.14274267852306366,0.714880108833313
ATGCCTAAGCCACATA,1.080488681793213,0.06874851137399673,0.7757487297058105,0.518580436706543,0.0863235667347908,0.26142561435699463
ATTGAGGAAAACATCG,0.05654039606451988,0.025193430483341217,0.04724181070923805,0.07813581079244614,0.02237321436405182,0.02092236839234829
ATTGAGGAAACAACCA,1.2047170400619507,2.2592039108276367,1.1381947994232178,1.4477084875106812,0.7036966681480408,1.782502293586731
ATTGAGGAAACCGAGA,0.2899165749549866,0.09307871758937836,0.7983912825584412,0.40476194024086,0.14055348932743073,0.23355542123317719
ATTGAGGAAACGCTTA,0.3190067708492279,0.10037998110055923,0.18538346886634827,0.39052814245224,0.052747756242752075,0.08254453539848328
ATTGAGGAAACGTGAT,0.1971193253993988,0.19710062444210052,0.14836396276950836,0.22634772956371307,0.1266353726387024,0.07258184999227524
ATTGAGGAAAGACGGA,0.8294146656990051,0.15123961865901947,1.15334153175354,1.00944185256958,0.17946791648864746,0.11179584264755249
ATTGAGGAAAGGTACA,0.5596417784690857,0.18586674332618713,0.5873168110847473,1.0584099292755127,0.3696269690990448,0.4348530173301697
ATTGAGGAACAAGCTA,0.24346624314785004,0.05804489180445671,0.47223150730133057,0.19348901510238647,0.09342272579669952,0.19194044172763824
ATTGAGGAACACAGAA,2.593374252319336,0.11552262306213379,2.4074463844299316,1.1169004440307617,0.899127185344696,0.607880711555481
ATTGAGGAACAGCAGA,2.202282428741455,0.13063572347164154,1.7923145294189453,1.811761498451233,0.7111221551895142,1.2222226858139038
ATTGAGGAACATTGGC,0.1967347413301468,0.09175437688827515,0.575152575969696,0.5015595555305481,0.15078574419021606,0.1134515032172203
ATTGAGGAACCACTGT,0.2043886035680771,0.10387303680181503,0.13514593243598938,0.5103839039802551,0.1459931582212448,0.3650912642478943
ATTGAGGAACCTCCAA,1.3701673746109009,0.09126707911491394,1.3854312896728516,1.0621943473815918,0.2973770201206207,0.8294458985328674
ATTGAGGAACGCTCGA,1.695548415184021,0.2373262196779251,1.3492809534072876,1.502706527709961,0.7443020343780518,0.705639123916626
ATTGAGGAACGTATCA,1.5778050422668457,0.06975583732128143,1.0853447914123535,1.0924676656723022,0.4697118103504181,0.5869105458259583
ATTGAGGAACTATGCA,0.8394661545753479,0.2387932538986206,0.7897306084632874,0.576447069644928,0.14491963386535645,0.35713112354278564
ATTGAGGAAGAGTCAA,0.9691734313964844,0.0804009735584259,0.9511957168579102,0.6665415167808533,0.22110727429389954,0.2876639664173126
ATTGAGGAAGATCGCA,1.594119668006897,0.10949895530939102,0.8708580136299133,0.6540762186050415,0.495936781167984,0.5150488615036011
ATTGAGGAAGCAGGAA,0.8696022033691406,0.07542300969362259,0.4820040464401245,0.7606393694877625,0.1566077023744583,0.28416135907173157
ATTGAGGAAGTACAAG,0.5703710317611694,0.9219087362289429,0.607079803943634,0.36323779821395874,0.36344093084335327,0.35900527238845825
ATTGAGGAAGTCACTA,0.49782055616378784,0.06023011729121208,0.44375523924827576,0.6775276064872742,0.28132590651512146,0.17368647456169128
ATTGAGGAAGTGGTCA,0.0834779441356659,0.06973093003034592,0.11591370403766632,0.04437899589538574,0.028301095589995384,0.08371969312429428
ATTGAGGAATCCTGTA,1.1576529741287231,0.09586544334888458,0.6577881574630737,0.7628827691078186,0.09566865116357803,0.9264603853225708
ATTGAGGAATGCCTAA,0.16256551444530487,0.11057746410369873,0.04539621248841286,0.6651288270950317,0.1580093950033188,0.117312490940094
ATTGAGGAATTGAGGA,0.8296768069267273,0.13178618252277374,2.113191843032837,0.9196794033050537,0.4824933707714081,0.23820337653160095
ATTGAGGACAACCACA,0.14927814900875092,0.05558004602789879,0.07294823974370956,0.3711654543876648,0.028523437678813934,0.3705251216888428
ATTGAGGACAAGACTA,0.5543449521064758,0.06063716858625412,0.28754904866218567,0.2039819210767746,0.044700488448143005,0.34457117319107056
ATTGAGGACAATGGAA,0.8554750680923462,0.11455170810222626,0.658993661403656,0.6833735108375549,0.2689090967178345,0.5215493440628052
ATTGAGGACACTTCGA,0.43636372685432434,0.14938955008983612,0.6014604568481445,0.5138548612594604,0.10326510667800903,0.218123659491539
ATTGAGGACAGATCTG,0.2350858747959137,0.10320618003606796,0.4158613681793213,0.8913670778274536,0.18302729725837708,0.17465415596961975
ATTGAGGACAGCGTTA,0.6117984652519226,0.06610769778490067,0.3981795310974121,0.39185962080955505,0.17809920012950897,0.3723074793815613
ATTGAGGACATACCAA,0.2450716644525528,0.03559209406375885,0.19328553974628448,0.46893665194511414,0.07155798375606537,0.14745567739009857
ATTGAGGACATCAAGT,0.48780491948127747,0.04280795902013779,0.24889688193798065,0.2515787184238434,0.14005354046821594,0.1364307403564453
ATTGAGGACCAGTTCA,0.4132911264896393,0.06745889037847519,0.38740527629852295,0.39492174983024597,0.1379987746477127,0.34101927280426025
ATTGAGGACCGAAGTA,0.6846473813056946,0.11403289437294006,1.054900884628296,0.574459969997406,0.1514604091644287,0.8564273118972778
ATTGAGGACCGTGAGA,0.33615216612815857,0.17130780220031738,0.502074122428894,0.24480941891670227,0.13227252662181854,0.04214481636881828
ATTGAGGACCTCCTGA,0.2517373561859131,0.053753141313791275,0.3553145229816437,0.624844491481781,0.2583327889442444,0.37320676445961
ATTGAGGACGAACTTA,0.6269373893737793,0.05560104548931122,0.17405666410923004,0.27925029397010803,0.16018590331077576,0.3447020649909973
ATTGAGGACGACTGGA,0.506557047367096,0.06624322384595871,0.5104727149009705,1.1377204656600952,0.17807124555110931,0.19698168337345123
ATTGAGGACGCATACA,0.10714901983737946,0.057518668472766876,0.6264074444770813,1.0269050598144531,0.14517319202423096,0.19752712547779083
ATTGAGGACGCTGATC,0.3961346447467804,0.05326046422123909,0.06640089303255081,0.10974705964326859,0.12759585678577423,0.04423171281814575
ATTGAGGACTCAATGA,0.7269283533096313,0.12217085808515549,0.1979624480009079,0.6206564903259277,0.4009844958782196,0.5795692801475525
ATTGAGGACTGAGCCA,0.38215261697769165,0.06745440512895584,0.29531726241111755,0.40991267561912537,0.17086336016654968,0.17489878833293915
ATTGAGGACTGGCATA,0.48881611227989197,0.0703582912683487,0.9712750315666199,0.5055474638938904,0.27522143721580505,0.1304478943347931
ATTGAGGACTGTAGCC,0.2957651615142822,0.08132738620042801,0.30096879601478577,0.377231627702713,0.03558797761797905,0.09944941848516464
ATTGAGGAGAATCTGA,0.4331757128238678,0.059155285358428955,0.3396013379096985,0.5221771597862244,0.25869637727737427,0.314300000667572
ATTGAGGAGACTAGTA,0.2382391095161438,0.05070970952510834,0.12615405023097992,0.30453982949256897,0.10913966596126556,0.28969308733940125
ATTGAGGAGAGCTGAA,0.32683271169662476,0.0568336620926857,0.49264079332351685,1.9912079572677612,0.30227214097976685,0.4264078140258789
ATTGAGGAGATAGACA,1.1531044244766235,0.05555763095617294,1.6343094110488892,1.1494563817977905,0.41238996386528015,0.3545137941837311
ATTGAGGAGCCACATA,0.8138899207115173,0.0916798785328865,1.6806358098983765,1.605024814605713,0.40833190083503723,0.6053443551063538
CAACCACAAAACATCG,0.02267291769385338,0.022589951753616333,0.017091520130634308,0.05176595598459244,0.011591448448598385,0.06156553700566292
CAACCACAAACAACCA,1.1065682172775269,1.2417618036270142,0.353420615196228,0.4998838007450104,0.6247237324714661,0.553004264831543
CAACCACAAACCGAGA,0.24708044528961182,0.22898449003696442,1.6699626445770264,0.6078543663024902,0.21085825562477112,0.2104390263557434
CAACCACAAACGCTTA,0.3678129017353058,0.15392440557479858,1.305174708366394,0.13120655715465546,0.0632736086845398,0.6938355565071106
CAACCACAAACGTGAT,0.08507169038057327,0.03942965716123581,0.06340955197811127,0.12325471639633179,0.029970234259963036,0.08842766284942627
CAACCACAAAGACGGA,0.6245288252830505,0.18504026532173157,0.3727116286754608,0.32739517092704773,0.29251572489738464,0.338947057723999
CAACCACAAAGGTACA,0.3055785596370697,0.04638480767607689,0.52745121717453,0.5479313135147095,0.05565517023205757,0.1502348780632019
CAACCACAACAAGCTA,0.07607825845479965,0.041700903326272964,0.10088302940130234,0.08556866645812988,0.054376907646656036,0.07383491098880768
CAACCACAACACAGAA,1.5876317024230957,0.07037533819675446,1.8771014213562012,0.8321448564529419,0.2732435464859009,0.25116071105003357
CAACCACAACAGCAGA,1.498828649520874,0.24894990026950836,0.6083683967590332,0.9861793518066406,0.48761627078056335,0.4088694155216217
CAACCACAACATTGGC,0.09241609275341034,0.0525808110833168,0.0876426249742508,0.46710237860679626,0.15728339552879333,0.12120647728443146
CAACCACAACCACTGT,0.4312838613986969,0.13576866686344147,1.8920419216156006,1.1452209949493408,0.6070889234542847,1.2323150634765625
CAACCACAACCTCCAA,0.6292195320129395,0.08136442303657532,0.5707961320877075,0.4263223707675934,0.08140198886394501,0.1911650151014328
CAACCACAACGCTCGA,1.1739964485168457,0.4029199779033661,0.6256267428398132,1.2270427942276,0.514530599117279,0.7914479374885559
CAACCACAACGTATCA,1.4916282892227173,0.1500706672668457,0.713728129863739,0.6406393647193909,0.41488274931907654,1.347493052482605
CAACCACAACTATGCA,0.6079566478729248,0.06621548533439636,0.07148218899965286,0.32994717359542847,0.03801221400499344,0.06577087193727493
CAACCACAAGAGTCAA,0.32986438274383545,0.16609151661396027,1.432515263557434,0.1649516224861145,0.17811435461044312,0.10100889950990677
CAACCACAAGATCGCA,0.7854390144348145,0.061963632702827454,1.3482990264892578,0.3148854970932007,0.26316070556640625,0.2890643775463104
CAACCACAAGCAGGAA,0.3575037717819214,0.04330090805888176,0.3450815677642822,0.7118398547172546,0.1118687316775322,0.050631675869226456
CAACCACAAGTACAAG,0.7040233016014099,0.40731310844421387,0.20438332855701447,0.5757473111152649,0.2598765790462494,0.6492276191711426
CAACCACAAGTCACTA,0.3536783754825592,0.03115217201411724,0.16207270324230194,0.29775470495224,0.03557606786489487,0.1387828141450882
CAACCACAAGTGGTCA,0.022878920659422874,0.025534208863973618,0.05689859017729759,0.03437725082039833,0.019299078732728958,0.024859504774212837
CAACCACAATCCTGTA,0.758378267288208,0.05638331547379494,0.7502272725105286,0.2719171643257141,0.6041102409362793,0.09248492866754532
CAACCACAATGCCTAA,0.08826703578233719,0.04620395228266716,0.04088101163506508,0.39694058895111084,0.06691435724496841,0.02693905122578144
CAACCACAATTGAGGA,0.17493417859077454,0.1061982586979866,1.2290440797805786,0.5387021899223328,0.5081720948219299,0.16359584033489227
CAACCACACAACCACA,0.34105387330055237,0.07711455225944519,0.5141624212265015,0.20228742063045502,0.1098712831735611,0.0767204612493515
CAACCACACAAGACTA,0.1300237774848938,0.1025637537240982,0.0582754872739315,0.5077593922615051,0.056944772601127625,0.2735230624675751
CAACCACACAATGGAA,0.3747797906398773,0.07221972197294235,1.1668596267700195,0.6359726786613464,0.23577061295509338,0.3472442328929901
CAACCACACACTTCGA,1.2331361770629883,0.3531826436519623,1.4344489574432373,0.795814573764801,0.30656465888023376,0.7462792992591858
CAACCACACAGATCTG,0.074106864631176,0.08794350177049637,0.09091505408287048,0.16800549626350403,0.0256941057741642,0.10145799815654755
CAACCACACAGCGTTA,0.26069286465644836,0.06809476763010025,0.6953356266021729,0.11087419092655182,0.2077884078025818,0.06677917391061783
CAACCACACATACCAA,0.3568874001502991,0.05029318854212761,0.24200555682182312,0.5239644646644592,0.04016970470547676,0.1693202555179596
CAACCACACATCAAGT,0.14351540803909302,0.05151429399847984,0.731770932674408,0.36141398549079895,0.2865990698337555,0.4174753427505493
CAACCACACCAGTTCA,0.1467849761247635,0.05618279427289963,0.4201663136482239,0.9035976529121399,0.11086073517799377,0.27639079093933105
CAACCACACCGAAGTA,0.15006856620311737,0.0436231903731823,0.11907756328582764,0.26906004548072815,0.04007212445139885,0.13392695784568787
CAACCACACCGTGAGA,0.10739830136299133,0.0491153746843338,0.1299072653055191,0.14044862985610962,0.06749355792999268,0.37797048687934875
CAACCACACCTCCTGA,0.2742927372455597,0.043740712106227875,0.18109838664531708,0.6639366149902344,0.08396422863006592,0.04386380687355995
CAACCACACGAACTTA,0.2988547086715698,0.11488473415374756,1.0526310205459595,0.6043491959571838,0.25817495584487915,0.1972060352563858
CAACCACACGACTGGA,0.3348977863788605,0.07478033751249313,0.17477673292160034,0.2248196303844452,0.34811416268348694,0.21648554503917694
CAACCACACGCATACA,0.1283646523952484,0.10642917454242706,0.8421659469604492,0.2127692997455597,0.20636260509490967,0.2804357409477234
CAACCACACGCTGATC,0.12213265150785446,0.05935376137495041,0.0793694332242012,0.09425901621580124,0.06465139240026474,0.0615697056055069
CAACCACACTCAATGA,0.12288540601730347,0.053939495235681534,0.6279680728912354,0.08250215649604797,0.0896720439195633,0.11380751430988312
CAACCACACTGAGCCA,0.26734694838523865,0.06451383233070374,0.950057327747345,0.22606544196605682,0.2595197856426239,0.0686827227473259
CAACCACACTGGCATA,0.41683194041252136,0.1570400595664978,0.34770503640174866,0.7828184962272644,0.08931148052215576,0.6040940880775452
CAACCACACTGTAGCC,0.1548949033021927,0.06421919912099838,0.27837759256362915,0.12554189562797546,0.027363425120711327,0.0495336689054966
CAACCACAGAATCTGA,0.10005032271146774,0.04424967244267464,0.18985122442245483,0.3271111249923706,0.07766322791576385,0.11821119487285614
CAACCACAGACTAGTA,0.21691501140594482,0.04638705775141716,0.11634732037782669,0.08373399078845978,0.15108175575733185,0.14374789595603943
CAACCACAGAGCTGAA,0.25833776593208313,0.14723488688468933,0.19266535341739655,0.628976583480835,0.04381804168224335,0.1410602629184723
CAACCACAGATAGACA,0.2788086235523224,0.10342133790254593,1.5333794355392456,0.2739046812057495,0.30703142285346985,0.05912856385111809
CAACCACAGCCACATA,0.7564398646354675,0.05551809072494507,0.9673789739608765,0.15919479727745056,0.1646742969751358,0.040049269795417786
CAAGACTAAAACATCG,0.17349973320960999,0.02983015403151512,0.04728584736585617,0.11860345304012299,0.013332312926650047,0.08411263674497604
CAAGACTAAACAACCA,0.0595063753426075,0.0821172446012497,0.09993019700050354,0.29856178164482117,0.0708245187997818,0.03534678369760513
CAAGACTAAACCGAGA,0.10326007753610611,0.04573336988687515,1.0242213010787964,0.09220320731401443,0.11267862468957901,0.1891467273235321
CAAGACTAAACGCTTA,0.19257202744483948,0.04751548916101456,0.1984134167432785,0.639231264591217,0.04599303379654884,0.20083996653556824
CAAGACTAAACGTGAT,0.14389054477214813,0.055012114346027374,0.0963190421462059,1.7212498188018799,0.2424972802400589,0.2573036551475525
CAAGACTAAAGACGGA,0.10698778182268143,0.02467764914035797,0.09111903607845306,0.15361326932907104,0.05550336465239525,0.027852101251482964
CAAGACTAAAGGTACA,0.2177138477563858,0.04602542519569397,0.33135271072387695,0.20406317710876465,0.047662537544965744,0.07565480470657349
CAAGACTAACAAGCTA,0.06879319250583649,0.05922217667102814,0.037276118993759155,0.5327842831611633,0.028735609725117683,0.06103336811065674
CAAGACTAACACAGAA,0.2107081413269043,0.08335481584072113,1.2546170949935913,0.06448421627283096,0.062278587371110916,0.11049919575452805
CAAGACTAACAGCAGA,0.32340118288993835,0.04972521588206291,0.1693408340215683,0.1430368423461914,0.06508076190948486,0.2995443344116211
CAAGACTAACATTGGC,0.150905042886734,0.09933209419250488,0.12401606142520905,0.7703106999397278,0.15806327760219574,0.7065303921699524
CAAGACTAACCACTGT,0.1732567548751831,0.05634938180446625,0.061510853469371796,0.8679004907608032,0.06481148302555084,0.5194082260131836
CAAGACTAACCTCCAA,0.5097378492355347,0.07400219887495041,0.3135489523410797,0.243046373128891,0.06507918983697891,0.8025355935096741
CAAGACTAACGCTCGA,0.8552688956260681,1.0701349973678589,0.3985257148742676,0.3807724416255951,0.2373817414045334,0.19582104682922363
CAAGACTAACGTATCA,0.9531373977661133,3.9503793716430664,1.1559994220733643,0.8664184808731079,0.44264259934425354,1.438582420349121
CAAGACTAACTATGCA,1.2928569316864014,0.8454870581626892,0.7550531625747681,0.8890333771705627,0.34853753447532654,1.3120899200439453
CAAGACTAAGAGTCAA,0.5012825727462769,0.08312494307756424,0.4229622185230255,0.2528025805950165,0.17787465453147888,0.2590806186199188
CAAGACTAAGATCGCA,0.46883970499038696,0.13539449870586395,0.24090436100959778,0.23108796775341034,0.05891498550772667,0.05483993515372276
CAAGACTAAGCAGGAA,0.04351891204714775,0.03848985210061073,0.23852430284023285,0.08270367980003357,0.08476259559392929,0.2026466429233551
CAAGACTAAGTACAAG,0.4127025902271271,0.06951803714036942,0.617355227470398,0.22006948292255402,0.14723286032676697,0.09417983144521713
CAAGACTAAGTCACTA,0.2611449658870697,0.04011465236544609,0.13485053181648254,0.09260041266679764,0.079782634973526,0.033150993287563324
CAAGACTAAGTGGTCA,0.22947940230369568,0.05035187304019928,0.06848316639661789,0.3328458368778229,0.037882208824157715,0.07711388170719147
CAAGACTAATCCTGTA,0.06835176050662994,0.03149298205971718,0.0961267501115799,0.15967586636543274,0.05285852774977684,0.6324179768562317
CAAGACTAATGCCTAA,0.2716860771179199,0.06390135735273361,0.9817124605178833,1.277323842048645,0.3688095808029175,0.45236945152282715
CAAGACTAATTGAGGA,0.1729719340801239,0.10321380943059921,0.08456435799598694,0.4101412892341614,0.1022956520318985,0.49358507990837097
CAAGACTACAACCACA,0.19729866087436676,0.03267471492290497,0.17364537715911865,0.188815176486969,0.13088709115982056,0.04618987813591957
CAAGACTACAAGACTA,0.25891658663749695,0.12659987807273865,0.3944375216960907,0.3452940583229065,0.11480065435171127,0.220704585313797
CAAGACTACAATGGAA,0.22109335660934448,0.08556670695543289,2.0489118099212646,0.21146425604820251,0.15410307049751282,0.05854300037026405
CAAGACTACACTTCGA,0.15857483446598053,0.035560328513383865,0.5020135045051575,0.0718485563993454,0.18058376014232635,0.2586217224597931
CAAGACTACAGATCTG,0.44657671451568604,0.06620751321315765,0.09175778925418854,0.9742695689201355,0.2821482717990875,0.101112000644207
CAAGACTACAGCGTTA,0.3449396789073944,0.06880192458629608,1.4637030363082886,0.26372334361076355,0.2957136631011963,0.35322487354278564
CAAGACTACATACCAA,0.3714599013328552,0.07805316150188446,0.11084567755460739,0.22183096408843994,0.1641775369644165,0.4906937777996063
CAAGACTACATCAAGT,0.33922338485717773,0.0751454159617424,0.15671406686306,1.068634271621704,0.05613955855369568,0.07144240289926529
CAAGACTACCAGTTCA,0.31396302580833435,0.03210581839084625,0.15880605578422546,0.48485738039016724,0.045174650847911835,0.040809229016304016
CAAGACTACCGAAGTA,0.11888843774795532,0.05583624169230461,0.6791950464248657,0.21428997814655304,0.19876939058303833,0.3685189187526703
CAAGACTACCGTGAGA,0.5689586400985718,0.08331196010112762,0.18678559362888336,0.2334347665309906,0.24133145809173584,0.26677781343460083
CAAGACTACCTCCTGA,0.3696378469467163,0.04726630449295044,0.078391894698143,0.07739284634590149,0.06612896174192429,0.27033373713493347
CAAGACTACGAACTTA,0.28680741786956787,0.04159180074930191,0.045838482677936554,0.06786895543336868,0.08744413405656815,0.06037547066807747
CAAGACTACGACTGGA,0.26447632908821106,0.04189082607626915,0.12377196550369263,0.1066318228840828,0.06441888213157654,0.2835886776447296
CAAGACTACGCATACA,0.3909311294555664,0.07993806153535843,0.2999327778816223,0.15417169034481049,0.04045713320374489,0.07569724321365356
CAAGACTACGCTGATC,0.09018614888191223,0.02523704618215561,0.08668368309736252,0.14725393056869507,0.03321554511785507,0.04670247435569763
CAAGACTACTCAATGA,0.41136160492897034,0.164295494556427,0.4768053889274597,0.32313790917396545,0.5935935378074646,0.4878482520580292
CAAGACTACTGAGCCA,0.4598163068294525,0.9184472560882568,0.8458744287490845,0.49554410576820374,0.524584949016571,0.6046299338340759
CAAGACTACTGGCATA,0.5499932765960693,0.1533694565296173,1.269702434539795,0.7289554476737976,0.2628884017467499,1.4351861476898193
CAAGACTACTGTAGCC,0.05937281250953674,0.04411156848073006,0.1151844784617424,0.15798668563365936,0.03267429769039154,0.02285725250840187
CAAGACTAGAATCTGA,0.3540445864200592,0.03909168392419815,0.15346483886241913,0.34371769428253174,0.09667668491601944,0.03749549761414528
CAAGACTAGACTAGTA,0.29555827379226685,0.25058600306510925,0.4631877541542053,0.28446081280708313,0.18755649030208588,0.7513512969017029
CAAGACTAGAGCTGAA,0.6772572994232178,0.08216051012277603,0.12302778661251068,1.0625358819961548,0.8289175629615784,0.3433104157447815
CAAGACTAGATAGACA,0.43614572286605835,0.08120708167552948,1.528648853302002,2.408395290374756,0.42350831627845764,0.4770143926143646
CAAGACTAGCCACATA,0.1262662708759308,0.03031662106513977,0.11463876068592072,0.13129428029060364,0.013708720915019512,0.015077644027769566
CAATGGAAAAACATCG,0.056790441274642944,0.056090954691171646,0.017376607283949852,0.3209909200668335,0.037994135171175,0.08403624594211578
CAATGGAAAACAACCA,0.7228162288665771,0.34856316447257996,0.2565121650695801,0.2468010038137436,0.30364593863487244,0.3105093538761139
CAATGGAAAACCGAGA,1.550140619277954,3.0055153369903564,1.5608185529708862,1.4636802673339844,0.9512622356414795,1.148618459701538
CAATGGAAAACGCTTA,0.18491390347480774,0.13347512483596802,0.20907826721668243,0.12080664187669754,0.03926193341612816,0.4206388592720032
CAATGGAAAACGTGAT,0.12106066942214966,0.10461481660604477,0.042388349771499634,0.6772714257240295,0.06049395352602005,0.03967118635773659
CAATGGAAAAGACGGA,0.8440439105033875,0.08298371732234955,0.7039783000946045,0.3958079218864441,0.06876861304044724,0.20604494214057922
CAATGGAAAAGGTACA,0.7172446846961975,0.518113911151886,0.1866285651922226,0.24571575224399567,0.16846147179603577,0.4047490954399109
CAATGGAAACAAGCTA,0.1282375603914261,0.19879300892353058,0.061892762780189514,0.07440828531980515,0.017017940059304237,0.026131760329008102
CAATGGAAACACAGAA,0.43264326453208923,0.06536082923412323,0.5716090202331543,0.16082963347434998,0.1782875508069992,0.1532452404499054
CAATGGAAACAGCAGA,0.34263288974761963,0.14479176700115204,0.05959800258278847,0.13021636009216309,0.03963989391922951,0.08040565252304077
CAATGGAAACATTGGC,0.17677833139896393,0.13611093163490295,0.5251867175102234,0.24294136464595795,0.22280685603618622,0.08127199858427048
CAATGGAAACCACTGT,0.0695236399769783,0.03575511276721954,0.1443197876214981,0.20588409900665283,0.02302924357354641,0.04402482509613037
CAATGGAAACCTCCAA,0.16877835988998413,0.1095445454120636,0.08688215166330338,0.0813893973827362,0.029550552368164062,0.2588645815849304
CAATGGAAACGCTCGA,0.46985945105552673,0.1962120234966278,0.8859396576881409,0.3905733823776245,0.1629112809896469,0.15525606274604797
CAATGGAAACGTATCA,0.7071608304977417,0.6615942716598511,0.7113803029060364,0.294198602437973,0.11546371877193451,0.6108070611953735
CAATGGAAACTATGCA,0.3645731508731842,0.038507018238306046,0.5597860813140869,0.7406582236289978,0.10383632034063339,0.03796389326453209
CAATGGAAAGAGTCAA,0.13452911376953125,0.05211273208260536,0.07625086605548859,0.04613349586725235,0.0503135584294796,0.015866557136178017
CAATGGAAAGATCGCA,0.06617575883865356,0.03126625716686249,0.046711958944797516,0.16604940593242645,0.029464317485690117,0.09238053858280182
CAATGGAAAGCAGGAA,0.04216814413666725,0.03947881609201431,0.025331895798444748,0.06160205230116844,0.038520533591508865,0.06324589997529984
CAATGGAAAGTACAAG,0.23541243374347687,0.06317112594842911,0.06528275460004807,0.1561463475227356,0.04769345372915268,0.16180011630058289
CAATGGAAAGTCACTA,0.22723910212516785,0.09888901561498642,0.1665254831314087,0.040888991206884384,0.07821273058652878,0.34908148646354675
CAATGGAAAGTGGTCA,0.03360063582658768,0.024500396102666855,0.018033737316727638,0.011495936661958694,0.012226521968841553,0.020061595365405083
CAATGGAAATCCTGTA,0.18461613357067108,0.05495874583721161,0.7585787773132324,0.1404595524072647,0.06063935160636902,0.05953776836395264
CAATGGAAATGCCTAA,0.08243982493877411,0.06367068737745285,0.10770905017852783,0.06701166182756424,0.05686262622475624,0.014783540740609169
CAATGGAAATTGAGGA,0.061041560024023056,0.059185005724430084,0.286083847284317,0.29607370495796204,0.2642187476158142,0.03801135718822479
CAATGGAACAACCACA,0.1641257256269455,0.06630104035139084,1.351292610168457,0.2885463535785675,0.19124142825603485,0.1608189195394516
CAATGGAACAAGACTA,0.0348358079791069,0.04386916011571884,0.04514152929186821,0.08205018192529678,0.021939478814601898,0.5099413990974426
CAATGGAACAATGGAA,0.19464892148971558,0.10010703653097153,0.7407909631729126,0.2912712097167969,0.24600756168365479,0.08518210053443909
CAATGGAACACTTCGA,0.10224003344774246,0.06843356788158417,0.33228904008865356,0.15351484715938568,0.20525598526000977,0.15243983268737793
CAATGGAACAGATCTG,0.07853575795888901,0.026050344109535217,0.022083749994635582,0.10598182678222656,0.04424784705042839,0.06230328232049942
CAATGGAACAGCGTTA,0.174361914396286,0.04678284376859665,0.07091843336820602,0.06972546875476837,0.044360049068927765,0.2752527892589569
CAATGGAACATACCAA,0.06287623941898346,0.04565026983618736,0.03589872643351555,0.043684884905815125,0.028776424005627632,0.04587661847472191
CAATGGAACATCAAGT,0.1329502910375595,0.1202813982963562,0.5539312958717346,0.4438893795013428,0.2804296910762787,0.06365759670734406
CAATGGAACCAGTTCA,0.35747554898262024,0.06620844453573227,1.3743256330490112,0.5446140170097351,0.08948453515768051,0.2395889014005661
CAATGGAACCGAAGTA,0.05665645748376846,0.028807930648326874,0.07216174155473709,0.2640625238418579,0.015945633873343468,0.1326168328523636
CAATGGAACCGTGAGA,0.08494797348976135,0.05018944665789604,0.9341097474098206,0.05833020061254501,0.0796455442905426,0.1858159303665161
CAATGGAACCTCCTGA,0.2763618528842926,0.15741652250289917,1.9855523109436035,0.08021201193332672,0.22949965298175812,0.3341449797153473
CAATGGAACGAACTTA,0.07976265996694565,0.04006308689713478,0.5664766430854797,0.06942012906074524,0.2165715992450714,0.18910154700279236
CAATGGAACGACTGGA,0.24546530842781067,0.13929785788059235,0.18683794140815735,0.24466495215892792,0.0694417655467987,0.3655867278575897
CAATGGAACGCATACA,0.07255199551582336,0.04112313315272331,0.05429306998848915,0.37431013584136963,0.03778962045907974,0.6549009084701538
CAATGGAACGCTGATC,0.07333101332187653,0.0359741672873497,0.07152385264635086,0.1118721216917038,0.08293981105089188,0.03643661364912987
CAATGGAACTCAATGA,0.08934781700372696,0.07262474298477173,0.11694680154323578,0.06646709889173508,0.02995138242840767,0.17476440966129303
CAATGGAACTGAGCCA,0.02845960482954979,0.020367218181490898,0.026569904759526253,0.03143845871090889,0.012321575544774532,0.022438911721110344
CAATGGAACTGGCATA,0.06048260256648064,0.10376529395580292,0.04401245340704918,0.08976950496435165,0.048708926886320114,0.024694446474313736
CAATGGAACTGTAGCC,0.07790877670049667,0.035407304763793945,0.01858355663716793,0.08367622643709183,0.0161624476313591,0.030369983986020088
CAATGGAAGAATCTGA,0.09055820852518082,0.048423949629068375,0.5575240850448608,0.043786391615867615,0.1359749287366867,0.024041201919317245
CAATGGAAGACTAGTA,0.10001581907272339,0.06288088858127594,0.018584124743938446,0.020784657448530197,0.018717385828495026,0.10340432822704315
CAATGGAAGAGCTGAA,0.09851203113794327,0.045846909284591675,0.05660064518451691,0.07224307209253311,0.0295795239508152,0.017253125086426735
CAATGGAAGATAGACA,0.33482488989830017,0.06570649892091751,0.8293262124061584,0.41355881094932556,0.18159081041812897,0.027360476553440094
CAATGGAAGCCACATA,0.12531043589115143,0.04190900921821594,0.22657866775989532,0.24518810212612152,0.14770568907260895,0.9240419268608093
CACTTCGAAAACATCG,0.06726337224245071,0.024313755333423615,0.016651732847094536,0.04653003811836243,0.023205503821372986,0.041565291583538055
CACTTCGAAACAACCA,0.17521236836910248,0.17273782193660736,0.8042196035385132,0.9475523233413696,0.8139333724975586,0.32294681668281555
CACTTCGAAACCGAGA,1.1803147792816162,3.0758297443389893,0.6445831060409546,0.9696952700614929,0.6225273609161377,1.099198818206787
CACTTCGAAACGCTTA,0.43352755904197693,0.1299322098493576,0.029849454760551453,0.1647779941558838,0.13297832012176514,0.16471223533153534
CACTTCGAAACGTGAT,0.07705725729465485,0.05108170956373215,0.0806415006518364,0.6496201157569885,0.18932248651981354,0.06341718882322311
CACTTCGAAAGACGGA,0.29926198720932007,0.05586264654994011,0.22092825174331665,0.16052059829235077,0.047351010143756866,0.13147376477718353
CACTTCGAAAGGTACA,0.523301362991333,0.21871308982372284,0.929254949092865,0.33348360657691956,0.14018967747688293,0.5743135213851929
CACTTCGAACAAGCTA,0.0748177170753479,0.037659384310245514,0.028158484026789665,0.1554168313741684,0.02695857174694538,0.07285820692777634
CACTTCGAACACAGAA,0.27933940291404724,0.04546826332807541,0.21797268092632294,0.08046822994947433,0.028204744681715965,0.13885006308555603
CACTTCGAACAGCAGA,0.23519977927207947,0.10015278309583664,0.24288010597229004,0.40910831093788147,0.03342455253005028,0.44751790165901184
CACTTCGAACATTGGC,0.2952931523323059,0.19052834808826447,0.7631222009658813,0.7054026126861572,0.2905995547771454,0.44084492325782776
CACTTCGAACCACTGT,0.08238402009010315,0.0430581159889698,0.041506677865982056,0.07137282192707062,0.01642613112926483,0.03743154928088188
CACTTCGAACCTCCAA,0.497993141412735,0.07885278016328812,0.7989567518234253,0.32030805945396423,0.11256885528564453,0.1349981129169464
CACTTCGAACGCTCGA,0.5050228238105774,0.07015679776668549,0.8582485318183899,0.10042989253997803,0.07209178060293198,0.23172643780708313
CACTTCGAACGTATCA,0.3319292664527893,0.05267350748181343,1.4431802034378052,0.09855768084526062,0.10439690202474594,0.15917018055915833
CACTTCGAACTATGCA,0.5298441648483276,0.05061950907111168,0.19553403556346893,0.7652020454406738,0.1860591471195221,0.4670366942882538
CACTTCGAAGAGTCAA,0.5561459064483643,0.20174503326416016,1.2925015687942505,0.6765452027320862,0.19755063951015472,0.9923499226570129
CACTTCGAAGATCGCA,0.6477285027503967,0.13495557010173798,0.3435281813144684,0.1753535121679306,0.08679825812578201,0.4271516799926758
CACTTCGAAGCAGGAA,0.29675769805908203,0.1292058676481247,0.06855755299329758,0.5336134433746338,0.16088277101516724,0.053063515573740005
CACTTCGAAGTACAAG,0.19792219996452332,0.08871994912624359,0.4173915982246399,0.09652269631624222,0.06612566858530045,0.10649880021810532
CACTTCGAAGTCACTA,0.08085417747497559,0.04038281366229057,0.10733889043331146,0.08472153544425964,0.1366328001022339,0.10326237231492996
CACTTCGAAGTGGTCA,0.042855799198150635,0.027058683335781097,0.01189589872956276,0.015768418088555336,0.012966308742761612,0.01328113954514265
CACTTCGAATCCTGTA,0.23793098330497742,0.0638810470700264,0.4494551420211792,0.09574390202760696,0.06263021379709244,0.06905103474855423
CACTTCGAATGCCTAA,0.16606086492538452,0.1228322759270668,0.06788311153650284,0.03935318440198898,0.03369128331542015,0.03853549435734749
CACTTCGAATTGAGGA,0.1379322111606598,0.053069107234478,0.08878624439239502,0.044586874544620514,0.05587919056415558,0.1449449360370636
CACTTCGACAACCACA,0.42319127917289734,0.09143052995204926,0.17601247131824493,0.21207821369171143,0.46171221137046814,0.8013936877250671
CACTTCGACAAGACTA,0.11142526566982269,0.08525805175304413,0.027268677949905396,0.5830749869346619,0.021277932450175285,0.041858475655317307
CACTTCGACAATGGAA,0.08380139619112015,0.04764346033334732,0.20295585691928864,0.3016146719455719,0.05742567032575607,0.07665222883224487
CACTTCGACACTTCGA,0.481794148683548,0.4747108519077301,0.1781088262796402,0.33148640394210815,0.2093515396118164,0.5056262016296387
CACTTCGACAGATCTG,0.07559548318386078,0.048693642020225525,0.05257294699549675,0.31543979048728943,0.09430141001939774,0.1679232120513916
CACTTCGACAGCGTTA,0.3577927052974701,0.07898736745119095,0.12696057558059692,0.047648198902606964,0.04499266296625137,0.143016517162323
CACTTCGACATACCAA,0.08174362033605576,0.04137822985649109,0.5914402604103088,0.2760104238986969,0.09408023208379745,0.2995217442512512
CACTTCGACATCAAGT,0.14932109415531158,0.04640146344900131,1.0265858173370361,0.16881926357746124,0.09942196309566498,0.02565980702638626
CACTTCGACCAGTTCA,0.13348963856697083,0.06574688106775284,0.05979512259364128,0.0855492651462555,0.07617830485105515,0.35257816314697266
CACTTCGACCGAAGTA,0.13143940269947052,0.07665285468101501,1.8349117040634155,0.06340434402227402,0.10114939510822296,0.1340869665145874
CACTTCGACCGTGAGA,0.25561776757240295,0.13636820018291473,1.5998530387878418,0.21414510905742645,0.2563057839870453,0.0995693951845169
CACTTCGACCTCCTGA,0.4637020230293274,0.42089781165122986,0.17081141471862793,0.3641173243522644,0.21935199201107025,0.1320423185825348
CACTTCGACGAACTTA,0.13952894508838654,0.07985634356737137,1.0352895259857178,0.4577541947364807,0.25150755047798157,0.2566784620285034
CACTTCGACGACTGGA,0.09332539886236191,0.04733077436685562,0.061349350959062576,0.2312048375606537,0.06365460902452469,0.046457622200250626
CACTTCGACGCATACA,0.04353396221995354,0.026109514757990837,0.027435967698693275,0.07114102691411972,0.030758151784539223,0.023603245615959167
CACTTCGACGCTGATC,0.0473480299115181,0.03382968530058861,0.01562988944351673,0.027140701189637184,0.018239926546812057,0.017917294055223465
CACTTCGACTCAATGA,0.04534082114696503,0.05584556236863136,0.06649240851402283,0.04269908368587494,0.026746826246380806,0.025662533938884735
CACTTCGACTGAGCCA,0.08751050382852554,0.03842087835073471,0.8062819242477417,0.7360103726387024,0.0660419911146164,0.18601973354816437
CACTTCGACTGGCATA,0.06970854848623276,0.06929442286491394,0.08251488208770752,0.22006914019584656,0.02833392843604088,0.1539117842912674
CACTTCGACTGTAGCC,0.08396974951028824,0.11565222591161728,0.10460381954908371,0.2687397003173828,0.1904405802488327,0.43768787384033203
CACTTCGAGAATCTGA,0.0645677000284195,0.08839039504528046,0.22023791074752808,0.3487502336502075,0.24397052824497223,0.07062318921089172
CACTTCGAGACTAGTA,0.25190970301628113,0.2849371135234833,0.05935924872756004,0.1452876329421997,0.3316904604434967,0.19652634859085083
CACTTCGAGAGCTGAA,0.2079651653766632,0.12014485895633698,0.06377027928829193,1.239773154258728,0.14230792224407196,0.19534383714199066
CACTTCGAGATAGACA,0.15153928101062775,0.041695643216371536,0.10673949867486954,0.23189117014408112,0.07554155588150024,0.3044315278530121
CACTTCGAGCCACATA,0.19996660947799683,0.10680141299962997,0.21675390005111694,0.22275716066360474,0.19353899359703064,0.0601462721824646
CAGATCTGAAACATCG,0.040698546916246414,0.044365327805280685,0.07857534289360046,0.1517065316438675,0.07274749875068665,0.06207339093089104
CAGATCTGAACAACCA,0.30963459610939026,0.148320734500885,0.15191888809204102,0.1174226924777031,0.16483888030052185,0.22164206206798553
CAGATCTGAACCGAGA,0.4092716574668884,0.07166837155818939,0.22731833159923553,0.48797670006752014,0.4998116195201874,0.6208921074867249
CAGATCTGAACGCTTA,0.2009301334619522,0.022993292659521103,0.03204899653792381,0.07745208591222763,0.020795542746782303,0.05434103682637215
CAGATCTGAACGTGAT,0.09053421020507812,0.02815389819443226,0.024733517318964005,0.03958243504166603,0.059707269072532654,0.07136403769254684
CAGATCTGAAGACGGA,0.13008393347263336,0.04516156390309334,0.2520868182182312,0.14367958903312683,0.19174720346927643,0.806036114692688
CAGATCTGAAGGTACA,0.6961519718170166,0.18063293397426605,0.4696633815765381,0.38364964723587036,0.3740224838256836,0.6947566866874695
CAGATCTGACAAGCTA,0.36509978771209717,0.07389142364263535,0.4986806809902191,0.09997769445180893,0.37049224972724915,0.21511933207511902
CAGATCTGACACAGAA,0.49393531680107117,0.7225843667984009,0.4694209694862366,0.3357910215854645,0.6663717031478882,0.4816802442073822
CAGATCTGACAGCAGA,0.18615677952766418,0.08596831560134888,0.29755282402038574,0.10575994849205017,0.10416845977306366,0.03306102007627487
CAGATCTGACATTGGC,0.2639893889427185,0.8305103182792664,0.2976929247379303,0.44790688157081604,0.35636305809020996,0.42359673976898193
CAGATCTGACCACTGT,0.07283155620098114,0.029224464669823647,0.031838931143283844,0.039649855345487595,0.026875177398324013,0.09086378663778305
CAGATCTGACCTCCAA,0.23029212653636932,0.07619894295930862,0.7483166456222534,0.2846851646900177,0.27565816044807434,0.13040952384471893
CAGATCTGACGCTCGA,0.20806743204593658,0.0697818323969841,0.4987857937812805,0.36723464727401733,0.0956321656703949,0.2684303820133209
CAGATCTGACGTATCA,0.14298973977565765,0.058215416967868805,0.2515411376953125,0.18016517162322998,0.07991227507591248,0.3381655216217041
CAGATCTGACTATGCA,0.14428077638149261,0.0507645420730114,0.4884305000305176,0.02654145285487175,0.04810493066906929,0.13054391741752625
CAGATCTGAGAGTCAA,0.10310212522745132,0.09488290548324585,0.09600286185741425,0.1375403106212616,0.051740534603595734,0.13500496745109558
CAGATCTGAGATCGCA,0.028940411284565926,0.03610437735915184,0.08928774297237396,0.027413643896579742,0.028821775689721107,0.1292705237865448
CAGATCTGAGCAGGAA,0.09831730276346207,0.03155229613184929,0.03341713175177574,0.09527722746133804,0.0677846223115921,0.04382234811782837
CAGATCTGAGTACAAG,0.31267496943473816,0.040406566113233566,0.2135506570339203,0.2169877588748932,0.110623799264431,0.0741371363401413
CAGATCTGAGTCACTA,0.10170440375804901,0.06515149027109146,0.04486453905701637,0.0802185982465744,0.03945488855242729,0.13521383702754974
CAGATCTGAGTGGTCA,0.19213461875915527,0.05350834131240845,0.13532650470733643,0.11929543316364288,0.3467745780944824,0.17243243753910065
CAGATCTGATCCTGTA,0.04238910600543022,0.0285665113478899,0.1163855791091919,0.03413524478673935,0.02448374778032303,0.031181301921606064
CAGATCTGATGCCTAA,0.2776533365249634,0.0903007909655571,0.2712722718715668,0.10756441205739975,0.04462098702788353,0.29938310384750366
CAGATCTGATTGAGGA,0.05677476525306702,0.047897592186927795,0.06064792722463608,0.05336492136120796,0.03806775435805321,0.06185397878289223
CAGATCTGCAACCACA,0.05337715148925781,0.0366336889564991,0.05016225203871727,0.19911006093025208,0.018030917271971703,0.023191090673208237
CAGATCTGCAAGACTA,0.06254539638757706,0.06534404307603836,0.18792736530303955,2.2393622398376465,0.17042268812656403,0.1820138394832611
CAGATCTGCAATGGAA,0.07960708439350128,0.04279056191444397,0.26344743371009827,0.10213174670934677,0.08560014516115189,0.15788386762142181
CAGATCTGCACTTCGA,0.03948109596967697,0.05084419250488281,0.13747043907642365,0.14883792400360107,0.07957305759191513,0.0912037342786789
CAGATCTGCAGATCTG,0.2827686369419098,0.08065200597047806,1.3034822940826416,0.6453050374984741,0.5862467885017395,0.23089320957660675
CAGATCTGCAGCGTTA,0.3564251661300659,0.05592213571071625,1.6134400367736816,0.29167988896369934,0.08708980679512024,0.5107872486114502
CAGATCTGCATACCAA,0.4605030119419098,0.4350229799747467,3.6967504024505615,1.058138132095337,0.6354337334632874,1.0817989110946655
CAGATCTGCATCAAGT,0.5345284342765808,0.22509756684303284,0.3295769989490509,0.32828179001808167,0.2775912880897522,0.15635913610458374
CAGATCTGCCAGTTCA,0.10784891247749329,0.056688468903303146,0.16751332581043243,0.11909264326095581,0.05849287286400795,0.09156187623739243
CAGATCTGCCGAAGTA,0.08770331740379333,0.03019169718027115,0.1949937790632248,0.18877501785755157,0.04195142164826393,0.16700783371925354
CAGATCTGCCGTGAGA,0.04473438858985901,0.039156895130872726,0.0942745953798294,0.16295841336250305,0.05554605647921562,0.11551601439714432
CAGATCTGCCTCCTGA,0.12729349732398987,0.15263311564922333,0.02451247349381447,0.06438813358545303,0.028475821018218994,0.029283687472343445
CAGATCTGCGAACTTA,0.0438910536468029,0.028414208441972733,0.04062489792704582,0.15755367279052734,0.02953769825398922,0.03921285644173622
CAGATCTGCGACTGGA,0.034666985273361206,0.05076296627521515,0.1381562352180481,0.07569600641727448,0.03242632374167442,0.08913083374500275
CAGATCTGCGCATACA,0.11764350533485413,0.04368162900209427,0.3408035635948181,0.1607326716184616,0.14402714371681213,0.16391627490520477
CAGATCTGCGCTGATC,0.14127951860427856,0.025553783401846886,0.016481129452586174,0.03623075410723686,0.025928327813744545,0.07379861921072006
CAGATCTGCTCAATGA,0.03705401346087456,0.02595999278128147,0.14269553124904633,0.12501831352710724,0.06604721397161484,0.07661771029233932
CAGATCTGCTGAGCCA,0.08184122294187546,0.0385701060295105,0.24820032715797424,0.10006897896528244,0.11563755571842194,0.33306950330734253
CAGATCTGCTGGCATA,0.03545165807008743,0.023703698068857193,0.11446255445480347,0.08143619447946548,0.039557360112667084,0.05456169694662094
CAGATCTGCTGTAGCC,0.3341911733150482,0.1187247708439827,0.5323087573051453,0.3521082401275635,0.3390671908855438,0.23418597877025604
CAGATCTGGAATCTGA,0.0737258568406105,0.0999147817492485,1.3353315591812134,0.4512407183647156,0.17480292916297913,0.6950645446777344
CAGATCTGGACTAGTA,0.024397285655140877,0.01927761174738407,0.03903396055102348,0.014220176264643669,0.014407763257622719,0.0526750423014164
CAGATCTGGAGCTGAA,0.19289173185825348,0.055305562913417816,0.06824154406785965,0.5559152960777283,0.1009107157588005,0.18783167004585266
CAGATCTGGATAGACA,0.08871921896934509,0.03713951259851456,0.08977551758289337,0.10531742125749588,0.016111409291625023,0.16847211122512817
CAGATCTGGCCACATA,0.8796002864837646,0.07912758737802505,0.6941196322441101,0.9507358074188232,0.29901933670043945,4.163342475891113
CAGCGTTAAAACATCG,0.028787504881620407,0.03781689330935478,0.024898838251829147,0.03538495674729347,0.02528945356607437,0.02464115433394909
CAGCGTTAAACAACCA,0.0676388069987297,0.05057526007294655,0.7778157591819763,0.10332240909337997,0.16705718636512756,0.02357640117406845
CAGCGTTAAACCGAGA,0.6877709031105042,1.6501600742340088,1.223519206047058,0.6848881244659424,0.8968791961669922,1.0193421840667725
CAGCGTTAAACGCTTA,0.40224987268447876,0.19162258505821228,0.6038438677787781,0.27097946405410767,0.12128522247076035,0.27060675621032715
CAGCGTTAAACGTGAT,0.10772181302309036,0.02416970767080784,0.019552333280444145,0.05919662117958069,0.017753608524799347,0.013024091720581055
CAGCGTTAAAGACGGA,0.18690769374370575,0.06340985745191574,0.1431865245103836,0.30064210295677185,0.09608469903469086,0.2356783151626587
CAGCGTTAAAGGTACA,0.546314001083374,0.10771102458238602,1.5391837358474731,0.41102707386016846,0.41468489170074463,0.3002501130104065
CAGCGTTAACAAGCTA,0.11027877032756805,0.03738043084740639,0.022884925827383995,0.03873253986239433,0.014799226075410843,0.01991536282002926
CAGCGTTAACACAGAA,0.36902478337287903,0.04621274769306183,0.7276642918586731,0.1758977621793747,0.10669072717428207,0.35889342427253723
CAGCGTTAACAGCAGA,0.3453913927078247,0.05974023416638374,0.36771664023399353,0.08109097182750702,0.11074069887399673,0.06832677125930786
CAGCGTTAACATTGGC,0.18205150961875916,0.061059609055519104,0.5444813966751099,0.17922434210777283,0.21697938442230225,0.7781672477722168
CAGCGTTAACCACTGT,0.03419708088040352,0.031337447464466095,0.1586294174194336,0.03870648890733719,0.023095708340406418,0.026613589376211166
CAGCGTTAACCTCCAA,0.4010372459888458,0.1227663978934288,0.31662747263908386,0.31723830103874207,0.10736926645040512,0.32999134063720703
CAGCGTTAACGCTCGA,0.3336861729621887,0.08048831671476364,1.2304089069366455,0.38303834199905396,0.07038238644599915,0.22577843070030212
CAGCGTTAACGTATCA,0.23348768055438995,0.037573978304862976,0.055393122136592865,0.21263150870800018,0.04367616027593613,0.24311700463294983
CAGCGTTAACTATGCA,0.2508160173892975,0.0609501414000988,0.058984752744436264,0.09007666260004044,0.14694850146770477,0.17010512948036194
CAGCGTTAAGAGTCAA,0.14504684507846832,0.059363145381212234,0.2432885318994522,0.10525459051132202,0.11763565242290497,0.25491511821746826
CAGCGTTAAGATCGCA,0.13857541978359222,0.03921739012002945,0.07094910740852356,0.04224404692649841,0.026461618021130562,0.03501664474606514
CAGCGTTAAGCAGGAA,0.12995567917823792,0.028070801869034767,0.01700817234814167,0.024132339283823967,0.012134685181081295,0.02842886373400688
CAGCGTTAAGTACAAG,0.040374647825956345,0.03048533760011196,0.04360848665237427,0.11202951520681381,0.019848955795168877,0.011682294309139252
CAGCGTTAAGTCACTA,0.0991961807012558,0.06455843895673752,0.10189015418291092,0.3805878460407257,0.26130104064941406,0.18904469907283783
CAGCGTTAAGTGGTCA,0.02060886286199093,0.018877916038036346,0.011247972957789898,0.037318434566259384,0.008600306697189808,0.031707726418972015
CAGCGTTAATCCTGTA,0.16716580092906952,0.14022086560726166,0.43951714038848877,0.2226531058549881,0.28386029601097107,0.4017696976661682
CAGCGTTAATGCCTAA,0.08503054082393646,0.03886820375919342,0.02233050763607025,0.07049382477998734,0.029444372281432152,0.019348684698343277
CAGCGTTAATTGAGGA,0.04878917708992958,0.046881046146154404,0.048593685030937195,0.0864422619342804,0.02274610660970211,0.036242954432964325
CAGCGTTACAACCACA,0.08040913939476013,0.04122394695878029,0.04916558787226677,0.274580180644989,0.07455988228321075,0.024502655491232872
CAGCGTTACAAGACTA,0.06997222453355789,0.08838388323783875,0.056024182587862015,0.07211220264434814,0.03015999123454094,0.12699858844280243
CAGCGTTACAATGGAA,0.1010698452591896,0.0594678595662117,0.16029347479343414,0.13565288484096527,0.08164853602647781,0.5465300679206848
CAGCGTTACACTTCGA,0.07347581535577774,0.026111632585525513,0.05110281705856323,0.06340119987726212,0.04953561723232269,0.015798717737197876
CAGCGTTACAGATCTG,0.054515041410923004,0.11608069390058517,0.0603744238615036,0.26200881600379944,0.05036916211247444,0.07865866273641586
CAGCGTTACAGCGTTA,0.19152963161468506,0.15509270131587982,0.7096872925758362,0.2255435585975647,0.24190038442611694,0.1872246414422989
CAGCGTTACATACCAA,0.04243847355246544,0.023851178586483,0.019754812121391296,0.039489973336458206,0.02462109923362732,0.012981248088181019
CAGCGTTACATCAAGT,0.03098832070827484,0.029994772747159004,0.15587656199932098,0.262637734413147,0.06261330097913742,0.07813169062137604
CAGCGTTACCAGTTCA,0.10907101631164551,0.07484862953424454,0.6705392003059387,0.14601293206214905,0.42592960596084595,0.16377681493759155
CAGCGTTACCGAAGTA,0.11251778900623322,0.08462968468666077,0.14843983948230743,0.18911434710025787,0.06225135922431946,0.18618418276309967
CAGCGTTACCGTGAGA,0.06990102678537369,0.0918506383895874,0.45835769176483154,0.10764360427856445,0.150390625,0.03968062624335289
CAGCGTTACCTCCTGA,0.27393868565559387,0.07516606152057648,0.9540917873382568,0.12470944225788116,0.13241025805473328,0.2770801782608032
CAGCGTTACGAACTTA,0.10008501261472702,0.09546001255512238,0.3821607828140259,0.15582230687141418,0.039539724588394165,0.10078839957714081
CAGCGTTACGACTGGA,0.11330755054950714,0.08042770624160767,0.5953342318534851,0.09755098819732666,0.19100311398506165,0.13591648638248444
CAGCGTTACGCATACA,0.0718773752450943,0.05276127904653549,0.05467536300420761,0.06676693260669708,0.14042596518993378,0.023581622168421745
CAGCGTTACGCTGATC,0.14119090139865875,0.0445941761136055,0.021173778921365738,0.0410802885890007,0.02220010571181774,0.05276520177721977
CAGCGTTACTCAATGA,0.06042882800102234,0.05240485817193985,0.3745957612991333,0.058895111083984375,0.025858653709292412,0.02033372037112713
CAGCGTTACTGAGCCA,0.09217353165149689,0.04530938342213631,0.28011927008628845,0.09151255339384079,0.02834877371788025,0.030468285083770752
CAGCGTTACTGGCATA,0.1423296481370926,0.08687382191419601,0.03927392512559891,0.10002177208662033,0.12005706876516342,0.0198900755494833
CAGCGTTACTGTAGCC,0.025841057300567627,0.020647110417485237,0.04618438333272934,0.1178927794098854,0.01357964240014553,0.021752996370196342
CAGCGTTAGAATCTGA,0.13333964347839355,0.066909059882164,0.2077147513628006,0.07685080915689468,0.033269003033638,0.0846121683716774
CAGCGTTAGACTAGTA,0.08324893563985825,0.033357907086610794,0.036519479006528854,0.014865419827401638,0.01424382720142603,0.013654584996402264
CAGCGTTAGAGCTGAA,0.09255152195692062,0.04884994775056839,0.052013516426086426,0.41199183464050293,0.07659012079238892,0.13405749201774597
CAGCGTTAGATAGACA,0.12041352689266205,0.08103056252002716,0.13219130039215088,0.47463226318359375,0.082382433116436,0.17868512868881226
CAGCGTTAGCCACATA,0.08771573752164841,0.02300282195210457,0.2524591386318207,0.06674806773662567,0.0330200232565403,0.01913270726799965
CATACCAAAAACATCG,0.0368126779794693,0.020108457654714584,0.03504808992147446,0.046167075634002686,0.016423193737864494,0.013448813930153847
CATACCAAAACAACCA,0.17016766965389252,0.07707268744707108,0.06623205542564392,0.07371314615011215,0.017909890040755272,0.10549471527338028
CATACCAAAACCGAGA,0.7349714040756226,0.5698335766792297,0.6696465015411377,0.5043326020240784,0.4403245449066162,0.6344541311264038
CATACCAAAACGCTTA,0.908935010433197,0.1719319224357605,0.7514122128486633,0.4931110441684723,0.22334730625152588,0.6315405964851379
CATACCAAAACGTGAT,0.03897998854517937,0.048704616725444794,0.023584619164466858,0.08483533561229706,0.014573351480066776,0.08357948809862137
CATACCAAAAGACGGA,0.11455012857913971,0.09498624503612518,0.09399338066577911,0.05204496532678604,0.09937388449907303,0.10010877996683121
CATACCAAAAGGTACA,0.1458040177822113,0.027993088588118553,0.0637301430106163,0.019186414778232574,0.016821544617414474,0.07783560454845428
CATACCAAACAAGCTA,0.0956881046295166,0.05940709263086319,0.0967932939529419,0.02696285955607891,0.029179217293858528,0.16582520306110382
CATACCAAACACAGAA,0.25266772508621216,0.1055835410952568,0.5447630286216736,0.19159173965454102,0.09584158658981323,0.09521669149398804
CATACCAAACAGCAGA,0.2537665367126465,0.04161691665649414,0.47599974274635315,0.28959277272224426,0.18397191166877747,0.27326321601867676
CATACCAAACATTGGC,0.09123291820287704,0.0367334745824337,0.13665731251239777,0.049129635095596313,0.026711247861385345,0.025462230667471886
CATACCAAACCACTGT,0.15229633450508118,0.07219599932432175,0.040908582508563995,0.1356191635131836,0.06944940239191055,0.03150852397084236
CATACCAAACCTCCAA,0.1991875022649765,0.049262259155511856,0.06564530730247498,0.09920034557580948,0.082588329911232,0.049880314618349075
CATACCAAACGCTCGA,0.18076206743717194,0.027971578761935234,0.15767531096935272,0.06329347938299179,0.07653353363275528,0.026634439826011658
CATACCAAACGTATCA,0.21207992732524872,0.03286619856953621,0.1356680989265442,0.0304745901376009,0.02451084926724434,0.06621958315372467
CATACCAAACTATGCA,0.2888367772102356,0.10245965421199799,0.18280932307243347,0.289142906665802,0.09218013286590576,0.09174919128417969
CATACCAAAGAGTCAA,0.32636895775794983,0.06538716703653336,0.4591861069202423,0.27449831366539,0.18089017271995544,0.16285340487957
CATACCAAAGATCGCA,0.06308604776859283,0.0458153635263443,0.6771625876426697,0.06422312557697296,0.07430905103683472,0.1474165916442871
CATACCAAAGCAGGAA,0.27099621295928955,0.12007599323987961,0.4947293996810913,0.14750638604164124,0.12759974598884583,0.05661516636610031
CATACCAAAGTACAAG,0.04368674382567406,0.06784840673208237,0.0581686869263649,0.06783042103052139,0.020376741886138916,0.0478045754134655
CATACCAAAGTCACTA,0.32691696286201477,0.048616375774145126,1.0506199598312378,0.1090264841914177,0.3221403658390045,0.11012478172779083
CATACCAAAGTGGTCA,0.02093985490500927,0.026630034670233727,0.03505994379520416,0.013618173077702522,0.009884217754006386,0.03889590874314308
CATACCAAATCCTGTA,0.08931152522563934,0.061839014291763306,0.7684412598609924,0.04262910410761833,0.0679505243897438,0.1991836428642273
CATACCAAATGCCTAA,0.14408761262893677,0.07166009396314621,0.18933337926864624,0.702511191368103,0.04848228767514229,0.12128571420907974
CATACCAAATTGAGGA,0.125886470079422,0.06243095174431801,0.7647897005081177,0.2198743224143982,0.23829807341098785,0.03380104899406433
CATACCAACAACCACA,0.13235987722873688,0.05918056517839432,0.18253567814826965,0.11100387573242188,0.10896743834018707,0.04422902315855026
CATACCAACAAGACTA,0.04695647582411766,0.04194651544094086,0.4204760789871216,0.5399662256240845,0.06422341614961624,0.07743144035339355
CATACCAACAATGGAA,0.24476034939289093,0.1607406586408615,0.28804755210876465,0.21546410024166107,0.039242710918188095,0.502743124961853
CATACCAACACTTCGA,0.05086108297109604,0.029237935319542885,0.1392228603363037,0.2676946222782135,0.12480989098548889,0.05192846804857254
CATACCAACAGATCTG,0.08251798897981644,0.03811926022171974,0.1975538432598114,0.06207941472530365,0.04599718749523163,0.15395230054855347
CATACCAACAGCGTTA,0.08508072048425674,0.04923804849386215,0.6618576645851135,0.21041837334632874,0.06497541069984436,0.17197294533252716
CATACCAACATACCAA,0.049097999930381775,0.036894235759973526,0.23648063838481903,0.3277361989021301,0.10203827917575836,0.07056857645511627
CATACCAACATCAAGT,0.12701407074928284,0.12456344813108444,0.13776113092899323,0.2616133689880371,0.0905209556221962,0.1806728094816208
CATACCAACCAGTTCA,0.11396058648824692,0.10492420941591263,0.05136089026927948,0.21872015297412872,0.0633837878704071,0.13258835673332214
CATACCAACCGAAGTA,0.2664436399936676,0.06976180523633957,0.20783698558807373,0.16590967774391174,0.10424406081438065,0.33377155661582947
CATACCAACCGTGAGA,0.17576824128627777,0.06164034083485603,0.3712824583053589,0.41988039016723633,0.3855234384536743,0.2214786261320114
CATACCAACCTCCTGA,0.10606589913368225,0.1282900720834732,0.8764744997024536,0.04073908179998398,0.08717512339353561,0.2977584898471832
CATACCAACGAACTTA,0.14932645857334137,0.07954912632703781,0.7135411500930786,0.32899415493011475,0.25359460711479187,0.1577703356742859
CATACCAACGACTGGA,0.06175457313656807,0.04491779953241348,0.40557655692100525,0.11062424629926682,0.14247435331344604,0.11887318640947342
CATACCAACGCATACA,0.0355248898267746,0.035778190940618515,0.34331274032592773,0.06564172357320786,0.045431021600961685,0.03100769966840744
CATACCAACGCTGATC,0.24856795370578766,0.040475666522979736,0.03368630260229111,0.12509441375732422,0.08513060957193375,0.07583846896886826
CATACCAACTCAATGA,0.08085045963525772,0.14925402402877808,0.42342904210090637,0.2159753292798996,0.035700585693120956,0.4312850534915924
CATACCAACTGAGCCA,0.05063004419207573,0.02281424030661583,0.010468841530382633,0.04100681096315384,0.009812668897211552,0.010974647477269173
CATACCAACTGGCATA,0.060232214629650116,0.033319056034088135,0.5883893370628357,0.09962918609380722,0.09133478999137878,0.06164846569299698
CATACCAACTGTAGCC,0.10881060361862183,0.03556409478187561,0.11119090765714645,0.019473012536764145,0.03745511919260025,0.023778200149536133
CATACCAAGAATCTGA,0.0412752665579319,0.035824503749608994,0.28506937623023987,0.2753656208515167,0.03484601527452469,0.14892536401748657
CATACCAAGACTAGTA,0.0625533014535904,0.05447721481323242,0.6620239615440369,0.12092217057943344,0.07301085442304611,0.1352154165506363
CATACCAAGAGCTGAA,0.05594036355614662,0.02722725085914135,0.03301694616675377,0.20966468751430511,0.021205222234129906,0.042423613369464874
CATACCAAGATAGACA,0.13146457076072693,0.08094672113656998,0.41702336072921753,0.539147138595581,0.08495441824197769,0.1253872960805893
CATACCAAGCCACATA,0.14055806398391724,0.08030595630407333,0.11891457438468933,0.8914222121238708,0.13514074683189392,0.04201287403702736
CATCAAGTAAACATCG,0.07056701928377151,0.0665745958685875,0.03006880171597004,0.5663397312164307,0.02839362621307373,0.1421876847743988
CATCAAGTAACAACCA,0.313320517539978,0.10733500123023987,0.5644415616989136,0.3912526071071625,0.1709311455488205,0.12266478687524796
CATCAAGTAACCGAGA,0.41987520456314087,0.035551827400922775,0.04871327057480812,0.04731578007340431,0.08912967145442963,0.0793401226401329
CATCAAGTAACGCTTA,0.11104657500982285,0.06826251745223999,0.07061438262462616,0.017635038122534752,0.025600776076316833,0.049860574305057526
CATCAAGTAACGTGAT,0.11048620194196701,0.0700618326663971,0.14870522916316986,0.1631024032831192,0.04553946852684021,0.15420830249786377
CATCAAGTAAGACGGA,0.15579421818256378,0.04066864401102066,0.0632857233285904,0.09653864055871964,0.13678918778896332,0.2017674446105957
CATCAAGTAAGGTACA,0.4549465477466583,0.07368336617946625,1.3980504274368286,0.1439143270254135,0.12109894305467606,0.33614853024482727
CATCAAGTACAAGCTA,0.3223710358142853,0.059541430324316025,0.07029438763856888,0.17129650712013245,0.14096878468990326,0.023876376450061798
CATCAAGTACACAGAA,0.892122745513916,0.4091188311576843,1.1824432611465454,0.7077377438545227,0.8171533942222595,0.28238511085510254
CATCAAGTACAGCAGA,0.8689630627632141,1.5729994773864746,0.9735252261161804,0.72376948595047,0.863808810710907,0.9090442061424255
CATCAAGTACATTGGC,0.43292105197906494,0.13823695480823517,1.308800458908081,0.6165605187416077,0.4017091989517212,0.28718000650405884
CATCAAGTACCACTGT,0.13208085298538208,0.017786256968975067,0.02327042445540428,0.10175918787717819,0.016216786578297615,0.012376491911709309
CATCAAGTACCTCCAA,0.5031689405441284,0.23615622520446777,0.4626304805278778,0.2610108554363251,0.159567728638649,0.8243160843849182
CATCAAGTACGCTCGA,0.31155145168304443,0.08511364459991455,0.3663899898529053,0.08979018032550812,0.3031284213066101,0.582419753074646
CATCAAGTACGTATCA,0.11708711087703705,0.12719981372356415,0.08930277079343796,0.0834343284368515,0.09117057919502258,0.5607451796531677
CATCAAGTACTATGCA,0.2501254975795746,0.04835989698767662,0.2895011901855469,0.036043956875801086,0.15812113881111145,0.132284477353096
CATCAAGTAGAGTCAA,0.10510360449552536,0.07136640697717667,0.6449187994003296,0.4354606866836548,0.10550251603126526,0.22310557961463928
CATCAAGTAGATCGCA,0.05330870300531387,0.049337416887283325,0.03443474322557449,0.07080694288015366,0.05510087311267853,0.1386689841747284
CATCAAGTAGCAGGAA,0.04670490324497223,0.032874397933483124,0.11088886111974716,0.021750887855887413,0.03553767129778862,0.12802566587924957
CATCAAGTAGTACAAG,0.24950039386749268,0.05962565913796425,0.4164963662624359,0.10088576376438141,0.10112255066633224,0.6026669144630432
CATCAAGTAGTCACTA,0.04522264748811722,0.02888469211757183,0.24737222492694855,0.06739996373653412,0.07357925921678543,0.20312650501728058
CATCAAGTAGTGGTCA,0.17247702181339264,0.05163247510790825,0.2739672064781189,0.10059909522533417,0.16010691225528717,0.021386737003922462
CATCAAGTATCCTGTA,0.05398987978696823,0.05213123559951782,0.1007692739367485,0.040865711867809296,0.028155436739325523,0.1505853682756424
CATCAAGTATGCCTAA,0.5312280058860779,0.07370321452617645,0.6791247129440308,0.6530315279960632,0.5175231099128723,0.456583708524704
CATCAAGTATTGAGGA,0.052356988191604614,0.11380601674318314,0.09598510712385178,0.06655954569578171,0.05488019809126854,0.04969891533255577
CATCAAGTCAACCACA,0.040808986872434616,0.035986002534627914,0.06349218636751175,0.04730948433279991,0.03112560138106346,0.049502547830343246
CATCAAGTCAAGACTA,0.06077294051647186,0.11547853797674179,0.15220724046230316,0.8601371049880981,0.1755620390176773,0.12511023879051208
CATCAAGTCAATGGAA,0.03884124383330345,0.06105751171708107,0.07949275523424149,0.08387879282236099,0.0592193678021431,0.025182923302054405
CATCAAGTCACTTCGA,0.07600856572389603,0.05444223806262016,0.20754188299179077,0.15834325551986694,0.09005580097436905,0.11414827406406403
CATCAAGTCAGATCTG,0.6373945474624634,0.3909275233745575,0.7025464177131653,0.8202270865440369,0.43897315859794617,0.8968810439109802
CATCAAGTCAGCGTTA,0.14676536619663239,0.09575125575065613,0.5904764533042908,0.2107812464237213,0.25335681438446045,0.16357949376106262
CATCAAGTCATACCAA,0.8190414309501648,0.18195496499538422,3.6260688304901123,0.9730187058448792,0.5445299744606018,1.0675575733184814
CATCAAGTCATCAAGT,0.2544812560081482,0.047292206436395645,0.16046831011772156,0.12649238109588623,0.45987725257873535,0.08856166154146194
CATCAAGTCCAGTTCA,0.19858719408512115,0.09307878464460373,1.3560740947723389,0.34123116731643677,1.6679950952529907,0.08602610975503922
CATCAAGTCCGAAGTA,0.09308619797229767,0.07829298079013824,0.21142901480197906,0.5434646606445312,0.16537751257419586,0.3943824768066406
CATCAAGTCCGTGAGA,0.03925735503435135,0.020910030230879784,0.057526495307683945,0.07475746423006058,0.017378464341163635,0.0835941806435585
CATCAAGTCCTCCTGA,0.04276925325393677,0.032727234065532684,0.050951987504959106,0.08111953735351562,0.01807689666748047,0.0478154756128788
CATCAAGTCGAACTTA,0.126789391040802,0.04916195198893547,0.19185198843479156,0.05054154247045517,0.13596156239509583,0.041700731962919235
CATCAAGTCGACTGGA,0.11050187796354294,0.06704685091972351,0.04672165960073471,0.34514087438583374,0.049200594425201416,0.043053045868873596
CATCAAGTCGCATACA,0.08781889826059341,0.04154011234641075,0.16555975377559662,0.15575091540813446,0.03276422247290611,0.025264257565140724
CATCAAGTCGCTGATC,0.11336208134889603,0.024013590067625046,0.024381382390856743,0.022278575226664543,0.014161238446831703,0.03973284363746643
CATCAAGTCTCAATGA,0.07104209065437317,0.1193070113658905,0.11510319262742996,0.17671827971935272,0.14882729947566986,0.08712848275899887
CATCAAGTCTGAGCCA,0.05135941132903099,0.030071740970015526,0.11776554584503174,0.217446967959404,0.038157302886247635,0.04048885777592659
CATCAAGTCTGGCATA,0.07428576052188873,0.040291495621204376,1.0830086469650269,0.29034313559532166,0.11325772106647491,0.6012643575668335
CATCAAGTCTGTAGCC,0.30662256479263306,0.04469665139913559,0.11457502841949463,0.04279302805662155,0.0332779586315155,0.7052343487739563
CATCAAGTGAATCTGA,0.07572358846664429,0.0474291630089283,0.11525055021047592,0.1624821126461029,0.05991946905851364,0.05111443251371384
CATCAAGTGACTAGTA,0.053878430277109146,0.036232441663742065,0.04078936576843262,0.060662053525447845,0.014483624137938023,0.016251280903816223
CATCAAGTGAGCTGAA,0.16282238066196442,0.06098315492272377,0.16606387495994568,0.1080300584435463,0.05449819564819336,0.17321208119392395
CATCAAGTGATAGACA,0.6481735706329346,0.07197441160678864,0.4125886559486389,0.4833168387413025,0.04835406318306923,0.7231649160385132
CATCAAGTGCCACATA,1.3146142959594727,0.1695178598165512,0.9176063537597656,0.7400329113006592,0.11503710597753525,1.0041067600250244
CCAGTTCAAAACATCG,0.0321214459836483,0.019655635580420494,0.3733660876750946,0.2909521460533142,0.02535981498658657,0.09038351476192474
CCAGTTCAAACAACCA,0.11936018615961075,0.041601043194532394,0.13523322343826294,0.22868166863918304,0.12389785796403885,0.19050100445747375
CCAGTTCAAACCGAGA,0.7742471694946289,0.673549234867096,0.18487054109573364,0.40298259258270264,0.3429523706436157,0.4559457302093506
CCAGTTCAAACGCTTA,0.9722158312797546,1.1763932704925537,1.5535845756530762,0.7836560606956482,0.6927989721298218,0.6262362599372864
CCAGTTCAAACGTGAT,0.24586285650730133,0.12188016623258591,0.18500666320323944,0.17938578128814697,0.03638755530118942,0.06764945387840271
CCAGTTCAAAGACGGA,0.3343021869659424,0.14684778451919556,1.389364242553711,0.25936391949653625,0.3246760666370392,0.253147691488266
CCAGTTCAAAGGTACA,0.5211785435676575,0.11167444288730621,0.08640056103467941,0.2146037071943283,0.04679713398218155,0.19701915979385376
CCAGTTCAACAAGCTA,0.07888269424438477,0.03130009025335312,0.04166734963655472,0.0370958149433136,0.040038853883743286,0.07810455560684204
CCAGTTCAACACAGAA,0.25498855113983154,0.05463024228811264,0.6173191666603088,0.06465575844049454,0.042667895555496216,0.056001558899879456
CCAGTTCAACAGCAGA,0.4972594976425171,0.0577908419072628,0.17747032642364502,0.22426193952560425,0.08063535392284393,0.45139285922050476
CCAGTTCAACATTGGC,0.1438477784395218,0.07069054991006851,0.029688313603401184,0.24307115375995636,0.018062774091959,0.024262676015496254
CCAGTTCAACCACTGT,0.04667980968952179,0.0288021769374609,0.017022687941789627,0.10023626685142517,0.012272813357412815,0.06959976255893707
CCAGTTCAACCTCCAA,0.5397313833236694,0.05567551404237747,0.46547356247901917,0.28399914503097534,0.10882570594549179,0.20531675219535828
CCAGTTCAACGCTCGA,0.6764062643051147,0.05356210097670555,0.2882252335548401,0.05072430148720741,0.030407650396227837,0.22621221840381622
CCAGTTCAACGTATCA,0.31058698892593384,0.03325476869940758,0.07347288727760315,0.08209972083568573,0.017813263460993767,0.09487082064151764
CCAGTTCAACTATGCA,0.4366797208786011,0.23773114383220673,2.003066062927246,0.6475570797920227,0.9342080354690552,0.5132700800895691
CCAGTTCAAGAGTCAA,0.2800617516040802,0.03480876609683037,0.12294789403676987,0.2104123830795288,0.08852212876081467,0.23336996138095856
CCAGTTCAAGATCGCA,0.11823667585849762,0.027232080698013306,0.019967438653111458,0.1449487805366516,0.054644834250211716,0.04689769074320793
CCAGTTCAAGCAGGAA,0.11648056656122208,0.04172632470726967,0.10345974564552307,0.021346304565668106,0.01386503130197525,0.03204832226037979
CCAGTTCAAGTACAAG,0.03822987899184227,0.01904374733567238,0.11710913479328156,0.08211632072925568,0.043368373066186905,0.047587208449840546
CCAGTTCAAGTCACTA,0.47394025325775146,0.12420876324176788,0.2000487893819809,0.18440517783164978,0.10139420628547668,0.3041277229785919
CCAGTTCAAGTGGTCA,0.030335869640111923,0.027826698496937752,0.024938680231571198,0.03971034660935402,0.015769176185131073,0.025630494579672813
CCAGTTCAATCCTGTA,0.4403926730155945,0.5570156574249268,0.2712390720844269,0.2289581298828125,0.06676997244358063,0.726409912109375
CCAGTTCAATGCCTAA,0.08308190852403641,0.07604655623435974,0.0863473042845726,0.04868752881884575,0.34246134757995605,0.15934093296527863
CCAGTTCAATTGAGGA,0.467222660779953,0.06592590361833572,0.9825605154037476,0.13473954796791077,0.18914282321929932,0.2854391634464264
CCAGTTCACAACCACA,0.5172953605651855,0.17288580536842346,0.97884202003479,0.24956485629081726,0.20653127133846283,1.407961368560791
CCAGTTCACAAGACTA,0.07119578123092651,0.046539898961782455,0.1389721781015396,0.07871697098016739,0.10154421627521515,0.05679865926504135
CCAGTTCACAATGGAA,0.2325575351715088,0.06235462427139282,0.13072912395000458,0.026259461417794228,0.024720976129174232,0.06737217307090759
CCAGTTCACACTTCGA,0.13562865555286407,0.02927570790052414,0.09392347931861877,0.01769896224141121,0.016186216846108437,0.10518891364336014
CCAGTTCACAGATCTG,0.3375033438205719,0.09037893265485764,0.45995476841926575,0.5901097059249878,0.27395591139793396,0.8228673934936523
CCAGTTCACAGCGTTA,0.27414557337760925,0.1180255264043808,1.4419069290161133,0.1395414173603058,0.07426918298006058,0.1118449941277504
CCAGTTCACATACCAA,0.04692264646291733,0.05258956179022789,0.3016347885131836,0.12438109517097473,0.03706657513976097,0.3209387958049774
CCAGTTCACATCAAGT,0.2202480584383011,0.12627017498016357,0.48609092831611633,1.5179895162582397,0.14533106982707977,0.1411125808954239
CCAGTTCACCAGTTCA,0.07697335630655289,0.06243661046028137,1.2727586030960083,0.1445871889591217,0.05539185553789139,0.15281620621681213
CCAGTTCACCGAAGTA,0.06078590825200081,0.08540932834148407,0.026575513184070587,0.41001996397972107,0.024934833869338036,0.3134060502052307
CCAGTTCACCGTGAGA,0.15979816019535065,0.05937813222408295,0.8218579292297363,0.2984851598739624,0.0888507291674614,0.0717097818851471
CCAGTTCACCTCCTGA,0.07600940018892288,0.023263929411768913,0.08333522081375122,0.0186126921325922,0.023499051108956337,0.026317281648516655
CCAGTTCACGAACTTA,0.19781550765037537,0.05231533944606781,0.2660232186317444,0.1492636501789093,0.07387152314186096,0.4565449059009552
CCAGTTCACGACTGGA,0.11155623197555542,0.03089824877679348,0.021255210041999817,0.12073595821857452,0.022944839671254158,0.33238041400909424
CCAGTTCACGCATACA,0.07788024842739105,0.030717376619577408,0.06730324774980545,0.03147120028734207,0.021963290870189667,0.1433900147676468
CCAGTTCACGCTGATC,0.09644423425197601,0.052374791353940964,0.017736058682203293,0.07781105488538742,0.0435754768550396,0.02437945269048214
CCAGTTCACTCAATGA,0.05012919753789902,0.03230128437280655,0.14586549997329712,0.41848456859588623,0.03340621665120125,0.06294926255941391
CCAGTTCACTGAGCCA,0.04067489132285118,0.05252877250313759,0.11440517753362656,1.163684368133545,0.3644181489944458,0.11808590590953827
CCAGTTCACTGGCATA,0.1131274625658989,0.03614746034145355,0.4857223927974701,0.28429996967315674,0.10640029609203339,0.11065218597650528
CCAGTTCACTGTAGCC,0.10583173483610153,0.027628177776932716,0.22256073355674744,0.07594871520996094,0.039966702461242676,0.2364402711391449
CCAGTTCAGAATCTGA,0.0556003637611866,0.08157533407211304,0.06921140849590302,0.03305770084261894,0.03271571919322014,0.11224931478500366
CCAGTTCAGACTAGTA,0.16768401861190796,0.04753759875893593,0.39708685874938965,0.15367834270000458,0.1094365194439888,0.047601211816072464
CCAGTTCAGAGCTGAA,0.06042331084609032,0.03262327238917351,0.1320597529411316,0.12167738378047943,0.04891698434948921,0.018667684867978096
CCAGTTCAGATAGACA,0.22261038422584534,0.09152919799089432,0.16307750344276428,1.6420471668243408,0.09191570430994034,0.2439970225095749
CCAGTTCAGCCACATA,0.02941805310547352,0.02331039495766163,0.6745490431785583,0.02636939287185669,0.01960989646613598,0.026904495432972908
CCGAAGTAAAACATCG,0.16235093772411346,0.06673667579889297,0.08930835127830505,0.3732341527938843,0.1372166872024536,0.07364200800657272
CCGAAGTAAACAACCA,0.307105153799057,0.05540182441473007,0.8113288283348083,0.08602283149957657,0.1188635528087616,0.01887943595647812
CCGAAGTAAACCGAGA,0.48443955183029175,0.31748080253601074,0.1257181614637375,0.49430012702941895,0.2757739722728729,0.3574945330619812
CCGAAGTAAACGCTTA,1.8448888063430786,1.4181960821151733,0.8088980317115784,1.3134448528289795,0.46946918964385986,1.7853480577468872
CCGAAGTAAACGTGAT,0.1647673398256302,0.05794007331132889,0.2940541207790375,1.0077250003814697,0.1096387580037117,0.09325311332941055
CCGAAGTAAAGACGGA,0.6611290574073792,0.9358617067337036,0.45344990491867065,0.5634307861328125,0.32063716650009155,1.0771816968917847
CCGAAGTAAAGGTACA,0.2100963145494461,0.12880633771419525,0.17404721677303314,0.24617497622966766,0.09481249749660492,0.18349923193454742
CCGAAGTAACAAGCTA,0.07189182192087173,0.03369886428117752,0.10081082582473755,0.20360730588436127,0.04129838943481445,0.022633148357272148
CCGAAGTAACACAGAA,0.9220644235610962,0.10982443392276764,0.8897340297698975,0.40747004747390747,0.39941906929016113,0.4233623445034027
CCGAAGTAACAGCAGA,0.4982657730579376,0.12932467460632324,0.6373299956321716,0.3128121495246887,0.12932337820529938,0.1485729217529297
CCGAAGTAACATTGGC,0.13253086805343628,0.06824340671300888,0.13023076951503754,0.9182615280151367,0.05943505838513374,0.18731804192066193
CCGAAGTAACCACTGT,0.07182993739843369,0.05527937039732933,0.11534897983074188,0.33943378925323486,0.04323291778564453,0.05348244681954384
CCGAAGTAACCTCCAA,1.3410581350326538,0.2891870141029358,0.41339772939682007,0.6096106171607971,0.31214186549186707,0.6256510019302368
CCGAAGTAACGCTCGA,0.5582789182662964,0.14970241487026215,0.14336317777633667,0.3158824145793915,0.04616446793079376,0.46541425585746765
CCGAAGTAACGTATCA,0.26370885968208313,0.035049088299274445,0.06313452869653702,0.08052599430084229,0.12027961760759354,0.020556757226586342
CCGAAGTAACTATGCA,0.11425045877695084,0.03618450090289116,0.15217483043670654,0.08529667556285858,0.02309100702404976,0.041886620223522186
CCGAAGTAAGAGTCAA,0.1970818042755127,0.05666586384177208,0.03221169486641884,0.05552210658788681,0.08299040049314499,0.24881409108638763
CCGAAGTAAGATCGCA,0.07080511748790741,0.03344466909766197,0.03871139883995056,0.0817841961979866,0.04306105524301529,0.047942936420440674
CCGAAGTAAGCAGGAA,0.18947039544582367,0.01922738179564476,0.022774163633584976,0.051084376871585846,0.06463921815156937,0.07604274898767471
CCGAAGTAAGTACAAG,0.47871264815330505,0.06495756655931473,0.1919330656528473,0.2503747344017029,0.4144038259983063,0.08850135654211044
CCGAAGTAAGTCACTA,0.5103704333305359,0.09600604325532913,0.6368632912635803,0.3918647766113281,0.22888624668121338,0.690377414226532
CCGAAGTAAGTGGTCA,0.08145289868116379,0.03815223649144173,0.04187134653329849,0.15245220065116882,0.027523832395672798,0.06266982853412628
CCGAAGTAATCCTGTA,0.5784223079681396,0.0676458552479744,0.5287100672721863,0.1469394862651825,0.14508913457393646,0.12742479145526886
CCGAAGTAATGCCTAA,0.2937481105327606,0.054004669189453125,0.11573396623134613,0.06379779428243637,0.06989152729511261,0.0335887111723423
CCGAAGTAATTGAGGA,0.0992203801870346,0.03286563605070114,0.4669858515262604,0.17067834734916687,0.05429573357105255,0.1765318512916565
CCGAAGTACAACCACA,0.22505365312099457,0.14925870299339294,0.27354109287261963,0.3250460922718048,0.10356657207012177,0.43112891912460327
CCGAAGTACAAGACTA,0.11591503024101257,0.06252887845039368,0.7566442489624023,1.86356782913208,0.07536224275827408,0.07483185827732086
CCGAAGTACAATGGAA,0.2611571252346039,0.07799074798822403,0.9636697173118591,0.14516709744930267,0.11683705449104309,0.20254413783550262
CCGAAGTACACTTCGA,0.45754459500312805,0.053301431238651276,0.21647486090660095,0.21795597672462463,0.045585982501506805,0.23503592610359192
CCGAAGTACAGATCTG,0.3608808219432831,0.25787490606307983,1.2476027011871338,1.3030859231948853,0.5489341616630554,1.9073982238769531
CCGAAGTACAGCGTTA,0.19580510258674622,0.12841899693012238,1.1477739810943604,0.4833725094795227,0.48525798320770264,0.18045026063919067
CCGAAGTACATACCAA,0.2437131255865097,0.11690042167901993,0.4141130745410919,0.1934988796710968,0.16742737591266632,0.4646044969558716
CCGAAGTACATCAAGT,0.17077691853046417,0.049786463379859924,0.1280575841665268,0.7293704748153687,0.06864001601934433,0.6106467843055725
CCGAAGTACCAGTTCA,0.07398298382759094,0.03443985804915428,0.42543014883995056,0.21792253851890564,0.07366544753313065,0.11376233398914337
CCGAAGTACCGAAGTA,0.15754225850105286,0.05279924347996712,0.12905560433864594,0.13622282445430756,0.051178671419620514,0.37689003348350525
CCGAAGTACCGTGAGA,0.13127215206623077,0.034495897591114044,0.2302599996328354,0.05010608956217766,0.03808028623461723,0.07717607915401459
CCGAAGTACCTCCTGA,0.20030035078525543,0.06275245547294617,0.12870828807353973,1.0305943489074707,0.3360876441001892,0.2435367852449417
CCGAAGTACGAACTTA,0.18661560118198395,0.06264960020780563,0.9817906618118286,0.4988684058189392,0.21966220438480377,0.9506759643554688
CCGAAGTACGACTGGA,0.1267150491476059,0.05028689652681351,0.49774909019470215,0.2458460032939911,0.1224193423986435,0.17596504092216492
CCGAAGTACGCATACA,0.07871305197477341,0.28437966108322144,2.1199254989624023,0.07481797784566879,0.3149593770503998,0.1810394674539566
CCGAAGTACGCTGATC,0.1666339933872223,0.09985826909542084,0.04469075798988342,1.4072073698043823,0.24894031882286072,0.04801572486758232
CCGAAGTACTCAATGA,0.12905259430408478,0.10244707763195038,0.13402798771858215,0.4904751479625702,0.33302655816078186,0.20696614682674408
CCGAAGTACTGAGCCA,0.09203077852725983,0.04809745028614998,0.4485712945461273,0.7920560240745544,0.0721539780497551,0.08394278585910797
CCGAAGTACTGGCATA,0.11660777777433395,0.05718176066875458,0.15222106873989105,0.5861817002296448,0.05849961191415787,0.10667464882135391
CCGAAGTACTGTAGCC,0.27067410945892334,0.034370988607406616,0.08110414445400238,0.20687448978424072,0.020196108147501945,0.15504196286201477
CCGAAGTAGAATCTGA,0.11030073463916779,0.12289080023765564,0.820102334022522,0.9942157864570618,0.42892247438430786,0.03833603858947754
CCGAAGTAGACTAGTA,0.15631818771362305,0.054911598563194275,0.04266134649515152,0.1061510294675827,0.07191766053438187,0.1304553896188736
CCGAAGTAGAGCTGAA,0.5371443033218384,0.07191091775894165,0.811884880065918,0.3693530559539795,0.07321613281965256,0.17713436484336853
CCGAAGTAGATAGACA,0.20189811289310455,0.05216741934418678,0.13791781663894653,0.7399201393127441,0.033394426107406616,0.07941258698701859
CCGAAGTAGCCACATA,0.1524066925048828,0.03426704928278923,0.026847070083022118,0.361481636762619,0.02443215250968933,0.05822620168328285
CCGTGAGAAAACATCG,0.09525108337402344,0.030397770926356316,0.03365486487746239,0.13406646251678467,0.023287713527679443,0.07476535439491272
CCGTGAGAAACAACCA,0.5165131092071533,0.08757499605417252,1.6349488496780396,0.6672598719596863,0.23535507917404175,0.1437445431947708
CCGTGAGAAACCGAGA,0.8294156193733215,0.088180772960186,0.5085505247116089,0.18116335570812225,0.039601538330316544,0.09729984402656555
CCGTGAGAAACGCTTA,1.307227611541748,1.80526864528656,0.2628377079963684,1.3112586736679077,0.5513030290603638,0.872671902179718
CCGTGAGAAACGTGAT,0.15006041526794434,0.04894918203353882,0.12168055772781372,0.10877945274114609,0.03443513810634613,0.024362478405237198
CCGTGAGAAAGACGGA,0.8439817428588867,1.389631986618042,0.515442967414856,1.484876036643982,0.48719653487205505,0.8631967902183533
CCGTGAGAAAGGTACA,0.42323967814445496,0.07491572201251984,1.4832550287246704,0.6081698536872864,0.32967251539230347,0.5689345002174377
CCGTGAGAACAAGCTA,0.10079199820756912,0.18784770369529724,0.27899888157844543,0.23493310809135437,0.05820092931389809,0.1139468178153038
CCGTGAGAACACAGAA,0.17418162524700165,0.13005585968494415,1.216300129890442,0.28928816318511963,0.0667254626750946,0.31143224239349365
CCGTGAGAACAGCAGA,0.48354846239089966,0.1928771585226059,1.7266385555267334,0.6121610403060913,0.2864346504211426,0.2094700038433075
CCGTGAGAACATTGGC,0.21371303498744965,0.060685403645038605,0.14325407147407532,0.09187787026166916,0.11370645463466644,0.12066209316253662
CCGTGAGAACCACTGT,0.07096381485462189,0.06909242272377014,0.0837065801024437,0.6608622670173645,0.1593848168849945,0.21010944247245789
CCGTGAGAACCTCCAA,1.0619202852249146,0.10722417384386063,0.4315667450428009,0.30714330077171326,0.09905211627483368,0.6631033420562744
CCGTGAGAACGCTCGA,1.1353716850280762,0.08342752605676651,0.48976075649261475,0.4910161793231964,0.39379313588142395,0.353504478931427
CCGTGAGAACGTATCA,1.3550610542297363,0.5205113887786865,2.8308017253875732,0.9653030633926392,0.302662193775177,0.47609272599220276
CCGTGAGAACTATGCA,0.5047172904014587,0.049571603536605835,0.7574610114097595,0.1900605410337448,0.05135035142302513,0.06517372280359268
CCGTGAGAAGAGTCAA,0.3636140823364258,0.13952328264713287,0.22895154356956482,0.28724926710128784,0.06505519151687622,0.133708655834198
CCGTGAGAAGATCGCA,0.24005945026874542,0.0234362855553627,0.0564039908349514,0.06920426338911057,0.08016913384199142,0.07177936285734177
CCGTGAGAAGCAGGAA,0.15865297615528107,0.07252271473407745,0.1987277716398239,0.05053681880235672,0.13030441105365753,0.3814731240272522
CCGTGAGAAGTACAAG,0.5610828995704651,0.043630003929138184,0.16793294250965118,0.40842121839523315,0.05575013533234596,0.1513068974018097
CCGTGAGAAGTCACTA,0.44587695598602295,0.06317668408155441,1.0774778127670288,0.38246896862983704,0.0484248511493206,0.04647606611251831
CCGTGAGAAGTGGTCA,0.036846838891506195,0.03171820566058159,0.03149307519197464,0.12369661778211594,0.0251864455640316,0.0452120266854763
CCGTGAGAATCCTGTA,0.2140074074268341,0.08791742473840714,1.8249154090881348,0.89019775390625,0.19758851826190948,0.4015583097934723
CCGTGAGAATGCCTAA,0.0894845724105835,0.08231323957443237,0.11629357188940048,0.7456821799278259,0.20422762632369995,0.01861938275396824
CCGTGAGAATTGAGGA,0.29328081011772156,0.12498769909143448,1.7506455183029175,0.29917171597480774,0.6118164658546448,0.21672646701335907
CCGTGAGACAACCACA,0.6527049541473389,0.11914515495300293,0.7397170066833496,0.3655599057674408,0.35734838247299194,0.24943067133426666
CCGTGAGACAAGACTA,0.6773421764373779,0.13026511669158936,0.5581973791122437,1.1815266609191895,0.18051564693450928,0.5562853217124939
CCGTGAGACAATGGAA,0.35845446586608887,0.21877938508987427,1.2764140367507935,0.15757036209106445,0.15086697041988373,0.31663891673088074
CCGTGAGACACTTCGA,0.19126400351524353,0.18835040926933289,0.7061079740524292,0.3068608343601227,0.1529085785150528,0.1729520857334137
CCGTGAGACAGATCTG,0.16193008422851562,0.09882068634033203,0.3360801041126251,0.2192230075597763,0.3976830244064331,0.31209254264831543
CCGTGAGACAGCGTTA,0.18386416137218475,0.04988239333033562,1.525743007659912,0.2708835303783417,0.33196499943733215,0.15699104964733124
CCGTGAGACATACCAA,0.1589939147233963,0.05798390507698059,0.0378359854221344,0.06867910176515579,0.03451845422387123,0.1344006508588791
CCGTGAGACATCAAGT,0.3758837878704071,0.15588578581809998,1.379276156425476,1.436607837677002,0.0596902072429657,0.26225745677948
CCGTGAGACCAGTTCA,0.12352235615253448,0.0326044075191021,0.21609094738960266,0.23179814219474792,0.05212835222482681,0.24166987836360931
CCGTGAGACCGAAGTA,0.1635165512561798,0.05319797620177269,0.17137449979782104,0.16141057014465332,0.1304987221956253,0.5067690014839172
CCGTGAGACCGTGAGA,0.1394151747226715,0.03604670614004135,0.18029950559139252,0.2957230508327484,0.07098057866096497,0.09799302369356155
CCGTGAGACCTCCTGA,0.24208964407444,0.10099011659622192,0.20243477821350098,0.22946539521217346,0.07996466755867004,0.3648114502429962
CCGTGAGACGAACTTA,0.49005115032196045,0.1680324226617813,1.6075612306594849,0.6075237989425659,0.3990447223186493,0.6961163878440857
CCGTGAGACGACTGGA,0.21010859310626984,0.10143504291772842,0.11308363825082779,0.19632795453071594,0.09672080725431442,0.07997708022594452
CCGTGAGACGCATACA,0.2485891729593277,0.06676682084798813,1.322309970855713,0.1332540512084961,0.1858842819929123,0.0583665557205677
CCGTGAGACGCTGATC,0.13220848143100739,0.09646152704954147,0.15639758110046387,0.48666033148765564,0.06516626477241516,0.1386113166809082
CCGTGAGACTCAATGA,0.09423693269491196,0.041744474321603775,0.051547639071941376,0.29479676485061646,0.05194270610809326,0.023821448907256126
CCGTGAGACTGAGCCA,0.10573460906744003,0.05787447839975357,0.7211243510246277,0.14633657038211823,0.032341159880161285,0.20019617676734924
CCGTGAGACTGGCATA,0.11966019123792648,0.05136136710643768,1.2720423936843872,0.33401843905448914,0.12356144934892654,0.5639762878417969
CCGTGAGACTGTAGCC,0.13867342472076416,0.047381751239299774,0.0904705822467804,0.20641690492630005,0.06328585743904114,0.06438394635915756
CCGTGAGAGAATCTGA,0.09022694826126099,0.0582868829369545,0.5260699987411499,0.05128398537635803,0.10334867984056473,0.06910911202430725
CCGTGAGAGACTAGTA,0.13479503989219666,0.04701374098658562,0.6951978206634521,0.17939817905426025,0.13455195724964142,0.0968819260597229
CCGTGAGAGAGCTGAA,0.4310658872127533,0.045750491321086884,0.6625635027885437,0.14946429431438446,0.0634271427989006,0.05914437025785446
CCGTGAGAGATAGACA,0.2477445900440216,0.0500292144715786,0.2179335206747055,0.20208564400672913,0.032709334045648575,0.048848435282707214
CCGTGAGAGCCACATA,0.07588063925504684,0.045715395361185074,0.13842196762561798,0.2722049355506897,0.03719335421919823,0.056749507784843445
CCTCCTGAAAACATCG,0.10263968259096146,0.056947819888591766,0.04486202821135521,0.4922093451023102,0.07164261490106583,0.1938750296831131
CCTCCTGAAACAACCA,0.7354170083999634,0.10125191509723663,1.4637559652328491,0.2103908658027649,0.12611816823482513,0.14934319257736206
CCTCCTGAAACCGAGA,0.37538859248161316,0.02994774654507637,0.16511493921279907,0.17414622008800507,0.11762914806604385,0.06868346035480499
CCTCCTGAAACGCTTA,0.5170727372169495,0.7538020610809326,0.9270409941673279,0.34917375445365906,0.3241550922393799,0.429974764585495
CCTCCTGAAACGTGAT,0.2527027130126953,0.10198367387056351,0.13044217228889465,0.9411288499832153,0.7957518100738525,0.2815145254135132
CCTCCTGAAAGACGGA,0.6130599975585938,0.770618736743927,1.14885413646698,0.6937434673309326,0.5674489736557007,0.7191463112831116
CCTCCTGAAAGGTACA,1.1001604795455933,0.21035046875476837,0.8523857593536377,1.0927798748016357,0.9855455160140991,1.8124750852584839
CCTCCTGAACAAGCTA,0.14148716628551483,0.05029582977294922,0.449778288602829,0.26744362711906433,0.15693841874599457,0.03346462920308113
CCTCCTGAACACAGAA,0.24058155715465546,0.10297388583421707,0.4900389015674591,0.31656572222709656,0.14008277654647827,0.47235938906669617
CCTCCTGAACAGCAGA,0.3539596199989319,0.046468984335660934,0.040856048464775085,0.1863691359758377,0.04339363053441048,0.5329139232635498
CCTCCTGAACATTGGC,0.19547003507614136,0.046939048916101456,0.061768755316734314,0.29156577587127686,0.017823798581957817,0.05813755840063095
CCTCCTGAACCACTGT,0.05802066624164581,0.05614010617136955,0.039439231157302856,0.25520530343055725,0.09023383259773254,0.1086505800485611
CCTCCTGAACCTCCAA,0.8220248818397522,0.07691764086484909,0.9767855405807495,0.5533851981163025,0.1502275913953781,0.5381677150726318
CCTCCTGAACGCTCGA,1.2479455471038818,0.08235291391611099,2.016167640686035,0.49904757738113403,0.3800181746482849,0.40755805373191833
CCTCCTGAACGTATCA,0.4915147125720978,0.08016664534807205,0.13147686421871185,0.425991028547287,0.19193176925182343,0.39140769839286804
CCTCCTGAACTATGCA,0.749144971370697,0.08207367360591888,0.6829111576080322,0.4353618025779724,0.12021611630916595,0.1955861896276474
CCTCCTGAAGAGTCAA,0.17736375331878662,0.025325290858745575,0.18264925479888916,0.07659851759672165,0.046670716255903244,0.02451004832983017
CCTCCTGAAGATCGCA,0.3154652416706085,0.12928074598312378,0.9802590608596802,0.0650322213768959,0.23061850666999817,0.15265344083309174
CCTCCTGAAGCAGGAA,0.13073328137397766,0.0644635558128357,0.03865109384059906,0.09165974706411362,0.04147767275571823,0.07294546812772751
CCTCCTGAAGTACAAG,0.5488154292106628,0.10668782144784927,1.5747383832931519,0.8444125652313232,0.17669907212257385,0.11854403465986252
CCTCCTGAAGTCACTA,0.27950331568717957,0.19670280814170837,0.6558650732040405,0.17547106742858887,0.19864590466022491,0.5377587080001831
CCTCCTGAAGTGGTCA,0.02129451185464859,0.01575521193444729,0.033719174563884735,0.015009232796728611,0.0166170634329319,0.051426999270915985
CCTCCTGAATCCTGTA,0.2681786119937897,0.03842053934931755,0.132837176322937,0.09305837005376816,0.13486064970493317,0.10355404019355774
CCTCCTGAATGCCTAA,0.10897403955459595,0.08133583515882492,0.24211040139198303,0.48125916719436646,0.16290444135665894,0.14865891635417938
CCTCCTGAATTGAGGA,0.2467517852783203,0.053932540118694305,0.20697157084941864,0.05342262610793114,0.3542455732822418,0.06181545928120613
CCTCCTGACAACCACA,1.0991324186325073,0.1413477510213852,0.3745412826538086,0.23995263874530792,0.484627366065979,0.5640668869018555
CCTCCTGACAAGACTA,0.5597048401832581,0.03785412386059761,0.35757482051849365,0.959023118019104,0.181890606880188,0.30482158064842224
CCTCCTGACAATGGAA,0.46759602427482605,0.11907649040222168,0.06275907903909683,0.2943786084651947,0.1474534124135971,0.5518684983253479
CCTCCTGACACTTCGA,0.33436164259910583,0.11778414994478226,3.264763355255127,0.9575011134147644,0.39106592535972595,0.311881422996521
CCTCCTGACAGATCTG,0.05359209328889847,0.04622546583414078,0.10774600505828857,0.3278977572917938,0.04124218598008156,0.03936794400215149
CCTCCTGACAGCGTTA,0.2431204617023468,0.07526393234729767,0.09649968892335892,0.11426465213298798,0.023710764944553375,0.03649451583623886
CCTCCTGACATACCAA,0.39704930782318115,0.32328563928604126,0.08764094114303589,0.22071434557437897,0.29328373074531555,0.12364142388105392
CCTCCTGACATCAAGT,0.4281894266605377,0.09066461026668549,2.6487088203430176,0.5194759368896484,0.5367031693458557,0.21610704064369202
CCTCCTGACCAGTTCA,0.16515563428401947,0.06174400821328163,0.4270533621311188,0.7224096655845642,0.317825049161911,0.2620849311351776
CCTCCTGACCGAAGTA,0.08273497968912125,0.0870082825422287,0.870476484298706,0.19062672555446625,0.4245254695415497,0.1452072709798813
CCTCCTGACCGTGAGA,0.12375287711620331,0.034985750913619995,0.6381080746650696,0.2104209065437317,0.09110139310359955,0.13470618426799774
CCTCCTGACCTCCTGA,0.22486133873462677,0.08507323265075684,0.382480263710022,0.4916306138038635,0.053470678627491,0.3827262222766876
CCTCCTGACGAACTTA,0.25437140464782715,0.07142642885446548,0.2534720003604889,0.416254460811615,0.1979268342256546,0.4878493845462799
CCTCCTGACGACTGGA,0.28159472346305847,0.06654421985149384,0.9930418133735657,0.2714254856109619,0.13388493657112122,0.19264882802963257
CCTCCTGACGCATACA,0.09168243408203125,0.0350881926715374,0.047608647495508194,0.08531856536865234,0.0332820750772953,0.033829234540462494
CCTCCTGACGCTGATC,0.23206587135791779,0.05816488713026047,0.05580020323395729,0.6169233918190002,0.11114068329334259,0.11861570179462433
CCTCCTGACTCAATGA,0.5434072613716125,0.15313206613063812,0.5614804625511169,1.5601214170455933,0.1831359714269638,0.17816393077373505
CCTCCTGACTGAGCCA,0.3287254571914673,0.04696980118751526,0.10467202961444855,0.22616475820541382,0.0733628049492836,0.063008613884449
CCTCCTGACTGGCATA,0.10169848054647446,0.06239818409085274,0.03400176018476486,1.077971339225769,0.1604025959968567,0.0389307364821434
CCTCCTGACTGTAGCC,0.15724968910217285,0.09760304540395737,0.7350184917449951,0.7825775146484375,0.10559017956256866,0.02778364159166813
CCTCCTGAGAATCTGA,0.333650678396225,0.046949807554483414,0.18557198345661163,0.2049218714237213,0.0663435086607933,0.025157947093248367
CCTCCTGAGACTAGTA,0.31029263138771057,0.051060959696769714,0.13397598266601562,0.7489758729934692,0.05521339178085327,0.08402498811483383
CCTCCTGAGAGCTGAA,0.4292666018009186,0.06746311485767365,0.21301831305027008,2.308894634246826,0.2637900412082672,0.08288435637950897
CCTCCTGAGATAGACA,0.24253201484680176,0.10111349821090698,0.19302688539028168,0.7794634699821472,0.23898757994174957,0.5164924263954163
CCTCCTGAGCCACATA,0.06081380322575569,0.029522806406021118,0.14462561905384064,0.4920911192893982,0.1991799771785736,0.14980512857437134
CGAACTTAAAACATCG,0.2501235008239746,0.06598949432373047,0.10334466397762299,0.5425861477851868,0.09308342635631561,0.13975316286087036
CGAACTTAAACAACCA,0.18739208579063416,0.034845806658267975,0.1172831803560257,0.18756945431232452,0.1486973613500595,0.051465362310409546
CGAACTTAAACCGAGA,0.3017977178096771,0.03001067414879799,0.5478143692016602,0.2010679692029953,0.048581648617982864,0.05656888708472252
CGAACTTAAACGCTTA,0.08258199691772461,0.05275774374604225,0.027955958619713783,0.1256994605064392,0.08014175295829773,0.1180378794670105
CGAACTTAAACGTGAT,0.17351411283016205,0.03591007739305496,0.9457004070281982,0.39312416315078735,0.048310648649930954,0.11077658087015152
CGAACTTAAAGACGGA,1.2413957118988037,1.9300031661987305,1.3732786178588867,0.5946744680404663,0.5461933016777039,1.5518289804458618
CGAACTTAAAGGTACA,1.5108534097671509,1.826314926147461,1.802042007446289,0.988823413848877,0.7160504460334778,2.0769529342651367
CGAACTTAACAAGCTA,0.14831288158893585,0.03447948396205902,0.08940014988183975,0.09070828557014465,0.019619425758719444,0.02498336136341095
CGAACTTAACACAGAA,0.3102053999900818,0.05793531984090805,0.16580919921398163,0.27459996938705444,0.06274742633104324,0.8211691975593567
CGAACTTAACAGCAGA,0.20697306096553802,0.07362543046474457,0.48272618651390076,0.3850809931755066,0.11388605833053589,0.13021200895309448
CGAACTTAACATTGGC,0.19385765492916107,0.048958417028188705,0.09375559538602829,0.29598763585090637,0.058624908328056335,0.024111898615956306
CGAACTTAACCACTGT,0.09151556342840195,0.03445792943239212,0.20275944471359253,0.2501969039440155,0.05386761575937271,0.12204468995332718
CGAACTTAACCTCCAA,0.053762827068567276,0.05566897243261337,0.07288888096809387,0.09742928296327591,0.13005799055099487,0.1379561871290207
CGAACTTAACGCTCGA,0.5259778499603271,0.11507761478424072,0.29920482635498047,0.43530791997909546,0.23713558912277222,0.2781164348125458
CGAACTTAACGTATCA,0.6820990443229675,0.07515865564346313,0.13344931602478027,0.12626729905605316,0.23757481575012207,0.37848177552223206
CGAACTTAACTATGCA,0.7111350893974304,0.09014581888914108,0.45646071434020996,0.13832877576351166,0.11905093491077423,0.4389771819114685
CGAACTTAAGAGTCAA,0.14397640526294708,0.05639549717307091,0.17707930505275726,0.11655059456825256,0.15539033710956573,0.05706802383065224
CGAACTTAAGATCGCA,0.322441428899765,0.05757289007306099,0.5811850428581238,0.17581140995025635,0.06906794756650925,0.26380470395088196
CGAACTTAAGCAGGAA,0.2470124512910843,0.14256997406482697,1.235105037689209,0.0842132717370987,0.15850181877613068,0.12613852322101593
CGAACTTAAGTACAAG,0.48848405480384827,0.1137324869632721,0.6948720812797546,1.0651776790618896,0.284828782081604,0.4918729364871979
CGAACTTAAGTCACTA,0.43117058277130127,0.07146545499563217,1.7012802362442017,0.21395234763622284,0.18795132637023926,0.06638384610414505
CGAACTTAAGTGGTCA,0.050757814198732376,0.1051056757569313,0.12735916674137115,0.3141680657863617,0.04986285790801048,0.02491404116153717
CGAACTTAATCCTGTA,0.13156196475028992,0.035933490842580795,0.23760277032852173,0.300272136926651,0.07070815563201904,0.12718643248081207
CGAACTTAATGCCTAA,0.11110144853591919,0.038981541991233826,0.0710109993815422,0.2789619266986847,0.05672936886548996,0.05195862427353859
CGAACTTAATTGAGGA,0.3604460656642914,0.0708940252661705,0.08098705112934113,0.27350714802742004,0.22314755618572235,0.18784169852733612
CGAACTTACAACCACA,0.338204026222229,0.10741642862558365,0.2854156792163849,0.057057205587625504,0.05374870449304581,0.21679075062274933
CGAACTTACAAGACTA,0.27553343772888184,0.049257151782512665,0.9405835270881653,0.8271531462669373,0.17292970418930054,0.321560800075531
CGAACTTACAATGGAA,0.2262086123228073,0.09800150245428085,0.5487249493598938,0.556411623954773,0.5115045309066772,0.337750107049942
CGAACTTACACTTCGA,0.2781312167644501,0.09499161690473557,0.10416153073310852,0.24166615307331085,0.16549059748649597,0.7028946876525879
CGAACTTACAGATCTG,0.06421724706888199,0.03163447231054306,0.1422429382801056,0.11755608022212982,0.046980392187833786,0.09677069634199142
CGAACTTACAGCGTTA,0.1275184601545334,0.07578998804092407,0.01576916128396988,0.12949272990226746,0.014527891762554646,0.0878535807132721
CGAACTTACATACCAA,0.10674425959587097,0.04255233332514763,0.026606375351548195,0.18268463015556335,0.06954742223024368,0.0761866420507431
CGAACTTACATCAAGT,0.28281304240226746,0.10326897352933884,2.5651721954345703,0.2866620123386383,0.4463682472705841,0.0845278948545456
CGAACTTACCAGTTCA,0.1432190239429474,0.100967176258564,0.24455896019935608,0.10131078958511353,0.1107998788356781,0.4316919147968292
CGAACTTACCGAAGTA,0.21800270676612854,0.07965397834777832,0.5958176851272583,0.13367493450641632,0.12668022513389587,0.4928944408893585
CGAACTTACCGTGAGA,0.1687978208065033,0.053300708532333374,1.0356038808822632,0.35067787766456604,0.06083216145634651,0.11010025441646576
CGAACTTACCTCCTGA,0.50068199634552,0.12446367740631104,1.3754725456237793,0.35839882493019104,0.4428671896457672,0.7623695135116577
CGAACTTACGAACTTA,0.24611592292785645,0.1833362728357315,0.10864143073558807,0.07786159217357635,0.053520169109106064,0.27811166644096375
CGAACTTACGACTGGA,0.1578189879655838,0.06282880157232285,1.050385594367981,0.14281490445137024,0.13927969336509705,0.17842891812324524
CGAACTTACGCATACA,0.07296587526798248,0.03948335349559784,0.8572070002555847,0.22758707404136658,0.1297164261341095,0.0387440100312233
CGAACTTACGCTGATC,0.08342579752206802,0.06331829726696014,0.1929047852754593,0.6003476977348328,0.09408653527498245,0.1206081360578537
CGAACTTACTCAATGA,0.10659299045801163,0.08762842416763306,0.24065472185611725,0.16003723442554474,0.02583037130534649,0.1303241103887558
CGAACTTACTGAGCCA,0.16971047222614288,0.1168665885925293,1.0886808633804321,0.14516234397888184,0.07213151454925537,0.051736894994974136
CGAACTTACTGGCATA,0.13521352410316467,0.0264741200953722,0.04714213311672211,0.09328461438417435,0.016907943412661552,0.023457398638129234
CGAACTTACTGTAGCC,0.15841762721538544,0.05674248933792114,0.32526350021362305,0.11700908094644547,0.0438019260764122,0.047555677592754364
CGAACTTAGAATCTGA,0.14392206072807312,0.05441749095916748,2.062183380126953,0.12898112833499908,0.2038329690694809,0.35471221804618835
CGAACTTAGACTAGTA,0.07062587887048721,0.021081015467643738,0.01811857707798481,0.12349588423967361,0.019439339637756348,0.02610934153199196
CGAACTTAGAGCTGAA,0.24065884947776794,0.06309762597084045,0.06532610207796097,0.33921360969543457,0.04868665337562561,0.7704966068267822
CGAACTTAGATAGACA,0.2499532401561737,0.0960778072476387,2.05716872215271,0.9682303667068481,0.09681720286607742,0.03867203742265701
CGAACTTAGCCACATA,0.12841908633708954,0.04768282175064087,0.2612563669681549,0.5299760699272156,0.20439554750919342,0.12494628131389618
CGACTGGAAAACATCG,0.21825438737869263,0.10728958249092102,0.11769329756498337,0.8048240542411804,0.057399675250053406,0.09502389281988144
CGACTGGAAACAACCA,0.10401987284421921,0.052404068410396576,0.1447547823190689,0.28188401460647583,0.0913122147321701,0.15157240629196167
CGACTGGAAACCGAGA,0.2729431092739105,0.12652462720870972,0.4436260163784027,0.11936371773481369,0.05721791088581085,0.12070729583501816
CGACTGGAAACGCTTA,0.310960978269577,0.044940561056137085,0.9348995685577393,0.17876093089580536,0.12589414417743683,0.0982331708073616
CGACTGGAAACGTGAT,0.21035043895244598,0.11881683021783829,0.09385427087545395,1.8195695877075195,0.09108840674161911,0.04485300928354263
CGACTGGAAAGACGGA,0.2914425730705261,0.13863308727741241,0.3675478994846344,0.0843258947134018,0.2007381021976471,0.1039014533162117
CGACTGGAAAGGTACA,1.409923791885376,1.5216429233551025,1.8465139865875244,0.47896808385849,1.6358827352523804,0.8119803667068481
CGACTGGAACAAGCTA,0.05770076811313629,0.04576990008354187,0.03481100872159004,0.07635150104761124,0.039743322879076004,0.016257653012871742
CGACTGGAACACAGAA,1.2711858749389648,1.8521965742111206,0.717345118522644,0.8691633939743042,0.43283581733703613,0.9527080655097961
CGACTGGAACAGCAGA,0.3650735914707184,0.5199777483940125,0.6580105423927307,0.4723397195339203,0.5260838270187378,0.25272828340530396
CGACTGGAACATTGGC,0.061245325952768326,0.06130203604698181,0.07615996152162552,0.3845440447330475,0.18388153612613678,0.08049407601356506
CGACTGGAACCACTGT,0.2673756182193756,0.0370522104203701,0.09038246423006058,0.263807475566864,0.045671314001083374,0.04723484069108963
CGACTGGAACCTCCAA,0.4065398871898651,0.20249947905540466,0.20666150748729706,0.10046612471342087,0.3506712317466736,0.11891937255859375
CGACTGGAACGCTCGA,0.4008767306804657,0.033416345715522766,0.08580435067415237,0.13016362488269806,0.055639300495386124,0.04335663840174675
CGACTGGAACGTATCA,0.5128457546234131,0.04918617382645607,1.3615474700927734,0.21480827033519745,0.28905001282691956,0.27252718806266785
CGACTGGAACTATGCA,0.20594818890094757,0.041298940777778625,0.05021267756819725,0.22088120877742767,0.02382955141365528,0.06988672912120819
CGACTGGAAGAGTCAA,0.30641666054725647,0.02834136039018631,0.21671509742736816,0.13647380471229553,0.12504389882087708,0.04222223907709122
CGACTGGAAGATCGCA,0.3632917106151581,0.048659373074769974,0.04523561894893646,0.08380177617073059,0.029607625678181648,0.06391943991184235
CGACTGGAAGCAGGAA,0.2454596608877182,0.14178958535194397,2.189427375793457,0.17143280804157257,0.2004154622554779,0.3361356854438782
CGACTGGAAGTACAAG,0.19580724835395813,0.036847732961177826,0.5800485014915466,0.3947340250015259,0.09030091762542725,0.04829347878694534
CGACTGGAAGTCACTA,0.3507988154888153,0.042184978723526,0.1254710555076599,0.19102095067501068,0.16635790467262268,0.11295674741268158
CGACTGGAAGTGGTCA,0.06707534193992615,0.03209713473916054,0.024723118171095848,0.38674986362457275,0.023680714890360832,0.03162987157702446
CGACTGGAATCCTGTA,0.11845958977937698,0.0488777682185173,0.2507391571998596,0.099293552339077,0.023197079077363014,0.6879556179046631
CGACTGGAATGCCTAA,0.09040756523609161,0.057013124227523804,0.049692969769239426,0.6796576976776123,0.09490416944026947,0.5990250706672668
CGACTGGAATTGAGGA,0.09157516807317734,0.041255854070186615,0.07055704295635223,0.10538789629936218,0.036217428743839264,0.03496977686882019
CGACTGGACAACCACA,0.751681923866272,0.39334890246391296,1.6118041276931763,0.3262985348701477,0.5713881254196167,0.3146890103816986
CGACTGGACAAGACTA,0.37645241618156433,0.07457789033651352,0.07113795727491379,0.30716100335121155,0.027611933648586273,0.07082200050354004
CGACTGGACAATGGAA,0.20414254069328308,0.14907951653003693,3.100090980529785,0.4448050558567047,0.26532962918281555,0.7340935468673706
CGACTGGACACTTCGA,0.14014306664466858,0.06316319108009338,0.5404150485992432,0.18981824815273285,0.1705072522163391,0.19215740263462067
CGACTGGACAGATCTG,0.13373295962810516,0.15948864817619324,0.22316791117191315,0.15529365837574005,0.06768239289522171,0.08155065774917603
CGACTGGACAGCGTTA,0.1200232058763504,0.05359482765197754,0.6062759160995483,1.1067014932632446,0.3163151443004608,0.8190906047821045
CGACTGGACATACCAA,0.48221516609191895,0.22171515226364136,0.46751001477241516,0.2628434896469116,0.04655136540532112,0.24520769715309143
CGACTGGACATCAAGT,0.784672200679779,0.06979760527610779,4.06417179107666,0.42924964427948,0.39005252718925476,0.17929813265800476
CGACTGGACCAGTTCA,0.557870626449585,0.08543393760919571,0.15637972950935364,0.11584071069955826,0.16986367106437683,0.35046568512916565
CGACTGGACCGAAGTA,0.40984562039375305,0.0614674873650074,0.7361945509910583,0.10270650684833527,0.166567862033844,0.13460588455200195
CGACTGGACCGTGAGA,0.8418666124343872,0.13325141370296478,0.47084107995033264,0.8461161255836487,0.2144908607006073,1.051222324371338
CGACTGGACCTCCTGA,0.16717760264873505,0.044008538126945496,0.373401403427124,0.18809345364570618,0.05472244322299957,0.09607861191034317
CGACTGGACGAACTTA,0.2405758798122406,0.072886623442173,0.3873858153820038,0.16730950772762299,0.18033814430236816,0.20746655762195587
CGACTGGACGACTGGA,0.4097917675971985,0.05650801584124565,0.26442521810531616,0.2099287360906601,0.20701557397842407,0.45427510142326355
CGACTGGACGCATACA,0.22983986139297485,0.08236055821180344,0.023936670273542404,0.06327522546052933,0.028031349182128906,0.6661255359649658
CGACTGGACGCTGATC,0.2161661684513092,0.11985303461551666,0.33603963255882263,0.35020682215690613,0.24812497198581696,0.564265787601471
CGACTGGACTCAATGA,0.10538254678249359,0.07812374085187912,0.1265154778957367,0.22149991989135742,0.03134014457464218,0.12473555654287338
CGACTGGACTGAGCCA,0.08815367519855499,0.028163526207208633,0.05281461402773857,0.05078038573265076,0.03485189750790596,0.04231017082929611
CGACTGGACTGGCATA,0.07200848311185837,0.06326381862163544,0.25148317217826843,0.6719180941581726,0.037470992654561996,0.04175915569067001
CGACTGGACTGTAGCC,0.2119365632534027,0.13697512447834015,0.6139854192733765,1.0919994115829468,0.05853021889925003,0.16142746806144714
CGACTGGAGAATCTGA,0.21829991042613983,0.0713079497218132,0.4274812936782837,0.11530382931232452,0.24842651188373566,0.10424664616584778
CGACTGGAGACTAGTA,0.3739275634288788,0.2654685974121094,0.41156670451164246,0.4024887681007385,0.061213359236717224,0.9236288070678711
CGACTGGAGAGCTGAA,0.9111326336860657,0.05659957975149155,0.07574502378702164,0.9611598253250122,0.5598040223121643,0.23787164688110352
CGACTGGAGATAGACA,0.49268996715545654,0.058488331735134125,0.6599403023719788,0.8413234353065491,0.36059826612472534,0.5914140343666077
CGACTGGAGCCACATA,0.07375755161046982,0.026636261492967606,0.14324063062667847,0.43671131134033203,0.17224274575710297,0.04360030218958855
CGCATACAAAACATCG,0.13759003579616547,0.06405507773160934,0.1556374877691269,2.050121307373047,0.0453084334731102,0.044758617877960205
CGCATACAAACAACCA,0.13723120093345642,0.029315905645489693,0.04708583652973175,0.1722131371498108,0.07465265691280365,0.020297203212976456
CGCATACAAACCGAGA,0.20973068475723267,0.0334126316010952,0.02994951792061329,0.12420088797807693,0.044901393353939056,0.019492512568831444
CGCATACAAACGCTTA,0.21572937071323395,0.0215886402875185,0.035711612552404404,0.05005894601345062,0.031879082322120667,0.016050739213824272
CGCATACAAACGTGAT,0.1991996467113495,0.03816847503185272,0.23590072989463806,0.6530603170394897,0.16200090944766998,0.20748989284038544
CGCATACAAAGACGGA,0.1694173365831375,0.08129298686981201,0.029768960550427437,0.15360522270202637,0.01629885472357273,0.06108120083808899
CGCATACAAAGGTACA,0.4415413737297058,0.21744555234909058,0.3395656645298004,0.2626313865184784,0.10106406360864639,0.12109172344207764
CGCATACAACAAGCTA,0.04485800489783287,0.034711580723524094,0.12525096535682678,0.09700632095336914,0.03257133439183235,0.0612497515976429
CGCATACAACACAGAA,0.9039095640182495,1.08177649974823,0.6623134613037109,0.7670912146568298,0.871474027633667,0.723261296749115
CGCATACAACAGCAGA,1.0621763467788696,1.4684131145477295,0.7362626791000366,0.6538920998573303,0.43619856238365173,0.6650546193122864
CGCATACAACATTGGC,0.0830073207616806,0.04344579577445984,0.047588471323251724,0.1751742959022522,0.0889328345656395,0.05740758776664734
CGCATACAACCACTGT,0.05686870217323303,0.05620849132537842,0.03459835425019264,0.3022739589214325,0.04339222609996796,0.1011846587061882
CGCATACAACCTCCAA,0.8992547392845154,0.11986774951219559,2.337468385696411,1.1601468324661255,0.21174494922161102,0.9135246872901917
CGCATACAACGCTCGA,0.31849405169487,0.09712599217891693,0.12648755311965942,0.27490130066871643,0.027472112327814102,0.04061837121844292
CGCATACAACGTATCA,0.23864388465881348,0.06666762381792068,1.2952945232391357,0.5962557196617126,0.4827045500278473,0.5294551849365234
CGCATACAACTATGCA,0.18069256842136383,0.03228913992643356,0.11013278365135193,0.06083381548523903,0.045344699174165726,0.07109624892473221
CGCATACAAGAGTCAA,0.21166104078292847,0.03342950716614723,0.12789544463157654,0.07551431655883789,0.07924994826316833,0.079233817756176
CGCATACAAGATCGCA,0.36072468757629395,0.11942821741104126,0.24209605157375336,0.17397929728031158,0.18698477745056152,0.5079900622367859
CGCATACAAGCAGGAA,0.4972613453865051,0.05193100497126579,1.344167709350586,0.7316993474960327,0.157051682472229,0.19467730820178986
CGCATACAAGTACAAG,0.2623637020587921,0.08896833658218384,0.05766942724585533,0.15839159488677979,0.02657613903284073,0.0908084288239479
CGCATACAAGTCACTA,0.2663002908229828,0.04209970682859421,1.396818995475769,0.2654942274093628,0.13040369749069214,0.17957188189029694
CGCATACAAGTGGTCA,0.08838517218828201,0.032562099397182465,0.04978879168629646,0.32951807975769043,0.032993096858263016,0.06869830191135406
CGCATACAATCCTGTA,0.17124494910240173,0.06341823190450668,0.03430197387933731,0.11114516109228134,0.05428360775113106,0.10666754841804504
CGCATACAATGCCTAA,0.07361874729394913,0.05156577005982399,0.2320833057165146,0.1136881560087204,0.030338004231452942,0.07407568395137787
CGCATACAATTGAGGA,0.11520428210496902,0.06652890145778656,0.9590178728103638,0.33589544892311096,0.24032579362392426,0.21772024035453796
CGCATACACAACCACA,0.14234626293182373,0.03331700712442398,0.09228929132223129,0.12945368885993958,0.15205079317092896,0.1926286369562149
CGCATACACAAGACTA,0.2399970293045044,0.04825567454099655,0.4269363284111023,0.23831547796726227,0.049219198524951935,0.06922725588083267
CGCATACACAATGGAA,0.3062036335468292,0.2123924046754837,2.089655637741089,0.18575826287269592,0.1730988323688507,0.4526359736919403
CGCATACACACTTCGA,0.12553425133228302,0.05997822806239128,0.8229919672012329,0.5399791598320007,0.1078236848115921,0.044918566942214966
CGCATACACAGATCTG,0.09067550301551819,0.05369524657726288,0.2525921165943146,0.14858756959438324,0.1535017043352127,0.029445109888911247
CGCATACACAGCGTTA,0.09041207283735275,0.03735319897532463,0.09490285813808441,0.0710051953792572,0.021778840571641922,0.03442275896668434
CGCATACACATACCAA,0.2584344744682312,0.07041588425636292,0.10255783796310425,0.24256457388401031,0.4664858281612396,0.04903591424226761
CGCATACACATCAAGT,0.07677844911813736,0.040166620165109634,0.7798072099685669,0.648490309715271,0.15949617326259613,0.1110420748591423
CGCATACACCAGTTCA,0.12034312635660172,0.05549068748950958,0.24781645834445953,0.23546727001667023,0.1113911047577858,0.33276668190956116
CGCATACACCGAAGTA,0.6058440208435059,0.25392118096351624,0.09053725004196167,0.20461899042129517,0.23214605450630188,0.5356108546257019
CGCATACACCGTGAGA,0.16324172914028168,0.06778636574745178,1.1757663488388062,0.16153983771800995,0.18728622794151306,0.1713763028383255
CGCATACACCTCCTGA,0.12978287041187286,0.14328747987747192,0.07745198905467987,0.11247600615024567,0.05472520738840103,0.0319160521030426
CGCATACACGAACTTA,0.23109270632266998,0.25483906269073486,1.7664815187454224,0.32848477363586426,0.25478196144104004,0.26236236095428467
CGCATACACGACTGGA,0.2086547166109085,0.19087553024291992,2.413388967514038,0.39115241169929504,0.15402854979038239,0.15391884744167328
CGCATACACGCATACA,0.06685150414705276,0.023478947579860687,0.038537561893463135,0.08253508806228638,0.029233628883957863,0.08917145431041718
CGCATACACGCTGATC,0.12778028845787048,0.11329377442598343,0.22327513992786407,0.6414542198181152,0.19727033376693726,0.1347532719373703
CGCATACACTCAATGA,0.10659288614988327,0.03196324035525322,0.027213454246520996,0.11803728342056274,0.024658415466547012,0.11978981643915176
CGCATACACTGAGCCA,0.08615186810493469,0.06217268854379654,0.10526136308908463,0.11109437048435211,0.029104914516210556,0.01982038840651512
CGCATACACTGGCATA,0.06300259381532669,0.031626105308532715,0.17099517583847046,0.21227100491523743,0.023062359541654587,0.01908128894865513
CGCATACACTGTAGCC,0.08693315833806992,0.03630134463310242,0.14545027911663055,0.6274901628494263,0.2567813992500305,0.07601362466812134
CGCATACAGAATCTGA,0.3430980443954468,0.17372310161590576,0.29421594738960266,0.30417534708976746,0.1801343709230423,0.8776695132255554
CGCATACAGACTAGTA,0.08981408178806305,0.04910534992814064,0.1482701301574707,0.05784833803772926,0.037601470947265625,0.03170139715075493
CGCATACAGAGCTGAA,0.5975152254104614,0.043247777968645096,0.6944448947906494,0.06679891794919968,0.05376278981566429,0.03379371389746666
CGCATACAGATAGACA,0.27746665477752686,0.029730459675192833,0.17502163350582123,0.5211559534072876,0.08594679087400436,0.037898216396570206
CGCATACAGCCACATA,0.1221393495798111,0.02470538765192032,0.3119148313999176,0.08743056654930115,0.03069826029241085,0.04733702540397644
CGCTGATCAAACATCG,0.059013731777668,0.05571281164884567,0.11521626263856888,0.03149714320898056,0.08966976404190063,0.18326105177402496
CGCTGATCAACAACCA,0.21894748508930206,0.044243331998586655,0.06183450296521187,0.21381892263889313,0.1838018298149109,0.13984739780426025
CGCTGATCAACCGAGA,0.09167008846998215,0.059555262327194214,0.6139275431632996,0.18808415532112122,0.0843554362654686,0.20524346828460693
CGCTGATCAACGCTTA,0.05351566523313522,0.05496836453676224,0.038423702120780945,0.06474919617176056,0.020671773701906204,0.037243641912937164
CGCTGATCAACGTGAT,0.07050130516290665,0.045535873621702194,0.04747642204165459,0.29752206802368164,0.3245324492454529,0.16229785978794098
CGCTGATCAAGACGGA,0.5362454652786255,0.25991594791412354,0.9723637700080872,0.1615438312292099,0.17091789841651917,0.7639309763908386
CGCTGATCAAGGTACA,0.26796916127204895,0.11463430523872375,0.05796845629811287,0.18396298587322235,0.21270428597927094,0.04181697964668274
CGCTGATCACAAGCTA,0.09106195718050003,0.05636250972747803,0.6926640868186951,0.23510926961898804,0.5108565092086792,0.590626060962677
CGCTGATCACACAGAA,0.3152081370353699,0.10102344304323196,1.2415125370025635,0.7634922862052917,0.19348719716072083,0.6542639136314392
CGCTGATCACAGCAGA,1.1783552169799805,1.329725742340088,1.6064363718032837,1.0207204818725586,0.5433186888694763,0.8791123032569885
CGCTGATCACATTGGC,0.15177957713603973,0.02984590269625187,0.0327335000038147,0.10619109123945236,0.019545873627066612,0.015107344835996628
CGCTGATCACCACTGT,0.3121449947357178,0.09588448703289032,1.8567407131195068,0.13799874484539032,0.11713714152574539,0.05230355262756348
CGCTGATCACCTCCAA,0.8125782608985901,0.24224375188350677,0.6038265228271484,0.3861521780490875,0.4409436285495758,0.44018498063087463
CGCTGATCACGCTCGA,0.33215048909187317,0.1442604660987854,1.2398338317871094,0.3586938977241516,0.504696249961853,0.4197143316268921
CGCTGATCACGTATCA,0.19887100160121918,0.03190828487277031,0.4131149351596832,0.10548462718725204,0.07490179687738419,0.08532900363206863
CGCTGATCACTATGCA,0.13754728436470032,0.14562520384788513,0.1841290295124054,0.06551084667444229,0.159562349319458,0.2009854018688202
CGCTGATCAGAGTCAA,0.2517804503440857,0.17551589012145996,0.1902858167886734,0.05302896350622177,0.07772316783666611,0.19133640825748444
CGCTGATCAGATCGCA,0.04395915940403938,0.0316484160721302,0.03049151599407196,0.03448369354009628,0.05665788799524307,0.11467517912387848
CGCTGATCAGCAGGAA,0.08592481166124344,0.030059339478611946,0.03759225085377693,0.06393097341060638,0.017951220273971558,0.07483726739883423
CGCTGATCAGTACAAG,0.23864464461803436,0.1023598238825798,0.38708457350730896,0.4074663519859314,0.18179075419902802,0.43073570728302
CGCTGATCAGTCACTA,0.08132120221853256,0.05158013105392456,0.040180813521146774,0.1683550328016281,0.020261598750948906,0.046491824090480804
CGCTGATCAGTGGTCA,0.15068252384662628,0.04950598254799843,0.028281616047024727,0.07564226537942886,0.050964877009391785,0.0552288256585598
CGCTGATCATCCTGTA,0.045533571392297745,0.03965701907873154,0.023744259029626846,0.12151642888784409,0.05494409799575806,0.10045143961906433
CGCTGATCATGCCTAA,0.2208215445280075,0.09365025907754898,0.32875046133995056,0.26289087533950806,0.13697850704193115,0.3584122359752655
CGCTGATCATTGAGGA,0.1130361407995224,0.038961853832006454,0.047628652304410934,0.030269430950284004,0.020061954855918884,0.026647238060832024
CGCTGATCCAACCACA,0.0399673692882061,0.03258630260825157,0.02748369611799717,0.02485477179288864,0.03084729239344597,0.06967935711145401
CGCTGATCCAAGACTA,0.17571070790290833,0.09781165421009064,0.1325703114271164,0.97260981798172,0.4325113594532013,0.15523383021354675
CGCTGATCCAATGGAA,0.17462097108364105,0.06601689755916595,0.16519948840141296,0.04727938026189804,0.035080436617136,0.1407523900270462
CGCTGATCCACTTCGA,0.0650029256939888,0.09115412831306458,0.24732477962970734,0.2301611751317978,0.041919540613889694,0.2583753168582916
CGCTGATCCAGATCTG,0.9167007803916931,1.7759008407592773,0.2848837971687317,0.4788699150085449,0.4199697971343994,0.7520729899406433
CGCTGATCCAGCGTTA,0.2742343544960022,0.10995393991470337,0.21667949855327606,0.2141624540090561,0.1037016361951828,0.1572551727294922
CGCTGATCCATACCAA,0.14826054871082306,0.07948286086320877,0.7675114274024963,0.5470244288444519,0.27866408228874207,0.1585393249988556
CGCTGATCCATCAAGT,0.22199398279190063,0.02412758208811283,0.0481720007956028,0.04959127679467201,0.037001434713602066,0.05128753185272217
CGCTGATCCCAGTTCA,0.23113183677196503,0.14189012348651886,0.40851399302482605,0.08390205353498459,0.06844799220561981,0.5631367564201355
CGCTGATCCCGAAGTA,0.0739682987332344,0.03667064756155014,0.016648413613438606,0.02464691363275051,0.01344223041087389,0.04771905764937401
CGCTGATCCCGTGAGA,0.26455724239349365,0.04530920088291168,0.04794974997639656,0.1472921073436737,0.029577484354376793,0.541297972202301
CGCTGATCCCTCCTGA,0.02446872740983963,0.02440797910094261,0.09693194925785065,0.08428148180246353,0.028376856818795204,0.3348720967769623
CGCTGATCCGAACTTA,0.06361661851406097,0.040912602096796036,0.09894285351037979,0.1980234831571579,0.05077474191784859,0.1177152767777443
CGCTGATCCGACTGGA,0.11754649877548218,0.07182375341653824,0.06229059770703316,0.04962971806526184,0.05606726184487343,0.07285821437835693
CGCTGATCCGCATACA,0.11624786257743835,0.09017129242420197,0.8299492597579956,0.1686483770608902,0.1367831528186798,0.39828649163246155
CGCTGATCCGCTGATC,0.2890980839729309,0.06630875170230865,0.07339462637901306,0.05421934649348259,0.019080661237239838,0.057661741971969604
CGCTGATCCTCAATGA,0.07594270259141922,0.08639390766620636,0.1543528437614441,0.4779273271560669,0.1202840656042099,0.1272217333316803
CGCTGATCCTGAGCCA,0.039769645780324936,0.0651741549372673,0.06553324311971664,0.5912464261054993,0.09826380759477615,0.03476669266819954
CGCTGATCCTGGCATA,0.10465636104345322,0.038846783339977264,0.08480583131313324,0.051898788660764694,0.021123841404914856,0.028684375807642937
CGCTGATCCTGTAGCC,0.23839549720287323,0.03443041816353798,0.11235284805297852,0.05991922691464424,0.04485081881284714,0.049556832760572433
CGCTGATCGAATCTGA,0.06799566000699997,0.049715910106897354,0.24515672028064728,2.216357707977295,0.21506384015083313,0.20051653683185577
CGCTGATCGACTAGTA,0.041363563388586044,0.020397337153553963,0.037805717438459396,0.025506800040602684,0.012477208860218525,0.03909040614962578
CGCTGATCGAGCTGAA,0.07868491858243942,0.0338788665831089,0.0958566665649414,0.4402765929698944,0.1171145811676979,0.3098726272583008
CGCTGATCGATAGACA,1.7042039632797241,0.08842892944812775,1.3556475639343262,1.2580103874206543,0.19268621504306793,1.0918173789978027
CGCTGATCGCCACATA,0.13484644889831543,0.03493204340338707,0.09459107369184494,0.0722578912973404,0.019617250189185143,0.06743434816598892
CTCAATGAAAACATCG,0.060455504804849625,0.0823822095990181,0.0391344279050827,0.3095032870769501,0.02369166910648346,0.059266991913318634
CTCAATGAAACAACCA,0.69557785987854,0.15966887772083282,0.9822919368743896,1.4835115671157837,0.11754215508699417,2.642904043197632
CTCAATGAAACCGAGA,0.1202540174126625,0.02598087675869465,0.11162543296813965,0.07020074874162674,0.05996698886156082,0.013015411794185638
CTCAATGAAACGCTTA,0.2727142572402954,0.051277995109558105,0.0621018148958683,0.03154440596699715,0.2635310888290405,0.01875264197587967
CTCAATGAAACGTGAT,0.24145042896270752,0.05696896091103554,0.17447924613952637,0.9070489406585693,0.10937086492776871,0.07646790891885757
CTCAATGAAAGACGGA,0.04855667054653168,0.028194153681397438,0.03925540670752525,0.15507984161376953,0.03484169766306877,0.01703108288347721
CTCAATGAAAGGTACA,0.1432797610759735,0.1341482549905777,1.175183653831482,0.03855055570602417,0.1418595165014267,0.08387574553489685
CTCAATGAACAAGCTA,0.05637700855731964,0.11509539932012558,0.058254070580005646,0.19512005150318146,0.08110340684652328,0.08492475003004074
CTCAATGAACACAGAA,1.527854561805725,1.5536787509918213,2.661137104034424,1.273918867111206,0.34383219480514526,0.510230302810669
CTCAATGAACAGCAGA,1.6209840774536133,1.9352737665176392,1.1190719604492188,0.6775261163711548,0.9489156007766724,0.7820029854774475
CTCAATGAACATTGGC,0.13021434843540192,0.052157096564769745,0.09543384611606598,0.15016642212867737,0.06377484649419785,0.021525152027606964
CTCAATGAACCACTGT,0.08848747611045837,0.05333476513624191,0.12585952877998352,0.40387865900993347,0.18728993833065033,0.06605453789234161
CTCAATGAACCTCCAA,0.5282253623008728,0.09619148820638657,0.18072426319122314,0.2139720320701599,0.05484331399202347,0.20513473451137543
CTCAATGAACGCTCGA,0.31651392579078674,0.0781642496585846,0.4326612651348114,0.28592631220817566,0.07740329205989838,0.5079728960990906
CTCAATGAACGTATCA,0.5203458666801453,0.07479675114154816,1.2687503099441528,0.47227826714515686,0.25074470043182373,0.4118117094039917
CTCAATGAACTATGCA,0.40334537625312805,0.07146427780389786,1.609505295753479,0.22734348475933075,0.1341949999332428,0.13959497213363647
CTCAATGAAGAGTCAA,0.4400767385959625,0.05117463320493698,1.3330442905426025,0.2899670898914337,0.37446388602256775,0.5270146131515503
CTCAATGAAGATCGCA,0.31476539373397827,0.10469531267881393,0.8732149600982666,0.4830350875854492,0.205068901181221,0.20928536355495453
CTCAATGAAGCAGGAA,0.12597742676734924,0.022653501480817795,0.0302057396620512,0.06476787477731705,0.014885756187140942,0.019849183037877083
CTCAATGAAGTACAAG,0.13143408298492432,0.09872990101575851,1.1418077945709229,0.4523334205150604,0.05872581526637077,0.11131273210048676
CTCAATGAAGTCACTA,0.23909799754619598,0.15464967489242554,0.19753190875053406,0.14909321069717407,0.05174650624394417,0.1178475096821785
CTCAATGAAGTGGTCA,0.0979246124625206,0.041570913046598434,0.02620731107890606,0.7652662396430969,0.04449177905917168,0.10475723445415497
CTCAATGAATCCTGTA,0.15535669028759003,0.02739829756319523,0.06612013280391693,0.07976633310317993,0.07388278096914291,0.05977529659867287
CTCAATGAATGCCTAA,0.15941621363162994,0.041224341839551926,0.050896983593702316,0.662479043006897,0.07898136228322983,0.15781617164611816
CTCAATGAATTGAGGA,0.18633702397346497,0.06223449856042862,0.498769074678421,0.21042311191558838,0.22457529604434967,0.06546290963888168
CTCAATGACAACCACA,0.12578091025352478,0.0570245161652565,0.7270758152008057,0.16029292345046997,0.05035301297903061,0.07249469310045242
CTCAATGACAAGACTA,0.11780405044555664,0.055829424411058426,0.559158980846405,0.426981121301651,0.15714958310127258,0.14135967195034027
CTCAATGACAATGGAA,0.09755080193281174,0.052634239196777344,0.056228745728731155,0.14745143055915833,0.0655847042798996,0.06358010321855545
CTCAATGACACTTCGA,0.2691246271133423,0.05610945075750351,0.7261409759521484,0.21699783205986023,0.22130997478961945,0.13702575862407684
CTCAATGACAGATCTG,0.10851375758647919,0.045404981821775436,0.10965083539485931,0.6869388222694397,0.07360463589429855,0.07681300491094589
CTCAATGACAGCGTTA,0.15930548310279846,0.05125515162944794,0.017656436190009117,0.12825508415699005,0.011690190993249416,0.1060524433851242
CTCAATGACATACCAA,0.484956830739975,0.1751636117696762,0.15032503008842468,0.34124982357025146,0.1210254654288292,0.17254738509655
CTCAATGACATCAAGT,0.1865936517715454,0.08881491422653198,0.06106987223029137,0.6058014035224915,0.07326395809650421,0.13094089925289154
CTCAATGACCAGTTCA,0.41580066084861755,0.0955614373087883,0.1294679194688797,0.24928081035614014,0.15649215877056122,0.2564866542816162
CTCAATGACCGAAGTA,0.11008398234844208,0.04417378082871437,0.02808242104947567,0.06390397995710373,0.01839103363454342,0.18658576905727386
CTCAATGACCGTGAGA,0.21504414081573486,0.10226312279701233,0.3071195185184479,0.30878961086273193,0.17468637228012085,0.6356223225593567
CTCAATGACCTCCTGA,0.1656995415687561,0.08837718516588211,1.3199524879455566,0.24209871888160706,0.19498685002326965,0.0935048833489418
CTCAATGACGAACTTA,0.15721005201339722,0.04952022060751915,0.8681173324584961,0.5076882243156433,0.19305336475372314,0.4062427878379822
CTCAATGACGACTGGA,0.09982553869485855,0.04927102476358414,0.2507185637950897,0.3348952829837799,0.04228821396827698,0.024740146473050117
CTCAATGACGCATACA,0.2492295205593109,0.06661412864923477,0.5901273488998413,0.06303457915782928,0.14851278066635132,0.3218528628349304
CTCAATGACGCTGATC,0.2021089643239975,0.09828231483697891,0.21205952763557434,0.27506399154663086,0.044665127992630005,0.06603354960680008
CTCAATGACTCAATGA,0.13027313351631165,0.04567304626107216,0.06123536825180054,0.017318282276391983,0.01487993635237217,0.059136051684617996
CTCAATGACTGAGCCA,0.07427237182855606,0.0396246612071991,0.1262655258178711,0.07075207680463791,0.014990242198109627,0.025148939341306686
CTCAATGACTGGCATA,0.3190903663635254,0.16370803117752075,0.1484275758266449,0.20209161937236786,0.2435704469680786,0.44496920704841614
CTCAATGACTGTAGCC,0.03215103596448898,0.06509613245725632,0.026904499158263206,0.305571973323822,0.042523279786109924,0.036729052662849426
CTCAATGAGAATCTGA,0.11167452484369278,0.07054866850376129,1.447385549545288,0.655426561832428,0.04318871349096298,0.14677873253822327
CTCAATGAGACTAGTA,0.21993650496006012,0.12280076742172241,1.2267882823944092,0.32019856572151184,0.3076196312904358,0.28189316391944885
CTCAATGAGAGCTGAA,0.667578399181366,0.049625199288129807,0.7045291662216187,0.5871462225914001,0.06140165403485298,0.4383378326892853
CTCAATGAGATAGACA,0.3005317151546478,0.054047100245952606,0.8501444458961487,2.4340176582336426,0.6693496108055115,0.06410384178161621
CTCAATGAGCCACATA,0.49043869972229004,0.04455799236893654,0.3017581105232239,0.5547007918357849,0.23408626019954681,0.036061663180589676
CTGAGCCAAAACATCG,0.24093839526176453,0.03568987920880318,0.08926749974489212,0.34176015853881836,0.03808287903666496,0.12275021523237228
CTGAGCCAAACAACCA,0.6199223399162292,0.10501522570848465,1.2010881900787354,0.5719978213310242,0.15248145163059235,0.1995491236448288
CTGAGCCAAACCGAGA,0.3327893316745758,0.050749052315950394,0.7081035375595093,0.4652036726474762,0.1221967339515686,0.13576003909111023
CTGAGCCAAACGCTTA,0.39989644289016724,0.056420400738716125,0.2467174232006073,0.09238579869270325,0.02190517634153366,0.024767836555838585
CTGAGCCAAACGTGAT,0.21951858699321747,0.05249956250190735,0.5005307793617249,1.243469476699829,0.14588972926139832,0.04809752106666565
CTGAGCCAAAGACGGA,0.3321189880371094,0.04124023765325546,0.20982232689857483,0.20834749937057495,0.05384402722120285,0.34455326199531555
CTGAGCCAAAGGTACA,0.14421622455120087,0.05536317825317383,0.9678234457969666,0.28965261578559875,0.08719901740550995,0.10022995620965958
CTGAGCCAACAAGCTA,0.06541161239147186,0.03803831338882446,0.8066899180412292,0.24689900875091553,0.14357544481754303,0.023673290386795998
CTGAGCCAACACAGAA,0.4205056130886078,0.36824336647987366,0.31491801142692566,0.04504059627652168,0.18926669657230377,0.21886731684207916
CTGAGCCAACAGCAGA,0.7852329611778259,1.98731529712677,1.2677491903305054,0.6131640076637268,0.3645707964897156,0.5606831312179565
CTGAGCCAACATTGGC,0.10113054513931274,0.042482469230890274,0.057273201644420624,0.3978491723537445,0.031112320721149445,0.022691426798701286
CTGAGCCAACCACTGT,0.19864460825920105,0.05942903831601143,0.11190151423215866,0.21945877373218536,0.03333979845046997,0.01810283400118351
CTGAGCCAACCTCCAA,0.8218507766723633,3.4682626724243164,2.122448444366455,1.5850498676300049,0.8142592906951904,1.3486396074295044
CTGAGCCAACGCTCGA,0.5842108726501465,0.16340570151805878,0.382937490940094,0.23872245848178864,0.2968052327632904,0.29520851373672485
CTGAGCCAACGTATCA,0.4477183520793915,0.03245210275053978,0.06232653558254242,0.11362257599830627,0.020419524982571602,0.06552101671695709
CTGAGCCAACTATGCA,0.37139689922332764,0.16101579368114471,0.4860844016075134,0.1615685671567917,0.08885626494884491,0.16704735159873962
CTGAGCCAAGAGTCAA,0.28942734003067017,0.0553773008286953,0.05921357870101929,0.4289083182811737,0.13391628861427307,0.41404858231544495
CTGAGCCAAGATCGCA,0.5545306205749512,0.06461463868618011,0.5748773813247681,0.15780439972877502,0.09347356110811234,0.052364781498909
CTGAGCCAAGCAGGAA,0.14588579535484314,0.07472875714302063,0.1811990588903427,0.31042802333831787,0.03562939167022705,0.08134433627128601
CTGAGCCAAGTACAAG,0.2687837481498718,0.0687345489859581,0.2849522829055786,0.7113017439842224,0.09349153190851212,0.4099133014678955
CTGAGCCAAGTCACTA,0.16735190153121948,0.05459669977426529,0.6685126423835754,0.21325264871120453,0.09640276432037354,0.11873193085193634
CTGAGCCAAGTGGTCA,0.10930716246366501,0.02259313501417637,0.015121910721063614,0.2592547535896301,0.013476258143782616,0.06981318444013596
CTGAGCCAATCCTGTA,0.2939755916595459,0.09025310724973679,0.21369028091430664,0.11316622048616409,0.19634582102298737,0.41718989610671997
CTGAGCCAATGCCTAA,0.06426703929901123,0.053667113184928894,0.12288400530815125,0.3784087598323822,0.029023347422480583,0.0512453131377697
CTGAGCCAATTGAGGA,0.20823390781879425,0.04010834917426109,0.06431970745325089,0.09639430046081543,0.054299671202898026,0.05407039076089859
CTGAGCCACAACCACA,0.13209213316440582,0.11975360661745071,0.8777055144309998,0.6330718398094177,0.10420721024274826,0.05045424401760101
CTGAGCCACAAGACTA,0.1308996081352234,0.07189437001943588,1.034117579460144,0.41151994466781616,0.19701869785785675,0.06569012999534607
CTGAGCCACAATGGAA,0.13131825625896454,0.17242464423179626,0.20962679386138916,0.09707268327474594,0.10502294450998306,0.1744033694267273
CTGAGCCACACTTCGA,0.5314183831214905,0.1579824835062027,0.4943958520889282,0.9533179998397827,0.5204766988754272,0.966951310634613
CTGAGCCACAGATCTG,0.054102230817079544,0.06447389721870422,0.04591892287135124,0.3091701567173004,0.11215907335281372,0.04395339637994766
CTGAGCCACAGCGTTA,0.2903691232204437,0.27004140615463257,0.8797162771224976,0.3409833014011383,0.17031598091125488,0.31390953063964844
CTGAGCCACATACCAA,0.12398629635572433,0.05683092400431633,0.04360774904489517,0.12274913489818573,0.052094150334596634,0.021626511588692665
CTGAGCCACATCAAGT,0.09232548624277115,0.04084215685725212,0.25236067175865173,0.43024271726608276,0.03727186843752861,0.17404308915138245
CTGAGCCACCAGTTCA,0.2644956707954407,0.07939242571592331,0.14104031026363373,0.16587725281715393,0.1924470067024231,0.1400192677974701
CTGAGCCACCGAAGTA,0.12740465998649597,0.10409475117921829,0.1813613772392273,0.19282850623130798,0.05114760249853134,0.4152068495750427
CTGAGCCACCGTGAGA,0.12096620351076126,0.03278132155537605,0.07998178899288177,0.059939414262771606,0.07972268015146255,0.11444982886314392
CTGAGCCACCTCCTGA,0.43692344427108765,0.5737459659576416,2.0094611644744873,0.42952632904052734,0.8367475271224976,0.6305187940597534
CTGAGCCACGAACTTA,0.36753639578819275,0.15644967555999756,0.8598620891571045,0.40688782930374146,0.09363789111375809,0.530476450920105
CTGAGCCACGACTGGA,0.2578452527523041,0.06834084540605545,0.28432875871658325,0.24225451052188873,0.17763593792915344,0.47792431712150574
CTGAGCCACGCATACA,0.16890408098697662,0.09020484238862991,0.3577926754951477,0.25242194533348083,0.19060057401657104,0.15830810368061066
CTGAGCCACGCTGATC,0.11826290190219879,0.035007499158382416,0.08826547116041183,0.14491985738277435,0.041880808770656586,0.09685829281806946
CTGAGCCACTCAATGA,0.5390397906303406,0.3360375761985779,0.2148197889328003,0.18392853438854218,0.17495955526828766,0.3469865918159485
CTGAGCCACTGAGCCA,0.1932082325220108,0.1418280303478241,0.20103518664836884,0.23047302663326263,0.05847332626581192,0.6073777079582214
CTGAGCCACTGGCATA,0.29974138736724854,0.1576395332813263,0.7292839288711548,0.3766900599002838,0.22348158061504364,0.47419267892837524
CTGAGCCACTGTAGCC,0.15513326227664948,0.05135252699255943,0.047186776995658875,0.17693988978862762,0.11265336722135544,0.06620174646377563
CTGAGCCAGAATCTGA,0.31496796011924744,0.08966682851314545,0.5376203656196594,0.45017021894454956,0.5621740818023682,0.13185331225395203
CTGAGCCAGACTAGTA,0.580743134021759,0.05353826284408569,0.3742655813694,0.15884816646575928,0.0561358667910099,0.3966624140739441
CTGAGCCAGAGCTGAA,0.40606680512428284,0.06406453251838684,1.4670888185501099,0.6956176161766052,0.3505752682685852,0.6079077124595642
CTGAGCCAGATAGACA,0.6233341693878174,0.10321835428476334,0.190156027674675,4.08750581741333,0.3192327320575714,0.3403460681438446
CTGAGCCAGCCACATA,0.168744757771492,0.059907324612140656,0.3424707353115082,1.443773627281189,0.1413600742816925,0.18448950350284576
CTGGCATAAAACATCG,0.07091885060071945,0.034571100026369095,0.07448859512805939,0.7599436640739441,0.02447117678821087,0.10343929380178452
CTGGCATAAACAACCA,0.10093865543603897,0.1429588943719864,0.1041191965341568,0.6630635857582092,0.250822514295578,0.10344097018241882
CTGGCATAAACCGAGA,0.38928669691085815,0.03935728967189789,0.2824849784374237,0.19620992243289948,0.04382332041859627,0.06734337657690048
CTGGCATAAACGCTTA,0.30825912952423096,0.04973417893052101,0.16333582997322083,0.2696586549282074,0.08368389308452606,0.021772319450974464
CTGGCATAAACGTGAT,0.13232769072055817,0.052081309258937836,0.03609684482216835,0.26698049902915955,0.05402170866727829,0.19877897202968597
CTGGCATAAAGACGGA,0.27666935324668884,0.0326220765709877,0.17919114232063293,0.5611687898635864,0.20025891065597534,0.08997031301259995
CTGGCATAAAGGTACA,0.2260962575674057,0.08201625943183899,0.14663934707641602,0.20148628950119019,0.1052502691745758,0.27390533685684204
CTGGCATAACAAGCTA,0.15052670240402222,0.099952332675457,0.22060644626617432,0.11474653333425522,0.03641951084136963,0.23360732197761536
CTGGCATAACACAGAA,0.3279842734336853,0.04113257676362991,0.07511696964502335,0.0749702900648117,0.07885757088661194,0.1697816550731659
CTGGCATAACAGCAGA,0.6552969217300415,0.09282151609659195,0.3082030415534973,0.33119142055511475,0.16155198216438293,0.3134647309780121
CTGGCATAACATTGGC,0.058698784559965134,0.033219218254089355,0.09555157274007797,0.2116236388683319,0.04505174234509468,0.06706319749355316
CTGGCATAACCACTGT,0.03952624648809433,0.05893552303314209,0.14052429795265198,0.3393442630767822,0.10166075825691223,0.05600161477923393
CTGGCATAACCTCCAA,1.1870472431182861,0.3300650119781494,1.1378730535507202,0.5194675922393799,0.8164861798286438,1.0829291343688965
CTGGCATAACGCTCGA,1.7265980243682861,0.6444644927978516,0.9045172333717346,0.7691454887390137,0.7985391020774841,1.2348606586456299
CTGGCATAACGTATCA,0.6279106736183167,0.043198443949222565,0.28013405203819275,0.22289952635765076,0.02411963790655136,0.365420937538147
CTGGCATAACTATGCA,0.7308012247085571,0.07971228659152985,1.1007130146026611,0.30589672923088074,0.11397341638803482,0.15606172382831573
CTGGCATAAGAGTCAA,0.7557191252708435,0.13090208172798157,1.609641671180725,0.37949633598327637,0.12838459014892578,0.36219415068626404
CTGGCATAAGATCGCA,0.7062955498695374,0.08065056055784225,0.5835282802581787,0.5922817587852478,0.11754938960075378,0.31497812271118164
CTGGCATAAGCAGGAA,0.7542813420295715,0.10987309366464615,0.2781563699245453,0.24657535552978516,0.21102339029312134,0.47618672251701355
CTGGCATAAGTACAAG,0.07228299975395203,0.03693090006709099,0.07313064485788345,0.3556114435195923,0.06195241957902908,0.07469820231199265
CTGGCATAAGTCACTA,0.18948021531105042,0.045324575155973434,0.23156145215034485,0.11875525861978531,0.08874185383319855,0.04137946292757988
CTGGCATAAGTGGTCA,0.08812497556209564,0.022773489356040955,0.19779245555400848,0.3147032558917999,0.03039621375501156,0.18698926270008087
CTGGCATAATCCTGTA,0.4519599378108978,0.05715354532003403,0.17540743947029114,0.44541099667549133,0.09649738669395447,0.04269351810216904
CTGGCATAATGCCTAA,0.07122756540775299,0.05123577266931534,0.14138540625572205,1.2477201223373413,0.16881971061229706,0.15142938494682312
CTGGCATAATTGAGGA,0.17074167728424072,0.15856273472309113,1.3363224267959595,0.9359758496284485,0.4906160831451416,0.22559505701065063
CTGGCATACAACCACA,0.5532445311546326,0.1224244236946106,0.09782698005437851,0.2300650179386139,0.3617037236690521,0.11142332851886749
CTGGCATACAAGACTA,0.2671067416667938,0.11687180399894714,0.47250911593437195,2.1533098220825195,0.37220999598503113,0.4797729253768921
CTGGCATACAATGGAA,0.6000745296478271,0.1313064843416214,3.044398307800293,0.15799199044704437,0.5165756344795227,0.19138066470623016
CTGGCATACACTTCGA,0.14660930633544922,0.0391349233686924,0.08479982614517212,0.15391987562179565,0.03992806375026703,0.023185700178146362
CTGGCATACAGATCTG,0.04976269230246544,0.042552243918180466,0.041932154446840286,0.48978790640830994,0.09727486222982407,0.06249026954174042
CTGGCATACAGCGTTA,0.2206754833459854,0.04848095029592514,0.7063800692558289,0.1355995535850525,0.21615098416805267,0.08364808559417725
CTGGCATACATACCAA,0.2268134355545044,0.03085814230144024,0.06533390283584595,0.17217902839183807,0.026687394827604294,0.25121361017227173
CTGGCATACATCAAGT,0.13537929952144623,0.05944022908806801,0.10032837092876434,2.436128616333008,0.07751701772212982,0.1867440640926361
CTGGCATACCAGTTCA,0.13715630769729614,0.03855966031551361,0.3738948404788971,0.0827823355793953,0.08542976528406143,0.12540844082832336
CTGGCATACCGAAGTA,0.1244235560297966,0.07324984669685364,0.1973210573196411,0.31274375319480896,0.0830935537815094,0.385905921459198
CTGGCATACCGTGAGA,0.0966920331120491,0.06605294346809387,0.20840711891651154,0.23225367069244385,0.04583372920751572,0.18699955940246582
CTGGCATACCTCCTGA,0.2235110104084015,0.08371417969465256,0.6440719962120056,0.5471616983413696,0.08232399821281433,0.4785480499267578
CTGGCATACGAACTTA,0.31048262119293213,0.07521162182092667,0.34118449687957764,0.15644310414791107,0.2760965824127197,0.20223064720630646
CTGGCATACGACTGGA,0.15719769895076752,0.2368800789117813,0.2055138349533081,1.1350480318069458,0.238076314330101,0.08148941397666931
CTGGCATACGCATACA,0.18997058272361755,0.06355038285255432,0.20447349548339844,0.5257271528244019,0.0988038182258606,0.09998763352632523
CTGGCATACGCTGATC,0.05103478208184242,0.0491609200835228,0.08610334247350693,0.24047636985778809,0.014453853480517864,0.02452458068728447
CTGGCATACTCAATGA,0.4040128290653229,0.14606350660324097,1.5137176513671875,0.278554767370224,0.39075973629951477,0.2773723602294922
CTGGCATACTGAGCCA,0.7554963231086731,0.164002925157547,0.7986287474632263,0.5090768933296204,0.119110107421875,0.8292871117591858
CTGGCATACTGGCATA,0.28568580746650696,0.252792090177536,1.3269875049591064,0.6746008396148682,0.26304957270622253,1.082470178604126
CTGGCATACTGTAGCC,0.24480704963207245,0.08798447996377945,0.17620842158794403,0.5760950446128845,0.040801726281642914,0.08358044922351837
CTGGCATAGAATCTGA,0.14868254959583282,0.050274450331926346,0.15583747625350952,0.12568987905979156,0.048517707735300064,0.14931799471378326
CTGGCATAGACTAGTA,0.30849361419677734,0.07436424493789673,0.5347162485122681,0.040804073214530945,0.19159622490406036,0.07224243879318237
CTGGCATAGAGCTGAA,0.510011613368988,0.08598237484693527,2.284177780151367,2.329472541809082,0.6755878329277039,0.9541507959365845
CTGGCATAGATAGACA,0.11376239359378815,0.04424336552619934,0.1841133087873459,0.6371977925300598,0.02354692481458187,0.18445678055286407
CTGGCATAGCCACATA,0.287120521068573,0.03651716932654381,0.6676610112190247,0.09925210475921631,0.08913414925336838,0.02173185907304287
CTGTAGCCAAACATCG,0.02437225915491581,0.015950988978147507,0.01102303434163332,0.009462480433285236,0.007733529433608055,0.028106750920414925
CTGTAGCCAACAACCA,0.12612387537956238,0.13584989309310913,0.7917983531951904,0.19671890139579773,0.25030916929244995,0.17563308775424957
CTGTAGCCAACCGAGA,0.05741266533732414,0.04276346415281296,0.2833794355392456,0.23176416754722595,0.1184394434094429,0.04053475707769394
CTGTAGCCAACGCTTA,0.20583853125572205,0.04352785646915436,0.16380490362644196,0.14037185907363892,0.056366968899965286,0.16073773801326752
CTGTAGCCAACGTGAT,0.04151960462331772,0.029619649052619934,0.055278658866882324,0.06725689023733139,0.047976408153772354,0.04284203052520752
CTGTAGCCAAGACGGA,0.28902462124824524,0.07178961485624313,0.7141862511634827,0.26693880558013916,0.1671149879693985,0.1291704773902893
CTGTAGCCAAGGTACA,0.2728945016860962,0.15937654674053192,0.22775493562221527,0.16714252531528473,0.22364622354507446,0.3720271587371826
CTGTAGCCACAAGCTA,0.23308101296424866,0.12788762152194977,0.20391540229320526,0.37888261675834656,0.5914161205291748,0.09354310482740402
CTGTAGCCACACAGAA,0.5989128351211548,0.0781882181763649,0.989322304725647,0.2862246036529541,0.1260787546634674,0.5422079563140869
CTGTAGCCACAGCAGA,0.07881772518157959,0.06687698513269424,0.045511212199926376,0.050867825746536255,0.10264410823583603,0.021437348797917366
CTGTAGCCACATTGGC,0.0773487463593483,0.03963610157370567,1.267102837562561,0.09100628644227982,0.1253562718629837,0.08829528093338013
CTGTAGCCACCACTGT,0.2124333530664444,0.11863934993743896,0.598472535610199,0.06791643053293228,0.06190883368253708,0.5089929103851318
CTGTAGCCACCTCCAA,0.20450110733509064,0.0482974648475647,0.12840047478675842,0.17599353194236755,0.07555517554283142,0.20398403704166412
CTGTAGCCACGCTCGA,0.42930999398231506,0.20547157526016235,0.20288586616516113,0.11236608773469925,0.11760455369949341,0.3954777717590332
CTGTAGCCACGTATCA,1.4069536924362183,0.7297312617301941,0.2925284206867218,0.632352352142334,0.4551781117916107,0.5451174974441528
CTGTAGCCACTATGCA,0.10668667405843735,0.050347551703453064,0.058845143765211105,0.05186081305146217,0.05970553308725357,0.018831757828593254
CTGTAGCCAGAGTCAA,0.04866466671228409,0.1690448820590973,0.17348845303058624,0.055116232484579086,0.14653708040714264,0.08891233056783676
CTGTAGCCAGATCGCA,0.07422133535146713,0.06823563575744629,0.13896626234054565,0.48014533519744873,0.416836678981781,0.1117943674325943
CTGTAGCCAGCAGGAA,0.06672025471925735,0.06763690710067749,0.1748996526002884,0.2731102705001831,0.13110952079296112,0.06130101531744003
CTGTAGCCAGTACAAG,0.18116748332977295,0.05501877889037132,0.17052632570266724,0.2960726320743561,0.1043277233839035,0.19661247730255127
CTGTAGCCAGTCACTA,0.18407078087329865,0.07078660279512405,0.612865149974823,0.2597854435443878,0.13198161125183105,0.20421631634235382
CTGTAGCCAGTGGTCA,0.05076233670115471,0.028424831107258797,0.02692665345966816,0.022175179794430733,0.006847452372312546,0.03046218305826187
CTGTAGCCATCCTGTA,0.07795446366071701,0.05348166078329086,0.28415054082870483,0.12152233719825745,0.10001970082521439,0.13305561244487762
CTGTAGCCATGCCTAA,0.6463492512702942,0.1755603849887848,1.67818284034729,1.5583752393722534,0.47423750162124634,1.876441240310669
CTGTAGCCATTGAGGA,0.056222736835479736,0.02091529592871666,0.1003996729850769,0.02075621299445629,0.026442617177963257,0.028762128204107285
CTGTAGCCCAACCACA,0.027394279837608337,0.04101087525486946,0.02413862943649292,0.028855692595243454,0.0210562776774168,0.08074834197759628
CTGTAGCCCAAGACTA,0.2355688065290451,0.2441055327653885,2.6227614879608154,1.6331168413162231,0.569119930267334,1.6044872999191284
CTGTAGCCCAATGGAA,0.04876349866390228,0.038188911974430084,0.02378435805439949,0.15237055718898773,0.020561888813972473,0.015222841873764992
CTGTAGCCCACTTCGA,0.05076516792178154,0.028814582154154778,0.03140188008546829,0.1194254606962204,0.024012496694922447,0.09240701794624329
CTGTAGCCCAGATCTG,1.0044512748718262,1.7107478380203247,0.6721000671386719,0.8352131843566895,0.7470663785934448,0.40550482273101807
CTGTAGCCCAGCGTTA,0.09806907922029495,0.024692213162779808,0.028011173009872437,0.029980525374412537,0.018892772495746613,0.0671083927154541
CTGTAGCCCATACCAA,0.038029272109270096,0.026289882138371468,0.10082581639289856,0.08216378092765808,0.013664857484400272,0.11233595013618469
CTGTAGCCCATCAAGT,0.5723914504051208,0.38857048749923706,0.5900417566299438,0.4652934670448303,0.4101108908653259,0.6568896770477295
CTGTAGCCCCAGTTCA,0.03500078618526459,0.041046347469091415,0.05996730178594589,0.03585260733962059,0.03128686174750328,0.027204759418964386
CTGTAGCCCCGAAGTA,0.044193677604198456,0.031712111085653305,0.0805744081735611,0.017603961750864983,0.024643059819936752,0.059820275753736496
CTGTAGCCCCGTGAGA,0.03755370154976845,0.03666957840323448,0.1185978576540947,0.2474585771560669,0.031944796442985535,0.09946293383836746
CTGTAGCCCCTCCTGA,0.050358809530735016,0.03499912843108177,0.14966459572315216,0.0638909637928009,0.02387971244752407,0.03372432291507721
CTGTAGCCCGAACTTA,0.3352539539337158,0.1282537430524826,1.9460309743881226,0.6812450289726257,0.2253480851650238,0.06310101598501205
CTGTAGCCCGACTGGA,0.32480165362358093,0.16828009486198425,2.58005952835083,0.37785765528678894,0.3584615886211395,0.13706670701503754
CTGTAGCCCGCATACA,0.09295587986707687,0.07796601206064224,0.28236305713653564,0.9926506280899048,0.19347786903381348,0.16664883494377136
CTGTAGCCCGCTGATC,0.2936781048774719,0.21397536993026733,0.19226527214050293,0.286590039730072,0.2582799196243286,0.2455725073814392
CTGTAGCCCTCAATGA,0.10263204574584961,0.03788791969418526,0.23681320250034332,0.20282331109046936,0.1250647008419037,0.04606497287750244
CTGTAGCCCTGAGCCA,0.09302370250225067,0.10480707883834839,0.1494988650083542,0.8295584321022034,0.04443299025297165,0.15888555347919464
CTGTAGCCCTGGCATA,0.04953331872820854,0.06221993267536163,0.04213716462254524,0.44815558195114136,0.05399300530552864,0.2597314417362213
CTGTAGCCCTGTAGCC,0.20941117405891418,0.04936870560050011,0.13887204229831696,0.12652836740016937,0.30324822664260864,0.16631536185741425
CTGTAGCCGAATCTGA,0.07683654129505157,0.07543441653251648,0.5051760077476501,0.16156522929668427,0.19801262021064758,0.15949004888534546
CTGTAGCCGACTAGTA,0.05469634383916855,0.03236560523509979,0.025238461792469025,0.04029715806245804,0.014855194836854935,0.014681223779916763
CTGTAGCCGAGCTGAA,0.08351346105337143,0.057787589728832245,0.10123280435800552,0.12845304608345032,0.02627905271947384,0.18710292875766754
CTGTAGCCGATAGACA,0.8218259215354919,0.1658516228199005,0.7274529933929443,0.5444862246513367,0.15464097261428833,0.5756512880325317
CTGTAGCCGCCACATA,0.10405934602022171,0.036776501685380936,0.18307247757911682,0.030238429084420204,0.04095417261123657,0.04007288068532944
GAATCTGAAAACATCG,0.14678248763084412,0.05648579075932503,0.3861093819141388,0.832112193107605,0.06936857849359512,0.07821161299943924
GAATCTGAAACAACCA,0.10698515921831131,0.04147292673587799,0.03761613368988037,0.11616471409797668,0.02812775783240795,0.09369711577892303
GAATCTGAAACCGAGA,0.4376920163631439,0.07916855812072754,0.2271278202533722,1.1909669637680054,0.11026228219270706,0.29158690571784973
GAATCTGAAACGCTTA,0.2534792125225067,0.0665130540728569,0.1213298812508583,0.3454059958457947,0.05607869103550911,0.4042504131793976
GAATCTGAAACGTGAT,0.276532381772995,0.044685930013656616,0.37213990092277527,0.7729525566101074,0.07195395976305008,0.05005491152405739
GAATCTGAAAGACGGA,0.3216707110404968,0.11566825211048126,0.44172218441963196,0.1963774859905243,0.3058949410915375,1.2821519374847412
GAATCTGAAAGGTACA,0.4671393632888794,0.07094711810350418,0.5348827242851257,0.554449737071991,0.2518748939037323,1.6237291097640991
GAATCTGAACAAGCTA,0.09051995724439621,0.0538288950920105,0.06573595851659775,0.326015442609787,0.01894635707139969,0.08466088771820068
GAATCTGAACACAGAA,0.31626206636428833,0.05734023451805115,0.29342326521873474,0.6002497673034668,0.04717160388827324,1.9110084772109985
GAATCTGAACAGCAGA,0.21896038949489594,0.0834474191069603,0.14234387874603271,0.19238293170928955,0.03584597632288933,0.052800510078668594
GAATCTGAACATTGGC,0.059417955577373505,0.030309107154607773,0.1161082312464714,0.17064669728279114,0.12886913120746613,0.12559950351715088
GAATCTGAACCACTGT,0.08818251639604568,0.038928158581256866,0.29558494687080383,0.4309866726398468,0.09587205201387405,0.024389520287513733
GAATCTGAACCTCCAA,0.8299967050552368,0.7923689484596252,0.5007020831108093,0.6250512003898621,0.24075952172279358,0.25814247131347656
GAATCTGAACGCTCGA,1.3215980529785156,2.2802600860595703,1.5403722524642944,1.2736085653305054,0.5041963458061218,0.9134442806243896
GAATCTGAACGTATCA,1.3162128925323486,2.161834716796875,1.134774923324585,1.8427550792694092,0.46038463711738586,1.723366379737854
GAATCTGAACTATGCA,0.518158495426178,0.07994047552347183,1.9916465282440186,0.21460120379924774,0.3391084372997284,0.42130231857299805
GAATCTGAAGAGTCAA,0.3381250500679016,0.033272791653871536,0.08719629049301147,0.10817359387874603,0.033773306757211685,0.06542464345693588
GAATCTGAAGATCGCA,0.5321560502052307,0.04326750338077545,0.77461177110672,0.21891836822032928,0.052836377173662186,0.24058368802070618
GAATCTGAAGCAGGAA,0.5271554589271545,0.0634474977850914,0.8661386370658875,0.4794318377971649,0.21541786193847656,0.1625041961669922
GAATCTGAAGTACAAG,0.1251794993877411,0.11081542074680328,0.5336869955062866,0.20028093457221985,0.03451422601938248,0.03030678629875183
GAATCTGAAGTCACTA,0.4258595407009125,0.10517910867929459,0.6284107565879822,0.15386433899402618,0.2223866581916809,0.24690130352973938
GAATCTGAAGTGGTCA,0.1019502505660057,0.03620391711592674,0.02001304365694523,0.5743514895439148,0.020185716450214386,0.11529988050460815
GAATCTGAATCCTGTA,0.4282655119895935,0.08910712599754333,0.33208268880844116,0.3815730810165405,0.13817211985588074,0.08990699052810669
GAATCTGAATGCCTAA,0.10421444475650787,0.17204543948173523,0.16509580612182617,1.5089889764785767,0.4850788712501526,0.0495058074593544
GAATCTGAATTGAGGA,0.35274845361709595,0.1310577392578125,0.17186479270458221,0.35870444774627686,0.21225763857364655,0.3448949158191681
GAATCTGACAACCACA,0.6489319205284119,0.10162654519081116,0.7106714844703674,0.8365744352340698,0.3804725408554077,0.4684068560600281
GAATCTGACAAGACTA,0.05398185923695564,0.029233599081635475,0.07484716922044754,0.16457068920135498,0.04188360646367073,0.19877736270427704
GAATCTGACAATGGAA,0.4191250205039978,0.09296669811010361,0.20090769231319427,0.6412800550460815,0.29234951734542847,0.3628517985343933
GAATCTGACACTTCGA,0.4928313195705414,0.04227884113788605,0.5584241151809692,0.40492600202560425,0.16734753549098969,0.07565294206142426
GAATCTGACAGATCTG,0.057185590267181396,0.04006623104214668,0.054375965148210526,0.36833107471466064,0.059839535504579544,0.09215791523456573
GAATCTGACAGCGTTA,0.40342989563941956,0.07556270807981491,0.8271820545196533,0.23413154482841492,0.2029656022787094,0.10869152098894119
GAATCTGACATACCAA,0.2250019758939743,0.08479495346546173,0.05871397256851196,0.2392200231552124,0.07421829551458359,0.08089523017406464
GAATCTGACATCAAGT,0.17749354243278503,0.03520345687866211,0.046252451837062836,0.4779031574726105,0.23521164059638977,0.08733589947223663
GAATCTGACCAGTTCA,0.16969101130962372,0.08456570655107498,0.24536600708961487,0.24259544909000397,0.1113123670220375,0.10021120309829712
GAATCTGACCGAAGTA,0.22783444821834564,0.056690145283937454,0.4209136664867401,0.17023134231567383,0.09637483954429626,0.047760240733623505
GAATCTGACCGTGAGA,0.17997078597545624,0.05932972580194473,2.4542293548583984,0.29429250955581665,0.5323535799980164,0.2090906798839569
GAATCTGACCTCCTGA,0.19836977124214172,0.05270571634173393,0.15819033980369568,0.1304457038640976,0.10893964767456055,0.3353375494480133
GAATCTGACGAACTTA,0.1316329389810562,0.08204612135887146,1.5054682493209839,0.4071446359157562,0.2156400829553604,0.1741204857826233
GAATCTGACGACTGGA,0.19073358178138733,0.10210121423006058,0.6709616184234619,0.14403578639030457,0.1610497683286667,0.16729028522968292
GAATCTGACGCATACA,0.12350001186132431,0.03863774240016937,0.03832043707370758,0.0969422310590744,0.05265011638402939,0.05689223110675812
GAATCTGACGCTGATC,0.14199551939964294,0.03855505213141441,0.11752612888813019,0.14280939102172852,0.022586936131119728,0.059480659663677216
GAATCTGACTCAATGA,0.1411636620759964,0.09228447079658508,0.27686935663223267,0.1687784343957901,0.07468339055776596,0.16399715840816498
GAATCTGACTGAGCCA,0.6617735624313354,0.4956720769405365,0.5716742873191833,0.4448912739753723,0.2138412743806839,0.45575547218322754
GAATCTGACTGGCATA,0.6977280974388123,0.19976811110973358,1.8213969469070435,2.33789324760437,0.7244405746459961,2.1014273166656494
GAATCTGACTGTAGCC,0.0801977887749672,0.02407219260931015,0.2323678433895111,0.10097482055425644,0.029209641739726067,0.021420611068606377
GAATCTGAGAATCTGA,0.11530370265245438,0.049921609461307526,0.163228377699852,0.053664833307266235,0.06744984537363052,0.10807991027832031
GAATCTGAGACTAGTA,0.5334691405296326,0.19429025053977966,1.059798240661621,0.5463384985923767,0.16239586472511292,0.24738585948944092
GAATCTGAGAGCTGAA,0.5598787665367126,0.10251930356025696,0.049804672598838806,0.9077867865562439,0.11279132217168808,0.3134293556213379
GAATCTGAGATAGACA,0.49007007479667664,0.05190820246934891,0.39559751749038696,1.0657645463943481,0.20437701046466827,0.06582237035036087
GAATCTGAGCCACATA,0.09055125713348389,0.02941901981830597,0.3521134555339813,0.05352586880326271,0.022641807794570923,0.04591847583651543
GACTAGTAAAACATCG,0.0961746796965599,0.031215094029903412,0.022574106231331825,0.04954910650849342,0.03661562502384186,0.17275311052799225
GACTAGTAAACAACCA,1.9091991186141968,3.22819185256958,0.6927064657211304,1.166705846786499,0.5750985741615295,1.1116077899932861
GACTAGTAAACCGAGA,1.5389240980148315,0.26592904329299927,1.368280291557312,0.7324918508529663,0.44157615303993225,0.886471688747406
GACTAGTAAACGCTTA,0.17117923498153687,0.12711450457572937,0.9269764423370361,0.6522508263587952,0.3349340856075287,0.11810414493083954
GACTAGTAAACGTGAT,0.12784211337566376,0.06144504249095917,0.024187671020627022,0.21140633523464203,0.06914086639881134,0.12856252491474152
GACTAGTAAAGACGGA,0.40769702196121216,0.07891945540904999,1.296586036682129,0.6203958988189697,0.2717972695827484,0.2980586290359497
GACTAGTAAAGGTACA,0.8294091820716858,0.222273051738739,0.9426366090774536,0.6349542140960693,0.41972455382347107,0.40743884444236755
GACTAGTAACAAGCTA,0.15659880638122559,0.09075446426868439,0.2837286591529846,0.05722493678331375,0.029570532962679863,0.1468028426170349
GACTAGTAACACAGAA,0.42831307649612427,0.11674205213785172,0.10788560658693314,0.5943149328231812,0.22074906527996063,0.3997005224227905
GACTAGTAACAGCAGA,0.46022433042526245,0.06292253732681274,0.24712124466896057,0.3807653784751892,0.12311544269323349,0.3513440191745758
GACTAGTAACATTGGC,0.08815369755029678,0.04893386363983154,0.08416378498077393,0.7791122198104858,0.17089547216892242,0.17470069229602814
GACTAGTAACCACTGT,0.17271701991558075,0.07144518196582794,0.3046915829181671,0.13106101751327515,0.1195928305387497,0.3008439242839813
GACTAGTAACCTCCAA,0.392574667930603,0.10213900357484818,0.29592904448509216,0.35973700881004333,0.49663612246513367,0.1136002317070961
GACTAGTAACGCTCGA,0.9742911458015442,0.13934653997421265,0.3710477948188782,0.49498534202575684,0.5512608885765076,0.36451825499534607
GACTAGTAACGTATCA,0.7427256107330322,0.08190757781267166,3.3935723304748535,1.6510958671569824,0.6389248967170715,0.3623654842376709
GACTAGTAACTATGCA,0.4393215477466583,0.15381084382534027,0.17981469631195068,0.11402728408575058,0.22582803666591644,0.12422040104866028
GACTAGTAAGAGTCAA,0.30817273259162903,0.040715813636779785,0.08891922235488892,0.0199289433658123,0.01743059791624546,0.11028850078582764
GACTAGTAAGATCGCA,0.2914663851261139,0.08838240802288055,0.8808163404464722,0.24735485017299652,0.27686968445777893,0.5269315838813782
GACTAGTAAGCAGGAA,0.32257431745529175,0.10965196788311005,1.0457868576049805,0.47981828451156616,0.13704752922058105,0.08978374302387238
GACTAGTAAGTACAAG,0.5282547473907471,0.1584082394838333,0.1461174488067627,0.08426183462142944,0.2940756678581238,0.1023654043674469
GACTAGTAAGTCACTA,0.15901699662208557,0.06309773027896881,0.07569193094968796,0.21471665799617767,0.17210470139980316,0.4164564311504364
GACTAGTAAGTGGTCA,0.03046715259552002,0.015789972618222237,0.012305188924074173,0.028099728748202324,0.00851838942617178,0.013810640200972557
GACTAGTAATCCTGTA,0.102223239839077,0.07737458497285843,0.15729670226573944,0.1905871480703354,0.031002022325992584,0.07038318365812302
GACTAGTAATGCCTAA,0.038436006754636765,0.05689214915037155,0.08775702118873596,0.19218191504478455,0.037724368274211884,0.09136269986629486
GACTAGTAATTGAGGA,0.4253104329109192,0.1241869106888771,0.5965574383735657,1.1248518228530884,0.3995390236377716,0.2428305596113205
GACTAGTACAACCACA,0.10918010771274567,0.0425630584359169,0.22591844201087952,0.5569056272506714,0.3044358789920807,0.19314445555210114
GACTAGTACAAGACTA,0.12461124360561371,0.09149173647165298,0.02979241870343685,0.14109008014202118,0.11893507093191147,0.06465514004230499
GACTAGTACAATGGAA,0.09336336702108383,0.037083107978105545,0.08877052366733551,0.11034324020147324,0.07842878252267838,0.10928354412317276
GACTAGTACACTTCGA,0.20819059014320374,0.1295311599969864,0.12004092335700989,0.08096426725387573,0.14889244735240936,0.1323011964559555
GACTAGTACAGATCTG,0.09513919055461884,0.047631703317165375,0.20394127070903778,0.2378096729516983,0.052384622395038605,0.09834534674882889
GACTAGTACAGCGTTA,0.1087886318564415,0.1262115091085434,0.14352627098560333,0.8928907513618469,0.09511805325746536,0.05077320709824562
GACTAGTACATACCAA,0.07314351946115494,0.04111278057098389,0.3607495129108429,0.12274527549743652,0.24651652574539185,0.08373772352933884
GACTAGTACATCAAGT,0.203879714012146,0.08278904110193253,0.14798401296138763,0.3617194890975952,0.15413901209831238,0.08525422215461731
GACTAGTACCAGTTCA,0.1805093139410019,0.044246066361665726,0.058005355298519135,0.6534960269927979,0.12765565514564514,0.05575348436832428
GACTAGTACCGAAGTA,0.1505938470363617,0.033090852200984955,0.09014508873224258,0.035091351717710495,0.11502119153738022,0.23280169069766998
GACTAGTACCGTGAGA,0.13821591436862946,0.27728983759880066,0.1489642709493637,0.2393179088830948,0.05569911748170853,0.08231189101934433
GACTAGTACCTCCTGA,0.10137638449668884,0.05506566911935806,0.5538042187690735,0.19384969770908356,0.19996358454227448,0.17785152792930603
GACTAGTACGAACTTA,0.2052350491285324,0.05628442019224167,0.13471205532550812,0.1272626370191574,0.10205616801977158,0.11893507093191147
GACTAGTACGACTGGA,0.2508692443370819,0.06561315059661865,0.27080878615379333,0.1020360216498375,0.12450561672449112,0.12342830002307892
GACTAGTACGCATACA,0.21085897088050842,0.06682239472866058,1.1054028272628784,0.12572365999221802,0.0912972167134285,0.14897799491882324
GACTAGTACGCTGATC,0.15852420032024384,0.05071551352739334,0.3385094106197357,0.044167257845401764,0.12509407103061676,0.12220986932516098
GACTAGTACTCAATGA,0.16967958211898804,0.02109343931078911,0.09230095148086548,0.08257222920656204,0.018451515585184097,0.04559642821550369
GACTAGTACTGAGCCA,0.15880021452903748,0.01916726492345333,0.04820271208882332,0.06518402695655823,0.03549094870686531,0.015393553301692009
GACTAGTACTGGCATA,0.16279436647891998,0.055119745433330536,0.6425160765647888,0.16906128823757172,0.14270004630088806,0.3406423032283783
GACTAGTACTGTAGCC,0.06692267954349518,0.04035406559705734,0.07203181833028793,0.12630487978458405,0.05557822063565254,0.0510297566652298
GACTAGTAGAATCTGA,0.17809627950191498,0.022019824013113976,0.22983983159065247,0.051178500056266785,0.025393102318048477,0.04516087472438812
GACTAGTAGACTAGTA,0.14779992401599884,0.054500043392181396,0.029034672304987907,0.056860607117414474,0.027319220826029778,0.4890488088130951
GACTAGTAGAGCTGAA,0.2646239995956421,0.059370703995227814,0.20289793610572815,0.7961748242378235,0.09247860312461853,0.43127062916755676
GACTAGTAGATAGACA,0.20133036375045776,0.09567070007324219,0.5855925679206848,0.13798102736473083,0.039781276136636734,0.14730308949947357
GACTAGTAGCCACATA,0.6373246908187866,0.16436456143856049,0.40404731035232544,0.9167236089706421,0.077957384288311,0.4511726498603821
GAGCTGAAAAACATCG,0.11765315383672714,0.025302663445472717,0.04995599389076233,0.2704131007194519,0.06861215084791183,0.058301810175180435
GAGCTGAAAACAACCA,0.19946694374084473,0.03591044619679451,0.1641179919242859,0.06851141899824142,0.1098482683300972,0.1308099776506424
GAGCTGAAAACCGAGA,0.1739358752965927,0.04711062088608742,0.24705417454242706,0.29549640417099,0.08190687000751495,0.017473788931965828
GAGCTGAAAACGCTTA,0.2671153247356415,0.11503446847200394,0.5185900330543518,0.5633978843688965,0.06625938415527344,0.12633535265922546
GAGCTGAAAACGTGAT,0.2192174196243286,0.036872267723083496,0.07110417634248734,0.3517896234989166,0.28406333923339844,0.1480681300163269
GAGCTGAAAAGACGGA,0.17823933064937592,0.06175461784005165,0.1833425909280777,0.1272922158241272,0.14083334803581238,0.029220208525657654
GAGCTGAAAAGGTACA,0.27218109369277954,0.05486562103033066,0.04579706862568855,0.061610691249370575,0.020526759326457977,0.062232855707407
GAGCTGAAACAAGCTA,0.11323285847902298,0.06639175862073898,0.1323128342628479,0.6851049065589905,0.059901900589466095,0.27213650941848755
GAGCTGAAACACAGAA,0.2457827776670456,0.028098776936531067,0.06513712555170059,0.16529087722301483,0.020319504663348198,0.05141163617372513
GAGCTGAAACAGCAGA,0.48265430331230164,0.07685104757547379,0.1990635097026825,0.10225436836481094,0.11492716521024704,0.30173972249031067
GAGCTGAAACATTGGC,0.13480186462402344,0.03870655223727226,0.6531188488006592,0.9784901738166809,0.13491088151931763,0.06913451850414276
GAGCTGAAACCACTGT,0.30070066452026367,0.10118690878152847,0.2614099383354187,0.881174623966217,0.2381981611251831,0.2551133632659912
GAGCTGAAACCTCCAA,0.20362383127212524,0.01603642664849758,0.009915047325193882,0.025148961693048477,0.008025892078876495,0.08698290586471558
GAGCTGAAACGCTCGA,0.4914936125278473,0.0804792046546936,1.5133253335952759,0.2425142228603363,0.1931484192609787,0.13321202993392944
GAGCTGAAACGTATCA,1.1885652542114258,1.3933378458023071,1.716087818145752,0.7720808386802673,0.33951249718666077,0.7235523462295532
GAGCTGAAACTATGCA,0.6658418774604797,1.062419056892395,1.2755632400512695,0.9075543880462646,0.28082406520843506,0.9312990307807922
GAGCTGAAAGAGTCAA,0.945824146270752,0.47610795497894287,0.7869913578033447,0.40036410093307495,0.24024681746959686,0.7900662422180176
GAGCTGAAAGATCGCA,0.42764347791671753,0.03673526644706726,0.391725093126297,0.11840499937534332,0.1273409128189087,0.0449923500418663
GAGCTGAAAGCAGGAA,0.45549654960632324,0.19441857933998108,1.5313037633895874,0.4596678912639618,0.15236681699752808,0.16574044525623322
GAGCTGAAAGTACAAG,0.16423144936561584,0.06271841377019882,0.6397150158882141,0.5040917992591858,0.2180623561143875,0.20194141566753387
GAGCTGAAAGTCACTA,0.1961682289838791,0.024682654067873955,0.07484924048185349,0.07935086637735367,0.03127682954072952,0.023836443200707436
GAGCTGAAAGTGGTCA,0.08436672389507294,0.0285565834492445,0.04673248156905174,0.3084457814693451,0.032802898436784744,0.045510388910770416
GAGCTGAAATCCTGTA,0.4985370635986328,0.06626478582620621,0.0583597756922245,0.07178867608308792,0.13147972524166107,0.2638844847679138
GAGCTGAAATGCCTAA,0.14632049202919006,0.07747194170951843,0.045733291655778885,0.9570494890213013,0.04673003777861595,0.03384782373905182
GAGCTGAAATTGAGGA,0.499894917011261,0.08495315909385681,0.0962609127163887,0.4209475815296173,0.06780021637678146,0.18941141664981842
GAGCTGAACAACCACA,0.10132493823766708,0.025339210405945778,0.01990559883415699,0.13043126463890076,0.01818000338971615,0.026334447786211967
GAGCTGAACAAGACTA,0.4411059021949768,0.060951512306928635,0.22594287991523743,0.8395170569419861,0.1529824137687683,0.5109568238258362
GAGCTGAACAATGGAA,0.1275961697101593,0.030619105324149132,0.04509713500738144,0.05366111174225807,0.04698832705616951,0.057987239211797714
GAGCTGAACACTTCGA,0.27418315410614014,0.08162899315357208,0.044680893421173096,0.08785100281238556,0.08784649521112442,0.023564830422401428
GAGCTGAACAGATCTG,0.32109540700912476,0.10834477096796036,0.06685014069080353,0.6910331845283508,0.14096973836421967,0.06353215873241425
GAGCTGAACAGCGTTA,0.23055559396743774,0.10635535418987274,0.4217751622200012,0.8485544323921204,0.3667963445186615,0.10503804683685303
GAGCTGAACATACCAA,0.15366385877132416,0.0570608414709568,0.03796173632144928,0.028133079409599304,0.01395754050463438,0.044255878776311874
GAGCTGAACATCAAGT,0.29598745703697205,0.07657963782548904,0.07383313775062561,0.8197709321975708,0.0821554884314537,0.1341315358877182
GAGCTGAACCAGTTCA,0.375529021024704,0.15939714014530182,0.23096881806850433,0.21748976409435272,0.09185865521430969,0.17415057122707367
GAGCTGAACCGAAGTA,0.14059533178806305,0.05567215383052826,0.11340522766113281,0.15110163390636444,0.14860254526138306,0.13786517083644867
GAGCTGAACCGTGAGA,0.18192674219608307,0.04014751687645912,0.014925223775207996,0.04149502143263817,0.01220120582729578,0.06401149183511734
GAGCTGAACCTCCTGA,0.2364821881055832,0.09169159084558487,0.255670964717865,0.20851874351501465,0.15475594997406006,0.08050639927387238
GAGCTGAACGAACTTA,0.5273047685623169,0.13827848434448242,0.30415114760398865,0.22047194838523865,0.11305832862854004,0.3466121256351471
GAGCTGAACGACTGGA,0.19239503145217896,0.07754655927419662,1.1552448272705078,0.11244069039821625,0.11047221720218658,0.15851348638534546
GAGCTGAACGCATACA,0.08162420243024826,0.04937289282679558,1.4050588607788086,0.10473968088626862,0.27363121509552,0.9398512840270996
GAGCTGAACGCTGATC,0.07510708272457123,0.03115343675017357,0.021986374631524086,0.2136889547109604,0.08290708065032959,0.015786509960889816
GAGCTGAACTCAATGA,0.5562736988067627,0.36828452348709106,0.34033098816871643,0.1293024867773056,0.06184794753789902,0.8807889819145203
GAGCTGAACTGAGCCA,0.738760232925415,1.0222325325012207,0.15991738438606262,0.44370386004447937,0.34776636958122253,0.28743284940719604
GAGCTGAACTGGCATA,0.73091721534729,0.22776265442371368,1.8967291116714478,1.1624884605407715,0.10372702777385712,2.0861430168151855
GAGCTGAACTGTAGCC,0.053037915378808975,0.0627349466085434,0.037164829671382904,0.122066430747509,0.06741832196712494,0.08184122294187546
GAGCTGAAGAATCTGA,0.16777221858501434,0.0627586618065834,0.6363295912742615,0.3954097032546997,0.028818612918257713,0.14282414317131042
GAGCTGAAGACTAGTA,0.09344400465488434,0.025205176323652267,0.03789803013205528,0.07613995671272278,0.02934514358639717,0.140322744846344
GAGCTGAAGAGCTGAA,0.6074469685554504,0.06804348528385162,1.1054085493087769,0.33002331852912903,0.044745057821273804,0.08755136281251907
GAGCTGAAGATAGACA,0.7248122096061707,0.06861758232116699,0.4961937665939331,1.1038953065872192,0.11053399741649628,0.32496532797813416
GAGCTGAAGCCACATA,0.37157440185546875,0.03871038183569908,0.11665226519107819,0.9182289242744446,0.0386381559073925,0.01756911911070347
GATAGACAAAACATCG,0.07837183028459549,0.025424519553780556,0.014875843189656734,0.096492238342762,0.013108596205711365,0.024554025381803513
GATAGACAAACAACCA,0.1280294805765152,0.08998953551054001,0.3915856182575226,0.29468247294425964,0.1918841302394867,0.2963450253009796
GATAGACAAACCGAGA,0.025789542123675346,0.021919939666986465,0.04003777354955673,0.30239927768707275,0.026587890461087227,0.02066865749657154
GATAGACAAACGCTTA,0.07395654916763306,0.07208628207445145,0.08254742622375488,0.21637210249900818,0.024476919323205948,0.11497247219085693
GATAGACAAACGTGAT,0.3305855393409729,0.05157419666647911,0.2603912353515625,0.686145007610321,0.058976415544748306,0.06867530941963196
GATAGACAAAGACGGA,0.1199701726436615,0.050265055149793625,0.1436804085969925,0.1013968363404274,0.03209666535258293,0.055096302181482315
GATAGACAAAGGTACA,0.11537731438875198,0.03408098965883255,0.0644858255982399,0.19784174859523773,0.07050181180238724,0.11758144944906235
GATAGACAACAAGCTA,0.08722908049821854,0.07538055628538132,0.06461775302886963,0.4530792534351349,0.09137805551290512,0.019168881699442863
GATAGACAACACAGAA,0.3618108034133911,0.09143912047147751,0.14224720001220703,0.23494161665439606,0.11093709617853165,0.27126702666282654
GATAGACAACAGCAGA,0.33532989025115967,0.07678579539060593,0.06398019939661026,0.2304537296295166,0.1288239061832428,0.16861209273338318
GATAGACAACATTGGC,0.23321285843849182,0.059125348925590515,0.4810120761394501,1.4578617811203003,0.09693416953086853,0.0418851412832737
GATAGACAACCACTGT,0.12123506516218185,0.03708517551422119,0.09404748678207397,0.9752889275550842,0.045474108308553696,0.11662015318870544
GATAGACAACCTCCAA,0.39854055643081665,0.04242837801575661,0.041197940707206726,0.11200227588415146,0.07803904265165329,0.12136285752058029
GATAGACAACGCTCGA,0.47410836815834045,0.052824560552835464,0.27322641015052795,0.06405089795589447,0.1902766078710556,0.2457013726234436
GATAGACAACGTATCA,0.32873910665512085,0.10139519721269608,0.1986401379108429,0.49572664499282837,0.2975887060165405,0.3862926959991455
GATAGACAACTATGCA,0.769483208656311,0.8815979957580566,1.3484877347946167,1.0771350860595703,0.9241198301315308,1.3245397806167603
GATAGACAAGAGTCAA,0.6879180669784546,0.707464337348938,0.9884876012802124,1.0281263589859009,0.7058508396148682,0.8769142627716064
GATAGACAAGATCGCA,0.3777804374694824,0.27065443992614746,0.884859025478363,0.5099660158157349,0.8438552618026733,0.572521984577179
GATAGACAAGCAGGAA,0.6835266947746277,0.05720953270792961,0.5321558117866516,0.42806148529052734,0.16776227951049805,0.6265715956687927
GATAGACAAGTACAAG,0.09224819391965866,0.03760445863008499,0.12364926189184189,0.2576618194580078,0.10894397646188736,0.06412167102098465
GATAGACAAGTCACTA,0.5730194449424744,0.08165886998176575,1.0854636430740356,0.6927976608276367,0.39410948753356934,0.39401811361312866
GATAGACAAGTGGTCA,0.1251828968524933,0.039403703063726425,0.0995468944311142,0.27466434240341187,0.08117365092039108,0.05885446071624756
GATAGACAATCCTGTA,0.4404268264770508,0.046054184436798096,0.13634909689426422,0.2128928005695343,0.0981508269906044,0.13090457022190094
GATAGACAATGCCTAA,0.0737355425953865,0.03196803480386734,0.028478998690843582,0.1649247407913208,0.1288686841726303,0.021149974316358566
GATAGACAATTGAGGA,0.08247428387403488,0.028758898377418518,0.06567282229661942,0.07301720976829529,0.041226886212825775,0.13700222969055176
GATAGACACAACCACA,0.2796429693698883,0.05101197212934494,0.031145401298999786,0.16673241555690765,0.035339370369911194,0.02117500640451908
GATAGACACAAGACTA,0.28804317116737366,0.05070757865905762,0.10670921951532364,0.08223479986190796,0.0807439535856247,0.5109860301017761
GATAGACACAATGGAA,0.07221394032239914,0.044065479189157486,0.2123022973537445,0.11350181698799133,0.1643664389848709,0.05149111524224281
GATAGACACACTTCGA,0.4121057391166687,0.19559822976589203,0.09327329695224762,0.23883429169654846,0.13864582777023315,0.21946707367897034
GATAGACACAGATCTG,0.11937988549470901,0.07141192257404327,0.4300450086593628,1.2740720510482788,0.2478695809841156,0.12708260118961334
GATAGACACAGCGTTA,0.2424933761358261,0.08926628530025482,0.10206560045480728,0.274181991815567,0.13587020337581635,0.13900361955165863
GATAGACACATACCAA,0.6879327893257141,0.20626817643642426,0.43366461992263794,0.10290146619081497,0.2814514636993408,0.2724706530570984
GATAGACACATCAAGT,0.16478006541728973,0.04578045383095741,0.4047219157218933,1.58747136592865,0.05738883838057518,0.049016792327165604
GATAGACACCAGTTCA,0.08850494772195816,0.1680831015110016,0.40660831332206726,0.03847212716937065,0.05824649706482887,0.13454517722129822
GATAGACACCGAAGTA,0.1882021278142929,0.04892685264348984,0.44348183274269104,0.18173588812351227,0.15855573117733002,0.03541621193289757
GATAGACACCGTGAGA,0.1807926744222641,0.042076174169778824,0.09242918342351913,0.0324760265648365,0.03035874105989933,0.0987020879983902
GATAGACACCTCCTGA,0.12786759436130524,0.09560966491699219,1.012458324432373,0.23384176194667816,0.37182459235191345,0.751756489276886
GATAGACACGAACTTA,0.20722931623458862,0.0574602410197258,1.1404160261154175,0.21429553627967834,0.2851037383079529,0.4545220136642456
GATAGACACGACTGGA,0.5183667540550232,0.09070476144552231,0.7912675142288208,0.28046658635139465,0.3998648524284363,0.2731750011444092
GATAGACACGCATACA,0.230821892619133,0.05570882931351662,1.2298511266708374,0.12425262480974197,0.046755656599998474,0.22564677894115448
GATAGACACGCTGATC,0.05643599480390549,0.039485447108745575,0.08015424758195877,0.6196591258049011,0.04177740961313248,0.06424075365066528
GATAGACACTCAATGA,0.30164438486099243,0.06922757625579834,0.18437622487545013,0.19377027451992035,0.02452208660542965,0.5223398804664612
GATAGACACTGAGCCA,0.5627421736717224,0.22333389520645142,0.2802984118461609,0.07999632507562637,0.05979740619659424,0.08147325366735458
GATAGACACTGGCATA,0.7830497622489929,0.16356469690799713,1.298559308052063,0.7479016780853271,0.293695330619812,0.982055127620697
GATAGACACTGTAGCC,0.09592944383621216,0.06908713281154633,0.043242670595645905,0.34004366397857666,0.0705520510673523,0.03770560026168823
GATAGACAGAATCTGA,0.3418467044830322,0.0645933449268341,0.29072055220603943,0.2618406414985657,0.08369917422533035,0.16243132948875427
GATAGACAGACTAGTA,0.13815565407276154,0.021572407335042953,0.04035981744527817,0.027947967872023582,0.013436386361718178,0.06368214637041092
GATAGACAGAGCTGAA,0.8858488202095032,0.0541723407804966,0.3523586392402649,1.3210793733596802,0.07142873108386993,0.4526294767856598
GATAGACAGATAGACA,0.8374204635620117,0.1879594773054123,1.9275803565979004,1.7308237552642822,0.38878464698791504,2.3893587589263916
GATAGACAGCCACATA,0.3565269112586975,0.08716733008623123,0.03351776674389839,0.9190974235534668,0.1182924211025238,0.11880878359079361
GCCACATAAAACATCG,0.1688898652791977,0.04713452607393265,0.022263988852500916,0.565403163433075,0.05388458073139191,0.0574406236410141
GCCACATAAACAACCA,0.11558742821216583,0.07150807976722717,0.2982548177242279,0.46311959624290466,0.047605011612176895,0.1475950926542282
GCCACATAAACCGAGA,0.10722456127405167,0.06787816435098648,0.8633003234863281,0.17117679119110107,0.07691372185945511,0.1610918939113617
GCCACATAAACGCTTA,0.056302834302186966,0.0670284852385521,0.03293228521943092,0.08226092159748077,0.07384169101715088,0.06908857077360153
GCCACATAAACGTGAT,0.2337380200624466,0.05241065472364426,0.5222756862640381,0.12125720828771591,0.03832406923174858,0.046556681394577026
GCCACATAAAGACGGA,0.09280490130186081,0.034445106983184814,0.41823574900627136,0.9608264565467834,0.21855822205543518,0.16196595132350922
GCCACATAAAGGTACA,0.32994017004966736,0.05104554817080498,0.13987915217876434,0.10518968850374222,0.04046794772148132,0.0948076918721199
GCCACATAACAAGCTA,0.034026727080345154,0.039960965514183044,0.08306258171796799,0.7712355256080627,0.020170580595731735,0.04084808751940727
GCCACATAACACAGAA,0.09371056407690048,0.03400135412812233,0.10283681750297546,0.1276998221874237,0.047639451920986176,0.17735867202281952
GCCACATAACAGCAGA,0.1228673979640007,0.05270852893590927,0.16659198701381683,0.806391179561615,0.11154737323522568,0.339997798204422
GCCACATAACATTGGC,0.2281986027956009,0.052893850952386856,0.13792142271995544,0.9430840611457825,0.10745035111904144,0.1655009686946869
GCCACATAACCACTGT,0.06412670016288757,0.04757198691368103,0.13228362798690796,0.44570034742355347,0.19764380156993866,0.040098290890455246
GCCACATAACCTCCAA,0.29571399092674255,0.09537436068058014,0.16574786603450775,0.16765017807483673,0.12842606008052826,0.0948270633816719
GCCACATAACGCTCGA,0.2579757571220398,0.04413437843322754,0.11780604720115662,0.1721373200416565,0.11653351038694382,0.053308941423892975
GCCACATAACGTATCA,0.5455287098884583,0.06713692098855972,0.7485308051109314,0.14335137605667114,0.12752661108970642,0.15512274205684662
GCCACATAACTATGCA,0.5401802062988281,0.12482569366693497,0.31692710518836975,0.21364067494869232,0.24763362109661102,0.15164820849895477
GCCACATAAGAGTCAA,1.3140313625335693,0.9036770462989807,2.1997714042663574,1.9393481016159058,0.40182846784591675,0.8811143040657043
GCCACATAAGATCGCA,0.6620504856109619,0.4957897961139679,1.122007966041565,0.4172348380088806,0.15471810102462769,0.4162921905517578
GCCACATAAGCAGGAA,0.3894818127155304,0.08289694786071777,1.2000435590744019,0.46749192476272583,0.22387319803237915,0.1088460236787796
GCCACATAAGTACAAG,0.05187172070145607,0.024563875049352646,0.18048478662967682,0.2254231572151184,0.026572909206151962,0.06851930916309357
GCCACATAAGTCACTA,0.4849712550640106,0.07883279770612717,0.2951737642288208,0.4605509042739868,0.20279432833194733,0.2972729206085205
GCCACATAAGTGGTCA,0.07828047126531601,0.038531821221113205,0.07369448244571686,0.35762929916381836,0.24571369588375092,0.03370264172554016
GCCACATAATCCTGTA,0.5172585844993591,0.1358983814716339,0.628707766532898,0.6276081204414368,0.4806535542011261,0.4347197413444519
GCCACATAATGCCTAA,0.03346038982272148,0.022084735333919525,0.08532070368528366,0.09427028149366379,0.02556864731013775,0.046510472893714905
GCCACATAATTGAGGA,0.49349239468574524,0.09401543438434601,0.3383387625217438,0.4921855032444,0.17976677417755127,0.40948769450187683
GCCACATACAACCACA,0.3794190287590027,0.0649266168475151,0.3186754584312439,0.11971241235733032,0.12429899722337723,0.23965544998645782
GCCACATACAAGACTA,0.06998375058174133,0.03911339491605759,0.03956311196088791,0.09381147474050522,0.04406224191188812,0.026777850463986397
GCCACATACAATGGAA,0.32308730483055115,0.04876256734132767,0.1465333253145218,0.1356351226568222,0.15648706257343292,0.19184191524982452
GCCACATACACTTCGA,0.34281718730926514,0.03855631500482559,0.13708026707172394,0.2706024646759033,0.07300441712141037,0.14092408120632172
GCCACATACAGATCTG,0.1362624317407608,0.04978233203291893,0.05524970963597298,0.9628435373306274,0.03524719551205635,0.2220030575990677
GCCACATACAGCGTTA,0.27989768981933594,0.03887477144598961,0.03245524317026138,0.17401796579360962,0.13563361763954163,0.10719311982393265
GCCACATACATACCAA,0.36285123229026794,0.056641507893800735,0.27023735642433167,0.18026858568191528,0.2554081678390503,0.3034980893135071
GCCACATACATCAAGT,0.06887037307024002,0.03963683173060417,1.3163970708847046,0.4153868556022644,0.05505852401256561,0.4248792827129364
GCCACATACCAGTTCA,0.852525532245636,0.3752879500389099,0.25179216265678406,0.29450950026512146,0.2944744825363159,0.4039004445075989
GCCACATACCGAAGTA,0.15735279023647308,0.0265854112803936,0.15461252629756927,0.16586703062057495,0.08080794662237167,0.03628576174378395
GCCACATACCGTGAGA,0.1737871766090393,0.13102681934833527,0.8670644164085388,0.7268558144569397,0.23778550326824188,0.2039702981710434
GCCACATACCTCCTGA,0.3456583619117737,0.11032619327306747,1.2506380081176758,0.26624852418899536,0.3150305449962616,0.15513944625854492
GCCACATACGAACTTA,0.17539498209953308,0.08938360959291458,0.9476938843727112,0.3988208472728729,0.23307496309280396,0.30122801661491394
GCCACATACGACTGGA,0.2169511914253235,0.1208658218383789,0.23161271214485168,0.11299719661474228,0.17382991313934326,0.4974459409713745
GCCACATACGCATACA,0.31415194272994995,0.0564865842461586,0.0889313668012619,0.32986536622047424,0.18040573596954346,0.19543054699897766
GCCACATACGCTGATC,0.08811209350824356,0.030815303325653076,0.28305211663246155,0.3030529022216797,0.06852393597364426,0.034974370151758194
GCCACATACTCAATGA,0.3368564248085022,0.2561170160770416,0.2962297201156616,0.29421550035476685,0.25504443049430847,0.1482057422399521
GCCACATACTGAGCCA,0.16516171395778656,0.07839537411928177,0.042959123849868774,0.1524045169353485,0.09382500499486923,0.08196350187063217
GCCACATACTGGCATA,0.18085111677646637,0.0422576367855072,0.03126980736851692,0.3433729410171509,0.020277777686715126,0.04442329704761505
GCCACATACTGTAGCC,0.09550230950117111,0.07199571281671524,0.07370453327894211,0.3302203416824341,0.05098801478743553,0.09503200650215149
GCCACATAGAATCTGA,0.14450788497924805,0.07641290873289108,0.11544087529182434,0.4215850234031677,0.06136099621653557,0.04125981777906418
GCCACATAGACTAGTA,0.2564862370491028,0.09016738086938858,0.25624510645866394,0.179237499833107,0.12137562781572342,0.3075868487358093
GCCACATAGAGCTGAA,0.35367119312286377,0.08676347881555557,0.10756517946720123,0.7121056318283081,0.1236676350235939,0.11892931163311005
GCCACATAGATAGACA,0.40457144379615784,0.050294771790504456,0.3681580722332001,0.7718110680580139,0.029535606503486633,0.028046637773513794
GCCACATAGCCACATA,0.31172624230384827,0.03464275225996971,0.15926207602024078,0.9993325471878052,0.15025804936885834,0.31728097796440125
