,glutamatergic neuron,astrocyte,oligodendrocyte,oligodendrocyte precursor cell,microglial cell,inhibitory interneuron,medial ganglionic eminence derived interneuron,caudal ganglionic eminence derived interneuron,radial glial cell,endothelial cell,pericyte,neural progenitor cell,vascular associated smooth muscle cell
0,0.002827579854056239,0.0002805018739309162,0.0007986755226738751,0.0009937625145539641,0.001200671074911952,0.004659959115087986,0.0017557217506691813,0.0001615600340301171,1.3426672921923455e-05,5.0127207941841334e-05,3.824934901786037e-05,1.6612177660135785e-06,4.1414958104724064e-05
1,8.008154691196978e-05,0.001699125044979155,0.008356418460607529,0.0014963507419452071,0.007891220971941948,7.3134488047799096e-06,2.4397619199589826e-05,5.118843546370044e-06,1.6106451994346571e-06,1.6425616422566236e-06,0.007155473809689283,1.687538997430238e-06,4.5709421669926087e-07
2,0.0007358458242379129,1.8950786397908814e-05,0.001067626173608005,7.380833267234266e-05,0.004433749709278345,0.0011142307193949819,8.49920525070047e-06,2.646259645189275e-06,0.009474213235080242,2.6076056656165747e-06,4.498942871578038e-06,0.01288105733692646,4.575700813802541e-07
3,0.0011155807878822088,0.0003154344158247113,0.0010762151796370745,0.0017292476259171963,0.00020546997257042676,0.0027094180695712566,0.0030715391039848328,2.317339067303692e-06,0.006188775412738323,6.692023453069851e-05,6.703536428176449e-07,1.2179175428173039e-05,5.3599874263454694e-06
4,0.002357404911890626,5.476277874549851e-05,0.0014600137947127223,0.0001684021990513429,0.002086101798340678,0.002815145766362548,0.0010241827694699168,0.0023979805409908295,2.5490344341960736e-06,1.4131882153378683e-06,2.4863393264240585e-05,8.876205356500577e-06,9.292475624533836e-06
5,0.0015174094587564468,0.0009309714660048485,0.0005314789596013725,0.00024187547387555242,0.0004892145516350865,0.0005372685845941305,5.672111001331359e-06,2.049699332928867e-06,0.004172269254922867,1.317284045398992e-06,0.005773155950009823,0.0008687549270689487,0.030408229678869247
6,0.00083578733028844,0.0004134951450396329,0.0016973874298855662,0.001125837443396449,0.0014090118929743767,0.0013409019447863102,5.8475070545682684e-05,0.0025028518866747618,0.0023031397722661495,7.119642305042362e-06,1.2701038940576836e-06,5.079248239781009e-07,2.069062020382262e-06
7,0.00130454171448946,0.0006278963992372155,0.0004558493383228779,0.0009367692982777953,8.940717088989913e-05,0.002578850369900465,2.0021459931740537e-05,1.0003136594605166e-06,0.0019369893707334995,2.868385308829602e-06,0.006267526187002659,1.0687358553695958e-06,2.8477727482822957e-06
8,0.00076018285471946,0.0003081961767747998,0.0012921891175210476,0.005080637987703085,0.000294942845357582,0.0037850800435990095,2.7769276130129583e-05,2.422101943011512e-06,2.7699525162461214e-06,0.0041724322363734245,9.565647815179545e-06,1.3749787513006595e-06,0.007059975061565638
9,0.0007804761989973485,0.00041932237218134105,0.00014825903053861111,7.551546332251746e-06,0.0026419765781611204,0.0009870774811133742,3.080395981669426e-05,0.002037477446720004,0.004539593122899532,4.601575710694306e-06,1.6511737044311303e-07,8.936194717534818e-08,2.289487383677624e-06
10,0.0018539443844929338,0.0005974535597488284,0.0005218784790486097,0.00027982157189399004,1.4067480151425116e-05,0.0022844544146209955,1.1869491572724655e-05,0.004478469491004944,0.001015195739455521,4.58149452242651e-06,3.393369354398601e-07,7.553888394795649e-07,2.4062259740276204e-07
11,0.002357731806114316,0.0006812228239141405,0.0009265482658520341,0.0017585497116670012,6.879809370730072e-05,0.000717736897058785,0.0032324357889592648,0.00019745902682188898,3.819923585979268e-05,5.7362241932423785e-05,8.357270417036489e-06,5.350283572624903e-06,1.798341327230446e-05
12,0.0012406213209033012,0.00016237530508078635,0.00028415812994353473,0.00014380025095306337,0.002209813566878438,0.0011561496648937464,4.4579071982298046e-05,0.0063017262145876884,4.451771928870585e-06,5.0395537982694805e-06,0.0033273170702159405,7.917487323538808e-07,5.594451977231074e-07
13,0.0008067592279985547,0.00041818429599516094,0.0006856370018795133,0.002120696008205414,4.532772072707303e-05,0.001589520601555705,0.0002452243643347174,5.15563806402497e-06,2.0950694761268096e-06,3.3451709896326065e-05,8.5084548118175e-06,5.836522177560255e-06,1.209675588143e-06
14,0.0008971175993792713,0.0002509985934011638,0.0009333736961707473,0.002793485764414072,0.0012127008521929383,0.0013475315645337105,0.001778776990249753,1.2964775123691652e-05,4.789601462107385e-06,0.0011490269098430872,6.304401836132456e-07,1.8393863001620048e-06,2.2139363409223733e-06
15,0.0013563522370532155,0.00017804751405492425,0.00169782480224967,0.003060875693336129,0.0031637505162507296,0.0030752941966056824,0.0005391033482737839,0.005439114756882191,1.619348768144846e-05,9.839739504968747e-05,3.15150355163496e-05,3.860587639792357e-06,1.5927218555589207e-05
16,0.0013017015298828483,0.0002719904005061835,0.00038259453140199184,0.0005022772820666432,0.0013123539974913,0.0016661437693983316,8.333372534252703e-06,2.6845633328775875e-05,0.0025605701375752687,1.1136352441099007e-05,0.0012680018553510308,0.001785911968909204,0.0026283334009349346
17,0.0015004950109869242,0.00045854345080442727,0.0010344467591494322,0.0028399063739925623,0.0013196178479120135,3.5886926070816116e-06,2.9560478651546873e-05,0.0029138480313122272,3.2336192816728726e-06,0.0024583376944065094,2.257322876175749e-06,1.633596298233897e-07,0.017426874488592148
18,0.002636238466948271,8.43816960696131e-05,0.0005391432787291706,0.0007603371050208807,0.002972338581457734,1.3467850294546224e-05,0.002545923925936222,2.8597054551937617e-05,3.47700347447244e-06,2.5399112928425893e-06,0.0055345757864415646,1.6654579440000816e-06,1.5545273299721885e-06
19,0.0014827426057308912,3.097139051533304e-05,0.0024239104241132736,0.005024342332035303,0.002606406109407544,0.0012841365532949567,3.810232738032937e-05,0.00015389952750410885,4.783224540005904e-06,2.2157291823532432e-05,6.400217444024747e-06,9.481564120505936e-06,2.012303411902394e-05
20,0.0024593069683760405,0.0004021995991934091,0.0007358335424214602,8.486910519422963e-05,0.00010998115612892434,0.004748106002807617,0.00021632380958180875,0.0023793394211679697,9.26082157093333e-06,7.5315788308216725e-06,4.0923609390119964e-07,3.260063749621622e-05,7.461602763214614e-06
21,0.000624119013082236,0.00017199218564201146,0.0006360820843838155,0.0013319302815943956,0.001288914936594665,0.001057836809195578,0.006614729296416044,0.00010125752305611968,0.0001566146092955023,1.4754338735656347e-05,2.177593387386878e-06,7.707832082815003e-06,1.1424365311540896e-06
22,0.0013060478959232569,0.0002383870305493474,0.0030598833691328764,0.00044564728159457445,0.001261359779164195,0.0005561444559134543,0.0027715396136045456,0.007183449808508158,4.340931809565518e-06,5.3481076065509114e-06,2.2576639935323328e-07,2.025301910180133e-06,8.299727051053196e-05
23,0.0006400460260920227,0.0013555563054978848,0.0022474313154816628,0.0015243478119373322,0.0024835634976625443,0.002078019315376878,0.001345585798844695,0.0007263434235937893,0.0004520841466728598,0.0003027712809853256,4.726750830741366e-06,5.864724244020181e-07,6.147878366391524e-07
24,0.0018060898873955011,0.00032085253042168915,0.0002726507082115859,6.694712647004053e-05,5.1921529120591e-06,0.0014269958483055234,0.006206178572028875,0.0003916453861165792,0.0026581035926938057,1.4038432709639892e-06,2.2470977967259387e-07,1.279230218642624e-06,3.0767824910071795e-07
25,0.001144526293501258,0.0016455217264592648,0.0018004834419116378,0.001257371623069048,0.004161441698670387,5.7467645092401654e-05,0.00011771681602112949,0.003877180628478527,0.0010930225253105164,0.00019263105059508234,3.4103482903447e-05,1.3592424465969088e-06,2.4206242414948065e-06
26,0.0013248309260234237,0.0007157277432270348,0.0018761263927444816,0.0014810978900641203,0.0033916679676622152,0.002761726500466466,1.9814735424006358e-05,1.086006250261562e-05,2.4382465198868886e-05,1.70571274793474e-05,0.0015026548644527793,3.5448252333480923e-07,3.537893462635111e-06
27,0.0009621354984119534,0.0007708058692514896,0.002844414673745632,0.0009203980443999171,0.00046619895147159696,6.908469367772341e-05,0.00211035693064332,0.0008745698723942041,8.261109542218037e-06,8.576449545216747e-06,7.395528882625513e-06,1.8809330413205316e-06,0.0017248363001272082
28,0.0037580658681690693,0.0011977016692981124,0.0013964545214548707,0.0016181872924789786,0.0005866021965630352,0.0009002990555018187,5.992706064716913e-05,0.00022735675156582147,0.0002335636963834986,1.2240387150086462e-05,0.009258969686925411,2.010948037423077e-06,2.4655048036947846e-05
29,0.0008736308664083481,0.00028446957003325224,0.00010555389599176124,0.00019239990797359496,5.484717348736012e-06,0.0025431772228330374,0.0017964637372642756,7.929499588499311e-06,0.0026561522390693426,4.0300205000676215e-05,4.777027697855374e-07,3.6890821775159566e-06,6.370778010023059e-06
30,0.001558070071041584,0.000643991632387042,0.0022763365413993597,0.010234147310256958,0.0036253263242542744,0.0011706987861543894,0.00131855602376163,3.5220156860304996e-05,6.160286284284666e-05,0.010541219264268875,2.5597805688448716e-06,9.296032317251957e-07,1.5070637346070725e-05
31,0.0009223453234881163,0.0008856139029376209,0.0006878204876556993,0.0004082898667547852,0.0013892368879169226,1.417450221197214e-06,0.0019952240400016308,0.004001268185675144,1.4332755426949007e-06,5.363450782169821e-06,0.01306844037026167,5.0581702453200705e-06,0.025665218010544777
32,0.0014070328325033188,0.00047041074139997363,0.0007324391044676304,0.0026726690120995045,0.0005001563113182783,0.0015920347068458796,0.004500982351601124,4.372991952550365e-06,4.245240052114241e-05,0.001507712178863585,2.066435081360396e-05,2.935274778792518e-06,8.042688023124356e-06
33,0.0008174813119694591,0.001943919574841857,0.003985600546002388,0.005436671897768974,0.0011903565609827638,0.000559643842279911,0.0012724327389150858,0.0001112877216655761,1.8810689653037116e-05,0.0049222675152122974,0.00010849486716324463,3.3771596008591587e-06,4.437224561115727e-06
34,0.001005652011372149,0.0009843559237197042,0.0003235615440644324,1.9800369045697153e-05,0.0007723888265900314,0.0027221955824643373,5.767697803094052e-05,1.5449089914909564e-05,0.005690388847142458,1.2067161151207983e-05,0.005993642378598452,3.087274308199994e-05,0.005989654455333948
35,0.0019167584832757711,9.718415822135285e-05,0.0006638718186877668,0.004224502015858889,0.003381419461220503,2.4549628506065346e-05,0.0006413615774363279,2.8719781766994856e-05,4.69748647446977e-06,0.0029322379268705845,2.340044011361897e-05,2.420675855319132e-07,1.1304224244668148e-05
36,0.000998463947325945,0.0011147498153150082,0.0007855624426156282,0.0017130138585343957,0.0017851153388619423,3.087802906520665e-05,0.0031613921746611595,2.354104617552366e-05,0.00027464868617244065,0.0019374099792912602,3.274789605711703e-06,1.1471281879948947e-07,1.2910252280562418e-06
37,0.0009920092998072505,7.514416211051866e-05,0.0013909668195992708,0.0002311228308826685,0.004099569749087095,0.001149609568528831,8.920484106056392e-05,0.0003007231280207634,0.002735902089625597,6.66237201585318e-06,9.56620397118968e-07,2.2717949832440354e-05,7.497023943869863e-06
38,0.00125372433103621,0.00033811083994805813,0.0010118132922798395,0.003179773921146989,1.6740455976105295e-05,0.0003126098308712244,0.004594855941832066,0.000564509944524616,0.002707267412915826,4.628977694665082e-05,4.559334684017813e-06,2.1193962140841904e-07,3.58070701622637e-06
39,0.001867501181550324,0.00042427642620168626,0.00024031917564570904,0.00011097365495515987,0.004178779199719429,0.0007715783431194723,0.0009102204348891973,0.0012104391353204846,1.1497872037580237e-05,5.9104146203026175e-05,1.4424342680285918e-06,9.348405569653551e-07,2.624136868689675e-06
40,0.0015716460766270757,0.0006004124297760427,0.0006007254705764353,0.0007755552651360631,0.0025125015527009964,3.4205801057396457e-05,8.023413829505444e-05,5.180603693588637e-06,0.0014066790463402867,3.938024292438058e-06,0.014531432650983334,2.1812071281601675e-05,2.2112287751951953e-06
41,0.0009962390176951885,0.00018744637782219797,0.0010231172200292349,0.0010445620864629745,0.002721087308600545,0.0016048626275733113,0.005231850780546665,0.006350941956043243,7.657054084120318e-06,3.027923230547458e-05,2.4906978069338948e-05,1.817504312384699e-06,0.009489445015788078
42,0.0010687639005482197,0.0003566365339793265,0.001372511382214725,0.0008425558335147798,0.0023112234193831682,0.0015291343443095684,0.0016893558204174042,0.001628246158361435,0.002022802596911788,2.878590748878196e-06,9.55337668528955e-07,1.2618351320270449e-05,2.501207518434967e-06
43,0.000996211776509881,0.0005880019161850214,0.0003125639050267637,7.664977601962164e-06,0.002903472865000367,0.00061678426573053,0.0014197462005540729,0.0032401944044977427,0.007163832895457745,8.534421453987306e-07,5.3715025387646165e-06,2.017590759351151e-06,1.3275214314489858e-06
44,0.001755796023644507,0.0002494576619938016,0.0009090405073948205,0.0024313030298799276,0.0011266367509961128,0.00021353267948143184,0.004370161332190037,0.002258906839415431,7.558267952845199e-06,1.8726033886196092e-05,0.0003306554863229394,8.350770031029242e-07,0.002668545115739107
45,0.002172342734411359,0.00022987014381214976,0.0024737275671213865,0.0037735775113105774,0.002285596914589405,0.0014563103904947639,0.0003648754791356623,5.750589116360061e-05,1.3368295185500756e-05,1.0614763596095145e-05,0.0019021050538867712,2.1199693946982734e-06,5.5900968618516345e-06
46,0.0008157776901498437,0.0006971739348955452,0.0010360730811953545,0.0010575385531410575,0.0005763440858572721,0.0013371973764151335,0.003065364435315132,0.0059498390182852745,3.703276161104441e-05,0.0016040996415540576,0.0032840257044881582,8.349209110747324e-07,5.158017302164808e-06
47,0.0018762795953080058,1.7442720491089858e-05,0.00022770019131712615,0.0017051463946700096,0.000113830050395336,0.0010626408038660884,0.001868557301349938,7.367241778410971e-05,6.741736342519289e-06,4.900688054476632e-06,1.502188479207689e-05,5.76337242819136e-06,3.130358209091355e-06
48,0.0006267977878451347,0.001041438546963036,0.0011264054337516427,0.0009298554505221546,0.0011132265208289027,0.002911721123382449,0.0028144456446170807,0.0009646261460147798,0.007357708644121885,7.472871857316932e-06,8.956492092693225e-05,4.414261525198526e-07,0.0017621496226638556
49,0.0016503145452588797,0.0012900971341878176,0.0016006657388061285,3.39416837960016e-05,0.0012737327488139272,0.0034458788577467203,1.016542319121072e-05,2.4039578420342878e-05,0.009974203072488308,9.175458899335354e-07,1.0409100923425285e-06,3.6099933709010656e-07,0.004605117253959179
50,0.0013117793714627624,0.0003639207570813596,0.0004210727056488395,0.0011230502277612686,0.0036684952210634947,0.002870159922167659,7.921714859548956e-05,0.0006375779048539698,0.004344429355114698,1.7796908650780097e-05,0.00046869166544638574,1.4797260519117117e-06,5.899717621105083e-07
51,0.0014862697571516037,0.00011685617209877819,0.000919391110073775,0.001999461790546775,2.002953078772407e-05,0.0009218271006830037,0.00356452539563179,0.00029858367634005845,3.824711257038871e-06,9.336017683381215e-06,0.0035871437285095453,1.9767438175222196e-07,2.009498757615802e-06
52,0.0004815967404283583,0.0008015915518626571,0.0003376913664396852,0.0004054066666867584,0.0006461232551373541,0.00225966633297503,1.7662068785284646e-05,0.00013021343329455703,0.0020804894156754017,5.256417716736905e-05,0.003446950577199459,6.455375114455819e-07,0.00014956317318137735
53,0.0009198291227221489,3.536223084665835e-05,0.000295431847916916,0.000771966006141156,0.00408665556460619,6.903448138473323e-06,0.002254887018352747,0.0018073787214234471,3.479776751191821e-06,1.3040707926847972e-06,0.00042818905785679817,3.815726813627407e-06,4.400263605930377e-06
54,0.0024977365974336863,0.0007780963205732405,0.0004754189867526293,0.0008986846078187227,0.002346934750676155,0.000745530822314322,4.591166725731455e-05,4.8163117753574625e-05,0.003479337552562356,3.7919746773695806e-06,0.004792798776179552,0.0002171309315599501,8.859050808496249e-07
55,0.0005544135929085314,0.00040022897883318365,0.000681589066516608,0.003460094565525651,0.0012017061235383153,0.002046477748081088,0.007245431188493967,0.00013486943498719484,0.004540684167295694,1.7036772987921722e-05,4.872750878348597e-07,4.181956228421768e-06,9.2307445811457e-06
56,0.0023337299935519695,0.0017757491441443563,0.0016372777754440904,0.003870795015245676,0.0014430120354518294,0.00028850408853031695,0.006096791476011276,0.005641503259539604,2.670998128451174e-06,0.002579739550128579,2.0637380657717586e-05,1.8906679315477959e-06,4.278678534319624e-05
57,0.0013459748588502407,0.00022504814842250198,0.00013421599578578025,0.0001647353929001838,0.0019614072516560555,6.177741306601092e-05,0.003051617881283164,0.0019266046583652496,3.335622523081838e-06,1.5718430859124055e-06,0.008679741993546486,2.089375499281232e-07,9.136354606198438e-07
58,0.0008690370596013963,0.0005860449746251106,0.0005479108658619225,0.0007243750151246786,0.0025877521838992834,0.0008630730444565415,0.0012854343513026834,9.800349653232843e-05,0.006856088526546955,7.072666448948439e-06,4.1269169059887645e-07,5.841213237545162e-07,1.5385131746370462e-06
59,0.0007762062014080584,0.0004249355988577008,0.0003823607985395938,0.0008957403479143977,0.005436612758785486,0.0025751132052391768,0.00013515078171622008,0.00010379618470324203,0.005897834897041321,4.834424544242211e-05,3.852034296869533e-06,0.0001165273497463204,3.492767791613005e-05
60,0.0005052238702774048,0.00037367327604442835,0.0004040897765662521,0.00022488905233331025,0.002675602212548256,9.207980838255025e-06,0.00010794619447551668,0.00232780072838068,9.24023970583221e-06,5.297129064274486e-06,0.00715642562136054,9.678226433607051e-07,0.00604223320260644
61,0.0011554895900189877,0.0004237377142999321,0.0013913088478147984,1.0835954526555724e-05,0.0009279416408389807,0.004777394700795412,1.378724573442014e-05,2.323853550478816e-05,0.0027029099874198437,3.4329159461776726e-06,3.025101307230216e-07,1.4760269550606608e-05,8.740531143303087e-07
62,0.0024458449333906174,0.00041981012327596545,0.0012863542651757598,0.003019893541932106,0.0007684538722969592,0.001708775176666677,0.005113714840263128,0.006886874791234732,3.7756199162686244e-06,1.4857371752441395e-05,2.1485875549842604e-06,8.410248710788437e-07,3.513413844302704e-07
63,0.0017849382711574435,0.0002831305027939379,0.002762923249974847,0.00298599386587739,0.0015971475513651967,4.9947902880376205e-05,0.001741982763633132,5.928425889578648e-05,2.3946693545440212e-05,1.5812995115993544e-05,0.005952188279479742,3.445581342020887e-06,0.005348930135369301
64,0.00573553005233407,0.000351569673512131,0.0006637958576902747,0.0009492415701970458,0.0003777606470976025,4.299949432606809e-05,0.0012675052275881171,3.011632179550361e-05,1.2690617950283922e-05,1.061344300978817e-05,0.0030645285733044147,2.9865339001844404e-07,9.188082117361773e-07
65,0.0009420567657798529,0.0007709437632001936,0.0009617994073778391,0.00019034089928027242,0.0022623674012720585,0.0028680686373263597,0.007990854792296886,1.028517544909846e-05,4.547439675661735e-05,6.1417249526130036e-06,0.006145632825791836,8.102864512693486e-07,0.005002857185900211
66,0.002953534945845604,0.0011726031079888344,0.0013384881895035505,0.0035198014229536057,0.0009465579641982913,0.0002870007883757353,3.455703335930593e-05,2.912007585109677e-05,2.9469601940945722e-05,2.4515353288734332e-05,1.5713265383965336e-05,5.783545930171385e-06,0.00015343767881859094
67,0.0015398121904581785,0.000896468001883477,0.0020095505751669407,9.069926454685628e-05,0.0031842170283198357,0.002815152518451214,0.0038576433435082436,0.0003895789850503206,0.0008627360803075135,6.709421722916886e-05,1.430667452950729e-06,1.8423744450046797e-06,3.7084869290993083e-06
68,0.0006861319998279214,0.00021066537010483444,0.0002488653699401766,0.0002942461578641087,0.002994858892634511,0.00037778940168209374,1.9235378204029985e-05,2.3265763957169838e-05,0.0019250093027949333,3.1051813493832015e-06,6.7515106820792425e-06,0.011424153111875057,1.7215254501934396e-06
69,0.0010014098370447755,0.0011001095408573747,0.001094906241632998,0.0029423271771520376,0.0019518579356372356,1.1147163604618981e-05,0.0006778732058592141,0.0038479911163449287,5.270164820103673e-06,0.004165083169937134,9.471974772168323e-05,4.637478923541494e-06,0.010366274043917656
70,0.0023291429970413446,0.003369048936292529,0.0019176130881533027,0.000615567434579134,0.0066527375020086765,0.002300265710800886,0.004971387330442667,0.0003388679469935596,0.0037438541185110807,0.004783540964126587,4.6292529987113085e-06,1.3392965456660022e-06,2.279846995634216e-07
71,0.0024590969551354647,0.00019326381152495742,0.00040012336103245616,0.0002794376341626048,1.590846068211249e-06,0.0027068958152085543,0.0023452402092516422,9.931806562235579e-05,9.227246664522681e-06,4.709185759566026e-06,4.4877305072077434e-07,2.3182874429039657e-06,1.7931446336660883e-06
72,0.0008967722533270717,2.8818547434639186e-05,0.0007379057351499796,0.0024246147368103266,0.0029297631699591875,0.0016324048629030585,3.8236867112573236e-05,0.0043636043556034565,4.627898988474044e-07,2.143433448509313e-05,5.410702942754142e-05,2.572939592937473e-06,3.8556552794943855e-07
73,0.0018264374230057001,0.0022165959235280752,0.0012172228889539838,5.09916317241732e-05,0.0024593265261501074,0.0023638764396309853,0.0039059058763086796,0.005531830247491598,1.535465912638756e-06,1.8257076590089127e-05,2.9006181989643665e-07,1.3895383972339914e-06,8.364360155610484e-07
74,0.001271274872124195,0.0003234294999856502,0.001466563786379993,0.005372393410652876,0.0013568196445703506,0.0009397597168572247,0.001084097195416689,0.00038077589124441147,6.705321993649704e-06,0.0011945459991693497,0.0018938231514766812,2.240472127823523e-07,3.247604638545454e-07
75,0.0012046395568177104,0.0003604380472097546,0.0006172071443870664,0.0030617641750723124,0.0005287813837639987,0.0022028505336493254,0.0010573165491223335,7.404962525470182e-05,9.018949640449136e-07,4.158696174272336e-05,0.0017747796373441815,3.178069789555593e-07,4.340223767940188e-06
76,0.0007113083265721798,0.0016677273670211434,0.0011984978336840868,0.0025609724689275026,0.0020406886469572783,0.002341663232073188,0.003160071326419711,0.00023720548779238015,2.640392631292343e-05,0.008067757822573185,0.002175790723413229,2.2207852907740744e-06,0.0030195696745067835
77,0.0015668908599764109,0.001636231318116188,0.0013648711610585451,0.000982563360594213,0.0008302020723931491,0.0006576502346433699,0.00035944522824138403,3.801950924753328e-06,0.008089925162494183,0.0004237841931171715,0.013621024787425995,1.3203408570916508e-06,0.00017605362518224865
78,0.0009258965728804469,0.00011009073205059394,0.0005559152341447771,0.0018625888042151928,0.0012488869251683354,0.0012437653494998813,2.287872348460951e-06,2.874811571018654e-06,2.9831842766725458e-05,4.3854876707882795e-07,1.3059486718702829e-06,0.004673808813095093,4.949872050019621e-07
79,0.0014999710256233811,0.0009039668366312981,0.0007279362762346864,6.968886009417474e-05,0.001787904417142272,0.008142213337123394,0.004478600341826677,0.00020112041966058314,3.013610239577247e-06,3.987561740359524e-06,0.0047326600179076195,2.989898348459974e-06,0.009458675980567932
80,0.0018804572755470872,1.763153341016732e-05,0.0009967329679057002,0.0011965910671278834,0.0031406900379806757,0.000899150560144335,0.0033469623886048794,1.4176564036461059e-05,9.086097634281032e-07,8.275289474113379e-06,0.003846603911370039,3.013983359778649e-06,6.08659729550709e-06
81,0.0027819410897791386,0.0005755882011726499,0.002209065482020378,0.0030104024335741997,0.004844531882554293,1.968372998817358e-05,0.003537285141646862,1.7387537809554487e-05,1.0824013770616148e-05,1.0998151992680505e-05,2.8704812393698376e-06,5.745977773585764e-07,4.866315975959878e-06
82,0.002170169958844781,0.0006371720810420811,0.0027311602607369423,9.121399489231408e-05,0.005174686666578054,0.00011716631706804037,0.00708828354254365,7.375804852927104e-05,6.455671973526478e-05,0.00021179052419029176,2.8525126253953204e-05,1.9293853256385773e-05,0.008484113030135632
83,0.0010962395463138819,0.0006736241630278528,0.0005916106747463346,0.0027711838483810425,0.0009857763070613146,0.00013183586997911334,2.571056256783777e-06,2.443698213028256e-05,1.998052539420314e-05,6.523320735141169e-06,0.008865009061992168,8.029114724195097e-06,0.006997235119342804
84,0.001408216543495655,0.0001697872648946941,0.0002006517897825688,0.0002618116850499064,0.0029548078309744596,0.0013070947024971247,0.0010067443363368511,8.367028931388631e-05,3.395919702597894e-05,3.8286175367829856e-06,2.0533673250611173e-07,2.2890767468197737e-06,6.107521244302916e-07
85,0.0009685216937214136,0.001743502332828939,0.001021487987600267,0.001712068566121161,0.002251777797937393,0.003198369638994336,1.6909974874579348e-05,4.652618008549325e-05,0.006357918027788401,0.00012424640590324998,0.00022733119840268046,3.636355813796399e-06,0.0001646463933866471
86,0.0009251338196918368,0.0007800344028510153,0.0008969989139586687,0.0006715693743899465,0.0006006895564496517,0.0006800229311920702,0.00011989338236162439,0.0006454826798290014,1.1423740033933427e-05,4.861554316448746e-06,0.0032799835316836834,3.2009407391342393e-07,0.011894289404153824
87,0.0007230402552522719,0.001807184424251318,0.001063090399838984,0.0008306408417411149,0.007883072830736637,0.0005643527838401496,6.602542998734862e-05,7.780720625305548e-05,0.006030585151165724,0.0006113990093581378,2.7789442356151994e-06,1.123109313994064e-06,6.496275545941899e-06
88,0.00103080365806818,0.0002732374123297632,0.0015998879680410028,0.0042371549643576145,0.0014646946219727397,0.0004764774057548493,0.0045572142116725445,7.238377293106169e-05,1.5521520253969356e-05,0.00018771395843941718,9.486027011007536e-06,1.5475631016670377e-06,4.3118944859088515e-07
89,0.0018394171493127942,0.001185802393592894,0.0024552708491683006,0.0012776764342561364,0.0010464137885719538,1.3618536286230665e-05,0.002653383417055011,0.0005805453401990235,2.6991244794771774e-06,1.6989477444440126e-05,0.003270746674388647,1.1076300410195472e-07,0.014333953149616718
90,0.0006445395410992205,0.0002911353367380798,0.00380073394626379,4.1050057916436344e-05,0.0046434844844043255,0.00032499906956218183,0.0051560536958277225,0.00013018641038797796,1.8534163245931268e-05,3.158918389090104e-06,0.005320045165717602,3.074635515076807e-07,1.0407023864900111e-06
91,0.0008824005490168929,0.0006759085226804018,0.0010640627006068826,0.002583836205303669,0.0006000138819217682,0.0006736892974004149,0.003756701946258545,0.0013683720026165247,1.833877104218118e-05,0.0031509753316640854,0.001064237323589623,1.9576532395149115e-07,8.63422030761285e-07
92,0.0015040227444842458,0.0010446584783494473,0.0009395672241225839,0.00019484656513668597,0.0007921633659861982,0.012721608392894268,0.003998960833996534,1.9944065570598468e-05,3.6361292586661875e-05,6.1516143432527315e-06,2.6764877475216053e-05,1.671015070314752e-06,5.551987669605296e-06
93,0.0008683674386702478,0.0002063237625407055,0.0007993920589797199,0.0019242013804614544,0.0021449988707900047,0.005401828326284885,0.003430877113714814,7.018179894657806e-05,8.860416528477799e-06,1.3529003808798734e-05,4.927297140966402e-06,2.631883489812026e-06,4.096122211194597e-06
94,0.0011559344129636884,0.000376550160581246,0.0004966022679582238,0.0018552313558757305,0.0008606077753938735,0.0018204445950686932,0.0024549535010010004,3.3394182537449524e-05,0.005205316934734583,5.489649993251078e-05,1.0578824912954587e-05,5.285232873575296e-06,4.0319383742826176e-07
95,0.001277519972063601,0.0008878438966348767,0.0013623690465465188,0.0004901953507214785,0.001711220946162939,0.0015054527902975678,0.0035073128528892994,0.00017545917944516987,0.006914492230862379,2.7156577289133566e-06,0.005651394836604595,2.701253606574028e-06,2.4049611511145486e-06
96,0.0007597499643452466,0.0007289541536010802,0.0005650265957228839,0.0010636039078235626,0.0009174806764349341,1.5360348697868176e-05,8.52498269523494e-05,0.003183831460773945,8.285374860861339e-06,1.5969568494256237e-06,0.015462907962501049,1.2109510407753987e-06,4.483895850171393e-07
97,0.0015644378727301955,0.00033410507603548467,0.0009406879544258118,0.00011431393068050966,0.00041881788638420403,0.0011840375373139977,0.0033670568373054266,0.0011956208618357778,2.220575879618991e-06,1.581462493049912e-05,0.00010664048750186339,2.1322516374766565e-07,0.004755606409162283
98,0.0016734061064198613,0.0005556537653319538,8.755508315516636e-05,0.0001274665119126439,0.0016993916360661387,0.005421564914286137,0.0011032185284420848,4.0028520743362606e-05,0.0120640117675066,6.298546395555604e-06,2.0127235984546132e-05,4.9513846533955075e-06,1.5333894225477707e-06
99,0.0026042459066957235,0.00039473079959861934,0.0016876735026016831,0.000276906241197139,2.2834317860542797e-05,8.628195064375177e-05,0.0006705773412249982,0.005324586294591427,1.243283440999221e-05,1.4047921467863489e-05,2.3756874725222588e-06,1.5250764590746257e-05,4.670447196986061e-06
100,0.0011237263679504395,0.0007653915672563016,0.0006927095237188041,0.002792102051898837,0.0013708749320358038,0.0038673330564051867,0.00012207172403577715,0.005152066703885794,0.00018466827168595046,2.033548844337929e-05,0.005137802567332983,3.328505329136533e-07,1.180342587758787e-05
101,0.0011169470380991697,6.734320777468383e-05,0.004514231812208891,0.00340814096853137,4.802523835678585e-05,0.0012465080944821239,0.0029643632005900145,0.0007116699707694352,5.091671937407227e-06,2.0897881768178195e-05,9.279543519369327e-06,3.045677885893383e-06,1.8386514284429722e-06
102,0.0010835955617949367,0.0003281068056821823,0.0010799586307257414,0.0015088095096871257,0.0002548120392020792,0.002143183955922723,0.0037550856359302998,0.0018596373265609145,2.7313028567732545e-06,1.9855599475704366e-06,1.7817241086959257e-06,1.4375989110249066e-07,1.761431121849455e-05
103,0.0009926387574523687,0.002582171466201544,0.0024291700683534145,2.169028994103428e-05,0.0041092983447015285,0.0002136260736733675,0.0032301077153533697,4.251329301041551e-05,2.6954510303767165e-06,5.221279934630729e-05,0.006357721518725157,8.073845378930855e-07,1.898462687677238e-05
104,0.0007928755949251354,0.0007002803613431752,0.0029363431967794895,2.037275226030033e-05,0.00589632848277688,6.667514389846474e-05,0.003287028055638075,8.939123654272407e-05,0.010160785168409348,1.6807188103484805e-06,0.003164635505527258,1.5560229371658352e-07,5.55789938516682e-06
105,0.0007592033362016082,0.00010598051449051127,0.0005811193259432912,1.3371700333664194e-05,0.0011112859938293695,0.0018058724235743284,0.003842833684757352,0.008648568764328957,1.1937299859710038e-06,8.251020631178108e-07,3.4337392662564525e-07,7.277306934838634e-08,1.7383100612278213e-06
106,0.0004831001569982618,0.00029288101359270513,0.0022169214207679033,0.0019256259547546506,0.0007019192562438548,0.0010590123711153865,0.0037798804696649313,0.0006521310424432158,6.750588454451645e-06,8.320767847180832e-06,0.004242153372615576,2.6646614514902467e-07,3.5973584999737795e-06
107,0.0027012263890355825,0.0013406304642558098,0.0008679701713845134,0.0022880113683640957,0.0015748857986181974,0.0015983793418854475,0.0008796412730589509,1.4534094589180313e-05,3.33982285383172e-07,0.001873927190899849,0.0031738702673465014,1.254100681080672e-07,0.00010488987027201802
108,0.002692942973226309,0.0001458610058762133,0.0003798991674557328,0.0026475396007299423,0.001766521600075066,0.0001985290291486308,0.0009762252448126674,7.857783930376172e-05,0.0007197094382718205,7.304289283638354e-06,4.681490099756047e-05,0.0005316269816830754,2.145701728295535e-06
109,0.0016314202221110463,0.0007174286874942482,0.0007319278665818274,0.0013058079639449716,4.3631727749016136e-05,1.1336353054502979e-05,0.008388511836528778,1.8227787222713232e-05,0.0018366269068792462,3.4680367662076605e-06,9.593118193151895e-07,3.631346316979034e-07,1.0828084668901283e-06
110,0.0009029031498357654,0.0003932875406462699,0.0003184839733876288,4.113731120014563e-05,0.000346052780514583,1.2017692824883852e-05,0.007699128706008196,0.0030272926669567823,9.517169019090943e-06,1.5252239791152533e-06,0.003407555865123868,1.9537775131084345e-07,7.922994313958043e-07
111,0.0007600971730425954,4.277607877156697e-05,0.0011941732373088598,0.0038375738076865673,0.0024059456773102283,0.00014391905278898776,0.0018868915503844619,0.002492517000064254,1.516064116913185e-06,0.0021403732243925333,0.0033998903818428516,6.918207304806856e-07,1.8804292949425871e-06
112,0.0003635877219494432,0.00010366942296968773,0.001464580767787993,0.003324417397379875,0.003501711180433631,2.3274795239558443e-05,0.008068548515439034,0.004917818121612072,3.124871727777645e-05,3.698632281157188e-05,1.1216337952646427e-05,7.557559911219869e-06,5.1602660278149415e-06
113,0.0014802756486460567,0.0006727371946908534,0.0011592820519581437,0.002543679205700755,0.00024505957844667137,0.0005414527258835733,9.586002124706283e-05,8.496967348037288e-05,0.0031393244862556458,2.459065854054643e-06,0.00031958468025550246,1.5997242144294432e-06,0.007139885798096657
114,0.0007581131649203598,0.0019661220721900463,0.0006888507050462067,1.263414651475614e-05,0.003192332573235035,0.0018215981544926763,0.0005399970104917884,5.755907841376029e-05,0.003287676954641938,0.0017396078910678625,0.00885162316262722,4.9584443218009255e-08,2.6548264031589497e-06
115,0.0006160042248666286,4.785839337273501e-05,0.00418686680495739,0.003903572913259268,0.003369290381669998,1.4344807823363226e-05,0.00044639271800406277,2.6382353098597378e-05,8.145502761180978e-07,3.248823850299232e-05,0.004730104003101587,2.990467180552514e-07,5.444942416943377e-07
116,0.0007988678989931941,0.0006049503572285175,6.92072935635224e-05,0.00022308406187221408,0.0029206527397036552,4.8267567763105035e-05,3.5924476833315566e-05,0.00016771572700235993,0.0025141937658190727,2.3199957013275707e-06,0.009262061677873135,1.9090800833510002e-06,0.0009333780035376549
117,0.0009120385511778295,0.00010434176510898396,0.0014449359150603414,0.004674070049077272,0.0015813963254913688,0.005392793565988541,0.0002403862017672509,2.6811745556187816e-05,3.052300962735899e-05,0.00023725986829958856,5.291927664075047e-06,5.471997610584367e-08,6.115060386946425e-06
118,0.0012914076214656234,0.0004201972624287009,0.0005934169166721404,0.002965477993711829,0.0009064039913937449,0.0016497484175488353,2.7554815460462123e-05,4.33616696682293e-06,5.1094364607706666e-05,0.00013577830395661294,0.0023529338650405407,4.81920369566069e-06,8.77598358783871e-06
119,0.0011082085547968745,0.00029084697598591447,0.00010646270675351843,0.0013499961933121085,0.0024165960494428873,0.0009495890699326992,4.36699774581939e-05,7.064335022732848e-06,0.0019129966385662556,1.0484380936759408e-06,0.007988409139215946,0.005912906490266323,2.763055590548902e-06
120,0.001241315621882677,0.000702370482031256,0.0007252368959598243,0.0006079963641241193,0.002581887412816286,0.0011270417599007487,0.00012571635306812823,5.094962762086652e-05,0.00943730864673853,1.6432881238870323e-05,7.788361472194083e-06,3.975367235398153e-06,0.0025290625635534525
121,0.0016028007958084345,0.0005201088497415185,0.00031663509435020387,0.0003503131738398224,0.0037310721818357706,0.0013210945762693882,7.926505531941075e-06,3.6472109059104696e-05,0.0031738062389194965,1.9277787941973656e-05,6.217179361556191e-06,6.989247594901826e-06,0.00973435491323471
122,0.0013567322166636586,0.00027051693177782,0.0014002531534060836,0.0002935061347670853,0.0012418264523148537,0.005825271364301443,1.003532815957442e-05,1.584531673870515e-05,5.6479175327694975e-06,1.709708385533304e-06,1.4490772173303412e-06,0.016940133646130562,2.2039382656657835e-06
123,0.0017178489360958338,0.0012904993491247296,0.0011471586767584085,0.0021608704701066017,0.002310110256075859,0.001301844255067408,0.00031267909798771143,0.004176890943199396,2.5858164008241147e-05,0.0032546338625252247,5.61773958906997e-06,1.89026604857645e-06,4.103777882846771e-06
124,0.003532697446644306,0.0015158700989559293,0.0028085275553166866,0.001958044245839119,0.0001441112399334088,0.005042448174208403,0.00016948924167081714,3.3042826544260606e-05,0.004670196212828159,1.4064315109862946e-05,4.862003606831422e-06,0.00734776072204113,9.631621651351452e-06
125,0.0012972828699275851,0.0008195504196919501,0.001444525900296867,0.0009138555033132434,0.00044149605673737824,0.00026769802207127213,0.0012131122639402747,7.985404954524711e-05,0.006092891097068787,5.6414651226077694e-06,0.007397504523396492,0.013136466965079308,4.842705038754502e-06
126,0.001195763936266303,0.0008128702756948769,0.0006223965901881456,0.00018950391677208245,0.0015140402829274535,0.0019428535597398877,3.17836893373169e-05,4.698352495324798e-05,0.005904804915189743,1.2699271110250265e-06,1.7285357216678676e-06,0.005228543188422918,0.011533526703715324
127,0.000608726404607296,0.0001020919662551023,0.00040099656325764954,2.2441463443101384e-05,0.004179294221103191,0.0029205335304141045,0.002280232962220907,0.006043065804988146,8.89498187461868e-06,3.283928435848793e-06,2.1320684027159587e-06,2.263862825202523e-06,3.035102054127492e-07
128,0.001937114167958498,0.0007127040298655629,0.0003252549795433879,3.954428029828705e-05,0.0007830377435311675,0.00033971082302741706,3.118761014775373e-06,0.0016372506506741047,0.0016059244517236948,4.258799435774563e-06,2.3702686746673862e-07,1.1814280469479854e-06,8.667219617564115e-07
129,0.003608257509768009,0.0011605892796069384,0.0011271904222667217,0.0014614849351346493,0.00013899897749070078,0.0014850969891995192,8.861393143888563e-05,0.00215342384763062,6.324119021883234e-05,2.295799640705809e-05,1.1767221621994395e-05,3.658659989014268e-05,1.699377094155352e-06
130,0.0011676993453875184,0.00039164433837868273,0.0009711050661280751,0.001977127743884921,0.0008602555026300251,0.0011844751425087452,0.001239452394656837,0.0017228806391358376,0.005910866893827915,1.2931755918543786e-05,2.934527219622396e-05,3.484490298433229e-05,4.45163595941267e-06
131,0.001199296093545854,0.00019350112415850163,0.006388552952557802,0.0020940187387168407,6.017831310600741e-06,0.004862142726778984,1.752573371049948e-05,7.803820335539058e-05,0.00019392374088056386,1.616965892026201e-05,1.7074775087166927e-06,0.006114121526479721,1.6372227037209086e-05
132,0.0010800654999911785,0.0007581493118777871,0.0006313588237389922,7.687709148740396e-05,0.0017462599789723754,0.0022670782636851072,0.004966599401086569,0.0001470077841077,2.9370365155045874e-05,2.5958484911825508e-05,1.6935662188188871e-06,2.825969204423018e-06,1.2343462003627792e-06
133,0.0015007656766101718,0.0004232936480548233,0.00042976633994840086,0.0012095716083422303,0.00024375147768296301,1.2388259165163618e-05,0.0003642910742200911,0.002021887805312872,7.109916623448953e-06,2.854083140846342e-05,0.004407875705510378,3.349854296175181e-07,2.279899291579568e-07
134,0.002379937330260873,0.0010453157592564821,0.002494302811101079,0.0004467474645934999,0.001454599667340517,0.0017272887052968144,0.002150554209947586,6.879980446683476e-06,0.003512161783874035,6.432827376556816e-06,5.886784947506385e-06,7.847614324418828e-05,1.445207090000622e-06
135,0.0015835541998967528,0.0010233528446406126,0.0006367021705955267,0.00022386595082934946,1.2038940440106671e-05,0.0037389376666396856,0.0029897785279899836,6.231581937754527e-05,0.005717047955840826,5.440701897896361e-06,2.3390389287669677e-06,6.5514291236468125e-06,4.0671477563591907e-07
136,0.002118739765137434,0.0008851794991642237,0.0005148653872311115,0.0010220158146694303,0.0006240421207621694,7.0995088208292145e-06,4.27737322752364e-05,1.604831140866736e-06,0.0009930637897923589,1.1277051271463279e-05,0.003557430114597082,1.4683577092000633e-06,0.01812802255153656
137,0.0018912502564489841,0.0012343974085524678,0.0030523899476975203,0.0025480000767856836,0.004285073839128017,0.0001679902634350583,6.079386821511434e-06,1.7256594446735107e-06,0.0011829481227323413,1.3659820297107217e-06,1.2284414196983562e-07,0.0008491503540426493,1.4806894910179835e-07
138,0.0016152424504980445,0.000511062506120652,0.0007557519129477441,0.0024697575718164444,0.0011762757785618305,0.00038947464781813323,0.003723117057234049,0.00011094067303929478,4.189865285297856e-05,0.0007379582966677845,2.250878196718986e-06,5.962641353107756e-06,3.384067213119124e-07
139,0.0006056720740161836,6.0059173847548664e-05,0.0018760907696560025,0.0012994770659133792,0.00038759171729907393,0.0013381362659856677,0.0071589224971830845,0.00012682359374593943,4.987769443687284e-06,1.2131623407185543e-05,2.370229367443244e-06,5.589582201537269e-07,3.488570428089588e-07
140,0.0009225704125128686,0.0008270317339338362,0.0009198136394843459,0.0008740600314922631,3.670493242680095e-05,0.00334434537217021,0.0032919321674853563,0.003225042251870036,0.003144611604511738,5.518585112440633e-06,1.7422341898054583e-06,5.244362810685743e-08,1.2256321042514173e-06
141,0.0016428632661700249,0.0005476198275573552,0.000884779030457139,0.00237594754435122,0.0007093091262504458,0.0016884456854313612,0.003894804511219263,0.00018228615226689726,0.0012508643558248878,3.0528841307386756e-05,0.00031280078110285103,5.6685843446757644e-05,4.145463390159421e-05
142,0.000636875513009727,0.001450139214284718,0.0028499106410890818,0.0017807752592489123,0.0037575054448097944,7.329235086217523e-05,0.004617399536073208,7.495519093936309e-05,3.3531854569446295e-05,0.004471968859434128,0.00023393369338009506,5.447157491289545e-06,9.16317367227748e-05
143,0.0013503232039511204,2.5520010240143165e-05,0.0007731541409157217,0.0014893428888171911,0.0019839396700263023,0.0014842839445918798,0.00010732188093243167,1.292032902711071e-05,1.3417571608442813e-05,2.3840142603148706e-05,1.278063155041309e-05,2.5094145712500904e-06,0.010964557528495789
144,0.001225386280566454,0.00012759541277773678,0.0006680441438220441,0.0024269779678434134,0.0033410233445465565,0.0007269335328601301,0.006762558128684759,6.6439401962270495e-06,2.8610165827558376e-06,7.290318990271771e-06,4.229244950693101e-06,2.370822812736151e-06,5.849776698596543e-07
145,0.0005603908794000745,3.52242641383782e-05,0.0009538517333567142,0.006498588249087334,0.000984975602477789,0.0024614925496280193,4.557251486403402e-06,1.2258624337846413e-05,0.0013065587263554335,0.003847748739644885,7.600934850415797e-07,1.814696702240326e-06,1.3677987453775131e-06
146,0.001117332954891026,0.0014432891039177775,0.0008654522243887186,0.0008265913347713649,0.006007985211908817,0.0022186231799423695,8.702541890670545e-06,0.000496900116559118,0.006047670263797045,7.377073779935017e-05,1.8617295154399471e-06,8.295643783640116e-05,1.5682967386965174e-06
147,0.0019354699179530144,0.001104698283597827,0.000919537793379277,2.1389609173638746e-05,0.002128049498423934,0.0031428951770067215,0.003814143128693104,0.0018858584808185697,0.006010308861732483,5.56331633561058e-06,2.185109769925475e-05,6.652799697803857e-07,3.5008747545361985e-07
148,0.0013921329518780112,0.0013267137110233307,0.0006844336749054492,0.00014696258585900068,0.0014957713428884745,0.0017666519852355123,0.0019774308893829584,0.0021586704533547163,0.0005823326646350324,1.8695993730943883e-06,3.5594114251580322e-06,2.179449893446872e-06,1.4386367865881766e-06
149,0.0014842568198218942,0.0001685653260210529,0.00027640844928100705,0.00099091581068933,0.0032703084871172905,0.0018763442058116198,2.8444957933970727e-05,6.69647079121205e-06,0.001317568589001894,3.5762889183388324e-06,6.88600891862734e-07,4.408405948197469e-05,3.421963299388153e-07
150,0.0028880522586405277,0.0008487757295370102,0.0007932537700980902,0.0006844769814051688,0.00036526433541439474,0.0017043632688000798,0.003373592160642147,9.680478979134932e-05,2.3938302547321655e-05,1.1721112969098613e-05,3.422504050831776e-06,8.438793770437769e-07,0.0054634553380310535
151,0.0015612065326422453,7.52518026274629e-05,0.00048477810923941433,0.002284750109538436,0.0033116263803094625,0.0006079226150177419,0.000607493391726166,0.0019720629788935184,1.5866531612118706e-05,4.132425601710565e-06,1.8708992683968972e-06,5.133586000738433e-07,2.597237880763714e-06
152,0.00029573621577583253,0.0009385156445205212,0.0003756037913262844,3.652237865026109e-05,0.0033476382959634066,0.0052763293497264385,0.00011879342491738498,6.230515282368287e-05,0.0015976354479789734,5.541204245673725e-06,1.3783677786705084e-05,1.4592335446650395e-06,0.02033442258834839
153,0.0015071682864800096,0.0006232326268218458,0.00026311303372494876,0.000910614209715277,0.0029892991296947002,0.00019259515102021396,8.655470992380287e-06,1.1238277693337295e-05,0.009453513659536839,8.467647421639413e-05,4.629393970390083e-06,0.005291512235999107,3.1463166578760138e-06
154,0.0011387348640710115,1.2361560038698371e-05,4.8689907998777926e-05,4.6442979510175064e-05,0.006597192492336035,6.422919250326231e-05,0.008353089913725853,2.782478077278938e-05,2.570270112300932e-07,1.0694256161514204e-05,2.4129890334734228e-06,1.8550579170550918e-06,2.450903139106231e-06
155,0.0012762562837451696,0.0010245329467579722,0.002431778470054269,0.0018448082264512777,0.0005702923517674208,0.00044486336992122233,3.994518192484975e-05,3.839043347397819e-05,0.0034653018228709698,2.065578337351326e-05,0.0006415985990315676,0.0086784977465868,7.559716323157772e-06
156,0.0006545895012095571,3.458423452684656e-05,0.0019277678802609444,0.0020109370816498995,0.0014732194831594825,0.0002047238958766684,0.001463571796193719,0.0009530060924589634,1.3400391253526323e-05,2.4484370442223735e-06,3.3258510256928275e-07,1.2095151760149747e-06,1.20242320917896e-05
157,0.001931453705765307,0.0005880243261344731,0.0005189359071664512,8.801494550425559e-05,0.005520747508853674,1.528475695522502e-05,0.00022892988636158407,0.0002763381344266236,2.839545004462707e-06,3.332320193294436e-05,1.1327131232974352e-06,1.2150113661846262e-06,5.833656814502319e-06
158,0.001200030092149973,0.000993826542980969,0.0005369647988118231,0.0015318425139412284,0.0001168585877167061,0.00041432364378124475,5.22447626281064e-05,1.0824364835571032e-05,0.0026957844384014606,3.091045073233545e-05,1.0217198678219575e-06,7.07310050529486e-07,0.01338508352637291
159,0.0009809968760237098,0.00034210633020848036,0.001170888775959611,0.0024076919071376324,0.0011467214208096266,0.0023265511263161898,2.093974944727961e-05,0.0027676026802510023,1.3071497050987091e-05,3.114912487944821e-06,0.0013046934036538005,2.4444486825814238e-06,2.279223372170236e-05
160,0.0012456346303224564,0.0034124513622373343,0.004679189994931221,0.0030808267183601856,0.0018437079852446914,0.00018218255718238652,0.002294485690072179,6.132533599156886e-05,0.00040828101919032633,0.0067739784717559814,0.00565601559355855,1.572500423208112e-06,2.0134984879405238e-06
161,0.0018791910260915756,0.0003263886319473386,0.0015792929334565997,0.0034165005199611187,0.0019894051365554333,0.0006372136413119733,8.680361497681588e-05,3.924619159079157e-05,0.002529383869841695,1.3136847201167257e-06,1.3534453273678082e-06,0.011016670614480972,2.449772182444576e-06
162,0.0021455269306898117,0.0010250899940729141,0.0009578925673849881,0.00026542559498921037,0.00014383195957634598,0.0011498467065393925,0.002739476738497615,0.004238203167915344,0.007636478170752525,1.1489632925076876e-05,1.9668003005790524e-05,0.003108011092990637,6.90794558977359e-06
163,0.0014365490060299635,0.0001507519045844674,0.0009645509999245405,0.0025581661611795425,0.003590380772948265,0.0004390758986119181,2.5212168566213222e-06,7.963678399391938e-06,2.6100320610566996e-05,1.9284667359897867e-05,2.1946243577986024e-06,3.282709030827391e-06,5.1324091145943385e-06
164,0.000730530999135226,0.00035361218033358455,0.0007495422614738345,0.002750176005065441,0.0023816244211047888,0.0014447919093072414,7.598219235660508e-05,0.00015744415577501059,2.696793308132328e-05,0.0007680479902774096,1.7425416444893926e-05,1.117075044021476e-06,0.002550233155488968
165,0.00181598961353302,0.00028047061641700566,0.0032005999237298965,0.0016447312664240599,0.0007829095120541751,3.726461363839917e-05,0.0033633271232247353,0.002326138550415635,1.1449124940554611e-05,3.1948551622917876e-05,6.180877971928567e-05,9.082812653105066e-07,1.265575428988086e-05
166,0.0010307204211130738,9.468406460655387e-06,0.0024070153012871742,0.0015539611922577024,0.004018033389002085,0.0023789466358721256,0.00023943161068018526,0.00010730923531809822,9.818770922720432e-05,2.963857923532487e-06,1.0350730917707551e-05,0.002670253161340952,1.353699371975381e-05
167,0.0005671531544066966,0.00038179176044650376,0.0004033006844110787,0.0005634440458379686,0.004069755785167217,0.0006993864080868661,9.014379611471668e-05,0.0036724882666021585,0.00011815848847618327,3.088324228883721e-05,3.2995681067404803e-06,5.777781666438386e-07,1.1155846550536808e-05
168,0.001462096581235528,0.0012448803754523396,0.000804851355496794,0.0016579857328906655,0.0021655180025845766,0.0004953277530148625,7.252851355588064e-05,2.8551956347655505e-05,0.00711170444265008,4.151411121711135e-05,2.0483789739955682e-06,6.772163487767102e-06,0.0029820420313626528
169,0.0024888019543141127,8.588557102484629e-05,0.0015807010931894183,0.003296006005257368,0.0010022209025919437,0.0024799443781375885,0.003346361219882965,2.3413158487528563e-05,2.338476406293921e-06,1.7431334526918363e-06,0.009773300029337406,3.3390767839591717e-07,9.571613190928474e-07
170,0.0019623665139079094,0.0001267644838662818,0.0009396844543516636,0.001376885804347694,0.005776997655630112,0.003237934783101082,0.0012045260518789291,0.0038878179620951414,0.00017451705934945494,5.775546014774591e-06,9.24056803341955e-06,1.4700082829222083e-05,2.3253840026882244e-06
171,0.0018338914960622787,1.5093157344381325e-05,0.0016028996324166656,0.001980998320505023,4.712741429102607e-05,0.0031035644933581352,0.007631160784512758,0.0004272633232176304,7.357188223977573e-06,3.74804699276865e-06,2.958542836495326e-06,2.895520481160929e-07,3.6207595712767215e-06
172,0.0012694578617811203,0.00139432807918638,0.0007030862616375089,5.503279680851847e-05,0.0005264007486402988,0.0006734773050993681,0.003016324248164892,0.0001232465001521632,0.002740301890298724,0.0011604356113821268,0.0003921150928363204,1.659747397297906e-07,0.004136636853218079
173,0.0009065123158507049,1.253843311133096e-05,0.0037176087498664856,0.004253051243722439,0.0022748177871108055,0.0011512285564094782,0.003859641496092081,8.962859283201396e-06,5.8290220295020845e-06,9.641097130952403e-05,2.9771040317427833e-06,3.4266477086930536e-06,7.1226677391678095e-06
174,0.0012595775770023465,0.0007141082896851003,0.000756653374992311,0.0014802950900048018,0.0021051454823464155,0.004662974271923304,2.6706929929787293e-05,1.4431275303650182e-05,0.0019656068179756403,1.982702769964817e-06,4.087278853148746e-07,9.873568274088029e-08,1.1745427173082135e-06
175,0.0015568676171824336,0.00031314315856434405,0.00030002256971783936,0.0013075588503852487,0.0013124108081683517,0.001036429195664823,1.7512584236101247e-05,0.004944239743053913,0.0018112154211848974,2.265680450364016e-06,2.9205966711742803e-06,0.0012442517327144742,6.162759405015095e-07
176,0.00126965984236449,0.0004246350144967437,0.00011479954264359549,0.00014409012510441244,0.0014647438656538725,0.0004304793255869299,4.48867376690032e-06,9.39192068472039e-06,0.0023000098299235106,2.7504270292411093e-06,8.00535508460598e-06,0.02784894034266472,8.665889481562772e-07
177,0.0017287349328398705,0.00013059479533694685,0.0017874205950647593,0.00011854513286380097,0.0035134837962687016,0.0008692799601703882,0.0036248001269996166,0.0005027801962569356,1.4175003343552817e-05,3.2813586585689336e-05,1.668818003963679e-05,2.0815456082345918e-05,2.190087798226159e-05
178,0.0024338660296052694,0.0007158885127864778,0.00040073503623716533,1.6475172742502764e-05,0.0014641971793025732,0.005464558489620686,1.056541918842413e-06,1.6880912880878896e-06,1.5041197912069038e-05,1.2353972351775155e-06,1.475038970966125e-06,0.007738008163869381,8.083700890892942e-07
179,0.001647638389840722,0.0010566769633442163,0.0020629989448934793,0.0024285006802529097,0.0051562185399234295,0.0020078651141375303,4.9102192861028016e-05,2.9827002435922623e-05,1.684715061855968e-05,1.812897971831262e-05,5.550326477532508e-06,3.829097749985522e-06,7.845518439353327e-07
180,0.0012675502803176641,0.00036640706821344793,0.00045772685552947223,0.0009987648809328675,0.0021155807189643383,0.0010268230689689517,0.0001646643941057846,1.5842286302358843e-05,1.9383960534469225e-05,9.448175433135475e-07,0.00963729526847601,1.7405943708581617e-06,8.675046956341248e-06
181,0.0016848316881805658,0.0008016206556931138,0.0008357528713531792,0.0015582330524921417,0.0007824745844118297,0.00341746280901134,1.4974957593949512e-06,1.0600307177810464e-05,0.0017863453831523657,4.389175501273712e-06,3.8169941944943275e-06,0.015323756262660027,7.463627298420761e-07
182,0.0011307693785056472,2.167405909858644e-05,0.001166880247183144,0.0025969038251787424,8.096932106127497e-06,0.0002140319556929171,3.6265814742364455e-06,3.321819895063527e-05,0.0034315818920731544,1.4942593224986922e-06,1.3762372645942378e-06,0.006986312568187714,1.1400051107557374e-06
183,0.0013505946844816208,0.0004800230381079018,0.001657147891819477,0.0018679917557165027,0.0029717320576310158,0.0024648811668157578,2.210426828241907e-05,2.0402036170708016e-05,0.00013239466352388263,5.490228431881405e-06,1.6706508176866919e-06,0.013045591302216053,1.5855217725402326e-06
184,0.00163105723913759,0.0001421099586877972,0.0026933280751109123,0.001099252374842763,0.0001694121747277677,0.0007780584855936468,0.0024858128745108843,0.007841985672712326,2.6560965693533944e-07,9.962554941012058e-07,0.0007160414243116975,3.084270758790808e-07,1.8149166862713173e-06
185,0.0015584500506520271,0.0008063034038059413,0.00027885448071174324,0.0002816086052916944,0.0009915485279634595,0.0025226513389497995,1.799310848582536e-05,2.974393282784149e-06,0.003514406969770789,6.016348834236851e-06,0.0022786916233599186,5.033603883930482e-06,1.2423671250871848e-05
186,0.0006538192974403501,0.00026355613954365253,0.0010761009762063622,0.003050323110073805,0.0006829928606748581,1.4492157788481563e-05,0.004208988044410944,0.006289633922278881,1.1030880159523804e-05,0.0018992568366229534,0.00017502343689557165,7.948399343149504e-07,0.016822313889861107
187,0.001010665437206626,0.001387738506309688,0.0010072680888697505,0.001184675027616322,0.0010831067338585854,0.004698432516306639,1.8652257494977675e-05,2.5419114990654634e-06,4.9481215683044866e-05,7.529754384449916e-07,1.7860085677057214e-07,7.631358585058479e-07,2.6553794896244654e-07
188,0.0014874545158818364,0.0017544679576531053,0.0011224211193621159,2.814913932525087e-05,0.0017694532871246338,0.010626748204231262,0.0012269780272617936,0.00715363584458828,9.667748963693157e-05,5.90033050684724e-06,3.484448143353802e-07,3.444635467531043e-06,3.7970806943121715e-07
189,0.0013777711428701878,0.0006239122012630105,0.002849655458703637,0.0017548806499689817,0.00119063223246485,0.0005813872558064759,0.00018187705427408218,3.1539082556264475e-05,5.332022738002706e-06,5.767188122263178e-05,3.8111384128569625e-06,2.7040475742978742e-06,3.191812766090152e-06
190,0.0012872375082224607,0.0005458604427985847,0.0005453095654956996,0.0009975084103643894,0.0011630995431914926,0.00042661107727326453,7.031056156847626e-06,4.104881554667372e-06,0.01192602701485157,5.098471319797682e-06,8.240132956416346e-06,0.014695148915052414,4.038806309836218e-06
191,0.0007954455795697868,4.161758624832146e-05,0.001044989563524723,0.00321331643499434,0.0012780114775523543,0.0006579060573130846,1.0771101415230078e-06,9.272587703890167e-06,1.9066330878558801e-06,6.002356894896366e-05,3.907072368747322e-06,1.4059406794331153e-06,7.932097219054413e-07
192,0.0011421310482546687,0.0006425746832974255,0.0010081190848723054,0.0028911633417010307,0.001589908148162067,0.004407756961882114,0.0016471017152071,1.6206912505367654e-06,3.955979650527297e-07,0.0033220904879271984,0.0013058703625574708,1.197446977130312e-06,0.009688399732112885
193,0.001306107034906745,0.0007063628872856498,0.0003540621546562761,0.0011766708921641111,8.614479884272441e-05,0.0020041957031935453,2.4663572730787564e-06,9.305645107815508e-06,0.00937046017497778,7.86171221989207e-06,9.688359568826854e-06,0.008098299615085125,0.005167981144040823
194,0.00102982297539711,0.0008058360544964671,0.0003399239794816822,1.030599196383264e-05,0.0007626832812093198,0.0008814757457002997,0.003228760091587901,0.003245847998186946,1.0335267006666982e-06,2.2031574644643115e-06,0.010281525552272797,2.316617297992707e-07,0.010324657894670963
195,0.001135467435233295,5.5283395340666175e-05,0.0005188596551306546,0.0019400761229917407,0.004557151347398758,0.002687436994165182,7.262313010869548e-05,0.000922746432479471,1.3209803000790998e-05,5.0363800255581737e-05,7.286616437340854e-06,1.3399072713582427e-06,7.075409484968986e-07
196,0.0018277514027431607,0.0013011448318138719,0.0007047465187497437,0.0001054224485415034,0.0032216180115938187,0.002937267767265439,2.410514571238309e-05,0.0026491081807762384,9.962790500139818e-05,2.112979746016208e-05,0.003253972390666604,0.0044589778408408165,7.756667764624581e-05
197,0.002420174889266491,0.00037275979411788285,0.0014095994411036372,0.003373966785147786,3.169387491652742e-05,0.0005849864101037383,0.0020676383282989264,6.021816443535499e-05,4.520967650023522e-06,1.8954478946398012e-06,2.0822637907258468e-06,1.294846356358903e-06,1.4658778013654228e-07
198,0.0009319410310126841,0.0005150306969881058,0.003283283906057477,0.0027091465890407562,0.00025160727091133595,0.0016746663022786379,0.0010411698604002595,0.0006518868613056839,0.0016913877334445715,5.458261966850841e-06,0.0006545183714479208,0.00041806368972174823,0.006406100001186132
199,0.0014621283626183867,4.3333649955457076e-05,0.0005618161521852016,0.0010197320953011513,0.002189049730077386,0.0009701341041363776,2.7833384592668153e-05,0.0025710714980959892,1.0287122904628632e-06,5.60635635338258e-06,3.025685600732686e-06,2.8128602025390137e-07,1.8895956372944056e-06
200,0.0014893931802362204,0.0006024252506904304,9.855546522885561e-06,0.00019173171313013881,2.5965404347516596e-05,0.005248874891549349,3.6179364997224184e-06,4.059666935063433e-06,3.625545650720596e-05,2.4501468942617066e-06,3.316017114229908e-07,0.01881551370024681,2.829101788393018e-07
201,0.0011149891652166843,0.000550419557839632,0.0013349299551919103,0.0028076358139514923,0.001894832355901599,0.002430686494335532,2.076883174595423e-05,3.6595538404071704e-05,0.0003488390357233584,9.870736539596692e-05,0.010551324114203453,0.015836380422115326,8.413004252361134e-06
202,0.002279870677739382,0.0003862749435938895,0.001059112255461514,0.003444596892222762,0.0009727195138111711,0.0005083715077489614,7.3907399382733274e-06,7.964691576489713e-06,5.4613974498352036e-05,3.5160117022314807e-06,1.2452516102712252e-06,5.735323611588683e-07,4.555786745186197e-06
203,0.0026656321715563536,0.0001953434111783281,0.0009659261559136212,0.004745200742036104,0.0001810646936064586,0.003286411054432392,7.008665124885738e-05,3.836692030745326e-06,0.0003200532519258559,7.3802334554784466e-06,7.538735076195735e-07,4.7532294047414325e-06,1.1418636631788104e-06
204,0.001991914352402091,0.0002156539267161861,0.0007350569358095527,0.000938087236136198,0.001896576606668532,0.0029625147581100464,0.00010084723180625588,0.004764603450894356,0.004216718953102827,1.677089858276304e-05,1.002396629701252e-06,0.008511058986186981,5.61026638479234e-07
205,3.342832133057527e-05,0.000412081804824993,0.0017124783480539918,0.00014356820611283183,0.0007158048101700842,0.002106679603457451,0.0002271255070809275,0.004745209123939276,1.149963281932287e-05,3.3497842650831444e-06,0.022483447566628456,1.550120759929996e-05,1.5574223652947694e-06
206,0.001796277821995318,0.0007196448277682066,0.0022624253761023283,0.0003625087847467512,0.0012753128539770842,0.0013431464321911335,1.3221979315858334e-05,4.510760118137114e-05,0.009451083838939667,5.451523247756995e-05,5.103393959871028e-06,7.004327926551923e-06,4.906059530185303e-06
207,0.0017871824093163013,0.0006699381629005075,0.002604568377137184,0.00012726499699056149,0.0001174610442831181,0.004949688445776701,0.00011215833364985883,0.0001535631308797747,0.005142622627317905,3.5778577966993907e-06,4.036439349874854e-06,0.006476042326539755,2.2269910004979465e-06
208,0.0017577041871845722,0.00039725619717501104,0.0004809432721231133,0.0009709475561976433,0.002571051474660635,0.0005509123438969254,0.00013914880400989205,1.1335351700836327e-05,0.001618112437427044,1.4310327969724312e-05,3.766692680073902e-05,7.798203114361968e-07,1.696090521363658e-06
209,0.0015351885231211782,0.00046182190999388695,0.002055089920759201,0.0016594065818935633,5.205576235312037e-05,0.0002865983115043491,3.6889086914015934e-05,0.0009672254673205316,0.0014733977150171995,6.76152183132217e-07,3.8294310797937214e-06,0.008397730067372322,2.4796636353130452e-06
210,0.003290040185675025,0.0006764206336811185,0.0006407437031157315,9.272770694224164e-05,0.00186186155769974,0.0038803275674581528,1.1213644938834477e-05,8.550087841285858e-06,0.0014507992891594768,7.4360636972414795e-06,2.0724198748212075e-06,2.568984882600489e-06,1.8000666386797093e-05
211,0.0011411544401198626,6.133663555374369e-05,0.004107135348021984,0.0011297303717583418,0.0040263831615448,5.332584350981051e-06,0.00568378297612071,0.0016349490033462644,7.810588726897549e-07,5.648064870911185e-06,7.603310223203152e-06,4.297470695746597e-06,7.093543104019773e-07
212,0.0022218700032681227,4.621962489181897e-06,0.0009006599429994822,0.0028628434520214796,0.00039916043169796467,0.004097053315490484,1.7610098439035937e-05,4.355960300017614e-06,1.0684141216188436e-06,1.3888288776797708e-06,3.0534104666912754e-07,3.345496395468217e-07,2.276144414281589e-06
213,0.0008763518999330699,0.0003193920128978789,0.0005695800646208227,0.001698366249911487,0.0015849388437345624,0.003281210083514452,0.00012266519479453564,0.0027747664134949446,0.007267076522111893,6.767995728296228e-06,7.731430741841905e-06,1.3506636605598032e-05,1.7759575712261721e-06
214,0.0015126990620046854,0.0015249327989295125,0.002109197434037924,0.002336971927434206,0.004249097779393196,0.007393317762762308,0.0008362500811927021,0.00027680405764840543,4.406279913382605e-05,6.915064295753837e-05,7.896794159023557e-06,1.3677347396878758e-06,1.1458758990556817e-06
215,0.000927262706682086,0.0005652595427818596,0.0004220883420202881,0.0003278800577390939,0.0011183696333318949,1.721606713545043e-05,0.002780860522761941,2.6038807845907286e-05,5.457669612951577e-05,1.628061113478907e-06,0.004885513335466385,5.080744926999614e-07,0.005513877607882023
216,0.0010468815453350544,0.0005192829994484782,0.000527050462551415,0.0006895730621181428,0.003732724580913782,0.00026933709159493446,1.176960995508125e-05,0.005882526747882366,0.0064977481961250305,3.23302811011672e-06,2.115127699653385e-06,0.001118648680858314,1.5027660538180498e-06
217,0.0018047058256343007,0.0004041075590066612,0.00047003739746287465,0.002394344424828887,0.0034956729505211115,0.00010439304605824873,6.0765269154217094e-05,0.00031111054704524577,3.990845289081335e-05,3.446382106631063e-05,0.005282449070364237,2.127209518221207e-05,0.00876123271882534
218,0.0014575925888493657,0.0007035129819996655,0.0021961135789752007,0.0012291896855458617,0.0005470052128657699,0.0006816081004217267,4.014812657260336e-05,3.8676171243423596e-05,0.0031958140898495913,4.433694357430795e-06,2.243458766315598e-06,1.2960423418917344e-06,0.005600534845143557
219,0.000802365131676197,2.8893273338326253e-05,0.00011748837277991697,2.213704192399746e-06,0.0047077396884560585,0.0007859718753024936,8.248561061918736e-05,0.0025812883395701647,3.5280822885397356e-06,7.550446298409952e-06,2.0173856682959013e-06,6.423576337510895e-07,3.049200586247025e-06
220,0.0012103446060791612,0.000869577401317656,0.0006498820730485022,1.9087601685896516e-05,0.00027822257834486663,5.258772580418736e-05,4.3227362766629085e-05,0.009888917207717896,1.173713735624915e-05,9.074653462448623e-06,9.92813966149697e-06,0.004571964498609304,0.010441680438816547
221,0.00038923186366446316,0.0002532740472815931,0.0007907669059932232,0.00030414664070121944,0.002062047366052866,0.0058009568601846695,0.007191350217908621,0.0005556762334890664,5.71416649108869e-06,8.85469216882484e-06,2.574297832325101e-05,1.8239235259898123e-06,1.447346221539192e-06
222,0.0004058995400555432,9.860295540420339e-05,0.0012288849102333188,0.0005057624075561762,0.001771235722117126,9.463543392485008e-06,0.005780040752142668,4.5913711801404133e-05,4.670184807764599e-06,9.345990292786155e-06,3.288303105364321e-06,8.538031579519156e-07,4.504926437221002e-06
223,0.0008656156715005636,0.0007654992514289916,0.00035608408506959677,0.0016264845617115498,0.0005694255232810974,1.977662577701267e-05,0.003967200871556997,0.0018352495972067118,1.2720789527520537e-05,6.922612556081731e-06,0.011076184920966625,1.1136669400002575e-06,6.94637401466025e-06
224,0.0012028489727526903,0.00012883708404842764,0.0018253820016980171,0.002616732846945524,0.00054357381304726,3.702027697727317e-06,0.007533312309533358,6.143514838186093e-06,1.7430496654924355e-06,4.090262882527895e-05,0.005146666895598173,1.9674024542837287e-07,1.005340322990378e-06
225,0.001517134951427579,0.0004581588145811111,0.0026615504175424576,0.001619687769562006,0.0008444057311862707,4.9706104618962854e-05,0.0048775505274534225,0.00039433990605175495,3.6166875361232087e-06,4.7431927669094875e-05,0.0007539365324191749,4.817767376152915e-07,0.0027329681906849146
226,0.0007071253494359553,0.00023074787168297917,0.00017028582806233317,6.781898264307529e-05,0.0023516553919762373,0.0015875771641731262,3.280445162090473e-05,1.3619744095194619e-05,0.006685146130621433,3.979769644502085e-06,1.446858163944853e-06,0.00910596176981926,1.7670634406385943e-05
227,0.0011169447097927332,0.0009406238095834851,0.001104090129956603,0.001965560019016266,0.0032386640086770058,0.0011896047508344054,0.0011963717406615615,1.5267856724676676e-05,3.1207096071739215e-06,0.0007283512386493385,0.0007003612699918449,2.442790503209835e-07,7.354616968768823e-07
228,0.0019615390338003635,0.0003218225028831512,0.0004395483119878918,0.0014029535232111812,0.0012249882565811276,2.2620718027610565e-06,4.571430963551393e-06,1.4776727539356216e-06,2.577416807980626e-06,1.3821338598063448e-06,0.006447537336498499,3.273706568052148e-07,0.007537806872278452
229,0.0013029574183747172,0.0006531631806865335,0.00047651701606810093,0.0008380902581848204,0.0015420722775161266,0.004905304405838251,2.670453250175342e-05,3.0672585126012564e-05,0.004340956453233957,7.08208517608e-06,3.2919615478022024e-05,6.13528536632657e-05,0.010471477173268795
230,0.00045241264160722494,8.11064091976732e-05,0.0029433290474116802,0.0031813327223062515,0.0015365761937573552,0.00010898093023570254,0.003490656614303589,0.00459746690467,1.66076961249928e-06,3.1352863061329117e-06,0.01024117786437273,2.434342832202674e-06,9.30662451992248e-07
231,0.0024834987707436085,0.000718542723916471,0.0011619455181062222,0.0005486903246492147,0.000644928717520088,3.723644113051705e-06,0.004812438506633043,0.0063359178602695465,2.724086880334653e-05,2.7739399683923693e-06,1.901105690649274e-07,2.3461971920823999e-07,3.101483571299468e-06
232,0.0014753472059965134,0.0004223155265208334,0.0005459230742417276,0.0017490676837041974,0.0003879171272274107,3.554480281309225e-05,0.0016097386833280325,3.0130759114399552e-05,5.283850441628601e-06,6.906064754730323e-06,0.0020183862652629614,3.414841557969339e-06,2.5392528186785057e-05
233,0.0022056950256228447,0.0008101629209704697,0.0009301332756876945,0.0012053888058289886,0.0030786022543907166,0.00018046164768747985,0.0002494949731044471,0.00021706144616473466,0.006596482824534178,8.809495193418115e-05,4.058309514221037e-06,2.0981401576136705e-06,1.7472902982262895e-05
234,0.002489368664100766,4.94792839162983e-05,0.0005379130016081035,0.0017823829548433423,7.170152912294725e-06,0.0008854851475916803,0.0020042823161929846,0.002355102449655533,4.066584551765118e-06,1.1830048833871842e-06,1.0328550388294389e-06,1.5095564265266148e-07,2.419526765606861e-07
235,0.0022502129431813955,0.0008160015568137169,0.0019100445788353682,0.002530611352995038,0.0003455387777648866,0.0035098891239613295,1.3798860891256481e-05,7.526284207415301e-06,0.012413895688951015,3.206220208085142e-05,9.116139153775293e-06,1.9577271814341657e-05,0.01513768546283245
236,0.002861006883904338,0.0016091628931462765,0.0014280217001214623,0.0013214560458436608,0.005507922265678644,0.004287346266210079,0.0003283362602815032,0.0002973444643430412,2.2111764337751083e-05,3.901715172105469e-05,7.0505798248632345e-06,1.5406199963763356e-05,2.2202050331543433e-06
237,0.001656467909924686,0.00019426841754466295,0.00039861814002506435,0.0008723977371118963,0.0010973222088068724,0.0013263195287436247,0.0035423943772912025,0.0014228582149371505,0.004984288942068815,1.3908343134971801e-06,4.912409622193081e-06,0.010947009548544884,1.8484744259694708e-06
238,0.0008462471305392683,0.00010977673809975386,0.0021761234384030104,0.0026749526150524616,0.002547586802393198,0.00048407589201815426,0.003456135978922248,0.0012346019502729177,6.516855501104146e-05,6.991190730332164e-06,1.5635183672202402e-06,2.4493162982253125e-06,5.058301212557126e-06
239,0.0009960114257410169,4.9987556849373505e-05,0.00294695096090436,0.007679727394133806,0.0018070545047521591,0.0017115195514634252,0.002184177516028285,8.794730092631653e-05,4.2360738007118925e-05,0.002975774696096778,4.467326289159246e-05,1.2374071957310662e-05,1.785515996743925e-05
240,0.0014018811052665114,0.0010451199486851692,0.0009783225832507014,0.0012776904040947556,0.0015288981376215816,6.293536716839299e-05,7.409018144244328e-05,8.630668162368238e-06,0.0017791901482269168,0.0028529255650937557,0.0033842334523797035,8.06676112574678e-08,0.006081210449337959
241,0.0013232671190053225,0.00010662354907253757,0.0008789656567387283,0.0039405832067132,0.0013532328885048628,0.0019963036756962538,0.004083837382495403,9.732131729833782e-05,1.9767678622883977e-06,0.0026670056395232677,0.00040327306487597525,6.80455241308664e-06,3.7868380786676425e-06
242,0.0009586054948158562,0.0006628616829402745,0.0003516246797516942,0.00034219451481476426,0.0019823103211820126,0.0015556077705696225,0.0004039935884065926,1.7606409528525546e-05,0.000102771315141581,9.108614904107526e-06,7.073346637298528e-07,1.6472961306135403e-07,0.01301432866603136
243,0.002220024587586522,0.0008113895892165601,0.0004990036832168698,0.00016117702762130648,0.0019331354415044188,0.005760149098932743,6.406585453078151e-05,1.781026367098093e-05,0.008046325296163559,2.446528014843352e-05,1.1105757039331365e-05,0.0017750480910763144,1.7283573470194824e-06
244,0.001457286300137639,0.00036429546889849007,0.00047748448560014367,3.772386480704881e-05,0.00282443524338305,0.005861114244908094,0.0022216818761080503,0.002819143468514085,6.693368050036952e-05,1.7400574279236025e-06,0.0019286697497591376,1.090831688088656e-06,0.009905491955578327
245,0.0012899255380034447,9.809927723836154e-05,0.0004126317799091339,0.000664534221868962,0.0011764952214434743,0.0031622028909623623,0.0014695239951834083,2.1484629542101175e-05,1.2496590215960168e-06,2.9956565867905738e-06,1.763619548000861e-05,7.091708766893134e-07,8.044371497817338e-07
246,0.0009289576555602252,0.0004222892748657614,0.001077287015505135,0.001906957826577127,0.0007280869176611304,0.00012723238614853472,0.007879276759922504,0.002993246540427208,8.410723239649087e-06,5.006030187360011e-05,0.001811855472624302,5.71011526062648e-07,0.0074727158062160015
247,0.0009762385743670166,0.001152761629782617,0.0006535832653753459,0.0029003694653511047,0.002401043428108096,1.1096897651441395e-05,0.0032437527552247047,0.0035553481429815292,1.8949482409880147e-06,0.0046147871762514114,0.002934446092694998,1.9923284071410308e-06,0.004563793074339628
248,0.00048379891086369753,0.0008764076046645641,0.0003478347207419574,4.75268934678752e-05,0.00024361776013392955,1.5988365703378804e-05,0.0023025847040116787,8.987416367745027e-05,8.136958058457822e-06,0.00426773214712739,4.209796315990388e-06,1.555431708766264e-06,9.239670930583088e-07
249,0.0014059854438528419,0.0025166121777147055,0.0006592663121409714,7.953933163662441e-06,4.520822403719649e-05,0.0009029823704622686,8.655099918541964e-06,0.0018300627125427127,0.0005457655643112957,2.3809194317436777e-05,2.0590200620063115e-06,0.0037146247923374176,1.0518386943658697e-06
250,0.0005030394531786442,0.0011533275246620178,0.0014036992797628045,4.7898214688757434e-05,2.234206476714462e-05,2.0036708519910462e-05,0.007670298218727112,0.002082000020891428,2.7634803245746298e-06,3.121002737316303e-05,9.781924745766446e-07,8.128866824108627e-08,3.335670044180006e-06
251,0.0012906694319099188,0.00044046551920473576,0.0002887167502194643,0.00011906053987331688,1.7470534658059478e-05,0.001164774177595973,0.001705117872916162,0.008196750655770302,0.0013725364115089178,6.994354748712794e-07,2.6950340270559536e-07,1.4522026503982488e-05,3.487957940251363e-07
252,0.0004997189971618354,0.0009360285475850105,0.0003005007456522435,8.029174932744354e-05,3.9530714275315404e-05,0.0002517323009669781,0.0012806098675355315,0.00010602719703456387,2.027580649155425e-06,1.7809574273996986e-05,9.48088484165055e-07,8.288747608276026e-07,1.489921601205424e-06
253,0.0007784587796777487,0.00012941370368935168,7.18699666322209e-05,4.037530379719101e-05,9.335037611890584e-05,0.00041429357952438295,0.005318839102983475,3.059037771890871e-05,7.97855136625003e-06,2.1375686628744006e-05,7.355642424045072e-07,1.984461874826593e-07,8.088227332336828e-07
254,0.0013675548834726214,0.0018322502728551626,0.00035362481139600277,0.0019155902555212379,4.8805606638779864e-05,0.0013497862964868546,0.0013000324834138155,0.00011810971045633778,8.225661440519616e-05,0.005823315121233463,5.982185939501505e-06,1.0564259355305694e-05,4.4612497731577605e-06
255,0.0003718243970070034,0.002162454416975379,0.00044060920481570065,1.9253898244642187e-06,3.337736416142434e-06,2.9943970730528235e-05,4.880524556938326e-06,2.499733682270744e-06,8.614456419309136e-07,0.00572155462577939,2.5839617592282593e-06,3.0419809604609327e-07,3.7507183492380136e-07
256,0.0005597737617790699,0.0012817716924473643,0.0004932329757139087,3.8194539229152724e-05,0.0003137759631499648,5.0533297326182947e-05,0.00308468216098845,6.912081153132021e-05,1.0932262739515863e-06,6.599901826120913e-05,2.201693177994457e-06,1.7545620494274772e-06,1.8627322333486518e-06
257,0.0013447166420519352,0.0012612773571163416,0.0002686132211238146,8.328912372235209e-06,0.0015918922144919634,0.0010010955156758428,3.276893403381109e-05,3.859030584862921e-06,0.002979326294735074,1.706590410321951e-06,8.187138860193954e-07,0.004603389650583267,2.393914257936558e-07
258,0.0016014243010431528,0.001856854883953929,0.00077231036266312,1.2533520020951983e-05,1.6232650523306802e-05,0.0009676093468442559,8.097053068922833e-06,3.999015007138951e-06,0.0040577128529548645,1.3843448414263548e-06,2.807028749884921e-06,0.011050268076360226,1.6492416534674703e-06
259,0.0004723769670818001,0.0007703225710429251,0.000981015618890524,9.47303997236304e-05,0.00039627388468943536,2.238949491584208e-05,0.00542729627341032,0.000518231128808111,1.453070763091091e-05,0.00010471212590346113,2.7411542760091834e-06,1.2032862741762074e-06,5.315927865012782e-06
260,0.0007202478591352701,0.003638078225776553,0.0016704592853784561,0.00021522687165997922,0.0026750697288662195,7.047202961985022e-05,4.0525981603423133e-05,2.6105255983566167e-06,4.9932092224480584e-05,0.009296970441937447,1.5373849748812063e-07,2.909482361701521e-07,1.033300918606983e-06
261,0.0008058418170548975,0.003947867080569267,0.0012182296486571431,9.012901864480227e-05,9.27138898987323e-05,0.00015363820421043783,0.00010101163206854835,0.008377624675631523,6.132481303211534e-06,0.008607267402112484,6.488286885542038e-07,6.157366101433581e-07,1.6315390212184866e-06
262,0.0009987473022192717,0.0017704751808196306,0.0005977848777547479,3.221301449229941e-05,1.4669160009361804e-05,0.000686230487190187,1.3049606423010118e-05,9.153348401014227e-06,0.0001270166103495285,2.3010591121419566e-06,7.865973543630389e-07,0.0032513004262000322,1.09451445950981e-06
263,0.0003692771715577692,0.004874901380389929,0.0037058922462165356,0.002477379748597741,0.0001992559409700334,8.016231731744483e-06,0.0001844685903051868,0.005124727729707956,1.225516552949557e-05,0.010630065575242043,8.856988642946817e-06,6.164977548905881e-06,1.2407666645231075e-06
264,0.0009408429032191634,0.00029223290039226413,0.0002060910628642887,8.327970863319933e-05,0.00028552088770084083,0.00015514009282924235,0.00014349099365063012,0.0004951540031470358,1.89522670552833e-05,7.686845492571592e-05,4.500494128478749e-07,4.489786078920588e-06,9.47679666296608e-07
265,0.0015661841025575995,0.003667625365778804,0.002323567634448409,0.00021843791182618588,0.0003278276417404413,0.0011245011119171977,0.0025444189086556435,0.0007540637161582708,9.078094444703311e-05,0.0028766687028110027,3.3128546874650056e-06,0.003030389314517379,1.910909850266762e-05
266,0.0008498755050823092,0.0015111287357285619,0.0005033317720517516,2.1871597709832713e-05,8.707404776941985e-05,0.0008510141633450985,1.6101992514450103e-05,2.1046947949798778e-05,0.000985438353382051,3.727676812559366e-05,1.3295008329805569e-06,0.011975749395787716,7.02858699241915e-07
267,0.0006899464642629027,0.0002820063382387161,0.0002446879807393998,8.933748176787049e-06,7.507407644880004e-06,0.00042486682650633156,9.620763194106985e-06,1.234498199664813e-06,0.002709584077820182,1.056801238519256e-06,8.465631253784522e-07,0.015109024941921234,5.7936102138000933e-08
268,0.0004516113840509206,0.0022029189858585596,0.0006317433435469866,2.2334165805659723e-06,0.00025982322404161096,0.000649918511044234,1.8816886040440295e-06,3.8987320294836536e-05,1.2226044418639503e-05,0.004101311322301626,7.382678859357839e-07,2.7872519581251254e-07,1.0411808943899814e-06
269,0.0013246267335489392,0.0032197649125009775,0.001505172811448574,0.0025442999321967363,4.407402957440354e-05,1.8405859009362757e-05,0.005713355727493763,0.0001337429421255365,3.696393605423509e-06,0.005930481944233179,5.476774731505429e-07,9.338635209132917e-06,3.3299727419944247e-07
270,0.0009357178350910544,0.0013786056078970432,0.0011296601733192801,0.0014315624721348286,4.724563405034132e-05,5.598489588010125e-05,0.0018707674462348223,0.005670503713190556,7.958109563332982e-06,2.0791529095731676e-05,5.722972673538607e-07,5.098858309793286e-06,5.562499723055225e-07
271,0.0011320464545860887,0.0011212523095309734,0.00034533231519162655,1.0080766514874995e-06,5.5099186283769086e-05,0.0012868893099948764,1.0435195690661203e-05,6.33510489933542e-06,0.0002736931201070547,6.292788839346031e-06,5.581514415098354e-07,0.005233826115727425,1.503102907918219e-06
272,0.0007912543951533735,0.0009098915616050363,0.0006720691453665495,2.4505214241798967e-05,0.00014956553059164435,9.538089216221124e-06,0.0018074411200359464,0.004227543715387583,5.184310793993063e-06,2.8291203761909856e-06,7.283819627446064e-07,6.336179581012402e-08,5.654127903653716e-07
273,0.00014887010911479592,0.0011197152780368924,0.00034884814522229135,2.8977368856430985e-05,0.0005501570412889123,4.424343569553457e-05,0.0025767746847122908,4.963268293067813e-05,6.395578566298354e-06,0.010965517722070217,7.504361860810604e-07,1.5221695548461867e-07,1.5165990134846652e-06
274,0.0008415053016506135,0.002141159726306796,0.0025671632029116154,0.00013299471174832433,6.282126560108736e-05,0.0007031625136733055,0.003998964559286833,0.0001547159772599116,3.948473749915138e-05,3.0298806450446136e-05,1.4577889487554785e-05,9.043972568179015e-06,1.983200945687713e-06
275,0.00012680566578637809,0.000985918682999909,0.000721526681445539,4.1947452700696886e-05,0.0005635325214825571,6.231231282072258e-07,0.0009499888401478529,0.0058738067746162415,3.1859676710155327e-06,0.003985065966844559,4.461940079636406e-06,2.697908030313556e-07,1.6647894653942785e-06
276,0.00031232016044668853,0.0015414549270644784,0.0012022904120385647,2.5813774300331715e-06,0.00032335129799321294,1.4735024706169497e-05,4.0723647543927655e-05,0.004719176329672337,2.95783706860675e-06,1.801526377676055e-05,2.6906656103165005e-07,8.464328402624233e-07,1.7720037703838898e-06
277,0.0007476277532987297,0.0007753125391900539,0.0006140175391919911,0.00014192014350555837,0.00027738235075958073,4.388209345052019e-05,0.00261993077583611,0.002817347412928939,4.074895514349919e-06,8.736588824831415e-06,3.5504154993759585e-07,6.749647582182661e-06,5.401147404882067e-07
278,0.0003021616430487484,0.0020745357032865286,0.0024348655715584755,0.0003034035617019981,0.0003106544027104974,1.63291424541967e-05,0.000908931135199964,0.0012175546726211905,2.8528208986244863e-06,0.00297607877291739,2.24660922754083e-07,1.0018740681516647e-07,4.5156428996051545e-07
279,0.0008191968663595617,0.0018271033186465502,0.0017143917502835393,0.0002170204243157059,2.118639531545341e-05,0.0003872525994665921,9.848979243542999e-05,0.002518360735848546,7.119399379007518e-05,4.5367578422883525e-05,3.605064478051645e-07,2.6801276362675708e-06,1.165379217127338e-06
280,0.00029874758911319077,0.0005854099290445447,0.0006567708333022892,0.0009646141552366316,0.0016174454940482974,0.00037354748928919435,0.006463341880589724,0.0002864549169316888,3.6529061731016554e-07,0.0015046471962705255,4.183343946806417e-07,7.420786687362124e-07,7.002093980190693e-07
281,0.0015203108778223395,0.0002640107413753867,0.0011825207620859146,1.5159550457610749e-05,0.00025009020464494824,0.0011091070482507348,0.0025050747208297253,0.0026560742408037186,2.3083743144525215e-05,8.09597440820653e-06,8.194738825295644e-07,0.008401250466704369,1.2772469517585705e-06
282,0.0008394801407121122,0.0014429668663069606,0.00036532076774165034,1.2750948371831328e-05,3.96203322452493e-05,0.0005991786601953208,7.653393367945682e-06,3.652430677902885e-05,0.00026665368932299316,2.2070909835747443e-05,8.211816862058186e-07,0.009752040728926659,6.402217422873946e-06
283,0.0004830696270801127,0.0010782461613416672,0.00048592346138320863,4.994140908820555e-06,5.096830136608332e-06,0.0005516493110917509,0.0003257862408645451,0.0046020857989788055,5.976875399937853e-06,7.734001883363817e-06,5.361683292903763e-07,1.9787366909440607e-06,1.3204329434302053e-06
284,0.0011539357947185636,0.001360362977720797,0.0005493835778906941,2.9436279874062166e-05,0.00011401317169656977,0.0010347882052883506,5.0006317906081676e-05,0.00242209923453629,5.972568033030257e-06,3.333283302708878e-06,8.231596439145505e-06,1.5379101796497707e-06,2.566391685832059e-06
285,0.0013611027970910072,0.0042556459084153175,0.000968484440818429,2.3563747163279913e-05,0.001990019576624036,0.0005513414507731795,1.8995251593878493e-05,0.00010188628948526457,6.0864615079481155e-05,0.004969100933521986,2.7393823529564543e-06,2.574765630924958e-06,4.6212940105760936e-06
286,0.0010761232115328312,0.000222986753215082,0.00019924236403312534,9.66061998042278e-05,9.701707313070074e-06,0.0007918343180790544,0.0015227616531774402,0.0006246211123652756,0.0015747799770906568,1.8583911014502519e-06,1.4013156146575056e-07,0.005002415273338556,7.703640676481882e-07
287,0.0007171234465204179,0.00036724083474837244,0.0003604879602789879,8.278921450255439e-05,7.243255822686478e-05,0.0009855902753770351,0.0029166622553020716,0.0019548090640455484,0.0008045199210755527,7.886883395258337e-06,1.792119292076677e-06,5.76887316583452e-07,1.7376380867517582e-07
288,0.0005141549627296627,0.0018268193816766143,0.0008420266676694155,1.5164915566856507e-05,4.845626244787127e-05,2.8188338546897285e-05,4.382502993394155e-06,0.0071812779642641544,8.326147508341819e-06,4.989032095181756e-05,9.095306836570671e-07,3.64814667364044e-07,6.673411462543299e-06
289,0.0010234720539301634,0.0022362452000379562,0.0018823434365913272,8.918259482015856e-06,2.649363750606426e-06,0.0005606462364085019,1.1988349797320552e-05,2.0253550246707164e-05,0.000501215981785208,1.7989673324336763e-06,3.0754033559787786e-06,0.0023974133655428886,6.371631116053322e-07
290,0.0009644555393606424,2.21957488975022e-05,0.000247050920734182,0.00010672048665583134,0.0009922508616000414,2.777454210445285e-05,0.005397384520620108,0.007710425183176994,1.5227760741254315e-06,1.975430677703116e-06,9.485832379141357e-06,7.280636395989859e-07,1.0245296380162472e-06
291,0.0009017232805490494,0.00041244825115427375,0.000540414359420538,2.836423482222017e-05,0.00034782011061906815,0.0005956674576736987,0.0012322349939495325,0.0038585360161960125,0.0024510237853974104,1.5376101600850234e-06,1.5300570055387652e-07,0.004737207666039467,2.6906586754193995e-06
292,0.0004343398613855243,0.0017563669243827462,0.0011412958847358823,0.0032476892229169607,0.0002459860115777701,1.0022879905591253e-05,0.005572309717535973,0.00014967368042562157,6.7062464950140566e-06,0.009158141911029816,6.065240995667409e-06,5.286427949613426e-06,1.1596926015045028e-06
293,0.0009197532781399786,0.0005693194107152522,0.00023674934345763177,3.794927761191502e-05,0.0008345441892743111,1.2734468327835202e-05,0.0005786150577478111,1.64067078003427e-05,0.0019132981542497873,0.002900789026170969,8.044028163567418e-07,0.015831654891371727,6.553414095833432e-07
294,0.001139167696237564,0.002032070653513074,0.0022504564840346575,4.5110708015272394e-05,9.207997936755419e-05,5.545909880311228e-05,0.005489075090736151,0.004161859396845102,3.47575701198366e-06,1.1978564543824177e-05,3.959137757192366e-06,1.6996525573631516e-06,1.4860036117170239e-06
295,0.0013892017304897308,0.0027302727103233337,0.010116459801793098,0.0006303280242718756,0.0002657882578205317,0.00012699146464001387,8.650845848023891e-05,0.00015035143587738276,5.477269587572664e-05,1.0090152500197291e-05,3.178666929670726e-06,0.01265009492635727,8.240995157393627e-06
296,0.00013528848649002612,0.002756812609732151,0.0010463650105521083,4.106117557967082e-05,6.845201278338209e-05,0.0005899967509321868,0.0001237907272297889,0.007087015081197023,4.720695415016962e-06,0.00018772452312987298,4.472936325328192e-06,2.3841207621444482e-06,1.5387876146633062e-06
297,0.0003968108503613621,0.0032053147442638874,0.0008273168932646513,0.000179398906766437,6.718102667946368e-05,6.789808685425669e-05,1.4220214325177949e-05,8.921461267163977e-05,2.2749227355234325e-06,0.0058844368904829025,7.3077935667242855e-06,9.880892548608244e-07,1.0802269798659836e-06
298,0.0012497558491304517,0.0026744776405394077,0.0010701611172407866,3.160670166835189e-05,8.213736873585731e-05,0.000439125404227525,0.0008242335170507431,0.010261480696499348,7.819428446964594e-07,1.6472868082928471e-06,2.2927260943106376e-06,1.3483264638125547e-06,2.6079503641085466e-06
299,0.001730806427076459,0.003529351670295,0.002630445873364806,1.7833584934123792e-05,2.375700387347024e-05,0.00033206099760718644,0.0001288043858949095,0.004891831427812576,0.00011277595331193879,8.419465302722529e-07,1.0271684232066036e-06,0.011028301902115345,2.3672386362250109e-07
300,0.0006358150276355445,0.0007175952778197825,0.0006630762945860624,7.032934081507847e-05,0.0003073863044846803,0.00042802529060281813,1.067465291271219e-05,0.004136287607252598,0.001997361658141017,4.279465429135598e-06,1.8436826394463424e-06,0.0034100983757525682,1.658743599364243e-06
301,0.0007838500314392149,0.000555638805963099,0.0004550268058665097,0.0001064442258211784,0.0003515990683808923,0.0002382558595854789,6.051895979908295e-05,0.0019407580839470029,0.0010857927845790982,5.0462360377423465e-05,1.6182308172574267e-05,0.008602564223110676,1.4766909544050577e-06
302,0.0005398017237894237,0.0022942840587347746,0.0010266132885590196,0.0005222326144576073,0.00011222175089642406,5.154467089596437e-06,0.004755859263241291,0.006210947409272194,1.8208772871730616e-06,0.0045491489581763744,2.0033091914228862e-06,2.2646865716069442e-07,8.35691309930553e-07
303,0.0006481015589088202,0.001310555380769074,0.000546068069525063,0.00021299291984178126,4.9499354645377025e-05,0.0005542523576878011,0.00012403859000187367,5.6244200095534325e-05,5.193688775761984e-05,5.898154086025897e-06,1.4182241102389526e-05,8.920196705730632e-06,7.189051416389702e-07
304,0.0008400697843171656,0.0034735160879790783,0.0027899201959371567,0.00021751871099695563,0.00012062322639394552,0.000606296700425446,1.8842772988136858e-05,1.5683294805057812e-06,7.097404159139842e-05,0.004275735002011061,2.5219146664312575e-06,0.001360944821499288,1.2495755754571292e-06
305,0.0004830372636206448,0.0009897386189550161,0.0005724170478060842,6.617010512854904e-05,0.00044806976802647114,2.3798129404895008e-05,0.0006251493468880653,0.002332795411348343,1.9292947399662808e-05,0.0039052367210388184,8.27131952974014e-06,5.7036874068217e-07,1.3901767204060889e-07
306,0.001874672481790185,0.001421975321136415,0.0009118567686527967,0.000149976258398965,3.3593125408515334e-05,0.0008664997876621783,6.075579221942462e-05,2.584847061370965e-05,5.076883462606929e-05,9.046707418747246e-07,8.282752901322965e-07,0.020283551886677742,1.0059522992378334e-06
307,0.0012741213431581855,0.002983307931572199,0.0008539102273061872,0.00018526750500313938,1.5206011084956117e-05,0.00190922396723181,4.355165219749324e-05,5.052874257671647e-05,5.9253656218061224e-05,2.2829279259894975e-05,1.3363410289457534e-06,0.0011178568238392472,8.595081339990429e-07
308,0.0009754056227393448,0.0013480799971148372,0.00026122608687728643,3.1330167985288426e-05,5.755341589974705e-06,0.0010298840934410691,6.647544068982825e-06,2.6005949621321633e-05,3.198255944880657e-05,3.984153954661451e-05,1.5373445876321057e-06,1.7560680134920403e-05,5.588692602032097e-07
309,0.0014596945839002728,0.0005908848252147436,0.0002850897144526243,2.7293646780890413e-05,1.975180748559069e-05,0.0005849640583619475,0.003645733930170536,0.0023787138052284718,9.798421160667203e-06,2.0364607280498603e-06,4.656867531593889e-07,0.00749541912227869,5.894431183151028e-07
310,0.0008176575065590441,0.0009292968898080289,0.0006911596865393221,6.358230166370049e-05,3.369756814208813e-05,0.00023611738288309425,1.342666564596584e-05,0.003078767331317067,6.877266423543915e-05,2.8636979550356045e-05,5.797342964797281e-06,6.902610948600341e-06,1.641032895349781e-06
311,0.0007171234465204179,9.762604895513505e-05,0.00039452651981264353,6.023115201969631e-05,4.160146272624843e-05,0.00038978378870524466,0.0006353345816023648,0.007515317760407925,4.057126716361381e-05,5.61010620003799e-06,1.569763412589964e-06,4.0353854274144396e-05,1.2860864444519393e-06
312,0.0007053462904877961,0.001273000263608992,0.0004913492011837661,1.0680479135771748e-05,1.364505578749231e-06,0.0005528689362108707,6.021470107953064e-05,0.009585956111550331,2.188842245232081e-06,2.731348331508343e-06,1.904441774058796e-06,2.1832703112067975e-07,3.202415825853677e-07
313,0.0009920294396579266,0.00040038806037046015,9.89822146948427e-05,6.756005313945934e-05,2.3782415155437775e-05,0.0008653605473227799,1.217596491187578e-05,1.2467561646190006e-05,0.002525038318708539,3.999634373030858e-06,2.7920029879169306e-06,0.012863797135651112,6.6582913405e-07
314,0.00039038402610458434,0.002107062144204974,0.0006128395907580853,3.750631367438473e-05,9.321493416791782e-05,1.5326604625442997e-05,0.0020949654281139374,0.0004884321242570877,7.205522251751972e-06,0.009984618052840233,2.8471165478549665e-06,3.3095313938247273e-06,1.3112466149323154e-05
315,0.0006640491192229092,0.00129300681874156,0.001074242522008717,8.024034286790993e-06,0.0003447876079007983,1.8608776372275315e-05,0.000491019687615335,0.007374398875981569,9.034324079948419e-07,1.702283952909056e-05,6.221619628377084e-07,4.142609100199479e-07,6.87310830471688e-07
316,0.0007910393760539591,0.002684087958186865,0.0008630647207610309,2.5540632123011164e-05,0.0006427476764656603,0.0005726481904275715,0.002753189764916897,0.0018222483340650797,4.707495918410132e-06,0.0022426596842706203,3.3835601698228857e-06,7.764793963360717e-07,2.9046325380477356e-06
317,0.000496435968670994,0.0021934437099844217,0.00045596854761242867,2.3668337689741747e-06,1.3679837138624862e-05,0.0004808640223927796,2.324324441360659e-06,3.780876431846991e-05,3.590527921915054e-05,0.00018633631407283247,2.9150467639738054e-07,5.129322744323872e-07,1.926954610098619e-06
318,0.00031813557143323123,0.00041687319753691554,0.00044736784184351563,7.277212716871873e-05,1.8326414647162892e-05,9.885615145321935e-05,0.0034830658696591854,0.005070443265140057,7.954115062602796e-06,7.938373300930834e-07,1.1977534768448095e-06,3.546732045833778e-07,2.616293954815774e-07
319,0.0002052464260486886,0.00045415505883283913,0.0003838702104985714,1.2014869753329549e-05,0.00034640866215340793,7.855929652578197e-06,0.010138683021068573,1.4017041394254193e-05,1.4345472436616546e-06,1.6627720469841734e-05,5.256956114862987e-07,2.5894013333527255e-07,7.898181593191111e-07
320,0.0004637185193132609,0.001258674543350935,0.002064755652099848,0.0010370047530159354,2.435935675748624e-05,5.1709834224311635e-05,0.003367045195773244,1.752770367602352e-05,4.816369710169965e-06,2.313040204171557e-05,1.1677692555167596e-06,1.8508980019760202e-06,6.907892839080887e-06
321,0.0005074414657428861,0.0037271021865308285,0.003304853802546859,6.13586962572299e-05,0.001532773021608591,2.5354718673042953e-05,1.4941570043447427e-05,0.0016362776514142752,1.974828956008423e-05,0.004599358886480331,6.455082370848686e-07,1.381426244506656e-07,7.864487088227179e-07
322,0.00043613772140815854,5.622122989734635e-05,0.00026857023476623,0.00015237952175084502,1.1188362805114593e-05,6.53189345030114e-05,0.006051454693078995,0.005272223148494959,5.770022198703373e-06,3.676878804981243e-06,6.450411547120893e-07,2.4994676550704753e-07,1.3141077488398878e-06
323,0.0009785322472453117,0.001327833510003984,0.0001791869872249663,0.00016456055163871497,0.00022657241788692772,0.0008877222426235676,2.285328992002178e-05,0.0020794738084077835,0.0017773763975128531,6.080739694880322e-06,1.2450782378436998e-06,0.011135062202811241,2.1400185232778313e-06
324,0.0005474427016451955,0.0021087026689201593,0.0005651275278069079,2.0047837097081356e-05,2.6364239602116868e-05,2.6955593057209626e-05,0.0016089418204501271,0.0020996714010834694,2.2031272237654775e-06,0.008321404457092285,3.106983399447927e-07,3.381773296950996e-07,3.4917752600449603e-07
325,0.0001830975234042853,0.0021396486554294825,0.00034104342921637,2.5882120098685846e-05,0.000798735476564616,2.7532194508239627e-05,0.0001654544466873631,0.0017820345237851143,5.491875981533667e-06,0.009151034988462925,1.1352155979693634e-06,4.4189243908476783e-07,3.0498910064125084e-07
326,0.0008236552821472287,0.0002570699143689126,0.0002464911958668381,3.9094647945603356e-05,0.00028331929934211075,0.0006841769791208208,0.0021637147292494774,4.7978548536775634e-05,9.707474418974016e-06,0.00015595312288496643,1.6020987914089346e-06,6.781382353437948e-07,1.0491737612028373e-06
327,0.00104383728466928,0.0012518418952822685,0.0003451648517511785,1.8483423218640382e-06,1.5866188505242462e-06,0.00044130903552286327,0.00019001620239578187,0.0019221134716644883,1.0696894605644047e-06,1.0200736824117485e-06,2.6147409926124965e-07,5.095270807942143e-06,2.420385101231659e-07
328,0.0005655369022861123,0.0013770735822618008,0.0003353698702994734,6.155831943033263e-05,4.313444878789596e-05,0.0004691553767770529,2.4735418264754117e-05,2.861165967260604e-06,2.479164868418593e-05,3.260099401813932e-05,5.94843368162401e-06,1.4866711353533901e-05,3.306052576590446e-06
329,0.0005015330389142036,0.0007347194477915764,0.0004328854847699404,2.6890058506978676e-05,0.0003623324155341834,7.128699508029968e-05,0.006417394150048494,0.00012663041707128286,2.940825652331114e-06,0.001892068306915462,1.6613436173429363e-06,3.51252936070523e-07,8.759072329667106e-07
330,0.000737058580853045,0.0030615837313234806,0.0011556907556951046,0.0022986596450209618,0.00016086669347714633,0.0003034151450265199,3.6475976230576634e-05,2.797951310640201e-05,2.8963579097762704e-05,0.007839909754693508,5.395020707510412e-06,4.949137291987427e-06,5.6416292864014395e-06
331,0.0006382965948432684,0.0006334782810881734,0.00035787929664365947,0.00015708919090684503,0.00013444991782307625,0.00021537837164942175,2.3447502826456912e-05,0.004412135109305382,0.00014425668632611632,5.6977540225489065e-05,6.436781632146449e-07,1.5366304069175385e-05,3.7854406400583684e-06
332,0.0012270074803382158,0.0007636983064003289,0.00039725456736050546,2.0438887986529153e-06,0.00022013578563928604,0.0006319244857877493,3.8077792851254344e-05,6.452957677538507e-06,7.980491318448912e-06,2.3634488570678513e-06,1.531841917312704e-06,0.006493804045021534,4.719580601886264e-07
333,0.0005348295089788735,0.0037293187342584133,0.0003542308695614338,8.365307621716056e-06,8.137995610013604e-05,2.3406671971315518e-05,3.953403847845038e-06,2.4559021767345257e-05,2.648466534083127e-06,0.015648597851395607,5.810698894492816e-06,4.298507974453969e-06,3.9770756643520144e-07
334,0.0004491109575610608,2.7547537229111185e-06,9.169714758172631e-05,7.956398803798947e-06,8.045110917009879e-06,5.5170174164231867e-05,0.007729339879006147,2.1480868781509344e-06,2.2273479771683924e-06,5.903381406824337e-06,6.0434729221015e-08,6.039852451067418e-06,5.489149543791427e-07
335,0.0005083749420009553,0.0016379861626774073,0.0005559099954552948,1.3053005204710644e-05,0.0005908360471948981,0.0007097882917150855,0.003315451554954052,2.9011098376940936e-05,1.4829097381152678e-05,0.003957968205213547,4.2752590161398984e-06,4.8572024979876e-07,3.493953784072801e-07
336,0.001259136595763266,0.004485399927943945,0.0010973743628710508,8.902140507416334e-06,8.641377644380555e-05,0.00036463027936406434,0.001644005998969078,9.85101087280782e-06,0.0012738677905872464,0.007367474026978016,1.5568710409752384e-07,0.0012756760697811842,1.7245934031961951e-06
337,0.0008827053243294358,0.0008758790208958089,0.0005518731777556241,0.00011483923299238086,1.3551774827647023e-05,0.00036314077442511916,0.004062652122229338,0.005360595881938934,0.00012853174121119082,1.0602243492030539e-06,2.426206265226938e-06,2.0306049464124953e-06,7.197976970019226e-07
338,0.0007574537885375321,0.0022641525138169527,0.000872686505317688,0.0001230005145771429,1.8851944332709536e-05,0.0007617462542839348,0.0044388556852936745,1.9793002138612792e-05,5.534077899937984e-06,0.0011105290614068508,3.5323589600011474e-06,1.5901688357189414e-06,6.236373337742407e-07
339,0.0013166404096409678,0.00100232707336545,0.00025457132142037153,0.001684489892795682,0.00024436350213363767,0.00022455889848060906,2.6066052669193596e-05,0.0016704886220395565,3.7549291391769657e-06,0.010001424700021744,5.804415650345618e-07,0.00027184016653336585,8.714163186596124e-07
340,0.001183444750495255,0.0020588666666299105,0.0022211731411516666,0.0006248197751119733,0.0031842149328440428,0.0009539604652673006,0.0006844183662906289,3.507485598674975e-05,7.023037142062094e-06,0.002455392386764288,6.424173193408933e-07,7.832469418644905e-05,1.8357501403443166e-06
341,0.00012968402006663382,0.0017253182595595717,0.0022509763948619366,0.00103913270868361,0.00043446995550766587,6.711079186061397e-05,3.602352080633864e-05,6.4698006099206395e-06,1.2470005685827346e-06,0.010948256589472294,2.9083448680466972e-06,5.204124136071187e-07,4.173955858277623e-06
342,0.0008195641566999257,0.0011568113695830107,0.0005517088575288653,5.737883384426823e-06,6.501558527816087e-05,0.0005860722158104181,0.004929125774651766,0.0008134995005093515,1.7086075558836455e-06,5.179879849492863e-07,8.556414741178742e-07,1.3445628610497806e-06,2.0695267721748678e-07
343,0.0007756328559480608,0.00036994839319959283,0.0002725923841353506,0.0002484082942828536,2.4289681732625468e-06,7.453882426489145e-05,0.007972239516675472,0.0021167448721826077,1.198948757519247e-05,3.336466761538759e-06,2.3785112546192977e-07,1.1062160183428205e-06,2.043638914983603e-06
344,0.0007132373284548521,0.0007602982805110514,0.0005172964883968234,0.00012565977522172034,0.00018641044152900577,0.00036852798075415194,0.0005881526158191264,0.004162478726357222,2.8488324460340664e-05,1.1494317732285708e-05,6.5752606133173686e-06,8.364707355212886e-06,2.722947556321742e-07
345,0.0006868354976177216,4.970037934981519e-06,0.0014122757129371166,1.4072588783164974e-05,1.1670199455693364e-06,6.614662561332807e-05,0.002289695432409644,0.0057956804521381855,5.613411303784233e-06,1.3750449170402135e-06,5.269388907436223e-07,2.200374780159109e-07,3.969739736930933e-07
346,0.0009968148078769445,0.002247878583148122,0.0007440968183800578,9.574988325766753e-06,4.127228385186754e-05,3.819988705799915e-05,0.0035252145025879145,2.8498432129708817e-06,1.4806084436713718e-05,2.2384998374036513e-05,4.3150589590368327e-07,5.252584287518403e-07,6.637466754000343e-08
347,0.0007529640570282936,0.0012080938322469592,0.0004442319623194635,1.0169961569772568e-05,4.056995749124326e-05,3.831737194559537e-05,0.0035262848250567913,0.001229888410307467,1.578683077241294e-05,2.8989705242565833e-05,1.1536965303093893e-06,4.4790789388571284e-07,1.159754560831061e-06
348,0.0003729801101144403,0.0004465343081392348,0.0004894029116258025,1.7775666492525488e-05,1.5386671293526888e-05,1.4095582628215197e-05,0.004871908109635115,0.0018075986299663782,4.664240123020136e-07,1.5783938351887628e-06,1.3907254015066428e-06,5.697413598682033e-07,1.0447665772517212e-06
349,0.000924631196539849,0.002789153251796961,0.0007205806905403733,1.1117248504888266e-05,2.065891385427676e-05,0.0004996248171664774,1.922337651194539e-05,6.220644718268886e-05,1.1670803360175341e-05,0.0008296971209347248,1.8243773070025782e-07,0.0007339261355809867,4.49013526804265e-07
350,0.0009839944541454315,0.0007238617399707437,0.0005569692584685981,5.8755245845532045e-05,0.0005062752170488238,0.0003719888045452535,0.007826579734683037,0.0038311786483973265,1.1274273674644064e-05,2.3269844859896693e-06,1.08466508663696e-06,1.0788699000841007e-06,3.721641661513786e-08
351,0.0011350823333486915,9.467070049140602e-05,0.00011081661796197295,0.00018439911946188658,1.0866079719562549e-05,0.0012449233327060938,0.001370163052342832,0.0002586093614809215,1.173121745523531e-05,2.7496782422531396e-05,1.1982961041212548e-06,0.004996202886104584,3.30196371578495e-07
352,0.0009642662480473518,0.0013723090523853898,0.00042584931361489,1.9910479750251397e-05,1.7086766092688777e-05,0.0011187155032530427,5.895491995033808e-06,0.0021148158702999353,0.0008132032817229629,1.3211426903581014e-06,5.983923188068729e-07,1.2711345789284678e-06,6.513256494145025e-07
353,0.0003509435919113457,0.0011527352035045624,0.0018186344532296062,2.4538700017728843e-05,0.00023390274145640433,1.0809850209625438e-05,0.0008471006294712424,0.004645124077796936,2.292835006301175e-06,1.0121199920831714e-05,5.838845481775934e-06,6.896172521919652e-07,3.084516947637894e-06
354,0.0009406226454302669,0.0012932345271110535,0.0003604376979637891,7.348266080953181e-05,0.00012202751531731337,0.00044804683420807123,0.002272991230711341,0.00014313236169982702,0.0019479428883641958,1.0700709026423283e-05,1.6448657333967276e-06,6.284968549152836e-05,2.5126880700554466e-06
355,0.0012051278026774526,0.0016552167944610119,0.0008434745250269771,3.928995647584088e-05,6.359347025863826e-05,0.0007131352904252708,0.00020084643620066345,0.009410579688847065,0.00015223948867060244,1.3555780924434657e-06,2.0485078948695445e-06,0.0033792653121054173,3.88402258977294e-06
356,0.0002014734345721081,0.0030916801188141108,0.0008292744751088321,0.0006077095167711377,8.54375321068801e-06,5.175932528800331e-05,3.534373263391899e-06,6.152262812975096e-06,1.258155293726304e-06,0.008355439640581608,1.3989721026064217e-07,1.1090183988926583e-06,7.273651192463149e-08
357,0.0014220025623217225,0.0002194232220062986,0.00023761906777508557,0.0001070061553036794,5.533509829547256e-05,0.0004532923048827797,0.008448587730526924,0.00017347984248772264,1.8930986698251218e-05,2.1908928829361685e-05,6.770025038349559e-07,8.18221360532334e-06,2.6268185138178524e-06
358,0.0005621234886348248,0.0005417942884378135,0.0004766425699926913,0.00012499988952185959,0.00030293615418486297,3.098228989983909e-05,0.005194737110286951,0.000248298718361184,9.570258043822832e-06,0.004231101367622614,7.726665353402495e-05,7.372987624876259e-07,1.949480974872131e-06
359,0.0014311671257019043,0.0011339765042066574,0.00047614987124688923,1.721666194498539e-05,1.6546749975532293e-05,0.0016351973172277212,2.510702415747801e-06,5.4717300372431055e-05,0.0013661972479894757,7.995734449650627e-06,1.082950348063605e-06,0.0030190700199455023,2.497374907761696e-06
360,0.0005756336031481624,0.001050091814249754,0.00029982670093886554,1.2925518149131676e-06,5.282320489641279e-05,0.0002267708332510665,0.005113114602863789,0.0008400471997447312,1.5725847333669662e-05,3.629186176112853e-05,9.029304237628821e-07,1.244377358489146e-06,1.318002773587068e-07
361,0.001283183810301125,0.0034059344325214624,0.0008739514159969985,1.0969666618620977e-05,0.00039337974158115685,0.0007515909383073449,0.0003931042447220534,1.4149119124340359e-05,1.213900850416394e-05,0.0041023967787623405,3.643943955466966e-07,2.1262064819893567e-07,4.935801030114817e-07
362,0.0007615117938257754,0.000416964030591771,0.0004229049663990736,1.1308543435006868e-05,0.0018356468062847853,0.00020302236953284591,2.9381795684457757e-05,0.004999885335564613,3.129080823782715e-06,0.006483723409473896,5.081333256384823e-07,2.2046904177841498e-06,5.651755827784655e-07
363,0.0011861523380503058,0.0017078855307772756,0.0017089474713429809,5.440503082354553e-05,0.00018133841513190418,9.637921175453812e-05,0.0020290743559598923,0.0013613885967060924,2.401827941866941e-06,0.0023611036594957113,6.173025326461357e-07,0.002829000586643815,1.9427022834861418e-07
364,0.0010586995631456375,0.002310023410245776,0.0006406996981240809,7.053379522403702e-05,4.19547432102263e-05,0.00188059126958251,0.0017020422965288162,0.0034575059544295073,0.0003027734055649489,8.765326128923334e-06,3.7763586533401394e-06,0.005713664926588535,5.993602485432348e-07
365,0.0015486585907638073,0.0005428699078038335,0.00028189976001158357,0.00023938306549098343,7.108633872121572e-05,0.0013326037442311645,0.001518073258921504,2.4000006305868737e-05,0.0006828316836617887,6.044739393473719e-07,1.5312007235479541e-06,0.008076746016740799,1.1283764251857065e-06
366,0.0019392638932913542,0.002943864557892084,0.0023277204018086195,5.636220521409996e-05,0.0012087648501619697,0.0011019459925591946,0.0015310890739783645,0.0024774796329438686,0.003899799892678857,1.7059526726370677e-05,1.0568877542027622e-06,3.4687031984503847e-06,1.8721499372986727e-06
367,0.000899166043382138,0.0014173820381984115,0.0025933030992746353,5.2790939662372693e-05,1.4694033779960591e-05,0.0015478860586881638,0.0016153787728399038,0.00021009027841500938,0.0009614026639610529,9.96725975710433e-06,4.0829701219990966e-07,0.002982738893479109,3.3290677947661607e-07
368,0.001246709143742919,0.0014334903098642826,0.0004413298156578094,4.6013868995942175e-05,1.0551938430580776e-05,0.000638368132058531,4.686970714828931e-05,1.3401214346231427e-05,0.0001593742927070707,1.1657930372166447e-06,3.032406254988018e-07,0.013643001206219196,9.551570201438153e-07
369,0.0005566332838498056,0.0017523273127153516,0.0010013316059485078,0.0009734743507578969,0.00130752706900239,0.0002107377367792651,0.007380773779004812,9.379125549457967e-05,5.943155883869622e-06,0.0008550833445042372,4.595271718699223e-07,2.36912882201068e-07,6.028944312674867e-07
370,0.0010807127691805363,0.002317931968718767,0.000807611271739006,1.541027995699551e-05,6.847996701253578e-05,0.00025622674729675055,2.495801254553953e-06,1.0503005796635989e-05,7.453573289240012e-06,0.0018050390062853694,2.173447910536197e-06,0.004030781798064709,1.6682955674696132e-06
371,0.0005908634047955275,0.0010732668451964855,0.0003064373740926385,1.7966900713872747e-06,0.0001434666628483683,0.0006477997521869838,0.0016404922353103757,0.00011630375956883654,9.083399163500872e-06,0.001896894071251154,1.4642819223809056e-06,3.352142528001423e-07,1.762281385708775e-06
372,0.0008702455670572817,0.0013437829911708832,0.0009415453532710671,1.0990740520355757e-05,0.00021193345310166478,0.00035721281892620027,8.566854376113042e-05,0.00011580255522858351,4.9315458454657346e-05,9.484697329753544e-06,3.2792135584713833e-07,3.3415599318686873e-06,2.709441560000414e-07
373,0.0007485004607588053,0.0012936149723827839,0.0010531749576330185,3.7314264318411006e-06,0.0010350391967222095,0.00036904006265103817,0.002436948474496603,3.6260084925743286e-06,2.782534011203097e-06,0.003380698151886463,9.280897756980266e-07,4.208939571981318e-06,5.853660809407302e-07
374,0.0005753921577706933,0.0008987821056507528,0.00042936179670505226,0.00012325486750341952,3.5925892007071525e-05,0.00018486639601178467,0.0005894123460166156,0.0036542201414704323,5.812537892779801e-06,4.435037408256903e-05,5.647261332342168e-06,2.8215395104780328e-06,5.870798759133322e-06
375,0.0011228120420128107,0.0011584225576370955,0.0001664624724071473,4.456385431694798e-05,0.0004814306739717722,0.0007584457052871585,0.002220069756731391,0.0006582147907465696,2.0460056475712918e-05,0.005233230534940958,7.08262803073012e-07,9.295137033404899e-07,1.1684589651395072e-07
376,0.0008250483660958707,0.0014964359579607844,0.0004828845849260688,9.282192877435591e-06,0.0001612327032489702,0.0004185375291854143,0.004019898362457752,9.102970579988323e-06,8.73691442393465e-06,0.0057407040148973465,2.678284829471522e-07,1.3276288655106327e-06,1.587745259712392e-07
377,0.0006464231992140412,0.001304737408645451,0.00023163465084508061,1.2832644642912783e-05,2.9453454772010446e-05,0.0005609895451925695,3.6655826534115477e-06,4.42909004050307e-06,3.615989407990128e-05,2.2150459699332714e-05,3.457071500179154e-07,0.004708582069724798,4.2816779455279175e-07
378,0.0003934809355996549,0.0010101251536980271,0.00045312964357435703,7.392372208414599e-05,0.00011298628669464961,0.0001701311848592013,0.0016728307818993926,0.00029994596843607724,5.108062396175228e-06,8.942555723479018e-05,5.916016561968718e-06,6.813489790147287e-07,2.861823759303661e-06
379,0.0010088053531944752,0.0022463516797870398,0.00038364907959476113,0.001140513806603849,9.162893547909334e-05,0.0013330179499462247,0.00101688492577523,2.2929727492737584e-05,0.0004163768026046455,0.006954040378332138,6.65839161229087e-06,0.002410061890259385,4.1412408791074995e-06
380,0.0007136675412766635,0.00040329425246454775,0.0003559388860594481,0.00012810116459149867,0.000433359615271911,8.849978257785551e-06,0.00043167363037355244,0.007451221346855164,3.35349091074022e-06,0.004103862214833498,1.3766219808530877e-06,7.787786415747178e-08,1.398678932673647e-06
381,0.0013413806445896626,0.0006233984604477882,0.00443535391241312,1.95916582015343e-05,3.7995146158209536e-06,0.00035491440212354064,5.6791719543980435e-05,0.0028611826710402966,3.9198466765810736e-06,4.4028368506587867e-07,1.4984674407969578e-06,2.5498839022475295e-05,3.851610927085858e-06
382,0.0008193064713850617,0.003038965165615082,0.00044289478682912886,1.532111309643369e-05,3.418808319111122e-06,0.0008678579470142722,4.480775999127218e-07,2.05625428861822e-06,2.2652400730294175e-05,0.0017047834116965532,7.207472094705736e-07,0.0013929889537394047,3.2896757602429716e-06
383,0.0014063873095437884,0.0026111064944416285,0.0011263710912317038,0.0009443340823054314,0.00014139377162791789,0.001317148213274777,9.17475699679926e-05,0.00014441511302720755,0.0026032580062747,0.0009894644608721137,4.703229478764115e-06,0.00738725857809186,4.005561095254961e-06
384,0.0014690273674204946,0.0006134958239272237,0.000680985685903579,0.0006015754188410938,5.4080741392681375e-05,0.0027842570561915636,7.540797923866194e-06,0.003438906744122505,0.0030614023562520742,8.313776902468817e-07,1.4549804063790361e-06,0.012502585537731647,1.0461335477884859e-06
385,0.0010179202072322369,0.0010839257156476378,0.0002278273314004764,5.476484147948213e-06,1.67297876032535e-05,0.0010623220587149262,1.519017928330868e-06,1.2385553418425843e-05,0.00349532812833786,1.788037934602471e-06,7.191734994194121e-07,0.009720581583678722,1.6903983350857743e-06
386,0.0005925294826738536,0.00020977298845537007,0.00317605072632432,1.363547289656708e-05,0.0009648174163885415,3.613623994169757e-05,0.004564378876239061,0.0002837633073795587,1.9539653294486925e-05,1.0377661055827048e-05,9.073586397789768e-07,6.100107384554576e-06,6.933478289283812e-07
387,0.0012010119389742613,0.001026243669912219,0.00045348156709223986,9.272015449823812e-05,0.0003618249611463398,0.0007411998230963945,3.743568231584504e-05,0.00013543358363676816,0.0005771194701083004,7.980084046721458e-05,1.4313593510451028e-06,0.012725241482257843,3.709427573994617e-06
388,0.0008082478889264166,0.0021038951817899942,0.0010711537906900048,1.4651820492872503e-05,0.0001254170638276264,1.1259911616434692e-06,0.004616596270352602,6.384289008565247e-05,2.0125924038438825e-06,9.47275257203728e-05,5.018146111979149e-07,1.5765628802455467e-07,9.287061430995891e-08
389,0.0004774017143063247,0.0013424212811514735,0.0009150300757028162,4.532487764663529e-06,6.904398469487205e-05,0.0009608070249669254,0.0025465176440775394,0.0017945307772606611,4.5860792852181476e-06,3.7233920011203736e-05,5.911727498641994e-07,8.278848895315605e-07,7.001345920798485e-07
390,0.0012180880876258016,0.001904141390696168,0.000664580671582371,6.500285962829366e-05,2.6583602448226884e-05,0.0006193058216013014,0.0034446222707629204,0.0014791007852181792,0.0013703475706279278,5.758474799222313e-06,9.48585068272223e-07,1.4197486279954319e-06,1.503708517702762e-07
391,0.0006040786392986774,0.0007816566503606737,0.00041535578202456236,0.00028901660698466003,0.00015447237819898874,0.00038377847522497177,3.539455065038055e-05,0.003049332881346345,1.5124633137020282e-05,4.39193936472293e-05,3.5118225696351146e-06,2.1769385512016015e-06,7.297674642359198e-07
392,0.0005777348997071385,0.0029339841566979885,0.002263028407469392,6.441414370783605e-06,9.904893886414357e-06,0.0006469637737609446,2.7877586035174318e-06,9.017572892844328e-07,0.0011570958886295557,4.443960278877057e-05,7.660754590688157e-07,0.012948909774422646,5.010188033338636e-07
393,0.0013648190069943666,0.0023312389384955168,0.0018786197761073709,1.0493125046195928e-05,0.0008177642594091594,0.0012530038366094232,0.0002607415954116732,1.033474018186098e-05,1.862604585767258e-05,1.2886419426649809e-05,9.386699275637511e-06,2.4628875507914927e-06,1.446642500013695e-06
394,3.104034112766385e-05,0.001652866485528648,0.004463902208954096,1.0965513865812682e-05,0.00022903099306859076,2.8377960461511975e-06,0.00345883728004992,2.564854867159738e-06,8.965035931396415e-07,0.003916199319064617,3.12234783450549e-06,4.5313325358620204e-07,2.9301915560608904e-07
395,0.0010762258898466825,0.0019789228681474924,0.0006799599505029619,2.191593466704944e-06,5.882023469894193e-05,0.0010604765266180038,2.272258097946178e-05,0.0020481788087636232,0.0018588396487757564,5.042404154664837e-06,5.34059154233546e-07,0.001852167653851211,2.0739169315220352e-07
396,0.0019122329540550709,0.002222417388111353,0.0010494700400158763,0.0009232715819962323,4.1584105929359794e-05,0.00030188029631972313,0.00024402962299063802,0.003912707790732384,2.5838442525127903e-05,1.4411359188670758e-05,5.139441441315284e-07,1.3918157492298633e-05,4.31557054980658e-06
397,0.0006989594548940659,0.0014117872342467308,0.002168519189581275,1.085538951883791e-05,1.6864949429873377e-05,1.1755120794987306e-05,0.008687512949109077,0.0012323081027716398,1.4699775192639208e-06,1.959321252797963e-06,4.3714609887501865e-07,3.754693693736044e-07,1.815779739899881e-07
398,0.0010832820553332567,0.0021890713833272457,0.0004095835902262479,1.0351322089263704e-05,9.495666745351627e-06,0.0011579892598092556,7.385173830698477e-06,4.693804839916993e-06,0.0017681416356936097,2.252637159472215e-06,8.305178198497742e-07,0.0019012157572433352,3.6844273836322827e-06
399,0.0005390463629737496,0.0026530129835009575,0.0013303213054314256,0.0006226625409908593,0.0011076696682721376,4.822741902898997e-05,0.00039561433368362486,0.0027500849682837725,4.011626515421085e-07,0.004237829241901636,9.72489715422853e-07,3.965323855936731e-07,1.9298832398817467e-07
400,0.0007779279258102179,0.0006309737218543887,0.00041639749542810023,5.5495536798844114e-05,0.00026085766148753464,4.505813558353111e-05,0.003993842285126448,2.91833930532448e-05,2.2330279534799047e-05,7.58588794269599e-06,1.0443205837873393e-06,2.1374351888425736e-07,4.139805582781264e-07
401,0.0008367128320969641,0.0007863382343202829,0.0017663071630522609,3.1086932722246274e-05,0.0022717376705259085,3.387411197763868e-05,0.0034041584003716707,0.0014862390235066414,1.8102891772286966e-06,3.9578833820996806e-05,1.0967571597575443e-06,2.4875183157746505e-07,4.46127023678855e-06
402,0.0018400495173409581,0.002391594462096691,0.0007376815774478018,4.340566010796465e-05,3.4324250009376556e-05,0.00112390227150172,0.0001108389551518485,0.0017145613674074411,0.0012758646626025438,1.4484412531601265e-05,1.609627588550211e-06,0.001833084155805409,7.976519214025757e-07
403,0.00027065814356319606,0.0027442839927971363,0.000850212702061981,1.2815113450415083e-06,0.0002160947333322838,3.6186020224704407e-06,0.001088528661057353,1.347456327494001e-05,1.8483035546523752e-06,0.009282241575419903,4.244195679348195e-07,8.859223754598133e-08,1.2231245705152105e-07
404,0.0011680979514494538,0.0013465378433465958,0.00038388368557207286,5.166939808987081e-05,5.6327930906263646e-06,0.0009834615048021078,0.004437838215380907,6.4657115217414685e-06,9.720545222080545e-07,4.645362139399367e-07,6.273281201174541e-07,2.1448923348543758e-07,6.749052658960863e-07
405,0.001271661720238626,0.002863003173843026,0.0011196252889931202,2.9362930945353583e-05,0.00016844901256263256,0.0003882874152623117,2.5750743589014746e-05,0.00533811142668128,4.5093067456036806e-05,7.312593515962362e-05,7.057525408526999e-07,0.0014157851692289114,6.772044685021683e-07
406,0.0010081375949084759,0.0013443238567560911,0.00019934585725422949,1.0960836334561463e-05,0.00041637918911874294,0.0011019045487046242,6.254457275645109e-06,3.1755450891068904e-06,4.259283377905376e-05,3.0705623430549167e-06,6.876080078654923e-07,0.0019061275525018573,1.1961767540924484e-06
407,0.0007052020519040525,0.0011270166141912341,0.0005505788139998913,3.0861770937917754e-05,3.15233482979238e-05,0.0009892720263451338,3.490520975901745e-05,0.003414823906496167,2.993124144268222e-05,8.876790161593817e-06,8.745478226046544e-06,4.6917341478547314e-07,4.964347226632526e-07
408,0.001054871710948646,0.0004603854613378644,0.0019511239370331168,2.7363115805201232e-05,5.3877838581684045e-06,0.0009911395609378815,8.465746941510588e-05,0.004593989346176386,5.929758117417805e-06,2.326946969333221e-06,7.131271217986068e-07,0.005514166783541441,2.902449125485873e-07
409,0.0010962027590721846,0.004097044002264738,0.0022855137940496206,0.0006989509565755725,0.003444549161940813,0.0005254289717413485,4.023137535114074e-06,0.0001308249484281987,9.16870340006426e-06,0.0019229839090257883,8.582771897636121e-07,7.92602077126503e-06,8.39485551296093e-07
410,0.0009307354339398444,0.0010139161022379994,0.0021133713889867067,7.99647968960926e-05,4.226277087582275e-05,0.00020282130572013557,6.964609929127619e-05,0.006234964821487665,0.0001271710207220167,6.564040631928947e-06,1.1028478184016421e-06,0.003459173021838069,9.572188446327345e-07
411,0.001392522593960166,0.0005102169816382229,0.005225918255746365,0.0005328614497557282,1.0533001841395162e-05,0.0002319700870430097,0.004747945815324783,0.0006805836455896497,6.916786514921114e-05,2.0913851130899275e-06,4.4500134777081257e-07,0.004529179073870182,1.517726815336573e-07
412,0.0009468254284001887,0.0007074659806676209,0.00024095579283311963,7.367727812379599e-05,0.00014244865451473743,0.0006965213688090444,1.2533608241938055e-05,7.1285194280790165e-06,1.2695211808022577e-05,7.189784810179844e-05,9.75053717411356e-06,0.005199523642659187,2.9752416139672277e-06
413,0.0015085283666849136,0.002125901635736227,0.0008224246557801962,3.503360858303495e-05,0.00013410173414740711,0.0007040533237159252,0.002158886520192027,0.0017907508881762624,2.2378448193194345e-05,4.2639439925551414e-06,1.965926458069589e-06,7.845986147003714e-06,4.4045938807357743e-07
414,0.0009524196502752602,0.001062085386365652,0.0005176499835215509,0.0013556403573602438,0.00038980855606496334,0.00017118181858677417,0.0001240692363353446,2.200699418608565e-05,1.5462488818229758e-06,0.007419000845402479,1.5020673345134128e-06,0.0014520690310746431,3.6387058344189427e-07
415,0.0007880624034442008,0.0012443168088793755,0.0006218755152076483,5.7102442951872945e-06,1.774463089532219e-05,3.2219020795309916e-05,0.006006205920130014,0.00011849454313050956,1.322786147284205e-06,3.872274646710139e-06,7.503990104851255e-07,1.6849121209361329e-07,8.339127361978171e-07
416,0.0009916314156726003,0.0008343469235114753,0.0016843365738168359,3.6025587178301066e-05,4.31141525041312e-05,0.0003990264085587114,0.003466240596026182,0.0032969077583402395,0.00043954726424999535,2.086450422211783e-06,4.105542359411629e-07,0.004362971987575293,8.305867993385618e-08
417,0.000810749304946512,9.450368816033006e-05,0.0003538174496497959,0.0001324333279626444,0.00015707687998656183,0.00014419847866520286,6.362764543155208e-05,0.006821156479418278,4.613834335032152e-06,1.225383130076807e-05,2.313017546384799e-07,6.918137842149008e-06,1.7641983731664368e-06
418,0.0011256771394982934,0.00040161306969821453,0.0002922705898527056,7.298497803276405e-05,3.8925791159272194e-05,0.001226443680934608,0.00015211831487249583,0.00012201625213492662,6.164370279293507e-05,2.6071729735122062e-06,8.759217280385201e-07,0.005174155812710524,3.4674715720939275e-07
419,0.0009837992256507277,0.0002959157864097506,8.633682591607794e-05,0.00031008973019197583,5.678812522091903e-05,0.00023764721117913723,2.2246395019465126e-05,0.0006375458324328065,0.0032330413814634085,1.6233245787589112e-06,7.222485578495252e-07,0.018664469942450523,1.9801811959041515e-06
420,0.0016000852920114994,0.0019321985309943557,0.0005445808637887239,7.4208837759215385e-06,0.00019155049812979996,0.0007536640041507781,0.0040834262035787106,0.000684634200297296,7.682215073145926e-05,0.0003052059037145227,1.0073896419271477e-06,0.009052813984453678,3.479104577763792e-07
421,0.0004948978894390166,0.001955663552507758,0.0010805046185851097,3.307464066892862e-05,0.00028401505551300943,1.9928447727579623e-05,0.0026641772128641605,0.003320557763800025,1.8643230532688904e-06,0.00044007610995322466,1.3989715625939425e-06,1.459876557419193e-06,3.6022623817189015e-07
422,0.0004056862089782953,0.001186851761303842,0.0013072753790766,3.482655301922932e-05,9.775654325494543e-05,1.8910315702669322e-05,5.297911411616951e-05,0.006019732914865017,6.411074195966648e-07,6.336173828458413e-05,1.514040150141227e-06,4.635422357068819e-08,1.597314053469745e-06
423,0.0009421068825758994,0.001916361739858985,0.0006304450216703117,0.00011769156844820827,0.00021839856344740838,0.0002737210306804627,0.00025478986208327115,7.532456220360473e-05,9.856763426796533e-06,0.004201541189104319,3.525816055116593e-06,3.2383156849391526e-06,4.3742102207033895e-06
424,0.0005949169280938804,0.0010170370806008577,0.000599937338847667,6.888266943860799e-05,7.302453741431236e-05,0.00018214086594525725,0.0034278538078069687,0.00020826731633860618,2.5315423044958152e-05,6.177788236527704e-06,7.997208513188525e-07,3.841233592538629e-06,1.0747510259534465e-06
425,0.000402923789806664,7.56404479034245e-05,0.0002911203191615641,2.2876665752846748e-05,1.338278889306821e-05,0.0002017961087403819,0.0056743561290204525,0.001335647189989686,2.272095343869296e-06,2.3097743905964307e-05,6.906402632012032e-07,2.3979791308192944e-07,5.681359311893175e-07
426,0.0011673537082970142,0.001584292040206492,0.0005065533914603293,0.00011109500337624922,1.9512368453433737e-05,0.0005672908155247569,0.001204281346872449,0.0007907067192718387,3.893893881468102e-05,4.572869147523306e-05,2.4285259314638097e-06,0.005197483580559492,1.4833685781923123e-06
427,0.0010405747452750802,0.0021485520992428064,0.0006922238389961421,3.243052924517542e-05,1.826182779041119e-05,0.001109329517930746,0.0007107791607268155,0.0005168674979358912,6.9010652623546775e-06,1.252023230335908e-05,4.2470790617699095e-07,2.003734834943316e-06,1.7115005448431475e-06
428,0.0003789454640354961,0.0018571740947663784,0.000666959211230278,3.193345037288964e-05,0.0002305811212863773,4.056481884617824e-06,0.0033209268003702164,0.0034346573520451784,5.085429393147933e-07,0.005433017387986183,4.498729992974404e-07,2.2408150925912196e-06,1.3061114714219002e-06
429,0.001366081996820867,0.0020714253187179565,0.000762155104894191,1.7768225006875582e-05,8.522159987478517e-06,0.0008191970991902053,0.008451585657894611,0.0004805315693374723,5.962500836176332e-06,7.398498837574152e-06,9.68529207057145e-07,1.189192744277534e-06,4.42794635091559e-06
430,0.00043137682951055467,0.0007212195778265595,0.0014846869744360447,7.929689672891982e-06,0.00017039579688571393,6.402205599442823e-06,9.558487363392487e-06,0.005498070269823074,2.63631523012009e-06,3.104802453890443e-05,6.687923814752139e-07,3.0682015221827896e-06,2.816411779349437e-07
431,0.0005091034690849483,0.0010006489465013146,0.0009672162123024464,0.0009346104925498366,0.00016835272253956646,0.0002948703186120838,1.7992320863413624e-05,0.0022294707596302032,8.86917860043468e-07,0.0025142368394881487,9.329607451036281e-07,6.705135547235841e-06,3.0338256351569726e-07
432,0.0007089608698152006,0.0021196547895669937,0.0006765325670130551,1.9340504877618514e-05,0.00014120816194918007,0.00012393180804792792,0.004837722983211279,4.3743209971580654e-05,4.0707473090151325e-06,0.004127610940486193,3.005862367899681e-07,5.523676236407482e-07,1.2085837397535215e-06
433,0.001040155882947147,0.0016291307983919978,0.0008208289509639144,2.4028731786529534e-05,7.02092656865716e-05,0.0009157247259281576,0.004199408460408449,0.005008714273571968,4.994195478502661e-06,1.5104407793842256e-05,4.220977984914498e-07,2.036376372416271e-06,6.544838129229902e-07
434,0.0002634868724271655,0.0002091576752718538,0.00031496924930252135,0.000713748624548316,0.0004766670463141054,2.7150299501954578e-06,0.002454069908708334,0.0015497077256441116,2.1969985937175807e-06,0.005737370811402798,1.2420470056895283e-06,2.4546187660234864e-07,1.454742800888198e-06
435,0.0007693410152569413,0.00024826053413562477,0.00021620643383357674,0.00017055909847840667,0.00030558538855984807,0.0002032769552897662,0.0003723815025296062,0.0021833444479852915,4.0431423258269206e-05,7.428200478898361e-05,1.2066066119587049e-06,1.3900751127948752e-06,1.6075898656708887e-06
436,0.0006322463159449399,0.003459996310994029,0.0022011836990714073,1.5136430192796979e-05,5.2754912758246064e-05,0.00018086870841216296,7.204519351944327e-05,8.036519830056932e-06,6.3933712226571515e-06,0.00763501413166523,1.9134479316562647e-06,1.2374991911201505e-06,1.4242311863199575e-07
437,0.0011698243906721473,0.0028816177509725094,0.0006385985179804265,1.7609654605621472e-05,5.033457637182437e-05,0.0008731450070627034,2.3894304831628688e-05,9.290787420468405e-05,1.825886283768341e-05,0.0038143915589898825,7.732282369943277e-07,0.0028738921973854303,2.8085580083825334e-07
438,0.0015831319615244865,0.0029253705870360136,0.0006214184104464948,9.564693027641624e-05,2.6267191515216837e-06,0.0021408097818493843,7.43301643524319e-05,7.926999387564138e-05,0.00018539722077548504,2.5724771148816217e-06,5.176777904125629e-07,1.0746011867013294e-06,3.849319455184741e-06
439,0.0015213566366583109,0.0017074249917641282,0.005967870354652405,0.0001932061422849074,0.00016090030840132385,4.904048182652332e-05,0.0018030388746410608,0.001900492119602859,2.8909726097481325e-06,2.565003114796127e-06,1.4859160728519782e-06,4.886876467935508e-06,1.216910845869279e-06
440,0.00028780571301467717,0.0008597870473749936,0.00082970509538427,0.00029758905293419957,0.00011467355216154829,6.3453117036260664e-06,0.004397282842546701,0.007530162110924721,7.119717793102609e-07,0.0023439128417521715,5.378553282753273e-07,5.770381221736898e-07,4.1399124484087224e-07
441,9.660470823291689e-05,0.0010246939491480589,0.0005308326217345893,2.014860001509078e-05,0.00025759561685845256,3.841119905700907e-06,0.00018611247651278973,0.004818986169993877,4.0304339563590474e-06,0.0071769170463085175,3.5934197057940764e-06,2.0313796085247304e-06,3.9016385926515795e-06
442,0.0008106836467050016,0.0001990804448723793,0.00010509642015676945,3.622711665229872e-05,2.9176500902394764e-05,0.0004665427259169519,0.005242176819592714,5.9212612541159615e-05,2.1846370145794936e-05,3.011105945915915e-06,5.720803073927527e-06,2.1699927401641617e-06,2.046818281087326e-06
443,0.000502157025039196,0.0034789512865245342,0.003876646049320698,4.090349466423504e-05,2.3980193873285316e-05,7.926591933937743e-06,5.522369065147359e-06,7.725830801064149e-05,7.297709885278891e-07,3.251332964282483e-05,5.295509595271142e-07,4.546859884158039e-07,3.6784814483326045e-07
444,0.0003536732110660523,8.042862464208156e-05,0.001525149797089398,0.0010239623952656984,0.0006680692313238978,2.269299511681311e-05,0.00881311483681202,0.002447660081088543,4.083890416950453e-06,0.0001818886521505192,9.691996638139244e-06,8.705234222361469e-07,1.591605723660905e-06
445,0.0008287946693599224,0.002181452000513673,0.0024064781609922647,2.4403097995673306e-06,0.00023072514159139246,4.741354496218264e-05,0.0033307205885648727,1.781936953193508e-05,7.544832669736934e-07,5.177847560844384e-05,2.2330495141886786e-07,3.267895465342008e-07,3.6317169360700063e-07
446,0.0008582767914049327,0.00208459235727787,0.0008827277924865484,5.6544038670836017e-05,2.0298381059546955e-05,0.001131792669184506,0.00146298052277416,1.97856697923271e-05,2.1100036974530667e-05,7.254651791299693e-06,6.628641813222202e-07,1.2204479560296022e-07,8.67397105253076e-08
447,0.0015266397967934608,0.0008471865439787507,0.00042718133772723377,5.9643436543410644e-05,2.449517160130199e-05,0.0010683707660064101,0.0035813350696116686,0.0003970733087044209,6.6599044657778e-05,2.813316314131953e-06,6.608759122173069e-07,0.010271070525050163,3.850516804959625e-06
448,0.0004225181182846427,0.0005063975695520639,0.0013456032611429691,1.8864864614442922e-05,0.0013632816262543201,1.520176465419354e-05,0.0027585127390921116,0.004889879375696182,1.7580179019205389e-06,2.3521948605775833e-05,4.219647962599993e-06,2.7576536467677215e-06,2.3116288048186107e-06
449,0.0007948538986966014,0.0011347235413268209,0.0005959103582426906,8.6312129496946e-06,6.093734918977134e-05,8.325400995090604e-05,2.8739814297296107e-06,0.004224030300974846,9.895530638459604e-06,7.082169304339914e-06,2.6064876124110015e-07,7.323184263441362e-07,4.2824621004911023e-07
450,0.00071694515645504,0.0008137300610542297,0.0004198883252684027,4.493674714467488e-05,0.00023727846564725041,3.0294659154606052e-05,0.004659782629460096,0.0019688215106725693,1.06557411072572e-06,0.00021679067867808044,5.886310532332573e-07,8.767253234509553e-07,1.0020343097494333e-06
451,0.0008355617756024003,0.003279120661318302,0.0012954106787219644,0.0013883766951039433,0.00010837987792911008,9.865842730505392e-05,0.0012854734668508172,0.0035534228663891554,1.4903749843142577e-06,0.003823495004326105,2.443566017973353e-06,3.7192394302110188e-06,9.925868198479293e-07
452,0.0011242040200158954,0.0014615242835134268,0.0005833146278746426,1.0631244549585972e-05,9.546810906613246e-05,0.0012010030914098024,6.51557502351352e-06,0.0010849902173504233,0.0005901929107494652,4.874306796409655e-06,8.962078936747275e-07,0.004568606615066528,6.039942377356056e-07
453,0.0014638882130384445,0.0007737639243714511,0.0012435514945536852,5.1761184295173734e-05,2.6699764930526726e-05,0.0019738231785595417,7.6027208706364036e-06,1.0441356607771013e-05,0.0015246295370161533,7.850263500586152e-06,1.8154678400605917e-06,0.007760593201965094,5.431460522231646e-06
454,0.0006461992161348462,0.0017764761578291655,0.0006307658622972667,1.3214497585067875e-06,0.0027422821149230003,2.3432325178873725e-05,0.004509766586124897,2.6784629881149158e-05,1.6509657143615186e-05,0.004438291769474745,2.1619547396767302e-07,1.355388121737633e-07,2.535477676701703e-07
455,0.0012405386660248041,0.004171193577349186,0.00087102031102404,1.0490988643141463e-05,1.7221409507328644e-05,0.0013318948913365602,8.143688319250941e-06,7.58093756303424e-06,1.1472247933852486e-05,0.0017541022971272469,2.2499733631775598e-07,5.4066331358626485e-06,3.791880942571879e-07
456,0.000967331463471055,0.004564283881336451,0.004754051566123962,1.1623092177615035e-06,9.508012794867682e-07,0.000255488877883181,5.550344576477073e-05,5.553539267566521e-06,5.683218205376761e-06,0.00015938363503664732,1.468048708375136e-06,2.435578153381357e-06,3.8757767129027343e-07
457,0.0005995347164571285,0.0011403434909880161,0.0006207264959812164,0.00014033108891453594,0.00020934543863404542,1.813817107176874e-05,0.0029524685814976692,0.0037865890190005302,1.097934818972135e-05,0.0030662643257528543,3.16800651489757e-07,1.5376402870970196e-06,4.064412223669933e-06
458,0.0011424035765230656,0.0009330670582130551,0.0003087557852268219,4.69566548417788e-05,9.13941694307141e-05,0.0007747712661512196,1.1871834431076422e-05,0.00012679547944571823,0.0002227158984169364,4.6745110012125224e-05,7.681788360969222e-07,0.004258766770362854,1.226941890308808e-06
459,0.0003225860127713531,0.0017635461408644915,0.0007593383197672665,0.0012204331578686833,0.00047699539572931826,6.586138624697924e-05,0.001945523195900023,0.0026904516853392124,1.56517398863798e-06,0.010303834453225136,8.94209006219171e-06,3.681285249967914e-07,1.8304835691651533e-07
460,0.0012077129213139415,0.00028685032157227397,0.0002472025516908616,0.001262717298232019,1.9363698811503127e-05,0.0008549157064408064,1.8032919797406066e-06,6.538104116771137e-06,2.375162875978276e-05,5.655556833517039e-06,4.821883408112626e-07,0.018815334886312485,2.1934915821475442e-06
461,0.0005852611502632499,0.0006105508073233068,0.0017733511049300432,6.168278559925966e-06,0.000431276363087818,8.50519209052436e-05,0.0022762538865208626,3.218221081624506e-06,3.2985287816700293e-06,1.1395343790354673e-05,2.2570634428120684e-07,3.7321996160244453e-07,2.9020421266068297e-07
462,0.0006749777239747345,0.0015920300502330065,0.0005822594393976033,6.535797638207441e-06,0.00035372606362216175,2.2107471522758715e-05,6.096957076806575e-05,0.0043970257975161076,3.1324698284151964e-06,0.0031545038800686598,1.8448488390276907e-06,7.937052259876509e-07,1.2622858776012436e-06
463,0.0010103515814989805,0.001244320417754352,0.00058151432313025,0.0015579347964376211,0.00010972395102726296,0.000802192953415215,7.1210497480933554e-06,6.348101578623755e-06,0.0008936146623454988,7.530185393989086e-05,7.952633040986257e-07,0.0019784641917794943,9.312432212027488e-07
464,0.001177444588392973,0.001034807413816452,0.00021962562459520996,8.651591997477226e-06,6.443099118769169e-05,0.0007424904033541679,2.4276789190480486e-05,7.43661803426221e-05,4.489930142881349e-05,7.778935469104908e-06,5.7535305586498e-07,0.011409738101065159,3.3033484214683995e-06
465,0.001140973879955709,0.0006408439367078245,0.00042085928726010025,3.328969978610985e-05,0.0002829753211699426,0.00026410724967718124,0.0033190366812050343,5.3784078772878274e-06,0.0003646014374680817,2.104578470607521e-06,3.950649443140719e-07,3.6807290598517284e-05,8.017328241294308e-07
466,0.0006902024615556002,0.0024755357299000025,0.004740442615002394,1.173367945739301e-05,2.146774022548925e-05,7.052642467897385e-05,0.0026445328257977962,1.951743251993321e-05,1.610150661690568e-06,2.6312636691727675e-05,8.726382247914444e-07,1.1991915016551502e-05,2.5240194645448355e-06
467,0.0008457958465442061,0.002010426949709654,0.000545949733350426,6.487893188023008e-06,1.114479800889967e-05,0.0006406708853319287,3.2001938961911947e-05,0.002498483285307884,1.9258800421084743e-06,2.265412695123814e-05,3.3541248285473557e-06,2.4737664716667496e-07,2.0961195446034253e-07
468,0.0013759322464466095,0.0015942389145493507,0.000684571685269475,2.612209937069565e-05,0.0002282773784827441,0.001073073479346931,0.0006818929687142372,0.00017781209317035973,1.4406957234314177e-05,0.00010600758105283603,1.8287506691194721e-06,5.749142928834772e-06,1.743505208651186e-06
469,0.0012599235633388162,0.0005515023949556053,0.00042172419489361346,1.0370753216193407e-06,4.570878445520066e-05,0.0009135400177910924,0.0017636653501540422,0.0032908166758716106,1.4531899523717584e-06,1.7931470210896805e-06,3.8828068227303447e-07,0.0011243665358051658,5.943563792243367e-07
470,0.0008332545403391123,0.00199818960390985,0.0005433581536635756,0.0001259291748283431,0.00014813464076723903,0.00041367256199009717,0.0012848395854234695,6.113894414738752e-06,1.8115293642040342e-05,0.00012598486500792205,3.1791064429853577e-06,3.4941703574986605e-07,1.3916936040914152e-05
471,0.0005264931241981685,0.0001794933050405234,0.00012302710092626512,9.36332162382314e-06,0.0006388364708982408,2.9391403586487286e-06,0.005161815322935581,5.100164344185032e-05,3.0542051376869495e-07,0.004689549561589956,3.2406308037025155e-06,2.8641349558711227e-07,2.0864325733782607e-07
472,0.002053553005680442,0.0006790873594582081,0.00035403293441049755,0.00031579675851389766,1.558903750265017e-05,0.0020370655693113804,2.8793008823413402e-05,0.0002130525535903871,0.0023303928319364786,8.299521141452715e-06,3.847237906029477e-07,0.012323263101279736,7.036487659206614e-07
473,0.001195447170175612,0.00027609089738689363,0.0002271068951813504,5.8139325119554996e-05,1.8660222849575803e-05,0.0003275279304943979,0.0011138865957036614,0.0017608408816158772,8.06842144811526e-05,3.341300271131331e-06,6.189584951243887e-07,0.002659874502569437,5.875248803022259e-07
474,0.0011985586024820805,0.00344073842279613,0.0008705469081178308,1.8596840163809247e-05,6.75170449540019e-05,8.202426397474483e-05,0.004979069344699383,3.365662269061431e-05,3.5706594644580036e-05,0.004841440357267857,7.253582339217246e-07,8.048495146795176e-06,1.1479781960588298e-06
475,0.0009442034061066806,0.0012125059729442,0.0004288643831387162,2.2118894776212983e-05,0.0007082934607751667,0.000591204734519124,0.001543041318655014,0.001955462619662285,6.0937095440749545e-06,0.0002533672086428851,4.814053795598738e-07,4.603426077665063e-06,1.9563020714485901e-07
476,0.00036417890805751085,0.0016321188304573298,0.0007522361120209098,1.5625364540028386e-05,1.3271984244056512e-05,9.256715202354826e-06,0.004346752539277077,0.007705294527113438,3.2403240766143426e-06,4.661380444304086e-06,3.29199110638001e-07,2.552674231992569e-07,3.3240868901884824e-07
477,0.0013422660995274782,0.002218626905232668,0.0023637162521481514,1.7963773643714376e-05,0.00048261458869092166,0.00020046677673235536,0.004372982773929834,2.0181141735520214e-05,3.845469473162666e-05,8.900558896129951e-06,7.53992139834736e-07,0.0029028684366494417,4.169325166003546e-06
478,0.0006275378400459886,0.0016189212910830975,0.0002837740757968277,3.3523272122693015e-06,0.0004028627008665353,1.0780427146528382e-05,0.0034262898843735456,2.2901162992639e-06,7.433214705088176e-06,0.006814021151512861,1.3601737691715243e-06,5.893947445656522e-07,2.0607802753147553e-07
479,0.0013267355971038342,0.0022709432523697615,0.0008489701431244612,4.199206159682944e-06,6.1521591305790935e-06,0.00062012136913836,0.0023342315107584,0.002161859767511487,0.0030187421943992376,1.526458072476089e-05,8.819778258839506e-07,0.0036213486455380917,1.2501024002631311e-06
480,0.0013429620303213596,0.0011394208995625377,0.0005796516197733581,8.331525350513402e-06,5.812525705550797e-05,0.0004676442185882479,3.2476345950271934e-06,0.005003121681511402,0.000887683592736721,1.3770975328952773e-06,2.028617927862797e-06,0.0007249990594573319,1.860327643044002e-07
481,0.000279237050563097,0.0005979098496027291,0.00014767772518098354,8.47530009195907e-06,0.0005520770791918039,3.6934194213245064e-05,0.0005295486771501601,0.0021668614353984594,9.231778790308454e-07,0.005214903503656387,9.769562439032597e-07,9.76901787907991e-07,1.569308096804889e-06
482,0.0010793583933264017,0.0001872920838650316,0.00016170312301255763,3.5315362765686586e-05,9.947578291757964e-06,0.0005094219814054668,0.0035794663708657026,4.70699742436409e-05,0.0016003170749172568,1.2982956150153768e-06,2.133667067028e-06,0.007390355225652456,9.722885607743592e-08
483,0.0010150090092793107,0.0022107171826064587,0.0018718726933002472,0.00017175040557049215,0.001663789851590991,0.001197642763145268,0.0005763868684880435,0.0024995070416480303,4.082928171555977e-06,7.725429168203846e-05,5.292122295941226e-07,1.8083736676999251e-06,1.2569061880185473e-07
484,0.001499538542702794,0.0012673394521698356,0.0010189875029027462,3.022887722181622e-05,9.043942554853857e-05,0.0010685003362596035,5.5280461310758255e-06,8.386225999856833e-06,0.0099711362272501,4.187952981737908e-06,8.901703267838457e-07,0.001032604486681521,4.922868583889795e-07
485,0.0007767340866848826,0.0012237345799803734,0.0005989608471281826,2.5771430955501273e-05,8.166921907104552e-05,0.0004543214454315603,0.0017597683472558856,0.003940303344279528,3.958166871598223e-06,1.357235191790096e-06,7.695433623666759e-07,5.583657411989407e-07,6.673306529592082e-07
486,0.0011758755426853895,0.0012867568293586373,0.00047989736776798964,4.47219172201585e-05,3.857400224660523e-05,0.0011352475266903639,0.0013919094344601035,0.00140788231510669,0.0013899084879085422,2.3345687623077538e-06,7.993800181793631e-07,0.00022668455494567752,4.571594217850361e-06
487,0.0016579142538830638,0.0008896090439520776,0.00046786043094471097,0.00015363200509455055,0.000799717556219548,0.000568352232221514,0.0019205125281587243,0.0024392837658524513,2.4372875486733392e-05,0.003711416618898511,5.274753789308306e-07,1.1803278539446183e-05,1.762684860295849e-06
488,0.001003250596113503,0.0007697234395891428,0.0005430186283774674,1.4615005056839436e-05,2.766405486909207e-05,0.00029333302518352866,0.0013469583354890347,0.0026337041053920984,6.729492724844022e-06,5.271553891361691e-05,8.30034423415782e-06,9.858443945631734e-07,1.1099697303507128e-06
489,0.00039558191201649606,0.002019269857555628,0.0006094147101975977,1.388217515341239e-05,0.00039808324072510004,7.1402628236683086e-06,0.0028579561039805412,4.195980727672577e-05,8.581158681408851e-07,0.005675329361110926,6.525145863633952e-07,3.3538182719894394e-07,4.397002157929819e-07
490,0.0002642026520334184,3.139713589916937e-05,0.0003819558769464493,0.00019958311168011278,0.00031885920907370746,7.717067092016805e-07,0.00418094964697957,0.004213571082800627,7.684145657549379e-07,2.4618404495413415e-05,1.147967509496084e-06,9.471274893257942e-07,3.660071854483249e-07
491,0.00035373817081563175,3.33196840074379e-05,0.0021266588009893894,1.7315460354438983e-05,0.0010520891519263387,9.077626600628719e-06,0.004681270569562912,3.659653157228604e-05,5.1837969294865616e-06,8.476644097754615e-07,1.7580316580279032e-06,1.3381080634644604e-06,3.7151079368413775e-07
492,0.0010151102906093001,0.00037968557444401085,0.00019843688642140478,0.00015291903400793672,3.4329994377912953e-05,0.0013933269074186683,0.0016547287814319134,5.81773383601103e-05,5.346096440916881e-05,7.194754289230332e-06,1.035780655911367e-06,0.004788865335285664,8.901557180251984e-07
493,0.0006960739847272635,0.0002076505625154823,0.00018855535017792135,6.86816856614314e-05,0.000658390810713172,5.4116993851494044e-05,0.00334654888138175,0.0010869276011362672,1.1141345339638065e-06,0.006384627893567085,4.212969088257523e-06,2.571691766206641e-07,1.2189865401524003e-06
494,0.0007920460775494576,0.0002941876882687211,0.00029922803514637053,0.00011453232582425699,4.9140569899464026e-05,0.0008556507527828217,8.517791866324842e-05,0.004731719847768545,0.0005008274456486106,1.862586577772163e-05,3.0238556064432487e-05,0.004977308213710785,4.619954324880382e-06
495,0.0009681842639110982,0.0020214763935655355,0.0008122701547108591,4.321349842939526e-05,4.2559972825984005e-06,0.00150321947876364,7.992346581886522e-06,3.2566273148404434e-05,0.0032655689865350723,1.0136268429050688e-06,1.6003296821054391e-07,0.00713875750079751,5.595108518718916e-07
496,0.0019722154829651117,0.0011877169599756598,0.0011645539198070765,0.002573623089119792,7.560418453067541e-05,0.004579092375934124,5.6755168770905584e-05,8.996149699669331e-05,0.005989834666252136,6.269654477364384e-06,5.3131570894038305e-06,0.006595402956008911,1.7061275912055862e-06
497,0.001145784743130207,0.0026379849296063185,0.000890884839463979,0.000830796838272363,0.0006482801400125027,0.002421116689220071,0.00042794845649041235,0.0021590765099972486,1.8222704056825023e-06,0.002266897587105632,0.008977255783975124,1.2808787630547158e-07,5.676614591720863e-07
498,0.000853035831823945,0.0014373123412951827,0.0014894442865625024,0.0023713025730103254,0.0006757776136510074,0.0014174090465530753,0.00014525609731208533,0.000919789366889745,1.9128336134599522e-05,0.000209266014280729,0.006771220359951258,8.0303479990107e-06,1.7213869796250947e-05
499,0.0010807201033458114,2.538239823479671e-05,0.0003134146681986749,0.001350093400105834,0.004324073903262615,0.0002467638114467263,4.0970699046738446e-05,0.004663766827434301,2.211158243881073e-05,3.202791276635253e-06,0.003468860173597932,1.5682411458328716e-06,7.001733592915116e-07
500,0.001079149660654366,1.8502401871955954e-05,0.00024291776935569942,1.1573213669180404e-05,0.004021264147013426,0.0032911798916757107,1.269502354261931e-05,3.1137042242335156e-05,8.128841386678687e-07,4.39679251940106e-06,1.6510156228832784e-06,5.535758305086347e-07,6.623585022680345e-07
501,0.000701303593814373,7.239607384690316e-06,0.0004222217248752713,0.003307105042040348,0.0054198745638132095,0.0022671830374747515,1.8106642528437078e-05,2.8670581741607748e-05,9.387081831846444e-07,5.9390953538240865e-05,6.3938118728401605e-06,1.284100363818652e-07,1.074474312190432e-06
502,0.0027679498307406902,0.0008562305010855198,0.0018283105455338955,0.002392827533185482,6.204874080140144e-05,8.006348798517138e-05,5.185134341445519e-06,8.29093096399447e-06,0.005697706248611212,1.4127422218734864e-06,1.106596414501837e-06,2.4144910639734007e-06,2.225805104671963e-07
503,0.0009468804928474128,0.0017927326261997223,0.0010038125328719616,0.0016195097705349326,7.515302422689274e-05,0.0016096452018246055,3.213366653653793e-06,2.2461879780166782e-05,0.0016025551594793797,0.004195451270788908,3.5025124134335783e-07,1.3696574114874238e-06,8.956067176768556e-06
504,0.00039481616113334894,0.0026740494649857283,0.0011409249855205417,0.002052089897915721,0.0036738335620611906,3.770634066313505e-05,0.0011997213587164879,7.559208461316302e-05,8.276765584014356e-06,0.001306538819335401,0.021997448056936264,1.1117642770841485e-06,3.817681317741517e-06
505,0.001964346971362829,0.0015787935117259622,0.0008458960801362991,0.0010525034740567207,0.0025145711842924356,0.00039948633639141917,1.9827266442007385e-05,2.1085379557916895e-05,0.004652528557926416,9.445690011489205e-06,3.348849304529722e-07,0.015798592939972878,1.723481886983791e-06
506,0.0015774514758959413,0.0023852766025811434,0.0012814736692234874,0.0020704197231680155,0.00013810995733365417,0.00749616464599967,4.210565020912327e-05,3.635586108430289e-05,0.004414226859807968,5.483164204633795e-05,2.4864224542398006e-05,0.0033673702273517847,2.3337697712122463e-05
507,0.0009165382361970842,0.000801100570242852,0.0016656349180266261,0.0013548179995268583,0.0020503713749349117,0.0024675456807017326,4.833640900869796e-07,2.5130163976427866e-06,0.0022326672915369272,3.5432296954240883e-06,7.151921863624011e-07,1.5626628169229662e-07,1.8081359485222492e-06
508,0.0009273848263546824,0.0026712375693023205,0.0008238793234340847,1.5649555280106142e-05,0.0019938007462769747,0.0003099207242485136,6.896542618051171e-05,1.823800448619295e-05,2.198802394559607e-05,4.5505865273298696e-05,2.487770871084649e-05,3.439953843553667e-06,4.540592726698378e-06
509,0.0018617953173816204,0.002966065425425768,0.002710147062316537,1.430168777005747e-05,0.0016619693487882614,0.0020318476017564535,7.251433271449059e-05,1.1474325219751336e-05,1.018932834995212e-05,1.2411063835315872e-05,0.003773351199924946,4.662722403736552e-07,2.1409066448541125e-06
510,0.00041031790897250175,0.0009067626670002937,0.0007589684100821614,4.384269777801819e-05,0.0013740548165515065,0.008073104545474052,5.5076634453143924e-06,5.113370207254775e-06,0.0028017850127071142,7.215089226519922e-06,3.990250206697965e-06,1.9653389244922437e-06,7.741997478660778e-07
511,0.0007586749852634966,0.0021297684870660305,0.0039116619154810905,0.00010448041575727984,0.00246796733699739,5.985191455692984e-05,3.761925881917705e-06,7.256319804582745e-06,0.0035916788037866354,0.00010930244025075808,0.00442295940592885,0.00014616821135859936,6.844571998954052e-06
512,0.00014762017235625535,0.000701864599250257,0.0005092130741104484,0.0003532196569722146,0.0006060450104996562,0.006512157153338194,0.002376869786530733,0.00012244317622389644,3.649690370366443e-06,4.381501184980152e-06,0.006822945084422827,1.6469654156026081e-06,3.975364052166697e-06
513,0.00045481661800295115,0.0007011801935732365,0.002237931592389941,0.0051674069836735725,0.004752933979034424,0.0005929902545176446,3.8326183130266145e-05,4.219176116748713e-05,4.043901753902901e-06,0.005329641047865152,1.7742601130521507e-06,2.6129416710318765e-06,2.2071669718570774e-06
514,0.0021355377975851297,0.004296637140214443,0.0014768150867894292,0.00046913669211789966,0.0006928375223651528,0.0014100486878305674,5.8592663663148414e-06,9.131259503192268e-06,0.007235397584736347,2.0957557353540324e-05,1.9010668665941921e-06,9.023184975376353e-05,5.37549567525275e-07
515,0.0002492676430847496,0.0006274887127801776,0.0006623564404435456,0.0008756117895245552,0.0027801929973065853,0.0024886606261134148,0.00032008514972403646,9.761070941749495e-06,1.8731786894932156e-06,0.0004067930858582258,8.545875061827246e-06,2.426229457341833e-07,0.005607220809906721
516,0.0012868379708379507,0.0017982738791033626,0.0009545881766825914,0.0015430510975420475,6.968199159018695e-05,0.0006803261348977685,4.202827767585404e-06,1.1417677342251409e-05,0.002243457594886422,0.005058038514107466,1.1893049304489978e-05,9.845900876825908e-07,0.005686999764293432
517,0.001058528432622552,0.0007714019156992435,0.0004568191943690181,0.0013883113861083984,0.0014795608585700393,0.0028475706931203604,2.716685048653744e-05,6.759129973943345e-06,3.858033596770838e-05,1.1715553227986675e-05,3.975061645178357e-06,0.001525995321571827,6.5428380366938654e-06
518,0.0013603175757452846,0.0008342458750121295,0.0018360379617661238,0.0029434659518301487,0.0016745638567954302,1.8715938495006412e-05,0.0011066650040447712,9.680663788458332e-05,1.1778295629483182e-05,3.052889951504767e-05,0.009364833123981953,8.862506319928798e-07,1.564098784001544e-05
519,0.0009110439568758011,0.002506706863641739,0.0014030288439244032,0.00039361329982057214,0.0044838194735348225,0.0015900041908025742,7.067843398544937e-05,7.658951653866097e-05,0.0016737728146836162,2.6775127480505034e-05,3.6503320188785437e-06,4.6400135033763945e-05,3.8004013731551822e-06
520,0.0010469461558386683,0.000788884877692908,0.0008732944843359292,0.0047977399080991745,5.5906082707224414e-05,0.0004282936570234597,1.034644128594664e-06,2.604435621833545e-06,0.0009395754314027727,0.0043833595700562,8.535811844012642e-07,0.006502969656139612,1.331115527136717e-06
521,0.0009609312983229756,0.0013225168222561479,0.0008691661059856415,0.0014744633808732033,4.2966548789991066e-05,0.0009238935890607536,0.0007266742759384215,0.003689003875479102,6.374476470227819e-06,0.0011897278018295765,0.004255867563188076,4.07452171202749e-06,2.1324624412955018e-06
522,0.0015966163482517004,0.0019049553666263819,0.0009881749283522367,0.002032942371442914,5.797683115815744e-05,0.0009241332882083952,6.835098611190915e-05,0.00035939030931331217,0.0014586012111976743,6.775186921004206e-05,6.0874386690557e-05,6.108832053541846e-07,1.0715124517446384e-05
523,0.0010006173979490995,0.0014471508329734206,0.0009646190446801484,0.002274586819112301,0.0033270753920078278,7.702241418883204e-06,0.00166261603590101,0.0024234389420598745,2.8328533517196774e-05,0.0007799380109645426,0.015190531499683857,7.149334351197467e-07,7.326869763346622e-06
524,0.001396037288941443,0.0009290000889450312,0.0008682158659212291,0.0010395217686891556,0.0005768112023361027,0.0008507403545081615,0.0001981454697670415,0.007616175338625908,0.00234211259521544,0.0018807485466822982,3.995099905296229e-05,4.75831114954417e-07,0.0028132135048508644
525,0.0009936963906511664,0.004846982657909393,0.0016597460489720106,0.00022737555264029652,0.0009978829184547067,0.004055641125887632,4.317242564866319e-05,1.0530567124078516e-05,0.002508692443370819,0.003144192975014448,2.40792701333703e-06,1.4185785346398916e-07,1.1495963008201215e-06
526,0.0011178985005244613,0.001176532357931137,0.0004779154260177165,0.0006694204639643431,0.003428712720051408,0.0037438073195517063,1.0589472367428243e-05,8.810730832919944e-06,1.9827434698527213e-06,1.0920362001343165e-05,6.730543304911407e-07,3.9969233966985485e-07,3.670085675366863e-07
527,0.0019471950363367796,0.0022895983420312405,0.001493559218943119,0.002951323287561536,0.0008084713481366634,0.002128311200067401,3.0020703434274765e-06,4.984012775821611e-06,0.00013203757407609373,0.004316163249313831,0.0023242486640810966,8.642189641250297e-06,0.0047819470055401325
528,0.0016179441008716822,0.005635091103613377,0.0034934335853904486,0.0025997424963861704,0.007305860053747892,0.0014444668777287006,0.0003913821710739285,0.00022722739959135652,1.2812230124836788e-05,0.004406674765050411,2.1778332666144706e-05,1.0978167665598448e-05,3.6005369565828005e-06
529,0.0014745398657396436,0.0023751116823405027,0.0004164081474300474,3.3619431633269414e-05,0.004500808659940958,5.9063106164103374e-05,2.4802347979857586e-05,5.0763290346367285e-05,9.00216673471732e-06,0.0027843245770782232,0.0053041353821754456,4.1042158045456745e-06,6.67621279717423e-05
530,0.0016267193714156747,0.0010666681919246912,0.0005122144357301295,8.49219759402331e-06,9.550622053211555e-05,0.00346186151728034,2.236921091025579e-06,1.4105466107139364e-05,0.0015887981280684471,9.504913691671391e-07,0.006320943124592304,3.7175798297539586e-06,1.1968910484938533e-06
531,0.001148185576312244,0.002427681116387248,0.001469249022193253,0.0008245454519055784,0.0014500741381198168,0.011850274167954922,1.5309047739719972e-05,1.4987865142757073e-05,9.545046850689687e-06,7.810728675394785e-06,2.1354382624849677e-05,5.075887656857958e-07,2.170839252357837e-06
532,0.001546467305161059,0.0006991592817939818,0.000788896984886378,0.0006047820206731558,9.138680616160855e-05,0.0022736755199730396,3.899341754731722e-05,0.006778712850064039,5.786859674117295e-06,2.2355311557475943e-06,4.003168214694597e-06,1.0109945378644625e-06,3.407458564197441e-07
533,0.000602200860157609,0.002305334899574518,0.0010109951253980398,2.3150523702497594e-05,0.0017776144668459892,0.008271222934126854,8.180252916645259e-05,3.732790719368495e-05,1.8259917851537466e-05,7.185308641055599e-05,0.00019509537378326058,1.411611606272345e-06,0.02826433628797531
534,0.0008094086078926921,0.002586564514786005,0.0017544315196573734,0.0024278026539832354,0.0019154821056872606,0.0027602105401456356,1.7321493942290545e-05,1.3015803233429324e-05,3.117913593086996e-06,0.0016578962095081806,7.369088734776597e-07,3.0188405730768864e-07,1.918013140311814e-06
535,0.001564793405123055,0.0004054084711242467,0.0022200935054570436,0.0009177037281915545,0.000514327606651932,1.698434971331153e-05,0.0003834696835838258,0.0032943899277597666,3.379827830940485e-06,1.9003564375452697e-05,5.217881948738068e-07,2.3830419593195984e-07,1.7811009456636384e-05
536,0.0015523764304816723,0.0023750856053084135,0.004613071214407682,0.0021245493553578854,0.0034402390010654926,0.00043873305548913777,4.253166480339132e-05,1.602665361133404e-05,0.0029308039229363203,3.0474910090561025e-05,1.583176344865933e-05,3.535373616614379e-05,2.993104135384783e-05
537,0.0028276473749428988,0.0010421782499179244,0.0009884210303425789,0.0013542412780225277,0.0001465309615014121,0.005400833208113909,0.00013426314399112016,5.957822213531472e-05,0.0044393655844032764,1.759439146553632e-05,1.870313280960545e-05,0.001380962086841464,3.562626716302475e-06
538,0.001042703865095973,0.001278701238334179,0.0007519774953834713,0.0014814577298238873,0.0003512615221552551,0.002106458181515336,7.900118362158537e-06,9.377806236443575e-06,2.8933195608260576e-06,5.947810223005945e-06,0.004692121408879757,1.4991144325904315e-06,4.632121999748051e-06
539,0.0016316283727064729,0.0029949136078357697,0.0010632576886564493,0.0024565579369664192,0.00026622205041348934,0.0011701574549078941,1.6158253856701776e-05,7.871682464610785e-05,0.00015580678882542998,0.010025756433606148,4.7743225877638906e-05,5.946128567302367e-06,0.00030344989500008523
540,0.0016884391661733389,0.0009476306731812656,0.0005163505556993186,0.0006960759055800736,0.00268715713173151,0.0002504514704924077,0.0003615015302784741,6.833612133050337e-05,0.0068740821443498135,0.001976817147806287,0.004018113948404789,7.160128916439135e-07,5.159207830729429e-06
541,0.00029257702408358455,0.00041943075484596193,0.00039774514152668417,0.0008114077500067651,0.0022578476928174496,8.947410606197082e-06,0.001158706727437675,0.002869247691705823,1.3721756886297953e-06,7.591986104671378e-06,0.022436250001192093,2.7008221081814554e-07,0.002538059139624238
542,0.003244895488023758,0.0013834387063980103,0.003682779846712947,4.1323477489640936e-05,0.0018278443021699786,0.00021055845718365163,0.0003122700145468116,0.00819623377174139,1.1843760148622096e-05,7.520934741478413e-05,3.1390434287459357e-06,1.2942533430759795e-05,1.6271649201371474e-06
543,0.00041722055175341666,0.0007796625141054392,0.0005592175293713808,0.0008481699624098837,0.001462381798774004,0.002304502297192812,2.695009015951655e-06,5.082359166408423e-06,3.4478566703910474e-06,1.743421080391272e-06,0.0009317934163846076,1.3730871728512284e-07,0.01540688518434763
544,0.0012961778556928039,0.0015409239567816257,0.0007550718728452921,6.94955961080268e-05,0.0015223459340631962,0.005693121813237667,0.0007754483376629651,2.9560391340055503e-05,1.0840145478141494e-05,1.550781053083483e-05,0.003740905085578561,5.002748366678134e-07,2.908991802996752e-07
545,0.0014935681829228997,0.0007148737204261124,0.000578034610953182,0.0010558264330029488,0.0027172754053026438,1.9560151486075483e-05,1.4149389244266786e-05,3.5768553061643615e-05,3.236405063944403e-06,0.00034412305103614926,0.0005191044765524566,1.1867715556945768e-06,0.020379018038511276
546,0.0022726391907781363,0.001387990778312087,0.0010643950663506985,0.0011628526262938976,0.0002375106851104647,0.0013510985299944878,9.276613127440214e-06,0.001979421591386199,8.960915920397383e-07,1.7176575966004748e-06,1.7020968812175852e-07,6.420024760700471e-07,2.0510465219558682e-06
547,0.0010829706443473697,0.0014307202072814107,0.0012095175916329026,0.0015289545990526676,0.001586610684171319,0.0002631818351801485,0.0024327575229108334,0.0026948864106088877,3.3239305139431963e-06,0.00012801522098015994,1.8961400201078504e-06,2.100422761941445e-06,1.514279460934631e-06
548,0.0015303960535675287,0.0015899310819804668,0.00042874764767475426,6.033547833794728e-05,0.0002606423513498157,0.0031782076694071293,2.065495755232405e-05,1.4909712263033725e-05,3.437975829001516e-05,1.1376754628145136e-05,0.008929098956286907,6.085895074647851e-05,3.050375744351186e-05
549,0.0014968516770750284,0.0011278531746938825,0.0023799745831638575,7.145441486500204e-05,0.0026565438602119684,0.001597420428879559,0.0008074109209701419,0.0008271015831269324,1.0280605238222051e-05,1.213974246638827e-05,0.0016263414872810245,2.050774583040038e-06,1.046568104356993e-05
550,0.0025738049298524857,0.0013380127493292093,0.0009905158076435328,0.00279917917214334,1.6886868252186105e-05,0.0004766435013152659,3.636777546489611e-05,5.0111957534682006e-06,3.672546154120937e-05,2.4556838980061002e-05,2.7841392125083075e-07,1.623642788217694e-06,1.0700844086386496e-06
551,0.0020186742767691612,0.0023356128949671984,0.001287805731408298,0.005002593621611595,0.0025251784827560186,0.0001989731244975701,0.000888492853846401,0.0002895273792091757,9.436926484340802e-05,0.003310123924165964,2.658669291122351e-05,6.75085766488337e-06,1.0671824384189676e-05
552,0.0013528323033824563,0.0007668628240935504,0.007114611566066742,0.0005599841824732721,0.004035931080579758,0.0009623363730497658,2.832403697539121e-05,0.0018469037022441626,3.020308440682129e-06,3.86015835829312e-06,1.0349310031187997e-07,4.441985481662414e-07,6.66959124373534e-07
553,0.0017493610503152013,0.002124513266608119,0.002440094016492367,0.001879650168120861,0.0020344648510217667,2.316999962204136e-05,2.3064212655299343e-05,5.454477286548354e-05,7.157655545597663e-06,7.336973067140207e-05,0.007174859754741192,6.899359505041502e-06,2.4543147446820512e-05
554,0.0014903825940564275,0.001572562730871141,0.0005963233998045325,0.00027067432529293,0.0005036871880292892,1.6730564311728813e-05,3.4620152291608974e-05,7.539433681813534e-06,0.001019110786728561,3.3282249205512926e-05,0.001963964430615306,2.706979955746647e-07,0.010919274762272835
555,0.001002055942080915,0.0020369139965623617,0.0010565042030066252,0.0014075732324272394,0.0026728184893727303,0.0009027005871757865,0.0034012063406407833,0.00011593190720304847,6.4293053583242e-06,0.004057785961776972,0.003592238062992692,7.668477906008775e-07,0.013349929824471474
556,0.001807531574741006,0.0012167490785941482,0.0010914367157965899,0.0022426059003919363,0.00023344111104961485,0.0046232277527451515,1.897233960335143e-05,2.2207283109310083e-05,0.0042515406385064125,9.508499715593643e-06,0.006734152790158987,0.003088486148044467,0.0070674829185009
557,0.001953874481841922,0.001690721488557756,0.0009033466340042651,0.0014330242993310094,0.0018974548438563943,3.960426329285838e-05,5.423929906100966e-06,2.29582583415322e-05,1.8551925677456893e-05,0.0014594016829505563,3.4815402614185587e-05,7.58512499032804e-07,6.107296940172091e-06
558,0.00215122289955616,0.0016033434076234698,0.00015930327936075628,0.00011403366079321131,0.0008539927657693624,0.0004476978210732341,1.2889248864667024e-05,2.4447041141684167e-05,5.9730809880420566e-05,7.968805221025832e-06,5.903279543417739e-06,3.197994828951778e-06,1.3966263168185833e-06
559,0.001670044963248074,0.0018912447849288583,0.0007142452523112297,3.273432594141923e-05,0.00020493737247306854,0.002633051946759224,4.012772478745319e-06,1.5439934941241518e-05,6.82441032040515e-06,5.7643042055133265e-06,3.1801312161405804e-06,5.794071284981328e-07,7.710373211011756e-07
560,0.001844066777266562,0.0014305994845926762,0.0010828408412635326,0.001781826838850975,0.0025228497106581926,1.8122963183486718e-06,0.0004459948686417192,0.00020218330610077828,7.162643100855348e-07,0.000968314940109849,0.00864165835082531,1.2412121463967196e-07,3.079752059420571e-05
561,0.0015037227421998978,6.427227344829589e-05,0.0009722847607918084,0.001788695459254086,0.0019963239319622517,0.0011728015961125493,0.0012029762146994472,0.0013260210398584604,1.9332046008457837e-07,4.353777512733359e-06,0.00297678355127573,2.1147141637811728e-07,0.00475285854190588
562,0.004070762079209089,0.0014742937637493014,0.0005335336900316179,0.0013542941305786371,0.002700800308957696,0.00023772667918819934,2.6283785700798035e-05,5.0235510570928454e-05,2.8211325115989894e-05,1.870564119599294e-05,4.323930625105277e-06,1.807423814170761e-06,5.783510914625367e-07
563,0.0024688488338142633,0.00022323384473565966,0.0003780708648264408,0.000623232452198863,0.0007144339033402503,0.003897668793797493,1.593958768353332e-05,1.0131300768989604e-05,7.64077267376706e-05,4.003378307970706e-06,7.917210496088956e-07,3.924727934645489e-06,1.6429095239800517e-07
564,0.000903245119843632,0.004013621713966131,0.0021781024988740683,0.002605192828923464,0.0016337583074346185,0.0007720043649896979,6.115845280874055e-06,5.14365965500474e-05,1.4443715372181032e-05,0.010215545073151588,0.0026169365737587214,1.9312695087592147e-07,0.00025132778682745993
565,0.0015129263047128916,0.0008181081502698362,0.0009252987802028656,0.0010481519857421517,0.005839435383677483,9.995717846322805e-05,3.8224035961320624e-05,4.708209235104732e-05,7.546635970356874e-06,0.0006349634495563805,1.5882660591159947e-05,1.1207073384866817e-06,0.006565600633621216
566,0.0011876939097419381,0.0030520481523126364,0.000988739775493741,0.000645550258923322,2.3826818505767733e-05,0.001186117297038436,9.007878361444455e-06,1.4412905329663772e-05,0.003994771745055914,0.0032198575790971518,2.2319989056995837e-06,4.151292159804143e-06,2.267237960040802e-06
567,0.0013354416005313396,0.002134548267349601,0.003532512579113245,0.0035163338761776686,0.000741097959689796,8.019809320103377e-05,0.0008193538524210453,0.001206166809424758,1.4018139154359233e-05,8.261604671133682e-05,0.005236214492470026,1.1011196875188034e-05,6.637230853812071e-07
568,0.0007795369019731879,0.002507300116121769,0.0007252496434375644,1.6663312635500915e-05,0.001743727596476674,0.0014353275764733553,2.8515303711174056e-05,8.713067654753104e-05,0.0020193092059344053,0.0018017098773270845,5.787592726846924e-06,2.0629078790079802e-05,0.025324247777462006
569,0.0009248938295058906,0.0010256987297907472,0.0006849060300737619,0.001471969299018383,0.0030297888442873955,0.0028533446602523327,8.477647497784346e-05,9.924819096340798e-06,1.9001927284989506e-06,3.596540409489535e-05,4.0477317497789045e-07,2.0260598887489323e-07,7.418444738505059e-07
570,0.0010832694824784994,0.0003057752619497478,0.001011924585327506,0.004277357365936041,0.0018902336014434695,0.002469111932441592,9.641543874749914e-05,1.0968587957904674e-05,9.83103018370457e-06,6.848254997748882e-05,6.203986799846462e-07,1.0650851436366793e-06,5.620706815534504e-06
571,0.0016337840352207422,0.0006116931908763945,0.0005713877035304904,0.0012660123175010085,0.003274559276178479,0.0012350353645160794,4.80842072647647e-06,8.741281817492563e-06,0.0029626081231981516,1.8238593838759698e-05,0.003847353858873248,0.0037761093117296696,6.272010796237737e-05
572,0.0016482311766594648,0.0020028117578476667,0.002191620646044612,0.000267657422227785,0.0006741519318893552,0.004454684443771839,2.0958379536750726e-05,1.0161177215195494e-06,0.009805194102227688,1.2230893844389357e-06,9.452626272832276e-07,2.0148315797996474e-06,3.078750751228654e-06
573,0.000850352575071156,0.0033037171233445406,0.000911968934815377,0.0006518888403661549,0.0004875994345638901,0.00012051987141603604,0.0015314016491174698,0.0002748610859271139,1.43940803809528e-06,0.010592112317681313,0.011131132021546364,2.540710681842029e-07,5.779976345365867e-05
574,0.002366906264796853,0.0022208597511053085,0.0016567365964874625,0.0023840637877583504,0.0008960143313743174,0.0013859968166798353,2.105539351759944e-05,1.0371977623435669e-05,1.4479041965387296e-05,2.923167630797252e-05,3.8949178815528285e-06,8.049708412727341e-06,0.002880579326301813
575,0.0006633546436205506,0.0025956558529287577,0.001428202842362225,0.004650510847568512,8.558053377782926e-05,0.0020513280760496855,5.636540299747139e-05,0.00011679376621032134,1.9317940314067528e-05,0.00637895567342639,2.8641318294830853e-06,2.2323856683215126e-06,1.1097093874923303e-06
576,0.0011124290758743882,0.0008703910280019045,0.0006868339842185378,0.0017613157397136092,0.0012946253409609199,0.0003018197021447122,2.2506586901727132e-05,4.302917659515515e-05,2.6332885681767948e-05,0.0015066082123667002,0.00536306481808424,3.741172349691624e-07,2.4641165055072634e-06
577,0.0017439723014831543,0.0008049196912907064,0.0007157627260312438,0.0011922154808416963,0.0028216843493282795,3.7897784750384744e-06,6.77143407301628e-06,0.007979034446179867,7.171364995883778e-05,4.626159807230579e-06,0.001368680619634688,0.008409996517002583,1.8018006812781096e-05
578,0.0020518931560218334,0.0013708502519875765,0.0005815749173052609,2.2306825485429727e-05,0.0004940850776620209,0.00479892548173666,2.8941189157194458e-05,2.3317097657127306e-05,0.00486896513029933,8.303684808197431e-06,0.00118167488835752,9.714835869090166e-07,0.005061935633420944
579,0.0013733991654589772,0.0013550154399126768,0.003189078299328685,0.0034809906501322985,0.000137474067742005,9.711876919027418e-05,1.7590702555025928e-05,6.580849003512412e-05,0.007010049652308226,2.251022306154482e-05,0.002875991864129901,0.005797473713755608,0.0054689315147697926
580,0.0005248186062090099,0.001518045668490231,0.0012347870506346226,0.003865948412567377,0.0009499616571702063,3.733340781764127e-05,3.0931143555790186e-05,3.695512305057491e-06,4.6057057261350565e-06,0.0035240082070231438,1.2057749927407713e-06,7.578949521303002e-07,2.0349095564142772e-07
581,0.0017138856928795576,0.005081299692392349,0.0008485522703267634,6.737998774042353e-05,0.00232142535969615,0.00022829401132185012,9.041616067406721e-06,1.8116943465429358e-05,6.538650268339552e-06,0.009185423143208027,6.098516223573824e-06,2.2894589619681938e-06,1.0786307939270046e-05
582,0.005547860637307167,0.0017163821030408144,0.002866892609745264,0.003986852243542671,0.0011309884721413255,0.00028440929600037634,3.63533035852015e-05,1.2494473594415467e-05,7.313647529372247e-06,1.9306362446513958e-05,1.8171168676417437e-06,9.54941128838982e-07,1.907462092276546e-06
583,0.00103375397156924,0.004443838726729155,0.002058730460703373,0.00034855230478569865,0.004645823035389185,1.7133623259724118e-05,3.254188413848169e-06,3.555434204827179e-06,5.263012553768931e-06,0.010979440994560719,0.001996867125853896,2.3559562123409705e-06,2.131727524101734e-05
584,0.0011210697703063488,0.0011454344494268298,0.0007250336930155754,0.0022680996917188168,0.0029899796936661005,0.0012220456264913082,0.0013780266745015979,9.302388207288459e-05,8.237397196353413e-06,7.322238525375724e-05,0.011972768232226372,3.2239038318948587e-06,1.1047086445614696e-05
585,0.0025275617372244596,0.0024471895303577185,0.0010376027785241604,0.001543346676044166,1.7972652130993083e-05,0.004286684561520815,1.3742835108132567e-05,9.118880370806437e-06,8.757528121350333e-05,1.7882459360407665e-05,4.045499736093916e-06,2.5273768642364303e-06,1.9561446151783457e-06
586,0.001910319784656167,0.0016221125843003392,0.000578500737901777,0.0005770598072558641,0.0010595889762043953,0.002626585541293025,8.081130545178894e-06,2.370992660871707e-06,0.002863273723050952,3.181326746926061e-06,7.36932406653068e-06,1.0211301741946954e-06,0.02080191671848297
587,0.0022995774634182453,0.001541830482892692,0.0006930131930857897,8.461118704872206e-05,0.0029794108122587204,0.00014182481390889734,0.0002678598102647811,0.00460562901571393,2.7693835363606922e-05,0.00030177863663993776,0.0033452606294304132,7.81146991357673e-06,7.40015457267873e-06
588,0.0009311855537816882,0.0032806633971631527,0.0011972972424700856,0.001078917644917965,0.0023283958435058594,0.0023844842799007893,0.00019508339755702764,0.0005689075333066285,1.5017682926554698e-05,0.006165219936519861,0.004728495609015226,1.943956021932536e-06,1.4869093320157845e-05
589,0.00030359969241544604,0.007229366339743137,0.002743296790868044,9.972619591280818e-05,0.001850296393968165,3.997381645604037e-05,8.617986168246716e-06,1.6767813576734625e-05,8.76007106853649e-06,0.01145196333527565,8.412878742092289e-06,3.961651600548066e-06,4.188618277112255e-06
590,0.0018913011299446225,0.004570133052766323,0.004412888083606958,0.00029421065119095147,0.007309925276786089,0.002131296554580331,2.1641122657456435e-05,0.0003149814438074827,5.4324714255926665e-06,8.097024692688137e-05,3.335597739351215e-06,4.705174433183856e-06,1.1023568731616251e-05
591,0.0010158519726246595,0.0020389785058796406,0.0009755150531418622,0.0019683733116835356,0.0015348456799983978,0.000921940547414124,1.571559187141247e-05,6.979542376939207e-06,0.0031130751594901085,0.0015694492030888796,5.027172846894246e-06,0.0007499763160012662,7.559452797067934e-07
592,0.00019608631555456668,0.003078930778428912,0.002009461633861065,0.00026414336753077805,0.0004674071678891778,0.0032104430720210075,5.548291483137291e-06,3.241189233449404e-06,2.7430063710198738e-05,0.004666069056838751,0.003444996662437916,1.5172269058894017e-06,8.426390195381828e-06
593,0.0023386848624795675,0.0015629776753485203,0.0006812041974626482,0.0003303776611573994,0.00046117056626826525,0.004098360892385244,1.6405996575485915e-05,1.7524336726637557e-05,4.883657766185934e-06,9.971961844712496e-06,5.651199899148196e-06,7.625334887961799e-07,3.173732920913608e-07
594,0.0004017631581518799,0.0001241393038071692,0.0020850342698395252,0.005609337706118822,0.0022868909873068333,1.038247410178883e-05,1.3155255146557465e-05,1.8731043383013457e-05,1.8278418565387256e-06,0.003366956254467368,0.007403016556054354,2.30311275117856e-06,1.8677485513762804e-06
595,0.0011650678934529424,0.0019700382836163044,0.0019725344609469175,4.608421659213491e-05,0.0022679083049297333,2.4061369913397357e-05,0.0007853841525502503,0.002538602100685239,2.562243207648862e-05,1.1908428859896958e-05,1.9159240309818415e-06,3.7179306673351675e-06,2.2091577989158395e-07
596,0.0013131635496392846,0.002518286230042577,0.0009688992286100984,2.766211036941968e-05,0.0002619636070448905,0.0010424705687910318,1.1000041013176087e-05,8.24844537419267e-05,0.004820538219064474,0.00241989828646183,0.0029140254482626915,7.301868663489586e-06,5.221019364398671e-06
597,0.0005027335719205439,0.0008997567347250879,0.0007342271856032312,0.0030346382409334183,0.0025458703748881817,0.0014661808963865042,0.0006354714278131723,5.818660611112136e-06,9.89607769952272e-07,0.005268307868391275,0.0037696307990700006,1.3265612608392985e-07,0.00265618902631104
598,0.0008690107497386634,0.004535060841590166,0.0005024881102144718,1.2085810340067837e-05,0.003914128057658672,0.000750922888983041,2.4916630536608864e-06,6.3237748690880835e-06,0.000749208265915513,0.004916530102491379,0.008585609495639801,9.212196346197743e-06,1.9019556930288672e-05
599,0.0012016274267807603,0.00177903869189322,0.0014335762243717909,0.0005364820826798677,0.0007036523311398923,0.0015158316818997264,0.0018276063492521644,2.8822472813772038e-05,2.3043171495373826e-06,0.0024902462027966976,0.00493268296122551,5.613471216747712e-07,0.005358914379030466
600,0.00046329977340064943,0.0003128233947791159,0.00394908944144845,0.0012807842576876283,0.005095283500850201,0.00739439157769084,0.0010760208824649453,0.003142134053632617,3.897956958098803e-06,1.3606814718514215e-05,0.0022082035429775715,2.4988051450236526e-07,0.01245445478707552
601,0.0016511257272213697,0.0014716797741129994,0.0010401257313787937,3.127846139250323e-05,0.0051589165814220905,0.000417348463088274,0.00015055312542244792,0.009283861145377159,3.850149369100109e-06,3.956552518502576e-06,4.784028533322271e-06,3.6997296319896122e-06,9.746922842168715e-06
602,0.0005064168944954872,0.0007914704037830234,0.0010684458538889885,0.004052263684570789,0.0010712849907577038,6.16852194070816e-05,2.8795329853892326e-05,4.840869951294735e-05,0.0021326644346117973,0.0029944642446935177,0.003023367142304778,7.744692425148969e-07,0.012396161444485188
603,0.001483085798099637,6.350622425088659e-05,0.00022696128871757537,0.0029841868672519922,8.466196049994323e-06,0.0007475755410268903,8.39182973777497e-07,4.514000920607941e-06,0.006881267763674259,8.956988040154101e-07,3.0544529749931826e-07,0.0015802187845110893,1.8234689491691825e-07
604,0.001567394589073956,0.0006922277971170843,0.0005892510525882244,0.0012771955225616693,0.002473602071404457,5.657011206494644e-05,1.522998991276836e-05,2.8534925604617456e-06,0.002409933600574732,0.00012027179764118046,0.003824798157438636,2.1144681738860527e-07,2.7861824491992593e-06
605,0.0008266266668215394,0.0005513694486580789,0.0005055060028098524,0.00037859613075852394,0.0015321181854233146,0.00022234005155041814,3.120866313111037e-05,0.005815567448735237,1.7747655874700285e-05,4.331911259214394e-05,0.006149000953882933,1.3029301726419362e-06,1.6870243371158722e-06
606,0.001287390710785985,0.00044708698987960815,0.0019266413291916251,0.00345432641915977,0.002214619657024741,0.00039180167368613183,4.798608279088512e-05,0.0038624275475740433,2.1121006284374744e-05,3.700932938954793e-05,0.002686168998479843,6.249301350180758e-06,0.008376238867640495
607,0.0010307360207661986,0.0016484239604324102,0.0006688224384561181,6.323067282210104e-06,0.002284270478412509,2.358492201892659e-05,4.63152628071839e-06,2.296854290761985e-05,5.9951948969683144e-06,1.247641739610117e-05,0.0060889688320457935,0.0095603596419096,0.008969542570412159
608,0.0007061421638354659,0.0011293067364022136,0.0008436464122496545,0.0010484607191756368,0.000266407267190516,0.002298697829246521,4.84770043840399e-06,1.9634526324807666e-05,0.005278414580971003,3.5820230550598353e-06,0.004084606189280748,9.735903461205453e-08,7.969129569573852e-07
609,0.0006486336351372302,0.00492017762735486,0.0008861962123773992,0.00030867510940879583,0.0017509058816358447,0.0012384592555463314,2.2680113033857197e-05,1.0630988072080072e-05,1.374786916130688e-05,0.01101195439696312,2.8352527806418948e-05,4.131891273573274e-06,1.383621111017419e-06
610,0.0013187862932682037,0.0026426471304148436,0.0009104774217121303,0.0010097408667206764,0.0005012252950109541,0.00010592339822323993,0.00025654243654571474,2.8649219530052505e-05,0.0003775478689931333,0.0025060244370251894,0.008170435205101967,2.397006483079167e-06,0.006202062126249075
611,0.001931012375280261,0.0005371712031774223,0.0031040040776133537,0.003139591310173273,0.006383255589753389,9.765721915755421e-05,0.00021068312344141304,0.0016066910466179252,5.0965423724846914e-05,0.0017712278058752418,1.5340186791945598e-06,1.380340563628124e-06,1.7051776239895844e-06
612,0.0016364739276468754,0.00018353777704760432,4.991810055798851e-05,6.120653415564448e-05,0.0027946222107857466,0.0013633861672133207,2.4951611976575805e-06,2.3350097762886435e-05,0.001256482326425612,4.365460426924983e-06,0.0033999746665358543,0.005589593201875687,3.840167664748151e-06
613,0.0013974829344078898,0.001065166899934411,0.0015982382465153933,0.0030295620672404766,0.002479395130649209,0.0004131137393414974,7.020797170298465e-07,2.4332521206815727e-06,1.3767496966465842e-05,0.0009807171300053596,9.099922317545861e-05,0.012329904362559319,0.01420997828245163
614,0.000814302358776331,0.001913096639327705,0.0009858474368229508,0.0021695918403565884,0.002210056409239769,0.0011107083410024643,0.000493168830871582,4.507896301220171e-05,3.152738372591557e-06,0.007630966138094664,0.0004508357960730791,2.7939955771216773e-07,1.1257296137046069e-05
615,0.0013572179013863206,0.0028591377194970846,0.0009194553713314235,0.001093401457183063,0.0002467021404299885,0.0024656839668750763,2.7842475901707076e-05,9.986479562940076e-05,0.0013691199710592628,0.004825737327337265,0.008777547627687454,2.7700909413397312e-05,0.00011192725651198998
616,0.0010098607745021582,7.720256689935923e-05,0.0004254929081071168,0.0019454185385257006,0.005161655135452747,7.274484232766554e-06,1.1712599189195316e-05,2.6033978883788222e-06,4.21384447690798e-06,9.552544725011103e-06,0.0008012076723389328,2.1329350374799105e-07,6.065426418899733e-07
617,0.001029719365760684,0.0028709403704851866,0.001108339405618608,0.00404934911057353,0.0007617673836648464,0.0005279294564388692,2.240088861071854e-06,1.909914089992526e-06,0.0006989712128415704,0.008278083987534046,6.566988304257393e-06,0.00283528002910316,1.0115492159457062e-06
618,0.00029611948411911726,0.002554695587605238,0.0008883644477464259,0.0002870078315027058,0.0020495785865932703,0.0024240445345640182,0.0012382603017613292,8.655341844132636e-06,5.911314246986876e-07,0.0045616342686116695,4.770913051288517e-07,4.306460823499947e-07,7.180486818469944e-07
619,0.0017760656774044037,0.0018110099481418729,0.001973062986508012,0.0021905445028096437,0.0023755538277328014,0.0024726625997573137,7.252356590470299e-05,7.187077426351607e-05,0.0029441360384225845,1.5193227227427997e-05,5.608730134554207e-06,4.51727328254492e-06,7.116367669368628e-06
620,0.0015409673796966672,0.0021058041602373123,0.0007470715790987015,2.3015885744825937e-05,6.206880698300665e-06,0.004919895902276039,2.488939389877487e-05,9.989127647713758e-06,0.0014972893986850977,1.1197292906217626e-06,1.2195810086268466e-06,0.005181547254323959,6.612501692870865e-07
621,0.0005906136939302087,0.001577455084770918,0.0010495256865397096,7.904840458650142e-05,0.0006559616304002702,0.0036610167007893324,0.001213587005622685,0.004264022223651409,2.4387416033277987e-06,5.573642556555569e-05,3.196499164914712e-05,4.170861700458772e-07,0.002318571787327528
622,0.0010324956383556128,0.0007635438814759254,0.0008542938157916069,0.0018158378079533577,0.0014473700430244207,0.0008869760204106569,3.689552386276773e-06,6.580048193427501e-06,0.0009197402978315949,7.813716365490109e-06,8.194847396225668e-07,1.873991209322412e-06,9.07796334104205e-07
623,0.0009268600842915475,0.0013260409468784928,0.003024179255589843,0.001073149498552084,0.000793199404142797,3.6904373246215982e-06,0.0011089739855378866,0.0024146009236574173,2.3854403480072506e-05,5.0500151701271534e-05,4.647987589123659e-05,7.047558938211296e-06,2.5654582714196295e-05
624,0.0013869191752746701,0.0017565946327522397,0.00128936895634979,0.003521954407915473,0.00010271244536852464,0.00027909307391382754,0.00011208026990061626,2.576135375420563e-05,0.0058510443195700645,0.001748176640830934,1.9150982097926317e-06,0.0018696278566494584,1.2089271876902785e-06
625,0.002563689136877656,0.001402367022819817,0.0007581536774523556,0.0018525774357840419,0.002355381613597274,0.004159071017056704,2.0573128495016135e-05,4.6648678107885644e-05,0.004180216696113348,8.416591299464926e-06,3.0907867767382413e-06,1.2883894669357687e-05,1.876103397080442e-06
626,0.002285829046741128,0.0008254451677203178,0.0006667469860985875,0.0027102590538561344,0.002073499606922269,5.764863090007566e-05,1.3112447959429119e-05,2.972768015752081e-06,2.659201345522888e-05,0.0005358641501516104,0.003720818320289254,3.573922526811657e-07,0.0005964158335700631
627,0.0010965350084006786,0.0007640711846761405,0.0006884695612825453,0.002184448763728142,0.000785216863732785,0.00013184799172449857,1.3629010936710984e-05,4.546227501123212e-05,0.002974362578243017,0.003728951793164015,0.0012307622237131,1.5661659347188106e-07,1.4254578672989737e-06
628,0.0011141105787828565,0.0018775993958115578,0.002342123305425048,0.001695477869361639,0.0004003415524493903,0.0042100767605006695,6.162548288557446e-06,6.345263045659522e-06,0.0006602563662454486,9.95608661469305e-06,0.0037735095247626305,1.0160350711885258e-06,0.018920283764600754
629,0.0022326011676341295,0.0023932941257953644,0.0007440366898663342,0.0004743555618915707,0.0014242584584280849,0.000517339794896543,2.164971192541998e-05,0.006474572699517012,5.7351884606759995e-05,7.981540875334758e-06,1.4862534044368658e-05,9.12343239178881e-07,4.809334654964914e-07
630,0.001525410800240934,0.0012977573787793517,0.0006928148795850575,0.0006056890706531703,0.0016411376418545842,0.0008554994128644466,8.332426659762859e-07,1.651712773309555e-05,0.009409463033080101,0.0034916161093860865,7.273601454471645e-07,7.645665505151555e-07,1.7109472310039564e-06
631,0.0010954377939924598,0.0016273532528430223,0.008811389096081257,6.277950888033956e-05,0.0029560544062405825,6.378391844918951e-06,4.045832611154765e-05,2.8305237719905563e-05,2.4947672500275075e-05,8.900296052161139e-06,2.76037426374387e-05,3.979801476816647e-06,4.505425295064924e-06
632,0.0010137609206140041,0.0018815406365320086,0.0023034345358610153,0.0006254111067391932,5.76880484004505e-05,0.0011530379997566342,8.768342013354413e-06,8.746806088311132e-06,7.018390988378087e-06,1.880319723568391e-05,6.920495707163354e-06,9.309482038588612e-07,5.044381055085978e-07
633,0.0010487844701856375,0.0013626241125166416,0.0006379540427587926,0.0006119696772657335,0.0002053132775472477,0.002915129065513611,0.001124576898291707,0.001008000341244042,0.015328004024922848,9.918080650095362e-06,0.0038601860869675875,1.1107331374660134e-06,4.99689349453547e-07
634,0.001221733633428812,0.0021137187723070383,0.000969919899944216,0.00037301608244888484,0.00570832472294569,0.00012716058699879795,0.0005667214863933623,0.0006433688686229289,2.0673766698564577e-07,1.5391162378364243e-05,5.624743835141999e-07,1.221834935449806e-07,2.214337428085855e-06
635,0.0017289458774030209,0.004174044355750084,0.0012576578883454204,0.0010323808528482914,0.0031389817595481873,0.002817051950842142,1.7902792706081527e-06,4.490381343202898e-06,1.883403274405282e-05,0.0029282320756465197,0.00048776777111925185,2.6225329747830983e-06,6.275510600062262e-07
636,0.0010147352004423738,0.000472079060273245,0.000598858343437314,6.907117494847625e-05,0.004384470172226429,0.0008167994674295187,0.00027988626970909536,0.004545297939330339,3.976760126533918e-06,3.3710796287778066e-06,1.2790634400516865e-06,4.141290048664814e-07,1.202751832352078e-06
637,0.0010420148028060794,0.0010707038454711437,0.0006946916109882295,0.0005827152635902166,0.0013571573654189706,0.00808575190603733,1.3156559361959808e-05,1.962184251169674e-05,0.005827441345900297,7.23832181392936e-06,4.9061686695495155e-06,2.5338073101011105e-05,3.1890531317912973e-06
638,0.001080010668374598,0.00010788101644720882,0.0010828759986907244,0.000733907159883529,7.13500048732385e-05,0.001811512978747487,4.492313746595755e-05,1.5267522030626424e-05,0.0036471246276050806,9.83648806140991e-06,2.1986591036693426e-06,0.008144918829202652,8.930854164646007e-06
639,0.00010710024071158841,0.002641021041199565,0.0027025011368095875,0.0012690905714407563,0.00043756229570135474,0.002726988634094596,2.0794863303308375e-05,2.221829618065385e-06,4.881534550804645e-06,4.229716978443321e-06,0.008746637031435966,2.5199760784744285e-06,0.013539498671889305
640,0.0009159792098216712,0.0018667540280148387,0.0028946520760655403,0.0004014941514469683,0.005842281971126795,0.0013389496598392725,1.8706394257606007e-05,0.00013229098112788051,0.005847173277288675,1.8597715097712353e-05,1.2071689525328111e-05,0.0035889388527721167,1.970381845239899e-06
641,0.000847486371640116,0.0033824986312538385,0.0012717224890366197,0.0005171051598154008,0.0016275488305836916,0.004201708827167749,7.434384315274656e-06,1.6570154457440367e-06,0.00020036165369674563,0.0034844574984163046,1.117256124416599e-05,6.499986739072483e-06,0.005846433341503143
642,0.0011639493750408292,0.00032096353243105114,0.0003197125915903598,3.568416286725551e-05,0.0030902125872671604,0.002244025468826294,1.941700429597404e-05,3.253512113587931e-05,0.005305626895278692,1.4598641428165138e-05,1.541883193567628e-06,7.77319110056851e-06,2.9307493605301715e-06
643,0.00152023124974221,0.0017131546046584845,0.0013944392558187246,0.0025504131335765123,0.0016099654603749514,0.0020735152065753937,0.00012133506243117154,5.417428837972693e-05,0.004802667070180178,5.096131644677371e-05,3.6888548038405133e-06,0.003310732776299119,7.586235824419418e-06
644,0.002114478964358568,0.0018854339141398668,0.0007895823800936341,0.0013558747014030814,0.0001265664614038542,0.00036792809260077775,1.2692910786427092e-05,2.1712183297495358e-05,0.010440392419695854,5.710558980354108e-05,0.00451827934011817,2.7646476155496202e-05,3.34223591380578e-06
645,0.0020012925378978252,0.0008528224425390363,0.0016664608847349882,0.00527753122150898,0.00169545563403517,0.00027317157946527004,4.6550308070436586e-06,1.5007294678071048e-06,0.005172439385205507,0.002528616227209568,5.15388865096611e-06,5.983721393931773e-07,1.0771146662591491e-05
646,0.001947216223925352,0.0008101153653115034,0.0003682014357764274,1.9554110622266307e-05,0.0014955345541238785,0.0053740376606583595,3.0516517654177733e-05,6.257618224481121e-05,0.0013450895203277469,2.0899526134599e-05,0.004278106614947319,5.726361109736899e-07,0.013271240517497063
647,0.0014655814738944173,0.0012486039195209742,0.0018705574329942465,0.0023863264359533787,0.00027635303558781743,0.0019852486439049244,0.00038018194027245045,0.001352414838038385,0.0034519750624895096,1.527305539639201e-05,4.079473001183942e-06,1.238032723449578e-06,2.712695504669682e-06
648,0.0011298146564513445,0.0020688697695732117,0.0006111207767389715,4.136227289563976e-05,0.0048336307518184185,0.0052573466673493385,0.0005692000850103796,0.002553308615460992,1.8722705135587603e-05,4.462612923816778e-05,0.004960028920322657,6.4861224018386565e-06,2.7140188763041806e-07
649,0.0012634068261831999,0.0006303406553342938,0.002327239839360118,0.0033664025831967592,0.0035380932968109846,0.0043474105186760426,9.076943570107687e-07,4.866323433816433e-05,0.0048258318565785885,5.746619081037352e-06,0.004067039117217064,4.366671646494069e-07,1.2012352499368717e-06
650,0.001980334986001253,0.0029861093498766422,0.0008309514378197491,0.0004875708546023816,0.00022783233725931495,0.0019122919766232371,4.529436864686431e-06,1.4316469787445385e-05,0.00011056051152991131,4.8903777496889234e-05,0.004818355664610863,0.008574952371418476,7.900377568148542e-06
651,0.0010364755289629102,0.0006881580338813365,0.000393562251701951,7.074766017467482e-06,0.0015978914452716708,0.0024649035185575485,0.0012451661750674248,5.338688424672e-05,4.828078090213239e-06,1.0639506626830553e-06,1.4960000953578856e-06,3.337571001793549e-07,5.517927661458089e-07
652,0.0018647953402251005,0.0024936478585004807,0.0017286061774939299,0.0031520596239715815,0.0002463395067024976,9.333863999927416e-05,0.0002979184209834784,9.2870403022971e-05,8.711571126696072e-07,2.5923109205905348e-05,0.012651614844799042,4.401405021781102e-06,5.587267423834419e-06
653,0.0009335686918348074,0.001461345236748457,0.001016803551465273,0.0021594746503978968,0.00039100743015296757,0.0017683393089100718,5.180172229302116e-05,1.0942343578790314e-05,0.0024706139229238033,0.004156032577157021,8.391107257921249e-06,5.939822926848137e-07,7.309581633307971e-06
654,0.001315186731517315,0.0030299362260848284,0.0024018443655222654,0.0006039183354005218,5.827700806548819e-05,0.002520690904930234,1.554849950480275e-05,7.5579860094876494e-06,0.00018893131345976144,2.050942202913575e-05,2.7849400794366375e-06,1.24990435779182e-06,6.11462553479214e-07
655,0.0009402813739143312,0.0026757020968943834,0.0011895607458427548,0.0012957305880263448,0.004243146628141403,2.454753303027246e-05,0.0018240002682432532,0.0001329722290392965,1.0324387403670698e-05,2.645141830726061e-05,0.011186016723513603,7.794336056576867e-07,9.522916116111446e-06
656,0.0018076120177283883,0.001064521144144237,0.0012421907158568501,0.0019726711325347424,0.0023095288779586554,0.004471042659133673,0.0018313390901312232,0.001446429523639381,5.0586149882292375e-06,1.9478782633086666e-05,1.121665263781324e-05,2.4346375084860483e-06,0.0229459498077631
657,0.0009855502285063267,0.0005451948964037001,0.001557923504151404,0.000469174818135798,0.0006982801132835448,0.004441168624907732,0.0006957348668947816,3.774613287532702e-05,6.484332857326081e-07,3.5191919778299052e-06,0.0010323756141588092,5.9295814480719855e-08,9.24361927445716e-07
658,0.0008582221926189959,0.0007891353452578187,0.0012914807302877307,0.003549835877493024,0.0032318716403096914,4.968252687831409e-05,2.4078462956822477e-05,1.465373225073563e-05,4.7602163249393925e-05,2.0786343156942166e-05,0.020695434883236885,9.4247061497299e-06,7.943917808006518e-06
659,0.0007696088287048042,0.000926915614400059,0.0009441403672099113,0.0029326097574084997,0.0005496015073731542,0.002070509595796466,7.898969670350198e-06,7.64881633585901e-07,1.8780021491693333e-05,0.0027218598406761885,5.819059083478351e-07,3.61114331326462e-07,5.832296778862656e-07
660,0.000655250798445195,0.0012363812420517206,0.0013395395362749696,0.004463383927941322,0.0010489030973985791,5.536435128306039e-05,3.792485222220421e-05,0.004946069326251745,3.041403033421375e-06,0.004574630409479141,0.006426285021007061,3.98720567318378e-06,0.006609205622226
661,0.0008341619395650923,0.0004926334368065,0.0005141263827681541,0.002366048749536276,0.0016297772526741028,0.0030644540674984455,1.8429220290272497e-05,3.83635560865514e-05,6.657964604528388e-06,7.49970558899804e-06,0.0034735314548015594,6.667262368864613e-07,5.349595539883012e-06
662,0.0014843175886198878,0.0018019028939306736,0.002127713756635785,0.001371552818454802,0.0008273363346233964,0.0004815222346223891,0.0004614103527273983,0.001990092918276787,0.0023129370529204607,0.0011846278794109821,0.0030234551522880793,1.1571228242246434e-06,0.015614341013133526
663,0.0008092192583717406,0.0012486078776419163,0.0002852128236554563,4.5762667468807194e-06,0.0018590005347505212,0.0023634424433112144,6.865938303235453e-06,3.284293597971555e-06,5.849813078384614e-06,1.8428347175358795e-05,0.004307461902499199,2.87860700609599e-07,2.5204833491443424e-06
664,0.0019720864947885275,0.0028729229234158993,0.0026642256416380405,0.0026277638971805573,8.570340287405998e-05,0.003852016059681773,9.325332030130085e-06,2.5630820346123073e-06,0.0016211043111979961,0.0029332167468965054,1.4716218174726237e-05,2.016326789089362e-06,2.419986913082539e-06
665,0.002043315675109625,0.0016447476809844375,0.0010095209581777453,0.0016708467155694962,0.0017567593604326248,0.0001314721448579803,4.3083950913569424e-06,3.6022970562044065e-06,4.031148819194641e-06,0.000233339931583032,5.212127689446788e-07,3.2798893698782194e-06,2.290439397256705e-06
666,0.0012310093734413385,0.000966012361459434,0.0006612071883864701,0.0006207351689226925,0.0009075331618078053,0.0021164470817893744,3.7784184314659797e-06,1.0494744856259786e-05,7.695271051488817e-06,7.738623025943525e-06,4.974106673216738e-07,1.0483386176929343e-06,5.719582532037748e-07
667,0.0013448058161884546,0.0028362872544676065,0.0010984978871420026,0.001648616511374712,0.0011353848967701197,0.0030743384268134832,3.3486905977042625e-06,1.389340468449518e-05,0.002808775519952178,0.0052873664535582066,9.35736079554772e-06,2.6597674605000066e-06,0.0063469489105045795
668,0.0019257924286648631,0.0007531591691076756,0.0006013152305968106,0.0015060709556564689,0.0008982301806099713,0.0005388858844526112,2.137089177267626e-05,4.452223947737366e-05,3.795557131525129e-05,1.2598198736668564e-05,8.04690171207767e-06,0.020451169461011887,0.00489970576018095
669,0.0006168413674458861,5.2397579565877095e-05,0.0032392521388828754,0.0009420188725925982,0.003707433119416237,1.190332568512531e-05,5.188812065171078e-05,0.005867063533514738,1.1451173122623004e-05,7.194397767307237e-05,0.006934522185474634,2.0340780793048907e-06,2.8774722977686906e-06
670,0.0025769455824047327,0.0024278536438941956,0.0003722408728208393,5.886276085220743e-06,3.53617942892015e-05,0.002047967864200473,4.091008122486528e-06,1.5115120959308115e-06,0.0021583084017038345,2.5646484118624358e-06,3.5388509900258214e-07,0.012976440601050854,1.689666646598198e-06
671,0.0019167741993442178,0.0020116418600082397,0.0010315215913578868,0.00035254014073871076,0.0003495247510727495,0.0016704066656529903,0.0025450431276112795,0.0001415959995938465,3.739509338629432e-06,3.674936669995077e-05,0.005579069722443819,3.005001474321034e-07,2.6497564249439165e-05
672,0.001425861963070929,5.644711563945748e-05,0.002128374995663762,0.001906334888190031,0.005358213558793068,0.0029678684659302235,0.0001350647653453052,4.219089532853104e-05,2.0199919163133018e-05,1.4680734238936566e-05,5.364412572816946e-06,3.250543613830814e-06,3.34895867126761e-06
673,0.0011064998107030988,0.003357818815857172,0.0013390100793913007,0.002463294891640544,0.001488861977122724,0.0014308557147160172,3.1307514291256666e-05,9.737194886838552e-06,7.26661801309092e-06,0.010512205772101879,3.295215719845146e-06,6.042972700015525e-07,0.010632398538291454
674,0.0007513033924624324,0.004333218559622765,0.001161895110271871,0.003034431952983141,0.00595783581957221,1.933197199832648e-05,0.0038826812524348497,0.00045747400145046413,6.269027380767511e-06,0.01938595622777939,2.888032895498327e-06,6.540283266076585e-07,6.818021915933059e-07
675,0.0014094236539676785,0.0006374913500621915,0.00036869500763714314,4.106795313418843e-05,0.0014630780788138509,0.0004099666839465499,1.1663375516945962e-05,0.0026524015702307224,0.0017466825665906072,3.060619292227784e-06,0.002610215451568365,4.023309429612709e-06,6.003490398143185e-06
676,0.0006296673673205078,0.004586449824273586,0.003612417494878173,0.0013590847374871373,1.7343605577480048e-05,0.0010985417757183313,6.194481557031395e-06,1.948367753357161e-05,2.7262272851658054e-05,0.008374002762138844,0.003863058751448989,4.5064666664984543e-07,1.0304934221494477e-06
677,0.001575311878696084,0.0013995850458741188,0.0013334609102457762,0.002632147166877985,0.0018104746704921126,0.0006529138190671802,2.293753823323641e-05,5.532486738957232e-06,2.4927956474130042e-05,0.00217881565913558,0.00241377972997725,7.303801226044015e-07,1.1664336852845736e-05
678,0.0011730225523933768,0.0006858048727735877,0.0015081377932801843,0.002358557889238,0.0008210866362787783,0.0028478887397795916,3.046932033612393e-05,0.0003860628348775208,2.327201400476042e-06,1.2409501323418226e-05,2.178145905418205e-06,6.849080591564416e-07,1.6183034858840983e-06
679,0.0021745411213487387,0.003532405709847808,0.0029281238093972206,0.0008096911478787661,8.705183427082375e-05,0.002179786330088973,7.742330490145832e-05,7.590487803099677e-05,0.002463346580043435,5.276467345538549e-05,4.566457846522098e-06,2.3096695258573163e-06,5.572187092184322e-06
680,0.0007796945283189416,0.00014149630442261696,0.0006685136468149722,0.002465893281623721,0.004279641900211573,0.0038082050159573555,1.3047764696239028e-05,7.06327409716323e-06,5.058822353021242e-06,1.194172273244476e-05,0.0014004126423969865,0.0029006062541157007,0.004723255056887865
681,0.001326463301666081,0.0034170178696513176,0.000999370007775724,2.718922132771695e-06,0.0007593533373437822,0.0059412517584860325,2.2773616365157068e-05,0.00011562021245481446,0.0038869616109877825,0.00010465960804140195,4.961128524882952e-06,6.152276910142973e-05,8.775196874921676e-06
682,0.0007470269920304418,0.0010296674445271492,0.0004615969955921173,0.001697902916930616,0.00023569540644530207,0.00011005732812918723,1.3695916095457505e-05,2.960356869152747e-05,0.0053697009570896626,1.2576375411299523e-05,0.017585206776857376,0.007287465501576662,2.057222263829317e-05
683,0.0008339883061125875,0.00018147735681850463,0.0011467760195955634,0.0027252750005573034,0.0003595211310312152,0.006449023261666298,2.6895673727267422e-05,1.039737617247738e-05,3.10506766254548e-06,1.3091698747302871e-06,6.991663212829735e-06,5.527950293071626e-07,1.1096977914348827e-06
684,0.0011528709437698126,0.0021035848185420036,0.0010057411855086684,0.0004250877827871591,0.003034519264474511,7.1269014370045625e-06,0.0013337851269170642,1.2566976693051402e-05,1.7630378579269745e-06,0.002071844646707177,2.767134901660029e-05,1.798654238882591e-06,9.847019555309089e-07
685,0.0016232661437243223,0.0020732067059725523,0.0014806544641032815,0.0026292013935744762,0.0032932674512267113,0.00019762419105973095,7.823728810762987e-05,0.0005735616432502866,0.0056113433092832565,0.00430725933983922,1.0472912435943726e-05,5.149150638317224e-06,6.125332674855599e-06
686,0.001897238427773118,0.0006765403086319566,0.0007513431482948363,0.0009185143280774355,0.0024507935158908367,0.005276180803775787,6.552998911502073e-06,0.006597938947379589,0.002631679642945528,4.5017313254902547e-07,6.79065180975158e-07,0.012215136550366879,1.291519708956912e-07
687,0.0011832512682303786,0.005047161597758532,0.0015043664025142789,0.0028179350774735212,0.001641188864596188,0.0013267440954223275,9.536353900330141e-06,3.610441126511432e-05,7.007110980339348e-05,0.016529444605112076,7.480956810468342e-06,2.5897534214891493e-06,1.5556039443254122e-06
688,0.0009532248950563371,0.0016291537322103977,0.0008322119829244912,0.0011079090181738138,0.001991797238588333,0.0008244300843216479,8.719335892237723e-05,0.00139918876811862,8.675419849168975e-06,0.004052161239087582,2.372020162511035e-06,5.417045372269058e-07,1.9341330244060373e-06
689,0.0015117013826966286,0.0005541176069527864,0.000299955892842263,0.0011521736159920692,0.0026132494676858187,0.0003399804700165987,0.0001986071583814919,4.745396654470824e-05,0.00016835199494380504,9.6503958957328e-07,0.007854718714952469,0.009347573854029179,8.20260197542666e-07
690,0.0007240468985401094,0.002452294807881117,0.0015476321568712592,0.002173869637772441,0.00013929176202509552,0.0014619303401559591,0.0004098764038644731,0.004227195400744677,9.326287909061648e-06,0.0035927474964410067,1.4904385352565441e-05,5.798504503218282e-07,0.014544496312737465
691,0.0008202069438993931,0.00042618680163286626,0.008495355024933815,0.0028919910546392202,0.0023103521671146154,5.356903056963347e-05,0.0001678901753621176,1.200460519612534e-05,1.6778571080067195e-05,2.0418729036464356e-05,1.0019670298788697e-05,7.324402758968063e-06,4.858975444221869e-06
692,0.0022661995608359575,0.0025669860187917948,0.0005236791912466288,2.2688736862619407e-05,0.001767625450156629,0.0009669704013504088,8.048090421652887e-06,1.726607843011152e-05,3.292946757937898e-06,0.00023614191741216928,3.8444504752987996e-05,1.4604092029912863e-05,0.022031418979167938
693,0.0013608784647658467,0.0016934804152697325,0.0025404917541891336,0.0010388330556452274,0.000747305282857269,3.0915552997612394e-06,0.0035306087229400873,0.007376520428806543,4.288411219022237e-06,6.37691391602857e-06,0.00027909569325856864,6.810125228184916e-07,0.0047004614025354385
694,0.0007386202923953533,0.0009689181460998952,0.0011222395114600658,0.0008681582985445857,0.004861555527895689,0.0003977565502282232,2.604136898298748e-05,6.766469596186653e-05,2.4377222871407866e-05,0.0002774458844214678,0.0023898722138255835,4.049176368425833e-06,0.016682201996445656
695,0.0026156471576541662,0.001846018247306347,0.0018562448676675558,0.0027229192201048136,0.00030419774702750146,0.004375561140477657,2.368012246733997e-06,9.201055945595726e-06,0.0020722586195915937,4.439774784259498e-06,1.7449428924010135e-06,6.867668957966089e-07,3.178051883878652e-07
696,0.0011319746263325214,0.0022959907073527575,0.003149118972942233,0.00437129195779562,0.000416566472267732,0.0005556903197430074,9.697639325167984e-05,0.0018589060055091977,7.628675666637719e-05,0.008022633381187916,1.6037085515563376e-05,2.6215327579848235e-06,1.5399687981698662e-05
697,0.0015768511220812798,0.0007036174647510052,0.0010657381499186158,0.0008823513053357601,0.002462318167090416,0.0013064014492556453,2.2664049538434483e-05,0.00031969157862477005,3.751382610062137e-05,8.931335469242185e-05,0.0027494265232235193,0.00018617296882439405,4.213769716443494e-05
698,0.0006093414849601686,0.0008771002758294344,0.0013634745264425874,0.005519385915249586,0.003233850933611393,4.587336297845468e-05,0.0036551684606820345,0.00044326839270070195,1.683771188254468e-05,0.005130351521074772,2.4826929347909754e-06,9.97469101093884e-07,1.931210863403976e-05
699,0.0012412569485604763,0.0030434345826506615,0.003422240959480405,0.0014594594249501824,7.460299821104854e-05,0.0015155407600104809,8.301671186927706e-06,0.00257195089943707,5.660700480802916e-05,1.8605520381242968e-05,9.722778486320749e-06,4.5800490624969825e-05,1.5373104815807892e-06
700,0.0007424185168929398,0.0003409686323720962,0.0016931615537032485,0.0030643169302493334,8.587484626332298e-05,0.0006627096445299685,5.892844455956947e-06,8.88956492417492e-06,0.003344259923323989,2.2750471089239e-06,1.559476686452399e-06,9.402947966918873e-07,7.815457792048619e-08
701,0.0009538122685626149,0.002586626447737217,0.0008842870010994375,1.5114006600924768e-05,0.0015381657285615802,0.002497282810509205,1.3941300494479947e-05,1.9892302134394413e-06,0.0004833280108869076,9.59717872319743e-05,0.013044855557382107,1.6977312498056563e-06,0.0013849572278559208
702,0.0013711496721953154,0.000733176595531404,0.0003401193243917078,0.0012442971346899867,0.0019961469806730747,0.0026817743200808764,2.6644411263987422e-05,4.901895590592176e-05,0.0001540466764708981,2.6994368909072364e-06,2.6199779767921427e-07,1.7909979987962288e-06,1.3749538538831985e-06
703,0.0007909816922619939,0.0009794093202799559,0.0003953847335651517,0.0009347099694423378,0.0018471817020326853,0.0033745872788131237,1.936804073920939e-05,1.0715108146541752e-05,0.0016962775262072682,1.2018619599984959e-05,2.263192527607316e-06,4.083604835614096e-06,3.6014741908729775e-06
704,0.000881601998116821,0.003010013373568654,0.0008120189304463565,0.0003459097060840577,0.0007167856092564762,0.0007118377252481878,4.4029925447830465e-06,2.825755473168101e-05,9.955604036804289e-05,0.003777414793148637,0.005885735619813204,1.8222319795313524e-06,0.02813618816435337
705,0.0006001309957355261,0.0027270675636827946,0.0006994244176894426,0.000189754442544654,0.0021872862707823515,1.8867081962525845e-05,1.313044958806131e-05,5.963657531538047e-05,3.496899353194749e-06,0.006792771629989147,3.870121872751042e-06,2.349220949326991e-06,1.9281419554317836e-06
706,0.0027753699105232954,0.0030140760354697704,0.0015869231428951025,0.0019879236351698637,0.0027277383487671614,0.00013731613580603153,8.06768293841742e-05,0.0001328413636656478,1.5159122085606214e-05,1.4940862456569448e-05,2.931778681158903e-06,2.459575853208662e-06,4.608330641531211e-07
707,0.0013393992558121681,0.002671952359378338,0.004997889045625925,8.350000280188397e-05,0.0023251629900187254,0.0015230549033731222,4.355929559096694e-05,0.00020754731667693704,0.0030584505293518305,1.313760549237486e-05,3.693075086630415e-06,4.699560122389812e-06,1.5284035725926515e-06
708,0.0015042087761685252,3.746330548892729e-05,0.002968423068523407,0.005861797370016575,0.003698871470987797,0.0008395328768528998,3.208525595255196e-05,0.0024110153317451477,6.418433713406557e-06,3.829022716672625e-06,0.0006442380254156888,1.6910132671910105e-07,1.5457961808351683e-06
709,0.002607551869004965,0.00245596282184124,0.0010602332185953856,2.442045479256194e-05,0.0005257566226646304,0.00028257639496587217,0.001913246582262218,0.005140908993780613,2.5745796392584452e-06,2.2216770958038978e-05,1.9285298549220897e-05,3.591270115066436e-06,3.902472144545754e-06
710,0.0006599121261388063,0.0022209729067981243,0.0026368822436779737,0.0024459343403577805,0.0011609962675720453,3.1723211577627808e-06,3.305956852273084e-05,6.421840680559399e-06,1.533474232928711e-06,0.0038177890237420797,0.003397127380594611,1.5467124114820763e-07,3.3035591968655353e-06
711,0.0029424037784337997,0.0006101727485656738,0.0010256331879645586,0.0011186081683263183,9.534978016745299e-05,0.002549146767705679,0.0011523287976160645,0.0006723722326569259,4.771383373736171e-06,3.532419896146166e-06,1.4596975006497814e-06,1.52972893374681e-06,9.019705089485797e-07
712,0.0015213420847430825,0.0011744432849809527,0.0036467749159783125,0.0019131713779643178,0.0010547471465542912,0.004255190957337618,0.00014815450413152575,0.00032100145472213626,0.0009790509939193726,4.896302016277332e-06,0.011612895876169205,3.021636075573042e-06,8.674707714817487e-06
713,0.0009190973360091448,0.002199178794398904,0.0008376152254641056,6.0639678849838674e-05,0.001845669001340866,0.0004725298786070198,3.443773675826378e-05,7.941910553199705e-06,0.008351783268153667,0.0004020273045171052,0.006363526917994022,5.749995466430846e-07,5.024130587116815e-07
714,0.0007544043473899364,0.0004106852284166962,0.0015169254038482904,0.002351518487557769,2.341367007829831e-06,0.002215141663327813,4.808010203305457e-07,1.559348493174184e-05,0.004445983096957207,6.628589289903175e-06,2.7968411586698494e-07,5.545075964619173e-06,3.776705455038609e-07
715,0.0006002475856803358,0.0005054089706391096,0.0016104878159239888,0.0056719547137618065,0.0032561547122895718,0.0009534702403470874,0.0022798345889896154,0.004591238684952259,4.432849607383105e-07,0.006651065777987242,0.0010020144982263446,5.038525046074938e-07,3.185256900906097e-06
716,0.0004651289200410247,0.0033212804701179266,0.0011269593378528953,0.001828816020861268,0.0015331555623561144,0.0030340778175741434,0.00018955474661197513,0.00026541404076851904,9.735668754728977e-06,0.000737777620088309,0.02512478269636631,1.2022517239529407e-06,0.01622399501502514
717,0.0004864649963565171,0.000702628109138459,0.00041570779285393655,1.2080623491783626e-05,0.000415432034060359,0.0012667612172663212,0.0001232047361554578,0.002491454593837261,2.1225450836936943e-06,0.000131148291984573,0.0004477552429307252,3.227532090477325e-07,0.0021223779767751694
718,0.0004137810319662094,0.00038507027784362435,0.0016770311631262302,0.002833595499396324,1.7829743228503503e-05,0.001984846545383334,0.00012127930676797405,0.002106653293594718,1.2195703220641008e-06,1.3997805581311695e-06,2.805374833769747e-06,9.855501730271499e-07,4.111100793124933e-07
719,0.0011094685178250074,0.0004708220367319882,0.0026352149434387684,0.0011899909004569054,0.0032121804542839527,0.001144597539678216,5.910711479373276e-05,1.7825708710006438e-05,0.0003990691329818219,1.463332046114374e-05,9.314218914369121e-06,3.6288795399741502e-06,0.00040515876025892794
720,0.0010218439856544137,0.0018708285642787814,0.0008727123495191336,0.0023454504553228617,0.00015441236610058695,4.342940155765973e-05,2.0285515347495675e-05,1.845513361331541e-05,0.005195807199925184,0.005729865748435259,0.005009551998227835,4.85727639443212e-07,0.005617424845695496
721,0.0016450058901682496,0.0018135022837668657,0.001891360618174076,0.0030074594542384148,5.2885228797094896e-05,0.0022889578249305487,5.644595512421802e-05,2.3583606889587827e-05,0.013521543703973293,1.4030187230673619e-05,6.5845729295688216e-06,0.0003004198078997433,1.1477323823783081e-05
722,0.001094458857551217,0.00014452514005824924,0.0025029443204402924,0.003204839304089546,0.0031470037065446377,0.001479532802477479,1.639471338421572e-05,4.023480505566113e-05,2.1995372208039043e-06,8.666058420203626e-06,0.004791537765413523,8.320522510985029e-07,0.00587804289534688
723,0.0011297265300527215,0.001962127862498164,0.0008588786004111171,0.0017842230154201388,0.0032674584072083235,7.878329779487103e-05,5.565981336985715e-05,1.4499775716103613e-05,4.281811561668292e-05,0.0070851934142410755,0.0009985935175791383,1.5950031411193777e-06,0.0009656312759034336
724,0.0010620241519063711,2.3073082047631033e-05,0.0016610065940767527,0.0001658573019085452,0.0038323455955833197,0.0010314417304471135,3.4538875297585037e-06,5.041031545260921e-05,4.498761882132385e-06,4.412914677232038e-06,4.809364213542722e-07,6.926590572220448e-07,4.770325290337496e-07
725,0.0008030932513065636,0.000496071414090693,0.0006682769162580371,0.0029422638472169638,0.0012141953920945525,0.0016869264654815197,6.8816316343145445e-06,0.003942342475056648,4.078182973898947e-05,1.0365308298787568e-05,0.007168143056333065,2.4392403474848834e-07,4.063765118189622e-06
726,0.0021441858261823654,0.0033415851648896933,0.0010427385568618774,0.0004738123679999262,4.201924821245484e-05,0.003301314078271389,9.92719560599653e-06,3.801566708716564e-05,0.01521359384059906,9.113602573052049e-06,0.0009794606594368815,0.0002756252360995859,4.590971002471633e-06
727,0.0019138030475005507,0.0025303917936980724,0.0012623404618352652,0.0007074766326695681,0.0014892902690917253,0.0008551953360438347,2.3032998797134496e-06,1.2754720955854282e-05,0.002663912484422326,1.3640412362292409e-05,7.096775789250387e-06,0.0043098703026771545,3.9855655131759704e-07
728,0.0012908813077956438,0.0005259776953607798,0.0006921490421518683,0.002358528785407543,0.0018857799004763365,0.001410430995747447,6.268841730161512e-07,3.6802412068936974e-06,0.00512106716632843,2.886246193156694e-06,3.870573266340216e-07,1.0524040590098593e-05,1.0707262845244259e-06
729,0.0017476372886449099,0.0029694815166294575,0.001256445306353271,0.0022483309730887413,1.0627514711814001e-05,0.0019222403643652797,1.1393835848139133e-05,8.913802048482466e-06,0.0006327505107037723,0.0002906509907916188,1.496786467214406e-06,2.175004374294076e-05,3.444719141043606e-07
730,0.0013447862584143877,0.00038743033655919135,0.00028918642783537507,0.0005422569229267538,0.0031965691596269608,0.003030212363228202,2.520231282687746e-05,6.727429081365699e-06,0.00014351938443724066,1.2161097401985899e-05,0.0007432413985952735,2.3961927126947558e-06,0.012525942176580429
731,0.0013772709062322974,0.0019413639092817903,0.0005203681066632271,3.3827418519649655e-05,0.0012483402388170362,0.0029788671527057886,8.11794848232239e-07,9.261646482627839e-06,0.004164938814938068,5.844584848091472e-06,2.725291778915562e-07,0.001071897684596479,2.1467486988058226e-07
732,0.0006166176754049957,0.0012918569846078753,0.0006113109411671758,0.00029080972308292985,0.0020209974609315395,0.001922488329000771,0.001569463755004108,0.003284691832959652,1.0010208825406153e-05,0.0012081109452992678,0.002112733665853739,3.602190190576948e-07,1.0581874448689632e-05
733,0.0008320233901031315,0.0003685173287522048,0.0015140871983021498,0.002296339487656951,0.003148176008835435,0.0009189725969918072,0.0019059684127569199,7.661311428819317e-06,9.667820677350392e-07,0.0036209565587341785,8.048460585996509e-06,1.4068881171169778e-07,1.8652013977771276e-06
734,0.0019461727933958173,0.0012207903200760484,0.0007995836203917861,0.001559559372253716,0.0006554017891176045,8.132290531648323e-06,8.412162969761994e-06,3.90126442653127e-05,7.454821115970844e-06,0.0006445721373893321,0.002911206101998687,5.9125255802428e-07,2.265366492792964e-05
735,0.0017437927890568972,0.0024703312665224075,0.0006565559888258576,0.0009698657086119056,0.0018032784573733807,0.0058126626536250114,1.2078428881068248e-05,5.851626156072598e-06,0.0034190411679446697,5.414040060713887e-06,0.011880563572049141,0.0024077342823147774,4.175708090770058e-05
736,0.0025076032616198063,0.00127245276235044,0.00039232574636116624,1.747502392390743e-05,0.0003633999149315059,5.325939491740428e-05,1.8479096979717724e-05,1.6193727788049728e-05,5.102614522911608e-06,5.0870726227003615e-06,2.4291859972436214e-06,3.832692527794279e-06,9.080159543373156e-06
737,0.0019389374647289515,0.001813064911402762,0.00034406917984597385,4.3211824959143996e-05,0.0015538552543148398,0.003447118680924177,3.3004875149345025e-05,4.0626800910104066e-05,0.00048469158355146646,7.623138571943855e-06,4.448017534741666e-06,1.3161815331841353e-05,3.1630379453417845e-06
738,0.002227332442998886,0.0012139934115111828,0.002050998853519559,0.0016307266196236014,0.0012531450483947992,0.00014260112948250026,0.0013385434867814183,0.00035484827822074294,6.516764642583439e-06,5.19495879416354e-05,8.346127287950367e-06,6.51828997888515e-07,0.014011389575898647
739,0.0011081018019467592,0.005895695183426142,0.002703848760575056,0.0007102300296537578,0.0070400359109044075,0.0018942489987239242,1.4417635611607693e-05,5.9338249229767825e-06,0.0001524370745755732,0.008178415708243847,9.987430757973925e-07,3.313363663437485e-07,4.184098997939145e-06
740,0.0009876244002953172,0.003258416661992669,0.0015250941505655646,0.002841000212356448,0.0016736359102651477,0.0004746676713693887,6.481028685811907e-05,4.658137186197564e-05,1.8682333120523253e-06,0.009735938161611557,0.006562063004821539,7.628644880242064e-07,1.6231384506681934e-05
741,0.002583302091807127,0.0005592770176008344,0.0003067775396630168,8.703218190930784e-05,0.0006306032883003354,0.00043468401418067515,4.9726830184226856e-05,4.4563486881088465e-05,7.360602467088029e-05,7.037950581434416e-06,1.6984978401524131e-06,0.0016597833018749952,3.833500613836804e-06
742,0.0010110954754054546,0.002965120831504464,0.0008195852860808372,5.3613304771715775e-05,0.0037982668727636337,0.0019222485134378076,9.074688568944111e-05,4.0561604691902176e-05,1.643510040594265e-05,0.0047436365857720375,0.0023399963974952698,6.053920742488117e-07,0.004959991667419672
743,0.0014040005626156926,0.003501354483887553,0.0014408695278689265,0.0009405458113178611,0.0012777585070580244,0.0028150833677500486,7.149428256525425e-06,5.72139942960348e-05,0.0048342314548790455,1.0153891707886942e-05,1.5724231161584612e-06,1.3411179679678753e-05,4.3831272478200844e-07
744,0.0007357171853072941,3.6491812352323905e-05,0.0002730244887061417,0.0007611665059812367,0.0001508209970779717,9.056567250809167e-06,3.591815766412765e-05,2.721279770412366e-06,2.5583534807083197e-05,0.000111315785034094,1.3131008245181874e-06,1.502887698734412e-06,6.431322162825381e-06
745,0.0003117400628980249,9.084466000786051e-06,0.0002781387011054903,0.0010526515543460846,2.1092699171276763e-05,6.0686212236760184e-05,9.546685760142282e-06,2.5550567443133332e-05,2.1858770196558908e-05,7.400436743409955e-07,1.006358388622175e-06,3.413917966099689e-07,2.1203434243943775e-06
746,0.0003509517991915345,0.00021238897170405835,0.0009211329743266106,0.0013811218086630106,1.8555549104348756e-05,0.00027441041311249137,5.10136887896806e-05,4.579983578878455e-05,4.5920725824544206e-05,1.2114639503124636e-05,3.113154434686294e-06,1.106171680476109e-06,2.2698081920680124e-06
747,0.000694271526299417,2.8145072064944543e-05,0.0026351853739470243,0.00015159168106038123,2.1591466065729037e-05,6.826293429185171e-06,3.134649887215346e-05,0.00020261501776985824,4.906336016574642e-06,1.2046543815813493e-06,9.7613940397423e-07,6.815322990405548e-07,5.360700470191659e-07
748,0.0003562716010492295,0.0005156900151632726,0.00032480177469551563,0.0007495827740058303,3.9619615563424304e-05,0.0002781548537313938,1.5776740838191472e-05,7.108573754521785e-06,0.002686807420104742,6.449055945267901e-06,2.3166348910308443e-06,9.064181654139247e-07,6.964466479075782e-07
749,0.0006653703167103231,3.198419653926976e-05,0.0010228123283013701,0.00010923045920208097,3.5221797588746995e-05,0.00010267079778714105,5.1957300456706434e-05,1.9969493223470636e-05,6.708558430545963e-06,8.396600605919957e-06,1.4931978284948855e-06,2.404506858511013e-06,1.6685295349816442e-06
750,0.0007084588869474828,0.00045966869220137596,0.0004311606171540916,0.00012952314864378422,0.0003033229149878025,0.0002847589203156531,3.797083263634704e-05,3.233053212170489e-05,0.003594735637307167,2.451212640153244e-05,4.838085715164198e-06,5.823503101964889e-07,1.1215765880479012e-06
751,0.00026656812406145036,0.00022134362370707095,0.0003347232996020466,0.0015018964186310768,4.327521673985757e-05,0.0002460911637172103,0.0001961847156053409,1.0637159903126303e-05,3.7324368804547703e-06,6.9863585849816445e-06,1.4511157360175275e-06,2.4352414129680255e-06,4.3541345462472236e-07
752,0.0003640178474597633,0.0002489789912942797,0.0004839295579586178,0.001291249180212617,0.00011007417197106406,2.5359855499118567e-05,2.3433791284332983e-05,1.2542994227260351e-05,4.559942226478597e-06,7.01211365594645e-06,8.142524166032672e-06,3.7943927964079194e-06,7.588689186377451e-06
753,0.00014564822777174413,5.4496504162671044e-05,1.3969862266094424e-05,8.049511052377056e-06,2.332397889404092e-05,2.8061300326953642e-05,3.97668418372632e-06,1.096337427952676e-06,1.1653446563286707e-06,2.2526435259351274e-06,6.871727009638562e-07,2.5546492565808876e-07,2.806332076943363e-06
754,0.000953066919464618,7.77898239903152e-05,0.0012418910628184676,1.7684056729194708e-05,0.000233166225370951,1.0283777555741835e-05,0.0008107806206680834,0.00012083370529580861,2.5266976990678813e-06,3.461375672486611e-05,1.3989808849146357e-06,1.3784028851659968e-06,1.2757715239786194e-06
755,0.0005419095978140831,6.018942076480016e-05,0.00039046088932082057,0.0013415876310318708,3.458011633483693e-05,0.0006285433191806078,3.581116834538989e-05,3.6170338262309087e-06,2.562471490819007e-05,8.923507266445085e-06,2.272002575409715e-06,1.8073031924359384e-06,4.0441518649458885e-06
756,0.00018461600120645016,0.0002927366294898093,0.00026428556884638965,0.00040219121729023755,0.00014230677334126085,3.111168189207092e-05,2.201957386205322e-06,2.8894495699205436e-05,2.1855967133888043e-06,2.2495640223496594e-05,2.27767372962262e-06,1.4036692164154374e-07,3.7850184071430704e-06
757,0.00044083126704208553,0.0009640060598030686,0.0020713370759040117,0.0009192526922561228,5.8544304920360446e-05,2.5876021027215756e-05,5.808476635138504e-05,3.8454323657788336e-05,4.533049491328711e-07,3.333509084768593e-05,5.278900516714202e-07,2.1463185362335935e-07,2.917478013841901e-06
758,0.0001611175248399377,0.00029688881477341056,4.6459503209916875e-05,0.00010750208457466215,5.688186865882017e-05,0.00011761592031689361,1.8897635527537204e-06,0.0001011395434034057,0.0029246376361697912,6.307936473604059e-06,1.4060873354537762e-06,1.1804809219029266e-06,2.021567979682004e-06
759,0.0003132785495836288,0.00027253711596131325,0.00015795162471476942,0.00019519214401952922,3.0568895454052836e-05,3.088032826781273e-05,1.5767114746267907e-05,1.5001923202362377e-05,1.8425308780933847e-06,1.7446918718633242e-05,2.2927829377294984e-06,4.415954322212201e-07,1.949705108472699e-07
760,0.00012390046322252601,9.280379890697077e-05,0.00032358316821046174,0.0004929584683850408,1.7051333998097107e-05,2.4240905986516736e-05,3.4106193197658285e-05,0.002975533250719309,1.1848624126287177e-05,1.4339212611957919e-05,5.09505389345577e-06,4.031998287246097e-06,7.346450274781091e-07
761,0.00021326546266209334,0.00014182888844516128,5.2751835028175265e-05,9.32398597797146e-06,4.7224366426235065e-05,0.00016959304048214108,8.839216206979472e-06,3.58841716661118e-05,8.683623491378967e-06,1.8448949049343355e-05,9.323879908151866e-07,2.8619738259294536e-06,2.009912805078784e-06
762,0.0005534761003218591,7.766427734168246e-05,0.00011333517613820732,0.000137626426294446,9.582572965882719e-05,2.3513583073508926e-05,3.2543717679800466e-05,1.911354593175929e-05,5.680793947249185e-06,5.5477848945884034e-05,3.018420102307573e-06,2.551687430241145e-06,5.839431764798064e-07
763,0.0006534987478516996,0.0009137402521446347,0.00017888296861201525,7.328408537432551e-05,0.0004522948293015361,2.6746891307993792e-05,9.768224117578939e-06,2.144066456821747e-05,0.0006636471953243017,0.006098095327615738,5.973223693445107e-08,2.8906051738886163e-06,3.145320533803897e-06
764,0.0007678908878006041,8.11156933195889e-05,0.0004298429994378239,0.001773506635800004,5.171754673938267e-05,2.3912869437481277e-05,1.6955569662968628e-05,4.159420495852828e-05,2.7024393602914643e-06,3.5573539207689464e-05,9.906505056278547e-07,6.530454470521363e-07,5.912751817049866e-07
765,0.001039257156662643,0.0004771281674038619,0.005311695858836174,0.0005169655778445303,6.6821385189541616e-06,1.177858666778775e-05,0.0017022736137732863,8.478034578729421e-05,4.3278369048493914e-06,2.465274064888945e-06,3.651092299605807e-07,3.0682044780405704e-06,3.297639921129303e-07
766,0.000264409783994779,0.0001829054090194404,0.000335342570906505,0.0008578757988288999,3.244221079512499e-05,9.809742186916992e-05,7.449554686900228e-06,6.533354280691128e-06,0.001743212342262268,4.043982335133478e-05,6.061126782697102e-07,3.260205176047748e-06,4.260745356532425e-07
767,6.521819886984304e-05,0.0003062418836634606,0.00018726753478404135,3.269987792009488e-05,2.136169496225193e-05,0.00011523180000949651,2.595180603748304e-06,2.157593917218037e-05,7.55315886635799e-06,1.562409488542471e-05,2.9305040243343683e-06,1.6198551975321607e-06,7.472116863027622e-07
768,0.00023008612333796918,4.445745798875578e-05,0.0005365752149373293,0.0017421883530914783,6.945386849110946e-05,3.821905193035491e-05,3.7895133573329076e-05,1.8968772792504751e-06,9.126601980824489e-07,9.244011380360462e-06,3.770358034671517e-07,2.1298362753441324e-06,9.192867764795665e-07
769,0.0008654986741021276,0.00069179612910375,0.00028911500703543425,0.00048610608791932464,5.1483257266227156e-05,0.0005263782804831862,1.3137540008756332e-05,3.060247399844229e-05,0.00433709379285574,2.6154059469263302e-06,2.2442420686275e-06,8.067103181019775e-07,2.702118422348576e-07
770,0.0002913448552135378,0.00016167786088772118,1.4825478501734324e-05,5.045122634328436e-06,1.7465727069065906e-06,9.037400013767183e-05,9.05448632693151e-06,2.015064183069626e-06,0.005794506520032883,3.741019099834375e-06,2.072770683980707e-07,1.1849519978568424e-06,1.2199319598948932e-06
771,0.0005564606399275362,2.18997029151069e-05,0.00040254605119116604,0.0016410580137744546,0.00020875500922556967,2.5913903300534002e-05,1.5244883798004594e-05,4.716698640550021e-06,4.6390854549827054e-05,0.00030877659446559846,1.9158856048306916e-06,4.969111842001439e-07,2.445537802486797e-06
772,0.0001999918749788776,0.00032347626984119415,0.00017071436741389334,7.756879494991153e-05,9.72137859207578e-05,4.873131183558144e-05,4.07338802688173e-06,9.441722795600072e-06,1.0429374924569856e-05,2.2548176275449805e-05,5.757537451245298e-07,6.972334176680306e-07,9.774742011359194e-07
773,5.0940856453962624e-05,0.0003726934955921024,0.00037877645809203386,0.0009603001526556909,9.207748007611372e-06,4.469082341529429e-05,9.992516424972564e-06,1.0788309054987621e-06,0.008669225499033928,7.338873274420621e-06,4.03368767365464e-06,2.060315637208987e-06,3.6898160260534496e-07
774,0.0002777928311843425,0.00013924253289587796,0.0003336791996844113,6.50888032396324e-05,0.0002684164501260966,7.365131750702858e-05,0.0006389610935002565,4.388981687952764e-05,1.1578975318116136e-05,4.679874564317288e-06,1.496953473179019e-06,8.237863085014396e-07,9.029111538438883e-07
775,0.0004911306314170361,0.0003513436240609735,0.00024992425460368395,3.422159716137685e-05,0.00047969588194973767,1.2272455933270976e-05,0.0003937587607651949,7.433915925503243e-06,1.6210592548304703e-06,0.00017653907707426697,6.545751602970995e-07,5.33560125859367e-07,7.390284508801415e-07
776,0.0005278851604089141,0.0003132978454232216,0.000291112664854154,9.209612471750006e-05,6.629666313529015e-05,0.0002916398225352168,5.017692274122965e-06,1.476648776588263e-05,6.272361588344211e-06,4.025798261864111e-06,1.9279018488305155e-06,1.2306190910749137e-06,3.5462978758005193e-06
777,0.00017989087791647762,8.598838758189231e-05,0.0011300438782200217,0.002282011089846492,4.999064185540192e-05,0.00038992840563878417,2.2896787413628772e-05,5.449638410937041e-05,4.3091040424769744e-05,5.013451755075948e-06,2.1309747353370767e-06,1.1206592489543254e-06,1.1814146319011343e-06
778,0.0003272004541940987,0.000461055722553283,0.00027215536101721227,1.2781592886312865e-05,3.093758277827874e-05,0.000142635268275626,2.8390499210217968e-05,6.533049145218683e-06,0.003765961155295372,9.233430319000036e-06,1.944475798154599e-06,1.2580759403135744e-06,6.845622920081951e-06
779,0.0006489735096693039,0.00023827809491194785,0.0003136187151540071,0.0013169348239898682,1.7200187357957475e-05,6.710775778628886e-05,6.389220743585611e-06,2.0940255126333795e-05,8.92937350727152e-06,0.000143557830597274,6.070231961530226e-07,1.5415318443956494e-07,3.5312766613060376e-06
780,0.0001947920973179862,0.0002452078915666789,0.0002809130819514394,0.0009431808139197528,5.798183337901719e-05,0.00010471946734469384,1.6293079170281999e-06,3.204739186912775e-06,0.0009883171878755093,3.1529018542642007e-06,4.115654519409873e-06,8.189407481040689e-07,3.475569201327744e-07
781,0.00028033621492795646,0.00020124886941630393,0.00032163149444386363,0.0002390817244304344,9.221578693541232e-06,0.00011793975136242807,3.472722164588049e-05,1.545286795590073e-05,6.302702331595356e-06,3.429825301282108e-05,1.3067398185739876e-06,1.936580247274833e-06,2.9209106742200674e-06
782,0.00036351277958601713,2.451424916216638e-05,0.00015099594020284712,3.2213829399552196e-05,3.750215546460822e-05,4.10531647503376e-05,5.2249120017222594e-06,4.3783751607406884e-05,7.568239652755437e-07,2.896730620705057e-05,2.0165639398328494e-06,6.673038228655059e-07,1.5981750038918108e-06
783,7.272147195180878e-05,5.672232873621397e-05,0.0001879164483398199,0.0009759957902133465,4.941985025652684e-06,0.0001365500211250037,7.601913239341229e-06,3.2144791930477368e-06,4.617248123395257e-05,3.4518554912210675e-06,1.6729076378396712e-05,2.9629535447384114e-07,2.8257541089260485e-06
784,0.0006151641136966646,0.0001509907015133649,0.0001128163785324432,0.00019436102593317628,7.419516623485833e-05,3.33324060193263e-05,0.0009083462646231055,0.0003814278170466423,3.056175046367571e-05,1.732989403535612e-06,4.200203875370789e-06,3.909659085366002e-07,3.920399194612401e-06
785,0.0003685093251988292,5.3497897170018405e-05,0.00015993897977750748,0.0008029264281503856,3.241655940655619e-05,0.0004274487728253007,1.543477537779836e-06,1.541791425552219e-05,0.0024770733434706926,1.4594730600947514e-05,6.140098776086234e-07,4.2495084926486015e-05,2.7321453899276094e-07
786,0.0003355540393386036,0.00016906163364183158,0.00022526267275679857,0.0012295235646888614,1.3385176316660363e-05,0.00019426042854320258,7.277919849002501e-06,7.0426413003588095e-06,3.0506043913192116e-05,8.732527930987999e-06,2.0695285911642713e-06,7.2142534008889925e-06,1.2024604984617326e-05
787,0.00025417565484531224,0.00040559819899499416,0.00021799604292027652,0.0001855160080594942,0.0001177028170786798,0.00017488024604972452,7.330987136811018e-05,5.454955044115195e-06,0.003117531770840287,3.226370972697623e-05,2.2772717329644365e-06,7.313099104067078e-07,1.462585714762099e-06
788,6.276328349485993e-05,3.307527003926225e-05,0.0004428735701367259,0.002285652793943882,5.345116733224131e-05,2.0607687474694103e-05,7.454064325429499e-05,2.4815773940645158e-05,7.72793464420829e-06,0.0018228513654321432,5.862553280167049e-06,1.8522355560435244e-07,1.0204166756011546e-06
789,8.957005775300786e-05,0.0002713562862481922,0.00041040792712010443,0.0010606003925204277,4.10834290960338e-05,0.00011037119111279026,3.2014086173148826e-05,6.084328106226167e-06,0.0028948779217898846,1.5025918401079252e-05,1.9640138759768888e-07,2.2547874323208816e-06,2.9079612886562245e-06
790,0.00041225418681278825,2.7121579478261992e-05,0.0012404917506501079,0.003019270021468401,5.734697333537042e-05,2.088702422042843e-05,9.271735507354606e-06,2.2575436560146045e-06,1.758749749569688e-05,2.680926399989403e-06,9.327624184152228e-07,7.434152848873055e-07,1.291581384066376e-07
791,0.00018170231487601995,0.00013434106949716806,0.00031959041371010244,5.539083940675482e-05,4.923095912090503e-05,7.197572267614305e-05,0.000120003373012878,0.004451135639101267,5.900104224565439e-05,3.0027818866074085e-05,4.251145583111793e-06,7.884860337981081e-07,8.177330528269522e-06
792,9.60685356403701e-05,0.00036528886994346976,0.00011338415060890839,4.7348505177069455e-05,4.8581245209788904e-05,0.00010426594235468656,1.4096700397203676e-05,4.863815320277354e-06,0.0034511417616158724,1.1942275705223437e-05,3.1953388202055066e-07,3.4737496434900095e-07,7.277509666892001e-06
793,0.00023066987341735512,0.0004966685664840043,0.0004015830054413527,0.0005592140951193869,0.00022361498849932104,2.4545252017560415e-05,5.457089173432905e-06,3.598959665396251e-05,0.00010520732030272484,0.0002551945799496025,6.2986778175400104e-06,1.0432999033582746e-06,6.222297088243067e-06
794,0.00022573395108338445,0.00014068208110984415,0.0007500176434405148,0.002281483495607972,3.4612185118021443e-05,1.7786518583307043e-05,1.3993075071994099e-06,1.590493593539577e-05,3.330365416331915e-06,8.547670404368546e-06,3.4617978599271737e-06,1.4489744444290409e-06,1.2763591712428024e-06
795,0.00013443166972137988,0.0001938610803335905,0.0003474550903774798,0.0012830314226448536,2.389018663961906e-05,9.958286682376638e-06,0.000186971461516805,4.905296918877866e-06,5.993842478346778e-06,9.282155588152818e-06,2.7746223167923745e-06,3.293440897778055e-07,8.30543626761937e-07
796,0.000200256472453475,0.00010812275286298245,0.0003322002594359219,0.0012268450809642673,0.00028664589626714587,7.922608347143978e-05,0.00025099661434069276,8.89450529939495e-05,4.668821929953992e-06,4.415426155901514e-05,4.5455006329575554e-05,5.264329274723423e-07,2.541802587074926e-06
797,0.0003424735914450139,0.00016069419507402927,0.00023190441424958408,1.4723510503245052e-05,0.0005795466713607311,9.523696644464508e-05,3.530965477693826e-05,0.0002868878364097327,4.023363999294816e-06,4.293908932595514e-05,7.457659876308753e-07,2.163975523217232e-07,9.785522934180335e-07
798,0.0007399005116894841,8.938282007875387e-06,0.0004522886301856488,0.0012524923076853156,8.681618055561557e-06,0.0001609742466825992,9.896300070977304e-06,4.417629043018678e-06,3.125988087049336e-06,4.958016506861895e-05,6.88647196511738e-06,2.0037900867464487e-06,1.3819542346027447e-06
799,0.0012775022769346833,4.27651684731245e-06,0.0020854610484093428,0.0018995252903550863,8.837772838887759e-06,7.580721285194159e-05,2.7655407393467613e-05,1.68011956702685e-05,1.0762045121737174e-06,3.794655185629381e-06,7.198713092293474e-07,2.5183735488099046e-06,6.285729341470869e-07
800,0.0008332129218615592,0.0004165779973845929,0.00025120191276073456,0.0007599535747431219,3.9705402741674334e-05,4.438924588612281e-05,0.00038009529816918075,0.0004330452939029783,8.955669909482822e-05,4.237343819113448e-05,1.1388156963221263e-05,1.097925087378826e-05,6.169595963001484e-06
801,9.552126721246168e-05,0.00021877966355532408,0.0005419077933765948,0.00013279661652632058,0.0001142933324445039,0.00023452065943274647,2.1310037482180633e-05,1.2866405086242594e-05,8.235582754423376e-06,1.442504708393244e-05,5.614638666884275e-06,1.7507496750113205e-06,6.7243345256429166e-06
802,0.00046885557821951807,0.0003032147360499948,0.0002945425803773105,5.166198388906196e-05,0.00018854076915886253,0.0002783160307444632,0.0004886467941105366,6.239723006729037e-05,1.0177630429097917e-05,1.5430669009219855e-05,8.813943850327632e-07,5.39901463980641e-07,3.7236031857901253e-07
803,0.00035119528183713555,5.952848005108535e-05,0.0005034357309341431,0.0023712273687124252,3.2022366212913767e-05,3.3263986551901326e-05,2.266683804919012e-05,3.766394684134866e-06,8.784374585957266e-06,8.568367775296792e-06,4.442772933543893e-06,5.291660727380076e-07,2.872687900890014e-06
804,0.00034918179153464735,6.54409741400741e-05,0.00029806175734847784,0.0008778994670137763,5.912435153732076e-05,1.630450969969388e-05,5.532038994715549e-05,1.1088646715506911e-05,7.91358615970239e-06,3.823985025519505e-05,2.128322194039356e-06,1.2592402072186815e-06,9.012534860630694e-07
805,0.0013171343598514795,3.943243427784182e-05,0.0002547490585129708,0.00013250451593194157,1.3037324606557377e-05,2.118652810167987e-05,2.107185537170153e-05,0.0013452178100124002,7.68979759868671e-07,6.944936217223585e-07,2.4590451630501775e-07,3.0215770152608457e-07,1.3066023711871821e-06
806,0.000846577575430274,5.8554538554744795e-05,8.302384958369657e-05,3.353823922225274e-05,6.469361687777564e-05,7.288103915925603e-06,4.869069471169496e-06,6.129402754595503e-05,8.397178135055583e-06,2.500574055375182e-06,2.2937606445339043e-06,1.7213479850397562e-06,1.0134359627045342e-06
807,0.00044097748468630016,1.5080300727277063e-05,0.000583285465836525,0.0014184201136231422,4.517217166721821e-05,0.00012180110206827521,0.000841016648337245,0.0019183839904144406,1.1187703421455808e-06,4.875111699220724e-06,6.698845140817866e-07,1.6907084443573694e-07,3.4879747090599267e-07
808,0.0003217282355763018,7.146561983972788e-05,0.001832427573390305,0.001117608160711825,3.900352749042213e-05,7.69724792917259e-05,6.372018106048927e-05,9.084415978577454e-06,1.8531309251557104e-05,1.4076204024604522e-05,8.805550351098645e-07,1.600182741867684e-07,7.323757245103479e-07
809,0.0008265288779512048,0.0004754289402626455,0.000452796695753932,3.8848807889735326e-05,0.0004177433147560805,1.784874257282354e-05,3.812793511315249e-05,8.330753917107359e-05,5.396478172770003e-06,4.0343486034544185e-05,9.626074870539014e-07,2.239516334157088e-06,6.827143579357653e-07
810,0.0007484638481400907,1.8202212231699377e-05,0.00012190054985694587,0.0017317485762760043,2.0343786673038267e-05,5.7545137678971514e-05,7.03074010743876e-06,2.118668817274738e-05,3.6279182040743763e-06,5.082278948975727e-05,7.210816420410993e-06,3.116579421202914e-07,1.1967141517743585e-06
811,0.0004600996326189488,0.00043267206638120115,0.0004162667610216886,0.00011085883306805044,0.0001770574162947014,5.343716111383401e-05,0.0004901782376691699,6.965007742110174e-06,2.6452303245605435e-06,7.167035801103339e-05,3.288080051788711e-06,3.6848044260295865e-07,1.8513201212044805e-06
812,0.0002705026126932353,7.962035306263715e-05,0.0002566552138887346,5.1134469686076045e-05,7.42785632610321e-05,6.551911792485043e-05,2.8025212941429345e-06,8.049498865148053e-05,9.208711162500549e-06,1.6475389202241786e-05,1.48839092162234e-06,7.893750080256723e-06,5.028252871852601e-07
813,0.0009377850801683962,0.0010027908720076084,0.0005110647180117667,0.00015008515038061887,5.077182504464872e-05,0.0013934869784861803,6.152471905807033e-05,0.0004394071293063462,2.6292748316336656e-06,2.32762613450177e-05,8.984131909528514e-07,2.908788871991419e-07,1.5977566647507047e-07
814,0.0007440436165779829,8.000210073078051e-05,0.0004777339636348188,0.001410584314726293,9.031423360283952e-06,1.2073804100509733e-05,1.611165498616174e-05,1.1999289199593477e-05,1.6488917026435956e-05,1.0669329640222713e-05,2.73559180641314e-06,2.852196132607787e-07,3.0740901024728373e-07
815,0.0023099551908671856,0.00022166239796206355,0.00020424601098056883,2.8556112738442607e-05,8.803674063528888e-06,7.515156084991759e-06,3.461173264440731e-06,1.0272641475239652e-06,3.828444732789649e-06,4.009511030744761e-06,4.5286040517567017e-07,2.425507545922301e-07,2.448001851007575e-06
816,0.00034834680263884366,0.0001821301702875644,0.00027685906388796866,5.148523996467702e-05,0.00011496740626171231,2.6702977265813388e-05,3.6920358979841694e-05,0.0014889551093801856,2.9779951091768453e-06,7.043013283691835e-06,5.262586910248501e-06,6.400816232599027e-07,9.300148349211668e-07
817,0.00011106233432656154,6.893462341395207e-06,0.00206964579410851,0.0011505874572321773,1.269893709832104e-05,1.4514218491967767e-05,5.275910552882124e-06,0.0027259865310043097,2.6925556539936224e-06,2.3773516204528278e-06,9.381481618220278e-07,2.010182697631535e-06,7.869775799917988e-07
818,0.0004053878365084529,0.00011744148650905117,0.00019543162488844246,0.0007308468339033425,2.780530667223502e-05,0.00038842580397613347,1.7895708879223093e-05,4.0712438931223005e-06,0.0015320057282224298,0.00234604487195611,1.0838895150300232e-06,1.5995754438336007e-05,8.927742669584404e-07
819,0.0007069743587635458,0.0005714163416996598,0.000311443698592484,2.4795102945063263e-05,8.96666751941666e-05,0.00013649548054672778,2.67313516815193e-05,6.674814358120784e-06,0.001961239380761981,1.541066012578085e-05,4.100255921457574e-07,1.824597859467758e-07,5.196997108214418e-07
820,0.0008160311845131218,3.4423574106767774e-05,0.00018111185636371374,7.308520434889942e-05,6.505195779027417e-05,0.0019653441850095987,0.0022711153142154217,0.0021917447447776794,1.4327029020932969e-06,2.3003933165455237e-05,1.855985715337738e-06,1.2340807131749898e-07,3.6541443932947004e-06
821,0.00030824079294689,0.00021667916735168546,0.00029268788057379425,2.9985769288032316e-05,6.541277252836153e-05,6.063874388928525e-05,3.320294854347594e-05,0.003292932640761137,3.533540620992426e-06,4.543979957816191e-05,9.993223102355842e-07,1.2902719390694983e-06,6.083040261728456e-06
822,0.0005629178485833108,0.00048765158862806857,0.00035738988663069904,0.000151931366417557,0.00021088364883325994,0.00011038271622965112,0.00011656628339551389,0.002517751418054104,1.6003981727408245e-05,2.8126805773354135e-06,8.048026529650087e-07,5.019259106120444e-07,2.280435182910878e-06
823,0.0002540042332839221,0.00010447703243698925,0.0002783249656204134,0.0007772804819978774,0.00021754097542725503,1.6389785741921514e-05,1.0839120477612596e-05,3.692163954838179e-05,5.000452802050859e-06,4.762608659802936e-05,3.204178028681781e-06,6.190692261043296e-07,2.9037546482868493e-06
824,0.00026151537895202637,0.0005719046457670629,0.00035629153717309237,2.175657391489949e-05,3.0087165214354172e-05,0.00012761048856191337,9.454707651457284e-06,8.8086053438019e-06,0.006805163808166981,2.3435319235431962e-05,6.481641776190372e-06,2.354182015551487e-06,5.92602100368822e-06
825,0.0005953619256615639,1.772586415427213e-06,0.0007370800012722611,0.0023001963272690773,3.5167324767826358e-06,2.2173653633217327e-06,6.476919679698767e-06,8.155622026606579e-07,5.61462343284802e-07,5.141586825629929e-06,6.040727953404712e-07,4.6850186663505156e-07,2.391990676642308e-07
826,0.00012117132428102195,0.0002485363802406937,0.00035460040089674294,0.0008816716726869345,0.00011922264093300328,0.00013888908142689615,1.1338175681885332e-05,2.1730558728449978e-05,1.1947158782277256e-05,8.076584344962612e-05,8.08474032965023e-06,1.062630872183945e-06,1.12843463284662e-06
827,0.0002715591690503061,0.00042698520701378584,0.00027272733859717846,0.0009571220143698156,0.00010113402822753415,5.956924724159762e-06,2.5921974611264886e-06,9.288931323681027e-06,4.05616701755207e-05,8.043687557801604e-06,1.6915211745072156e-05,2.447574388497742e-06,9.727194765218883e-07
828,0.0005603805184364319,0.0003597922041080892,0.0005414237966760993,0.003414490493014455,7.717526750639081e-05,5.508188405656256e-05,1.3081904398859479e-05,0.00014632890815846622,0.004706385545432568,0.0029738573357462883,8.055139488760688e-08,3.1152393376032705e-07,3.0272997264546575e-07
829,0.0006835138774476945,0.00010989572911057621,6.252725142985582e-05,3.882758755935356e-05,3.520838072290644e-05,0.00012080236047040671,2.4977072826004587e-05,5.986663836665684e-06,0.002012667478993535,5.673253781424137e-06,5.4246397667157e-06,5.873581812920747e-06,1.0414906910227728e-06
830,0.00045093917287886143,0.0003325697034597397,0.000610897783190012,0.001574455644004047,2.5875646315398626e-05,0.0004427876556292176,3.942158218706027e-05,4.66780002170708e-05,0.00028801988810300827,2.6568284283712273e-06,4.424106009537354e-06,1.2278161420908873e-06,2.057423444057349e-06
831,0.00029432596056722105,7.40297618904151e-05,0.001302395248785615,5.673909618053585e-05,7.01872068020748e-06,7.636775990249589e-05,1.790160604286939e-05,3.548524182406254e-05,2.4521425075363368e-05,1.092507955036126e-05,5.455831342260353e-06,4.603803517966298e-06,2.998407808263437e-06
832,0.00038405266241170466,0.0004350597155280411,0.000667283427901566,0.0012955558486282825,9.437058179173619e-05,0.0003097277076449245,3.591473068809137e-05,0.0001817445590859279,2.2543996237800457e-05,5.215005330683198e-06,1.8164687389798928e-06,2.5951480893127155e-06,4.815439069716376e-07
833,0.0009771145414561033,0.000441164243966341,0.0002976747346110642,0.0014281559269875288,2.958898448923719e-06,0.0026553398929536343,9.160461331703118e-07,2.1382313661888475e-06,0.003130772151052952,7.168037541305239e-07,2.377863665969926e-06,3.937851147384208e-07,1.7789263040413061e-07
834,0.0003804656444117427,0.0005859684315510094,0.00040836192783899605,0.00023570992925669998,7.004835060797632e-05,0.0004042672517243773,9.261404920835048e-05,0.0007984107942320406,0.0020392611622810364,1.8273231034982018e-05,9.402974683325738e-06,5.394535037339665e-06,1.6991826896628481e-06
835,0.00045974701060913503,6.052384196664207e-05,0.00029415733297355473,2.585725269454997e-05,0.00019072729628533125,3.3272666769335046e-05,3.828786066151224e-05,0.002024042187258601,9.264073014492169e-06,1.6358147831851966e-06,2.303232349731843e-06,1.2174355106253643e-06,4.305176446450787e-07
836,0.00027026041061617434,0.0004322048625908792,0.00021879786800127476,7.142456888686866e-05,0.00010596047650324181,0.0002450129541102797,3.1463980121770874e-05,1.986893403227441e-05,0.00015332682232838124,4.376771903480403e-05,5.86454416406923e-06,9.333448929282895e-07,2.640154434629949e-06
837,4.390727190184407e-05,4.9465932534076273e-05,0.0005926604499109089,0.0004653192590922117,7.906108294264413e-06,4.059554703417234e-05,4.85682130602072e-06,2.138530180673115e-05,2.190771010646131e-05,1.7354138890368631e-06,7.223667125799693e-06,4.199986051389715e-06,3.1758206660015276e-06
838,0.00020430855511222035,9.262178355129436e-05,0.0005488644819706678,0.004424853250384331,2.9831224310328253e-05,8.842099487083033e-05,7.080979003148968e-07,3.4844954370782943e-06,3.150699194520712e-05,0.00235655065625906,7.523236149609147e-07,1.9433721263339976e-06,3.0788373805989977e-07
839,0.0005200570449233055,9.632146975491196e-05,0.000427809776738286,0.0001281772565562278,5.615370173472911e-05,1.0291479156876449e-05,0.00039060733979567885,0.0031544112134724855,5.0818678573705256e-05,2.704538928810507e-06,1.8530427041696385e-06,9.544830845698016e-07,4.5084655653226946e-07
840,0.00016981111548375338,0.0006139176548458636,0.002705849939957261,0.003181914798915386,2.545706820455962e-06,1.883434561023023e-05,7.3291416811116505e-06,1.852226091614284e-06,9.822895663091913e-06,5.2541827244567685e-06,3.492314363029436e-06,2.0175048121018335e-07,5.581661071119015e-07
841,0.00018296949565410614,0.0001610621839063242,0.0003041894524358213,0.00011602521408349276,0.00026155111845582724,5.412520295067225e-06,0.0004712383379228413,0.0019626060966402292,3.04526588479348e-06,3.070244929403998e-05,1.3977299886391847e-06,4.5187920250100433e-07,1.0848478950720164e-06
842,0.00018564639321994036,0.0001029583509080112,0.00046712078619748354,0.0009189582779072225,5.955256710876711e-05,9.241006046067923e-05,1.280679407500429e-05,7.76628621679265e-06,2.1283218302414753e-05,2.4161705368896946e-05,5.86553710490989e-07,5.43077419479232e-07,3.9499965964751027e-07
843,0.00018643781368155032,0.0006607554387301207,0.00047162658302113414,2.1268275304464623e-05,2.7848882382386364e-05,0.0003434470563661307,6.284672417677939e-05,1.4114818441157695e-05,0.00539908092468977,1.7426978956791572e-05,2.4778698843874736e-06,6.140869572845986e-07,2.531431846364285e-06
844,0.0006298001972027123,0.0003384113369975239,0.00028221533284522593,3.9439935790142044e-05,0.00010717019176809117,0.00041372887790203094,1.8923992683994584e-05,3.097282024100423e-05,0.008372809737920761,3.6636579352489207e-06,2.0414092432474717e-05,1.566195010127558e-06,2.450067597692396e-07
845,0.000169196558999829,0.0005183888133615255,0.00035928268334828317,0.0011443750699982047,6.215505709405988e-05,0.0003561877820175141,1.281779714190634e-05,1.8935264733954682e-06,0.002898156875744462,1.8463380911271088e-05,4.5036181290925015e-06,3.5450378277346317e-07,1.7041647879523225e-06
846,0.00047710383660160005,0.000498790352139622,0.0003003419260494411,4.224197255098261e-05,4.814487692783587e-05,0.0011616681003943086,3.353595093358308e-05,0.0004128049477003515,2.9637991247000173e-05,3.4201229937025346e-06,1.390343527418736e-06,6.360265842886292e-07,2.0579177544277627e-06
847,0.0007478506304323673,0.0004741744778584689,0.0014986024470999837,0.0001657658867770806,7.077868212945759e-05,5.8979376262868755e-06,0.0012192148715257645,0.0027495259419083595,0.002079206518828869,1.213007271871902e-05,2.3949737624207046e-06,2.978865154545929e-07,5.2840141506749205e-06
848,0.0011593770468607545,3.804907828452997e-05,0.00034470405080355704,0.0007738612475804985,5.2102102927165106e-05,1.2481719750212505e-05,5.057324415247422e-06,9.179324479191564e-06,2.1670809928764356e-06,2.4848797693266533e-05,8.314821684507478e-07,1.966116769835935e-06,1.9255676306784153e-06
849,0.00014472166367340833,0.00013538643543142825,0.0006226725527085364,0.0033099849242717028,1.4025204109202605e-05,9.316970681538805e-05,3.157483661198057e-05,6.710877642035484e-06,7.415864092763513e-05,0.002206432865932584,3.659755236640194e-07,2.59571220340149e-06,2.9438137971737888e-06
850,0.00023692383547313511,0.0014704102650284767,0.002037455327808857,0.0011081566335633397,3.667917917482555e-05,9.281545499106869e-05,5.517799309018301e-06,3.571394699974917e-06,0.004161214921623468,4.080446160514839e-06,1.668268225785141e-07,6.051092782399792e-07,4.0979051618705853e-07
851,0.00035911836312152445,0.00014303177886176854,0.0004791581304743886,0.0007995808846317232,0.0001296922710025683,4.446184175321832e-05,1.297345352213597e-05,6.542451501445612e-06,7.067209480737802e-06,2.5417457436560653e-06,7.120713974018145e-08,7.607735028614115e-07,3.553730891781015e-07
852,0.0008011320605874062,9.722801041789353e-05,0.00018222996732220054,0.0003105884825345129,5.361939201975474e-06,5.164224148757057e-06,5.908496314077638e-05,2.968715489259921e-05,2.889913957915269e-06,5.708084245270584e-06,1.2291745861148229e-06,8.030091294131125e-07,7.004859412518272e-07
853,0.00022938125766813755,7.246684253914282e-05,0.0002931154449470341,0.00102771888487041,1.793771116354037e-05,0.00017937220400199294,9.234029676008504e-06,2.95827558147721e-05,0.0038732707034796476,6.865672276035184e-06,2.535893372623832e-06,2.8822549325013824e-07,4.751969754579477e-06
854,0.0026989097241312265,3.411679790588096e-05,0.0005361908115446568,1.1241795618843753e-05,0.00035993708297610283,1.0678165381250437e-05,0.0005842598038725555,1.7804582967073657e-05,1.9228591554565355e-06,4.0488421291229315e-06,1.8041179146166542e-06,9.631809234633693e-07,3.035217730484874e-07
855,0.0003239930665586144,0.00027396527002565563,0.00018734524201136082,0.0001639338443055749,5.513608630280942e-05,9.011099609779194e-05,1.7520518667879514e-05,1.2298918591113761e-05,2.2185481611813884e-06,3.7695190258091316e-06,9.655891517468262e-07,3.692327481985558e-06,3.6837190009464393e-07
856,0.00012518075527623296,2.0959090761607513e-05,0.0013270160416141152,0.0015395348891615868,0.00020738758030347526,2.69565025519114e-05,3.592519715311937e-05,2.19922458200017e-05,4.654311396734556e-06,6.237806701392401e-06,1.385932591801975e-06,5.506997808879532e-07,5.455122391140321e-06
857,0.00039039761759340763,0.0005074735963717103,6.768410094082355e-05,8.772583532845601e-05,0.00011476058716652915,0.00013304453750606626,1.4715330507897306e-05,3.4347779092058772e-06,0.0003036677953787148,5.480482286657207e-06,2.831866652286408e-07,1.080485981219681e-05,1.1327873608024674e-06
858,0.0001737410348141566,0.0006646594265475869,0.00043890505912713706,8.122986400849186e-06,5.298900214256719e-05,0.0013560696970671415,4.313832687330432e-05,2.327306538063567e-05,0.008667919784784317,3.731270680873422e-06,4.93362131237518e-06,4.2561924828987685e-07,3.2202754027821356e-06
859,0.0006731004104949534,7.233120413729921e-06,0.00038107685395516455,0.0025521114002913237,0.0016146193956956267,3.8726295315427706e-05,0.000399093289161101,2.9727796572842635e-05,2.7492251319927163e-06,8.267144585261121e-05,6.515539325846476e-07,3.0188334676495288e-06,2.4950704755610786e-06
860,5.773106386186555e-05,0.0007423800998367369,0.0003409123746678233,0.0012004567543044686,0.00038013761513866484,3.868413841701113e-05,1.394330774928676e-05,3.6529702356347116e-06,0.0031360944267362356,0.008503858000040054,8.128613444569055e-06,2.3531988517788704e-06,8.17484021808923e-07
861,0.0011864622356370091,3.465146801318042e-05,0.0002399052755208686,0.0012891808291897178,2.3564323782920837e-05,1.2888288438261952e-05,0.000378257391275838,7.995570740604308e-06,1.548314799038053e-06,2.361790620852844e-06,3.196323348220176e-07,6.126988409960177e-07,5.014917860535206e-06
862,3.557174568413757e-05,2.5208948500221595e-05,0.002767308847978711,0.0015861145220696926,8.729055116418749e-05,9.110892278840765e-06,0.0001194060969282873,0.001461967476643622,1.0483578080311418e-05,6.632838903897209e-06,1.8896593019235297e-06,5.984337576592225e-07,4.426596831308416e-07
863,0.00029654361424036324,2.156143273168709e-05,0.0006507976213470101,0.002972891554236412,5.954288280918263e-05,5.073066859040409e-05,7.703348092036322e-05,2.1344096239772625e-05,4.454418103705393e-06,2.1351566829252988e-05,4.52831272923504e-06,3.808765995927388e-07,5.019035143050132e-07
864,0.0012790175387635827,4.5333741581998765e-05,0.0004894447629339993,0.001472551841288805,5.011247594666202e-06,0.0017104500439018011,4.933006493956782e-06,1.784784785741067e-06,1.630899714655243e-05,1.164508603324066e-06,5.199813131184783e-06,6.625050446018577e-07,2.7009278369405365e-07
865,0.00023047265131026506,0.0006268183933570981,0.0006971060065552592,0.0018397014355286956,3.304002893855795e-05,1.2213778973091394e-05,0.00013765718904323876,4.225514203426428e-05,2.2996412099018926e-06,0.005929661449044943,1.5195037121884525e-06,2.9982919613757986e-07,6.731805797244306e-07
866,5.070819952379679e-06,2.013442099269014e-06,0.002525416435673833,0.003723336150869727,3.870246928272536e-06,1.2877102335551172e-06,3.056629509501363e-07,3.1531772037851624e-06,1.6313654782607045e-07,4.5200354747976235e-07,3.1059761340657133e-07,6.651048920502944e-07,8.848361972013663e-07
867,0.0006916436832398176,8.221368261729367e-06,0.00028246582951396704,0.001349873375147581,9.46359577937983e-05,1.8318371076020412e-05,1.0216406735708006e-05,5.8676610024122056e-06,3.718658263096586e-06,1.3114365174260456e-05,1.1156627124364604e-06,3.2372474834119203e-06,1.07284324712964e-06
868,0.00027639445033855736,0.0002860255481209606,0.0011033128248527646,0.0006649292190559208,3.501084938761778e-05,0.00013913870498072356,2.380271689617075e-05,9.675656656327192e-06,3.9253623981494457e-05,7.926798389235046e-06,1.397966542526774e-07,2.3339664494415047e-06,2.9695436296606204e-06
869,0.0004990033339709044,5.420449815574102e-05,9.030582987179514e-06,2.5660898245405406e-05,2.2187805370776914e-05,4.654761869460344e-05,2.5311679564765655e-05,0.00018349624588154256,3.5799901070276974e-06,1.9859595340676606e-05,5.121765752846841e-06,1.2555325383800664e-06,3.587527430681803e-07
870,0.0024418768007308245,5.477593731484376e-05,0.00045716401655226946,0.001614631386473775,1.2356099432508927e-05,7.216744961624499e-06,4.464448466023896e-06,2.3392767616314813e-06,2.7606827188719762e-06,2.113624577759765e-05,1.3686316151506617e-06,1.6998851037897111e-07,2.266031742692576e-06
871,0.00025866704527288675,0.00028380329604260623,0.00011858329526148736,4.153823829255998e-05,4.429694308782928e-05,0.00047154896310530603,0.00012216139293741435,8.102486754069105e-05,7.470684977306519e-06,2.856186483768397e-06,3.0695521218149224e-06,5.234132913756184e-07,9.093656103686953e-07
872,0.00036412771441973746,0.00038597104139626026,0.0006187948165461421,0.0017126320162788033,4.3975574953947216e-05,0.0003861946752294898,9.528090231469832e-06,3.106248186668381e-05,9.057642273546662e-06,8.694456482771784e-06,1.0438814115332207e-06,1.7143346440207097e-06,3.172380331761815e-07
873,0.0002453732886351645,0.00017776749155018479,0.0005253092385828495,0.0007374915294349194,0.0003072390682063997,5.050523395766504e-05,7.134801126085222e-05,0.00010148331057280302,3.234550604247488e-06,2.5180243028444238e-05,3.5818893593386747e-06,9.988235660784994e-07,2.1475689209182747e-06
874,0.000287134840618819,3.479641236481257e-05,0.00041814212454482913,0.00261298893019557,1.6087722542579286e-05,4.425679435371421e-05,8.261566836154088e-05,0.00017035768541973084,9.642955774324946e-06,4.942984105582582e-06,9.62008130045433e-07,7.716198524576612e-07,2.232164206361631e-06
875,0.0001453645818401128,0.00011861248640343547,0.00016512148431502283,0.0005795931210741401,8.017591608222574e-05,1.9131965018459596e-05,0.00010002074122894555,1.7279247913393192e-05,5.330050498741912e-06,4.241961050865939e-06,2.9986088065925287e-06,8.099094657154637e-07,5.599057431027177e-07
876,0.0002220757451141253,0.00032576642115600407,0.00020815222524106503,1.0887519238167442e-05,1.5203922885120846e-05,0.00027414236683398485,1.0002770977735054e-05,6.956045581318904e-06,0.00390157219953835,1.735168189043179e-05,4.166536200500559e-06,1.8896712390414905e-06,7.093380531841831e-07
877,0.00017024615954142064,0.00034028320806100965,0.0004361560277175158,0.0015914790565147996,1.99557271116646e-05,7.858304888941348e-05,5.683153722202405e-05,5.378028617997188e-06,5.110011898068478e-06,1.8039367205346934e-05,5.003491878596833e-06,2.541518824727973e-06,2.077334556815913e-06
878,0.00012371058983262628,1.6099382264656015e-05,0.0007019990007393062,0.003459879895672202,0.00011880473175551742,1.389185490552336e-05,4.272718797437847e-06,4.175612048129551e-06,3.262213112975587e-07,0.0009316613432019949,4.173129582341062e-06,1.0997012367397474e-07,1.3396223721429124e-06
879,0.00018730541341938078,7.310412911465392e-05,0.0005154929822310805,0.003256693249568343,2.697019044717308e-05,7.330588414333761e-05,4.939589871355565e-06,1.1873637504322687e-06,8.147223525156733e-06,0.003941776696592569,8.308678616231191e-07,1.9528920347511303e-06,2.6199882086075377e-06
880,0.0017147473990917206,0.00040238944347947836,0.0003822458384092897,1.2829928891733289e-05,0.0007263662409968674,1.0389506314822938e-05,7.376322628260823e-06,1.0922824912995566e-05,1.775544319571054e-06,0.005399247631430626,8.020634254535253e-07,1.8877375396186835e-07,1.4218273918231716e-06
881,0.0005528943729586899,2.5967825422412716e-05,0.00034304941073060036,0.001410502241924405,1.874331610451918e-05,5.110803249408491e-05,1.18313992061303e-05,1.507648812548723e-05,3.2406455829914194e-06,1.9304427041788585e-05,1.9162673652317608e-06,3.941367765492032e-07,2.3721868274151348e-06
882,0.0001810694084269926,0.00017095499788410962,0.0003103165654465556,0.0016610495513305068,1.0396473044238519e-05,0.0003290535241831094,2.5300892957602628e-05,1.6244661310338415e-05,0.0028075731825083494,3.951586768380366e-05,7.174314760050038e-07,9.514604244031943e-06,1.0290184036421124e-05
883,0.00027880555717274547,1.029198756441474e-05,0.0008354690507985651,0.003141239285469055,7.940504474390764e-06,4.946882199874381e-06,1.2726413842756301e-05,2.0173754364805063e-06,2.6807338144863024e-06,7.635195288457908e-06,9.142964358943573e-07,1.9048525246034842e-07,1.10204007341963e-06
884,4.738791540148668e-05,0.0005219894228503108,6.350979674607515e-05,3.556337105692364e-05,7.338200248341309e-06,0.00039531389484182,8.232336404034868e-05,2.7027112082578242e-05,0.0035601803101599216,1.8409455151413567e-05,1.686627456365386e-06,4.6980721890577115e-06,2.6567588520265417e-06
885,0.0002831400779541582,5.268516906653531e-05,0.0005522149731405079,0.0022265049628913403,4.610902033164166e-05,9.740849782247096e-05,7.774835103191435e-05,4.8670767682779115e-06,5.991248599457322e-06,4.873480065725744e-06,5.381234132073587e-06,2.2810745576862246e-06,1.1587100061660749e-06
886,0.000537649670150131,0.00031367744668386877,0.0012116103898733854,0.0008860751404426992,4.412439375300892e-05,3.104750794591382e-05,5.87729209655663e-06,0.0032572855707257986,2.686745801838697e-06,1.2085669141015387e-06,2.5732902031450067e-07,3.3371733820786176e-07,3.374006780632044e-07
887,0.0002354312891839072,0.0006553338607773185,0.0007526971166953444,0.00024808329180814326,0.00019225242431275547,6.44267929601483e-05,1.0833938176801894e-05,7.41142002880224e-06,0.0002523606817703694,0.003455151105299592,2.297633500347729e-06,1.8872200371333747e-06,2.3496088488172973e-06
888,0.0006033655954524875,0.0004818268062081188,0.0007764514302834868,0.002587441587820649,1.238034474226879e-05,0.0003877594426739961,0.00015977249131537974,0.0007155489292927086,2.8063415811629966e-05,0.00012781552504748106,6.250778596950113e-07,3.698549448927224e-07,1.7092243353999947e-07
889,0.000525366747751832,1.2013827472401317e-05,0.00010566971468506381,2.2440310203819536e-05,1.2427466572262347e-05,6.990124529693276e-05,4.575243110593874e-06,1.4754544281458948e-05,6.4415553424623795e-06,1.8870141502702609e-06,3.45991139738544e-07,1.4070391216591815e-06,7.461563882316113e-07
890,0.0006082840263843536,0.00017428360297344625,0.0001861061027739197,2.816742744471412e-05,0.0003767971065826714,1.9117002011626028e-05,2.1996695068082772e-05,0.00029837468173354864,1.1276606528554112e-05,2.0626679543056525e-05,1.9404578779358417e-06,1.0195518598266062e-06,2.19666731027246e-06
891,0.0001999748928938061,3.749172174138948e-05,0.000302690954413265,0.0009465846815146506,3.9552793168695644e-05,4.688013723352924e-05,1.3027050044911448e-05,4.813730811292771e-06,1.6540994693059474e-05,5.634177432511933e-05,5.74742102799064e-07,8.812822329673509e-07,6.797505989197816e-07
892,0.00013254904479254037,0.001515267649665475,0.0002376476622885093,2.811902049870696e-06,0.0018507125787436962,8.249224629253149e-05,1.7238042346434668e-05,1.1227784852962941e-05,5.552352831728058e-06,0.004724714905023575,2.8000265501759714e-06,1.9308781702420674e-06,5.762688601862465e-07
893,0.00010857639426831156,2.01605635083979e-05,0.00031458245939575136,0.0015053646638989449,1.2673306628130376e-05,2.1310750526026823e-05,3.451609154581092e-05,1.9836910723824985e-05,9.867311746347696e-06,1.7476942275607144e-06,2.7567291454033693e-06,8.523452379449736e-07,3.74883188669628e-06
894,0.00016925913223531097,3.9422320696758106e-05,0.000138563453219831,0.0005496474332176149,3.507391056700726e-06,2.2956430257181637e-05,2.5007368094520643e-05,1.593714659975376e-05,1.3804823538521305e-05,2.9004788757447386e-06,1.4409906725632027e-06,7.650180009477481e-07,1.8931581280412502e-06
895,0.0005196353886276484,0.00021248198754619807,0.0001922593655763194,5.089145997771993e-05,2.5308305339422077e-05,2.314442645001691e-05,0.00013511856377590448,0.0016185614513233304,2.3816590328351595e-05,4.394620918901637e-05,1.5675329905207036e-06,3.04491709357535e-06,2.632350515341386e-06
896,0.00011564468877622858,0.0001173533673863858,0.0004463048535399139,0.0016180238453671336,0.00013486600073520094,4.485517638386227e-05,0.00020749231043737382,9.587335625838023e-06,1.4485982319456525e-05,7.77344757807441e-06,1.983996071430738e-06,3.2316672786691925e-06,1.5261895896401256e-05
897,4.956260454491712e-06,2.2836250082036713e-06,0.000378301803721115,0.0017620651051402092,3.688659853651188e-05,1.7378675693180412e-05,1.051899653248256e-05,8.875477760739159e-06,8.63773311721161e-06,2.5578201530152e-05,2.9012642244197195e-06,2.485430513843312e-06,1.902958160826529e-06
898,7.062927033985034e-05,0.00010764483886305243,0.0002388405700912699,0.0006011280347593129,1.1495424587337766e-05,0.0001382473565172404,2.2011805413058028e-05,1.1795891623478383e-05,6.9942288973834366e-06,3.378661131137051e-05,5.494548531714827e-06,9.095129485103826e-07,1.7092529560613912e-06
899,0.00044677159166894853,0.0003737366059795022,0.0005477189552038908,0.0005697955493815243,0.0001345402270089835,8.075671939877793e-05,0.00013213968486525118,1.4734547221451066e-05,1.5368197637144476e-05,2.5054641810129397e-05,4.397747943585273e-06,7.393364285235293e-07,2.021641194005497e-06
900,0.0005971553619019687,0.0003830655768979341,0.0006507779471576214,0.0015281798550859094,0.00024481082800775766,4.670839189202525e-06,2.2656289729638956e-05,0.001325236982665956,3.438750809436897e-06,5.247124477136822e-07,2.621422368065396e-07,2.9028475978520873e-07,1.0245706789646647e-06
901,0.0006260384107008576,0.00022892358538229018,0.00031043775379657745,0.0012949794763699174,4.3050196836702526e-05,0.00012737377255689353,1.6087778931250796e-05,4.2249721445841715e-06,0.0035928182769566774,8.682773113832809e-06,5.517245540431759e-07,2.73099021796952e-06,2.9586578875751e-06
902,0.0004890885902568698,1.4556355381500907e-05,4.431155321071856e-05,0.00011472320329630747,3.681164525914937e-05,1.2522503311629407e-05,1.5100275959412102e-05,1.6618944300716976e-06,1.616100598766934e-05,7.794589691911824e-06,4.559339231491322e-06,3.0679937026434345e-06,5.663825959345559e-07
903,0.0004835084546357393,8.823791722534224e-05,0.00036843071575276554,0.0012625763192772865,0.00013760248839389533,3.00758929370204e-05,0.0007435618317686021,0.0006466074264608324,6.0743077483493835e-06,1.2249069186509587e-05,3.1494996619585436e-06,4.757796432386385e-06,1.1544121662154794e-05
904,0.00010171677422476932,0.00020892919565085322,0.0004991129389964044,0.0013874823926016688,0.00017275979917030782,4.144131162320264e-05,5.157580289960606e-06,3.00565534416819e-05,2.640887487359578e-06,0.0013485103845596313,3.236343900425709e-06,5.616063276647765e-07,4.6022961441849475e-07
905,0.0007956599001772702,8.603915921412408e-05,0.0003043483302462846,0.0008274679421447217,2.6717238142737187e-05,4.1738803702173755e-05,0.0013872983399778605,0.00190500367898494,7.837098792151664e-07,5.294616858009249e-05,2.3274169507203624e-06,1.2761242942360695e-06,9.007197832033853e-07
906,0.0006136292358860373,0.00012434276868589222,0.00012843310832977295,0.0009038082207553089,3.82768630515784e-05,5.226270150160417e-05,2.2051841369830072e-05,2.1743524484918453e-05,1.7167407349916175e-05,2.349614305785508e-06,9.727364158607088e-07,5.026936378271785e-06,1.1059113376177265e-06
907,0.000774106418248266,4.774474655278027e-05,0.00015429766790475696,5.554620292969048e-05,0.00016284524463117123,1.0687854228308424e-05,0.0004722636367660016,0.0032498419750481844,1.118448835768504e-05,1.650190279178787e-05,1.8512497490519308e-06,5.87896465731319e-07,1.3198664419178385e-06
908,0.000535272469278425,4.912092845188454e-05,0.00010628633754095063,7.994657607923727e-06,0.00013232369383331388,1.0582253707980271e-05,1.148195588029921e-05,1.7416863556718454e-05,1.9823012280539842e-06,3.8768012018408626e-05,5.919033014833985e-07,1.310294578615867e-06,1.372697738588613e-06
909,0.0005482744891196489,0.0006743348203599453,0.00029108801390975714,0.0005265077343210578,0.000569232739508152,8.933457138482481e-07,0.0011016401695087552,0.0002559675485827029,1.3810820291837445e-06,0.0056557925418019295,1.727767767079058e-06,5.256648023532762e-07,7.924595593067352e-07
910,0.00028507556999102235,0.00010077042679768056,0.00034413300454616547,0.002118210308253765,2.6548006644588895e-05,2.7092246455140412e-05,2.54585211223457e-06,2.458105700497981e-05,3.1746869353810325e-05,1.3356276213016827e-05,7.754154012218351e-07,8.238597729359753e-06,4.444297701411415e-06
911,0.0012202055659145117,0.0003738745872396976,0.0002568115887697786,2.597931779746432e-05,0.00022860203171148896,8.897576481103897e-05,7.046169230306987e-06,3.5702269087778404e-05,2.0916866560583003e-05,1.388045166095253e-05,1.8973882106365636e-05,1.1809615898528136e-06,1.2811581200367073e-06
912,0.00023603130830451846,1.993216574192047e-05,0.0006396403186954558,0.0016664903378114104,9.67743617366068e-05,4.180032919975929e-05,4.378444373287493e-06,3.960128015023656e-05,2.1721980374422856e-06,2.5194329282385297e-05,1.778162868504296e-06,2.3720465378573863e-06,7.989339678715623e-07
913,0.00033131532836705446,0.00039252996793948114,0.0003477267746347934,0.0007114633335731924,5.1416671340120956e-05,9.378370123158675e-06,1.1004265616065823e-05,6.943254447833169e-06,1.1027634172933176e-05,6.277180546021555e-06,4.228691977914423e-06,6.152336027298588e-07,6.5277740759484e-06
914,0.00016814102127682418,0.0011326755629852414,0.0004084646643605083,0.00011372238805051893,5.738869276683545e-06,3.461803498794325e-05,1.031307147059124e-05,1.0337420462747104e-05,2.1418942196760327e-05,0.004835388157516718,5.598135430773254e-07,4.3296272451698314e-06,7.026811772448127e-07
915,0.0009099416201934218,0.00045870713074691594,0.00022471392003353685,2.9059438020340167e-05,0.0016010199906304479,2.0879097064607777e-05,3.1469320674659684e-05,3.2529147574678063e-05,8.825321856420487e-06,4.264682502252981e-05,6.295783350651618e-06,1.3174454807085567e-06,1.4768318123969948e-06
916,0.0006506857462227345,8.896237886801828e-06,0.0005113923689350486,0.0028255158104002476,2.29849847528385e-05,2.5229350285371765e-05,1.1640984666883014e-05,1.7279196981689893e-05,3.158299705319223e-06,2.5629673473304138e-05,1.2539541785372421e-05,1.4923978142178385e-07,1.0917259487541742e-06
917,0.00017924697021953762,0.0003237060154788196,0.0005063343560323119,0.0010875273728743196,4.991632158635184e-05,3.852788722724654e-05,1.4295064829639159e-05,1.7002046661218628e-05,0.0035395377781242132,1.5074258953973185e-05,3.5322373150847852e-06,4.1021280594577547e-07,4.994747015985013e-08
918,0.00029520795214921236,9.155453881248832e-05,0.00024483888410031796,0.0006886789342388511,5.224497363087721e-05,0.00039181357715278864,8.848599100019783e-05,0.0021417606621980667,1.8172775526181795e-05,1.0978356840496417e-05,1.8226776319352211e-06,8.237014981204993e-07,1.3866407471141429e-06
919,0.0005778882768936455,0.00048383334069512784,0.000517105043400079,0.0010755412513390183,0.00012791166955139488,0.00015353986236732453,0.0005310361157171428,3.7821246223757043e-05,1.5513194739469327e-05,4.366349457995966e-05,2.254554146929877e-06,1.4362252613864257e-06,2.3795813319793524e-07
920,0.00041015056194737554,3.198016929673031e-05,0.00010329481301596388,7.824370550224558e-05,6.84057476973976e-06,4.136735515203327e-05,6.760677933925763e-06,4.3089312384836376e-05,8.86583438841626e-06,4.77540470456006e-06,6.936859904271842e-07,6.968970183152123e-07,2.468653747200733e-06
921,0.00045524328015744686,0.00037922689807601273,0.0013195043429732323,5.568882988882251e-05,7.91219572420232e-05,0.00046301214024424553,6.120755278971046e-05,6.833383667981252e-05,2.820547524606809e-05,3.2925319828791544e-05,2.8991096314712195e-06,2.7908106403629063e-07,1.8557533621788025e-05
922,0.00015729536244180053,8.627156057627872e-05,8.517499372828752e-05,8.592743142799009e-06,2.5582650778233074e-05,3.9579099393449724e-05,5.951655566605041e-06,1.9456124391581398e-06,9.012216651171912e-06,3.661363052742672e-06,1.4014206044521416e-06,1.7925067368196324e-06,9.902788633553428e-07
923,0.0006882557063363492,0.0002963136066682637,0.00021905770699959248,5.3417064918903634e-05,0.00016048339603003114,6.951855175429955e-05,0.00035727646900340915,0.002228934084996581,2.0254740320524434e-06,1.5225878087221645e-06,6.579447813237493e-07,1.763825423495291e-07,3.841852503683185e-06
924,0.00018829178588930517,2.6232317395624705e-05,0.00041422166395932436,0.0014012823812663555,7.989491132320836e-05,5.7535406085662544e-05,7.355371053563431e-06,2.463761848048307e-05,3.999250111519359e-05,8.945251465775073e-06,1.0178218872169964e-06,2.4364851469727e-07,1.817955194383103e-06
925,0.0005077861133031547,7.269187335623428e-05,6.212601147126406e-05,1.2745221283694264e-05,7.589972665300593e-05,4.982936388842063e-06,3.7174709177634213e-06,9.804542060010135e-06,8.931288903113455e-06,1.600873474671971e-05,2.5915801415976603e-06,1.6388268875289214e-07,5.32900821781368e-06
926,0.0005074322107248008,0.00034218718064948916,0.0002853396290447563,0.00019572381279431283,0.000276428327197209,4.41138181486167e-05,0.0001098489883588627,0.002929014153778553,2.0450447664188687e-06,9.157948625215795e-06,3.468914258064615e-07,3.014364438058692e-07,2.945685650956875e-07
927,6.516572466352955e-05,0.00017551636847201735,0.0005481020198203623,0.0012823260622099042,0.00017794269660953432,1.397447704221122e-05,5.9425467043183744e-05,4.176058428129181e-05,1.9918794350815006e-05,0.0018093007383868098,5.063476237410214e-06,2.45296746470558e-06,1.717874738460523e-06
928,0.000438071001553908,0.0001638228859519586,0.00010644590656738728,0.00016392048564739525,0.00027809073799289763,9.263025276595727e-05,0.00015135889407247305,2.2175179765326902e-05,1.4848421415081248e-05,1.6625239368295297e-05,6.603545898542507e-06,2.068533149213181e-06,8.150653343363956e-07
929,0.0008540874114260077,8.048033487284556e-05,0.00015477524721063673,2.4884562662919052e-05,8.028181036934257e-05,3.632739026215859e-05,0.00015345160500146449,3.45657122124976e-06,8.915681974031031e-06,2.2749668460164685e-06,5.861944373464212e-06,5.964782872069918e-07,1.474134364798374e-06
930,0.0010514878667891026,0.00032138722599484026,0.0019199593225494027,0.0003342379641253501,0.00016160303493961692,1.3772872762274346e-06,0.0030280821956694126,6.027830022503622e-05,1.950136038431083e-06,3.000265451191808e-06,1.1835564919238095e-06,1.8148231220038724e-06,2.1003907022532076e-06
931,0.00028328169719316065,0.00016107287956401706,0.00045499796397052705,0.0016452764393761754,0.00023334812431130558,0.00020618195412680507,3.7450303352670744e-05,0.00027682993095368147,1.2314299965510145e-05,4.1292994865216315e-05,3.709135171447997e-06,5.536465437216975e-07,4.754539986606687e-06
932,0.0004649953334592283,2.9867243938497268e-05,0.0005405431147664785,0.0022552553564310074,1.1449094927229453e-05,3.4895069802587386e-06,2.539686465752311e-05,3.6543603982863715e-06,5.27890460944036e-06,3.256178388255648e-05,7.678477800254768e-07,4.636286803361145e-07,7.292206873898976e-07
933,0.0006176735041663051,4.387471926747821e-05,0.00034902966581285,0.0011794589227065444,0.0012572376290336251,2.575940015958622e-05,3.1508509437117027e-06,2.3376120225293562e-05,1.4699396615469595e-06,3.580058182706125e-05,1.8163301547247102e-06,1.2445863148968783e-06,2.021338559643482e-06
934,0.0005004698759876192,0.0005214163684286177,0.0005387860583141446,0.0018286284757778049,3.106122903773212e-06,1.3637044503411744e-05,8.262471965281293e-06,0.002062937943264842,0.0026889543514698744,7.337017905229004e-06,2.075769600651256e-07,2.9324502293093246e-07,8.073920071183238e-06
935,0.00022131140576675534,0.003029758343473077,0.0010491273133084178,0.0010680551640689373,1.824683931772597e-05,0.00017192591622006148,7.176020972110564e-06,1.0818909004228772e-06,3.162404709655675e-06,0.009200221858918667,8.80203231190535e-07,1.0314867893157498e-07,3.1980542303244874e-07
936,0.00023547507589682937,2.8738611945300363e-05,0.0005060406983830035,0.00188929564319551,5.182275708648376e-05,3.329719038447365e-05,1.1707176781783346e-05,6.303934242168907e-06,3.2089751584862825e-06,0.0019141838420182467,2.270328195663751e-06,3.6319349305813375e-07,1.7069372404421301e-07
937,0.00039603945333510637,3.304874189780094e-05,0.0010974816977977753,0.0049586850218474865,4.3329914660716895e-06,0.00046373187797144055,6.5092212935269345e-06,1.1418287613196298e-06,0.0006453453679569066,2.4638544346089475e-05,1.4116180580003856e-07,7.003903306213033e-07,5.057834755461954e-07
938,0.00020469428272917867,7.978784196893685e-06,0.00062773801619187,0.0022968673147261143,0.0002373591560171917,5.896340098843211e-06,1.1863842701131944e-05,0.0036410356406122446,1.6532319477846613e-06,0.0005678859306499362,1.4343451084641856e-06,6.031003181306005e-07,3.5971200418316585e-07
939,0.00037405051989480853,0.00021766085410490632,0.00036711915163323283,0.001438140170648694,1.663039074628614e-05,1.853437424870208e-05,4.234320658724755e-05,4.253568113199435e-05,2.5413471576030133e-06,5.2055984269827604e-06,1.5420023373735603e-06,8.470198622489988e-07,1.0652346418282832e-06
940,0.00035165989538654685,8.079170584096573e-06,0.0004480407224036753,0.001261230674572289,4.4521933887153864e-05,8.917181730794255e-06,1.2011082617391367e-05,3.331543666718062e-06,1.0966657555400161e-06,4.3525615183170885e-05,5.314978466230968e-07,6.326063726191933e-07,3.791264816754847e-06
941,0.0004888244438916445,5.683544259227347e-06,0.003018448129296303,0.00034581005456857383,5.961817078059539e-05,9.659633178671356e-06,7.009554337855661e-06,3.5046563425567e-05,8.724050530872773e-07,5.317752425071376e-07,1.0673724091248005e-06,8.787225169726298e-07,2.6296806936443318e-06
942,0.0002947468892671168,0.0011008140863850713,0.00031775981187820435,1.660635280131828e-05,0.0012178280157968402,5.4880267271073535e-05,4.805880962521769e-06,2.4742798814259004e-06,8.692803930898663e-06,0.003148007905110717,1.1225550906601711e-06,8.148235792759806e-07,7.294968327187235e-07
943,0.0006970253889448941,0.0009429645142517984,0.0008253937703557312,0.0015050101792439818,0.00023427176347468048,5.647763464367017e-05,0.0009036181727424264,0.0011307059321552515,6.5879257817869075e-06,0.0022187125869095325,4.48198443336878e-06,8.819430945550266e-07,2.731922904786188e-06
944,0.0005811851588077843,0.00030588568188250065,0.0009248821879737079,0.0013603762490674853,7.575534982606769e-05,0.0002093415823765099,0.0002620777231641114,0.0008941712439991534,1.3266551832202822e-05,1.513083361714962e-06,6.089005637477385e-07,1.8145452429507714e-07,8.474021910842566e-07
945,7.013511640252545e-05,2.3131321995606413e-06,0.00031461718026548624,0.0019964317325502634,4.228383841109462e-05,5.637506546918303e-05,2.1181488136789994e-06,2.174548353650607e-05,1.4779801631448208e-06,8.198472642106935e-06,3.7167303617025027e-06,2.881027967305272e-06,7.291010319931956e-07
946,0.00031859587761573493,2.17851011257153e-05,0.0008088725153356791,0.0010369938099756837,0.00036870682379230857,1.0683808795874938e-05,3.592923894757405e-05,4.516396984399762e-06,2.479051090631401e-06,9.983766358345747e-05,3.338754822834744e-06,1.2778285451986449e-07,6.289855036811787e-07
947,0.00028638943331316113,0.00012958691513631493,0.0010811469983309507,9.842561848927289e-05,1.5795065337442793e-05,1.857700408436358e-05,1.0626245966705028e-05,6.476783255493501e-06,5.3589856179314665e-06,6.640348146902397e-06,2.6929953946819296e-06,9.086138561542612e-07,4.140915166317427e-07
948,5.099821646581404e-05,7.369169179582968e-05,0.0009303892147727311,0.00046889871009625494,1.55151301441947e-05,2.1861353161511943e-05,1.7508760720374994e-05,2.9961967811686918e-05,2.006798467846238e-06,1.5049538887978997e-05,7.649059625691734e-07,1.889717964331794e-06,1.6145806966960663e-06
949,0.0004959151847288013,3.0359318770933896e-05,0.0005060325493104756,0.0014343413058668375,3.932218533009291e-06,0.00018457273836247623,6.391353508661268e-06,1.1872658433276229e-05,4.809081019629957e-06,1.0461514648341108e-05,2.495654371159617e-06,3.893588882419863e-07,1.3398345117821009e-06
950,0.000653567782137543,0.0005924103315919638,0.0003185663081239909,0.0004699236887972802,1.9947943656006828e-05,0.0005023701814934611,1.0833954547706526e-05,1.2886690456070937e-05,0.002517363056540489,7.405845099128783e-05,1.5139030438149348e-06,3.7758745747851208e-06,1.177508124783344e-06
951,0.0005036284564994276,0.00033895584056153893,0.0002857496147044003,1.0563681826170068e-05,0.0003480151353869587,8.487912418786436e-05,2.161579323001206e-05,8.922159031499177e-05,6.3078255152504425e-06,3.663207826321013e-05,4.53058009952656e-06,9.637965376896318e-07,1.5031758948680363e-06
952,0.00045807933202013373,0.0001076048647519201,0.0003653159365057945,0.000978586613200605,4.942499072058126e-05,3.931416358682327e-05,6.554799620062113e-05,4.200757393846288e-05,2.10530124604702e-05,1.1054346032324247e-05,5.735572017329105e-07,6.3313168539025355e-06,8.904918900043413e-07
953,0.0014089418109506369,0.00028787556220777333,0.00025233314954675734,0.0002764709061011672,1.5847534086788073e-05,0.0014363002264872193,3.4424996556481346e-05,2.6465260816621594e-05,0.003731465432792902,1.0135582670045551e-05,7.494531473639654e-06,8.15271596366074e-06,3.4606841836648528e-06
954,0.0005277646123431623,0.00021206647215876728,0.0003046175988856703,0.0012710022274404764,2.1572757759713568e-05,7.539168291259557e-05,0.0002665415813680738,2.14309839066118e-05,6.519879389088601e-05,2.315868914593011e-05,1.6237070212810067e-06,2.2805232902101125e-07,1.277781734643213e-06
955,0.0008282007183879614,0.0005391267477534711,0.0003314464702270925,1.207843524753116e-05,3.666718112071976e-05,0.0002605027984827757,2.1008039766456932e-05,1.2165454791102093e-05,0.00733024999499321,1.285504004044924e-05,8.728696911930456e-07,2.864468058305647e-07,2.2498139173876552e-07
956,0.0001263509620912373,1.0900002052949276e-05,0.000712575507350266,0.003013147506862879,3.174410812789574e-05,3.371218190295622e-05,7.683754120080266e-06,4.0020518099481706e-06,0.0035475620534271,1.357373662358441e-06,2.0237966964486986e-06,4.2892958163065487e-07,8.674236084971199e-08
957,0.0003816400421783328,0.00023811438586562872,0.0005927186575718224,0.0011356121394783258,1.610985964362044e-05,5.571687506744638e-05,0.0001754509867168963,0.0018138354644179344,4.66991332359612e-06,3.590724372770637e-05,7.197560307758977e-07,6.663859039690578e-06,7.48340539757919e-07
958,0.0004685738531406969,6.646055408054963e-05,0.00010266249591950327,6.275533814914525e-05,0.00018134387210011482,3.415229366510175e-05,4.709595305030234e-05,3.661414302769117e-05,2.42386295212782e-06,5.498611699294997e-06,2.1990176719555166e-06,2.152612751160632e-06,7.211131105577806e-06
959,0.000727255770470947,5.644760221912293e-06,7.351862586801872e-05,2.153866989829112e-05,6.469553045462817e-05,3.374347943463363e-05,2.8059548640158027e-05,2.9289021767908707e-06,8.529602382623125e-06,2.919167309300974e-05,1.2827881619159598e-05,1.7149118320958223e-06,1.5587953612339334e-06
960,0.00011462155089247972,0.00013474760635290295,0.00052729930030182,0.0008720944751985371,4.620074832928367e-05,2.6013280148617923e-05,0.00011262312909821048,2.3452321329386905e-05,5.78586696065031e-06,4.833359707845375e-05,3.322245220260811e-06,4.1894028868227906e-07,1.9345101520684693e-07
