,meanscell_abundance_w_sf_endothelial cell,meanscell_abundance_w_sf_astrocyte,meanscell_abundance_w_sf_oligodendrocyte,meanscell_abundance_w_sf_microglial cell,meanscell_abundance_w_sf_vascular associated smooth muscle cell,meanscell_abundance_w_sf_inhibitory interneuron,meanscell_abundance_w_sf_pericyte,meanscell_abundance_w_sf_glutamatergic neuron,meanscell_abundance_w_sf_radial glial cell,meanscell_abundance_w_sf_oligodendrocyte precursor cell,meanscell_abundance_w_sf_neural progenitor cell,meanscell_abundance_w_sf_medial ganglionic eminence derived interneuron,meanscell_abundance_w_sf_caudal ganglionic eminence derived interneuron
0,0.0811952,0.011210097,0.025674691,0.023640743,0.031905685,11.384861,0.061281208,0.01762707,0.015394291,4.263021,0.013773598,0.02766507,0.027171707
1,0.06348609,0.010881842,0.021465525,0.052409153,0.12320954,1.5386289,0.043440327,4.4656954,0.010103194,1.2274774,0.0070306594,1.3309846,0.5784733
2,0.029515497,0.030892663,0.057032205,0.107915446,0.2429191,3.3340976,0.027402062,0.04308232,0.0054492243,0.6518035,0.0346116,0.03316459,0.02992685
3,0.056728035,0.027582824,0.022510413,0.017933493,0.017383395,1.757349,0.031574562,0.23181343,0.018480748,6.4500046,0.012788166,0.09059987,0.06362897
4,0.040971026,0.020329822,0.022472188,0.0062800436,0.019704498,0.17562445,0.021881025,3.0103233,0.030482337,6.361896,0.13436821,0.11616622,0.09305715
5,0.06177255,0.008211386,0.6181871,0.060051154,0.018045137,1.4464821,0.021860648,2.9392538,0.009715639,2.821871,0.006619554,0.25366643,0.14741656
6,0.06291154,0.016566178,0.03086802,0.15179558,0.028213833,8.031678,0.16308542,1.1669959,0.006952134,0.063221626,0.013140506,0.86870724,0.42830405
7,0.05531628,0.0044817943,0.022381721,1.5870072,0.021240177,0.009716944,0.09679529,4.618729,0.0047436524,1.7211967,0.006147279,0.4238756,0.12366236
8,0.019278593,0.011539365,0.010524843,0.005441585,0.007495732,2.8028288,0.011299359,0.08323477,0.3508979,3.7587202,0.05117194,0.027782155,0.027964428
9,0.021122484,0.010941632,0.008973936,0.008450285,0.013660208,0.024651166,0.011682152,4.616092,0.029803257,1.2391396,0.010963065,0.044289336,0.05642133
10,0.029222772,0.018749125,0.010156075,0.01570131,0.021075597,4.90101,0.021465914,0.36853784,3.1909504,0.0057352013,0.16506125,0.025127796,0.019358896
11,0.06929646,0.018491602,0.05996301,0.033246152,0.041769337,5.5232863,0.16105351,0.87080806,0.012218968,2.4282048,0.014374388,0.6172796,0.32171887
12,0.04477861,0.015580487,0.012721597,0.006673038,0.027301122,0.009666936,0.028845798,1.6696912,0.01931363,5.4425254,0.0130530195,0.6889647,0.12939397
13,0.7788362,0.0812519,0.8769672,0.11796664,0.06267579,1.2044147,0.03672219,0.102006316,0.012873755,4.9985247,0.014907255,0.3875291,0.40630335
14,0.025139283,0.0052731927,0.08918204,0.008423199,0.0100765675,1.8115602,0.01286801,3.9035742,0.012385065,1.6810545,1.3648887,0.022395372,0.028673388
15,0.018952645,0.0055990363,0.02114684,0.014745428,0.009584141,1.866009,0.010264689,2.609094,0.010828478,0.12276231,0.006934058,0.019057328,0.017115269
16,0.038482938,0.04269558,0.009038004,0.025014494,0.01502724,1.8461641,0.0167988,0.060411256,0.008730968,1.9360712,0.0063337013,0.14087673,0.037560474
17,0.047106553,0.017803848,0.017608529,0.016017966,0.018073458,4.9146433,0.025785096,1.4060801,0.018233636,5.557306,0.013115216,0.038308393,0.030734854
18,0.051816728,0.0335766,0.00956718,0.028483368,0.026996149,0.032937124,0.059156373,6.6471953,0.015181513,0.014696778,0.014505222,0.2733143,0.94468087
19,0.0766352,0.025328593,0.09347567,0.08887993,0.023937427,3.2576668,0.02481872,3.887239,0.024200695,2.1276736,0.019192262,0.063741356,0.7665476
20,0.119581655,0.020431738,0.024978569,0.019686121,0.032008022,2.5868773,0.050259233,0.3747934,0.02547325,6.384455,0.025388777,0.12019908,0.1724554
21,0.06876075,0.44946277,0.026177786,0.027381636,0.05937474,2.6474607,0.07233741,3.9880233,1.1832175,0.23919538,0.39561674,0.05087667,0.30224013
22,0.019712238,0.0063685984,0.899602,0.0073707183,0.011187489,2.96187,0.012247695,5.360387,0.016008997,1.8270018,0.017275559,0.025400111,0.02486068
23,0.033715308,0.0060449312,0.14897753,0.017115306,0.013333237,2.1898654,0.026916374,1.0933577,0.010086308,0.72102016,0.0072753797,0.030130891,0.018762663
24,0.045272328,0.01579426,0.014031089,0.01275604,0.022479134,1.9563774,0.021211345,0.72280025,0.02971627,5.2558093,0.78659046,0.027376652,0.01700572
25,0.051182814,0.045031726,0.016658576,0.020794647,0.046585526,0.0075102206,0.04122061,2.7210553,0.013896365,4.635959,0.012571961,1.1269954,0.17218377
26,0.17581712,0.013025581,0.019649256,0.02495857,0.2704816,1.4819369,0.06786898,0.56640905,0.09873975,3.817443,0.015188363,0.9789086,0.06064049
27,0.055097457,0.016628696,0.022657624,0.035595056,0.02028444,5.3291183,0.032352094,1.6604458,0.022340877,6.1690083,0.26629314,0.051553637,0.03703365
28,0.08035315,0.014687178,0.037786182,0.017948015,0.042525783,4.7121463,0.027380703,7.686088,0.016194128,3.1667607,0.009342545,0.89886314,0.04645714
29,0.046398226,0.009823351,0.10475672,0.011946757,0.016505929,7.1132183,0.021526529,0.22058737,0.018739825,2.6286716,0.39341113,0.018883463,0.024363436
30,0.046644706,0.019048518,0.47666046,0.023189524,0.02365821,0.016303988,0.023516227,0.10419838,0.01573757,6.6089926,0.14965448,0.027173571,0.030394895
31,0.021330947,0.0042408234,0.025927212,0.010448345,0.008622483,7.150691,0.017618477,0.039295375,0.0054051667,0.006689718,0.008511049,0.5898385,0.03193956
32,0.02093998,0.0035385333,0.006077946,0.0075387396,0.0094785085,3.8590806,0.012405914,3.4325185,0.007422713,0.005156225,0.021091394,0.019310327,0.010990569
33,0.050775863,0.013989252,0.027920054,0.012245704,0.016912334,2.354845,0.01662133,0.54454935,0.032486375,9.218515,0.09723729,0.022206169,0.025919955
34,0.07893115,0.017433273,0.04786308,0.022552514,0.024764474,0.010818964,0.18036373,4.28911,0.0057813134,0.27279943,0.0052376785,2.0667138,0.22314647
35,0.035139427,0.0067260666,0.016223041,0.040257595,0.019124266,1.0889734,0.03694219,6.054919,0.0072139096,0.016409649,0.0131589845,0.14023522,0.0341261
36,0.1464346,0.011347918,0.90062416,0.1484909,0.04233066,0.22287884,0.18273255,0.71959144,0.011967098,2.0163052,0.012495909,0.52217287,0.46355832
37,0.031736862,0.027607305,0.022156123,0.009227462,0.01614081,0.018882016,0.03369989,0.4549182,0.022765463,4.74773,0.05856706,0.49595922,0.23126476
38,0.03862462,0.0060275383,0.022817904,0.008437424,0.011206384,3.947626,0.016310697,3.5485864,0.012800984,2.20353,0.015097116,0.024226965,0.018814461
39,0.076670945,0.2915868,0.036677618,0.045250602,0.0375556,7.1520934,0.15684561,0.048950966,2.844631,0.010509004,0.26713014,0.122455485,0.060148526
40,0.06633734,0.028466757,0.020488672,0.013237972,0.03723721,5.0466676,0.043892395,5.559453,0.020706728,2.935628,0.010357186,0.035841383,0.03403874
41,0.075601354,0.049143646,0.030728346,0.027670544,0.060854636,2.22997,0.3252619,1.8062322,0.05486199,4.6302323,0.033269852,0.11181521,0.917062
42,0.059675384,0.019013835,0.021050707,0.019409332,0.01476567,0.7207431,0.028106274,0.049090877,0.025673216,5.360893,0.013792043,0.07645062,0.14295042
43,0.059956975,0.016167076,0.013882673,0.017528249,0.016303267,0.31772405,0.031285886,1.9731308,0.04030728,4.270963,0.016432082,0.028145142,0.024687128
44,0.043633036,0.0071351016,0.025108231,0.1199067,0.02192219,5.1400437,0.08554038,0.014622288,0.011342905,2.0072045,0.009699386,0.03326931,0.019506635
45,0.022002745,0.009607021,0.008545154,0.0052378136,0.010243265,0.8517462,0.011555328,3.095831,0.06405203,1.6553909,0.79059654,0.031555988,0.018962134
46,0.033461306,0.011513959,0.023384077,0.00802436,0.017718758,3.1528416,0.022610689,3.182225,0.01231503,3.830944,0.010466213,0.029957976,0.023902124
47,0.13878568,0.037397455,0.3224746,0.1455159,0.1339914,0.30601603,0.3725933,0.9428349,0.052055493,5.6732426,0.06942546,0.5346741,0.6878182
48,0.11148557,0.022868691,0.052202363,0.049310416,0.046320375,1.6980019,0.07293539,2.1377108,0.019003298,4.638757,0.02033024,0.84838766,0.68591285
49,0.0720438,0.013368956,0.03069635,0.03199558,0.015762918,3.57912,0.023415081,0.024375053,0.012803084,5.523995,0.009209467,0.080530696,0.031664804
50,0.01912727,0.003143657,0.020084515,0.011461787,0.014677652,2.985429,0.020008236,0.6199383,0.0043461127,0.08449769,2.7364502,0.048051402,0.021383066
51,0.060773484,0.008510078,0.025533054,0.015272879,0.022558924,6.577499,0.038022414,14.111902,0.020230338,1.4329286,0.013009515,0.04105545,0.02495244
52,0.039662976,0.03081767,0.015238009,0.034306213,0.018166527,2.6479316,0.027838778,0.01259418,0.021983836,6.7981787,0.019743115,0.017559685,0.017034426
53,0.04027959,0.018310232,0.01236391,0.00921566,0.016878376,0.045793213,0.020509388,5.0661883,0.019191736,4.0897045,0.008151866,0.042749163,0.02665302
54,0.055820264,0.08409177,0.0150059145,0.014897398,0.020819217,0.7522158,0.028343275,0.024683628,0.020194495,6.36051,0.014309737,0.30206126,0.07987963
55,0.021683753,0.010108701,0.019765599,0.008841767,0.0101364,3.7316108,0.010956918,0.58967876,0.021568386,1.230671,0.28334826,0.01979325,0.016586682
56,0.024482312,0.063104965,1.2991191,0.07525697,0.08699619,0.024233682,0.076055735,0.61369926,0.0139596695,1.1672997,0.056229897,0.11302739,0.12438998
57,0.015227835,0.0053613535,0.010820929,0.004283564,0.007516949,1.6207867,0.006231133,1.900487,0.011891382,2.183779,0.028853277,0.011629438,0.008431909
58,0.038943686,0.01004873,0.0123940185,0.0148069635,0.016424792,0.0161947,0.027272614,7.6775007,0.011734688,3.7911453,0.00730132,0.042413857,0.02972458
59,0.06867807,0.014553634,0.03779615,0.5532155,0.02069515,8.635649,0.037769184,0.070479065,0.5132777,0.007162083,0.012486553,0.15306889,0.044522706
60,0.08767778,0.028570706,0.015323108,0.02397144,0.0186397,0.80543685,0.027586453,7.359553,0.461638,3.4187224,0.018055562,0.024376268,0.026094494
61,0.038996097,0.007377617,0.015126107,0.01606296,0.013257765,1.233513,0.017384743,7.241204,0.010580283,2.749965,0.0061075455,0.034775868,0.02297259
62,0.06399936,0.28357193,0.014760997,0.05243462,0.062227797,0.014681936,0.09465541,1.576148,0.046548784,2.6266427,0.18913631,0.22940658,0.67148954
63,0.07098618,0.006776937,0.07366286,0.051318243,0.019271094,6.993865,0.03698316,1.02669,0.015978804,0.6591472,0.13548851,0.022634702,0.02191767
64,0.052472815,0.1372914,0.022729227,0.65080976,0.16226375,0.26804298,0.0834451,3.0701435,0.020285979,2.696791,0.010996307,0.11533397,0.36946142
65,0.04361936,0.043294095,0.009009006,0.009419508,0.015572793,0.5609782,0.021763539,0.026351813,0.016969949,2.7094204,0.019370757,0.03197283,0.23244248
66,0.039560128,0.009539612,0.00850407,0.008794275,0.0251763,0.008888329,0.033324394,1.9896764,0.00521346,2.15783,0.008100621,1.5848126,0.636173
67,0.041621618,0.0207526,0.021004446,0.010466755,0.019520793,2.1297407,0.01714953,0.020539427,0.025526272,3.870162,0.036402762,0.027084157,0.033178378
68,0.12580334,1.655603,0.042806026,0.027438197,0.1928798,4.0325274,0.2243386,0.19592375,0.6928896,3.857775,2.3179162,0.16612722,0.1129975
69,0.09794162,0.021124702,0.099107765,0.2139587,0.046451673,3.9403665,0.07295613,0.24490559,0.01671781,3.811649,0.23956494,0.09978635,0.31832454
70,0.107180834,0.20768417,0.071568154,0.06509499,0.1350246,2.7679682,0.18290395,9.316549,1.4616808,1.4225651,0.023891376,0.73120195,0.764236
71,0.017543249,0.005039975,0.04003115,0.014455809,0.0070115654,7.221987,0.013623588,1.0677028,0.00811942,0.010550027,0.012763381,0.028274812,0.13091479
72,0.026734615,0.010078752,0.016746487,0.0119352285,0.0148414895,1.7650825,0.014596218,1.6232066,0.011189471,3.414384,0.011006431,0.70564616,0.14562698
73,0.06168518,0.004692632,1.4689319,0.01429583,0.011459098,0.019989176,0.0171639,5.060459,0.009540723,2.3233073,0.0070340754,0.04881872,0.024545582
74,0.042410474,0.0077181617,0.01986787,0.010669481,0.017846448,0.32995918,0.020147165,9.911529,0.024322296,3.650117,0.008436674,0.026042305,0.023321655
75,0.056538768,0.6432637,0.023478147,0.022432067,0.027650105,0.02108798,0.14772308,2.0293007,0.013622079,0.8783384,0.011854577,0.73658276,1.0889723
76,0.044710804,0.018366983,0.018229855,0.579764,0.021613376,1.8141145,0.055108707,0.26658267,0.019100575,4.1730304,0.017733326,0.20986553,0.96963274
77,0.07340501,0.026251359,0.04789143,0.15588483,0.02578871,6.531652,0.03990332,0.77393097,0.044442542,1.6018672,2.4973073,0.1810671,0.15508404
78,0.033084337,0.013217437,1.4179664,0.0073850458,0.010200797,0.012511183,0.015710432,0.013447268,0.014216055,7.7139883,0.008464233,0.024891356,0.01826595
79,0.084888235,0.02093383,0.037426606,0.05985454,0.03439044,3.5253327,0.05405771,4.6261215,0.023916181,4.418906,0.010824532,0.5403667,0.035921585
80,0.048212346,0.007384079,1.4257727,0.019639907,0.0112901665,1.4358532,0.0206102,0.33060127,0.008739029,1.7833102,0.0069951816,1.0438987,0.05467555
81,0.012618942,0.0064661424,0.012086015,0.0042482633,0.0062970603,3.2637248,0.005648551,1.1055638,0.015711326,0.8745357,0.23022282,0.01679274,0.013914506
82,0.029250236,0.007521389,0.027343873,0.010350372,0.011412069,5.176671,0.014517022,0.008581287,0.012916536,5.193796,0.013027787,0.014550025,0.010097564
83,0.0070849652,0.0038711622,0.0073604705,0.006089932,0.0047730803,0.011293559,0.004731693,2.9467304,0.0060142195,0.005354204,0.40230104,0.008270787,0.0086570075
84,0.03479084,0.028663203,0.007839073,0.11901948,0.014287958,0.0053530727,0.09472773,0.48071173,0.020343712,1.921484,0.109076105,0.09157591,1.608357
85,0.039850555,0.011979399,0.109292306,0.03426398,0.024665497,9.969188,0.037566196,0.09396231,0.014990969,0.5197106,0.43951663,0.02139675,0.023696302
86,0.03635357,0.016331919,0.13525598,0.034993656,0.043019067,5.8081274,0.05172977,0.60789514,0.009803479,1.8555363,0.011006663,0.14828421,0.3374499
87,0.09031545,0.09117441,0.09611995,0.16498402,0.059894033,3.4437773,0.29136768,0.24785623,0.020728897,4.1664095,0.014870499,1.0587019,0.1376422
88,0.074666664,1.0845208,0.08332713,0.1260919,0.055715233,0.99230945,0.2594404,0.38970894,0.010000911,1.6612073,1.5597055,0.2042646,0.65867966
89,0.054841965,0.2438871,0.049613412,0.026274554,0.031743117,1.0674436,0.019409046,0.35852835,0.015054361,2.3060513,0.037586775,0.07285447,2.077431
90,0.039829127,0.014661933,0.8324428,0.044172443,0.01985144,0.015841218,0.087376475,1.0624424,0.025966099,4.066272,0.044931896,0.31739876,0.16787551
91,0.032392044,2.1835256,1.8008275,2.3153176,0.026634986,0.37073773,0.02244905,0.016231708,0.021926764,1.1489784,0.009348809,0.025031742,0.016459925
92,0.035103414,0.014402079,0.035511613,0.013420912,0.027528193,2.7545056,0.04387115,0.4920004,0.018206082,1.7589693,0.31521598,0.050693247,0.17384562
93,0.01920245,0.004528822,0.007945801,0.007832635,0.018083107,2.1052673,0.015069658,2.974144,0.005212007,0.0052731405,0.0056255995,1.1742992,0.12324642
94,0.032641377,0.005270432,0.012724076,0.015909353,0.012222355,5.6565905,0.024274373,0.052721545,0.008299876,1.3491223,0.008651878,1.1368573,0.043667026
95,0.022675266,0.0068015973,0.011028964,0.011789503,0.22696309,2.6049798,0.028431142,2.232846,0.0063253725,0.010062644,0.6742959,0.03513615,0.031251784
96,0.03759579,0.009585906,2.6908529,0.014707723,0.014395247,0.029046217,0.037258014,0.556787,0.035130426,4.431229,0.030962812,0.07838427,0.5419334
97,0.047799364,0.0070148115,0.033104297,0.018677343,0.01900573,5.052264,0.03581011,0.05551882,0.009875779,3.110815,0.009278072,0.31418306,0.031079678
98,0.030135753,0.009134642,0.030594505,0.028753195,0.013845076,4.4989805,0.01822399,1.5111723,0.005778732,0.14773987,0.007261434,1.8065577,0.041451044
99,0.054661337,0.03696846,0.012356318,0.075380616,0.023147473,0.0112057375,0.037991676,3.6623957,0.042478804,4.4969,0.30493462,0.043111984,0.031844318
100,0.028307078,0.0045319977,0.0075521194,0.042876177,0.011660079,3.3662605,0.026921622,3.319461,0.0067221834,0.015102445,0.008784402,0.024552668,0.016087964
101,0.058466118,0.021709103,0.012787669,0.03308014,0.02667495,1.8980662,0.04655075,3.838744,0.03400144,2.5806704,0.009008682,0.15781853,0.037548117
102,0.032505415,0.016436324,0.031036748,0.022367194,0.03392302,7.2267585,0.04831576,0.011232166,0.0111880675,0.40747175,0.018733555,0.011392173,0.017742505
103,0.02517396,0.009650247,0.08961297,0.008602133,0.015088693,7.9663854,0.032354254,0.09969286,0.01114474,1.0542431,0.95731324,0.031220589,0.032210473
104,0.030208662,0.0081180595,0.013527347,0.008010485,0.020211747,1.6268473,0.019760048,0.022249257,0.018984571,4.792763,0.02185696,0.028045768,0.020796156
105,0.031454396,0.023334162,0.022785,0.03219689,0.013128731,3.6018114,0.015588717,0.49227864,0.019715738,3.6935878,0.36111048,0.024415245,0.025607904
106,0.0706734,0.32992345,0.059581906,0.03834741,0.023364555,4.480521,0.066907376,0.0428495,2.6750016,0.5340025,0.3706376,0.5226058,0.152595
107,0.066350915,0.028834615,0.025315676,0.01627273,0.032093342,0.020059463,0.06994253,2.6722958,0.37237597,9.409127,0.020598587,0.417656,0.17750931
108,0.051710457,0.018698934,0.06017591,0.057165418,0.01443527,0.138712,0.092857786,1.9109175,0.008566072,0.23012136,0.0108302515,0.77115005,1.0558217
109,0.023120446,0.003407497,0.009532191,0.0047815167,0.01203241,0.0055502593,0.014368146,1.8387376,0.0035104367,0.26019245,0.0053893537,0.9986421,0.08628874
110,0.15779568,0.24043113,0.06458512,0.21956572,0.039254475,3.4513457,0.10974489,1.6409899,2.106286,0.41644415,0.015254012,0.8826535,0.7111679
111,0.0693175,0.0403594,0.029128524,0.014934149,0.024727246,2.5998197,0.023592493,1.7571368,0.034543507,4.586097,0.020865232,0.034183167,0.040703714
112,0.048071057,0.014311232,0.22661132,0.02233959,0.023496151,2.2986681,0.056006916,0.027589789,0.020452615,4.876605,0.020120839,0.07645471,0.037790883
113,0.03811734,0.08113303,0.0803932,0.061898842,0.021502744,1.0989499,0.15809594,4.6086216,0.024825564,0.05273473,0.015414965,0.06691976,0.10387952
114,0.057973836,0.0140272025,0.040204942,0.016688539,0.030522492,3.5186663,0.052588243,0.1517208,0.01414827,5.940457,0.01813712,0.096842594,0.29677346
115,0.08592939,0.00533897,3.0406377,0.013793989,0.015825363,0.33362755,0.0897445,0.40247887,0.00838498,1.2602899,0.0068339133,1.96496,0.085881785
116,0.15828182,0.02012345,1.221594,1.182529,0.047045764,2.3827028,0.1274709,0.02139097,0.016311394,2.647462,1.9861871,0.05554655,0.044822406
117,0.03389695,0.008981031,0.00921779,0.006629177,0.010949407,0.036341004,0.01533949,5.912734,0.017730206,3.903337,0.0062975627,0.022125358,0.016848719
118,0.058444668,0.009537855,0.013784891,0.011104308,0.028195992,1.7495532,0.023620162,7.587832,0.027938183,2.2464395,0.015232429,0.24075314,0.03291549
119,0.124856606,0.02874227,0.035597764,0.020493543,0.056172904,0.65910393,0.14818874,0.92333704,0.015029945,3.8725078,0.018949242,1.7012328,0.17619543
120,0.031805888,0.005270977,0.014048234,0.029877566,0.010431161,2.006657,0.015131701,2.5700893,0.0064324057,0.005128359,0.004935733,1.3753542,0.07095613
121,0.05655065,0.018666549,0.021669544,0.04684281,0.045856472,3.4171987,0.05444845,0.14158975,0.012024781,3.2381568,0.013582531,0.4127704,0.2743686
122,0.034227937,0.011979854,0.026833517,0.016820418,0.015005777,1.2293437,0.01965586,0.74295413,0.0073347474,3.1854494,0.008870364,1.0716857,1.1287438
123,0.019616593,0.0059471014,0.010552671,0.004206252,0.011844222,0.013531398,0.01776133,0.027127247,0.010189218,4.6530685,0.011565326,0.015852042,0.018754147
124,0.047611695,0.010719754,0.13665195,0.017510094,0.024916828,3.3847961,0.034564964,3.8068333,0.013205428,1.3303887,0.014483906,0.76434314,0.15233713
125,0.025843065,0.009739621,0.00814452,0.008325022,0.011047937,0.9817586,0.02424499,3.1469038,0.005297185,1.4060458,0.005998382,0.4898458,1.2069975
126,0.034353007,0.034489967,2.4838736,0.059748366,0.029563827,0.043722317,0.09974066,0.33523506,0.018021805,3.247317,0.011846043,0.113688335,0.54297924
127,0.035164073,0.24979433,0.037370548,0.11514108,0.028855897,2.968418,0.030986696,0.31379434,1.5796632,0.24334192,1.7571969,0.0507117,0.2333126
128,0.049300183,0.25427976,0.35701254,0.15792817,0.5004031,9.383982,0.08787779,0.29303312,0.079056114,0.896267,2.958944,0.019028276,0.02613331
129,0.08434309,0.17073043,0.063835114,0.16067986,0.013069677,0.009219337,0.1230556,1.0916029,0.012197758,1.450188,0.03177326,0.15304163,1.2479435
130,0.04724279,0.02740141,0.031783856,0.019029321,0.021069821,2.4658546,0.016680975,0.02125659,0.0151632,6.469702,0.01338745,0.06323066,0.024884563
131,0.08268042,0.029747158,1.2292814,0.018247377,0.038355548,0.020061411,0.06366866,7.128311,0.039149188,5.115218,0.018856246,0.09759484,0.06722235
132,0.031640336,0.032836568,0.028873917,0.019472873,0.022873301,2.305116,0.031546537,4.454414,0.02187174,2.057909,0.44116595,0.023687035,0.021313319
133,0.021520672,0.005040125,0.0075444602,0.11835978,0.013394916,2.1020489,0.02110204,6.0848837,0.012420788,0.0041086613,0.80954885,0.028003195,0.021124598
134,0.082255624,0.00909645,0.079487264,1.2458593,0.024811126,7.561831,0.05514993,0.045771554,0.010434039,1.0189261,0.008649704,0.4850636,0.19114926
135,0.08141671,0.025209587,0.13156046,0.0144347325,0.038687028,0.55741024,0.082246915,0.31309965,0.015196108,3.9989474,0.018306818,0.8134992,0.073352695
136,0.065239385,0.017895028,0.0713787,0.011814364,0.022839697,0.016437234,0.030887604,0.011370352,0.02778518,14.891026,0.019947056,0.019277254,0.016993728
137,0.046125226,0.05696033,0.026464704,0.012006089,0.06920813,0.012774489,0.032725397,4.073415,0.015150267,0.6998354,0.0063751414,0.05014519,0.046927564
138,0.075610794,0.12469896,0.028497312,0.015593078,0.021823328,2.7958267,0.07566688,0.027215319,0.011581691,4.745956,0.016065978,0.11634143,0.2695301
139,0.05005594,0.0473574,0.090063974,0.013308255,0.026949655,0.0640521,0.050056133,5.0967355,0.07059647,4.686785,0.028903455,0.033401534,0.04089862
140,0.0651788,0.007301011,1.6271333,0.015625328,0.024186075,1.7987489,0.02281649,3.9255865,0.008191466,1.383487,0.007167422,0.98275864,0.05988208
141,0.053830743,0.02835066,0.1295483,0.57719254,0.10521029,0.01361822,0.04627871,1.2497745,0.008281255,2.9497163,0.008297177,0.5145571,0.11606969
142,0.118389495,0.014145357,0.9543066,0.02148882,0.026508776,1.6163435,0.0550716,0.043435067,0.014430315,6.994995,0.016160373,0.100697175,0.24235766
143,0.08409827,0.105889186,0.040412094,0.06515384,0.028129723,2.4692733,0.1592113,1.7768259,0.026687514,1.1059563,0.09370006,0.4637722,0.3327177
144,0.028176362,0.002992928,0.0069574476,0.006963741,0.0087081995,3.6615236,0.010048319,4.8534603,0.006684312,0.006339391,0.008291656,0.014754524,0.014298672
145,0.12674259,0.041249726,0.02922152,0.034503464,0.90276,1.3548017,0.22501816,0.22964092,0.036268175,8.920773,0.025428556,0.4540599,0.9178287
146,0.03116977,0.010195165,0.0287208,0.006784754,0.010751958,4.7629504,0.015840461,0.007225435,0.016564295,6.9479523,0.012464939,0.012810206,0.009810792
147,0.17778988,0.01708846,0.82987505,0.1493719,0.08307722,2.6138873,0.07868054,1.6437865,0.028155468,2.2939692,0.015859874,0.11270086,0.1476896
148,0.05331164,0.01594257,0.024661627,0.014571009,0.017958557,2.3925264,0.02349291,0.042540014,0.014585856,3.1324039,0.008414906,1.1112794,0.032866236
149,0.1019448,0.33448344,0.029162498,0.068150625,0.06211371,5.109248,0.24500737,0.32947117,1.1638609,1.0931607,0.021793263,0.96990216,1.0026084
150,0.09976623,0.03725517,0.03574637,0.0322539,0.01886962,2.030582,0.02177558,4.5067005,0.01684958,2.1859095,0.010618534,0.05733088,0.08207766
151,0.035160985,0.009587484,0.010815461,0.012035769,0.012264927,1.828629,0.04524235,0.96259236,0.021956977,3.8455057,0.22010705,0.14117771,0.078632824
152,0.070262745,0.01767462,0.026342124,0.017973851,0.042066835,3.1185443,0.39675495,4.9778056,0.02146167,5.7665586,0.026076337,0.032399718,0.024826966
153,0.058110934,0.1758353,0.079011895,0.039482187,0.07218653,8.474395,0.051982865,0.10742814,2.4715276,0.41606134,1.0944017,0.026333053,0.022114271
154,0.07992438,0.018914592,0.02860142,0.041989133,0.05303197,4.347606,0.062779985,2.0955725,0.018033398,2.0724242,0.030836474,0.053876612,0.053340115
155,0.027161984,0.0070011034,0.019708822,0.0063342284,0.01646485,1.2543424,0.015264599,0.01716615,0.02270334,7.101108,0.013897457,0.015872665,0.014084956
156,0.040563833,0.26005408,0.06735117,0.013094066,0.03394314,0.103859566,0.06877227,3.3763914,0.013718408,1.8634638,0.12133024,0.4754095,1.2922341
157,0.02783892,0.015629826,0.018041125,0.008273667,0.011445704,0.38212863,0.011305436,0.9546154,0.17042807,7.048877,0.5982566,0.0347649,0.04154354
158,0.024211256,0.0074475086,0.030707998,0.0067661256,0.014034898,5.2528887,0.012448138,4.2392683,0.012903254,0.7370955,0.013826961,0.028272677,0.030375313
159,0.038312364,0.008276803,0.025667135,0.013688373,0.011548699,1.4083874,0.109088354,3.253795,0.01374765,2.695979,0.010643129,0.034169443,0.052765243
160,0.26824617,0.02663199,0.03777842,0.25802535,0.036256906,3.767246,0.18575093,1.2458653,0.013121325,1.7169496,0.019817755,0.7644248,0.7493578
161,0.03823351,0.009124533,0.018435106,0.012812223,0.026028018,0.6695537,0.026951551,3.4067566,0.00781781,0.5688081,0.009212877,1.0206945,0.83445984
162,0.017364256,0.012331636,0.014088822,0.0067575388,0.0063600675,3.8115103,0.0077203284,0.15027325,0.031892553,2.9767263,0.45012763,0.01797511,0.019805456
163,0.060815882,0.29264027,0.24492842,0.053207714,0.083776996,7.4201827,0.119770706,0.03349747,0.018938113,1.6601889,0.025768794,0.021039603,0.018205618
164,0.025746658,0.019585285,0.022009226,0.0070077744,0.011263155,3.3359091,0.011760117,0.15851519,0.026301682,3.5635433,0.020993449,0.19990785,0.048235144
165,0.042897124,0.016992895,0.015324627,0.009910064,0.012287935,0.022906603,0.013246409,10.92504,0.027373686,1.9726675,0.008808133,0.01532531,0.013296126
166,0.121790625,0.83442736,0.036105238,0.05311306,0.0970601,4.03374,0.14267161,5.103477,0.8356774,4.6585207,0.029718107,0.13603069,0.2210137
167,0.07417931,0.022843149,0.013528496,0.051826637,0.022922952,3.1444707,0.071448416,0.044878885,0.01351731,2.172526,0.011926252,0.07427282,0.04131426
168,0.033596363,0.004659418,0.019369263,0.014285599,0.010135121,5.790437,0.013262826,5.161941,0.008371729,0.007339639,0.012681018,0.011620567,0.012368052
169,0.029257987,0.0032104482,0.010259979,0.011858059,0.015338724,5.964209,0.013987175,6.629836,0.009788801,0.0032301217,0.007629153,0.021728499,0.015427232
170,0.06516277,0.007016228,0.703286,1.2741481,0.28000775,2.394363,0.050723936,0.06141978,0.0054072966,2.4891112,0.011712841,0.7372236,0.13218088
171,0.050611287,0.022972764,0.018797023,0.009110479,0.020125994,0.36866903,0.025857376,0.02966597,0.02858989,7.5459805,0.013230246,0.056521527,0.023899691
172,0.05306651,0.047680076,0.082679294,0.076007925,0.014099289,3.1830423,0.018485604,2.3354814,0.022068027,0.9229785,0.015184698,0.03300784,0.030289784
173,0.048352107,0.08260078,0.017987711,0.021688089,0.025920093,6.393648,0.032154173,0.023067614,1.6248269,2.8016074,0.010003433,0.031167498,0.03200501
174,0.05807533,1.2199563,0.024776572,0.024528887,0.12130726,1.8128754,0.06697023,6.936571,0.8681831,0.97709,0.008300833,0.04610706,0.031945188
175,0.0436559,0.021892354,0.018356914,0.015980767,0.02684798,1.551605,0.05951548,4.69001,0.011601193,2.9626603,0.011017206,0.77325964,0.09374531
176,0.023235532,0.0049035577,0.013232632,0.0063705686,0.0077586262,1.1354266,0.011117142,1.2599808,0.0037897802,0.18262209,0.0043799193,1.5971866,0.6195797
177,0.041237533,0.021104366,0.014112678,0.008168961,0.013375106,2.0428677,0.019034846,0.13183904,0.108850144,8.953869,0.06287403,0.037527803,0.031482816
178,0.04930673,0.0059967395,2.035731,0.0811268,0.04094202,3.4793212,0.05878165,0.50458515,0.0090694865,2.125176,0.010450712,0.03593268,0.02876262
179,0.15871188,0.04065006,0.07917721,1.506689,0.11583208,3.022674,0.4634192,4.0959034,0.01462264,0.3306572,0.080674104,0.057130255,0.66593957
180,0.08301028,0.27453318,0.029730482,0.029496554,0.060862344,1.1580602,0.07637813,7.68355,0.028802138,3.2268083,0.008563168,0.27213556,0.07862709
181,0.045373842,0.096250854,0.01967793,0.05636788,0.04114565,4.1516156,0.039932102,0.036696363,0.015508968,2.899571,0.01467571,0.20154826,0.18096378
182,0.08742838,0.09685977,0.44127607,0.021723418,0.078906894,0.031954303,0.03610871,3.6939151,0.06181479,10.336269,0.025301805,0.06990513,0.045633044
183,0.022220962,0.00869165,0.015327318,0.0052930275,0.015601109,1.4152727,0.02092767,0.22215308,0.022733707,5.324966,0.37042773,0.03040236,0.035487063
184,0.025291743,0.0063211317,0.19151731,0.035505112,0.0130007975,5.5235376,0.024755888,0.8825423,0.006205196,0.3569101,0.01138844,0.049248148,0.10469776
185,0.048894662,0.0060500144,0.0077810595,0.092967056,0.0147616435,0.5564532,0.030519597,6.5251718,0.008387507,0.0068079564,0.23911938,0.39756557,0.11058965
186,0.0864605,0.0074778553,0.34112382,2.267954,0.0432838,0.008411522,0.08727887,0.9583989,0.010650651,3.5421872,0.009238499,1.9264429,0.23197378
187,0.14006677,0.049490605,0.022422578,0.022392146,0.062637724,2.926967,0.081017345,18.748266,0.0805967,2.7025466,0.013657311,0.047786232,0.052511748
188,0.042861808,0.16590524,0.040778257,0.021260854,0.027818969,1.1612571,0.10208785,1.2899503,0.00949903,2.109959,0.0103485435,0.46395296,1.4852779
189,0.05473055,0.01890037,1.8447717,0.16171654,0.04343874,0.06764065,0.06350928,1.378495,0.032652985,6.3736486,0.01961292,0.046285678,0.055356022
190,0.022950158,0.0047886535,0.1479403,0.02675072,0.013661424,4.744239,0.019047605,0.7493294,0.006733612,0.006722016,0.010349628,0.085066244,0.020600896
191,0.026239125,0.009011461,0.017409274,0.0065895338,0.008112567,2.8551035,0.016675634,0.026823541,0.026148593,5.427527,0.06737365,0.0145037705,0.012519872
192,0.08635938,0.0614907,0.031827193,0.50737584,0.5481459,1.9204677,0.33579534,2.06804,0.030131621,3.9484806,0.013343084,0.05727729,0.037896376
193,0.042926632,0.012148365,0.15654115,0.030059122,0.014533099,0.0073060323,0.17767845,4.1169143,0.007816267,1.047022,0.005073669,0.8177108,0.5063357
194,0.06242874,0.1742664,0.016645087,0.01706428,0.049002875,2.4854198,0.07935426,1.9285681,0.020388452,2.6211667,0.054171417,0.058417354,0.736255
195,0.036383662,0.006499944,0.09484809,0.014213652,0.017079825,6.1897874,0.121307574,2.2305474,0.009518975,0.020122143,0.021050297,0.038243305,0.021524692
196,0.05275105,0.04799781,0.056367278,0.17133394,0.06802249,3.831501,0.080146365,3.0657218,0.014552941,0.016132392,0.81100285,0.42192027,0.52970564
197,0.090977974,0.009154485,1.1597586,0.9400612,0.020509131,1.7942502,0.1458832,1.805353,0.00803783,0.8041836,0.011159858,0.80882806,1.3488964
198,0.01084352,0.0017222915,0.008535307,0.0035387978,0.005204357,4.0682077,0.005361923,3.246371,0.0045603584,0.0024731092,1.5763038,0.006755968,0.0068738614
199,0.070235595,0.29623818,0.05349275,0.14530876,0.052804913,2.570658,0.06564135,0.02854655,2.5767775,2.6718626,0.011091751,0.045473564,0.033090584
200,0.03542522,0.011018502,0.012503622,0.0084240865,0.015210714,2.8706374,0.0159886,1.4726144,0.026135249,2.4241798,0.56807715,0.025061779,0.025244284
201,0.02311482,0.006673075,0.050804168,0.016435469,0.01632079,5.7813888,0.06490672,0.50005704,0.010105093,0.08332935,0.035687618,0.104518496,0.035618488
202,0.022303248,0.007986356,0.013324,0.006449295,0.009509159,3.6486192,0.017418034,0.023712967,0.091490306,4.7857018,0.0191091,0.018327711,0.012518857
203,0.070853464,0.011983915,0.03324384,0.02075918,0.03379273,4.8852725,0.031382512,19.097048,0.02251634,1.7639245,0.012114983,0.24165209,0.029724544
204,0.06997325,0.039242998,1.7680806,0.03593097,0.024470905,0.39516,0.08419883,1.647779,0.024708169,2.9702358,0.036858875,0.782461,0.15551709
205,0.062102698,0.09757189,0.025448715,0.067475766,0.031277027,0.008035761,0.25587657,3.011686,0.013046666,1.9055274,0.009496664,0.47384283,1.032248
206,0.1366337,0.17404057,0.026993752,0.029289866,0.08950547,0.029563673,0.10205102,0.048070494,0.04458024,12.1572695,0.024039738,0.19529453,0.44651487
207,0.025842544,0.007791928,0.025998944,0.011840736,0.013173836,6.8644238,0.012917623,0.020381417,0.013463753,2.2413683,0.0122070955,0.019621309,0.013191849
208,0.08238332,0.008326943,0.010510611,1.206534,0.02033673,0.7195319,0.030862657,5.979256,0.014294197,2.280348,0.0074448423,0.9047463,0.25915885
209,0.026214745,0.009029391,0.061076738,0.05969436,0.012817258,5.0585475,0.019259907,1.1152797,0.008540277,0.0458056,0.014715701,0.033972044,0.019810816
210,0.055496678,0.03634063,0.020311687,0.06901596,0.029591357,0.24969795,0.034285598,4.6630898,0.21737328,4.0035233,0.02188768,0.049121562,0.059549984
211,0.021384535,0.003987278,0.0046786135,0.007605191,0.010615558,0.8354066,0.014510292,8.566603,0.0065191695,0.00470454,0.0044300575,0.0671041,0.025526425
212,0.035393324,0.010731501,0.012176626,0.022050284,0.046498325,0.00826275,0.029210879,6.682152,0.0047843107,0.0143076,0.0051195263,1.2357442,0.17941068
213,0.17441216,0.008226832,1.6344098,0.030117761,0.051166046,2.1808996,0.06327305,7.5022955,0.0064339447,0.011135135,0.00584572,1.0833424,0.11269205
214,0.040271103,0.016085675,1.848719,0.005335131,0.010337236,1.3449105,0.013007385,1.2373451,0.016405739,4.383795,0.013935458,0.024111768,0.025136404
215,0.04983655,0.019536216,0.04311748,0.021750802,0.035783496,1.4817129,0.048167348,4.4587526,0.023884201,3.831857,0.025157075,0.04789887,0.044971954
216,0.05415989,0.010915394,2.0725546,0.012097708,0.021108914,1.2805967,0.06443034,5.603245,0.010321273,1.7405448,0.0051551447,0.061706968,0.044761054
217,0.039996646,0.21406701,0.014853791,0.024716495,0.033748467,0.01414656,0.016400581,2.7062318,0.047401283,2.2769625,0.053367827,0.027882416,0.027071608
218,0.035965215,0.0065452107,0.12815219,0.050056323,0.014972039,4.2666035,0.026624631,0.009665134,0.0077041793,0.5467792,0.006550856,0.016819214,0.01284304
219,0.13324353,0.026193451,0.28143775,0.13522767,0.04618727,2.5144472,0.1477846,1.134558,0.015509567,0.6438822,0.0079817185,1.1915454,0.2639555
220,0.015102588,0.045613732,0.012298482,0.016358728,0.006665241,0.0099254595,0.0077836458,0.5455427,0.008031821,1.8125504,1.3295438,0.028132552,0.027133282
221,0.07640532,0.019386012,0.1800392,0.04436735,0.041525405,8.920009,0.060655423,5.7426505,0.018941596,0.012605613,0.4083037,0.090287335,0.10027994
222,0.103817165,0.17280087,0.01937084,0.0889919,0.054114304,0.018177932,0.09063762,8.644241,0.04219862,0.014193937,0.116969004,0.066238,0.10912869
223,0.045406487,0.07423094,0.014373744,0.010960036,0.02089089,0.016050097,0.038285095,1.7364725,0.030475648,3.516912,0.3328511,0.03676267,0.03494634
224,0.036860127,0.014077939,0.02130601,0.01140021,0.01481997,1.6912762,0.034550875,1.2457645,0.010082285,3.524734,0.0092872735,2.0732367,0.08485487
225,0.035661623,0.034298074,0.010388877,0.023605509,0.018323353,1.0372069,0.02227565,2.6925704,0.010125843,0.08330359,0.009427601,0.84331083,0.8338077
226,0.03478596,0.0071945004,0.15580316,0.008078787,0.025639048,1.9768519,0.013539485,5.275154,0.01550312,5.2889986,0.0098797465,0.02340082,0.019062066
227,0.045524057,0.20965539,0.02802402,0.03660572,0.014163482,2.2966375,0.018922934,0.023715602,0.017997518,2.5522287,0.008794733,0.16980475,0.041946318
228,0.265185,0.36306968,0.22012411,0.19124869,0.03664333,10.030534,0.052073617,1.0040674,1.3633379,2.341664,3.1420405,0.060940802,0.08297597
229,0.019104542,0.0029422669,0.0074056503,0.007548231,0.009437677,2.65133,0.010775433,5.2190332,0.007094632,0.0031192345,1.9697503,0.017131286,0.013225743
230,0.052880496,0.010716523,0.026154421,0.015272013,0.031073984,7.8258204,0.030366102,0.05233005,0.017387884,1.0726333,1.2984931,0.028850764,0.024520105
231,0.028867075,0.0059990017,0.014520843,0.015838165,0.022984827,7.1687455,0.037394997,0.017498333,0.0064202403,0.0074054184,0.0070904833,0.23861457,0.03147264
232,0.027530171,0.48926628,0.010930008,0.3412707,0.013728652,3.404595,0.01770423,1.5504681,0.012104863,0.019729756,0.009675422,0.031701155,0.034708723
233,0.018386971,0.00378392,0.05245532,0.16346352,0.010257606,2.35411,0.035513803,1.8531377,0.005904816,0.01224179,0.14257306,0.07838949,0.09852096
234,0.02352587,0.0072885687,0.075433694,0.011720284,0.034011777,4.0908027,0.030231835,0.9260986,0.017865544,0.8444966,2.506359,0.02290925,0.030089717
235,0.056981556,0.01866721,0.036838125,0.019429244,0.03986278,4.711146,0.04852945,1.3754101,0.01675978,2.6039906,0.012057056,0.9589646,0.06845696
236,0.0709518,0.038672797,1.514362,0.021962458,0.024315499,0.009111439,0.02566994,1.3772188,0.015685381,6.646406,0.013080744,0.04750031,0.06480541
237,0.0685453,0.018534593,0.042190403,0.071657605,0.035861604,5.3983297,0.03082795,2.272844,0.043150455,1.5843807,2.4559693,0.21175054,0.44451362
238,0.05872011,0.016387403,0.0212756,0.018362623,0.026259614,1.7450701,0.024777226,7.4507494,0.012574583,1.4475374,0.008819563,0.029401403,0.024810158
239,0.03247642,0.009296602,0.03289339,0.008383109,0.013010068,2.2412012,0.018594416,0.016463853,0.01080131,7.203517,0.009452413,0.020267947,0.016347738
240,0.037115976,0.007488851,0.013923047,0.007072061,0.01683717,1.0434253,0.021082696,8.488522,0.026774487,3.6012723,0.010715082,0.018931607,0.014332107
241,0.056720413,0.010851812,0.017003972,0.028846249,0.027006952,2.5471835,0.03417384,6.434128,0.011707629,3.0137346,0.010498249,0.25246355,0.07028961
242,0.025022428,0.008692842,0.057136714,0.013523908,0.010630637,3.1797268,0.012254734,1.9158798,0.018987935,0.13257894,0.17145123,0.049564295,0.022620292
243,0.12982877,0.0407421,0.05124725,0.03199802,0.026453461,2.8801413,0.037461415,0.038839437,0.0272237,6.7740808,0.026064152,0.16840227,0.078311875
244,0.07359668,0.018416971,0.24062599,0.3897086,0.051483978,16.146423,0.040508848,1.044702,0.013402827,0.26270023,0.020706523,0.059710097,0.04839023
245,0.09066036,0.012447163,0.013105195,0.032912724,0.06359541,2.8579924,0.09447933,10.175438,0.021900564,0.08187149,0.019460779,0.02891384,0.032022208
246,0.05221423,0.033984724,0.031810123,0.042430907,0.030834043,3.7328663,0.031206354,7.888465,0.024712691,0.2018189,0.52701616,0.105385095,0.62066746
247,0.03457933,0.010405852,0.012243528,0.0072169714,0.009346,0.036246613,0.012789055,1.9612905,0.112759724,8.107645,0.059367888,0.013707512,0.013500025
248,0.0740522,0.018184327,0.043962568,0.06635305,0.019975998,2.133828,0.03057064,5.209923,0.030232573,4.743949,0.03711627,0.3848366,0.1401832
249,0.028252041,0.031737704,0.03118903,0.009671466,0.009010258,6.9192185,0.015097572,0.01188598,0.018904911,1.1648151,0.01801897,0.015278859,0.008550733
250,0.030795934,0.0057196193,0.019350603,0.06979699,0.3714032,3.0834363,0.05330285,2.3308792,0.009224605,0.010771444,0.33240244,0.027992135,0.025295911
251,0.030425353,0.0075894804,0.013360522,0.009157006,0.014373492,0.3568421,0.01145566,3.5903654,0.024936078,2.8313103,1.315661,0.013992115,0.0136030335
252,0.036822516,0.017640105,0.01392424,0.0142718125,0.021529306,0.016123222,0.024977813,1.4197443,0.037060443,7.250994,0.55200267,0.032458138,0.047565587
253,0.058202706,0.019172171,0.3471219,0.19781147,0.028032271,5.4364443,0.038004793,4.9335637,0.0132176345,0.013289246,0.013192164,0.038304124,0.030117352
254,0.03460483,0.024325665,0.010585651,0.0078931535,0.015932752,0.025774548,0.019280989,3.1687968,0.11009564,5.0460296,0.022448538,0.043283146,0.049350347
255,0.0990231,0.007976902,0.09241136,0.22645262,0.03276955,6.1941094,0.043843795,3.8102036,0.011840219,0.07528591,0.012851024,0.061482087,0.06012002
256,0.020413982,0.011112861,0.014004847,0.0059921043,0.011906585,2.2359035,0.013327794,0.33544192,0.026177358,3.8497496,0.019605523,0.018846482,0.014293398
257,0.032584257,0.00731523,0.08543543,0.015639666,0.021207724,0.006380457,0.062148534,0.8815957,0.007186767,0.20099114,0.018408429,0.43515527,0.7068403
258,0.05244941,0.01395052,0.027008684,0.024453016,0.0113450745,0.013831823,0.01645048,3.381187,0.015114534,3.0245008,0.008366265,0.03685971,0.026787842
259,0.037988193,0.0106894765,0.031604122,0.040864136,0.030963369,1.5020651,0.052972127,2.4232054,0.007727443,2.5321689,0.006832803,0.71314853,0.055624973
260,0.046990044,0.011111891,0.044881757,0.055756405,0.015248746,3.6480541,0.029986838,3.6011462,0.017923307,2.837519,0.10289212,0.054816123,0.09343601
261,0.022027478,0.011592797,0.013791064,0.0076233624,0.009837434,1.5465213,0.019720908,0.46906334,0.013680147,4.4130387,0.04082467,0.022216424,0.03895551
262,0.041279405,0.017424015,0.017289652,0.035918802,0.0191585,0.0076826215,0.06896919,2.2664685,0.0068225265,0.28868607,0.049437106,0.558526,1.1418647
263,0.042982087,0.0052709077,0.010237701,0.011525761,0.019373957,3.3239408,0.023272177,6.9002004,0.0110400105,1.9080123,0.0074641476,0.43382466,0.03304374
264,0.18354294,0.010869334,0.022762321,0.022203116,0.030638399,1.3936667,0.0384013,3.4168503,0.013674725,2.651877,0.0069140834,0.060902372,0.052763466
265,0.03682096,0.25455666,0.021869758,0.019249426,0.024566382,0.010220193,0.042629734,1.2939037,0.023916878,4.798033,0.01799475,0.28261024,0.14623493
266,0.42876807,0.029408697,1.7707227,0.09811096,0.07821569,4.2141695,0.14253317,0.13044277,1.5714225,2.384629,0.015413059,1.0068747,0.07515212
267,0.015068158,0.029218083,0.049614254,0.21111155,0.018889297,0.01087599,0.023328764,0.6097333,0.011638823,1.0085937,0.5829271,0.046964686,0.6582048
268,0.11804789,0.053803194,1.0626744,0.095729396,0.06536285,0.045911945,0.24754031,2.10949,0.011989392,2.5255492,0.01117743,0.96346587,1.0016726
269,0.06815452,0.025064932,1.2412118,0.24676026,0.026641218,3.2580612,0.042749338,2.745419,0.021738898,2.0745857,0.0623321,0.12818456,0.052447844
270,0.03833597,0.004935384,1.3181387,0.020039232,0.0320864,0.31051293,0.06428688,0.05493342,0.006514213,1.9498733,0.22024326,0.07073747,2.570924
271,0.069469854,0.019694204,0.931081,0.07588696,0.053104673,0.012851793,0.22765608,2.069668,0.014285468,3.3615644,0.0847656,0.7412747,0.31090698
272,0.28804225,0.039501853,0.046061885,0.03672013,0.07025139,8.38285,0.05170053,15.909899,0.47557345,3.4960203,0.027618669,0.063514054,0.050430868
273,0.07036929,0.3061213,0.023213537,0.01838324,0.04243587,5.93615,0.03037757,10.843801,1.2696987,3.8138394,0.019804945,0.035696935,0.027010988
274,0.04672336,0.014478668,0.020744866,0.012817819,0.02297256,3.304089,0.029938258,0.03037973,0.031286567,4.9445844,0.018976726,0.01982913,0.020821508
275,0.018971438,0.037312627,0.007806653,0.00678245,0.00799468,0.017810373,0.008041589,5.834805,0.026137821,1.7817398,0.03873893,0.014877225,0.017953008
276,0.12752116,0.78290135,0.022510793,0.10945815,0.21147306,3.7996092,0.10088705,2.337207,1.2897159,2.3238027,0.009083374,0.089555986,0.057727356
277,0.04311415,0.011010997,0.020917263,0.012496719,0.0129589755,1.2536656,0.018821105,1.1619723,0.04371202,5.835952,0.036969297,0.06515828,0.039395675
278,0.023359735,0.0056326054,0.020750482,0.007994932,0.013566656,0.9738698,0.012493119,3.5047233,0.019800901,2.433409,0.5868148,0.018295469,0.015302018
279,0.046197128,0.12496051,0.050038643,0.8832278,0.08075804,0.010512139,0.269046,2.592924,0.007471722,1.0628204,0.0116047105,0.929614,1.5141662
280,0.05780607,0.017502986,0.031930227,0.031048486,0.019451609,5.4049,0.024328737,2.1887708,0.012575155,0.621853,0.0076770047,0.03114045,0.027676996
281,0.014703991,0.0046276585,0.0075669326,0.011128833,0.008595405,3.4503808,0.017759575,1.4780369,0.007615258,0.0052401023,0.0109148,0.012256423,0.012742042
282,0.047437027,0.0257483,0.0133062955,0.101644225,0.054748252,0.014776332,0.09598886,9.152269,0.0162441,1.8990256,0.007843707,0.046633452,0.031991202
283,0.03271838,0.030337028,0.024452224,0.008763664,0.0109275365,4.3086414,0.018854234,0.027700491,0.030026574,4.980883,0.0155736655,0.02493544,0.034033973
284,0.108640224,0.034153298,0.018883588,0.023639243,0.052092712,0.07183442,0.039907813,11.27971,0.3045612,9.821461,0.04147048,0.035085913,0.031469796
285,0.044752147,0.01185087,0.034254402,0.015691219,0.0280383,2.2864468,0.023534313,1.2458338,0.0054533067,0.9320429,0.0062885587,0.789684,0.081336275
286,0.040800966,0.040037822,0.06384018,0.022319542,0.025328748,0.26260915,0.087748274,0.69955975,0.025522884,1.1676363,0.23233265,0.04645258,0.26160187
287,0.05000372,0.02154804,0.014070697,0.030693695,0.025254637,1.9252479,0.0282079,1.2001967,0.025285922,3.6741195,0.77588505,0.09305228,0.05365313
288,0.025593193,0.006824759,0.1569423,0.018777706,0.02286083,3.9787297,0.028651234,3.684644,0.006374902,0.014707478,0.0071034776,0.4441289,0.11077654
289,0.028676735,0.008127093,0.013011609,0.0061741658,0.01689016,1.762106,0.02754302,0.10831263,0.01317888,6.8461666,0.011346546,0.02728655,0.01824177
290,0.09024364,0.35568535,0.06180388,0.034983315,0.083901115,2.2040002,0.20492196,1.5939537,0.019342097,2.2767458,0.010999374,1.2056272,0.9537699
291,0.023689289,0.0048691942,0.01124773,0.005186659,0.011008088,0.043855444,0.0078051942,0.0570859,0.009519354,3.7292175,1.2682494,0.040692203,0.04136019
292,0.055628587,0.007942339,0.04208363,0.028037699,0.024228174,0.010109129,0.027820306,5.5241427,0.00816566,2.9937541,0.008380925,1.0723617,0.24624342
293,0.0464688,0.0049712462,1.52244,0.012894566,1.277536,0.08121304,0.10442852,1.3328164,0.016458971,2.090799,0.01011786,0.041293047,0.027765332
294,0.09351912,0.18681514,0.03972594,0.26773864,0.0636093,0.44639146,0.075295016,1.3269036,0.030934587,2.4252956,0.99470186,0.31801948,0.5185062
295,0.060822938,0.012817985,0.04069109,0.008448056,0.014916603,2.745635,0.017881244,0.07116254,0.01279993,5.6187873,0.01874127,0.034358207,0.021892378
296,0.03742007,0.010211233,0.02113001,0.017683035,0.019851848,1.2220628,0.062613614,5.047107,0.011792394,2.622481,0.011358627,0.46801838,0.19554046
297,0.05185685,0.014944169,0.027542755,0.012550042,0.021226935,6.6838613,0.028365336,0.017601166,0.03214724,7.2441883,0.025207924,0.028014857,0.029166784
298,0.062552005,0.031845618,0.12954709,0.031966027,0.041650627,3.8811703,0.18532842,2.8610983,0.02047917,3.141895,0.021632217,0.9409667,0.29051992
299,0.04859184,0.026213365,0.029671967,0.1621044,0.13775557,2.9553802,0.040684313,0.025378386,0.008208045,2.667305,0.006819525,0.30700785,0.055007692
300,0.028250696,0.020302158,0.00923692,0.008559556,0.0171879,1.0173703,0.016192598,0.1324476,0.006866209,2.9863482,1.9946363,0.05811663,0.025406353
301,0.032785162,0.017398486,0.0387731,0.018677175,0.01811315,0.54986054,0.15603721,7.9162025,0.01405448,0.014672113,0.011176522,0.12298723,0.093672484
302,0.015458846,0.0055855666,0.010827322,0.007950801,0.008769381,5.3839054,0.013999704,0.52909946,0.0055372803,0.02179755,0.55369407,0.042640597,0.10293221
303,0.031479314,0.11550357,0.028387954,0.060257662,0.041828286,0.005385387,0.08391027,1.9706385,0.0047655134,0.25545052,0.0049122917,1.0423689,0.8809838
304,0.070313156,0.0058698184,1.4941419,0.016494386,0.027142474,3.2583811,0.059083506,2.245587,0.008039244,3.718732,0.006726579,0.07040039,0.049180556
305,0.05364269,0.00678933,2.3789897,0.06691231,0.045999482,0.012845473,0.037238184,2.99265,0.007261932,4.011171,0.006267983,0.05040218,0.024745246
306,0.04008902,0.010531147,0.0246147,0.01687261,0.011062411,5.0405364,0.013677324,3.9497764,0.018223977,0.020969233,0.01418243,0.03325856,0.023833811
307,0.032045044,0.016149933,0.022961183,0.013580544,0.01075272,5.077238,0.013819208,0.016957736,0.013210759,3.9140546,0.012759971,0.027704477,0.031215223
308,0.014262439,0.003914551,1.6190591,0.007954977,0.00907317,2.0937865,0.011820053,0.043746375,0.0045493054,1.8593084,0.00522328,0.029877435,0.013781505
309,0.06329807,1.5303427,0.9717769,2.1695766,0.038155608,1.2831526,0.052618407,0.09116374,0.007497663,1.2764162,0.029265562,0.23906541,0.05102588
310,0.033101555,0.024755413,0.19054618,0.027830563,0.052364968,6.165166,0.080657616,0.022781085,0.004761936,0.7104289,0.008726176,0.22392932,0.11763021
311,0.017796641,0.0038778062,0.009346302,0.010295229,0.0071061403,3.7280047,0.010345192,2.912038,0.0074760714,0.010220337,0.008316014,0.014685291,0.01702725
312,0.09838199,0.00932142,0.023916597,0.024528647,0.019812997,3.5605369,0.06598966,0.35990322,0.0075911,2.3183756,0.008511012,0.7876961,0.3100482
313,0.038936548,0.016903643,0.018872114,0.046200644,0.0151429875,0.9158097,0.033034813,1.754103,0.011746252,3.0909057,1.2904214,0.06946104,0.084794916
314,0.023994256,0.0054969764,0.07880947,0.015602956,0.008960788,6.3512278,0.009747984,0.8178561,0.0059878416,0.0076013105,0.006863675,0.3258103,0.0315436
315,0.054438546,0.03478153,0.059338853,0.021015357,0.043921784,1.1566366,0.036565404,0.03589316,0.021381777,7.3436666,0.016664537,0.07093416,0.053467955
316,0.048287712,0.009778322,0.042584356,0.01583285,0.026412094,3.268797,0.024757171,2.954129,0.011365611,2.065207,0.009366465,0.10141911,0.03193675
317,0.061151553,0.027164113,0.030197416,0.021413533,0.021930603,5.4933643,0.025960844,2.4674053,0.037511062,3.5023968,0.29385048,0.023602426,0.02354741
318,0.052459728,0.049303778,0.013855587,0.015290685,0.09716663,0.014560187,0.04356959,5.202479,0.018803027,2.260819,0.0074726786,0.25409395,0.05976242
319,0.019770954,0.007138013,0.0084791565,0.01479867,0.011122171,1.9639645,0.012543726,5.7010517,0.032979243,0.25981846,0.22790793,0.01828239,0.016350118
320,0.013047517,0.005221208,0.02375664,0.008425938,0.024979366,0.7048007,0.016953094,1.542586,0.007995815,0.39944968,0.008568124,0.5840996,0.04154591
321,0.017031271,0.006414574,0.015571502,0.0072174915,0.008093235,2.13366,0.0102848755,3.0451982,0.016497506,0.41932383,0.33313355,0.017247993,0.017321402
322,0.022918018,0.100223854,0.17271039,0.16101715,0.11850188,3.4203742,0.22735545,3.1054575,0.005859813,0.0394898,0.037048314,0.030503443,0.05632149
323,0.06358808,0.023950463,0.035003863,0.12714696,0.023340454,2.2610238,0.031159727,3.249322,0.012603787,3.2506652,0.012873721,0.06504964,0.055805806
324,0.035469696,0.02092915,0.057883233,0.021556964,0.01947123,2.4482548,0.02098814,4.1013923,0.012012378,1.8447977,0.015676938,0.042158913,0.034958497
325,0.05087556,0.08311814,0.027133198,0.036758035,0.03521218,0.04124365,0.10160148,1.7849015,0.012626385,1.8384689,0.019786682,0.7724653,1.8583981
326,0.038360596,0.103515014,0.13777119,0.016384328,0.05905487,3.0120819,0.052055318,0.6915074,0.016293975,1.2719421,1.5687082,0.03365759,0.026975822
327,0.056545667,0.0073293378,0.017938003,0.99094135,0.043568548,2.0573087,0.022318097,6.04024,0.01938231,2.7903528,0.009616038,0.041539684,0.022065269
328,0.056441676,0.014441918,0.23703319,0.13026978,0.024194773,0.35568255,0.05109515,0.10778195,0.016563497,4.3260646,0.034540992,0.7751358,0.2731573
329,0.026042901,0.009606577,0.018046051,0.023689196,0.089950554,0.9684498,0.031464934,2.372463,0.0063690497,0.10207961,0.17277943,0.080097616,0.27776358
330,0.028870301,0.050769363,0.02848015,0.017542223,0.07738941,2.1013265,0.044367645,0.064806975,0.03755639,4.4977446,1.1879134,0.03194068,0.029979903
331,0.077185415,0.03315328,0.048882958,0.024163635,0.028733388,8.210997,0.030738674,0.9108346,0.02557879,1.9379599,1.9990714,0.034735043,0.18405765
332,0.053470615,0.016577415,0.02552438,0.013590471,0.020412482,0.014126592,0.052765444,4.366064,0.007268825,1.6087343,0.0114144115,0.83084357,0.43386266
333,0.048669167,0.011542295,0.39518937,0.11683859,0.04610389,4.742351,0.060451202,0.31185046,0.0074429247,1.5329707,0.008153609,2.3267114,0.06787005
334,0.030120937,0.0053125895,0.048896935,0.10340319,0.027763689,1.824553,0.47870818,3.2574062,0.0069536394,0.023060555,1.4616973,0.04599898,0.0381644
335,0.024051176,0.0055368887,0.006210436,0.004209551,0.010199097,0.58493197,0.007596063,1.1470536,0.15593995,0.23796842,0.02454134,0.014349677,0.0118957
336,0.02154667,0.02122858,0.037821576,0.019059736,0.010757575,4.5708036,0.011912178,1.4018931,0.007404784,0.14511769,0.7053761,0.47285026,0.022473149
337,0.048785906,0.045290973,0.050561987,0.010715744,0.01166187,2.7747822,0.14343217,1.6286083,0.018527832,1.407828,0.025202299,0.044406272,0.1077632
338,0.037882753,0.018307773,0.20186643,0.17248605,0.07410941,0.009109651,0.03959647,3.0516036,0.0073466,0.36569956,0.00571587,0.878451,0.654092
339,0.06761807,0.09210416,0.029263018,0.27657202,0.09053508,0.8368347,0.22292769,2.9777784,0.010769258,0.97670835,0.011589992,0.72281104,0.6953412
340,0.112784505,0.013346537,0.04679091,0.02202472,1.6304352,4.103203,0.058841538,1.4635464,0.023365278,5.4381275,0.014195869,0.14443924,0.05420684
341,0.053506784,0.016008977,0.38828006,0.100684404,0.01911519,0.017526636,0.030992202,0.10479878,0.009802843,4.84588,0.016062338,0.23213035,2.3425605
342,0.046688154,0.0035655682,0.009834582,0.04025659,0.016723003,0.009443277,0.047271926,8.180896,0.00558338,0.006718242,0.004037814,0.11558013,0.063053004
343,0.042751994,0.012941452,0.014726027,0.024309881,0.16004421,0.5989485,0.037758183,0.21798961,0.008987116,3.9152656,0.0067084944,1.0358636,0.05183564
344,0.025680445,0.010424149,1.4165787,0.012599135,0.009095732,0.28254387,0.019327555,0.22115101,0.019634536,4.640769,0.14784978,0.022454847,0.020574613
345,0.024686737,0.004704666,0.035932478,0.013436146,0.01328897,3.868158,0.025136923,2.0535293,0.010849383,1.8868178,0.013762783,0.034265745,0.024778325
346,0.11606808,0.023739187,0.058423724,0.024990486,0.03416377,5.2309213,0.08849019,8.2043495,0.01588508,0.29565585,0.010839813,0.2922929,0.2955249
347,0.029502476,0.008006468,0.011428153,0.023511866,0.016358789,0.049005464,0.028316999,5.26832,0.37430578,1.0007906,0.23113458,0.02954917,0.018493088
348,0.057984103,0.011931572,0.018657176,0.024715368,0.02739806,0.017605746,0.031797733,2.970248,0.021076998,6.470775,0.008482017,0.09218712,0.046318203
349,0.11726303,0.045030188,1.301595,0.10430553,0.0480923,0.82398814,0.09850849,0.04685078,0.020312538,4.1177387,0.023821672,0.18733631,0.35882512
350,0.090856716,0.016803412,0.014006167,0.102523424,0.028385047,0.01708873,0.2643692,3.0356622,0.019281164,2.3677754,0.50594324,0.50530607,0.1268953
351,0.02842097,0.01857322,0.28733343,0.012859087,0.018915605,2.3151078,0.025545772,0.06815048,0.015651766,1.7600751,0.017386448,0.073837295,0.24374345
352,0.03689142,0.0111070555,0.02057181,0.008807862,0.013475874,2.885451,0.017409846,0.012461764,0.015851121,8.335631,0.010850837,0.018525524,0.014553401
353,0.045917116,0.03019238,0.016878203,0.015246624,0.012838418,0.17227566,0.016576093,4.8832893,0.02788784,1.3505731,0.8125729,0.09526776,0.118275516
354,0.03940991,0.015517391,0.022203734,0.018843416,0.026664624,0.011731955,0.050582424,2.2459798,0.010861968,2.335776,0.00884232,0.9206231,0.2373342
355,0.036490295,0.006100348,0.025541995,0.015307272,0.018218858,9.364367,0.017895639,6.029146,0.01085888,0.004946262,0.010882336,0.031067273,0.019858342
356,0.031419247,0.0033721274,0.21364263,0.011387902,0.010959893,1.3944664,0.032298904,3.470139,0.0057847956,0.63509715,0.006731785,0.2342384,0.105526246
357,0.050273556,0.009057359,0.016721297,0.010905797,0.011368647,0.5198141,0.029760573,7.7180634,0.051271737,1.9263389,0.15227355,0.022581702,0.019603614
358,0.03398341,0.022182163,0.020757431,0.01219679,0.012992257,3.6528106,0.015908198,0.018630844,0.015012816,7.075655,0.014282796,0.028077686,0.029565236
359,0.023048062,0.008244399,0.0149965165,0.024065426,0.010903744,0.08325239,0.009744825,0.09691787,0.008526718,3.2026217,0.28714135,0.027920987,0.02080299
360,0.058797084,0.018886754,0.16272837,0.034134902,0.069672726,8.862395,0.036797546,3.4606764,0.47954705,0.00801259,1.2049998,0.019161325,0.019928481
361,0.020496005,0.006458805,0.012906166,0.008988364,0.00960374,1.4121472,0.0096342955,6.1984816,0.0289283,2.3016226,0.016450236,0.028086647,0.019381028
362,0.0643705,0.053967293,0.033712838,0.024882644,0.024541475,1.4813397,0.023677038,1.3652,0.01617951,2.9750106,0.014548036,0.08217633,0.14553657
363,0.03778035,0.032593276,0.03039979,0.035088345,0.019230204,0.020337012,0.040495638,2.9775274,0.014152729,4.520491,0.009761223,0.0708649,0.052463382
364,0.03191152,0.010940216,0.17164205,0.015372364,0.013574725,1.8143554,0.031080374,1.140229,0.013649271,2.250953,0.012976294,0.26095882,0.53140783
365,0.058823634,0.016093655,0.1626903,0.16339314,0.026730662,5.290454,0.05357208,0.016752671,0.009918561,3.4929717,0.009985365,0.032303415,0.029324718
366,0.04622367,0.010690848,0.024776699,0.00999765,0.017334493,6.177121,0.014411649,0.011559561,0.021701025,7.8276963,0.012659814,0.0151437735,0.012445758
367,0.23452444,0.2863208,0.0507504,0.16265272,0.063446715,0.040321913,0.12824474,2.520335,0.009922601,2.208736,0.015919622,0.1665169,0.3878878
368,0.067928925,0.014165647,0.019437792,0.018941166,0.02854773,0.22082607,0.02949306,0.7110012,0.029048655,6.725697,1.1106783,0.02654108,0.032326724
369,0.031154908,0.86298484,0.02091791,0.018586302,0.04641283,0.004558269,0.28419977,3.5876937,0.004003847,0.065096915,0.0059913504,0.51080203,1.1634932
370,0.04311539,0.2590787,0.0282156,0.011953005,0.068979606,2.1740885,0.042031538,0.49259466,0.029793845,3.8425026,0.8275542,0.053361643,0.04900514
371,0.05659726,0.009880436,1.0036288,0.06646294,0.017537132,0.08091464,0.09255588,4.174678,0.017195718,2.5898407,0.010252934,0.036261193,0.034670148
372,0.031189244,0.013593832,0.0148904845,0.012569307,0.012429488,2.2685912,0.017376577,0.013022937,0.014262583,6.608763,0.010825393,0.021916552,0.014371483
373,0.033771917,0.006965964,0.007668155,0.011728529,0.010839245,0.055137265,0.021995157,5.8919396,0.00921665,0.008390946,0.026882812,1.0220317,1.2916374
374,0.08491063,0.23875348,0.11016046,0.18318753,0.041495837,1.852129,0.03168864,3.6364193,0.86873895,3.422209,0.011410727,0.043931596,0.032635055
375,0.06881757,0.009669232,0.7413119,1.2727917,0.09224233,3.2028427,0.15749529,3.0949004,0.019497577,2.7898936,0.6746995,0.07335461,0.18466596
376,0.010567956,0.003795786,0.016978653,0.0066645634,0.0067439587,3.2307026,0.009181035,0.8370366,0.008415259,0.6129524,1.1991425,0.009854108,0.010416754
377,0.107871756,0.015507697,1.7184798,0.021699859,0.016750615,1.883126,0.030469375,0.054374285,0.021355262,5.2306356,0.013650728,0.4222831,0.7014854
378,0.0315265,0.035289984,0.013461369,0.012454838,0.028350588,0.7970202,0.0457064,1.8194902,0.22901572,2.0572996,0.09863595,0.10722735,0.53707075
379,0.12966001,0.037019927,0.020675076,0.85429794,0.039942376,0.0266219,0.19764523,1.9098821,0.02082608,2.0142858,0.027362194,0.36584634,0.8904766
380,0.040817596,0.007447381,1.0220953,0.021393396,0.023231244,2.3250027,0.032973584,0.15015109,0.014024624,2.40038,0.017170578,0.30483043,0.7234443
381,0.2064752,0.09553736,0.026995715,0.055366173,0.257893,0.0088360235,0.06306872,2.9913273,0.012608112,3.0608897,0.011344001,0.5926727,0.2884212
382,0.053324305,0.052361067,0.38689002,0.03203522,0.023701657,10.686744,0.025889186,0.012858576,0.9778486,1.5724721,0.0111888675,0.03046949,0.021420801
383,0.035221957,0.0077667483,0.24161495,0.17173636,0.037284758,5.979455,0.04780558,1.4359059,0.0073928847,0.03964299,1.4631184,0.023509853,0.022109454
384,0.11421023,0.7087165,0.8629228,0.013568893,0.038771786,2.382223,0.05112412,0.086027436,0.028947566,7.30024,0.014726962,0.7101785,0.07884063
385,0.022185327,0.015127719,0.014701869,0.008800933,0.012444409,1.8917748,0.01328373,2.4270184,0.017985918,2.061316,0.015554868,0.01723291,0.022661775
386,0.02341609,0.055984758,0.024431156,0.005504402,0.0079422975,2.1212678,0.008204756,0.22833186,0.98971045,0.33194065,0.0058912826,0.07607107,0.24165858
387,0.011455852,0.0034854466,0.011879496,0.0039432608,0.0047697243,6.909812,0.0052895616,0.009505684,0.0067830347,0.46999374,0.006649465,0.014540077,0.008462514
388,0.018288989,0.0076307105,0.010996795,0.005241956,0.0070676818,1.9426656,0.0088843135,3.0759273,0.023877334,1.866252,0.013240919,0.011479677,0.009182426
389,0.11712013,0.009599652,0.39691743,0.23128892,0.025503265,9.196141,0.23719406,0.013909826,0.008940422,0.23584504,0.010777024,0.029118098,0.03935267
390,0.117906384,0.26496628,0.01154044,0.02409487,0.04371611,0.45871708,0.14653541,0.70123327,0.01661344,3.5998898,0.44167355,0.061362974,0.07687197
391,0.07852579,0.12179769,0.025209168,0.07395456,0.04348609,0.018018426,0.3485494,9.812872,0.030287674,2.8303022,0.012930854,0.041729942,0.04903972
392,0.03821107,0.010452932,0.029008808,0.01402216,0.01064505,7.5096693,0.021139309,0.0119858775,1.6377993,1.3905823,0.013258624,0.016608486,0.011437625
393,0.049628723,0.01753567,0.019078145,0.011187907,0.01737316,3.9925976,0.021070797,8.075071,0.027293347,3.1041887,0.018860744,0.02510683,0.021534432
394,0.07294006,0.006756576,1.2320529,0.04341303,0.05361157,2.4209409,0.049365982,1.1152885,0.012240625,2.4569216,0.47759798,0.120686136,0.046230707
395,0.034533832,0.017526716,0.016413867,0.014471313,0.010367931,0.061295584,0.016433924,4.025369,0.035949677,3.5996616,0.01319636,0.01935639,0.016264882
396,0.039295316,0.18244232,0.13162474,0.16455038,0.081982784,1.782132,0.5114552,1.0052818,0.008662544,0.505219,0.016621158,0.28960472,0.094116144
397,0.12046402,0.02685453,0.041616004,0.027393965,0.07424017,2.611195,0.063057244,17.649128,0.028004812,0.021819443,0.008829502,0.050660186,0.03070116
398,0.050583046,0.033180524,0.19338426,0.058303144,0.018584756,3.7584655,0.024034169,2.5051665,0.02864226,0.25488904,1.0637746,0.04007665,0.04191194
399,0.022549877,0.0040572537,0.027240295,0.0062054186,0.006150053,7.182031,0.0066386033,4.1247644,0.010899871,0.01308378,0.54487765,0.01134401,0.00878753
400,0.024381345,0.010556835,0.011757863,0.0094041275,0.012942981,0.16984762,0.015361599,6.0595274,0.050614405,2.1385775,0.22621542,0.015739555,0.0145214675
401,0.022957383,0.00663323,0.010624103,0.0066373004,0.01386163,1.8968636,0.023580547,7.911653,0.007771973,0.0047665955,0.0051981625,0.016524563,0.011737713
402,0.118888155,0.01552602,0.026806835,0.05089277,0.02347363,2.1802087,0.048221473,1.0894223,0.010015844,0.53187495,0.69400084,0.3657552,0.14397997
403,0.03839305,1.4990255,0.019540641,0.015973479,0.0137354415,2.2425973,0.03484818,1.3420577,0.011427454,0.010404486,0.0067335125,1.3692403,0.43085822
404,0.0561622,0.009572187,0.5473286,0.009340101,0.029915165,0.2612854,0.021780688,0.6240028,0.022180615,5.2224574,0.060449086,0.17012714,0.091972
405,0.13281503,0.011156635,0.8256631,0.12513645,0.06315862,0.011863971,0.06784053,3.1850638,0.008235599,1.9969351,0.007836938,1.1423589,0.31942028
406,0.030054314,0.010998582,0.05367064,0.050051197,0.0148438765,2.4219863,0.0130436,5.8204737,0.010803715,0.828095,0.007885481,0.0658445,0.03671118
407,0.07069025,0.096136995,0.031720705,0.14757374,0.14058064,2.1082964,0.22132213,0.7976113,0.00877045,2.079799,0.008038834,0.8912542,0.2556564
408,0.06079812,0.004583514,0.005640234,0.009777062,0.025529325,0.07580616,0.020532666,27.446947,0.019396946,0.0041794074,0.0042039882,0.027901726,0.01484169
409,0.029364947,0.0060318313,1.4542831,0.00987376,0.012446759,3.5100098,0.013819717,0.8839555,0.009272767,2.8285615,0.015215219,0.01892324,0.018392287
410,0.05646312,0.014106634,0.07932628,0.05716765,0.15251851,1.301525,0.028413048,2.1835434,0.011418819,0.028272111,0.01021109,1.1237931,1.101005
411,0.0274729,0.015232107,0.020869715,0.008324133,0.020164892,4.3126507,0.015861675,0.039715823,1.8133072,1.4671881,0.042127177,0.18349735,0.05258932
412,0.09673958,0.024118768,0.05937592,0.11116029,0.066762544,7.049617,0.04544095,0.027136669,0.015396838,2.1484725,0.01967927,0.031983312,0.028204996
413,0.067840315,0.16280797,0.11050517,0.07433149,0.0602125,2.878069,0.038321868,0.36680478,0.008462838,1.8901869,0.008863917,0.064692624,1.5927941
414,0.0458258,0.027287843,1.6719396,0.049867306,0.01959278,1.3365251,0.05475458,0.9536289,0.036049463,1.9416304,0.014583899,0.17056485,0.9343983
415,0.14627755,0.011892588,1.2487127,0.17221959,0.18092349,2.1720965,0.30258712,0.50481254,0.013384715,3.7404094,0.027459953,0.13559555,1.3596443
416,0.04301209,0.1609901,1.0322783,0.08460109,0.047804583,0.009839507,0.3933391,2.2342947,0.0075441287,0.3184968,0.0090409005,0.77864033,0.5187429
417,0.05025897,0.023117078,0.017913826,0.0132755395,0.012502608,1.4943533,0.016203975,7.2252126,0.035690125,0.7172808,0.018838337,0.020906892,0.02445143
418,0.039758734,0.005344064,2.0770757,0.013601157,0.016069971,0.007827956,0.040065262,0.17013049,0.0056679393,5.4299326,0.0072959447,0.028064266,0.025910702
419,0.09498095,0.019774836,0.09584771,0.10891902,0.03803597,3.404908,0.09007493,1.4072353,0.009780912,0.08125598,0.014628103,0.4373214,0.9958107
420,0.06352803,0.025621695,0.016910858,0.024433387,0.01599327,3.3217392,0.015132378,1.4972477,0.041101307,4.1359124,1.1473626,0.019270414,0.016887756
421,0.02298256,0.022904295,0.017044224,0.005219669,0.011375008,0.17540486,0.011128675,0.03755246,0.31348297,5.115678,0.020087212,0.03220542,0.03641226
422,0.07045384,0.053098265,0.030099493,0.037203636,0.043984976,1.9231619,0.049949862,8.320357,0.024830544,2.41011,0.009214797,0.10273897,0.14763252
423,0.044798363,0.015804082,0.02406298,0.011222637,0.018774502,1.7448096,0.021354768,1.30997,0.013630615,5.296746,0.018048117,0.06232094,0.037311412
424,0.03601682,0.008802744,0.020906832,0.019992985,0.013594006,4.8893647,0.018270671,0.28309292,0.0069046286,0.8720706,0.007884677,0.111103415,0.044699557
425,0.111195676,0.0132190995,2.000506,0.028428432,0.1140774,0.92191625,0.08310682,17.437096,0.051531654,3.6386087,0.013774633,0.08148716,0.14380048
426,0.14413136,0.051994707,0.045825835,0.040731568,0.12065261,0.08062608,0.09992981,19.188644,0.059689216,3.8634646,0.013842437,0.038618535,0.035802312
427,0.07855663,0.04377021,0.10679826,0.39843106,0.03765332,3.6410835,0.35144678,4.3855352,0.013842479,1.5221537,0.013549246,0.62155986,0.57404673
428,0.037184265,0.013682575,0.015016517,0.02694618,0.025116235,0.007115535,0.027028007,4.7020335,0.008130062,1.7885895,0.0051390594,1.2996144,0.5334151
429,0.034371052,0.01192831,0.0146156065,0.00945075,0.012412296,1.9035405,0.012562801,0.30342874,0.027551642,5.3012586,0.44963303,0.034500457,0.025692033
430,0.06265025,0.015996912,0.6737387,0.018685088,0.01982649,2.8294096,0.030670222,1.4116305,0.03002797,5.8358607,0.019370386,0.060435638,0.027022311
431,0.071514145,0.03310808,0.05656704,0.027140269,0.5616497,1.3086631,0.10616307,6.77302,0.07390384,1.441396,1.808468,0.06628951,0.05218232
432,0.041159146,0.012808268,0.072313875,0.034304474,0.13333458,5.481555,0.01957939,0.12535945,0.016834872,1.1033181,0.48082954,0.048175838,0.0707298
433,0.025488224,0.026122706,0.032774657,0.041856505,0.03811399,3.6501203,0.030037755,1.3807236,0.017599342,1.1764872,0.017644387,0.03322079,0.047524635
434,0.043603722,0.07656825,0.05582401,0.031294905,0.030010603,1.4596717,0.10701445,0.47037446,0.010744189,2.699766,0.020984016,0.8092884,1.0019286
435,0.033090465,0.0022402764,0.0056302752,0.00796304,0.014526135,0.008903186,0.034061484,8.2834635,0.004173487,0.0034822337,0.0026248766,0.04968706,0.019272182
436,0.035416923,0.09228488,0.018576719,0.040152006,0.016478283,1.3599029,0.12053513,4.2617884,0.0062872395,0.041258913,0.005373841,0.5178742,0.073263384
437,0.085822195,0.02346037,1.0607642,0.024345644,0.023143841,2.4255254,0.01959514,4.746902,2.5029685,3.7952082,0.01414322,0.036492676,0.02559454
438,0.23241338,0.07754658,1.7441386,0.07988187,0.056722637,1.426439,0.0980616,0.032335587,0.03545917,7.0152636,0.027710883,0.097534575,0.59737486
439,0.03126463,0.010545393,0.02284511,0.0065259095,0.011707148,0.010878665,0.014480074,4.6858892,0.013254837,3.8971295,0.007076436,0.025375903,0.029857669
440,0.09807625,0.018949367,0.023454078,0.03245776,0.017088385,0.33059353,0.021124024,0.9746694,0.008049406,1.5800979,1.1055659,0.04585901,0.18638153
441,0.18675594,0.0139863575,1.2208406,0.07020358,0.05516242,0.07401983,0.03972297,3.8520606,0.016414186,4.638949,0.008291323,0.124865085,0.039026674
442,0.18700552,0.013356617,0.81472945,0.02957857,0.030791273,1.3493866,0.05196729,0.15694667,0.02085875,4.2245903,0.04900208,1.320978,0.104252346
443,0.0928633,0.07495144,0.29355827,0.27965057,0.33085212,6.234178,0.048299797,2.1907837,0.01933217,2.1757696,1.1970654,0.29030854,0.29433554
444,0.039409157,0.009619334,0.020680267,0.05242648,0.16429976,3.529148,0.025326021,3.2968192,0.007484572,0.03190659,0.011180428,0.5383904,0.08440458
445,0.050165176,0.015434356,0.03525641,0.012086172,0.017697461,3.7357733,0.026143393,1.8990602,0.015051258,4.023359,0.017585237,0.119430006,0.9902945
446,0.018193495,0.0033097519,0.009179893,0.0080241,0.0077449167,6.204183,0.008763613,3.3597612,0.010235277,0.0038059938,0.009614071,0.040937107,0.017748144
447,0.09323496,0.014902565,0.0681236,0.037135564,0.04958809,3.1396308,0.13217148,4.344229,0.026017183,1.960372,1.3250893,0.082384445,0.0769148
448,0.07279606,0.009502314,1.3685534,0.06715164,0.10954952,0.5019333,0.12895639,0.15951496,0.017221555,2.6418478,0.013645903,0.12328611,0.37867722
449,0.0306201,0.00765423,0.0143958805,0.005749547,0.008186932,0.7806359,0.010406341,4.495478,0.120339856,3.080507,0.10474965,0.019826537,0.018478213
450,0.03152194,0.005448702,0.028136281,0.01264304,0.0143124135,5.7296824,0.01506106,5.178804,0.017707136,3.295508,0.017835615,0.022670273,0.019057292
451,0.032239024,0.0062784967,0.5414666,0.028351564,0.023753181,0.014214627,0.0506045,0.39859572,0.009115075,2.7504444,0.009453261,0.06655198,0.037271768
452,0.14134118,0.43991852,0.04340364,0.101209804,0.16787595,4.910285,0.08363743,0.036851108,0.053525906,7.953646,1.2143317,0.06267309,0.08938177
453,0.086349085,0.019302327,0.027246261,0.012639185,0.044764306,0.9180224,0.033864304,2.6009467,0.021171432,5.34542,0.018815486,0.10419782,0.13562872
454,0.05574525,0.004209536,0.67046344,2.4256637,0.067955166,2.4194615,0.11977952,0.073635384,0.0049836813,2.4397407,0.0083743725,0.5703547,0.09644253
455,0.03153845,0.006237012,1.8608091,0.02644363,0.025721343,1.8610333,0.021237578,3.3337736,0.010708287,0.044038083,0.031037346,0.59349006,0.08480052
456,0.042527195,0.07226888,0.033181492,0.020984802,0.07376251,2.507539,0.029795595,4.312779,0.009887308,0.018121045,0.00655858,1.4683706,0.09790359
457,0.054661803,0.0121947,0.011211397,0.006604223,0.03963292,0.0069463705,0.052689813,0.027820181,0.016877554,7.394454,0.010175273,0.028741207,0.03024085
458,0.09697077,0.014551109,0.07481356,0.018062003,0.039410397,1.3543184,0.045043092,5.3810873,0.016820274,5.4452825,0.0113569675,0.2946975,0.041768108
459,0.023180654,0.004793378,0.03495443,0.011846515,0.015384253,5.1535006,0.014776966,2.290934,0.008567428,2.4340541,0.01082595,0.040627223,0.02960337
460,0.054743476,0.005364926,0.09188126,0.012412742,0.020269278,5.0335007,0.027183216,13.952651,0.018263483,2.0077624,0.0118232835,0.03340548,0.017321419
461,0.051991172,0.00785782,0.013564547,2.1096427,0.013537739,1.895984,0.021827482,0.021176027,0.010867625,4.015014,0.011191616,0.0251489,0.029635426
462,0.016813125,0.0028114924,0.029989079,0.015605605,0.0076187863,2.3253164,0.009206161,0.94675994,0.0065586674,0.019823313,1.4736261,0.030616743,0.027632056
463,0.069163844,0.008033913,0.106233016,0.024061682,0.011599064,7.5510807,0.019302912,3.4361436,0.0069731493,0.008051576,0.00959733,0.02702324,0.02543313
464,0.104148656,0.019580694,0.028982947,0.026782297,0.027495291,4.0571947,0.034379847,0.018627087,0.017122345,7.793168,0.013057755,0.06532524,0.03980248
465,0.3052324,0.488735,0.010620015,0.28431132,0.066747375,0.011133368,0.19760102,2.4065664,0.011705696,0.81310135,0.02396525,0.08675445,0.23786213
466,0.045407906,0.01364223,2.1175964,0.013280104,0.02903937,3.058901,0.028691607,0.01166163,0.020006577,6.2758803,0.010897211,0.015899247,0.015378686
467,0.048445687,0.024096007,0.0343382,0.02656777,0.03498173,2.9660466,0.032309566,3.9964635,0.5724148,3.1527154,1.4356377,0.21619737,0.070025295
468,0.02966861,0.006449011,0.008617532,0.022142366,0.011113116,1.5478402,0.28423938,2.073914,0.0056817094,0.012786928,0.006660772,2.0395625,0.08443392
469,0.11997573,0.12491187,0.049272355,0.044100948,0.07317365,5.0469403,0.054232202,12.16582,0.025288155,1.3257408,0.012329983,0.06349213,0.04051639
470,0.050044764,0.21465412,0.04098267,0.023202537,0.036073294,4.2235875,0.021152573,2.3039677,0.017760282,3.3775132,0.01816307,0.027126722,0.020807238
471,0.21404114,0.018138513,0.9270441,0.031467397,0.060707293,1.3823321,0.18919621,6.274101,0.02324809,2.2394128,0.016203644,0.3818763,0.8335817
472,0.13791552,1.3935719,0.83763075,1.5987011,0.10245988,0.017857205,0.11135022,0.5588683,0.03340169,5.3932366,0.039025202,0.15579687,0.46535525
473,0.07193137,0.0060565462,0.78769845,0.01818455,0.026354348,1.2665203,0.02403174,5.031975,0.0092997365,3.6198459,0.010482246,0.076147065,0.051191352
474,0.10510791,0.06558288,1.2327095,0.029235786,0.038309626,2.2555277,0.09552326,0.11089489,0.16524813,6.657183,0.07100827,0.10517423,0.09245245
475,0.022144534,0.0062724384,0.00956021,0.0109408265,0.04273754,0.003909336,0.045941573,5.2033405,0.0038778312,0.0059071523,0.0025695597,1.7477571,0.05483691
476,0.032751102,0.011959278,0.016934425,0.022271747,0.022273824,1.3870348,0.06553255,2.401748,0.011524904,2.0482125,0.011392403,0.20193657,0.06429187
477,0.043882128,0.003866766,0.023480112,0.0151002165,0.019602695,2.7496836,0.048585083,6.4944496,0.0054898188,0.0056674504,0.004319691,1.1812495,0.039200876
478,0.08363238,0.027275423,0.024148291,0.054183926,0.025116742,0.019653765,0.024480697,0.03316475,0.024998501,6.042843,0.02012096,0.04706682,0.0433216
479,0.016718313,0.0049532186,0.022178274,0.011149763,0.022753745,1.0512589,0.031462345,2.6191137,0.0047333604,0.32691476,0.0054526743,0.82923603,0.07804046
480,0.049334332,0.008440445,0.086254284,0.086554855,0.19908972,3.5035076,0.041071612,2.0048313,0.009808512,0.044541545,0.86826843,0.05832825,0.055533685
481,0.067187585,0.36082375,0.03305235,0.07769917,0.22164668,1.4284843,0.06407275,2.0014944,0.19994065,2.0637853,0.01458914,0.03474652,0.037950244
482,0.06596085,0.035596512,0.040124748,0.034663253,0.020903884,0.006414171,0.029706962,0.8822208,0.01733309,4.016245,0.0077827033,0.48931843,0.5451783
483,0.040639598,1.2523252,0.088678755,0.063390434,0.030189304,2.877125,0.049602672,3.1492312,0.019087704,0.99249023,0.011489049,0.20691575,0.073726736
484,0.025544383,1.9383616,0.9933779,2.611467,0.009093942,0.071655035,0.012743619,0.022191256,0.16294366,3.471808,0.014207366,0.019668993,0.0119661195
485,0.04920957,0.02036593,0.048991326,0.085236736,0.25894612,0.06508824,0.08954333,1.2546772,0.042474557,4.2207894,0.20881264,0.22106439,0.53544945
486,0.07869611,0.015568267,0.061958384,0.019276671,0.020326069,7.874986,0.026255937,0.01159966,0.014779436,3.3170884,0.012132613,0.020690192,0.014245535
487,0.043613367,0.06025475,0.013097136,0.01384322,0.02843048,1.674606,0.035392854,3.6266294,0.09075761,3.83193,0.034390643,0.06589223,0.036763348
488,0.040413376,0.008707194,0.013673023,0.008966044,0.013009519,0.1979267,0.020611716,1.7186295,0.2721288,5.879553,0.015599213,0.18201469,0.04436207
489,0.050766997,0.1394329,0.08707759,0.028773902,0.015303701,3.9044511,0.056976452,0.035162628,1.2584659,2.4098325,0.011199358,0.075551786,0.16184677
490,0.04019045,0.0113428505,0.026792953,0.10956743,0.009919469,3.395405,0.02401492,1.173964,0.015897505,0.38778356,0.010601293,0.037538435,0.029303733
491,0.030976046,0.019576157,0.012376871,0.009290944,0.053023115,3.092184,0.026924666,0.057638362,0.006538067,0.011430824,0.0065766824,0.6615995,0.026998524
492,0.051037464,0.01654818,0.01531238,0.01411851,0.015784778,0.9059994,0.024727743,3.002014,0.013304648,3.7383237,0.007960124,0.057133503,0.024586648
493,0.026351482,0.007337643,0.018736899,0.010426933,0.015491375,0.009922738,0.015228891,5.825438,0.02887466,1.6131412,0.01046535,0.017095322,0.017491745
494,0.013844805,0.0042748577,0.016744612,0.006720531,0.007306201,3.9184446,0.0080915345,0.51007885,0.010726683,1.5121623,0.67981887,0.010784749,0.011746317
495,0.08045623,0.026394112,0.9756611,1.3471847,0.02055088,0.008421109,0.0723735,1.3238039,0.0115474565,3.5784202,0.009061945,0.8220899,0.8474433
496,0.09047209,0.09807908,0.09634771,0.08641901,0.06601571,0.51624286,0.20034856,2.66758,0.013585344,0.043464784,0.0204446,0.40679485,0.50364465
497,0.061031066,0.013321158,0.014922007,0.010066806,0.022546407,0.71686256,0.020191737,7.5772877,0.03449953,5.6195273,0.041796975,0.02650812,0.025165258
498,0.055254135,0.03799141,0.019867139,0.031323835,0.029604912,2.4062705,0.023967296,3.997246,0.025424212,2.7036939,0.03403748,0.05265463,0.046152808
499,0.050353646,0.01844238,0.03639451,0.03146897,0.022571491,6.196395,0.031609155,3.282706,0.03344656,1.9757304,0.25875437,0.043757703,0.0321238
500,0.07030069,0.010875986,1.7711508,0.13582416,0.026331857,4.3660274,0.06555753,0.035144966,0.009448439,1.9026117,0.0099968435,0.91416126,0.057434436
501,0.05924439,0.008589968,0.046889853,0.06120828,0.019111007,0.842886,0.039017554,9.727962,0.012111705,2.0872426,0.006332099,0.02431271,0.027014934
502,0.102871664,0.02736526,0.026825177,0.11601907,0.12338886,4.2788877,0.28861117,0.3670311,0.012733851,2.2370882,0.014329002,0.31448364,1.1494129
503,0.025996458,0.003597775,1.7688164,0.008295854,0.010247202,0.65582836,0.0148440115,1.4583063,0.0037372066,0.013516078,0.0054605515,1.3199394,0.05348137
504,0.012720082,0.0018676345,0.0046097627,0.0030011595,0.0058354023,0.010951449,0.009238889,3.3192372,0.0035154806,0.0034535518,0.0043040756,0.014240389,0.010739194
505,0.049520552,0.008245848,0.32744142,0.041959062,0.030586872,0.57546073,0.040968522,0.49842945,0.022754446,3.311686,0.031050857,0.08047751,0.27298495
506,0.10039521,1.0002444,3.5140836,0.022440318,0.028155535,0.21870208,0.07450961,0.032836,0.019442104,4.078709,0.014821297,0.04970653,0.05905128
507,0.03853035,0.012407158,0.024697678,0.013434062,0.02348146,0.7384846,0.03460197,7.7128434,0.022169072,1.3846935,0.0175826,0.066947155,0.08021839
508,0.0668339,0.024454435,0.103367925,0.021437176,0.07069041,0.029738734,0.08069046,4.5985465,0.016011745,0.7349876,0.022517905,0.8262023,0.24292594
509,0.051447432,0.014736159,0.04382676,0.06513326,0.034763273,9.795473,0.032555617,2.6117823,0.019033827,1.9332368,0.01685248,0.06692954,0.0551762
510,0.066330984,0.013309282,0.011404174,0.03228904,0.019182106,0.03660176,0.08334899,1.9961057,0.0055057933,0.7282131,0.0056194477,1.5072052,0.56157506
511,0.02295607,0.010477766,0.027296016,0.010915942,0.015993152,0.45235476,0.092451744,1.8355646,0.012184875,0.026023773,0.009469236,0.57650155,1.652704
512,0.061671894,0.02102438,0.13471836,0.036953818,0.029259747,5.2317166,0.02982972,2.2182155,0.016173858,0.5799067,0.039047327,0.052888487,0.08013432
513,0.037295647,0.006939972,0.013159161,2.2209134,0.023022005,0.13253914,0.026241664,0.025307119,0.01348133,4.4530888,0.15392204,0.04549563,0.034723688
514,0.047777258,0.23265049,0.021553038,0.1191294,0.024578428,0.027826248,0.42026082,5.6617775,0.02012048,2.5071402,0.0093736425,0.09569307,0.11981367
515,0.04218698,0.010348752,0.021245152,0.010292185,0.02606225,6.13093,0.023988409,3.4354544,0.05199409,3.3212054,0.021373944,0.026904376,0.029778112
516,0.06955642,0.023793256,0.294238,0.03464541,0.03258831,3.8735075,0.0408828,0.965227,0.018320194,5.861007,0.029834831,0.10194462,0.3857526
517,0.116268605,0.028819988,0.037178397,0.020142015,0.025524367,1.7017806,0.029432334,1.8888043,0.028480103,3.991437,0.019065378,0.048329324,0.06820168
518,0.045072913,0.019407757,0.03470303,0.018332006,0.022908833,1.8950611,0.023299709,1.9694827,0.0124318665,2.2059429,0.014787575,0.69120777,0.23939317
519,0.074544735,0.046265706,0.018022798,0.10434212,0.046924334,3.8321662,0.045800753,2.633166,0.02271438,2.3504546,0.017050011,0.76676387,0.112501755
520,0.15725948,0.016312279,0.03705052,0.017260168,0.050249904,6.094726,0.048333574,0.86920816,0.023764508,6.530561,0.68924975,0.02580465,0.025925903
521,0.08095265,0.016574096,0.023180079,0.05223566,0.017022997,1.1640577,0.08297232,0.87528324,0.03355379,1.3252416,0.01986534,0.61622584,0.18907383
522,0.07253093,0.01410768,0.02400308,0.036940936,0.048737984,0.011937155,0.06583125,11.512287,0.011817741,0.25599998,0.007489583,0.08436555,0.06304449
523,0.032643516,0.016398296,0.013716379,0.011004897,0.0104302,2.3371387,0.015235668,0.035245683,0.4438382,5.0034823,0.019899776,0.017599458,0.022997897
524,0.045418162,0.014058323,0.032013822,0.019795159,0.016659526,5.4882064,0.017431661,2.0340717,0.010242957,0.82099843,0.010660815,0.5528905,0.09415946
525,0.022407593,0.020425148,0.011270132,0.013360414,0.023362208,0.0091824075,0.04837143,0.32139137,0.014724613,3.8406105,0.028469412,0.41892523,0.5294935
526,0.06265378,0.025166128,0.032141324,0.025288068,0.04784422,3.4389932,0.20149185,3.4551334,0.039139558,0.04732984,0.19012527,0.55643356,0.26943034
527,0.06841641,0.02967503,0.10429241,0.01499829,0.13095982,2.9947162,0.12596971,0.026532458,0.009385843,2.0576868,0.0090737855,0.38588825,0.46387896
528,0.061144583,0.022140974,0.45587924,0.39069417,0.3916094,13.826787,0.30205852,0.45333305,0.027969021,0.87137747,1.3266181,0.047663897,0.10938756
529,0.054758053,0.047913667,0.008024381,0.017523002,0.08452829,0.029104056,0.06270819,1.2657006,0.005921676,0.3549908,0.008015186,0.11715643,0.56019425
530,0.027516525,0.0044168937,1.0052079,0.0094156815,0.0099219885,2.721081,0.015846835,4.9050407,0.01929285,1.0631542,0.05750576,0.022173965,0.015008746
531,0.0719305,0.01295038,0.027877249,0.025433835,0.07731143,5.001019,0.060424343,9.786896,0.03264271,1.9830549,0.01013677,0.11710906,0.040321082
532,0.022796374,0.021024227,0.027243923,0.025485827,0.010909635,3.1486905,0.03173779,1.1656737,0.006935252,0.33823326,0.013818991,0.0465653,0.03596311
533,0.11888413,0.009891095,1.322966,0.12778546,0.020856868,0.5694149,0.42687386,0.20469978,0.0074866577,0.79040736,0.17490187,0.09365673,1.1813169
534,0.081335425,0.1185523,0.025275735,0.041640356,0.07473877,0.19243668,0.12582746,3.5202606,0.012953708,1.9033179,0.01041159,1.0310981,2.606485
535,0.026772525,0.015328619,0.016158467,0.008462805,0.011582596,3.8300023,0.015198787,0.03481945,0.021802424,3.3800194,0.41202423,0.043701846,0.095193036
536,0.04169555,0.009257331,0.05850156,0.19888255,0.027923293,2.6068668,0.090584144,0.12973763,0.0073040635,1.2725022,0.0060994406,0.23816818,0.082335524
537,0.044985015,0.03376176,0.009918919,0.030402983,0.016542528,0.0062703015,0.07467448,0.49636132,0.011312446,4.235491,0.56213653,0.08598151,0.48005512
538,0.06582313,0.028566593,0.0155160865,0.018081296,0.22747844,3.3384836,0.024635525,0.036388185,0.07134673,2.5592506,0.016268678,0.11796673,0.23526622
539,0.031130953,0.00598766,0.022673553,0.0063163703,0.014954733,2.7939796,0.017922979,3.0368881,0.025948767,3.8610237,0.03223898,0.024726193,0.028908046
540,0.07429059,0.056578793,0.027050752,0.08147715,0.15051705,0.09640899,0.086377874,2.1259983,0.08904165,4.504094,0.041501336,0.0789274,0.14207728
541,0.045447275,0.006586342,0.024795856,0.011972317,0.013240654,7.1884193,0.01213486,5.4144583,0.014068447,1.4388419,0.028903836,0.024598313,0.013829253
542,0.11011103,0.024217116,0.26040974,0.26306164,0.10309651,24.95781,0.112980805,1.2203631,0.026620375,0.7215625,2.7557073,0.049453177,0.03552308
543,0.37586606,0.4410329,0.027358541,0.25046313,0.11529646,1.6651051,0.1947811,1.0633796,0.017777493,2.3615716,0.018804753,1.1064141,0.6647956
544,0.05617206,0.047523923,0.01588866,0.014380766,0.029079441,2.7861552,0.029533686,3.228008,0.017141232,1.9364047,0.00898706,0.030918622,0.029931242
545,0.13926603,0.26358765,2.0648816,0.8565432,0.059053626,2.5402453,0.11771434,1.3717834,0.025589012,2.302052,0.5342584,0.22568454,0.393818
546,0.07261684,0.031550694,0.37887138,0.16478679,0.037357576,3.191426,0.19543958,0.592538,0.012106737,1.8781861,0.51889753,0.13631757,0.87850136
547,0.019495668,0.0033876128,0.0066395598,0.005999123,0.009856046,3.0172026,0.025045302,0.5528224,0.0032367809,0.0054418747,0.005924787,3.3019378,0.046116833
548,0.035429534,0.0077072172,0.013877959,0.0064608767,0.009336516,0.46995664,0.011254284,0.7190447,0.019353706,4.1641397,0.46650863,0.02213989,0.02333509
549,0.05390242,0.027073968,0.03795913,0.14394663,0.13147256,5.603182,0.030253442,1.5110894,0.026242152,2.6180336,0.28180614,0.026131378,0.0326906
550,0.030405574,0.004550522,0.15752801,0.008789955,0.012902048,1.3724827,0.021974871,0.0884001,0.008564677,1.6202666,0.006867637,0.17806636,0.047575615
551,0.031396836,0.20630407,0.02095968,0.025651569,0.014494579,7.930024,0.020923553,3.6584795,0.5140624,0.010865833,0.064628795,0.015726926,0.011532989
552,0.04351889,0.0056501036,0.016231893,0.0053755553,0.014980095,0.40191537,0.013907679,15.110141,0.05371286,5.025639,0.019793779,0.014841588,0.012781778
553,0.04853567,0.023580078,0.018466825,0.13946685,0.026116842,1.6335822,0.04826283,1.1479421,0.049714237,1.5882454,0.022688337,0.04333264,0.040694308
554,0.22978844,0.05256667,0.028909868,0.011431233,0.08751783,0.0391895,0.05189817,1.870738,0.015048357,0.039090134,0.661428,0.21116342,0.88544786
555,0.06953482,0.034606874,0.06318096,0.016047481,0.032639995,0.013849374,0.9646094,1.7622186,0.012048878,4.091353,0.02226727,0.34351456,0.43754104
556,0.059545796,0.009472732,0.045191076,0.03053765,0.06870447,6.7411766,0.21803407,3.0173743,0.012005477,0.010905209,0.047116265,1.0746871,0.14486176
557,0.24949826,0.013133392,2.7775745,0.07880053,0.14288543,1.0478641,0.11017861,1.6314658,0.006816433,0.02570008,0.006460852,1.0065112,0.6214732
558,0.040224995,0.8434523,1.2901303,0.010802397,0.00987482,0.9446437,0.015466202,0.24613008,0.023320498,2.7509062,0.008707007,0.041909855,0.044662163
559,0.053993125,0.05507463,0.014030632,0.022995155,0.08923158,0.014021592,0.08884373,0.97044104,0.01618201,5.4572177,0.013780112,0.9138234,0.38496366
560,0.06583966,0.018355917,0.039690904,0.032389786,0.036284376,2.9819095,0.05153705,4.0354824,0.016085366,2.8171313,0.01471215,0.24126387,1.229104
561,0.019644,0.0047601825,0.010208546,0.014203054,0.016119683,2.8562546,0.02865191,5.2343297,0.007067475,0.007938456,0.00613128,0.16406007,0.04283142
562,0.068963714,0.010723868,0.023272,0.015436567,0.031573292,4.825561,0.027978236,3.7772412,0.043239925,4.2198987,0.10019215,0.0324187,0.032166697
563,0.03740492,0.027190413,0.0135729415,0.018342642,0.015179637,2.4465003,0.022619342,1.1174635,0.027195191,4.8263392,0.01641761,0.38919345,0.27275634
564,0.19964445,0.101745814,0.071831636,0.10675124,0.20217898,1.979575,0.26979226,2.2697315,0.072867304,3.6952739,0.5206104,0.26802045,0.20378383
565,0.066855684,0.016387172,0.029201657,0.013710243,0.023627814,4.0602183,0.020961044,2.9323196,0.01968405,4.8707933,0.012659857,0.0436194,0.024119519
566,0.05550106,0.717724,0.043989792,0.019214462,0.025498882,0.5024815,0.028460616,0.10113703,0.096184246,7.702813,0.15966903,0.034106344,0.029038988
567,0.04701322,0.027692335,0.016794644,0.031225948,0.016382327,0.01998982,0.038807385,0.556147,0.009714727,2.0086699,0.14823864,0.38209537,0.2987263
568,0.038782515,0.007245745,0.042234715,0.022604013,0.015352791,4.704788,0.035430096,3.3821433,0.014293704,0.009890645,0.019631729,0.04358333,0.031683803
569,0.01867662,0.005725028,0.009308345,0.0052648517,0.009778853,0.011372482,0.019253766,3.139078,0.0045352792,0.015375879,0.00372284,1.2038184,0.14756395
570,0.12883703,0.034490332,0.15804458,0.07594186,0.1640272,4.470651,0.062465895,3.9532607,0.02851738,0.78260374,0.025113832,0.29157606,0.13799608
571,0.07450594,0.01963956,0.075181104,0.029467884,0.0320662,1.8224634,0.124034755,2.4024348,0.042797796,5.455551,0.021167513,0.14677967,0.56757134
572,0.048277367,0.020289715,0.027617062,0.12759262,0.038718104,2.4841075,0.04493779,0.11923987,0.017595567,4.230992,0.02488246,0.11837739,0.6062586
573,0.024246665,0.0036799256,0.018970085,0.012738879,0.0084672645,6.5916495,0.0115178805,0.017264638,0.008578003,0.0053614015,0.016317112,0.017424094,0.013934803
574,0.046608903,0.23751844,0.033685904,0.030361747,0.032190885,2.2061822,0.028934866,2.8596025,1.9672825,3.873162,0.00854289,0.06413399,0.033688106
575,0.025263716,0.014459328,0.026934939,0.007709998,0.010574472,2.0364404,0.02455588,2.2396536,0.009038242,0.31678542,0.4109746,0.03313363,0.086041324
576,0.18083748,0.018654175,0.9419585,0.1711831,0.02532067,0.20639628,0.22141793,0.5087221,0.02718537,2.9707813,0.29080668,0.059813827,0.11735193
577,0.05592404,0.033586763,1.5743219,0.050735433,0.04032217,3.0629992,0.09331656,1.0879985,0.008028234,1.4628385,0.010768988,0.8473539,0.4731777
578,0.14197597,0.039118893,0.034144726,0.025798932,0.032889843,4.12651,0.035448823,0.04289741,0.027722333,6.551399,0.017067999,0.07949362,0.22771598
579,0.09260443,0.030443776,0.034619153,0.0153729515,0.052101754,0.020259028,0.086049415,7.7240515,0.049599998,7.054666,0.016057042,0.05956054,0.061533835
580,0.0426981,0.014732477,0.022321712,0.013340364,0.06779299,4.550523,0.016746858,0.41216007,0.016702091,1.5484272,0.012914656,0.07178085,0.037306245
581,0.06436666,0.20247844,0.014951274,0.009860975,0.03632193,0.30872527,0.048150856,0.5728028,0.10093412,5.86502,0.028746113,0.065858096,0.4851112
582,0.035401512,0.039941166,0.010816383,0.1624931,0.020654915,0.012186261,0.052773017,4.95317,0.053519983,3.2591758,0.05382749,0.056870747,1.1777645
583,0.012945065,0.00287044,0.022872085,0.008156844,0.0062312135,4.6906004,0.007701937,0.012282348,0.010375562,1.2537528,0.017366137,0.007987184,0.007242147
584,0.013201374,0.00419531,0.023675587,0.0045262687,0.006243471,0.025295125,0.00863991,2.5121176,0.009055455,1.5010566,0.010730802,0.011966817,0.0102425935
585,0.04330283,1.0236057,0.017692588,0.9388553,0.019589126,0.012014154,0.025644254,0.58383447,0.008516353,1.5208627,0.012292048,1.1067342,0.45836565
586,0.054780774,0.04370391,0.016169323,0.031124426,0.07822374,1.6605115,0.027396105,0.24864957,0.008971692,3.389566,2.1462328,0.05442913,0.04902121
587,0.046593178,0.009459442,0.04713236,0.04917063,0.028604746,4.2640524,0.08050645,2.3586297,0.018003196,2.031774,0.011880125,0.055236813,0.07011801
588,0.02817122,0.002032949,2.9133704,1.1611607,0.03616824,0.00842233,0.034188837,7.545116,0.002973266,0.008102563,0.0019116375,0.058638666,0.03517656
589,0.02655724,0.009089922,0.014046658,0.00550177,0.01126203,0.09131097,0.009326264,5.3874893,0.021041973,2.0571733,0.6996806,0.021450602,0.017990023
590,0.037684515,0.024296088,0.11453372,0.03479108,0.01662187,2.903835,0.112941876,1.0971273,0.01827761,0.88017124,0.015980622,0.37199852,1.1346184
591,0.047434393,0.023350958,0.027412584,0.024527,0.017122721,4.5418825,0.037392274,1.5722766,0.03199757,6.808034,0.019190846,0.97845167,0.15861587
592,0.041107953,0.007649805,0.22135805,0.01910193,0.015519652,0.61884916,0.015362103,0.02752503,0.017158827,5.3542953,0.009244685,0.02182815,0.015149069
593,0.0344305,0.0044525936,0.017194537,3.0279827,0.023855818,2.2165713,0.05361971,3.410834,0.008646565,1.964753,0.0067438358,0.05317005,0.020754363
594,0.031965498,0.010644445,0.022425003,0.009226271,0.009508446,2.1162932,0.0132093085,0.037050113,0.018019674,6.2657185,0.01025722,0.02816543,0.02682806
595,0.08916306,0.10687604,0.023907607,0.08910409,0.08138409,0.03895123,0.11226432,4.194001,0.20074844,6.7350526,0.072893776,0.046831254,0.041675203
596,0.05075396,0.008636933,0.012756278,0.010164912,0.049240418,4.5779643,0.03675028,0.017365333,0.009558384,1.1245776,0.0076963366,0.043144938,0.032501053
597,0.12544985,0.018821385,0.023645265,0.04413266,0.03280299,1.5187687,0.09426196,1.8695016,0.055526804,5.084995,0.01962675,0.05519021,0.049839176
598,0.0596779,0.009429018,0.024275078,0.026223607,0.033949766,8.351124,0.03677424,0.023297086,0.011114772,2.594032,0.011525235,0.046309747,0.024008922
599,0.030425943,0.011976312,0.01588119,0.024649316,0.024294047,2.1479726,0.040949393,0.20301732,0.0077111195,2.1060154,0.013212081,0.16381738,0.04693776
600,0.36137083,0.031586517,0.093345776,0.111756705,0.13987136,1.6687015,0.18153344,1.8473089,0.017720073,2.7495136,1.0662909,0.18035275,0.84973395
601,0.07886816,0.030383175,0.041288428,0.013832726,0.031858545,1.5993446,0.02467824,4.311727,0.02653391,4.704097,0.022868698,0.057094734,0.044215564
602,0.11558469,0.23871845,0.10166066,0.120589465,0.092800796,5.569269,0.039066862,2.292477,1.5133572,1.3247622,1.2717192,0.04047622,0.031412292
603,0.020387823,0.0050865985,0.029128244,0.012381582,0.011286712,3.1184044,0.023292258,2.1206849,0.0130023565,0.006470242,0.0158312,0.046905287,0.03902554
604,0.05324882,0.035453353,0.020008303,0.031438947,0.1234176,0.0117459195,0.041499466,0.7545025,0.017175881,4.5978107,0.024748273,0.06629322,0.10454032
605,0.03741546,0.04446867,0.018157978,0.010054356,0.040408194,0.41026428,0.071041845,1.4500166,0.0048616054,0.29818165,0.010313783,1.0676926,0.7321327
606,0.059711758,0.07145,0.1804099,0.04184841,0.018964954,4.3881226,0.11179159,0.046922226,0.010309612,0.070617184,0.7271291,0.031212969,0.836936
607,0.025777832,0.0107097225,0.013385948,0.0055269045,0.012796269,0.20412804,0.015181784,3.0405715,0.22667308,3.9493186,0.0962243,0.018991457,0.02779293
608,0.04976363,0.008640062,0.9173948,0.010845895,0.025384916,1.2287942,0.07261812,0.019543672,0.020357408,5.46505,0.0123595,0.038419444,0.028399417
609,0.058763355,0.014396258,0.038124446,0.017073533,0.026163284,0.6873913,0.06456456,1.3572806,0.017001962,4.9886856,0.032497555,0.6782168,0.2050502
610,0.06915908,0.019414246,0.17957598,0.20054634,0.043970365,5.492292,0.030064665,0.017420406,0.015502017,3.0863354,0.010748481,0.03519399,0.020630375
611,0.036551774,0.023686957,0.1005551,0.02583026,0.012629033,3.7395732,0.020101817,0.8327791,0.109375164,0.056061465,0.891967,0.021472175,0.024360713
612,0.038517628,0.011943122,0.044997875,0.028032811,0.038507767,7.2985654,0.070910566,0.1551655,0.009685172,0.060481206,0.011047808,0.045652043,0.04915904
613,0.080262475,0.023881197,0.06878479,0.023252038,0.040412318,3.473273,0.028113248,0.22812688,0.0142365275,1.7872882,0.018603522,0.43583307,0.46238714
614,0.027521407,0.005819375,0.021575393,0.007615499,0.018883767,2.7714221,0.013127557,7.3537846,0.0052901027,0.010860858,0.0101904385,0.052665763,0.03140726
615,0.11267627,0.019293388,1.3814,0.056517,0.08361001,6.7610636,0.07941505,5.454076,0.03287252,4.7515326,0.03494291,0.16788486,1.1579859
616,0.11694691,0.020205762,0.017305141,0.017112508,0.039215762,5.0779443,0.04352011,13.124718,0.035347994,2.2658203,0.016778018,0.055041995,0.029476754
617,0.037368998,0.014759565,0.016366528,0.011055886,0.014909147,2.8043816,0.016719166,0.03245532,0.01611884,5.9810696,0.024164656,0.20815171,0.036237385
618,0.06152409,0.02060971,0.057863496,0.024445962,0.026490564,5.241521,0.026571022,0.058902245,0.0155206015,5.5329924,0.014342451,0.03850087,0.036341045
619,0.059815392,0.009073576,0.04605014,0.016258255,0.04074608,5.32303,0.019730795,0.13742925,0.015172333,3.58712,0.50579524,0.021764468,0.01726543
620,0.06465015,0.020843375,1.3002665,0.24872309,0.22750017,0.055511307,0.1484996,0.23415412,0.0102628,0.8860793,0.10628766,0.3977589,0.6586386
621,0.034379665,0.00465314,0.48032275,0.041127194,0.016134879,0.0065237074,0.05497756,1.7775354,0.0034218717,1.4932231,0.005245578,1.4209143,0.7648747
622,0.1046094,0.009625736,0.60670394,0.021129666,0.03862669,1.4367521,0.15155087,1.6844928,0.016731367,4.2169237,0.67406416,0.049988516,0.056021683
623,0.013047032,0.006080718,0.010196969,0.00580629,0.005931245,4.0019193,0.011359062,0.6840816,0.0066919136,0.0154341,0.006867416,0.44328755,0.038229447
624,0.021708557,0.010906867,0.04609235,0.019887235,0.009159347,4.3757434,0.023071453,0.0109166065,0.005978905,1.0029768,0.008571527,0.013158266,0.0138087245
625,0.10923042,0.032299653,0.014863439,0.038733896,0.032801934,0.77978987,0.033255685,4.8867803,0.022519102,2.8810854,0.014064776,0.532418,0.084272005
626,0.06516657,0.0049395277,3.4463885,0.022886401,0.012649677,1.4985187,0.039398286,0.83297056,0.0064643836,0.6172792,0.0078080907,1.3584884,0.17529853
627,0.048970424,0.014965097,0.030764548,0.013416495,0.01729026,1.8912127,0.03941338,0.50496805,0.018234568,6.8653517,0.014592921,0.39641088,0.059353884
628,0.08827992,0.04301477,0.021084577,0.04099244,0.11394787,1.2005411,0.15386687,5.1568046,0.01516766,1.7227043,0.010125623,1.1124511,0.16282074
629,0.038683858,0.09482651,0.06715307,0.03548699,0.015018856,4.003249,0.02086098,0.0338543,0.008618201,1.274369,0.009168291,0.91358733,0.055757653
630,0.06617263,0.013652981,0.26142362,0.06359684,0.06999008,3.0726125,0.033078764,3.60123,0.012136008,2.2970548,0.01390082,0.50581145,0.14035423
631,0.10924742,0.10952935,0.04071429,0.03066821,0.16487128,0.0057104575,0.16607724,1.1693075,0.01257443,1.4756109,0.018207539,0.22741014,2.0901504
632,0.05597317,0.051104452,0.014381986,0.01301121,0.028743394,1.2112471,0.1169323,0.029337173,0.034902107,6.102424,0.019052213,0.051427394,0.050331052
633,0.076104455,0.012096468,0.09932732,0.16022561,0.030007109,7.5310354,0.04561033,3.5952723,0.014172463,0.14172551,0.012468907,0.11682133,0.05795161
634,0.026937319,0.011472343,0.01762984,0.008877669,0.016167806,5.1728697,0.010418866,0.027966065,0.019815527,4.305111,0.6890163,0.014916437,0.016304297
635,0.11700316,0.030883748,0.14292976,0.016661383,0.040020354,3.9013946,0.110941745,0.019833283,0.0685404,12.981394,0.038391445,0.032845728,0.033667464
636,0.062416688,0.012672688,0.034311544,0.02104551,0.013191683,5.5403852,0.022572355,3.947623,0.02934694,0.106073685,0.44360468,0.02617432,0.028439498
637,0.053457513,0.06427521,0.10023599,0.047484994,0.039051842,0.6248784,0.06180666,1.6561816,0.020956708,1.9710635,1.7896744,0.36994463,0.8088385
638,0.10464897,0.04983038,0.021086387,0.023219503,0.032489873,1.5500267,0.057067916,0.12281023,0.03629456,8.558278,0.02022426,0.08926288,0.34640676
639,0.011150523,0.0047993492,0.006827389,0.005834022,0.0074542253,2.0461235,0.007481189,1.0814164,0.0048768753,0.006214335,0.9921883,0.014325684,0.010041825
640,0.03644968,0.0058460315,0.06969193,0.014041049,0.00980516,3.7160416,0.10866269,0.4704821,0.0052904286,0.0106126955,0.038564686,0.013169755,0.013006853
641,0.056223806,0.024708698,0.03083864,0.031615928,0.017758485,4.2909145,0.016085222,5.492252,0.023075705,0.31947795,0.74497813,0.03457052,0.024838127
642,0.041837193,0.005634397,0.016255185,0.031959224,0.014686816,4.9927583,0.027499689,3.0914264,0.006461328,0.008698892,0.005334281,0.95037705,0.22178505
643,0.056838345,0.1988343,1.8368099,0.015288517,0.03306668,0.5745611,0.033695694,7.4113317,0.14006303,2.3297856,0.01037364,0.058805484,0.03652107
644,0.047286585,0.07617834,0.15400986,0.05745058,0.040653747,0.36291766,0.14235644,1.7320063,0.010304758,0.29451704,0.008181323,0.1596688,0.8478515
645,0.052955884,0.017980965,0.0312211,0.011180496,0.029026285,0.025740845,0.02734578,2.366325,0.028155928,2.7239547,0.022055488,0.025853071,0.026889693
646,0.115301274,0.08126314,0.016993687,0.029074062,0.031238576,4.993422,0.04062504,0.023838177,0.03883129,6.612549,0.013474623,0.10367647,0.07016029
647,0.038498126,0.012568476,0.019263731,0.011035961,0.017958049,0.014208105,0.015405623,0.033390813,0.012464172,6.319713,0.014322835,0.018605014,0.018396651
648,0.04641196,0.0041270074,0.02115816,0.025202634,0.026298692,8.935054,0.026053924,5.603833,0.010073974,0.0058651613,0.010399161,0.097963944,0.02681773
649,0.019288719,0.016211605,0.0064082006,0.005879395,0.00697452,1.7105914,0.008309394,0.008614554,3.6086192,2.4140759,0.013989876,0.014080688,0.015385142
650,0.03689194,0.003488672,0.007293786,1.873568,0.017221479,0.019127209,0.029674143,7.1871014,0.012896511,0.4953088,0.005601324,0.03760691,0.028911615
651,0.087767035,0.025157334,0.21266054,0.039118733,0.031184,12.278394,0.047725216,4.982165,0.022448277,0.010705727,0.89723235,0.026502158,0.026349276
652,0.03230171,0.007563994,0.06220867,0.014240885,0.0163747,6.892569,0.01818848,1.0430754,0.00639915,0.014838377,0.007729108,0.10312233,0.04768113
653,0.08575743,0.023316614,0.025268393,0.13721503,0.02597231,6.8613048,0.029260496,0.022771435,0.013407637,4.483382,0.010733682,0.14003067,0.16097146
654,0.012713423,0.0072828745,0.043096602,0.0089584,0.005033429,1.5105106,0.005861396,0.7651566,2.7395132,0.8073623,0.015989907,0.014201669,0.015879793
655,0.052968334,0.019560602,0.01879752,0.014492682,0.014478682,2.4084854,0.020993525,0.028378483,0.053598337,5.3598084,0.021916209,0.03001846,0.029014854
656,0.012494813,0.0029801703,0.03647691,0.0069522094,0.007342596,2.3260167,0.017102607,3.1625645,0.0059105363,0.013224424,0.006856486,0.017891418,0.015291446
657,0.023853004,0.014863082,0.010759911,0.008473584,0.011103573,0.5160427,0.015725601,5.100954,0.025004953,3.168557,0.030230604,0.019282155,0.016921224
658,0.06411033,0.007816745,0.25995016,0.092816554,0.08602893,4.6173215,0.112202905,0.890996,0.006979816,0.008086198,1.4764285,0.025764715,0.032700032
659,0.022172237,0.0054679434,0.01824285,0.008379003,0.008996258,8.090179,0.009806598,0.007986138,0.0045977165,0.029650774,0.007375487,0.015856303,0.0123249395
660,0.0644526,0.028469183,0.06982956,0.19058874,0.028890118,2.1886704,0.045563385,0.9795915,0.0074770516,0.8062735,0.0068387296,1.5652827,0.14464521
661,0.0761321,0.06232618,0.15269393,0.05296618,0.027306367,3.7877433,0.16592568,0.024428263,1.5200206,0.75309825,0.013807738,0.057700295,0.0287404
662,0.02797832,0.007292477,0.021899233,0.010222995,0.016877148,3.5142198,0.015134076,2.6644528,0.006463848,0.23435779,0.0060964497,0.064859554,0.026086546
663,0.028363451,0.011576367,0.01647644,0.010791113,0.024614008,0.47076482,0.017223265,3.0309904,0.0065624737,0.1798179,1.051884,0.88726956,0.045109052
664,0.007895406,0.0015303304,0.005052461,0.0030365298,0.002446205,1.7884656,0.0035555987,1.0149647,0.0026192397,0.0036693362,2.5324848,0.012331373,0.010072284
665,0.023081096,0.981976,0.028385809,0.00817896,0.015239973,1.724701,0.02575186,2.8717785,0.017322347,0.06420297,0.07964673,0.7612315,0.24539627
666,0.07015083,0.46354732,0.08924863,0.053615373,0.26181778,3.0384798,0.029513454,2.8622794,3.2820058,1.4501234,0.020824892,0.061543223,0.080904625
667,0.05863044,0.016777972,0.19578415,0.02167407,0.027138012,8.47702,0.030264026,0.029096663,0.014931108,2.5804632,0.6541912,0.021609234,0.021945043
668,0.039015338,0.0056564338,0.41614926,0.031981677,0.02056995,3.3307583,0.035215475,1.8326017,0.006905255,1.2382959,0.008938525,1.7584697,0.060115904
669,0.030732328,0.021968804,0.03695932,0.02212422,0.0153854275,6.6818976,0.014386204,2.3147676,0.012990976,0.035382453,0.016743667,0.03709667,0.02258616
670,0.009479888,0.001958203,0.0035889363,0.0030945044,0.0039988263,1.1723362,0.008573013,1.1591321,0.003402344,0.002471232,0.64780635,0.010516895,0.007477907
671,0.042909272,0.06681076,0.08549607,0.026283087,0.017325746,2.2951052,0.028528914,3.957623,0.029171592,0.021535447,0.009267155,0.027453264,0.08060638
672,0.054835286,0.0068488196,0.14203711,0.10321153,0.04743256,10.741978,0.03212259,0.17844526,0.009478979,0.06799924,0.022498189,0.045672722,0.040000916
673,0.029828802,0.028057612,0.19905074,0.01456548,0.024302436,8.786612,0.032867044,0.46343535,0.043216243,2.3636496,1.4243784,0.014877226,0.017743321
674,0.02213481,0.0037744471,0.007647946,0.0053298413,0.00981596,3.6892684,0.0125566255,8.466606,0.011073113,0.0025716086,0.009892231,0.009795049,0.010473331
675,0.056707017,0.008176545,0.017477186,0.070456535,0.013931015,0.6024674,0.042825494,1.6455007,0.0070810947,0.7180101,0.008192912,0.4862524,1.1659355
676,0.023230473,0.0070637474,0.015451346,0.009929888,0.020627182,0.71757036,0.038125757,0.40631697,0.0066689583,2.5081885,0.012286753,1.2765466,0.034568988
677,0.07267702,0.021751773,0.018258559,0.024172565,0.03964764,0.021273239,0.22692671,1.4909763,0.032239195,7.420576,0.012010728,0.25491384,0.1348406
678,0.04071211,0.012975379,0.020407911,0.014881296,0.022040581,0.011043769,0.07878696,5.911728,0.010608695,1.6402783,0.0058054463,0.11654591,0.30206853
679,0.04920951,0.012227645,1.1066622,0.015595046,0.014598675,0.021546533,0.018194726,1.9854629,0.014743381,5.586874,0.49556133,0.019629005,0.02606341
680,0.04209585,0.2551497,0.07978916,0.020560121,0.03702191,3.1340175,0.04607344,3.0447676,0.0106020225,2.1729593,0.015334158,0.6223012,0.15682264
681,0.115943775,0.027683893,0.028167745,0.04724853,0.037221663,9.227476,0.04101769,7.86617,0.047718555,3.053898,0.016089678,0.09570708,0.046793565
682,0.06470829,0.36577007,0.07684327,0.17454745,0.08040125,4.22678,0.22499932,6.091594,0.043627627,1.8095595,0.58857757,0.061888915,0.088011235
683,0.029628227,0.013904947,0.031968415,0.012915526,0.012748102,2.3059998,0.01859768,4.2994866,0.019898081,0.9934926,0.010796365,0.018464407,0.024718173
684,0.03335962,0.0033404843,0.008853553,0.0355123,0.026470106,0.0037277136,0.10135002,5.675841,0.0038906408,0.0071792672,0.0024202703,1.8224252,0.16539834
685,0.029098071,0.0054510264,0.4212614,0.018246423,0.008761437,3.4373484,0.015355418,1.2116786,0.011343209,2.3904436,0.01205469,0.03015509,0.047056794
686,0.05776419,0.022011425,0.027329616,0.014701346,0.02078317,0.049959287,0.024279347,4.0123024,0.027644638,7.3270555,0.012709461,0.032626547,0.028177358
687,0.043027595,0.029741801,0.01760201,0.01945542,0.0130387265,1.5169452,0.020347254,2.7076828,0.04719878,3.8667068,0.012987911,0.025619842,0.027142238
688,0.062142204,0.59301084,0.48959407,0.1335873,0.044121284,1.5587876,0.12095036,0.684225,0.014815324,2.595261,0.4147004,0.3588111,0.20717908
689,0.049127113,0.028313324,0.016999325,0.016799975,0.04704123,1.3140901,0.030475313,1.2208911,0.022868091,4.0436172,0.030542703,0.02503456,0.025610313
690,0.04669017,0.008547036,0.13614309,0.009901187,0.01529147,5.3080826,0.020967945,3.7959085,0.015404699,1.8032532,0.016043304,0.0256721,0.022548448
691,0.014664142,0.0058316253,0.11089782,0.006403004,0.008063701,2.8033082,0.008484305,2.9075007,0.009329447,0.9882174,0.61198586,0.019882914,0.023869352
692,0.042674612,0.011908692,0.16715759,0.016718274,0.05125476,2.9067335,0.032160223,3.9075534,0.011244804,0.024389055,0.017714716,0.0286804,0.019562064
693,0.052500878,0.07976373,0.021919005,0.010307919,0.029379679,0.69719917,0.032760423,0.027135028,0.08782512,8.585896,0.042538058,0.028093874,0.033004966
694,0.036736563,0.021888698,0.7969367,0.021841578,0.01741919,4.214331,0.032712907,1.4114126,0.02281174,3.1607888,0.016627239,0.033708513,0.039577316
695,0.05968237,0.06472477,0.038581956,0.026630478,0.024406554,6.907627,0.056302447,0.13475801,0.030969752,3.5049255,0.71877265,0.028267054,0.048171178
696,0.030802093,0.008594632,0.021600585,0.01123041,0.009523335,2.2461863,0.015530708,8.02985,0.016330417,0.6622242,0.009962954,0.021048436,0.017770063
697,0.029733304,0.00577952,0.025311308,0.013598615,0.01915818,0.005885099,0.053312585,3.4061978,0.0037260572,0.0067350143,0.00386206,0.9271816,0.033541616
698,0.047298234,0.010701614,0.022056213,0.020460458,0.01662761,1.9521742,0.01644367,3.3346436,0.01640479,3.3080146,0.011849268,0.03836509,0.045834426
699,0.106404275,0.027117616,0.013953192,0.09734406,0.04408167,0.0059026936,0.18700871,3.3146272,0.0048270007,0.53505963,0.005994529,1.8380766,0.9561132
700,0.0330248,0.0063662915,0.012433794,0.08861776,0.018591875,0.035700146,0.015605143,4.9384847,0.009904705,0.009928967,1.3105059,0.58131117,0.05603245
701,0.048802517,0.0037694916,0.0045199017,0.0061470927,0.011503147,0.028689267,0.009568462,13.086946,0.009820983,0.0041282885,0.0018924415,0.017612807,0.012108823
702,0.025256107,0.030636624,0.015130631,0.016205205,0.01295695,0.0070522777,0.019652585,1.2317182,0.004932638,2.0754535,0.00783547,1.0971572,0.9178472
703,0.027224258,0.0050158584,0.022703702,0.064722285,0.009246956,2.2061057,0.025714364,2.960272,0.0039470764,0.0068153203,0.004380024,1.4714624,0.06668875
704,0.03566916,0.051795334,0.021782394,0.01822409,0.025989592,0.029935757,0.0269101,1.7976247,0.017111931,4.699603,0.007507087,0.85236424,0.11108406
705,0.038245726,0.014485062,0.017350918,0.0116907405,0.012864202,2.1232295,0.015016415,2.2566872,0.022075087,5.2277474,0.01868313,0.027740618,0.02707755
706,0.029846387,1.7873096,0.011803103,0.011244776,0.01267494,0.0073702885,0.018735494,3.284675,0.006412582,1.3746673,0.0036419856,1.1136985,0.15546636
707,0.25603765,0.013964178,0.035767592,0.2367925,0.08985009,4.5314136,0.24443817,0.03580512,0.014149412,4.0989842,0.08575017,0.050797135,0.08087063
708,0.030054985,0.019309465,0.014321056,0.014140875,0.013222459,4.2692127,0.013190274,0.04783946,0.025218666,3.6382039,0.012380037,0.082921065,0.08509631
709,0.058079254,0.09252112,0.065801196,0.029182503,0.024158593,2.8867993,0.10195792,1.8123308,0.008793715,0.15495394,0.006731836,0.14126009,0.36982697
710,0.022779712,0.026996663,0.014285402,0.009702977,0.014528482,3.2940547,0.016375877,1.4693505,0.016971333,0.18659583,0.023221673,0.07143267,0.3667655
711,0.021763597,0.006376672,0.031023627,0.01196308,0.019611858,3.311635,0.019280814,0.048710708,0.007362432,1.8765187,0.009994229,0.49596477,0.028677432
712,0.022806348,0.12876588,0.01678601,0.011719588,0.012629693,1.593176,0.013492551,3.895434,0.02923584,0.018762939,0.008629091,0.7208671,0.08082612
713,0.032589722,0.0152659295,0.14582105,0.015006409,0.024397263,0.016719323,0.22660072,2.5195887,0.024564521,3.5849094,0.046447597,0.071125545,0.06549261
714,0.04227121,0.018888474,0.039150022,0.020279855,0.032648303,0.008917512,0.13538389,3.571263,0.009380854,0.056123897,0.005498701,1.0365237,0.23131889
715,0.07211771,0.021100124,0.023142163,0.022333791,0.017712936,3.594623,0.020804059,0.4155275,0.018373106,2.5517585,1.1467166,0.07503188,0.14911066
716,0.047220755,0.016253712,0.019088628,0.068010375,0.025481546,0.8876406,0.028430073,2.5077848,0.023198036,1.661287,0.67723405,0.028997308,0.022845984
717,0.07226676,0.011762258,0.056659438,0.014029124,0.024220737,0.034826227,0.030531252,2.1584635,0.026799047,9.50221,0.01943906,0.024913523,0.020076834
718,0.012525706,0.0035175504,0.02601014,0.009200786,0.0058306265,4.010306,0.013941138,0.17595737,0.0072920853,0.010096778,0.47890383,0.015609123,0.01743623
719,0.018918008,0.012821938,0.03833579,0.03223849,0.019939486,2.5510223,0.13601457,0.6728457,1.4425122,0.13921547,0.010070227,0.09232298,0.37682998
720,0.049744505,0.02317668,0.02900319,0.011507875,0.026204446,0.19391032,0.0494005,2.1849952,0.03173469,5.659578,0.025035229,0.030247949,0.029926565
721,0.1344605,0.07883392,0.027103629,0.20306927,0.2167068,0.016316308,0.022646474,3.1802235,0.01555667,3.0923123,0.07480809,0.03527432,0.045390647
722,0.037415642,0.045189966,0.19557957,0.13399504,0.01828884,5.6042023,0.026762297,0.1299473,0.18197255,0.012002337,2.1331863,0.5974384,0.20017992
723,0.062031392,0.034666017,0.057840977,0.033120014,0.053255044,0.098150134,0.11789259,1.4937879,0.031702455,4.2327256,0.13411665,0.7974026,0.51896137
724,0.051782984,0.025487954,0.022581425,0.01230543,0.011718831,0.023908518,0.01894889,2.7438061,0.017858123,7.048145,0.009426473,0.071185775,0.04115749
725,0.07085004,0.14634459,0.025156982,0.1552731,0.041424785,7.907018,0.05006368,0.022001078,0.01489323,3.392985,0.015733572,0.08462643,0.09600206
726,0.103229634,0.42928055,0.16372496,0.039547693,0.18493399,10.102054,0.3653233,3.2801585,2.9725773,0.069340535,0.08252618,0.19943787,0.12548219
727,0.052368835,0.0068550715,1.2495728,0.016150098,0.016190689,2.6602275,0.023734676,2.8861046,0.007260135,3.548489,0.0069786464,0.14034057,0.03266437
728,0.041839052,0.030646542,0.042518053,0.038757846,0.04188924,0.008328988,0.15604948,3.0013382,0.006539177,1.5498579,0.1664679,0.15228681,0.45970622
729,0.03869324,0.009000825,0.017453846,1.1609226,0.0152627835,2.0496721,0.021093018,4.8661985,0.014603281,1.9384917,0.0077981437,0.058569387,0.19631371
730,0.034011483,0.0111774225,0.034335442,0.029817658,0.042131826,3.391182,0.034580547,2.448636,0.009934647,1.4385802,0.010131764,0.8688325,0.04716577
731,0.074945636,0.0068492536,0.008438148,0.014622054,0.017226517,0.013960288,0.035162184,0.4433022,0.0041846177,1.786373,0.0042816265,3.272625,0.13728541
732,0.046544038,0.12997861,0.022990145,0.009771891,0.021246066,0.36809963,0.034167312,0.061565794,0.0259809,7.935874,0.023098217,0.056812894,1.0012642
733,0.08971927,0.021582816,0.03953161,0.034840107,0.050299853,1.7900878,0.05665779,0.08142766,0.022341188,10.210803,0.018850628,0.065496914,0.05801162
734,0.06436031,0.024715576,0.013158236,0.13696305,0.026163453,0.09503905,0.027348936,7.530372,0.049350984,3.8421843,0.008547584,0.033565857,0.035906177
735,0.037668463,0.0134172235,0.010594887,0.01679659,0.022162309,0.08430715,0.011645156,6.369531,0.058694143,2.9911103,0.5307297,0.026220841,0.022131361
736,0.032844037,0.018940208,0.021000197,0.0108920615,0.013669167,3.665426,0.023135476,0.42671332,0.019998608,2.5099225,0.67632693,0.021791888,0.028151236
737,0.037136123,0.018883003,0.026705801,0.07986724,0.032898456,5.7234454,0.039353166,0.037815668,0.014421607,0.015041537,0.011364777,0.05216961,0.052055046
738,0.045270015,0.014738531,0.08968361,0.04239881,0.13416566,0.6327556,0.029269194,3.497518,0.013979393,0.13974808,0.012784454,0.04013517,0.038918253
739,0.025213167,0.010183101,0.01525665,0.007927671,0.014331649,3.3381388,0.016487053,0.014265226,0.0144991,5.0904675,0.011366955,0.017581917,0.014754803
740,0.03156562,0.006849893,0.02095987,0.03532668,0.021488242,2.4862225,0.052264847,3.6287909,0.005482501,0.039344545,0.026211144,0.15148807,0.50262433
741,0.049564444,0.030320153,0.016704718,0.01674491,0.02105015,0.018025305,0.046407033,4.1959267,0.016053362,3.874123,0.10371755,0.07056452,0.6402759
742,0.14124997,0.028036801,0.013942652,0.027187651,0.025368458,2.191394,0.049237803,0.05791668,0.01991076,4.3075337,0.014686743,1.0289215,0.06185406
743,0.028453287,0.0035843584,0.011721098,0.011276348,0.010758822,7.2038727,0.0130182775,7.19803,0.0074404455,0.011466443,0.009593873,0.024535295,0.014574585
744,0.07068842,0.012994456,0.016903386,1.406098,0.23203805,0.0115601625,0.14954041,1.9566829,0.007387266,0.9000329,0.008173201,1.2028754,1.7391288
745,0.04348724,0.009627313,0.050216187,0.018117147,0.026647992,7.5066385,0.04143849,3.89361,0.012953527,1.4689881,0.017022813,0.038956303,0.024258759
746,0.042910308,0.0060002147,0.18886991,0.035684645,0.021127846,3.907383,0.019774998,1.4354509,0.00900286,0.5227965,0.01142673,0.054901026,0.10451994
747,0.042272314,0.016086018,0.013922472,0.020833181,0.03995219,0.064724706,0.028357489,7.5207996,0.020972911,1.5773995,0.009330889,0.06429041,0.047866788
748,0.046586312,2.7875686,0.010867088,0.0054004197,0.012058716,2.3380768,0.011686861,0.016750159,0.018373225,4.7780647,0.0071145184,0.02444632,0.020719022
749,0.058135502,0.020794952,0.019255474,0.017664747,0.035279118,1.7021184,0.036122374,3.6285446,0.045352325,6.788834,0.01770894,0.034876216,0.02869155
750,0.032710746,0.0116920415,0.009553916,0.012697863,0.03403634,0.011474183,0.038519714,4.7472954,0.010710234,1.5524573,0.01007652,0.67041177,0.0783803
751,0.029340504,0.12892719,0.02371505,0.056989614,0.017839605,0.04951691,0.021268591,2.7098837,0.06697958,1.6838797,0.9079811,0.06429263,0.6444613
752,0.05203963,0.0043435483,0.008911671,0.010044137,0.011403555,6.0987654,0.015521655,8.152983,0.011270549,0.006451545,0.007868511,0.022036694,0.019915216
753,0.04139135,0.0071668974,0.04342404,0.013468395,0.012953234,0.024055826,0.011323701,3.8363621,0.013059277,4.2309704,0.00886472,0.027103566,0.01963505
754,0.030568037,0.012348374,0.01715263,0.009829796,0.008968858,3.9022124,0.015825717,0.9658081,0.012335775,5.0524526,0.011012597,0.025428893,0.020112734
755,0.05207956,0.008350314,0.00622868,0.025512133,0.059712302,0.016730374,0.031116584,3.7157257,0.017465025,0.009437624,0.008977737,0.16124356,0.1541163
756,0.037669003,0.015003925,0.014421616,0.032827415,0.013265614,3.22236,0.019770363,0.013690347,0.011507595,4.433596,0.008875203,0.03267766,0.02473411
757,0.059352577,0.012162651,0.02622377,0.014160301,0.030072711,0.64254504,0.029324777,13.548611,0.07983308,2.8562186,0.01242,0.036719725,0.024214646
758,0.026462534,0.0072410633,0.055490714,0.0069447667,0.01570064,2.4545765,0.012406215,4.410162,0.009887601,0.26265463,0.40699562,0.021509182,0.02000065
759,0.13379705,0.024312839,0.08344663,0.0905748,0.019769482,2.331235,0.037429474,1.1635396,0.02442054,1.8599621,0.015389327,0.11593638,0.8038886
760,0.0459201,0.00968559,0.024197422,0.031004624,0.019460743,8.263786,0.021541178,4.9579782,0.01129838,0.0179552,0.009179459,0.1129345,0.0475748
761,0.046716478,0.008842713,0.014489226,0.029308967,0.032039806,1.2075138,0.038898624,2.4279435,0.011898161,1.5597512,0.13391496,0.6021281,0.078323975
762,0.12937295,0.16218269,0.35324147,0.17675814,0.08537832,10.325985,0.2093347,2.1525238,0.039943423,2.901623,0.7097666,0.108462095,0.30048603
763,0.11878567,0.015911154,0.019930793,0.022560341,0.056610074,3.796594,0.041935876,22.779268,0.028841607,1.4156637,0.008852309,0.03452996,0.019319072
764,0.0618942,0.0070018554,0.021718098,0.02536591,0.03362987,2.1609356,0.026986014,15.273073,0.012779123,0.008983587,0.0072601982,0.55261475,0.050329953
765,0.044518992,0.02732868,0.03041434,0.04666005,0.016130017,1.1888444,0.042169254,2.2850199,0.042317577,4.125442,0.18690333,0.024374673,0.027768917
766,0.022319473,0.014667708,0.015105256,0.038009122,0.0146363005,0.8112935,0.03985195,1.2814091,0.032166094,0.042108513,0.10576276,0.123527795,0.25985044
767,0.04463434,0.008699183,0.017064173,0.01018423,0.029437067,2.8179452,0.023316858,2.817743,0.029853918,0.87304366,0.011481767,0.05923785,0.6849914
768,0.12331966,0.0147524895,0.032688584,0.051802475,0.02703906,4.675278,0.041478038,8.706096,0.053686395,2.2241938,0.013898818,0.0415527,0.03624719
769,0.043461077,0.0077794343,0.022171292,0.019672077,0.018343188,1.0461903,0.023012482,4.1244054,0.012113419,2.7613606,0.008067101,0.04887531,0.02835608
770,0.031739645,0.010779792,0.026739225,0.007376852,0.015987387,2.763716,0.01979129,0.017171208,0.019063774,6.629963,0.016078059,0.022233432,0.017000625
771,0.011454729,0.005598827,0.006816192,0.0045686685,0.0037701328,2.1752994,0.0046829907,0.017182572,0.010861683,1.6828189,2.118614,0.009392217,0.010633541
772,0.2757071,0.014910308,0.2503162,0.06447257,0.028713793,0.0125540625,0.17725419,1.9255629,0.011477317,4.725312,0.041654922,0.9498394,1.0264726
773,0.04082989,0.010492314,0.054830138,0.016683139,0.020681974,7.0401974,0.06997057,1.9436697,0.008173639,0.27331915,0.011606665,0.04325267,0.091484495
774,0.04730904,0.008979636,0.9439981,0.019496692,0.011675521,3.0438683,0.028837891,0.013147084,0.017956072,4.616751,0.015770467,0.017035471,0.0145185515
775,0.042044397,0.013911643,0.025724122,0.008516497,0.014067019,2.9196143,0.020090561,3.8838336,0.03664264,7.2026844,0.02363809,0.019574936,0.02159725
776,0.04148123,0.013516901,0.016300704,1.7593298,0.012514161,0.023189174,0.013257267,0.012253855,0.020463517,6.9626775,0.009738193,0.015980667,0.015049865
777,0.016133778,0.011532678,0.012284568,0.006263855,0.0063419463,0.27583852,0.008297912,1.7874529,0.23009017,2.6901057,0.01706015,0.019565042,0.01808815
778,0.044824187,0.015378938,0.017882202,0.01686964,0.04198754,0.99777335,0.056346543,3.5763252,0.035153437,6.509654,0.15978731,0.06522179,0.06436778
779,0.032356575,0.010075685,0.06157335,0.017863192,0.0127141215,5.577302,0.020265164,3.2911775,0.012966059,1.0991521,0.013304714,0.05240012,0.06701715
780,0.032169294,0.018532751,0.021805083,0.013647503,0.021701846,2.116864,0.024784759,0.06367069,0.015785564,2.0778224,0.012509969,0.0309606,0.32161996
781,0.053130217,0.060114734,0.015194157,0.045699038,0.030833079,0.013680673,0.0435576,2.5824564,0.017357023,3.4432554,0.9042406,0.09558487,0.3747363
782,0.03895169,0.019263586,0.023338785,0.017637447,0.028839776,1.1913968,0.020961113,3.5831707,0.030484363,0.88628405,0.011374766,0.01902104,0.019811012
783,0.1339394,0.012431044,0.016029568,0.022242323,0.12203134,0.10452748,0.12896298,0.14071691,0.038133964,6.9199057,0.46652916,0.08496421,0.047527067
784,0.041526783,1.1508849,0.029418223,0.013784263,0.13210475,2.686099,1.0206621,0.05334459,0.008054391,1.6940782,0.011231795,0.38369566,0.029433135
785,0.01854231,0.041529443,0.055266798,0.019876884,0.016061071,0.0051807184,0.047271196,2.3105843,0.012654271,0.08329621,0.044348404,0.2565565,0.6012293
786,0.043859046,0.007930003,0.19268604,0.05181815,0.016541343,1.2553082,0.24585354,2.6190083,0.02004282,0.21209231,0.012267913,0.3402546,0.1503621
787,0.15341976,0.03288832,0.042812757,0.074129924,0.0906097,8.392235,0.05729205,0.07558321,0.031963535,4.9957266,0.03762446,0.075385325,0.094583884
788,0.023969037,0.009934278,0.028188812,0.009549455,0.012879398,3.3079703,0.012959006,3.0144155,0.027481765,2.6845706,0.05191505,0.017649665,0.016267212
789,0.03502975,0.20720054,0.09379775,0.0155424755,0.05801748,1.4134408,0.037437905,0.047593113,0.013771098,2.5665631,0.021549597,0.11920489,0.3782917
790,0.052258782,0.014687662,0.009225623,0.012567761,0.013425139,0.7928195,0.021077879,10.595045,0.040447704,2.038603,0.03161299,0.020879459,0.020799585
791,0.11816111,0.008221902,1.3438102,0.05267009,0.022765307,0.023429183,0.03205049,1.8717804,0.01731113,8.103512,0.0145172505,0.06055064,0.048828896
792,0.060230628,0.08354858,0.027787559,0.6579192,0.030887766,0.014961355,0.17567877,0.34348345,0.00927161,2.3262827,0.021529062,0.18662046,0.6586708
793,0.0280585,0.0033782655,0.038272396,0.0126371505,0.01584802,6.868998,0.01615821,0.024340983,0.00375277,0.014232612,0.0067366995,0.07353578,0.027581818
794,0.020570979,0.0033435528,0.01646177,0.008188753,0.016538918,0.024354357,0.0085035525,3.243721,0.009176699,0.07294237,0.27368164,0.0139707,0.01537367
795,0.022478903,0.009780638,0.011257102,0.0056751342,0.011627645,1.9817737,0.019378157,0.0395604,1.0186653,3.6033964,0.380708,0.01715511,0.02761267
796,0.030566564,0.014360884,0.012348295,0.007661427,0.018088572,2.9139013,0.014135724,0.035956103,0.029169219,4.954646,0.16467607,0.015366928,0.015178527
797,0.04365904,0.044170465,0.050009325,0.047982734,0.117419824,3.74829,0.09267807,1.0352721,0.014504428,0.7281533,0.020855298,0.0711116,0.18926571
798,0.027798256,0.0043175244,0.013607875,0.00774709,0.00966903,2.7906013,0.01772149,4.7381916,0.013225235,0.0067921076,0.025485212,0.014576792,0.014901555
799,0.03991288,0.032687165,0.07398579,0.011469873,0.033013478,1.2436366,0.022095647,0.018296989,0.0155554,4.375299,0.03420498,0.045491006,0.05113845
800,0.043807175,0.013271804,0.07334233,0.07185831,0.047932748,3.444144,0.13412249,1.5268911,0.025235206,2.1507103,1.4162881,0.043488532,0.06554134
801,0.03281107,0.01281632,0.014630755,0.0056531094,0.017114269,0.032080196,0.019730633,3.1159458,0.032725338,7.7996154,0.013819559,0.02343456,0.016107734
802,0.018860755,0.004017624,0.012967037,0.0077254083,0.0065154103,3.4649627,0.00783368,2.8312545,0.005346186,0.52509075,0.009225287,0.017600983,0.015410084
803,0.050991237,0.023184914,0.014597296,0.010559077,0.029589064,0.01826847,0.03104217,6.354215,0.04165366,2.611212,0.011996523,0.034807622,0.028660614
804,0.022970207,0.0057902103,1.6932148,0.011378138,0.011819176,3.2175026,0.020180793,0.9580526,0.0054718945,0.008503698,0.005823088,0.7005065,0.23898023
805,0.047552694,0.013049005,0.01846075,0.008991463,0.020002905,0.29053795,0.022698052,0.039209813,0.071254656,11.23788,0.027689405,0.04821255,0.0296744
806,0.12936087,0.014983938,0.4083627,0.068885446,0.0453174,0.032923102,0.23453733,0.051053736,0.01410781,5.9248023,0.0126991905,0.1254903,0.119754106
807,0.039671987,0.22213255,0.08484879,0.0686613,0.043898866,8.838718,0.04350762,2.9475293,0.021606438,0.21265279,1.6449577,0.06931412,0.07651044
808,0.023808397,0.008441505,2.2195866,0.011720054,0.010504304,3.5095174,0.010147937,0.018110935,0.009180113,2.4785612,0.0075124335,0.06657219,0.08369062
809,0.04348089,0.010555163,0.05888107,0.024593204,0.020668503,10.576931,0.027291225,0.43187723,0.019870462,2.1246364,0.034302797,0.034533948,0.019781545
810,0.01859587,0.010336001,0.008159098,0.0103391595,0.0057991375,0.015332192,0.01328763,1.7677921,0.016610581,1.4785581,2.5964754,0.02062415,0.019588014
811,0.054972555,0.048633266,0.016912984,0.0134560345,0.03428889,0.0151749,0.20602956,4.313047,0.0147072375,1.0128703,0.004584347,0.11719831,0.08079663
812,0.08923329,0.07848636,0.07176543,0.040039178,0.061151925,2.5648212,0.03519383,5.0574865,0.020058775,3.371678,0.014222243,0.10010528,0.059472844
813,0.046728183,0.017576959,1.3385935,0.040303186,0.025824772,0.009245052,0.064650975,2.590094,0.011699165,1.3796706,0.052172057,1.4005522,0.7011951
814,0.03830255,0.08521227,2.4566853,0.032385074,0.027024684,0.65957385,0.046072606,0.097356856,0.013156745,3.386305,0.1863526,0.072543874,0.08581202
815,0.040862467,0.00956909,0.011052037,0.0119855665,0.014905151,2.029214,0.027546443,0.08525795,0.006807345,2.7467642,0.00833852,1.706357,0.036771465
816,0.035681497,0.006955067,0.46302673,0.0104737235,0.018131135,1.0106045,0.07742988,1.3266733,0.0067417766,2.5924563,0.29821226,0.2860146,1.8726792
817,0.024950532,0.009109569,0.01613262,0.01684478,0.010140195,0.7652921,0.016176986,0.7726927,0.006973854,2.1815126,1.1891716,0.019688066,0.03128566
818,0.020195816,0.03583346,0.018011207,0.0070213843,0.020239448,2.8388982,0.012339407,4.841897,0.010790706,1.2397138,0.012783525,0.024619762,0.033536393
819,0.014766849,0.00533285,0.08219495,0.005746192,0.01047924,2.6442888,0.017525094,1.3888937,0.0063438904,0.02011972,0.7239962,0.01580988,0.015169141
820,0.028687172,0.10322313,0.08021893,0.08853491,0.01685057,1.6667582,0.23101157,0.06756401,0.006789933,0.34459898,0.004166142,0.5671816,0.07715932
821,0.03971178,0.007885199,0.024349257,0.03738412,0.032559834,2.3264513,0.030269254,3.6632788,0.013565169,2.8403137,0.01486329,0.12042255,0.030546496
822,0.05293599,0.0117895715,0.0142378025,0.010534503,0.012843721,3.575662,0.025486214,4.333636,0.0198503,0.009251757,0.011819672,0.019773198,0.017253779
823,0.02433796,1.0319313,3.202922,0.006038085,0.0074929832,0.015898177,0.010029959,4.637351,0.052483656,2.130454,0.016886607,0.0150866285,0.016623652
824,0.040226217,0.019200489,0.029706681,0.060029913,0.020256557,2.99465,0.033197332,1.868318,0.016294349,2.0954444,0.0095302155,0.47060013,0.040369943
825,0.014121087,0.0073873033,0.11084655,0.004025269,0.007906091,3.767845,0.010114031,0.8323801,0.021823322,0.19987226,1.3495448,0.011428241,0.016770184
826,0.029730141,0.015323689,0.02968844,0.00669516,0.014407652,0.5721352,0.014130504,2.449679,0.040350035,3.2010748,0.7091324,0.01770469,0.01801037
827,0.03176996,0.0064141173,0.62606615,0.011338386,0.022746228,0.02143588,0.019871846,0.9494236,0.014713378,3.4890885,0.3120987,0.03832371,0.044035584
828,0.027027313,0.011088089,0.013113991,0.009520256,0.012938449,2.3219583,0.019404603,3.9632363,0.015330596,3.250627,0.009660996,0.053554755,0.02314613
829,0.029882988,0.009693487,0.019879796,0.012264813,0.011539961,4.144492,0.026056096,0.010199641,0.014623134,3.0467455,0.010587821,0.010519335,0.011557429
830,0.12868083,0.5670888,0.024902556,0.1841583,0.07600272,2.7409167,0.044076137,3.8917696,0.24488291,8.424486,0.025696257,0.05059343,0.037406445
831,0.08689551,0.03638607,0.036991466,0.055508405,0.04438043,0.04331664,0.04248286,2.8406537,0.068014294,8.232078,0.017507678,0.056828316,0.047285542
832,0.023147974,0.0083973,0.013492675,0.0063260626,0.015892798,2.5533385,0.012515753,6.3023353,0.01573589,2.284451,0.009986185,0.014990336,0.013218646
833,0.0406916,0.07545744,0.13529831,0.03958581,0.14606732,8.098802,0.042505905,1.1899062,0.022886941,1.9185523,1.6262164,0.030041438,0.032158084
834,0.019612275,0.009750265,0.010088075,0.015076995,0.01144237,0.13386896,0.01637089,0.93441457,0.01046415,3.1521688,1.3244464,0.05845978,0.058527675
835,0.054206777,0.032475565,0.06316858,0.022489892,0.014557048,6.805052,0.01696554,4.156186,0.026545996,3.1796854,0.24304606,0.022275874,0.025664514
836,0.045224458,0.2221464,0.031388905,0.031759474,0.042266935,0.008863985,0.18203275,0.97241676,0.0076431157,1.4079111,0.07845573,0.18453579,1.1113372
837,0.012412615,0.0036809468,0.032990284,0.0071730665,0.006110389,4.176501,0.015433209,0.016530935,0.0028568988,0.05181425,0.0040712114,0.0344132,0.03226203
838,0.06510866,0.011218072,0.020337503,0.06874495,0.030190444,6.2879043,0.031029426,2.7381258,0.020809546,3.8413687,0.01766629,0.046574134,0.038958687
839,0.06484803,0.1355676,0.02788559,0.017755084,0.13337062,4.850095,0.02844609,0.03253671,0.03283583,4.246814,0.017154537,0.046950217,0.059047326
840,0.07850562,0.027460106,0.20581838,0.10955021,0.073273905,0.01337004,0.34193823,2.0586646,0.017675841,4.6330867,0.011673559,0.18107073,0.78606236
841,0.027090797,0.005883681,0.066387,0.013128923,0.008834758,5.3193064,0.021161795,0.02961379,0.012443876,0.029351456,0.028132895,0.031786993,0.65738845
842,0.01828584,0.0074787852,0.008221261,0.0033650084,0.00539775,0.01870439,0.009111876,1.4666822,0.008998458,2.5941215,1.5125428,0.01329,0.011641088
843,0.060503706,0.008217644,0.02195168,0.012471083,0.039597217,0.038555358,0.024736028,3.2330554,0.015383212,6.969061,0.010619587,0.044179205,0.028251117
844,0.03074492,0.010952112,0.02804146,0.030195823,0.01974986,4.115339,0.17430668,0.06424242,0.015591871,0.7267107,0.010680807,0.13307093,0.047150165
845,0.084320806,0.07152239,0.035737332,0.021903986,0.019906936,1.1425563,0.045770366,1.9688362,0.026964664,2.5353866,0.013892045,0.08083517,0.58033
846,0.04118872,0.011613055,0.012091623,0.010000315,0.020048087,2.650881,0.024198044,4.6501594,0.016707422,4.70516,0.008757323,0.078798145,0.034759697
847,0.101852156,0.0120737,0.0141523015,0.019477576,0.036280826,4.030086,0.033764437,28.234188,0.035675757,1.4785359,0.007909141,0.039886437,0.02557714
848,0.10959971,0.023912096,0.7472099,0.1829592,0.03081495,0.02276337,0.05500239,0.17426386,0.015042392,6.9432096,0.012826008,0.14027542,0.089527756
849,0.025862982,0.0045333845,0.053560454,0.010177606,0.017629031,11.394938,0.013239784,0.04561269,0.005407307,0.011326713,0.007081808,0.9066873,0.025298249
850,0.032281905,1.2308718,0.023660734,0.012839232,0.3981264,1.170453,0.63757443,3.3012118,0.009550196,0.19229235,0.0076011284,0.23677796,0.03424469
851,0.045353815,0.0060929433,0.03988037,0.020038463,0.016912706,0.29737365,0.026442574,2.0646894,0.007837708,5.194279,0.0071841762,1.9559281,0.08873552
852,0.083805,0.019522885,0.02043051,0.015528322,0.027374936,1.2776319,0.028688246,0.038757235,0.021992942,6.5623803,0.0124492785,0.33279264,0.050856274
853,0.045039423,0.12080201,0.038246628,0.021615723,0.020652805,4.85334,0.03774156,2.935428,0.019629378,0.37404084,0.8116923,0.04637207,0.041664407
854,0.015355651,0.0038236682,0.009803384,0.006034168,0.0072335997,4.215587,0.012424783,1.2485238,0.006440192,0.0067395,0.82270116,0.010433473,0.008825281
855,0.055696055,0.02754677,0.020297986,0.017795386,0.019423507,0.95714766,0.03348082,4.947073,0.03683331,0.014758064,0.013019324,0.2321372,1.0711148
856,0.045682915,0.009073451,0.03028831,0.012538715,0.013698034,3.7957919,0.016849991,0.4100395,0.016280117,4.4335537,1.3931731,0.047083907,0.053177007
857,0.041728355,0.010676528,0.009971429,0.012282931,0.025689363,3.3841186,0.021935085,4.881927,0.025670422,1.9743193,0.7453102,0.022073237,0.031684175
858,0.051581085,0.0037260302,0.010178786,0.0071989885,0.009284306,5.52761,0.021396266,0.44206193,0.007577441,0.0070764734,0.017978298,0.0436395,0.022712909
859,0.056239177,0.008761993,0.01603871,0.039297137,0.011566041,0.51966393,0.058152776,4.12911,0.011206824,0.010344687,0.005422617,0.61792225,0.045260563
860,0.057852253,0.009516569,0.026546415,0.09325137,0.015660586,3.7617362,0.033108182,1.1368057,0.016191488,2.1942399,0.02030649,0.09497838,1.1303136
861,0.037207954,0.00532849,0.03272856,0.012846295,0.017308574,2.4570441,0.021211987,3.8468263,0.0075285924,0.02172869,0.007355854,0.70074475,0.13100955
862,0.07907011,0.2005912,0.019892076,0.022618359,0.053889576,1.5396285,0.06888818,0.06706,0.04541616,3.3973825,0.09516053,0.07587077,0.13043989
863,0.017028738,0.003120476,0.008978047,0.010706583,0.013416752,2.8265452,0.02672471,2.3143868,0.0037302517,0.008164424,0.0049907304,1.1971118,0.10368289
864,0.093472764,0.05911306,0.17381628,0.17592235,0.04116324,1.9116088,0.038204685,6.5826387,0.037665345,1.8336947,0.13983934,0.039344035,0.063396
865,0.02964895,0.015147919,0.013780386,0.006950328,0.010687305,0.28869772,0.010926451,0.7675168,0.013598397,1.87473,0.7155942,0.019155025,0.019389754
866,0.09062977,0.036363546,0.27546203,0.07956653,0.0361443,4.5859838,0.057520404,1.8634458,0.081564374,2.017831,2.6002004,0.12630847,0.3705137
867,0.04396182,0.008835121,0.16167057,0.018601025,0.027528616,1.804358,0.025108995,1.2888149,0.009752209,2.9752629,0.008227826,0.1452805,0.07416021
868,0.060102716,0.039164945,0.014985929,0.013523398,0.049741846,0.16382162,0.03310147,1.6752564,0.14204903,7.502743,0.02575051,0.6792291,0.082873024
869,0.05371009,0.01617468,0.0107001765,0.012924353,0.018774653,1.7333217,0.02054221,0.020818025,0.05637858,8.242289,0.022865308,0.038355157,0.023046145
870,0.00788469,0.0038020036,0.025166137,0.0042789923,0.0040479554,3.525603,0.00657491,0.16019963,0.0043517156,0.69920105,1.3515829,0.007135929,0.0077769435
871,0.06522188,0.1123666,0.032796472,0.04860867,0.82356787,0.008925844,0.36095262,3.1970577,0.0071566035,2.5236588,0.006672027,0.7401736,0.22605713
872,0.16488022,0.20928346,0.025143977,0.10776672,0.038292192,0.015464431,0.03523627,0.5661057,0.018070336,8.366899,0.023269022,0.17109437,0.58081645
873,0.030425837,0.015620997,0.016958743,0.007303152,0.012737211,1.8380667,0.014036611,0.013982054,0.037559677,8.285766,0.0182659,0.015499279,0.02084581
874,0.16110434,0.026156336,0.053434316,0.028497076,0.076815784,0.8223533,0.28041705,0.89307046,0.015113844,6.0293283,0.015977928,0.8919956,1.6351814
875,0.15045913,0.023618605,0.11304787,0.17671444,0.05697689,3.5042248,0.055339042,5.3131475,0.02375158,0.31897745,1.5874417,0.041669715,0.028916782
876,0.3082833,0.026030445,0.13041843,0.5429495,0.060341828,7.2585516,0.08998159,0.020593429,0.029171674,6.512634,0.019900015,0.058313947,0.039733622
877,0.05670632,0.008589101,0.02769844,0.013488157,0.02058683,3.5057003,0.026379012,0.040847495,0.010998097,3.6429813,0.008537596,0.2950541,0.03920437
878,0.0955029,0.009146538,1.3815954,0.20120159,0.25687674,6.511229,0.21840711,0.52436805,0.0095355045,1.2569433,0.75433064,0.04589116,0.026399007
879,0.056417666,0.016955474,0.031075256,0.031115454,0.026976526,3.671589,0.021340458,0.025833666,0.04415633,7.833477,1.8209856,0.026471231,0.029461464
880,0.019258402,0.0059400448,0.016501755,0.00757808,0.008757471,2.5273163,0.012685213,2.457346,0.0122154765,2.4473424,0.013366182,0.060286086,0.025315575
881,0.069477394,0.014437542,0.03874111,0.059570756,0.024563653,4.8087635,0.042266358,0.01721888,0.013269598,6.250543,0.010860277,0.09986301,0.027183212
882,0.03126803,0.09847145,0.0155054275,0.0080799535,0.015996326,2.4550185,0.019808741,3.4915755,0.014344287,1.5125896,0.008167638,0.024913,0.022114763
883,0.027693877,0.012225571,0.011534438,0.011549073,0.014484126,0.24472466,0.02523987,3.1498945,0.016771933,1.417691,0.42820278,0.0604073,0.035420664
884,0.0613352,0.009774321,0.012605001,0.04107232,0.04279858,7.580769,0.10400709,3.4532776,0.0077967932,0.008625578,0.0078267,0.08406158,0.02714884
885,0.13139914,0.03105924,1.3822054,0.023289507,0.089457124,1.5555818,0.068822645,0.8486477,0.025395153,7.012565,0.01359981,0.30065984,0.119029514
886,0.053160183,0.006959195,0.022305915,0.012604893,0.018699564,2.5029397,0.031826913,0.48902747,0.009928521,4.529481,0.02089141,0.46097785,0.04614601
887,0.055135194,0.100218356,0.018530786,0.015571506,0.21802336,0.7676458,0.022207525,0.02420566,0.024439894,4.274301,0.076234914,0.03403643,0.056493763
888,0.12646094,0.06565828,0.14504875,0.2041829,0.11950409,11.806683,0.1082738,2.6247475,0.020445794,0.7566997,0.83123344,0.052834544,0.06255499
889,0.061286166,0.018832054,0.035954576,0.029140668,0.034821328,0.30895445,0.068148285,3.8636434,0.020277334,2.6240067,0.009773639,0.11482675,0.09053334
890,0.06890005,0.15814948,0.031509742,0.015766947,0.02334936,6.1724615,0.02676134,0.022498954,0.013396107,2.0827122,0.013927179,0.028027905,0.023996947
891,0.02806917,0.0027146966,0.0073064375,0.0053765513,0.01203327,0.9412915,0.017620046,10.858594,0.012052449,0.003941013,0.0108018415,0.014748472,0.015117927
892,0.0494455,0.009794151,0.016459746,0.01686639,0.016051432,2.4526374,0.025227971,1.6808466,0.005048806,1.0466938,0.0068441667,1.7805963,0.81586456
893,0.037943024,0.021538932,0.040126104,0.0071085175,0.0111387195,3.2393339,0.017676258,2.8228133,0.0486009,3.3682735,0.6532721,0.024814289,0.025206607
894,0.060590785,0.110404566,0.016788656,0.01361855,0.049675263,0.012843712,0.04202347,3.553073,0.033967935,4.9915314,0.018405246,0.11955406,0.18967687
895,0.076365836,0.061508536,2.7640073,2.4033124,0.098559685,2.0720735,0.063949645,0.62628454,0.015117024,2.0572748,0.011107638,0.99373174,0.60806394
896,0.035626575,0.0072962106,0.05955432,0.013442822,0.018709777,9.433971,0.017826693,9.806584,0.020436874,0.8179636,0.014642076,0.01767085,0.012150326
897,0.016265202,0.004700091,0.012513412,0.0060643777,0.015006983,0.6227609,0.020402355,2.442868,0.006832085,0.06765385,0.0039930204,0.6661143,0.03526194
898,0.019154802,0.0033537378,0.047960278,0.0066295746,0.008460801,4.3920937,0.026226496,0.06352947,0.0038813627,0.00808153,0.005794819,0.3403384,0.03738193
899,0.040207338,0.0076237824,0.055939876,0.046047166,0.017819123,7.7266283,0.025402252,3.0769699,0.010048597,0.008078543,0.010491985,0.042092584,0.034599584
900,0.07479872,0.12542222,0.21555911,0.0317867,0.027938189,0.09940437,0.032446273,7.917153,0.036369395,1.5016247,0.018121827,0.032228235,0.044530917
901,0.035471223,0.0127509395,0.05099893,0.0238188,0.064188756,0.0056939083,0.17788742,1.1308962,0.0049486663,0.08325078,0.077093534,0.38804027,0.456879
902,0.023733415,0.008354402,0.010822893,0.004498065,0.012638667,0.50506186,0.030151067,0.71148115,0.020456972,4.0075355,0.6813676,0.018564947,0.015106123
903,0.042175375,0.030807907,0.01580056,0.013974109,0.020371947,0.055061508,0.021669034,0.8895388,0.058825742,6.870913,0.048168384,0.028642418,0.048337508
904,0.011172471,0.005640814,0.0071938955,0.004001018,0.0045414143,0.03971516,0.0079294145,3.123459,0.02411813,0.5107011,0.010798149,0.016500985,0.00918937
905,0.10520817,0.04261652,0.025683416,0.026883593,0.059463598,2.184819,0.040561512,4.7404737,0.03754652,5.0516396,0.012121107,0.03400277,0.03196714
906,0.0865576,0.03981993,0.035714786,0.049980573,0.043075316,2.141985,0.060979456,4.9097176,0.0131574385,4.096725,0.010419598,0.14091168,0.14200981
907,0.052114654,0.047628485,0.012537132,0.037707012,0.032207757,0.020075247,0.028640375,4.5979486,0.041936822,4.4015913,0.022971394,0.065535575,0.060172424
908,0.027530285,0.0053007347,0.0063861255,0.017785195,0.0142990975,0.056175824,0.03239676,7.1974497,0.017374292,0.006338388,0.36108223,0.027301505,0.016761374
909,0.046184834,0.9796275,1.1564943,0.050550696,0.015678747,0.98415774,0.027549608,4.6994004,0.007046944,0.01296749,0.0052005257,1.3232806,0.083893456
910,0.047380794,0.007774892,0.046825737,0.016964702,0.10316112,2.2836788,0.046588276,0.25338864,0.010621302,2.333622,0.045450445,0.052401397,0.057498254
911,0.06378153,0.016864762,0.01373325,0.015021098,0.021132158,2.2494671,0.017397244,0.09651873,0.021824539,4.4494743,0.5656537,0.049900744,0.041057456
912,0.032578018,0.009536699,0.055225234,0.0363496,0.023108948,2.4247298,0.023297125,0.48362967,0.008742009,1.3682183,0.0075720223,0.08671664,0.5642104
913,0.027762476,0.0043273615,0.012939225,0.006057397,0.010518666,2.356576,0.009632718,8.006582,0.009013668,0.005630422,0.017059166,0.014992652,0.012264816
914,0.024057997,0.008923054,0.04421418,0.071243584,0.015451175,4.3058934,0.053557,0.018870264,0.0091838185,1.6887233,1.8916773,0.027995173,0.028735986
915,0.016234545,0.0047708023,0.012023421,0.0038928427,0.006175784,1.228007,0.007928321,0.61304283,0.014605571,3.6153963,0.4817135,0.012944557,0.010689165
916,0.047988843,0.030548008,0.029152738,0.02256714,0.034043368,3.7380564,0.05327576,2.1428413,0.013319949,2.8412514,0.012272359,0.2648769,0.21577334
917,0.18730782,0.19059055,0.051399276,0.2703215,0.28086936,0.031274237,0.523031,0.08401942,0.05778945,10.270048,0.19982712,0.21277261,0.14297761
918,0.16669884,0.2121393,0.034149203,0.07222279,0.059312783,0.023462908,0.1418245,0.7881431,0.053589884,5.712423,0.37259495,0.13102938,0.10908068
919,0.2854661,0.13987765,0.03506089,0.2596092,0.20601982,1.1406605,0.1412666,2.4577065,0.033267573,5.1229625,0.02608752,0.7023376,0.1307906
920,0.082405545,0.3138085,0.03052986,0.06795178,0.07099235,2.2776046,0.11667481,2.5734572,0.8391012,3.45345,1.1917323,0.13520364,0.08968054
921,0.119404815,0.04670687,0.025884243,0.03858768,0.07783661,3.3739948,0.046873555,0.026278734,0.031116406,10.129914,0.020849075,0.035640616,0.036417365
922,0.036574427,0.005739098,0.027758317,0.020546816,0.01226017,0.19044578,0.018088818,2.9794495,0.012991494,2.8265052,0.00827308,0.20519598,0.05474339
923,0.06830068,0.0148717,0.20860521,0.028984303,0.06387863,1.2496362,0.051145855,1.0807086,0.018225228,5.668814,0.016129965,0.6783389,0.059582956
924,0.051506825,0.023258679,0.02814325,0.012365688,0.028135031,6.8537197,0.03143758,9.332919,0.06031519,5.3663054,0.25376046,0.023905065,0.02249227
925,0.022245431,0.0028751486,0.012224571,0.010266618,0.012863018,6.223462,0.017378798,3.3220448,0.005193976,0.005309606,0.0063279583,0.021329235,0.014576187
926,0.054574914,0.36757457,0.036761016,0.033957344,0.040684547,2.1708198,0.035578292,3.9985597,0.020610886,4.56866,0.0112303365,0.07395473,0.078539275
927,0.017770888,0.17152672,0.017363656,0.007507915,0.009147288,0.02290441,0.012450349,1.7769587,0.009595808,0.87325305,0.3315227,0.02738375,0.021088803
928,0.03266662,0.010120207,0.04402446,0.021051286,0.041966863,1.487956,0.04116527,0.9098962,0.012765354,2.141871,0.009552438,0.04631603,0.02546949
929,0.038630165,0.01526252,0.027571077,0.010641226,0.016368711,6.6565685,0.01303472,3.2585669,0.031333704,5.421786,0.46896383,0.014164248,0.01561841
930,0.047954567,0.018944716,0.022122256,0.015682198,0.026954178,2.9497552,0.040060822,3.89523,0.020050911,3.3584013,0.013758909,0.10891317,0.053919345
931,0.049945172,0.01089174,0.012913276,0.018344168,0.01647617,3.2054296,0.016446117,5.829517,0.008825783,0.024647856,0.0074758176,0.24465321,0.05224015
932,0.05547705,0.010891673,0.024113486,0.013015882,0.017978994,0.59192747,0.018483581,3.3601453,0.039846305,4.0903053,0.057643116,0.04571955,0.038470868
933,0.03541987,0.011851744,0.07823559,0.033712436,0.016838508,4.4221034,0.021727042,0.7730538,0.0064263805,0.012420444,0.009699693,1.5217702,0.22413878
934,0.04774578,0.0059082997,0.035264622,0.009434259,0.033306032,7.9924927,0.031105734,1.9513253,0.0045804274,0.006313686,0.008700435,0.03469712,0.021337086
935,0.043806426,0.014483167,0.056705683,0.010071613,0.021047104,2.3538895,0.040003456,2.3301501,0.009490882,2.2679286,0.010387267,0.0615252,0.10755263
936,0.07603156,0.035972945,0.020276263,0.18069775,0.0429147,1.0827231,0.19387135,4.0507655,0.011713555,0.08136807,0.011331017,0.21918388,0.9303131
937,0.05143752,0.21110761,0.29308847,0.1885261,0.015599201,1.730802,0.017998155,0.09025887,0.0055461493,0.41995952,0.0066851405,0.49620476,0.036885083
938,0.10953392,0.19561587,0.024642566,0.20141394,0.028010394,5.6320844,0.0921059,0.9256787,2.6535103,0.062436104,0.011941014,0.54181147,0.84183365
939,0.09387007,0.12344101,0.073125705,0.07288019,0.041363146,9.079682,0.050770048,0.018165624,2.4549112,1.8359704,2.1846185,0.040137514,0.02821494
940,0.0328803,0.06716462,0.112631336,0.112294205,0.059414502,1.9565661,0.25700477,3.7334816,0.01276583,0.063389435,0.014194458,0.78778726,0.794824
941,0.07859007,0.24337211,0.026693523,0.044738427,0.031550825,3.2185047,0.067284815,10.901153,0.013169646,0.017889123,0.008318758,0.7288763,0.07327251
942,0.053435348,0.020070828,0.020806823,0.016414382,0.015276159,7.084179,0.015761033,0.00958533,0.016656011,2.5541668,0.016240183,0.012236907,0.015038603
943,0.06260851,0.0090013,0.37156478,0.011418436,0.019588312,0.017601158,0.028425507,1.5332727,0.010677469,7.028823,0.010495676,0.071914285,0.04466323
944,0.039447363,0.13748169,0.01501063,0.01359376,0.013643253,0.014576234,0.06314581,8.061424,0.011113777,0.0130242035,0.0048632775,0.03868364,0.037074625
945,0.029740708,0.0066761477,0.011659412,0.00684607,0.010903011,0.2471167,0.011816409,3.2800536,0.007829964,1.2338412,0.006299566,1.5399797,0.08265526
946,0.07072009,0.0042752563,0.29949316,1.9532202,0.023733122,1.1830108,0.027236901,1.7607849,0.006251936,1.1095154,0.00970553,0.046422422,0.04803191
947,0.020577775,0.004140292,0.26251894,0.009545811,0.00900179,2.172363,0.0144454995,3.7985086,0.009260728,0.3274977,0.008877641,0.024252335,0.01668127
948,0.031157594,0.009403177,0.009899137,0.007453548,0.009218572,1.336549,0.011073833,0.01841917,0.030138766,7.0480485,0.014626501,0.011546966,0.012351926
949,0.029062241,0.006806907,1.9508768,0.35772213,0.010046236,3.369246,0.022178777,0.019141361,0.0057653524,1.2741407,0.008394779,0.021271763,0.020908235
950,0.018501988,0.007023263,1.6003137,0.011437953,0.009437936,2.2423453,0.011365954,0.009570066,0.015661608,3.6143887,0.011829774,0.012233287,0.010008624
951,0.04153659,0.06418019,0.081800625,0.056801308,0.04528511,0.030283798,0.043148063,0.2978666,0.1029125,0.7109537,0.012860604,0.12374021,0.7203542
952,0.04264944,0.011852599,0.033939574,0.02876093,0.025218723,0.02649438,0.021811042,3.5993228,0.0076625994,3.27299,0.0058670253,0.6682691,0.09251941
953,0.026824985,0.0057272688,0.014818304,0.021213531,0.012013129,3.436202,0.03839526,4.0040193,0.008078862,1.522533,0.008020494,0.66974795,0.048163775
954,0.04621655,0.011347328,0.076274246,0.1286049,0.030472215,4.607675,0.12578523,0.11539484,0.006838334,1.720525,0.013942362,0.0728715,0.08155389
955,0.06439742,0.006970335,0.01528065,0.020443514,0.034808736,0.16157696,0.042171903,7.4187765,0.006627798,0.018862914,0.0061512864,1.158565,0.09757023
956,0.055834886,0.026711436,0.009453281,0.0068668467,0.018815847,0.07816212,0.027204936,3.1609218,0.12620129,4.3601465,0.67281204,0.02580383,0.022510355
957,0.06651323,0.038025603,0.023050226,0.024756398,0.038626634,0.9584902,0.06107249,2.9234357,0.014829687,3.889457,0.38763532,0.07518434,0.12399994
958,0.029481187,0.3471812,0.013839589,0.0057950695,0.013102911,0.028732883,0.016102139,0.06180062,0.055403024,2.987145,0.12803355,0.026948899,0.032109067
959,0.036487967,0.003453963,0.01182727,0.82293934,0.020898728,1.8005387,0.04216306,2.3775537,0.0034771368,0.005985699,0.004349561,1.0612277,0.025461633
960,0.015738579,0.02077858,0.014000183,0.0073931655,0.013968405,0.017602455,0.016412621,2.9666262,0.010394909,0.58185214,0.07916775,0.027586084,0.024000153
