,meanscell_abundance_w_sf_endothelial cell,meanscell_abundance_w_sf_astrocyte,meanscell_abundance_w_sf_oligodendrocyte,meanscell_abundance_w_sf_microglial cell,meanscell_abundance_w_sf_vascular associated smooth muscle cell,meanscell_abundance_w_sf_inhibitory interneuron,meanscell_abundance_w_sf_pericyte,meanscell_abundance_w_sf_glutamatergic neuron,meanscell_abundance_w_sf_radial glial cell,meanscell_abundance_w_sf_oligodendrocyte precursor cell,meanscell_abundance_w_sf_neural progenitor cell,meanscell_abundance_w_sf_medial ganglionic eminence derived interneuron,meanscell_abundance_w_sf_caudal ganglionic eminence derived interneuron
0,0.059452605,0.014174789,0.030981015,0.021811191,0.026981048,9.76945,0.039478485,0.02511296,0.030057177,3.5229683,0.07115524,0.03189396,0.042913858
1,0.04754807,0.0148005765,0.01915311,0.023779763,0.025228398,1.0812331,0.029159468,4.6791935,0.017011985,1.2311207,0.02231825,1.2221673,0.52461
2,0.021283455,0.020389667,0.038098693,0.01606116,0.28090847,2.9380984,0.019660896,0.09147201,0.006272046,0.6056632,0.034880035,0.04118457,0.036268163
3,0.041438837,0.14988855,0.021984246,0.016660873,0.027840422,1.1515715,0.03436506,0.43390945,0.029904012,5.138158,0.07971,0.074634306,0.10578578
4,0.036098804,0.020567426,0.018962942,0.008232911,0.025449427,0.09732997,0.035775002,2.3482096,0.052162267,5.492471,0.13931352,0.13557386,0.21363461
5,0.044672918,0.00736438,0.5893288,0.023618242,0.029569283,1.0306349,0.033995196,3.0578973,0.011624068,2.425604,0.019717984,0.27941266,0.1221901
6,0.05010346,0.02306992,0.0197338,0.039265897,0.043026295,6.72199,0.055313822,1.2767934,0.014913087,0.068251826,0.05255605,0.4301401,0.7377766
7,0.052188367,0.006677935,0.025015105,1.3100814,0.018592255,0.0110016,0.04274211,4.1150126,0.0067858635,1.4305031,0.012008997,0.5871688,0.42108247
8,0.022125918,0.010174921,0.011875834,0.0062036207,0.008472422,2.3956246,0.0134971505,0.053966317,0.19952197,3.1878946,0.32588562,0.015885146,0.026959606
9,0.015157772,0.006499549,0.009543924,0.0055642584,0.0069598146,0.038873043,0.010165423,4.5382833,0.044109643,1.1716133,0.021015875,0.034269374,0.03678616
10,0.036844414,0.025141938,0.0070348373,0.09918646,0.03528313,4.3464556,0.025634475,0.13540608,2.6370654,0.005944393,0.5936337,0.02650005,0.030343084
11,0.046668258,0.013398718,0.027586928,0.020322029,0.0356494,5.394975,0.08107735,0.90293366,0.021967176,2.185998,0.036684122,0.5163345,0.27581573
12,0.036564812,0.01203655,0.01019667,0.006985758,0.012880966,0.009080206,0.018582253,1.2015569,0.013609186,4.445975,0.01854616,0.8523748,0.121712975
13,0.23950094,0.09244681,0.7104875,0.071115196,0.50066936,0.82317,0.10320738,0.21988326,0.020199597,4.9832463,0.04153566,0.63655764,0.2214418
14,0.03391706,0.0075671915,0.051483918,0.008679592,0.011819685,1.9124448,0.0171478,3.7712865,0.02454273,1.4842563,1.3396207,0.024241516,0.031295173
15,0.024892563,0.004690473,0.014180201,0.011963265,0.008091552,1.9066925,0.0113976225,2.594239,0.009712389,0.033338677,0.021602355,0.017204735,0.02167021
16,0.02218769,0.0126834335,0.009137598,0.0061713974,0.010924546,1.6266317,0.0115982825,0.22471249,0.014434287,1.8838065,0.022782704,0.07567999,0.0453859
17,0.041961495,0.013857327,0.015987229,0.011465283,0.024856327,4.0418444,0.029448967,1.4778616,0.025370758,4.6573663,0.06157251,0.035274833,0.05829028
18,0.04552968,0.058110647,0.007474334,0.013142572,0.014465846,0.016542166,0.026570633,6.2244396,0.013519402,0.011935399,0.016611757,0.31263477,0.75531465
19,0.07802168,0.12671097,0.0510628,0.0346033,0.021256778,2.6792152,0.027614353,3.887223,0.044441406,1.8185155,0.07695113,0.05466967,0.5143841
20,0.087980494,0.020003352,0.026276657,0.019483728,0.03954673,2.0706913,0.038731012,0.4188003,0.029169694,5.594554,0.20974058,0.10028468,0.14996076
21,0.04700491,0.29977712,0.020144965,0.020526249,0.047959942,2.1898913,0.04102275,3.5003998,1.177369,0.26091042,0.7217894,0.05584061,0.22392362
22,0.029582638,0.0075538596,0.4242306,0.0086975135,0.016210206,3.0562282,0.018738313,5.16845,0.023400811,1.8616583,0.16242221,0.01866522,0.02642815
23,0.028463382,0.010757976,0.032607663,0.015337548,0.012504453,1.9665378,0.02260139,1.2058686,0.03543351,0.76341015,0.06081014,0.023258256,0.020754414
24,0.033720046,0.017173415,0.017489608,0.022107918,0.021930026,1.4167739,0.03106963,0.43899205,0.12405964,4.7013516,1.1499289,0.025774581,0.029660895
25,0.04710332,0.13630515,0.01627375,0.014190121,0.025241125,0.008794029,0.04474415,2.2503016,0.014412817,3.786198,0.015060323,0.8754376,0.4261774
26,0.06323739,0.009428186,0.032783218,0.013485389,0.0435353,1.6195582,0.04566118,0.84454525,0.08670938,4.1197767,0.03681541,0.66332763,0.12743384
27,0.048171096,0.01816459,0.031151582,0.015547921,0.035167914,4.5016675,0.047266252,1.8360665,0.034398183,6.101742,0.105301924,0.041604735,0.040644743
28,0.046596114,0.012248889,0.027130328,0.014758576,0.03921535,4.1304197,0.03613799,8.523357,0.02358875,2.7559872,0.034809176,0.23895265,0.06745192
29,0.04457662,0.009028623,0.16408008,0.016941251,0.020447163,6.096535,0.028730135,0.16693781,0.031709965,2.2633982,0.79852194,0.01997837,0.030339343
30,0.060062364,0.02415271,0.21900503,0.012477708,0.036535267,0.014166646,0.054161347,0.24133517,0.025344202,6.407653,0.069639914,0.050631512,0.106767066
31,0.02403149,0.003051459,0.013067644,0.005665242,0.0073573524,7.1278224,0.01164757,0.10963269,0.005615886,0.005070533,0.020513183,0.34016904,0.03230143
32,0.019046724,0.0034604291,0.005179397,0.0054136226,0.013284177,3.9739347,0.015472067,2.9917052,0.0103050815,0.0047323317,0.10758149,0.015269389,0.01730862
33,0.05029653,0.016842388,0.032735556,0.017333994,0.03418915,1.9415575,0.0451081,0.11086464,0.04566641,7.722392,0.71120846,0.027839582,0.04530531
34,0.050689284,0.021237805,0.018426012,0.024282781,0.025296073,0.009254122,0.06322731,3.6085954,0.0055344026,0.120049976,0.006408989,1.8464633,0.38327688
35,0.02066912,0.005603361,0.010397341,0.008769719,0.011172307,1.1355257,0.01591393,6.094063,0.008842109,0.010097544,0.020016225,0.047923703,0.028020505
36,0.10625298,0.012806828,0.8902462,0.13825926,0.027001608,0.029902749,0.06318019,0.76513517,0.021525845,1.977723,0.028364781,0.78247094,0.27578112
37,0.0253178,0.04409616,0.02385869,0.010346358,0.021711597,0.019704262,0.022607509,0.34337673,0.015337617,3.9280376,0.03067975,0.59228766,0.19019225
38,0.029889204,0.0058449656,0.021583896,0.008848708,0.011353077,3.2635741,0.019338394,3.431637,0.015428795,1.9151407,0.04311393,0.019914735,0.018285315
39,0.053219046,0.0782965,0.017978996,0.016571308,0.049703468,6.084814,0.65691245,0.051344056,2.8193069,0.013253133,0.23306425,0.090958215,0.04741543
40,0.06861527,0.019171633,0.014717377,0.019927744,0.0351669,3.846473,0.04769402,5.163029,0.025342045,2.405718,0.043561086,0.029011507,0.039706547
41,0.054969274,0.103812575,0.03213496,0.021108292,0.112780534,1.2688975,0.14164595,1.9604175,0.10608213,3.8883562,0.124015264,0.110013686,1.1284633
42,0.046692524,0.039046504,0.02430392,0.013580221,0.018027162,0.28389245,0.034448855,0.11875974,0.053226836,4.7504206,0.072131425,0.05989767,0.2977651
43,0.032658227,0.009944561,0.015899524,0.008951393,0.0147892935,0.251957,0.019507978,2.2229178,0.0933201,3.9460142,0.07079264,0.022311319,0.023471432
44,0.051854413,0.010899819,0.04134576,0.025973411,0.020380419,4.8513107,0.025116682,0.058815822,0.012794468,1.8832747,0.030067692,0.08967497,0.06698209
45,0.015974501,0.011538501,0.008781221,0.009148286,0.009873633,1.0836655,0.017643236,2.6333177,0.0794194,1.5246962,0.8345801,0.030186165,0.026976649
46,0.044356324,0.007844953,0.04194768,0.013552573,0.020187316,2.8524866,0.03216276,2.6913757,0.020475872,3.186183,0.045619454,0.028793786,0.02749854
47,0.08797476,0.031495366,0.1945363,0.26987407,0.08509318,0.034546994,0.2219237,0.9324833,0.028486993,4.744604,0.13327587,0.7341709,0.6875949
48,0.12298913,0.021010345,0.08496106,0.041652486,0.041664623,1.3899825,0.20323402,2.3080955,0.023474451,4.1347833,0.05221275,0.8509269,0.50849736
49,0.053364933,0.010887846,0.03179532,0.018678201,0.018473532,3.2791407,0.028448312,0.04414406,0.020575095,4.728613,0.03221807,0.04619384,0.031421814
50,0.0290791,0.0047427486,0.008276494,0.018762114,0.03180642,3.3889115,0.09267087,0.5024094,0.009374975,0.03701338,2.3735538,0.03996407,0.03137898
51,0.06260756,0.00707218,0.019364664,0.01305563,0.029320527,5.5941496,0.04106731,11.8993435,0.035257436,0.9324986,0.07002653,0.039381303,0.03370171
52,0.05887693,0.03390079,0.020191144,0.019757414,0.048587825,2.4514952,0.049447335,0.024785709,0.051447224,6.4477186,0.15038322,0.019702883,0.024691358
53,0.03523081,0.013705417,0.016069712,0.012410914,0.046984006,0.07819217,0.03666575,4.1841445,0.015167992,3.1494758,0.017283626,0.037746113,0.043786988
54,0.05178968,0.033814754,0.025177993,0.011917252,0.025296517,0.14902255,0.038778625,0.053314827,0.028583908,5.9753256,0.05792099,0.072587706,0.4860629
55,0.02219769,0.010899742,0.023355648,0.008903508,0.015043015,3.0031562,0.021135025,0.3884439,0.03148135,1.1353813,0.4746257,0.0160861,0.02001594
56,0.0228895,0.10286594,1.4968323,0.0094726505,0.018394634,0.033718143,0.019147772,0.80292696,0.016316,1.2634851,0.012351404,0.093663566,0.09777556
57,0.015157401,0.007794408,0.013990501,0.0057786494,0.00978016,1.9475449,0.008359717,1.3054281,0.026185244,1.7563473,0.38841668,0.011258925,0.011633822
58,0.03929833,0.011193474,0.01758512,0.012320151,0.018911261,0.014799843,0.023180084,6.954127,0.013713334,3.3656693,0.018023038,0.043166436,0.038797867
59,0.04609377,0.010245201,0.02187993,0.35098052,0.02412608,7.775735,0.026451305,0.13599576,0.52367026,0.007446467,0.04977617,0.0633951,0.041364215
60,0.056929886,0.019168464,0.018397985,0.01285739,0.024269965,0.5899953,0.034264553,6.3135033,0.55819947,2.714772,0.064627975,0.02930508,0.034057554
61,0.037533183,0.009850154,0.01405895,0.008388029,0.015440352,1.1009622,0.023346486,6.300776,0.020165833,2.2191057,0.020090021,0.022249417,0.025826456
62,0.035609037,0.38032645,0.013747496,0.013989505,0.020741237,0.013125048,0.02118335,1.4754378,0.034370434,2.1266074,0.09321391,0.44784853,0.50837225
63,0.06369061,0.0063402266,0.028276958,0.020792492,0.021892866,6.488887,0.031274114,0.78570235,0.020862546,0.5763065,0.3727132,0.02244943,0.033238318
64,0.047989927,0.18068472,0.016974663,0.46280268,0.038658116,0.020505488,0.03089035,3.8151503,0.013559156,2.9380083,0.01682734,0.16390364,0.09209949
65,0.023673208,0.020814963,0.010631496,0.006859455,0.009942414,0.39027062,0.012241154,0.104835086,0.024688724,2.9131904,0.17691992,0.03356069,0.08445086
66,0.02633374,0.009642098,0.011015966,0.011131618,0.02139882,0.00908996,0.02178287,1.4564781,0.0049724733,1.8231654,0.007669389,1.5148237,0.7661654
67,0.04889717,0.025609981,0.015887164,0.010864016,0.014892048,1.8994912,0.02343104,0.025826773,0.034322944,3.3067033,0.049094867,0.027292075,0.05659582
68,0.09899801,1.508126,0.073614344,0.09694453,0.087179855,3.7982843,0.11063837,0.2423124,0.64975035,3.7901123,2.15485,0.27373412,0.28269207
69,0.11075777,0.019143153,0.060450066,0.053672224,0.037076954,3.8798862,0.060472988,0.4891884,0.024314268,3.686511,0.12741831,0.14469157,0.20650275
70,0.05819054,0.09394822,0.028566564,0.015366954,0.062414315,2.429194,0.06462981,8.971688,1.3205525,1.3936892,0.099854805,0.55661094,0.9939707
71,0.022583673,0.004218594,0.016444746,0.010558487,0.009958615,6.8936696,0.012184138,1.0655961,0.013452371,0.009929983,0.04527772,0.02356156,0.042815477
72,0.04382013,0.013669931,0.026023546,0.016818516,0.02186808,1.2733088,0.024872744,1.2381428,0.024877356,2.6602685,0.04005311,0.73023653,0.3121317
73,0.0762313,0.006722772,1.1912439,0.035213698,0.023468053,0.027616736,0.033619747,4.8523088,0.009727758,1.9473315,0.014507242,0.053653385,0.053069346
74,0.039293233,0.009209832,0.017694386,0.009356446,0.021147668,0.46763456,0.022899179,9.197723,0.030692752,2.900383,0.031092986,0.024904648,0.030062012
75,0.03280207,0.51788706,0.013751287,0.010615152,0.023960028,0.010668487,0.036114875,2.1374874,0.011609683,0.94317454,0.008312026,0.6382423,1.0668316
76,0.052115764,0.032508075,0.025497086,0.42489877,0.030484626,1.5599861,0.056492396,0.47770858,0.031203857,3.9623184,0.044447932,0.24120098,0.9547244
77,0.080409035,0.03207425,0.052639794,0.21007112,0.042718638,6.8134975,0.05594985,0.5767648,0.07419511,1.4267389,1.7956901,0.15915854,0.5009889
78,0.043236196,0.015206369,1.0238867,0.012745487,0.016447032,0.016654203,0.026950017,0.022013491,0.0227711,7.4366255,0.04442818,0.023849603,0.03130219
79,0.08752172,0.01838444,0.026399625,0.032620717,0.06865184,3.401872,0.06988395,4.929914,0.033264827,3.9680216,0.050965335,0.104638785,0.041070927
80,0.04542647,0.009400508,1.1317776,0.022301087,0.011874647,1.1622984,0.029393094,0.7388863,0.016539585,1.6764425,0.013821262,0.7574325,0.31283298
81,0.012164427,0.004672917,0.011238428,0.005702176,0.006202583,2.7597153,0.008164852,0.77749115,0.022724846,0.7519887,0.15052226,0.019645961,0.018716522
82,0.036027096,0.011182251,0.041792907,0.012969119,0.020468306,4.6627536,0.027564403,0.013300893,0.02558996,4.741948,0.05414118,0.01650842,0.017423328
83,0.0071248584,0.002665391,0.0046964698,0.00230975,0.003916425,0.011178662,0.003889614,2.8754013,0.006064038,0.00316061,0.36369923,0.0063430355,0.008530661
84,0.022211954,0.15626302,0.0063224277,0.014526138,0.010258384,0.0055723106,0.0142564755,0.4435861,0.01586509,1.6717685,0.023327205,0.10520841,1.6516051
85,0.066131294,0.013960035,0.0637638,0.01992971,0.029299563,8.875263,0.042029127,0.04529177,0.020337775,0.496486,0.42184126,0.022011222,0.035711315
86,0.046604306,0.015682837,0.036364313,0.013955229,0.031117652,4.9726977,0.04069163,0.81056726,0.012626992,1.6533109,0.0408127,0.12449806,0.30966908
87,0.08218882,0.038766753,0.03668014,0.01930341,0.0542337,2.9082274,0.06045283,0.40346253,0.030095927,4.0294847,0.040261276,1.0107243,0.2635103
88,0.032736823,1.279671,0.020876942,0.014529423,0.016489053,0.9679255,0.018795542,0.7453661,0.0098487595,1.6244732,1.1327868,0.10213367,0.8551204
89,0.060151197,0.24168107,0.017351724,0.014369183,0.029385738,0.4775703,0.022027567,0.7019935,0.025772436,2.1597753,0.07992754,0.28644165,1.7699994
90,0.03382762,0.014693001,0.6140335,0.030415736,0.017132556,0.009844712,0.029618112,1.2167746,0.022150267,3.7231061,0.03929509,0.33073887,0.3268385
91,0.021897828,2.159601,1.6777242,2.2963386,0.018763034,0.3288262,0.016392423,0.09250623,0.026769327,1.0071013,0.015992586,0.027081016,0.020957459
92,0.03125826,0.011210755,0.03263187,0.010814879,0.020876821,2.0617683,0.02785584,0.43869343,0.025632069,1.5149521,0.54035616,0.06289181,0.23010454
93,0.018664429,0.0068932744,0.0056504654,0.006457921,0.012062291,1.0595942,0.013405858,4.0788026,0.009426137,0.0077173207,0.0146976765,0.86378497,0.14596182
94,0.028276931,0.0056938105,0.013139086,0.0102423895,0.018091919,5.21514,0.01941935,0.1448343,0.0114879375,1.1780452,0.036383692,1.0536809,0.059424784
95,0.03463589,0.006407962,0.011123363,0.018205628,0.12190961,2.26615,0.03334284,2.0192602,0.0074549518,0.010159674,0.65485513,0.04872671,0.049481425
96,0.03744963,0.017173344,2.6637692,0.025792385,0.026252145,0.05343213,0.06122917,0.6400463,0.04450847,4.1734104,0.033574097,0.15883313,0.31860843
97,0.07753317,0.0084668,0.033211928,0.03515989,0.030204821,4.3948736,0.11064276,0.11763678,0.016097456,2.572215,0.032994222,0.17511623,0.04623798
98,0.041055787,0.014099872,0.043193966,0.027863683,0.027211748,4.081889,0.03326114,2.1126566,0.009152462,0.14796704,0.024778876,1.3235677,0.10657207
99,0.031111361,0.023170466,0.012399813,0.010615948,0.014600719,0.014034318,0.020280324,3.2654586,0.031717587,4.0700946,0.19947045,0.028973794,0.034842297
100,0.024191326,0.0038216277,0.0050248043,0.00687018,0.008646507,3.1790655,0.012378919,3.610517,0.011235081,0.0071843625,0.029608669,0.016325865,0.018118942
101,0.0489067,0.01583237,0.012449735,0.03156902,0.08351585,1.716134,0.13679628,3.2673576,0.07667256,2.1261592,0.042716146,0.078158595,0.05126009
102,0.021223096,0.015366427,0.056478407,0.008613877,0.00956525,6.173908,0.012444979,0.034463193,0.011855063,0.30219373,0.060933944,0.013397298,0.029934991
103,0.029630173,0.007316536,0.042718206,0.0088036535,0.014852154,7.402857,0.020126391,0.08127633,0.016497111,0.99825597,0.87689716,0.03005827,0.045330215
104,0.026353385,0.0073475554,0.015480068,0.006177385,0.015515908,1.2311747,0.02092749,0.027542207,0.034739923,4.249794,0.1229869,0.020186909,0.022332912
105,0.043037932,0.03296271,0.028873544,0.020172615,0.020192532,3.6245656,0.02649447,0.23458679,0.036097184,3.32865,0.19566305,0.033163656,0.05348499
106,0.069787264,0.14447728,0.025479292,0.032245617,0.03619525,3.7982817,0.3314413,0.07174992,2.8065436,0.42713067,0.12624073,0.6630295,0.09865147
107,0.078378595,0.037487358,0.026723247,0.019491287,0.04112813,0.026358118,0.062394243,2.7019665,0.24236324,8.321868,0.103625655,0.19164655,0.13864546
108,0.02781118,0.0140260905,0.035877828,0.064229555,0.014703242,0.026136484,0.050448984,1.8858824,0.010150743,0.20904632,0.01550868,0.6316416,0.99899495
109,0.0180633,0.005627826,0.0070951683,0.0034145403,0.0082271965,0.005893226,0.010490687,1.4831998,0.0045754034,0.12608121,0.0059721023,0.81861204,0.18195845
110,0.08491881,0.16051884,0.061271124,0.13668036,0.033556215,2.699498,0.07346136,1.3230141,2.158254,0.24209681,0.063954346,0.95995945,0.72431594
111,0.051938217,0.022422621,0.02038343,0.02763231,0.027083581,2.3912673,0.030854544,1.3863974,0.039533366,3.9217534,0.07811946,0.040268812,0.049703594
112,0.068916574,0.012581849,0.30176938,0.028779753,0.03540926,2.1762426,0.04627522,0.07441906,0.027460739,4.1153307,0.06731163,0.07757476,0.09372158
113,0.046402957,0.0969783,0.019725064,0.017394599,0.032843806,0.6351803,0.033192046,4.667645,0.037214592,0.079088345,0.03168874,0.07714414,0.12683737
114,0.04460487,0.015158255,0.03807288,0.016063148,0.025771169,2.6999135,0.048584066,0.46110284,0.025264574,5.3186817,0.047349695,0.06539268,0.41604862
115,0.054415353,0.012425487,2.904756,0.02655177,0.022174979,0.08298101,0.14744832,0.7045514,0.012083067,1.3511608,0.015199172,1.6130916,0.26251936
116,0.08521492,0.020776246,1.2415128,1.3401338,0.35041204,2.7985618,0.090536684,0.029924696,0.020833267,2.6302614,1.6007544,0.041173764,0.053141616
117,0.02868771,0.0074126557,0.010083215,0.008101024,0.012110639,0.14080276,0.018463204,5.02417,0.025572028,3.0867012,0.026729448,0.019157393,0.02338875
118,0.0525336,0.008491174,0.011455866,0.0074910647,0.03249821,1.2937016,0.02489537,7.2259088,0.030170362,1.8836945,0.053695768,0.05242025,0.037892167
119,0.057851303,0.015235065,0.024514934,0.013842261,0.06514689,0.14864264,0.51161623,1.0603797,0.014895436,3.3731494,0.033458274,1.3602043,0.4170143
120,0.022592563,0.0050476952,0.0060346923,0.009785629,0.009918873,1.5203861,0.0141819175,3.1498396,0.0064164405,0.0063270377,0.0129541,1.0540087,0.07687135
121,0.030384362,0.011867093,0.024768328,0.012886802,0.023103707,2.982354,0.028032243,0.3077358,0.019909624,2.7598922,0.049487397,0.1086851,0.63207376
122,0.038115036,0.0135131,0.02537874,0.018215563,0.020960752,0.94834745,0.03359386,0.6357428,0.014833622,2.6786823,0.020420771,0.7186403,1.4070144
123,0.02803775,0.010495856,0.014184383,0.009639242,0.023242585,0.017569292,0.025193201,0.027745428,0.014946977,4.4563355,0.021440433,0.020146675,0.025888203
124,0.04968166,0.010962207,0.050678458,0.028019529,0.037200265,2.805579,0.05527128,3.724271,0.022039989,1.1535308,0.046788935,0.30252954,0.5200224
125,0.018638942,0.013191828,0.010479913,0.0054881102,0.010016061,0.37013105,0.010591529,3.3498087,0.010474926,1.1875486,0.013237445,0.35759923,1.2166517
126,0.038963545,0.042883053,2.384539,0.01382914,0.017489241,0.0145741,0.03993514,0.17973307,0.010638101,2.963573,0.0148410825,0.10390031,0.9005242
127,0.037060555,0.14998229,0.04182958,0.041647375,0.0221221,2.791732,0.027243683,0.14907442,1.6855181,0.22210266,1.8004477,0.05620988,0.2341563
128,0.07016657,0.340514,0.13001427,0.02679641,0.070904315,11.009198,0.03653226,0.41344097,0.06567434,1.1280487,2.9829435,0.019356003,0.031192714
129,0.20638505,0.16006996,0.04043679,0.023097118,0.014154429,0.006555781,0.018745953,0.9540342,0.009545848,1.2924958,0.01331233,0.07503421,1.3384631
130,0.06433969,0.038422577,0.05263172,0.020787735,0.029000271,2.288741,0.04188498,0.040664807,0.0290119,5.51172,0.057619005,0.10164902,0.046823572
131,0.08457096,0.045579303,0.980489,0.026151385,0.052348044,0.025809588,0.052321337,6.8081713,0.036511745,4.856284,0.041662984,0.06678447,0.08432743
132,0.035308987,0.011557564,0.020811448,0.0080633685,0.024492022,2.3453643,0.023996962,4.265549,0.027877947,2.087952,0.3240373,0.020458339,0.029384397
133,0.029635541,0.003815999,0.0060984027,0.01026229,0.008367209,2.690653,0.0120055545,7.190369,0.013320976,0.006384895,0.3809276,0.018655756,0.020257477
134,0.07168411,0.008534641,0.19682077,0.9493233,0.0290926,6.765195,0.053957563,0.095082514,0.010345297,0.6689984,0.027743844,0.110412665,0.7537154
135,0.047229163,0.06295587,0.05379454,0.020884197,0.022793343,0.5396668,0.036703695,0.46840614,0.018938292,3.7888625,0.036458347,0.61046416,0.18726291
136,0.08534607,0.0249242,0.1584875,0.019219339,0.04025297,0.018313201,0.07174566,0.019527007,0.04201382,13.16795,0.05589378,0.016847674,0.030232437
137,0.02507712,0.08644227,0.009304032,0.00487252,0.015010455,0.019964477,0.012551937,4.494832,0.015223346,0.6000223,0.010924543,0.038046148,0.03991746
138,0.042869557,0.059789587,0.036091935,0.017768659,0.015731514,2.464113,0.03133393,0.03273971,0.020595381,4.614203,0.054236718,0.052702285,0.5302939
139,0.08235098,0.121967204,0.046541065,0.021415422,0.03432151,0.02722604,0.035617627,4.7705603,0.060562234,4.082277,0.05391673,0.033365022,0.053224985
140,0.058628842,0.013043458,1.3965757,0.024259629,0.038555834,1.5836366,0.07403292,3.7722929,0.018847033,1.1706053,0.032501392,0.80230105,0.16603784
141,0.06534432,0.08180602,0.10916457,0.4025107,0.06620108,0.018365514,0.048375677,1.1935902,0.012416924,2.8287878,0.016130364,0.4149061,0.16571139
142,0.15468796,0.023461599,0.6731204,0.24520175,0.03938741,1.2976241,0.07453004,0.07579932,0.027512696,6.3030405,0.056291617,0.101490475,0.3806896
143,0.042880714,0.09698641,0.0162977,0.075026564,0.026013473,2.1662767,0.041544963,1.9305762,0.027630351,1.0876836,0.057003453,0.26916626,0.59379464
144,0.02525055,0.0031894187,0.0053351824,0.00825955,0.011055977,3.479581,0.019381087,4.559505,0.010872038,0.0040442664,0.03732313,0.01562848,0.013750927
145,0.1015182,0.047438495,0.041532073,0.025435459,0.45679927,1.3675153,0.17003594,0.25883308,0.068587065,8.821206,0.16258027,0.27537224,1.2191691
146,0.039712105,0.009703306,0.036434278,0.010767111,0.020576553,4.487458,0.022520313,0.015170595,0.034106545,6.0150414,0.07240619,0.013186013,0.01699494
147,0.11507693,0.013468429,0.7346457,0.033349924,0.042114038,2.3139987,0.07342969,2.158975,0.077478,2.523275,0.039196998,0.15973099,0.17489739
148,0.03211027,0.014387476,0.012403629,0.00888811,0.023640007,2.381709,0.031206818,0.08370429,0.022239422,2.8505392,0.024596473,0.82179374,0.059938487
149,0.0812255,0.18091829,0.027743947,0.022745643,0.09646326,4.5279455,0.1174062,0.22094512,1.2878588,0.9410273,0.064398505,1.2160965,0.83504564
150,0.094515964,0.027100435,0.030093506,0.026323525,0.030866794,1.5620186,0.040843334,3.692596,0.026868409,1.7543675,0.051144395,0.051204927,0.13906623
151,0.029698122,0.011473724,0.01362256,0.007164979,0.016729878,1.4073746,0.019542325,1.274846,0.057918202,3.8299472,0.1678848,0.066976786,0.061195087
152,0.082737796,0.017536612,0.0653076,0.02645737,0.040895216,3.1733394,0.06552799,4.6142864,0.033969685,5.4088483,0.110242106,0.030727362,0.034383446
153,0.041939083,0.105053864,0.04140193,0.01747764,0.034619614,7.8039994,0.04319511,0.053806026,2.8335502,0.39079913,1.017854,0.01980061,0.018907588
154,0.09980706,0.017318498,0.022839185,0.06338172,0.089110866,3.3678794,0.068588376,1.8027209,0.017076232,1.4740562,0.05794234,0.09054741,0.27511004
155,0.030251674,0.0085975565,0.023627697,0.007148632,0.0116198035,1.1658149,0.017562168,0.022902321,0.051004652,6.170027,0.05591361,0.011736644,0.019343153
156,0.02715302,0.27670926,0.016809143,0.00822833,0.020463087,0.01741377,0.019794429,3.8082042,0.016638357,1.7324163,0.025706016,0.6193636,0.937232
157,0.02820677,0.013151305,0.015023434,0.006526954,0.012398596,0.18952835,0.01839804,0.6321836,0.049243517,5.950305,0.9285102,0.037075233,0.07199656
158,0.019157711,0.0065913657,0.011987023,0.006232468,0.011815695,4.6821256,0.011192566,3.7874348,0.027622933,0.60177517,0.14282794,0.02183577,0.028756032
159,0.030644735,0.011421405,0.016838985,0.008731182,0.012545198,1.1210312,0.023700263,3.3003464,0.018467346,2.5326495,0.030378409,0.032670464,0.04545221
160,0.06569753,0.03131739,0.019230938,0.21538995,0.05116422,2.9939806,0.058477663,1.8037189,0.018130593,1.65447,0.026175203,0.541633,1.0086695
161,0.030429866,0.008114092,0.006941844,0.009801919,0.016642287,0.2550607,0.019300425,2.909986,0.0051121307,0.38647658,0.01232346,0.8000242,1.0121897
162,0.016995225,0.009192663,0.01465057,0.005191744,0.009852822,3.0573912,0.01144337,0.056540903,0.033791836,2.480053,0.5586018,0.015403887,0.020147044
163,0.055020463,0.16769508,0.103765614,0.033551924,0.044882573,7.305333,0.04492039,0.14465603,0.030754121,1.6925201,0.09818358,0.024654655,0.031753145
164,0.03732358,0.017621266,0.023546828,0.01059644,0.023852883,2.9879339,0.023090897,0.29135364,0.029735131,3.1115718,0.0669111,0.07050273,0.052030332
165,0.039239343,0.011892363,0.012785417,0.010740803,0.014117456,0.07523184,0.018774256,9.957595,0.04076522,1.6602833,0.059958562,0.01380588,0.016097914
166,0.094216965,0.73300034,0.042388756,0.029886222,0.046502963,2.2179623,0.05717348,5.52632,1.2297173,4.0841384,0.08513022,0.1058904,0.106183544
167,0.061274968,0.014003571,0.016648505,0.032347653,0.04059057,2.6714065,0.034930483,0.16789044,0.023190172,1.9152602,0.050629985,0.06898605,0.081849925
168,0.030701945,0.0031839795,0.010636944,0.0092050675,0.011484185,5.332623,0.020042432,4.5182605,0.012581994,0.0082529215,0.060180012,0.011181896,0.012752239
169,0.024315763,0.0021783488,0.0070617334,0.0068700006,0.011907205,5.6033273,0.024471806,6.330971,0.011389899,0.0026520474,0.037795696,0.016834198,0.014901252
170,0.09767714,0.012184146,0.71050894,1.1871765,0.10497032,2.0237103,0.060959592,0.19083187,0.01208429,2.3830514,0.03224545,0.8041817,0.37561658
171,0.050570488,0.0263217,0.02203497,0.015850462,0.031556696,0.12939772,0.051599726,0.085776545,0.032686986,6.521025,0.05873736,0.043472525,0.04411405
172,0.0451368,0.07088279,0.020427262,0.017712975,0.015412257,2.568454,0.02777134,2.5420642,0.03505512,0.71801454,0.037090585,0.02762687,0.029069876
173,0.047292363,0.019517327,0.017511802,0.016485784,0.02718211,5.4409695,0.028460905,0.02446278,1.6766438,2.4192307,0.043602247,0.029575575,0.030352844
174,0.06818321,1.0495797,0.03801862,0.022749836,0.0901947,1.6111298,0.038951725,6.2892866,1.0070419,0.68580014,0.029899755,0.05289358,0.055215694
175,0.05456715,0.02437397,0.021480603,0.028899249,0.031589434,0.76746035,0.05175598,4.6882024,0.022382395,2.7895396,0.024843352,0.6271367,0.20417282
176,0.015768245,0.007652597,0.013689583,0.009528696,0.0094821025,0.88137037,0.015843613,1.434818,0.0069015273,0.09845075,0.012176619,1.3148694,0.5822352
177,0.044483747,0.021192279,0.02010031,0.01008085,0.016300427,1.6362624,0.024180287,0.06545533,0.083865225,7.9477696,0.2511298,0.027174804,0.040121246
178,0.07661919,0.009006453,2.0468245,0.13354892,0.022356877,2.959086,0.028594902,1.0601134,0.011796403,1.8683717,0.027869632,0.040829122,0.090558834
179,0.083946526,0.04678288,0.02115362,1.4105734,0.045522176,2.5547202,0.046380974,4.6067104,0.024340563,0.4091934,0.056616656,0.058241557,0.8402245
180,0.054171376,0.3158126,0.019913798,0.01929157,0.03900661,0.50690156,0.05775096,7.7622027,0.06130857,3.0101259,0.035926666,0.12727748,0.089798234
181,0.051768437,0.06798579,0.021655938,0.015324226,0.028970372,4.136554,0.030419204,0.077791676,0.025127837,2.8593314,0.0739287,0.2767818,0.1137079
182,0.13870019,0.057175368,0.16488534,0.031951986,0.12586783,0.034317724,0.08008682,3.3435209,0.09333166,8.980639,0.09352978,0.08123015,0.09530709
183,0.033437066,0.011569384,0.02232726,0.008597814,0.02121226,1.0775803,0.029582594,0.21145025,0.037831515,5.005926,0.51732266,0.02403477,0.035952225
184,0.016688928,0.005847409,0.05083304,0.008470131,0.008516127,4.6008334,0.019014226,0.8765037,0.010302078,0.32963076,0.028467633,0.026542444,0.05611789
185,0.0344724,0.0051371823,0.00579248,0.017649664,0.024584498,0.30360878,0.033788968,6.132475,0.0147268055,0.006949906,0.09565567,0.40703928,0.3723584
186,0.09642855,0.008771338,0.12611157,1.9292437,0.050441016,0.0076740426,0.2762407,0.9337982,0.009560769,3.2430184,0.015307678,1.942189,0.22264087
187,0.096921995,0.021735482,0.027085211,0.023227528,0.04267457,3.659412,0.055839367,15.7612705,0.053390834,2.2448454,0.060317483,0.039532322,0.0540287
188,0.054574087,0.19315974,0.02121404,0.011862327,0.03674241,0.5107306,0.03553299,1.7293365,0.014261661,1.8035451,0.023605047,0.39387658,1.5213541
189,0.062020957,0.04748698,1.587173,0.04986788,0.03204436,0.4335725,0.04978689,1.2674059,0.06819994,6.5091066,0.077227056,0.045285586,0.098631606
190,0.023932127,0.0040175403,0.062301014,0.009528023,0.012426609,4.4250765,0.017107533,0.7558911,0.008133477,0.018023875,0.030852932,0.048274875,0.030350933
191,0.03907332,0.011196749,0.0340343,0.010100193,0.014790059,2.7786536,0.02102407,0.029490186,0.032854486,4.7689033,0.22649102,0.015031222,0.019716866
192,0.08447696,0.05944169,0.083583824,0.46859157,0.6085341,1.8890282,0.09575008,2.1137486,0.07115402,3.5376816,0.07813123,0.042567853,0.047053274
193,0.0383948,0.01280005,0.14401323,0.050859492,0.011925927,0.0063941185,0.016742203,3.4170358,0.0049511245,0.7559652,0.0051334305,0.4978308,0.96974
194,0.059932802,0.14344084,0.015286623,0.026294872,0.033411223,2.1559,0.045515023,2.0466008,0.022754693,2.3911557,0.06760075,0.060203724,0.6712374
195,0.06412392,0.0045819557,0.023509752,0.016224077,0.017878642,5.3181515,0.072609015,2.2398713,0.015136609,0.019024903,0.09152707,0.028640205,0.026657881
196,0.04742007,0.059165865,0.054314014,0.054963537,0.04289305,3.5929115,0.114977464,2.9611213,0.020257369,0.023191357,0.68072355,0.41697645,0.58628994
197,0.08726821,0.012070098,0.8475101,0.8007216,0.027387498,1.3462212,0.053372897,2.040613,0.014139622,0.6615312,0.02915926,0.82238585,1.4802666
198,0.013725631,0.0030253392,0.0058669248,0.0060119713,0.0061453367,4.9232845,0.009019886,2.9427447,0.006758765,0.0024714991,1.7086316,0.008914111,0.0085819485
199,0.0461416,0.29238316,0.045593556,0.019664451,0.020708127,2.5639257,0.04315801,0.028716119,2.592206,2.4265163,0.036475196,0.034692805,0.035170637
200,0.04360815,0.01276686,0.01590184,0.010251287,0.017756233,2.5686488,0.022083279,1.1884649,0.03704543,2.308633,0.70337635,0.0322835,0.03762271
201,0.0257798,0.007100811,0.06630383,0.013002068,0.0145695135,5.2849617,0.03521108,0.40773484,0.021479068,0.041395538,0.11644705,0.07352583,0.055045776
202,0.021533359,0.0068602827,0.017053759,0.005897575,0.007755259,3.2725568,0.0149896415,0.06045188,0.257341,3.9970253,0.2748779,0.011267591,0.015695754
203,0.057409648,0.010741975,0.0133941425,0.017139133,0.023571065,4.4502063,0.032466803,16.670864,0.031078411,1.3199854,0.042095464,0.09210118,0.049784366
204,0.060471445,0.054310236,1.6201952,0.018377403,0.027092073,0.03797729,0.04392228,2.1139307,0.038270332,3.1787915,0.040413946,0.55950594,0.28540772
205,0.021798626,0.09836692,0.014066941,0.013689466,0.012350166,0.008620354,0.01522567,2.855305,0.009349585,1.6574494,0.0097493585,0.2723501,1.480179
206,0.098203845,0.06877055,0.03752393,0.026297797,0.08188508,0.012566254,0.0957071,0.04098999,0.028389666,9.668013,0.048172526,0.19690709,0.7864081
207,0.0359585,0.0076394114,0.029442983,0.012149395,0.018629696,6.5653844,0.021606598,0.028817823,0.02745691,2.0960908,0.07440667,0.015768353,0.014108186
208,0.100621425,0.012263051,0.011303761,0.86310416,0.08796184,0.59971154,0.078516275,5.0031614,0.02459825,1.7447488,0.02998928,0.5481946,0.9798638
209,0.03315466,0.0055738823,0.034229137,0.015412121,0.010466824,4.2978745,0.01928632,0.9225842,0.010165324,0.032776143,0.034550037,0.028644532,0.023543987
210,0.04242854,0.034896724,0.021605268,0.019364653,0.021290861,0.30479118,0.025827007,4.270317,0.25982177,3.6351037,0.0979967,0.041676562,0.049049642
211,0.01738379,0.0040470595,0.004041401,0.0048325146,0.009308467,0.4095805,0.013303157,8.314335,0.0038828638,0.0045764777,0.011414697,0.053194325,0.030406408
212,0.023716725,0.0067604533,0.005793948,0.008738488,0.016478889,0.009174149,0.019924965,5.493598,0.0033604475,0.008322026,0.0046152053,0.77775615,0.72902983
213,0.12988496,0.009777643,1.3964088,0.05523702,0.04364074,1.9019886,0.19498436,6.707042,0.009710305,0.012507289,0.020536512,0.97807264,0.26247743
214,0.043028314,0.020937515,1.6116089,0.013558621,0.01565471,1.0318363,0.027089097,1.2157491,0.063552506,3.9952052,0.043871433,0.030872684,0.04056513
215,0.04818982,0.018962199,0.043567218,0.016235428,0.017118225,1.2480454,0.026549881,4.441083,0.032688107,3.4064364,0.07621593,0.04145092,0.051795617
216,0.066592194,0.012031691,1.8054655,0.015465401,0.046106726,0.79345787,0.061116986,5.5463796,0.010835969,1.5023954,0.01537356,0.05690735,0.0962457
217,0.03068608,0.165792,0.012899973,0.013975406,0.030408189,0.022596003,0.017053325,2.3852494,0.039658688,2.0599828,0.09430744,0.03537958,0.042975143
218,0.028115842,0.0075768232,0.18937203,0.019919563,0.01869018,3.8404748,0.07031434,0.016728139,0.0131874615,0.40615794,0.030923355,0.015297209,0.017949687
219,0.055307556,0.021954464,0.104181685,0.03235622,0.025339225,2.750058,0.064203665,1.6273681,0.02205117,0.77682126,0.021429412,0.8842842,0.2768176
220,0.017212462,0.025963074,0.010281381,0.0048631243,0.0065822443,0.016211964,0.009043787,0.8381245,0.08156687,1.9367868,0.9935334,0.015067167,0.0244851
221,0.08618733,0.013956801,0.123723865,0.022434568,0.0497147,7.9831963,0.06026545,4.800172,0.023215165,0.017563181,0.4571343,0.09762364,0.12503418
222,0.085800596,0.06286534,0.012274478,0.14120263,0.065366164,0.029176641,0.03867658,7.1538634,0.030604303,0.011145966,0.05517656,0.063062385,0.23979053
223,0.04305068,0.053945392,0.016081845,0.013315305,0.023248354,0.026095526,0.039334506,1.4671488,0.05371016,3.3820486,0.4273499,0.035298817,0.038530495
224,0.050510354,0.017885797,0.03291972,0.019585755,0.02695293,1.2039038,0.040793847,1.7068384,0.02058581,3.20441,0.02950134,1.8165895,0.103775285
225,0.02760963,0.04337157,0.0097086765,0.016796693,0.024921514,0.7053773,0.029332355,2.3852441,0.012388524,0.020628054,0.038331762,0.499463,1.1488602
226,0.042397887,0.0062264726,0.22939599,0.010915959,0.019051826,2.1504886,0.029817231,4.8553605,0.02000623,4.1324162,0.047821287,0.024493625,0.023685414
227,0.042272206,0.13092856,0.016392188,0.016054142,0.038417928,2.0865502,0.028273314,0.03101453,0.028750038,2.307923,0.032033406,0.07052858,0.038852416
228,0.18211816,0.30525142,0.1697853,0.3162119,0.13588737,9.687871,0.27552116,0.45083612,1.0446023,2.141723,3.2828178,0.08114412,0.27838352
229,0.025349699,0.0033162734,0.006635388,0.010762868,0.009842481,3.6913059,0.017401915,5.9288707,0.012162316,0.0033395456,1.5206635,0.016702874,0.018506236
230,0.030242795,0.008894848,0.02151686,0.012008712,0.015936745,7.5633564,0.018979644,0.057589587,0.031053046,1.068142,1.0934693,0.022600427,0.023575172
231,0.03334838,0.0046035843,0.009979627,0.012026053,0.014596196,6.733797,0.050281588,0.027933823,0.011444171,0.008096818,0.029061379,0.07350555,0.03282375
232,0.04900866,0.4764259,0.023934552,0.056367096,0.012915998,3.0443013,0.02389295,1.7012832,0.016300667,0.03353667,0.06422653,0.03042794,0.035218034
233,0.017157828,0.004908192,0.02635712,0.009324644,0.010501967,2.7213962,0.019725842,1.9046587,0.010229387,0.0127246585,0.033857282,0.10483293,0.3122396
234,0.03910129,0.008365288,0.05030032,0.01285381,0.014114485,4.658161,0.015353651,0.9765088,0.053436477,0.9174531,2.2358313,0.020843664,0.025712518
235,0.04344218,0.022948984,0.018233271,0.010820902,0.034043603,3.9016213,0.03521887,1.4534645,0.031669546,2.2713442,0.060673196,0.86929363,0.081342466
236,0.048089784,0.04912233,1.0119512,0.012935559,0.023124928,0.00850432,0.03541021,1.1695555,0.022810234,6.115149,0.035264406,0.051826626,0.23858742
237,0.08678931,0.016250664,0.053825654,0.050391745,0.056496266,5.244535,0.13432209,1.8882842,0.096473284,1.3250976,1.7721419,0.12710173,0.9210964
238,0.03300829,0.014165973,0.10603145,0.008969582,0.0169605,1.6632941,0.024371289,6.1934156,0.013385827,0.9877628,0.01917853,0.025588525,0.034582835
239,0.036504533,0.011666363,0.027440239,0.014488991,0.016547043,2.0228558,0.026259914,0.046631105,0.024333633,6.286455,0.03772889,0.023132196,0.026031997
240,0.033991504,0.008116048,0.017216088,0.009792473,0.018253835,1.1204404,0.022577502,7.7349463,0.05980241,3.0985696,0.05295262,0.020827292,0.01938346
241,0.048839062,0.009778031,0.015680462,0.015754463,0.023904506,1.4658084,0.028446654,6.639166,0.016982635,2.7201016,0.027275383,0.09950103,0.08309443
242,0.021277161,0.011793074,0.015071139,0.0060813846,0.0108519755,3.5038881,0.010000953,2.0529268,0.025489554,0.12466188,0.122895434,0.029843258,0.026809823
243,0.073368564,0.05202815,0.0326588,0.021431604,0.028437555,2.3275414,0.04191177,0.06093231,0.0390221,5.994322,0.08577748,0.18379904,0.1397338
244,0.10257564,0.019157436,0.045473605,0.3235318,0.049923413,12.792292,0.04744842,1.3609806,0.018932346,0.12575088,0.06097246,0.0701601,0.10763436
245,0.058446337,0.011442978,0.008226948,0.011142667,0.03990796,2.6957564,0.025957797,9.797107,0.03200776,0.02589415,0.06411761,0.021469496,0.026117908
246,0.05067229,0.03204036,0.020906854,0.019790249,0.026265042,3.6671567,0.04563543,7.018925,0.019296808,0.1038752,0.52696157,0.0973554,0.65601826
247,0.034745805,0.011736687,0.020476155,0.0062081795,0.016986713,0.048490666,0.020531852,1.5340508,0.0717327,6.784491,0.19368835,0.016330548,0.023959402
248,0.06838219,0.016460828,0.035498038,0.040711094,0.030131854,1.7598623,0.038136974,3.516141,0.032877162,3.762787,0.118204854,0.8047488,0.38539037
249,0.02833932,0.018193297,0.022593273,0.0156051535,0.018097544,6.4308996,0.04106659,0.021947715,0.032540143,1.0088228,0.15092586,0.011430068,0.0111152725
250,0.027399281,0.0072775,0.01445497,0.016709471,0.03272385,3.6000385,0.029358953,2.5046906,0.011286888,0.014500871,0.20273197,0.026269106,0.031140307
251,0.02811048,0.010382531,0.02256293,0.005325697,0.011291122,0.32226455,0.0126981465,2.960256,0.028413085,2.2889512,1.5339648,0.014810768,0.018151931
252,0.039767783,0.021041863,0.02310525,0.010218802,0.022650985,0.01472249,0.030100342,1.1418202,0.05632854,6.8981194,0.32050812,0.03247066,0.065190524
253,0.046817914,0.011079672,0.10224314,0.18427585,0.01374952,4.694218,0.020001069,4.4708443,0.016104251,0.018507278,0.041521497,0.04006292,0.03318171
254,0.022732466,0.019974057,0.016970923,0.0062360214,0.0206282,0.019400524,0.0239941,2.8838744,0.034210727,4.382556,0.06935092,0.031112358,0.049486037
255,0.08660011,0.007728531,0.03476025,0.18739744,0.02920797,5.491158,0.03746364,3.6411743,0.015045099,0.02718488,0.048363127,0.07440216,0.09507246
256,0.022629187,0.0076835128,0.023763541,0.005975759,0.016033238,2.1885514,0.020487322,0.0533888,0.03890805,3.288881,0.3530399,0.016282251,0.019520437
257,0.024070917,0.010196648,0.018545095,0.009956045,0.009599027,0.006152906,0.017010266,0.8004849,0.0053014,0.17887205,0.008466458,0.606938,0.6401379
258,0.023423549,0.0074751843,0.023394868,0.010600618,0.012177401,0.013842693,0.0152372755,3.0103133,0.016622383,2.533244,0.018218547,0.026892846,0.035531756
259,0.039982673,0.021333499,0.026021972,0.011844787,0.028680667,1.4465988,0.048592374,3.037814,0.01773469,2.4552705,0.026619272,0.26886922,0.08490056
260,0.041654754,0.008781486,0.030256107,0.019691106,0.022611426,3.3584394,0.025622834,3.0226414,0.021274038,2.4946072,0.14921638,0.06356001,0.091835566
261,0.021351354,0.0073058303,0.016407467,0.0055522616,0.008244121,1.2794456,0.015339498,0.59570456,0.023818746,4.6318455,0.053333934,0.017511109,0.024486696
262,0.02911443,0.018445458,0.01128346,0.012328526,0.01474664,0.008362624,0.031688042,2.043026,0.0058699297,0.22500944,0.011877801,0.8155119,0.7637112
263,0.035125446,0.006464959,0.012045171,0.009902749,0.030176317,2.672623,0.029168066,5.6710615,0.014064596,1.3524228,0.025830185,0.5823348,0.04628708
264,0.08052252,0.012617263,0.0204723,0.029812463,0.02036178,1.1437645,0.049060844,3.097322,0.01915366,2.2553368,0.035266962,0.040734302,0.07468714
265,0.027455812,0.22717758,0.02350021,0.008743257,0.017042985,0.0076422966,0.027524948,1.2436457,0.014665655,4.400175,0.019792942,0.35478455,0.1437906
266,0.27658287,0.019830644,1.6936567,0.3725543,0.07564559,3.8778038,0.26123103,0.341449,1.4283961,2.0642827,0.08253149,0.6873319,0.22307168
267,0.019322122,0.04337308,0.021673845,0.014668202,0.015192996,0.013494879,0.010520083,1.0367615,0.037432063,1.2164133,0.49085653,0.053191457,0.5826964
268,0.10081917,0.026922192,0.98408616,0.028763387,0.035212606,0.020568486,0.050565485,1.9926531,0.012356149,2.3534205,0.017308814,1.1257784,0.7676817
269,0.05100242,0.022846332,1.1425179,0.07651178,0.023158612,2.636827,0.03458282,2.584006,0.017562212,1.8746506,0.16154239,0.23276323,0.063838094
270,0.049292453,0.009302814,1.2777587,0.026588067,0.036399372,0.050027188,0.04275503,0.2138485,0.018261535,2.0047774,0.15006308,0.1410749,2.6713126
271,0.054418344,0.019576298,0.7584671,0.01654519,0.021714106,0.010629726,0.04005697,2.0268664,0.012178337,3.3291402,0.019656137,0.74428874,0.53989315
272,0.18373206,0.019902715,0.030351102,0.03689531,0.06623363,6.9820766,0.059944145,13.273593,0.58082587,2.668293,0.16051598,0.056698628,0.05836844
273,0.07770865,0.046380136,0.01941688,0.017778683,0.055908978,5.064808,0.046541683,8.789675,1.6566855,3.0523226,0.102026194,0.028595736,0.039324787
274,0.047942676,0.012670061,0.020995364,0.015584382,0.022925343,3.1007595,0.036995355,0.042990208,0.06343081,4.5358615,0.08793898,0.018257651,0.02332723
275,0.0138936965,0.014999731,0.010655914,0.0027991966,0.0065724184,0.02162716,0.007814342,5.360343,0.035426,1.5981627,0.032405347,0.016372472,0.01767119
276,0.08685244,0.38953704,0.014608728,0.023487171,0.5455362,3.083832,0.06288977,1.975529,1.5364655,1.9014487,0.03724107,0.04991991,0.05611513
277,0.052715957,0.016836574,0.020014742,0.021995397,0.018381972,0.78661555,0.046197772,1.3582895,0.08557523,4.9223747,0.04963222,0.06332912,0.08011912
278,0.02858669,0.005684126,0.025046058,0.010157192,0.013834261,0.93286484,0.020522749,3.03011,0.026932046,2.0297182,0.7419629,0.020268556,0.019790126
279,0.038902886,0.22514533,0.021759067,0.63423884,0.030454727,0.008520746,0.051491316,2.3156645,0.009926745,1.0635023,0.012019108,1.2062428,1.4123966
280,0.038165096,0.013515994,0.018962987,0.011967329,0.01587327,4.6722794,0.021252485,2.0574305,0.017934171,0.47827077,0.033066064,0.02260339,0.028775387
281,0.01507804,0.0024746798,0.0054640183,0.0061269375,0.011003115,3.3658354,0.00897624,1.8083453,0.010696665,0.0042263176,0.05606468,0.0103212595,0.011508449
282,0.040174443,0.013851819,0.0100119095,0.012108777,0.017265685,0.016353229,0.013940472,8.914992,0.02930607,1.666318,0.015495936,0.023607682,0.025994478
283,0.04076116,0.034144208,0.028546678,0.010398875,0.014829761,3.8002996,0.02761711,0.035928812,0.039491512,4.3517666,0.06338805,0.024700588,0.057436645
284,0.1047369,0.041264806,0.024657467,0.025112998,0.06347935,0.16212457,0.07083257,9.091147,0.32526827,7.829963,0.39123407,0.043738898,0.054561205
285,0.0345817,0.00971877,0.032965694,0.018460274,0.027671998,1.5924772,0.028177898,1.2408817,0.011072126,0.694583,0.021342743,0.60453206,0.23793729
286,0.029793601,0.019495867,0.020681119,0.010855166,0.012496131,0.10614696,0.01477679,0.9566312,0.24707751,1.1084957,0.101785295,0.05641607,0.1780883
287,0.053454112,0.02942091,0.020014063,0.022922339,0.032763615,2.1514726,0.04142357,1.1127747,0.053741805,3.6075265,0.47523123,0.051356494,0.058332786
288,0.029977169,0.008498939,0.20714432,0.013626155,0.012862148,3.3653533,0.019077308,4.0102487,0.007852433,0.007839236,0.022139464,0.20684102,0.056963846
289,0.033426695,0.011304164,0.024070999,0.007685243,0.018238911,1.4511263,0.01917881,0.3170219,0.032272898,6.2805314,0.06362187,0.020541675,0.025001897
290,0.06430985,0.19910799,0.051652443,0.024177331,0.094723485,1.8175285,0.18570906,1.4068418,0.04103434,1.9214281,0.06723749,0.7603103,1.5385079
291,0.025164064,0.006199638,0.008301763,0.0075168232,0.013462218,0.034410167,0.015146345,0.17527157,0.024468632,3.5026414,0.9774576,0.037538856,0.067983076
292,0.038462956,0.0074223885,0.039129786,0.0080826925,0.017485067,0.008940251,0.017033933,5.2381926,0.008040424,2.5577652,0.011940872,0.99722564,0.2171927
293,0.045081757,0.010138672,1.2658374,0.018128881,0.8762247,0.28154925,0.8145265,1.1891437,0.023386924,2.0585575,0.031202774,0.03328695,0.033062104
294,0.076893106,0.3208625,0.046888772,0.03841205,0.05609858,0.27739614,0.079793565,1.5150237,0.03892442,2.3907413,1.0045851,0.2916747,0.43114087
295,0.053834416,0.01317791,0.03622497,0.009309715,0.0263883,2.3221111,0.035670817,0.1375565,0.026792785,4.934587,0.059856717,0.03430027,0.04011058
296,0.04230053,0.009607011,0.021093464,0.009059197,0.019633438,0.8752542,0.031296562,5.0170307,0.013879814,2.4411726,0.03158181,0.4617008,0.099942476
297,0.04711364,0.018255588,0.029751046,0.015968716,0.031205304,5.6002264,0.04350443,0.030396264,0.057646465,6.3738704,0.26210102,0.021883536,0.0449104
298,0.06320738,0.029274995,0.07085136,0.036827605,0.036471598,3.4519894,0.048430435,2.3853867,0.02279603,2.558545,0.07423086,0.9553487,0.5409129
299,0.07525654,0.062383547,0.019667221,0.039378464,0.029061807,2.827476,0.040355843,0.05089513,0.021712247,2.3871257,0.024935793,0.37798417,0.10697575
300,0.030699393,0.016415287,0.015164883,0.0059805205,0.016125785,1.2410461,0.020073911,0.3257917,0.019839372,3.2264838,1.7126201,0.035141133,0.028521974
301,0.026871901,0.019895248,0.015675168,0.009429866,0.0129203135,0.4079345,0.022575712,7.213222,0.015985765,0.018344728,0.017449502,0.084897034,0.123534285
302,0.022343231,0.0042090164,0.011072396,0.010960474,0.007947409,4.9837265,0.016194422,0.8425561,0.0064900434,0.014633015,0.42663878,0.030821243,0.08671362
303,0.016015759,0.09471148,0.008003794,0.007908017,0.008262404,0.0058645443,0.011993457,2.1666687,0.0039436654,0.23037323,0.004516199,0.68423826,1.1267191
304,0.0718759,0.0079006255,1.3669282,0.024922684,0.026424738,2.747478,0.06281941,2.7970893,0.01409519,3.5915227,0.037561886,0.05699094,0.07767612
305,0.06048429,0.008612607,2.2686179,0.014014487,0.026063148,0.026236048,0.027675293,2.8251674,0.015865607,3.6884496,0.03770715,0.08877346,0.04934238
306,0.02957559,0.007094818,0.010536273,0.008640799,0.012759595,4.3645225,0.015166689,3.6883209,0.026022615,0.011296495,0.09282557,0.026619382,0.030460337
307,0.036769535,0.014027315,0.030903107,0.013191992,0.023190329,4.5175157,0.03327076,0.024796328,0.026590537,3.2481394,0.054132327,0.0236489,0.047821198
308,0.014956986,0.006536148,1.4323559,0.006820602,0.009740269,2.124051,0.0152389435,0.04579483,0.012056215,1.8196735,0.02255231,0.029455012,0.018053617
309,0.057606604,1.3608654,0.89930046,2.3904502,0.027185656,0.9498768,0.033299364,0.16746734,0.010949819,1.1976234,0.019365683,0.2750267,0.0801468
310,0.03778793,0.055687714,0.14603877,0.016559137,0.049891673,5.2544575,0.029501207,0.0712029,0.007822246,0.55250025,0.035649996,0.33094743,0.11942817
311,0.01801694,0.003397793,0.008991437,0.0068194694,0.006178755,3.2593374,0.013946436,2.836384,0.0069400007,0.00810679,0.022290759,0.01684857,0.01550621
312,0.0848667,0.009453801,0.033445634,0.019944437,0.01873347,3.447763,0.031735063,0.18918899,0.01737296,2.0793908,0.029394183,0.7043159,0.2843712
313,0.031604838,0.03489888,0.018592488,0.012296653,0.023995956,1.3936323,0.018161476,1.5814933,0.023683187,3.1365068,1.109974,0.056591947,0.08671069
314,0.01663225,0.002933821,0.015527487,0.004098102,0.010321285,5.8886733,0.009672869,1.0887431,0.006971655,0.0054941033,0.022859957,0.044399876,0.028071964
315,0.07427877,0.018296419,0.06507395,0.02556831,0.07111068,0.7390377,0.1089306,0.08251456,0.032427955,6.839911,0.052616604,0.21523824,0.07017671
316,0.055679604,0.008929136,0.027346153,0.02322683,0.054907836,2.728971,0.04463377,2.7865024,0.014172758,1.6659774,0.037095826,0.047281455,0.031257924
317,0.08122305,0.014992669,0.02781366,0.02236613,0.032601852,5.2136846,0.04851468,1.8808484,0.0361011,3.1540759,0.30054834,0.02794861,0.030356944
318,0.039262068,0.014955335,0.013414601,0.009678977,0.042884015,0.01840254,0.050659116,4.367412,0.022552175,1.7960143,0.016144618,0.27248093,0.084677
319,0.017681133,0.007445853,0.008672983,0.0070037064,0.014563142,1.9582618,0.013695745,4.916287,0.018764142,0.17954423,0.24544661,0.019433891,0.014712519
320,0.013699838,0.004479411,0.012813283,0.007186861,0.01045137,0.7802283,0.009894195,1.901448,0.0059918785,0.44192258,0.011416088,0.35560328,0.046780366
321,0.02309601,0.0070032324,0.011905952,0.0071241376,0.010327169,1.6124482,0.01696767,2.8290277,0.009135363,0.28144482,0.52796245,0.016520035,0.028717242
322,0.032237075,0.027185006,0.012180483,0.0368714,0.019679714,4.0935893,0.018489368,4.6385007,0.010975859,0.3094179,0.06172384,0.026267106,0.051050562
323,0.04288715,0.023323521,0.03601479,0.021954514,0.025953105,1.5004544,0.03354613,3.5832644,0.017062424,2.7662883,0.03850015,0.039085895,0.04908682
324,0.036260486,0.02410511,0.02470987,0.018131454,0.01687577,1.980295,0.024821417,4.2379136,0.021696715,1.6930627,0.04163503,0.034720782,0.044006594
325,0.024714833,0.13426523,0.015749568,0.0073401527,0.01634432,0.020410102,0.02985373,1.4537352,0.010070495,1.4608822,0.021850182,0.61018306,1.917527
326,0.035214208,0.12976113,0.029960798,0.01616797,0.017262582,3.186361,0.027981972,0.7514013,0.022643557,1.3210672,1.5366055,0.03967966,0.043622557
327,0.054657508,0.00885686,0.018034628,0.4322716,0.041639183,1.8323834,0.028302694,6.3187027,0.025285956,2.5954037,0.051840376,0.034578737,0.027039854
328,0.062104065,0.014036651,0.10453098,0.03573496,0.058168266,0.52690643,0.07868852,0.16635677,0.018449014,4.2487373,0.03979319,0.62987006,0.36334205
329,0.018352995,0.024661256,0.008040967,0.0054915794,0.01443425,0.85674524,0.0137923295,3.1669996,0.03716671,0.24326277,0.11069887,0.0454082,0.0805731
330,0.048978865,0.035069805,0.028328793,0.027588997,0.032247815,1.8383179,0.02658891,0.0784051,0.051276013,4.1472464,1.3886178,0.021630896,0.031586483
331,0.063276514,0.0843439,0.027833814,0.017827371,0.035397515,7.283811,0.037103046,0.616149,0.03766566,1.5472813,1.8524519,0.043410458,0.44290075
332,0.038837116,0.013830266,0.018523421,0.016551757,0.014065993,0.010490294,0.023203537,3.8175173,0.013243665,1.2893013,0.01360723,0.6975048,0.4489717
333,0.035993006,0.011516152,0.31402284,0.017060548,0.02941896,4.2267056,0.03492777,0.9196136,0.009263051,1.4894539,0.021422869,1.9524626,0.094645396
334,0.063286155,0.0135391,0.01656084,0.018571401,0.045506887,2.5799975,0.08661574,3.9074438,0.019987477,0.09108981,1.1336328,0.051512238,0.042333234
335,0.017548742,0.0047777914,0.00662011,0.00572651,0.007634392,0.49611875,0.008846799,0.8953041,0.031890582,0.15449953,0.2881059,0.02155614,0.016469203
336,0.024213692,0.010209478,0.011998831,0.010374249,0.013486601,4.764606,0.011466979,1.6381508,0.012017238,0.20997928,0.6026728,0.20903665,0.04273038
337,0.04098434,0.01812339,0.0709696,0.012014085,0.020527432,2.5730484,0.04413031,1.0797871,0.015907627,0.99272275,0.03169335,0.031687442,0.29244146
338,0.023625122,0.029563017,0.092701964,0.060922086,0.016738735,0.008761419,0.02459662,2.8111792,0.005975818,0.24737966,0.0064692334,0.8330118,0.7973654
339,0.05032015,0.100606255,0.021418413,0.11732383,0.037954945,0.56357527,0.06608785,2.765861,0.0145176975,0.8734901,0.019713324,0.45469037,1.1517863
340,0.09401857,0.018893957,0.0427338,0.03620041,1.4190322,3.3041105,0.26975363,1.6060406,0.0306753,4.468341,0.051500887,0.14968054,0.077635795
341,0.05065044,0.016695334,0.30724096,0.16891144,0.021474576,0.017828397,0.030272622,0.08117746,0.01055143,4.359733,0.026564619,0.24421093,2.289652
342,0.032632347,0.004132089,0.00584773,0.013249335,0.014770553,0.0074644554,0.024107832,7.1623464,0.003907306,0.0051489836,0.007862892,0.10879889,0.06498067
343,0.037683655,0.020215187,0.015848681,0.01378949,0.0514449,0.24372357,0.033384774,0.60038704,0.014662799,3.907877,0.019671142,0.8488119,0.061123475
344,0.028883662,0.014852984,1.4437476,0.013218976,0.014018135,0.5006459,0.019618189,0.05208161,0.046815727,4.3674073,0.22813572,0.024892345,0.025310645
345,0.024022378,0.004954186,0.027881844,0.009724375,0.013770401,3.8100414,0.018746864,2.1186223,0.016860362,1.607403,0.051960118,0.029882351,0.039374612
346,0.06784095,0.03258444,0.016710931,0.0382187,0.036805622,3.5072136,0.08428563,8.3659525,0.024515256,0.2205387,0.04378651,0.29779652,0.15396589
347,0.016914343,0.008142998,0.008123968,0.0047010686,0.0064808233,0.091587655,0.008440935,5.0624795,0.60464215,0.8228401,0.04358008,0.016904883,0.017852608
348,0.038680468,0.01731705,0.02253665,0.012156858,0.03612358,0.010474865,0.04366953,2.7131207,0.020763624,5.07635,0.024739696,0.06573088,0.061036546
349,0.08972287,0.055481337,1.0095642,0.11492183,0.03581547,0.52193254,0.032869525,0.14274904,0.03609165,4.1494794,0.07774808,0.09538253,0.60353875
350,0.049805555,0.054112837,0.01578767,0.02016304,0.05020693,0.016397381,0.046283532,2.9560425,0.036410898,2.3121238,0.283596,0.5509298,0.30471578
351,0.026065353,0.014370255,0.04132565,0.010439889,0.015601356,2.277874,0.035147175,0.092610136,0.013678603,1.9623868,0.038945526,0.07394173,0.12410326
352,0.058220394,0.0139612695,0.039030325,0.0136800865,0.024662606,2.565554,0.048088606,0.023148619,0.04030604,7.5901723,0.07321889,0.021374237,0.022564339
353,0.023391869,0.019531298,0.0117670335,0.009303919,0.0135040395,0.11701537,0.020822762,3.8909686,0.019444432,1.1851225,0.8383818,0.1553703,0.2248892
354,0.025211934,0.023310266,0.018516557,0.007839542,0.015318708,0.010306769,0.014994092,1.9445801,0.014737284,1.8261832,0.017806098,0.6471006,0.59698206
355,0.03113909,0.0043782596,0.010408079,0.010588004,0.016619293,7.6487403,0.0258796,5.2650576,0.012297543,0.0042329417,0.043139607,0.018913316,0.019706769
356,0.02313511,0.0038237385,0.27076796,0.0059074583,0.014033609,0.8571024,0.016583895,4.113712,0.005760551,0.46134225,0.011638082,0.08213528,0.1085666
357,0.02974933,0.0078014983,0.015038739,0.0076061864,0.011776154,1.0213729,0.018882468,6.610774,0.029656887,1.625893,0.4102643,0.017016629,0.025628654
358,0.0378572,0.033940535,0.0193663,0.011760754,0.022459833,2.9675734,0.027248345,0.035635184,0.033031482,5.76109,0.07851453,0.034182195,0.04471649
359,0.018342212,0.007945057,0.020241374,0.007301506,0.011525346,0.036011845,0.013190423,0.06783484,0.0142235365,3.033271,0.33125755,0.02094593,0.025645569
360,0.062080994,0.014475545,0.027159657,0.038599987,0.12747787,8.215903,0.08381029,3.0090477,0.13913962,0.009811639,1.6074933,0.019731896,0.024334993
361,0.02384458,0.008829546,0.011730285,0.006217101,0.013239349,1.3494276,0.016989764,5.455566,0.03218381,1.848265,0.12140477,0.018862734,0.017736796
362,0.049182158,0.024553193,0.020322626,0.015973847,0.029767996,1.1297983,0.037276905,1.5617058,0.035597134,2.9178183,0.04540736,0.057118613,0.118125424
363,0.039427284,0.020491632,0.028629562,0.011191937,0.02605347,0.015785856,0.03805138,2.9477272,0.013155091,3.8075597,0.019338738,0.043275192,0.058449008
364,0.025007332,0.010065415,0.049446784,0.009304229,0.014774286,1.5106897,0.022545123,1.1616358,0.016412823,2.047626,0.026956338,0.28810552,0.5871855
365,0.0524533,0.019160032,0.07782119,0.020956524,0.03068802,4.9285026,0.040724967,0.024636619,0.021394582,3.2913492,0.053807504,0.02263591,0.039082658
366,0.041918438,0.008889314,0.03606052,0.011471926,0.018461362,5.4069524,0.03043621,0.021679182,0.041057758,6.7483134,0.06564677,0.0146938395,0.021603161
367,0.10067376,0.21010992,0.06667321,0.06876909,0.45450556,0.016609939,0.063997045,2.336512,0.011518145,1.9525402,0.013081573,0.25879106,0.31639537
368,0.0615079,0.019251771,0.029248029,0.018355925,0.032107588,0.56160516,0.04400051,0.4305372,0.067940995,6.0760236,0.9889423,0.03445014,0.056250677
369,0.013590301,0.6980149,0.008871238,0.007406698,0.007964247,0.0044656545,0.010609914,3.0008156,0.0037505904,0.016213562,0.003735744,0.38273397,1.4761103
370,0.02880734,0.31477615,0.026140505,0.011834612,0.025696745,1.3046262,0.025647564,0.50668144,0.02175204,3.0489237,1.0561861,0.16803496,0.09668162
371,0.046876185,0.011393423,0.8326025,0.020034574,0.0201433,0.02691528,0.028107192,4.6160135,0.027245553,2.5805814,0.016594276,0.025813466,0.031279027
372,0.036466893,0.017109357,0.025518363,0.008185885,0.020578656,2.0952811,0.024911264,0.022851147,0.053707693,6.0469937,0.059441276,0.017729556,0.020945786
373,0.02107732,0.0065279994,0.0056289937,0.0047731088,0.009745706,0.016234985,0.016841229,4.798646,0.0062163356,0.00540889,0.015374257,1.0545213,1.2158614
374,0.07045075,0.10582809,0.07626318,0.05374746,0.13367349,1.9163938,0.07663575,3.3603184,0.86857665,2.9176443,0.04167395,0.04102117,0.054804146
375,0.062373713,0.015009833,0.54299885,1.1622632,0.06641016,2.8452425,0.043653548,3.300113,0.031423006,2.5667512,0.5271562,0.095402315,0.5510274
376,0.01346343,0.0043747374,0.021011863,0.0049791234,0.008947075,4.0688543,0.00932735,0.52320963,0.019239878,0.5989166,1.1520506,0.008170289,0.012535785
377,0.07174509,0.025294362,1.5729026,0.029035278,0.033094626,1.6839203,0.05000629,0.08604777,0.03481399,4.477579,0.058663797,0.43167996,0.7539277
378,0.050718654,0.04295436,0.013932156,0.013032579,0.036478676,0.72811276,0.031250328,1.6261462,0.112391226,1.9215692,0.17641127,0.1196753,0.38955176
379,0.08826568,0.02558985,0.012354385,0.6459192,0.019574797,0.022093166,0.04706483,2.147217,0.02389536,2.1068358,0.026904292,0.31980312,1.0279629
380,0.039138548,0.011069307,0.939126,0.013369022,0.028941905,2.0888255,0.035724998,0.19039577,0.021341277,2.2436695,0.061328866,0.42492846,0.6203236
381,0.05382046,0.16951151,0.020284511,0.016270615,0.029452818,0.008265325,0.03883005,2.2783055,0.012109952,2.3491642,0.012519591,0.4678535,0.6687878
382,0.061879072,0.01962406,0.38382956,0.025585808,0.029334337,9.344028,0.041025683,0.014927211,0.99661356,1.2849184,0.052878447,0.01842557,0.019224452
383,0.047149636,0.0112526985,0.16616952,0.057848517,0.02899185,6.441784,0.040296685,1.4693807,0.017538413,0.027650362,1.5365173,0.02291473,0.023048434
384,0.1363224,0.7869383,0.5100675,0.064958766,0.06706042,2.5149038,0.090792574,0.13484144,0.06904165,6.5724807,0.056103412,0.7400739,0.1394464
385,0.0194285,0.011574128,0.01835291,0.010430604,0.010664084,1.7070726,0.012430879,2.372067,0.022385186,1.7292476,0.026597308,0.014130803,0.022241756
386,0.012543903,0.011052026,0.009123188,0.0028456673,0.005163715,1.7266812,0.008014866,0.5420214,1.0396774,0.29250142,0.018116297,0.04278132,0.051095556
387,0.016265186,0.0027717168,0.008303587,0.0049140486,0.006096502,5.856643,0.00877255,0.019801315,0.010448426,0.37408552,0.029389378,0.013398994,0.01185174
388,0.016972633,0.006884895,0.013236811,0.0053336374,0.008821192,1.8045605,0.009331112,2.9266455,0.06998595,1.5523762,0.08518823,0.009349365,0.009667266
389,0.10795625,0.011376344,0.23105815,0.16123042,0.045937195,7.66218,0.06780907,0.023079855,0.009837432,0.20605546,0.041758344,0.038400825,0.06439421
390,0.03553568,0.4211106,0.0113761285,0.008413382,0.016304761,0.033846576,0.019961642,1.0330486,0.023268493,3.490204,0.3070441,0.07886602,0.128288
391,0.051292315,0.19781046,0.017213034,0.009644992,0.020000495,0.016942475,0.03311021,9.670915,0.0451424,2.5460234,0.028661165,0.036681905,0.044080116
392,0.036398925,0.006539323,0.062222857,0.0106802825,0.026857166,6.863582,0.045597438,0.0143868225,1.5101628,1.2650108,0.09733626,0.016227584,0.015004635
393,0.037250802,0.010808002,0.015755355,0.011637241,0.01685761,3.0114975,0.020637684,7.2554007,0.04341198,2.5975802,0.40871027,0.019293195,0.024014106
394,0.0762037,0.010435048,1.2489378,0.068756,0.08410153,2.7303686,0.06293453,0.9943804,0.026105342,2.4339442,0.15547776,0.22598183,0.09968158
395,0.03878693,0.012719955,0.028096091,0.01961221,0.020713568,0.08672016,0.03712398,3.4103835,0.035760295,2.9441726,0.34918547,0.015935456,0.021992784
396,0.094823636,0.21541132,0.022181015,0.041504078,0.23869506,1.4548815,0.055118848,1.2027253,0.011030855,0.5452002,0.020488119,0.36951342,0.13316941
397,0.054461036,0.007758183,0.009315484,0.013545188,0.032537777,2.788372,0.049006782,15.9222145,0.03173823,0.011363677,0.04880134,0.031812664,0.02664672
398,0.04024072,0.040127404,0.043021202,0.028373927,0.026393067,3.9036274,0.024595516,2.182296,0.028740466,0.31776673,0.85934126,0.04104688,0.046095002
399,0.02088232,0.0024269347,0.012580647,0.0073586423,0.011527089,6.9375257,0.011245523,4.014803,0.016846672,0.006969221,0.6108268,0.00951387,0.010130369
400,0.02516742,0.009466044,0.012609857,0.006638706,0.0098927235,0.40803453,0.011075018,4.997184,0.058137376,1.6582226,0.6056973,0.012970614,0.014864994
401,0.016381007,0.0032460229,0.0036280423,0.0048297322,0.0076229693,1.4314485,0.0085468115,7.9735794,0.008212742,0.004148451,0.016093535,0.01458846,0.0110575
402,0.044998746,0.022250064,0.022329787,0.012305807,0.014950941,2.4035585,0.019463005,1.6571046,0.04547718,0.5400215,0.46711454,0.09532008,0.30934927
403,0.04385241,1.391834,0.020983804,0.019143514,0.016711403,1.8637825,0.036445133,1.5286249,0.025112815,0.012416897,0.018016564,0.9906488,0.62744397
404,0.03543272,0.011665903,0.50735164,0.012989353,0.022859367,0.03870278,0.03275341,0.74207336,0.030217422,5.6731544,0.053724855,0.056148164,0.062472858
405,0.079669006,0.011242096,0.4316658,0.09428102,0.05159717,0.010957206,0.049010467,2.8663118,0.007352667,1.7316005,0.009726424,0.7430137,0.8680019
406,0.039438102,0.01234211,0.019877281,0.010543459,0.017936278,2.083742,0.026828235,5.5426135,0.01816586,0.6564959,0.022201248,0.042443153,0.038646203
407,0.03975117,0.02812361,0.02780106,0.01678522,0.044402752,1.7225766,0.11721021,0.85534394,0.012069654,1.949642,0.021422679,0.6429792,0.6315896
408,0.048719365,0.003194066,0.0041967006,0.008775028,0.021808997,0.20451923,0.029505672,24.10419,0.01769831,0.004441193,0.015356661,0.020096896,0.016374383
409,0.03463765,0.008730354,1.2737731,0.01135829,0.019475983,3.828925,0.032610446,0.7603163,0.019280674,2.9002154,0.098689936,0.02051524,0.02405929
410,0.033260997,0.056006715,0.01769458,0.011437491,0.036951184,0.804155,0.020574747,2.1298318,0.01675847,0.028036058,0.022908635,1.0559564,1.0922616
411,0.032913275,0.017414097,0.019392231,0.017088428,0.06657143,4.0623684,0.060785294,0.044757888,1.5015627,1.3468102,0.09083647,0.116948076,0.120171994
412,0.07182267,0.07428255,0.029114889,0.05560096,0.03846634,6.1141033,0.0662091,0.049165875,0.028040746,1.8790025,0.1087411,0.038927075,0.048820272
413,0.10085876,0.1525846,0.03976156,0.027532622,0.039657686,2.3072991,0.03261922,0.9918419,0.012755276,1.8377216,0.022314074,0.1439042,1.3358611
414,0.054546785,0.024931172,1.6319327,0.038419627,0.025057282,1.0544925,0.09991001,1.108924,0.034524567,1.862094,0.056727268,0.26898706,0.62267077
415,0.11789517,0.016736332,1.3411602,0.13320048,0.16154283,1.8198956,0.056801517,0.6709306,0.019602181,3.4823325,0.035089158,0.23184143,1.3246373
416,0.05416618,0.15729511,0.7656318,0.05203565,0.036782555,0.010150478,0.039498296,2.3539503,0.006863858,0.4814391,0.009001234,0.7642107,0.57256734
417,0.04512813,0.013387199,0.009814,0.010791913,0.016117541,1.6502193,0.02563836,6.307479,0.029486328,0.59607756,0.068163656,0.022153405,0.02486759
418,0.049732164,0.008314038,2.0138986,0.010912715,0.018223654,0.023561398,0.03435191,0.13072774,0.014484337,5.1694417,0.023371238,0.045293946,0.052490655
419,0.05038207,0.017023303,0.021167522,0.039481163,0.04406225,2.6842327,0.04177067,0.97241265,0.008742578,0.024095042,0.029201644,0.26768374,1.2433213
420,0.04963203,0.028767724,0.022825502,0.014796709,0.022710236,3.5766447,0.0301638,0.7044153,0.035013027,3.6389706,1.1687906,0.029108642,0.033452924
421,0.033992987,0.024008548,0.015220338,0.007332712,0.020113422,0.046950914,0.02055817,0.044103425,0.048394535,5.0069404,0.111523315,0.022293184,0.04006464
422,0.048613194,0.028393188,0.023290852,0.018675089,0.01923998,2.0534916,0.028440824,7.1139994,0.025537947,2.0581675,0.042027827,0.0750579,0.17087656
423,0.043573752,0.01661156,0.022507956,0.010785175,0.019457616,1.5722201,0.031225478,1.3712656,0.033086516,4.551727,0.05862572,0.033327173,0.047305018
424,0.04866341,0.008060597,0.016198566,0.020431573,0.0155832255,3.9881809,0.01769624,0.5904811,0.014111611,0.644841,0.021217557,0.13228773,0.08719343
425,0.13257837,0.017527813,1.4270933,0.055881076,0.08540572,1.4360586,0.10035536,15.512718,0.07140352,3.309111,0.11566828,0.112053804,0.37366173
426,0.12153082,0.021345679,0.045412526,0.020644285,0.03949894,0.67970634,0.045968298,16.688923,0.060061622,3.0172381,0.051883046,0.026911303,0.040471934
427,0.09677355,0.0662195,0.14652522,0.12278344,0.12209545,2.7450387,0.080980495,4.7377186,0.017243262,1.4229027,0.037837073,0.5960078,0.53304654
428,0.032705802,0.02050001,0.011161412,0.009776297,0.011764907,0.005799454,0.013604219,3.8654964,0.009250288,1.2559929,0.0071551446,0.95558643,0.79574335
429,0.04433906,0.014086112,0.027259288,0.01071556,0.017485855,1.8689394,0.024778357,0.22084428,0.08965056,4.6899796,0.5407467,0.030279042,0.03524719
430,0.08828455,0.016310774,0.57637954,0.03482891,0.048393752,2.545974,0.039710335,1.4077485,0.11373384,5.1563487,0.09133561,0.046604432,0.04554363
431,0.07703367,0.03405269,0.022144767,0.018172648,0.18348,1.6975462,0.060524322,6.978622,0.05455689,1.6258495,1.8853358,0.05591311,0.05682203
432,0.054335177,0.015672794,0.017848592,0.026366334,0.05586357,4.9939666,0.045646638,0.3041047,0.02024262,1.1245655,0.37000915,0.048953667,0.1300263
433,0.024859026,0.0114589175,0.015201601,0.010977952,0.008610697,3.2808962,0.01455227,1.4529748,0.048350587,1.0709467,0.047114886,0.02395925,0.049228605
434,0.04913461,0.03942342,0.047246948,0.0127982255,0.04472331,0.99118555,0.07836895,0.58977365,0.019093607,2.6052163,0.030537259,0.795215,0.9211558
435,0.020099783,0.0026707195,0.0028721483,0.006994203,0.012597725,0.013777429,0.019764168,7.4022393,0.0049865055,0.004607386,0.018587284,0.047415916,0.023637546
436,0.03141435,0.021473238,0.012477593,0.020016836,0.021087661,1.108763,0.033127,4.1250205,0.008318348,0.0603412,0.009859166,0.48903242,0.0950818
437,0.12193843,0.02592499,0.9558861,0.037361044,0.056103114,2.5754924,0.07092448,4.097738,2.2900817,2.975395,0.062386192,0.038812313,0.03817959
438,0.18044333,0.07763953,1.2805778,0.038160395,0.16543624,0.99164623,0.19235545,0.07598177,0.040385526,7.2324038,0.07597974,0.14992073,0.7376847
439,0.034114487,0.012756993,0.0124195125,0.0077859242,0.0089063635,0.013205448,0.018745987,3.851548,0.013593938,3.17027,0.019963212,0.027003214,0.047676392
440,0.068300486,0.021779554,0.025077246,0.018239416,0.024452856,0.49950692,0.021216953,0.5435189,0.015331375,1.4523684,0.9476089,0.041204102,0.43607253
441,0.15187055,0.015196087,1.087163,0.064406164,0.047012597,0.3630198,0.09634823,3.525988,0.02421713,4.042684,0.0260012,0.22512488,0.076295465
442,0.12962498,0.016124649,0.57753885,0.032066602,0.046355005,1.2728597,0.085767396,0.46994102,0.025961611,4.4412813,0.032373443,1.2800535,0.12687506
443,0.08216686,0.31271416,0.07678018,0.09371123,0.19564725,6.100467,0.0593551,2.4370227,0.033958375,2.1979628,0.8760436,0.453227,0.28505424
444,0.031267546,0.009419105,0.0118591925,0.009292163,0.027364833,2.9867084,0.021775313,3.7027555,0.0152990315,0.032863364,0.027113017,0.4694962,0.11502436
445,0.050225787,0.014697481,0.03460877,0.01509202,0.026222432,2.9911015,0.0397966,1.8333145,0.02113091,3.4809752,0.049212232,0.16468161,0.94116884
446,0.017926859,0.0030560358,0.0059636505,0.0071446127,0.009538482,5.832406,0.013695445,2.8789377,0.0072070495,0.00266396,0.03250288,0.03132307,0.02253407
447,0.06650201,0.016552892,0.024956573,0.024182199,0.05309103,3.0575242,0.18372071,4.1895137,0.037777837,1.9033871,1.0989636,0.11826813,0.18408123
448,0.11879599,0.013457183,1.0132468,0.15052724,0.06921394,0.4019065,0.032443203,0.2521762,0.019957447,2.8025746,0.03503735,0.2210379,0.49091902
449,0.04279787,0.0104690455,0.015775397,0.008647676,0.014171968,0.6766632,0.023492262,3.974371,0.21360487,2.6489627,0.07622712,0.020327294,0.021829443
450,0.038284253,0.0061271545,0.021178856,0.011052254,0.01843188,5.263966,0.026293173,4.631211,0.023782149,2.5353057,0.08809366,0.019616505,0.020410726
451,0.03942586,0.012451815,0.54897857,0.026666611,0.021825558,0.018180452,0.04736187,0.25024474,0.012018597,2.5941665,0.014616183,0.2054109,0.050264005
452,0.14188516,0.27532208,0.06424,0.03663636,0.13563225,4.4449635,0.1045072,0.054196257,0.06296993,7.8138957,1.2702222,0.07896117,0.3210764
453,0.04229708,0.02211468,0.020273484,0.010415747,0.018013412,0.5171473,0.033143803,2.4261684,0.02945279,4.5059047,0.12701096,0.06424161,0.23953441
454,0.05186114,0.0051112412,0.5002298,2.3770707,0.02872214,1.8823383,0.13940139,0.69961,0.009013823,2.389944,0.032193728,0.36455846,0.0889483
455,0.040486112,0.0069331755,1.5901579,0.011730733,0.032729916,1.6742162,0.035055462,2.9095235,0.0092013925,0.058155905,0.024319505,0.6530756,0.08753783
456,0.03265514,0.016466105,0.0094688255,0.019565456,0.01911158,2.2825134,0.025306866,3.9660168,0.011256707,0.012440207,0.019694146,1.3673689,0.17341733
457,0.04670572,0.015286573,0.015539109,0.008202351,0.025081376,0.009109107,0.03147239,0.041076615,0.022638671,6.13699,0.032855444,0.032443713,0.06942585
458,0.076460004,0.015916614,0.06430459,0.08127359,0.04943835,1.1053344,0.05791579,5.01314,0.01646071,4.375782,0.02575537,0.21064794,0.057695244
459,0.022538515,0.0052784146,0.027842507,0.009246473,0.013472172,4.719753,0.027503032,2.4966645,0.0115380315,2.113571,0.05146451,0.030336207,0.029665988
460,0.045336887,0.005737067,0.024332318,0.0099255545,0.014914402,4.4703436,0.02247937,12.954967,0.019944753,1.4323463,0.04600691,0.027648428,0.021257158
461,0.07512612,0.013304995,0.01678187,1.9381611,0.022193298,1.6143044,0.05107179,0.055392355,0.02385488,3.8660026,0.08513226,0.033994235,0.056031268
462,0.013340201,0.003083089,0.018781664,0.0065786825,0.008929418,2.8388803,0.009550381,1.1015621,0.010514587,0.015601129,1.2242929,0.022090804,0.03134646
463,0.045264997,0.0030285332,0.017097214,0.011774964,0.014535142,7.397399,0.021292685,3.0896063,0.009804447,0.0060720695,0.0339154,0.016598877,0.023039477
464,0.11055722,0.026816197,0.03700148,0.02467584,0.04199868,3.4793048,0.0723836,0.036189124,0.036547896,6.7604094,0.046551257,0.07858365,0.08750279
465,0.07754068,0.53874725,0.0112542175,0.11103828,0.25526628,0.008769114,0.042600106,2.6219084,0.0074743587,0.8338276,0.01004545,0.09249828,0.26417318
466,0.079764545,0.025694622,1.9313387,0.021592883,0.035250854,3.0358992,0.04724787,0.023308014,0.06389473,5.900652,0.085933566,0.017665833,0.031630024
467,0.056862034,0.027126888,0.037403405,0.024387045,0.032875724,2.8172493,0.036517344,3.9553623,0.30966318,2.9492705,1.2791134,0.2324647,0.19897664
468,0.025944792,0.007948408,0.00611006,0.013541884,0.015606306,1.2878941,0.037802126,2.8836586,0.010555062,0.008715859,0.013785105,1.6502366,0.2548252
469,0.076134264,0.024219012,0.019643223,0.013935378,0.04908486,4.5136786,0.049145423,10.661697,0.03080634,1.1114348,0.051593352,0.036898226,0.038738303
470,0.04796133,0.1328262,0.04219981,0.012168369,0.023380268,3.7892017,0.028781394,2.378834,0.029927153,3.139852,0.06598104,0.025446713,0.027192852
471,0.12308699,0.020071939,0.4914962,0.0486565,0.053096164,0.33796728,0.09683476,6.641649,0.037758235,2.0930824,0.037100974,0.31093097,1.1572324
472,0.07949262,1.4766192,0.5129536,1.4766985,0.07248287,0.017447377,0.061078213,0.8500148,0.05774629,5.597956,0.06703038,0.18706413,0.288209
473,0.06719776,0.010430588,0.61019844,0.020915119,0.037401427,0.5733849,0.048619904,5.333178,0.01665878,3.2120008,0.021846667,0.06669022,0.065372154
474,0.10259327,0.05295917,1.1892741,0.03697571,0.03959738,2.2027519,0.044042047,0.21657293,0.08504729,6.639852,0.0970838,0.11334138,0.14830998
475,0.017418606,0.009159551,0.003981679,0.005237946,0.01752376,0.0051397,0.04057568,4.6980042,0.0032957974,0.0070088385,0.003727147,1.5309054,0.06598757
476,0.025201673,0.014374172,0.013220272,0.021411473,0.0138346525,1.0727892,0.02855638,2.7047849,0.021642057,1.878747,0.035241373,0.09405137,0.0953102
477,0.030467039,0.004236581,0.008776012,0.008078659,0.01634954,2.775354,0.023853904,7.331483,0.0077955136,0.0070355097,0.013316422,0.7298335,0.033339452
478,0.036369942,0.053666763,0.034788277,0.016637128,0.022686817,0.01232886,0.025844492,0.06240825,0.026331909,5.682299,0.025487477,0.026259607,0.03281206
479,0.021841014,0.005360518,0.019703561,0.0064164624,0.017166272,0.7442232,0.019007491,3.419748,0.005391542,0.34190845,0.011578754,0.44052717,0.16971344
480,0.049185473,0.011133702,0.038739465,0.021360662,0.18533003,3.5092444,0.07314452,1.9158458,0.021309325,0.04719936,0.7053053,0.06141606,0.10447421
481,0.064024135,0.36190236,0.026789295,0.022531051,0.025942834,1.1456358,0.025160491,1.9068817,0.3598863,1.985035,0.03446232,0.04560729,0.051849708
482,0.045422498,0.033268422,0.03162161,0.012282217,0.023076115,0.011366685,0.03022716,0.83935606,0.012784281,3.1634212,0.012188617,0.37993214,0.60248214
483,0.047620542,1.1986934,0.025831498,0.022353308,0.025114061,2.6637065,0.029314613,3.3785892,0.021797918,0.96191007,0.031480752,0.082734875,0.05870154
484,0.039725974,1.7629632,1.1422185,2.8505034,0.011980161,0.033101603,0.015803503,0.019489223,0.33343673,3.076006,0.06580257,0.014807174,0.013650837
485,0.053574268,0.028120475,0.022009285,0.032553542,0.08997167,0.032894485,0.054153837,1.5344554,0.024959024,3.868843,0.031946093,0.22979729,0.61858153
486,0.050734192,0.008398514,0.054665275,0.019729884,0.024258593,7.0057616,0.031983037,0.021282807,0.020713937,2.942936,0.048894234,0.018270679,0.018740565
487,0.040094625,0.045359656,0.0153355915,0.010470918,0.021508688,1.5047728,0.02802982,3.3836498,0.09325732,3.4753857,0.066238984,0.08029543,0.061053656
488,0.034632564,0.00859583,0.016507156,0.005849935,0.013264262,0.6234006,0.014768485,1.7089362,0.10113302,5.1822777,0.07898777,0.03325746,0.053932603
489,0.032877326,0.11442784,0.021421297,0.011031403,0.028867349,3.3091495,0.028197436,0.053351827,1.350402,2.1033754,0.047768466,0.04703025,0.21690698
490,0.03039795,0.008814632,0.008601112,0.015353944,0.013851522,3.195781,0.02645194,1.110863,0.10136134,0.30276892,0.03931461,0.023017459,0.037447285
491,0.030086372,0.0078617195,0.007522408,0.0065780007,0.014505387,3.1019578,0.01938064,0.060118217,0.009118343,0.008439365,0.0183968,0.63499683,0.021294175
492,0.0391899,0.0103195775,0.025594149,0.013623395,0.02273179,0.61473215,0.028506448,3.0015867,0.019069312,3.0480897,0.020615157,0.041359447,0.032097436
493,0.014080762,0.006000315,0.009400575,0.0034147063,0.005827444,0.0075918674,0.0072767963,5.0068345,0.054004412,1.1994944,0.020051027,0.010490509,0.015688796
494,0.019480027,0.0038984967,0.00941301,0.003689973,0.008748003,3.7760732,0.009614839,0.308093,0.01880144,1.3523455,0.9506591,0.009891397,0.01253153
495,0.06234276,0.04352783,0.8150802,1.1132071,0.027846344,0.010334517,0.05179735,1.4226267,0.017714193,3.4477777,0.02006808,0.6233419,1.0790737
496,0.036368262,0.056324735,0.05621926,0.02439058,0.017826872,0.3578305,0.036109116,2.6019137,0.009557155,0.16197307,0.023860345,0.40561032,0.4389786
497,0.05328407,0.011695678,0.018496493,0.010913377,0.03341642,0.95720655,0.05164651,5.9864907,0.034949094,4.667011,0.11783969,0.021933261,0.03463171
498,0.06441229,0.03291631,0.021135703,0.029831097,0.03507032,1.6998755,0.03713505,3.929842,0.03602523,2.5429554,0.055453394,0.08304413,0.06497903
499,0.074016854,0.013476851,0.035952527,0.028896257,0.04734676,5.9171047,0.05223437,3.5443442,0.035408605,2.003591,0.27461594,0.030481972,0.035129137
500,0.07550014,0.011485613,1.5334641,0.024868079,0.050090738,3.8556385,0.06547034,0.109358646,0.016710984,1.7556053,0.051235933,0.7738156,0.21762797
501,0.047356263,0.007424131,0.08269782,0.015443248,0.017502908,0.43771622,0.027866501,9.382853,0.015890362,1.7908965,0.015461979,0.021063222,0.024809388
502,0.079950415,0.022377687,0.03189741,0.026342971,0.04355607,3.729963,0.05812513,0.56814164,0.0271747,2.0175266,0.08163153,0.6889132,1.0250713
503,0.026326803,0.004415,1.4946038,0.009115957,0.010686888,0.8361055,0.021758052,1.3291292,0.0036215454,0.009180568,0.0070890584,1.1138493,0.06854404
504,0.013008861,0.002849418,0.0033947919,0.0025749633,0.0033669139,0.014840349,0.008266406,3.4860435,0.0049811066,0.0045560724,0.0070455186,0.013999961,0.013575081
505,0.050490394,0.01127828,0.15908623,0.018754836,0.025596619,0.90304863,0.042374093,0.21691068,0.028197685,3.1588042,0.049613584,0.2353211,0.22764501
506,0.07651447,1.0197191,3.549159,0.022306405,0.03812026,0.084048346,0.1013329,0.05038381,0.08061387,3.9378948,0.04449866,0.055440698,0.1178241
507,0.035539463,0.008974981,0.023627495,0.010863367,0.020332903,0.8736138,0.042275555,6.790805,0.018135024,1.1591157,0.04489586,0.058953233,0.07856715
508,0.046601813,0.035113715,0.07726176,0.018991407,0.034039635,0.07256204,0.04623516,3.5973854,0.012633034,0.49586987,0.03501261,0.4960828,0.77628624
509,0.06736133,0.01477475,0.04081537,0.030120378,0.037907265,8.056474,0.04044664,2.4239023,0.023807306,1.6124119,0.08751641,0.043050956,0.05564562
510,0.032540575,0.014614124,0.0090629775,0.013893015,0.0151622025,0.018234432,0.050986648,1.8453964,0.009233588,0.540049,0.010276985,1.6334223,0.30999002
511,0.019780014,0.013025005,0.01225826,0.009073615,0.044342093,0.04522782,0.028744776,2.1024752,0.010148174,0.024775086,0.011824798,0.3369576,1.5957962
512,0.062703915,0.016440427,0.13348663,0.035512406,0.0447533,4.847294,0.03922126,1.9092324,0.022034433,0.48981926,0.06312238,0.05643235,0.09610464
513,0.053838003,0.013210483,0.02222057,1.975069,0.05177589,0.14343333,0.058979046,0.09668016,0.031090517,4.742948,0.067876846,0.0440886,0.044060055
514,0.043056425,0.20644349,0.025114646,0.014904856,0.039710604,0.01855249,0.039638888,5.5961127,0.028525626,2.2711627,0.021791443,0.08180409,0.20124756
515,0.037868876,0.010010604,0.030100804,0.0077625583,0.02563217,5.6345186,0.026247937,2.8004262,0.09969324,2.758746,0.12104628,0.019944753,0.025690973
516,0.07800107,0.025368074,0.23068073,0.035891492,0.040942322,3.5481572,0.05998199,0.830644,0.029712576,5.1304216,0.06435551,0.21281047,0.4970407
517,0.056394137,0.020391878,0.028143078,0.012270464,0.026223717,1.3146716,0.028963834,1.5210598,0.024451785,3.1995862,0.07276679,0.07964967,0.24601914
518,0.03958498,0.029455263,0.038989328,0.01601259,0.027168363,1.7121232,0.032633167,1.7368113,0.020904517,1.8727684,0.045377202,0.27113783,0.49152604
519,0.03820957,0.026532827,0.016926922,0.020169761,0.02262711,3.3581498,0.024941552,2.5247748,0.04132842,1.9521875,0.08032553,0.5122524,0.38853434
520,0.08751424,0.020985499,0.05620796,0.030306192,0.050832305,5.468926,0.06948547,0.5125136,0.043223288,5.992292,0.8840945,0.021814937,0.039487258
521,0.036926996,0.021286404,0.014133197,0.0122632235,0.01757417,0.86314946,0.028496807,0.8319976,0.05030108,1.2272698,0.12428918,0.49911425,0.36456534
522,0.038644332,0.010001961,0.008258661,0.014430253,0.014991696,0.010295272,0.023292204,9.757705,0.010481487,0.19459648,0.009242107,0.049686458,0.08301325
523,0.02811432,0.015208696,0.013685682,0.009730198,0.010573296,1.9897327,0.016756905,0.031102832,0.08507799,4.7670064,0.5271545,0.014437614,0.021635225
524,0.03290163,0.018121311,0.01654216,0.012826789,0.02110838,4.5751014,0.024312606,2.0455155,0.018436981,0.5851676,0.042411137,0.11791859,0.22491644
525,0.022937523,0.012371201,0.014824763,0.010455524,0.013725196,0.010366744,0.019089269,0.41780102,0.013372747,3.5606458,0.016362004,0.45311835,0.3229586
526,0.040039483,0.029772328,0.013736766,0.014567831,0.03805234,3.149789,0.025472809,3.158175,0.035916656,0.034265544,0.06737367,0.46341762,0.39780262
527,0.063322544,0.044763815,0.06593678,0.018481072,0.043499667,2.3734372,0.050946366,0.07235655,0.013921305,1.7003138,0.033653136,0.30115408,0.66091484
528,0.10261846,0.031186683,0.3146289,0.03550476,0.10623605,14.59148,0.1678676,0.5995102,0.05029185,1.1591575,1.413675,0.047755934,0.1665282
529,0.019325405,0.05187641,0.0069011026,0.009703408,0.011520156,0.014524243,0.009046298,1.1568179,0.0037340466,0.30690843,0.010633842,0.15846966,0.5576878
530,0.02142588,0.005477429,0.790962,0.0073257503,0.009080042,3.0098643,0.011076583,5.017177,0.037165277,1.0195055,0.16970943,0.014637703,0.017685845
531,0.08335188,0.012156551,0.023740878,0.039133307,0.04106481,3.7548409,0.16091621,8.331738,0.044500157,1.5356688,0.04813738,0.13165684,0.059853442
532,0.014906748,0.024237934,0.012884174,0.004828253,0.006022412,2.960516,0.008651652,1.1514579,0.011947657,0.27579477,0.04599716,0.026872294,0.037116125
533,0.039246816,0.026472423,1.3660859,0.026592163,0.04196087,0.4907017,0.057214912,0.71418214,0.013127083,1.0461497,0.074805714,0.10002301,1.2706468
534,0.048504133,0.21996598,0.014570974,0.01611089,0.040774543,0.026926147,0.04854529,3.3433552,0.0123167755,1.5874938,0.020780422,0.7513051,2.5986533
535,0.023020592,0.01277689,0.01459433,0.009512536,0.011122631,2.584098,0.01704771,0.10430292,0.021890987,2.9003487,0.695103,0.048159618,0.22347306
536,0.056992944,0.012536821,0.14596577,0.052737672,0.020600334,2.1434555,0.04141256,0.24724741,0.0071730274,1.0340421,0.021332934,0.30013093,0.121418454
537,0.019819207,0.027889526,0.015111949,0.006069841,0.011118094,0.006600955,0.017904578,0.5351946,0.02113906,3.9729786,0.36687198,0.07313235,0.62706065
538,0.06739814,0.030759003,0.013456952,0.045840625,0.05679018,2.7835429,0.053123668,0.09403334,0.0663442,2.0541148,0.0537429,0.088517785,0.2992319
539,0.027374819,0.0076357527,0.022113794,0.0061244457,0.013606122,2.644326,0.019166179,2.7161024,0.037812784,3.3924325,0.23582697,0.020812625,0.028783647
540,0.056342233,0.03517275,0.027666911,0.01790808,0.047015946,0.044799834,0.05627432,2.0324976,0.041572515,4.054248,0.08640772,0.08625082,0.23874429
541,0.057724133,0.007974553,0.05955062,0.030762807,0.028750755,6.641326,0.038331944,4.567806,0.030389387,1.1187578,0.13019527,0.019979836,0.016068958
542,0.17157894,0.03779603,0.21193817,0.10767806,0.1324648,27.419535,0.27466908,1.507609,0.06510385,0.8192704,2.1860347,0.058440026,0.07597492
543,0.13274477,0.3885755,0.024417114,0.19933903,0.39744425,1.3506271,0.08737412,1.1071148,0.02610226,2.2765043,0.042582236,1.0134505,0.7797249
544,0.037268072,0.024121793,0.010326682,0.009441219,0.019021459,2.4905088,0.025873085,3.0176072,0.028137263,1.5221721,0.04620494,0.020045,0.025075426
545,0.11770947,0.27464044,2.1159525,0.78727406,0.04829059,2.8845787,0.097538665,1.1867782,0.049921032,2.3642726,0.3966034,0.16035506,0.28852823
546,0.05502911,0.066945724,0.50099343,0.07682163,0.03549572,3.3158963,0.037249178,1.5667815,0.025646115,2.1846519,0.14497137,0.22584923,0.6440719
547,0.019548938,0.004092115,0.006569198,0.007691778,0.014976804,2.6788924,0.028673146,0.5512743,0.0059056506,0.007451897,0.011989263,3.2097752,0.08208046
548,0.038231242,0.0087935375,0.011646243,0.009635181,0.0169683,0.56636655,0.021848096,0.5524755,0.026936866,3.7269833,0.4059119,0.03354964,0.048935726
549,0.05665352,0.05512719,0.047714673,0.03001898,0.04179013,5.5533504,0.041976925,1.3108803,0.03617723,2.4813578,0.23631017,0.037578035,0.05904595
550,0.040437784,0.0053879083,0.05949016,0.0146499,0.011854108,1.3105433,0.017632235,0.14498697,0.009250584,1.4186349,0.020164045,0.14123473,0.06703592
551,0.03550783,0.08492394,0.017674685,0.015081065,0.009994059,6.5904346,0.025926363,3.0454526,0.5650941,0.01608818,0.57698256,0.0136776455,0.01487306
552,0.053523567,0.008178997,0.021636108,0.009104492,0.020343829,2.049971,0.0237076,11.868977,0.04817746,3.7808034,0.10631705,0.01814608,0.023135435
553,0.036468014,0.01378073,0.016458679,0.044306763,0.027684996,1.1137191,0.037496448,1.119626,0.14272095,1.2963032,0.07241471,0.05064467,0.109957196
554,0.028305838,0.11965526,0.018616842,0.009052386,0.025217485,0.017681135,0.019341854,1.9083055,0.013571156,0.039042562,0.42047212,0.3105696,0.74077046
555,0.07381556,0.06447397,0.05026897,0.017663071,0.16841735,0.021272145,0.62886846,1.145032,0.021223076,3.5822153,0.027737247,0.51595837,0.56844866
556,0.053145975,0.008884223,0.01651722,0.019642377,0.03505547,5.9324694,0.20704281,2.2375982,0.012190133,0.012326451,0.056295928,1.3375726,0.14469029
557,0.0804616,0.02036561,2.4708035,0.035501737,0.13527282,0.73672736,0.095712796,1.6439592,0.011129851,0.04335305,0.013983806,0.96835726,0.73876154
558,0.03393135,0.7091144,1.3298156,0.011237092,0.015016597,0.43028492,0.030447954,0.50074595,0.24748436,2.5721188,0.03661241,0.041266937,0.068558484
559,0.060159117,0.020381708,0.016025357,0.012331436,0.03222815,0.008338637,0.052908845,0.6261469,0.016539903,4.4792366,0.023811664,1.1082983,0.51322436
560,0.072302155,0.01702339,0.039823033,0.022799537,0.10604465,2.2890217,0.0893844,3.5251136,0.026615605,2.5798776,0.061421532,0.3444871,1.0278938
561,0.018081479,0.0042058947,0.0056826663,0.009297548,0.011126162,2.2441275,0.019594068,5.4262004,0.0066747614,0.006522548,0.01826713,0.05408706,0.04222709
562,0.06863045,0.010756942,0.022691853,0.01707611,0.035062976,3.9398606,0.03484165,3.5211701,0.0548584,3.6069555,0.323147,0.0386115,0.04874965
563,0.034385927,0.024327474,0.01959138,0.010763775,0.020078735,2.086769,0.024274014,1.6778907,0.058102533,4.5799055,0.07080519,0.18815054,0.148796
564,0.13545385,0.06493678,0.09201172,0.03186221,0.15347388,2.3238666,0.11181451,1.9392139,0.062318012,3.6304295,0.52267426,0.18878232,0.36260703
565,0.078381196,0.015013439,0.030184522,0.01960125,0.048566494,3.4405818,0.06057637,2.7297616,0.02703013,3.9008994,0.04220042,0.04098583,0.037804298
566,0.07606322,0.7656106,0.0648064,0.027519241,0.031273916,0.2971673,0.047559973,0.15991548,0.07450358,7.6157985,0.0948161,0.049549766,0.050743595
567,0.055664644,0.025355505,0.016562846,0.01177998,0.016922412,0.023878364,0.029811082,0.46024343,0.013073029,2.0064583,0.023789546,0.22803895,0.4866108
568,0.03472695,0.0040040747,0.013573114,0.0072914106,0.017330807,4.2283278,0.021553436,2.9794574,0.016939975,0.0077308547,0.18224649,0.027634798,0.033152163
569,0.012317842,0.005116705,0.005163735,0.0031069617,0.00870827,0.007431774,0.01468503,2.612922,0.004013257,0.0076078693,0.005969919,0.74008536,0.5195909
570,0.06953791,0.047251184,0.05614324,0.028127143,0.070603885,3.830121,0.06622416,3.9683714,0.049757384,0.7541053,0.06016677,0.18939216,0.14030516
571,0.0626362,0.022667853,0.049035102,0.021973124,0.03501537,1.1516532,0.058487505,3.1494126,0.064854965,5.4038134,0.06626385,0.23924516,0.20044875
572,0.05752855,0.019607862,0.046388946,0.015866656,0.022618704,2.027337,0.029198026,1.0116351,0.025729239,4.2533817,0.04970645,0.065994866,0.21087947
573,0.020287216,0.0031449266,0.011145981,0.009851268,0.014101365,6.362296,0.019269818,0.027087055,0.011126621,0.0046523456,0.07238555,0.01810938,0.017211545
574,0.09165371,0.16051577,0.031660944,0.058111392,0.12573613,2.354297,0.072986804,2.191948,1.7879031,3.0282073,0.045229502,0.12757169,0.14311264
575,0.022739878,0.009309241,0.0150292255,0.007377725,0.01152303,2.0290065,0.013298744,2.3072457,0.016498847,0.24771029,0.16468546,0.026823808,0.07121179
576,0.14753255,0.014974504,1.1100752,0.04543985,0.033721812,0.04483735,0.06767964,0.94153404,0.18286917,3.0395525,0.03616281,0.062384993,0.09639716
577,0.043721776,0.041601524,1.4641907,0.04529168,0.037772696,2.5543683,0.0458055,1.442931,0.015652886,1.5700394,0.0330791,0.62380975,0.5445539
578,0.072620936,0.020130295,0.031509947,0.0257539,0.09465517,3.3566344,0.06390611,0.08088279,0.03935507,5.4118705,0.07604967,0.11267106,0.52840436
579,0.05456298,0.029019045,0.023328824,0.01312068,0.036263343,0.0216257,0.040135432,6.6262155,0.057098646,5.6200542,0.04934214,0.052048054,0.10073486
580,0.050760012,0.011084903,0.021614537,0.015737742,0.062128443,3.6281822,0.024168361,0.62372684,0.058588814,1.3007083,0.12829241,0.04668681,0.041323446
581,0.062675186,0.14851804,0.023697069,0.01249293,0.046691734,0.07549933,0.049453143,0.8900585,0.16763167,5.5901613,0.07278824,0.13533947,0.18370971
582,0.04378929,0.028987952,0.01045272,0.018449895,0.015028389,0.010833202,0.021835607,4.724473,0.028717821,3.1842105,0.02654307,0.056637373,1.0268776
583,0.015218157,0.003267065,0.028374508,0.0052335844,0.00789646,4.3604445,0.014001211,0.01981586,0.032701556,1.1634088,0.2081438,0.0079035,0.010032765
584,0.011615374,0.0040974612,0.011415535,0.00400048,0.0068728635,0.024003016,0.0075270645,2.147699,0.009578163,1.1201705,0.35301787,0.010812159,0.012340773
585,0.04606967,0.9751853,0.015618014,0.5563349,0.04863733,0.013547163,0.034397043,0.4173181,0.008081326,1.2063243,0.011842425,1.1315594,0.8535001
586,0.064630404,0.049864702,0.026308164,0.015679993,0.11339409,1.491756,0.048521165,0.4457864,0.016883979,3.3783228,1.8392968,0.058259748,0.053860057
587,0.029906467,0.009141257,0.017773684,0.010383143,0.011813103,3.8100302,0.020334043,2.4465816,0.022254191,1.8281887,0.03750977,0.060479917,0.11635195
588,0.044719726,0.0034408197,2.6897337,1.0173261,0.021651313,0.017969653,0.030496608,7.771834,0.004897069,0.008488648,0.005844538,0.09626032,0.05254397
589,0.02338879,0.008669556,0.010719813,0.00459948,0.012491051,0.28960094,0.011671315,4.5584755,0.031606406,1.7324731,0.8899867,0.016634582,0.026615169
590,0.038922757,0.025635432,0.019200003,0.022374347,0.022975693,2.472789,0.03789092,1.6712828,0.032217674,0.8348519,0.02862519,0.34185082,0.9676103
591,0.049584355,0.026982706,0.018549282,0.013226669,0.017508132,3.8429453,0.030850204,2.2883756,0.047060434,6.5196857,0.07105958,0.23250276,0.34631833
592,0.04045743,0.0067322995,0.51093525,0.015268781,0.015261146,0.86487335,0.017428096,0.042941768,0.027965115,4.599529,0.026705127,0.01941637,0.02057599
593,0.045480646,0.004060937,0.022314742,2.761425,0.045138024,2.3994195,0.040389393,3.3417501,0.012512951,1.7377043,0.02759862,0.03336964,0.03316985
594,0.04247457,0.017417546,0.044802748,0.01302556,0.028828163,2.1821086,0.032093678,0.05504977,0.03628912,5.1282363,0.1213538,0.025702335,0.03406308
595,0.089802966,0.067745075,0.02169472,0.04633734,0.122537844,0.05282018,0.08403442,3.7177715,0.4027637,5.6353292,0.1608861,0.056579806,0.07731816
596,0.031646334,0.009877447,0.011329297,0.0076983864,0.01595972,3.8749473,0.021475552,0.03755364,0.013647949,0.9776,0.031143235,0.039976865,0.050914053
597,0.07766863,0.017540688,0.03300113,0.022795761,0.022034468,1.9305586,0.052429076,1.5569012,0.08336838,4.672104,0.11290871,0.041584134,0.04915877
598,0.05488692,0.007721075,0.02511936,0.0129938815,0.041190095,7.712773,0.0427946,0.032101244,0.023905212,2.3704102,0.05192308,0.040105067,0.03569354
599,0.03479273,0.016489798,0.03496318,0.010792642,0.024072237,1.9275477,0.039559793,0.21023898,0.013929573,2.088324,0.030179335,0.2283239,0.06135383
600,0.10665815,0.04341672,0.035306085,0.022584595,0.057640586,2.4472666,0.11079947,1.7968843,0.020945257,2.824579,0.20583521,0.14154764,1.3059093
601,0.076650076,0.031597126,0.02497972,0.016396768,0.048259098,1.5783256,0.054741524,3.4659626,0.029366072,3.9382606,0.064674556,0.060109332,0.07590607
602,0.088396534,0.08845083,0.027429963,0.30269393,0.06987765,6.1496015,0.08171068,2.4132354,1.3674948,1.4561286,1.2413924,0.035446744,0.03614669
603,0.011250637,0.0040726988,0.011116884,0.0031949964,0.0068975873,2.745393,0.0077582635,1.9178416,0.0120148985,0.007305915,0.042383038,0.0194194,0.03804538
604,0.041305404,0.039266497,0.019944223,0.014158798,0.021299677,0.012153992,0.021319216,0.58899534,0.02675542,4.23525,0.027825378,0.05762121,0.22173333
605,0.015860923,0.01670716,0.00829459,0.0058238916,0.018522032,0.046822444,0.02009034,1.7542306,0.006741026,0.38856065,0.014918787,0.75263375,0.8632696
606,0.025502617,0.09394116,0.076624915,0.010530282,0.010118511,4.0014133,0.021264225,0.15179819,0.01339194,0.06664819,1.0094169,0.030436926,0.8036787
607,0.024174951,0.013163925,0.012139429,0.005216991,0.011114842,0.06339929,0.012989256,2.5365708,0.05321109,3.4335291,0.3905528,0.016132172,0.024049003
608,0.052037627,0.014109217,0.87985253,0.01666292,0.030990021,0.983521,0.049173705,0.03922926,0.041061778,5.3350916,0.13180114,0.031838212,0.033286612
609,0.05114763,0.012045152,0.041764483,0.01450355,0.029323908,0.10153045,0.034130506,2.09343,0.020070717,5.1335917,0.042349353,0.29771453,0.24251832
610,0.05041746,0.026014226,0.18926744,0.048851747,0.0803413,5.0417666,0.045306046,0.024386907,0.02455652,2.5767355,0.03185556,0.030130787,0.02536353
611,0.031330083,0.024489745,0.059910994,0.011435946,0.015219871,3.7260215,0.015778154,0.9108152,0.13884315,0.01979283,0.75693786,0.021545293,0.02185664
612,0.017406557,0.00854836,0.010782837,0.005780903,0.011507301,6.286735,0.013107945,0.50512314,0.013675,0.04231165,0.04521562,0.021837141,0.02495468
613,0.049893476,0.027102076,0.027149765,0.011915384,0.017231364,2.8146865,0.015377839,0.5994641,0.022672268,1.7090461,0.03533448,0.478926,0.27549583
614,0.02075209,0.005275854,0.007547635,0.007022314,0.017887233,1.7699556,0.020129414,7.185731,0.008779795,0.0077413036,0.020826902,0.043778732,0.038025837
615,0.12695946,0.018209867,0.8160875,0.047294598,0.044650745,6.0127993,0.05849347,5.530495,0.032654848,4.4263005,0.10110277,0.139768,1.3025433
616,0.09581594,0.013235108,0.018463885,0.017489232,0.037404552,4.185189,0.056537155,11.520741,0.05323683,1.7999753,0.093503624,0.04585672,0.040484294
617,0.055521473,0.016429586,0.024046844,0.015811298,0.030606499,2.0232077,0.05080003,0.16818191,0.03462385,5.594735,0.07810623,0.17178763,0.093966715
618,0.046950858,0.023303207,0.028630765,0.014690407,0.023748523,4.2782803,0.049541816,0.24273428,0.032669887,4.7954173,0.07192379,0.029751789,0.04461829
619,0.037675768,0.009656315,0.056942683,0.015298643,0.021869218,4.938436,0.027589621,0.064151786,0.029925194,3.0772011,0.8115596,0.017660055,0.022132844
620,0.100089855,0.06568084,1.2750357,0.16263817,0.050946284,0.013076625,0.038658377,0.49924237,0.009056886,0.9589077,0.015818534,0.3494026,0.85892814
621,0.043273434,0.0071206708,0.17824973,0.035697535,0.014369712,0.007352593,0.031996656,1.5759773,0.003983303,1.2950171,0.0066117872,1.2527428,0.9676066
622,0.09944118,0.011006595,0.5985598,0.023048237,0.044484895,0.9296471,0.06055985,1.9203312,0.027250346,4.226152,0.8113253,0.079932004,0.12193905
623,0.013935437,0.0042048926,0.00917274,0.0046558697,0.0057706013,3.9981892,0.00991522,1.1106043,0.0121846255,0.010208181,0.026238656,0.061685514,0.039054416
624,0.018066706,0.005334511,0.034698974,0.0075245313,0.010885071,4.1073833,0.0111831445,0.026712837,0.011523455,0.9649999,0.0402076,0.011826946,0.012794771
625,0.06391419,0.0672335,0.015464673,0.025417868,0.038193718,0.52475464,0.03603211,5.8128467,0.026995819,3.0193403,0.042231295,0.11046701,0.078325294
626,0.045467418,0.0075496347,3.2712016,0.022100057,0.021519644,1.5226344,0.06270631,0.9041192,0.008699071,0.5950337,0.018614816,1.0420535,0.3426596
627,0.06464167,0.034615573,0.05812353,0.021789007,0.04135784,1.1784503,0.08515526,0.9134018,0.034787647,6.3434415,0.059216592,0.12004805,0.084250264
628,0.06869444,0.048868004,0.017280007,0.019007906,0.092588075,0.89521027,0.09935467,5.0287166,0.025383292,1.4920805,0.026601125,0.49496868,0.5247019
629,0.03428496,0.13179085,0.020090297,0.0105687175,0.030677166,3.608153,0.02169449,0.10826135,0.014408347,1.167716,0.03542942,0.5920721,0.06487268
630,0.07361719,0.022075472,0.039526023,0.020553103,0.034159336,2.8171613,0.030171946,3.521891,0.016028393,2.1700096,0.042160947,0.355856,0.116945595
631,0.03133628,0.066578716,0.012812457,0.0065985625,0.01116585,0.006266893,0.016107006,1.0203503,0.009021722,1.3918568,0.011523312,0.106782034,2.161835
632,0.055478137,0.030205859,0.021312265,0.015082327,0.027548019,0.9160146,0.03893099,0.04757883,0.07507902,5.934744,0.06205097,0.049867958,0.059471697
633,0.06846829,0.011758249,0.020482454,0.041949134,0.037623223,6.950237,0.04121455,3.389944,0.020474002,0.14344504,0.046009187,0.063414745,0.03952611
634,0.03619766,0.009668338,0.017972387,0.013124238,0.016833758,4.375948,0.02309177,0.058686938,0.027251666,4.0532503,0.8478858,0.023190036,0.025760101
635,0.15308943,0.04423416,0.11717635,0.029774832,0.08100298,2.7574527,0.100189626,0.073466,0.20506021,12.228217,0.23969544,0.04599806,0.07199304
636,0.040979736,0.0080423495,0.013112678,0.011254026,0.01709748,4.813989,0.026886163,3.5120416,0.019007683,0.055508953,0.69858783,0.024085922,0.029165145
637,0.039034486,0.16272624,0.04350234,0.015382602,0.0433781,0.52665854,0.038037714,2.4163349,0.05371921,2.1658077,1.4731212,0.3933139,0.5481254
638,0.08179442,0.07502688,0.028205,0.041156482,0.04764764,1.3176047,0.07170758,0.1827366,0.078433596,7.7492766,0.07783201,0.09988076,0.3375856
639,0.012905043,0.0048392047,0.0043309242,0.0037009206,0.012892992,2.1222994,0.012050304,1.051729,0.0120345075,0.0066890246,0.94112897,0.012559063,0.013200047
640,0.03212041,0.011154487,0.04803135,0.013209319,0.010797633,3.4744987,0.030659072,0.61282355,0.016902907,0.031036137,0.20160577,0.018335726,0.018159708
641,0.03893953,0.022687037,0.020806206,0.013445969,0.017656786,4.6933255,0.018588,6.0614786,0.0388728,0.29637486,0.43442038,0.023182081,0.024823908
642,0.030035662,0.0060387673,0.013702706,0.013723796,0.013651519,4.389417,0.020688191,2.8091624,0.0072667464,0.006695222,0.018909387,0.9753096,0.16873431
643,0.062063478,0.094260186,1.5283619,0.025340645,0.09418891,0.4400521,0.05781805,6.7062893,0.21525075,2.126407,0.069624655,0.062177107,0.080355756
644,0.020953063,0.08199937,0.13855812,0.0073397737,0.014937168,0.32579488,0.016527731,2.2419252,0.009094612,0.2709159,0.011464553,0.092092715,0.67225796
645,0.02737329,0.018399226,0.021918707,0.009143088,0.012098062,0.027730174,0.025643872,2.227503,0.040594477,2.4200563,0.037191138,0.028883211,0.036110476
646,0.12549394,0.046441123,0.021779353,0.030295808,0.114127554,4.1770964,0.096801735,0.042797647,0.06047321,5.6279955,0.067509085,0.1284804,0.17869848
647,0.040064443,0.0145607,0.02281455,0.008661903,0.027857983,0.028080415,0.021885164,0.03711272,0.021639941,5.8789825,0.03933752,0.019642577,0.02446787
648,0.05318221,0.004421782,0.010823581,0.0337612,0.02949326,7.856684,0.033473957,5.2933483,0.010678108,0.0045723775,0.037474696,0.09568332,0.032884825
649,0.0226064,0.019531908,0.010650378,0.007571328,0.011152655,1.6644778,0.017107317,0.017081533,3.4132464,2.3807597,0.043588337,0.016612386,0.02128861
650,0.04139217,0.007129899,0.0077454457,1.6162925,0.015902663,0.028782524,0.036373958,6.8006616,0.035177346,0.47507793,0.014613131,0.038375158,0.035375323
651,0.06810034,0.022159105,0.09537492,0.038136266,0.045916628,12.553556,0.04697179,4.819934,0.032045435,0.017069943,0.30852872,0.027326135,0.044065543
652,0.02737517,0.005078848,0.013959476,0.011560028,0.017344609,5.274516,0.019776378,0.92371935,0.0058231084,0.010503824,0.019856483,0.06575859,0.060161706
653,0.06914744,0.014070474,0.021850627,0.019139057,0.07089108,5.398237,0.092742756,0.028599616,0.026564091,3.6110542,0.03555803,0.07504957,0.37324533
654,0.018785829,0.0058108796,0.012278837,0.008323973,0.0072276113,1.7390949,0.007890208,0.51285595,2.6055484,0.6597356,0.2077501,0.012241121,0.017671796
655,0.040487364,0.017435124,0.020039065,0.0089401025,0.022180157,2.0953798,0.03221531,0.036127858,0.06631409,4.625048,0.11812719,0.021678424,0.028150223
656,0.008185625,0.00335556,0.0058280258,0.004146959,0.0064847446,1.9973626,0.014082016,3.5725021,0.011577306,0.008807032,0.044236172,0.0138345035,0.016499905
657,0.023582147,0.013458256,0.013842501,0.0071035703,0.014247038,0.4686534,0.018252233,5.009844,0.028138943,2.7853177,0.07318137,0.01659415,0.021639217
658,0.048179332,0.01943345,0.15605679,0.017707495,0.028636605,5.1422834,0.03940662,0.8182828,0.013685993,0.011653542,1.4193386,0.0486926,0.16826615
659,0.014901996,0.0033212819,0.010568852,0.007379128,0.011564203,6.8136096,0.017438145,0.016129179,0.007082202,0.016526503,0.025190223,0.015544638,0.014862696
660,0.03920884,0.016315423,0.027692968,0.24410388,0.024908323,1.8823215,0.027109759,1.0960575,0.012369384,0.7242999,0.01727012,1.0516918,0.5709886
661,0.042753536,0.13213615,0.030204779,0.012773885,0.047813784,3.9360251,0.047018517,0.024951931,1.3430182,0.7333437,0.046220277,0.058282845,0.05931987
662,0.015100324,0.009152364,0.0117721995,0.0049063894,0.009129303,2.6792338,0.009577659,2.6462393,0.014084371,0.11412582,0.021080911,0.028507937,0.022896083
663,0.022889089,0.018943764,0.014824732,0.012438724,0.07587231,0.83164036,0.033757128,2.8277273,0.008052323,0.18936592,0.6382174,0.76930624,0.087179184
664,0.0062849643,0.0021249622,0.0045787357,0.0020074162,0.0047508543,1.8299032,0.004000513,1.0419737,0.0052423496,0.0036721295,2.3636913,0.008183069,0.009913244
665,0.016337153,0.8837658,0.01544155,0.0063020065,0.010211636,1.3047705,0.010684475,2.6585479,0.017930243,0.034069624,0.2153528,0.7180104,0.30693218
666,0.048441194,0.4312339,0.04251645,0.016117679,0.050033227,3.2898326,0.028336992,2.609799,2.9906015,1.4342153,0.051915918,0.060445,0.15071806
667,0.079828136,0.012156736,0.16529036,0.03518098,0.047095288,7.8492193,0.05718758,0.038450085,0.024268564,2.4405801,0.760633,0.021243311,0.026777023
668,0.04270258,0.007469843,0.3646227,0.016284758,0.021006595,2.7248902,0.026612455,2.0901775,0.008751939,0.9849782,0.020252762,1.6142241,0.11361538
669,0.032358143,0.010330472,0.020563593,0.011165235,0.018466579,5.88405,0.019769724,2.5362415,0.022873294,0.029108988,0.047010265,0.030680206,0.022801004
670,0.0076196985,0.0013004,0.0043494455,0.002976277,0.003744335,1.3153564,0.006702519,1.3278486,0.0042715976,0.003458749,0.6786981,0.008840408,0.008041919
671,0.027042264,0.013179926,0.010100124,0.011569309,0.008956137,1.8777162,0.012156527,4.141836,0.035787266,0.017435448,0.039807368,0.021472324,0.04096285
672,0.07034046,0.005199896,0.026039993,0.023268038,0.037500028,9.697696,0.0460891,0.06810621,0.0119881965,0.08227747,0.064401045,0.03398468,0.061388962
673,0.040692754,0.019831834,0.052815504,0.012992732,0.022991797,7.8812933,0.028107408,0.46764326,0.050368212,2.1180203,1.7507484,0.018392147,0.026031787
674,0.025035173,0.0022974715,0.004445299,0.005609498,0.009623527,3.8132825,0.013226699,7.87531,0.009064899,0.0022870244,0.039378844,0.009807287,0.010764894
675,0.027428154,0.010030971,0.017417772,0.013374899,0.017341794,0.092562795,0.081969894,1.9516064,0.008075835,0.6830909,0.012686857,0.45615414,1.060217
676,0.021461345,0.0108783245,0.012794584,0.011632623,0.013853215,0.77083284,0.018100124,0.54058003,0.010632567,2.3246632,0.017359544,1.0507207,0.043800343
677,0.06974831,0.021693248,0.025856646,0.018286988,0.044759143,0.03261639,0.052070823,1.468361,0.12263058,6.5325127,0.05445247,0.12449365,0.2975102
678,0.026747447,0.008943017,0.010511817,0.011275802,0.017130224,0.013494274,0.021016665,5.0024247,0.008447281,1.3472439,0.014873792,0.10542991,0.53983635
679,0.05116563,0.028771764,0.8523716,0.054076567,0.02479445,0.026031416,0.026913919,2.1101682,0.038232073,5.7952776,0.38639244,0.027492201,0.048736066
680,0.039411746,0.083138816,0.026759565,0.016213868,0.029358635,2.791698,0.03522814,3.491292,0.018825393,2.0881302,0.048834506,0.27945814,0.25272176
681,0.08268258,0.019842165,0.019837711,0.03874202,0.062449206,7.660989,0.04949156,6.828752,0.046781532,2.3240006,0.086909756,0.060874075,0.06658791
682,0.067553096,0.25712544,0.063993976,0.021687625,0.04468195,4.024509,0.05175569,5.513458,0.054101385,1.7658036,0.67137295,0.05747877,0.13436696
683,0.018677896,0.00874962,0.014127826,0.0061779246,0.0087624,1.7247703,0.014041773,4.304965,0.05009529,0.8418033,0.04119559,0.015024587,0.020021293
684,0.0155080585,0.004045552,0.0031418584,0.003597772,0.00796209,0.003200931,0.011195366,5.0397396,0.0027354823,0.0049117203,0.0028622583,0.971631,0.8170349
685,0.031842846,0.0051028514,0.28355253,0.015523478,0.015882507,3.0747995,0.021152252,1.7588338,0.013685355,2.0794094,0.042940017,0.027981106,0.04074269
686,0.056478746,0.016415322,0.029380988,0.0123192,0.031576127,0.25249225,0.044563707,3.6323464,0.039242093,6.1693196,0.052734803,0.026713822,0.033576578
687,0.036021028,0.014230624,0.019865442,0.009853988,0.02389857,1.2334684,0.034084152,2.692794,0.0383757,3.5371563,0.05098014,0.0165421,0.022042722
688,0.13262296,0.634929,0.36618423,0.079810925,0.03077929,1.6098593,0.19948375,0.8056891,0.036471147,2.7788436,0.16251361,0.3022861,0.39080426
689,0.032506693,0.019259155,0.024905661,0.00788566,0.016513523,1.4656335,0.026805324,1.3073062,0.031249173,4.210742,0.124149665,0.017999638,0.024894552
690,0.04412122,0.0072680744,0.0651773,0.009666871,0.015350418,4.7773485,0.030579641,3.4872158,0.016816312,1.6823529,0.07756634,0.024255445,0.02594561
691,0.011897325,0.0039873123,0.015100445,0.0050234967,0.005159711,2.2690587,0.007098646,2.567327,0.016140781,0.8501813,1.0109704,0.016268907,0.02309972
692,0.03719123,0.00904983,0.096366234,0.019060694,0.02464174,2.7724335,0.029436791,3.842005,0.0145762395,0.034357455,0.033168368,0.028170358,0.02876255
693,0.051487718,0.02883573,0.031010209,0.017260008,0.026642041,0.1107522,0.036235463,0.07610037,0.34005082,7.5917263,0.11901564,0.030983452,0.04911305
694,0.043698728,0.029474545,0.81532437,0.026912851,0.017297897,3.9011319,0.03650141,1.0220326,0.034842752,2.4085824,0.07315987,0.0347303,0.050266776
695,0.038314372,0.022215776,0.03805408,0.022025414,0.022639673,6.125853,0.03317161,0.08690031,0.0456781,3.1728697,0.73838353,0.025742637,0.06443677
696,0.025913708,0.008104025,0.0145373205,0.009611266,0.013310591,2.1485293,0.020891763,6.5158787,0.025479082,0.49849117,0.051217813,0.02215424,0.021875035
697,0.016104994,0.004433884,0.004299303,0.0060426127,0.008722592,0.0055705924,0.016142743,3.0330832,0.0020000737,0.0044694785,0.0022780104,1.1854129,0.03191435
698,0.053169377,0.013348881,0.024936905,0.017871037,0.020667883,1.3913078,0.03736138,3.5634415,0.032299634,3.1813745,0.061800726,0.031594124,0.054983474
699,0.03979798,0.06405725,0.007679076,0.033409815,0.018646022,0.006087247,0.053646013,2.6864884,0.004504044,0.349153,0.005532282,1.3106778,1.2612529
700,0.036422137,0.0050204103,0.008088252,0.04271704,0.08369177,0.057235774,0.03743263,4.0493283,0.006443367,0.006065741,1.2120572,0.74027145,0.08751746
701,0.022939397,0.0019076207,0.0053718644,0.007942573,0.008137306,0.045219716,0.016576841,12.143437,0.007028265,0.0028975594,0.010190432,0.015568317,0.012572592
702,0.026742281,0.031493135,0.01400347,0.0151577545,0.0130697135,0.0102670025,0.017964821,0.9471178,0.008061107,1.5383164,0.013254857,0.6431731,1.1946895
703,0.027028393,0.006354623,0.016223658,0.0119115915,0.017708648,1.7054408,0.023290217,3.5007849,0.005433211,0.009202094,0.011609769,1.1936783,0.16415243
704,0.036728956,0.030339789,0.021492545,0.009704535,0.02332015,0.017569356,0.04206995,1.5152055,0.020177731,4.1260657,0.024599772,0.6149489,0.30352655
705,0.035443153,0.0150739085,0.024516197,0.012543028,0.023322998,2.0729926,0.03274264,1.7385659,0.034905486,4.3262672,0.10026721,0.0318565,0.03466385
706,0.02491172,1.6064807,0.012941869,0.010321269,0.011034794,0.0063162064,0.014803436,3.2036297,0.0059677674,1.0691571,0.006242057,0.8383028,0.33100444
707,0.08927554,0.035360806,0.02774728,0.195171,0.040313378,4.063728,0.083737895,0.05378875,0.021461595,3.797895,0.08057347,0.08296893,0.4256977
708,0.03258592,0.02266382,0.020945849,0.014780357,0.013899468,3.6297057,0.020655932,0.23407911,0.034884457,3.1973107,0.069680855,0.051432677,0.08031697
709,0.03155388,0.050047453,0.016669342,0.014255651,0.02600169,2.7650495,0.028627304,1.6691024,0.014363791,0.12980208,0.0237754,0.06805106,0.48687768
710,0.02270336,0.01210674,0.011545421,0.008173866,0.017420584,2.1168506,0.013576657,0.859689,0.021264806,0.07931336,0.0401971,0.04469934,0.72312206
711,0.030958213,0.007861199,0.034216,0.012404807,0.02118396,3.0719106,0.021830436,0.09262925,0.0150919445,1.779054,0.03577686,0.3214525,0.037966814
712,0.026561592,0.04350541,0.011647409,0.010833282,0.016201492,1.0064405,0.018259369,3.8099318,0.09147033,0.021555217,0.021846622,0.65537953,0.08554683
713,0.037194237,0.015360338,0.04855622,0.010945016,0.0196115,0.011878445,0.029329963,2.5762527,0.013990523,3.59667,0.021233926,0.057405848,0.060023375
714,0.03209998,0.011676023,0.011445825,0.022719638,0.016717132,0.010749536,0.019771313,3.0571754,0.008617341,0.03194006,0.015191818,0.70524186,0.54867715
715,0.049053192,0.028134178,0.029830474,0.0146990055,0.02029154,3.7595491,0.028235251,0.13775289,0.03326052,2.5212018,0.9789138,0.06017322,0.1273606
716,0.030520381,0.011489273,0.011118892,0.010663825,0.042213637,0.6603132,0.022910437,2.1559508,0.08057245,1.4594682,0.9130023,0.020546595,0.027383499
717,0.08835845,0.012498586,0.22792035,0.021866413,0.040130038,0.4698393,0.040862206,1.799892,0.037442755,8.220221,0.076479584,0.026999744,0.032870032
718,0.017545575,0.0027034068,0.016014887,0.005195116,0.00565595,4.3314548,0.0074969595,0.08475872,0.008209877,0.011314682,0.45383534,0.012806947,0.017155074
719,0.014770591,0.007348855,0.013354033,0.0075723287,0.016261501,2.5213983,0.023348425,0.8687058,1.4219713,0.19728434,0.0383161,0.05604189,0.2872661
720,0.06422463,0.031160472,0.03241097,0.019185303,0.025131378,0.8440838,0.046282217,1.2945876,0.047237843,4.8388753,0.2220444,0.030087791,0.047877762
721,0.1507179,0.12070313,0.031067507,0.024880586,0.05289854,0.014781864,0.039219398,3.2904015,0.022625443,3.1774554,0.035861872,0.041136205,0.043815676
722,0.0352965,0.028591592,0.17504969,0.22229402,0.028854514,5.1803546,0.023165992,0.14985134,0.041758947,0.024065632,1.9696636,0.7423875,0.09631448
723,0.039512265,0.020725535,0.030620867,0.01135917,0.01889386,0.02515038,0.030800147,1.4992385,0.0620213,4.050575,0.04904652,0.5995548,0.66791767
724,0.046114713,0.047316346,0.019679554,0.012617564,0.016135272,0.017579783,0.028544813,2.5893776,0.025538057,5.758924,0.029747738,0.06613488,0.056774884
725,0.04665636,0.14790455,0.023881763,0.024186062,0.028320145,6.827333,0.029671226,0.10187359,0.030337147,3.1133628,0.06347961,0.07635919,0.12326982
726,0.09969024,0.31934476,0.07132124,0.032519158,0.11614247,9.220564,0.15238535,2.632072,2.8451695,0.079390235,0.2034958,0.47969192,0.43709996
727,0.05787052,0.007986576,1.0524126,0.017856004,0.022195732,2.4037137,0.036319762,2.815736,0.013695025,3.0677907,0.028111037,0.16430461,0.05003035
728,0.026739867,0.11165477,0.021969471,0.010579052,0.014478588,0.009679368,0.0130358,3.189095,0.007910391,1.4278926,0.009398022,0.06656921,0.4069735
729,0.06778421,0.021578563,0.018272646,0.8824364,0.024499625,1.868937,0.04834687,4.969273,0.032389693,1.6450489,0.03411829,0.08917412,0.16610475
730,0.042362683,0.011215992,0.026413316,0.020923376,0.14425723,2.9888477,0.07153019,2.4600341,0.009950877,1.1614338,0.023489453,0.66874593,0.054425005
731,0.05517013,0.011428748,0.0103503,0.01642719,0.028225485,0.010007151,0.13479857,0.3728014,0.007258224,1.3688735,0.01071584,2.7631123,0.21947764
732,0.052268017,0.08998381,0.027760264,0.01257159,0.03452515,0.034250576,0.0592331,0.24845432,0.026759055,7.247944,0.06320999,0.076769486,0.96030957
733,0.1260429,0.030987993,0.04806856,0.031507134,0.06200166,1.461564,0.06671292,0.13706636,0.040931024,9.41471,0.08230222,0.08358041,0.10628802
734,0.07817209,0.020615524,0.014421427,0.02321632,0.031531047,0.11128466,0.034666546,7.1136622,0.11392949,3.3117137,0.05180439,0.028569747,0.039504696
735,0.05185701,0.009368817,0.021976642,0.018998811,0.026885817,0.35907492,0.02650982,5.737521,0.044759728,2.6404436,0.5187646,0.024811056,0.031203289
736,0.032179542,0.010850364,0.016108569,0.009972819,0.020195782,2.9598062,0.020626482,0.2886262,0.016875338,2.104886,0.8668114,0.021736039,0.035561364
737,0.026635502,0.0070026526,0.010156491,0.019256305,0.019635567,5.1096706,0.026549157,0.11136417,0.012410336,0.00835481,0.034649774,0.05778129,0.039707087
738,0.025588669,0.07785693,0.014348515,0.009773682,0.011200243,0.45538104,0.020585502,3.2796764,0.015674585,0.07479955,0.02759174,0.03139522,0.04199347
739,0.037951324,0.012289319,0.02096276,0.012524767,0.0146582825,3.234905,0.019853871,0.01904039,0.028405458,4.505272,0.063922636,0.017324422,0.02436939
740,0.031159494,0.0092412615,0.04201931,0.03323904,0.015815869,1.7672545,0.026125327,3.6088278,0.007962304,0.031821083,0.046262868,0.4524431,0.280527
741,0.032322295,0.031978518,0.0141743645,0.00685926,0.015432108,0.010611061,0.031019121,3.3249345,0.022704566,3.1584609,0.05837049,0.05547951,1.0254892
742,0.05224118,0.022951422,0.018947106,0.017144207,0.0536469,1.9478401,0.034923688,0.14450781,0.034437634,3.9967704,0.052599348,0.8926473,0.08080532
743,0.027585018,0.002254381,0.0066339844,0.0058555184,0.011046452,6.276815,0.019792337,6.2192154,0.011179614,0.005265464,0.03571847,0.018124094,0.01713359
744,0.04918503,0.01657548,0.016543074,1.0748432,0.028552132,0.009333044,0.03199098,1.8506279,0.008828952,0.81368375,0.008468503,1.2101481,1.6658316
745,0.0594376,0.009116741,0.023961725,0.020379016,0.024426159,6.905196,0.042224005,3.909929,0.022616735,1.1341181,0.08122662,0.02392514,0.022227166
746,0.026080001,0.007800048,0.048474822,0.010402147,0.014966952,3.7061489,0.024457768,1.5181577,0.010659861,0.4089619,0.039869107,0.05390884,0.08114248
747,0.05458217,0.04081237,0.014887789,0.01731879,0.045732856,0.08705962,0.040586602,6.8075676,0.027722621,1.1749628,0.02309005,0.08507088,0.06877434
748,0.05595567,2.4684532,0.017663447,0.013442268,0.027353153,1.9922924,0.028992971,0.04544408,0.057239164,4.473431,0.05119084,0.030636983,0.036519352
749,0.09656543,0.016965952,0.020479366,0.023427539,0.045311674,1.7519197,0.09218078,3.2313347,0.044403005,5.55075,0.053794313,0.038008004,0.054781754
750,0.030162787,0.018183203,0.0076288236,0.008491601,0.022611294,0.014206809,0.025914757,4.891941,0.012334145,1.394374,0.012390437,0.46506187,0.12650496
751,0.022940664,0.11921268,0.016533475,0.0135052465,0.014629687,0.04104628,0.024196062,1.8793229,0.036535278,1.467057,1.0766354,0.08575952,0.5704165
752,0.03151307,0.0033109444,0.006414563,0.0073040044,0.015500545,5.352747,0.017808756,7.334775,0.010565971,0.004416954,0.032350354,0.01794107,0.016014628
753,0.04863354,0.010759841,0.03822066,0.0127222845,0.015119367,0.04692543,0.021948766,3.5703092,0.016007435,3.433106,0.021960478,0.029977929,0.037173934
754,0.03180907,0.01137417,0.02062716,0.01062888,0.017174968,3.3055375,0.022933459,1.0380807,0.017169558,4.4133816,0.048504822,0.019595016,0.022180388
755,0.020436075,0.0057589393,0.005120323,0.006731149,0.010390653,0.012709475,0.013391044,3.951156,0.007463232,0.00881505,0.008914742,0.10499576,0.07656047
756,0.048921067,0.019044202,0.022981329,0.023386868,0.017577292,2.5202668,0.042518903,0.03032043,0.021152955,4.016049,0.037493117,0.052668426,0.069194466
757,0.062027562,0.014133409,0.021141909,0.020349879,0.039489195,1.3644487,0.040331617,10.849046,0.052541476,2.2045925,0.08073149,0.030107504,0.030901086
758,0.024463445,0.008757721,0.016995117,0.0064461534,0.015060622,2.1951835,0.013036754,4.1919365,0.023607412,0.25805712,0.49669132,0.020576373,0.019668296
759,0.06154566,0.03557075,0.037755612,0.025083948,0.019244006,2.1462708,0.0284735,0.9536362,0.042405132,1.5297666,0.03657427,0.092250295,0.84774923
760,0.03854217,0.0071480633,0.012845612,0.019044714,0.015584649,7.110681,0.016925495,4.905524,0.015113316,0.012641241,0.028672352,0.037461936,0.035376515
761,0.03491863,0.013310324,0.013289772,0.013845319,0.01612737,0.63482535,0.02209071,3.03948,0.015204934,1.6730787,0.0341133,0.38455015,0.08459028
762,0.09814142,0.071760625,0.1434928,0.048662223,0.06283558,9.85107,0.08734735,2.0182152,0.055376884,3.089482,0.3269429,0.17614362,0.4673125
763,0.07820561,0.008160027,0.014241031,0.020262865,0.04356922,3.59956,0.04969317,20.305414,0.033665933,0.946496,0.0465009,0.022595482,0.021374008
764,0.04367581,0.0063310447,0.009552027,0.010169133,0.02551643,1.7986649,0.0369544,14.16085,0.010651338,0.009018025,0.013945766,0.19999883,0.06405114
765,0.024739977,0.016556647,0.017648397,0.012236073,0.011702109,0.8761247,0.016324326,2.1853516,0.08450032,3.8828726,0.43514535,0.018486278,0.029516842
766,0.025601692,0.03267256,0.015252698,0.012093485,0.013362327,0.69066554,0.03471965,1.6040107,0.054479405,0.028634978,0.06892616,0.19067061,0.12994277
767,0.030747833,0.011596923,0.01082861,0.007324534,0.0197836,2.5271847,0.03578671,2.4472735,0.081013225,0.6541132,0.086343296,0.05708892,0.61945844
768,0.116753414,0.015896408,0.021766242,0.018123636,0.034062337,4.3806753,0.13197854,7.0852785,0.12950401,1.7722278,0.0719013,0.038433287,0.043230582
769,0.034502447,0.014196718,0.019144766,0.0071158847,0.013289311,0.9046261,0.027736323,4.07705,0.01961933,2.3090568,0.040083952,0.029666888,0.038112216
770,0.043871902,0.011823636,0.03852054,0.016980996,0.017355513,2.433298,0.030293455,0.0504133,0.037295047,6.2268147,0.09277396,0.025246136,0.033121374
771,0.021564888,0.0064016385,0.0103406,0.0052033383,0.0067830957,2.3153503,0.008341138,0.02153235,0.025455136,1.4396851,1.8618556,0.012084414,0.015447432
772,0.1015581,0.018426206,0.22955148,0.03875666,0.023880048,0.0112415925,0.07880511,1.4248236,0.013757855,3.9755685,0.022185158,0.8834586,1.5203586
773,0.032213602,0.0067433855,0.062160842,0.011878738,0.018655596,6.062819,0.050861537,2.4213085,0.010610173,0.26092297,0.040265035,0.030370796,0.039308902
774,0.05093302,0.018441325,0.9621255,0.029609572,0.017389992,2.8824472,0.031447016,0.024449555,0.03857884,4.2577753,0.052449867,0.023184884,0.030795755
775,0.060313575,0.016534762,0.026773319,0.0145349335,0.022377389,2.3639233,0.030590622,3.473527,0.04472249,6.1141644,0.17038198,0.021827118,0.033112656
776,0.06267568,0.016644245,0.033069573,1.6069541,0.025090726,0.036519118,0.03775256,0.035485633,0.030060735,6.482783,0.049696255,0.02133539,0.03205027
777,0.018769708,0.008011772,0.008659385,0.005897654,0.007139846,0.055625964,0.0111593185,1.6883075,0.2502108,2.2510517,0.07028724,0.01859299,0.021948108
778,0.035653014,0.014460577,0.023571167,0.01555762,0.017995637,0.94745415,0.027798217,3.387725,0.054917287,6.059937,0.26628548,0.053305294,0.07101931
779,0.04109724,0.009668763,0.06121156,0.02003356,0.020937841,4.875528,0.022788377,3.0399776,0.01148925,0.89465606,0.047730755,0.052546207,0.064821765
780,0.034623448,0.014678112,0.020736706,0.011547609,0.022315731,1.9030613,0.023684992,0.3212959,0.058746375,2.2047558,0.043502137,0.04159971,0.09868073
781,0.056408614,0.05298982,0.012411457,0.014169092,0.0318624,0.014780694,0.060419284,2.2077873,0.021622337,2.9577098,0.592254,0.086406834,0.6204779
782,0.0230773,0.008652222,0.015289041,0.010229698,0.016098132,1.3587742,0.011235645,3.6507728,0.07847023,0.7572976,0.050056603,0.014601613,0.016718972
783,0.07259217,0.015276958,0.032676984,0.018547999,0.030584015,0.13534681,0.04875628,0.10057525,0.063488044,7.040562,0.24466537,0.05964156,0.15262087
784,0.05638593,1.1945958,0.017369859,0.012440453,0.17054391,2.724541,0.8013752,0.12700446,0.015959455,1.710709,0.030809239,0.18711366,0.037896205
785,0.014530925,0.031021252,0.016587818,0.007927496,0.009033949,0.004528475,0.016517494,1.8692541,0.008161242,0.07182348,0.0079474095,0.12398515,0.6651008
786,0.028215624,0.01679126,0.07826878,0.014104334,0.014950921,0.9952191,0.017550917,2.7436457,0.04621584,0.23561485,0.017695561,0.19766104,0.31894258
787,0.1767344,0.019599015,0.043164615,0.036304224,0.16139844,7.1305575,0.12983713,0.060016014,0.058087643,4.259467,0.23818481,0.113502085,0.1657767
788,0.031744175,0.006902603,0.021435143,0.006180239,0.010380376,2.8491137,0.013039561,3.057657,0.034570992,2.3048472,0.10750454,0.017324189,0.018431004
789,0.022361666,0.14525044,0.0480334,0.009115827,0.03447041,1.2745486,0.013612575,0.21471596,0.011739227,2.316793,0.0257957,0.075438805,0.36812368
790,0.045994908,0.010023176,0.011779516,0.012493178,0.022975205,0.8431398,0.029043602,9.706272,0.034023948,1.7562592,0.089894734,0.019456932,0.021990115
791,0.13971695,0.013972768,1.1570379,0.07254987,0.03913794,0.027369246,0.07036417,2.1627562,0.026933316,7.6947727,0.03299374,0.0661578,0.07663588
792,0.046658322,0.16840005,0.016219934,0.37446973,0.055221774,0.008824303,0.14633833,0.47992077,0.011395697,2.2124655,0.015940407,0.07501578,0.7573449
793,0.022301076,0.0036758597,0.013941382,0.014956687,0.018766105,6.301613,0.031524822,0.046317525,0.0064409203,0.0077412757,0.029104423,0.06534508,0.027516598
794,0.01477991,0.007248754,0.01384748,0.0043925475,0.005159046,0.026798267,0.006696957,3.5653281,0.02248937,0.037346672,0.1737133,0.014899466,0.02006816
795,0.026834048,0.009714885,0.01714193,0.009875167,0.015608284,1.7062157,0.018737264,0.043400507,0.9112455,3.40659,0.6090871,0.014063692,0.024265876
796,0.034645356,0.01206866,0.01915333,0.010053861,0.01866951,2.787583,0.021515764,0.026748689,0.08020462,4.4950814,0.2560898,0.012447375,0.01690921
797,0.03923639,0.062010214,0.017562054,0.03629787,0.0651408,3.6930158,0.042401284,0.9319595,0.021222904,0.56633145,0.0617343,0.050326753,0.22407156
798,0.019537942,0.0044641667,0.008672827,0.00478781,0.009895681,2.474416,0.008608897,4.625416,0.02449797,0.0070953304,0.1523242,0.013524043,0.013595896
799,0.040290337,0.05400337,0.04012935,0.013701922,0.040217806,0.8508277,0.04562525,0.04705407,0.024177978,3.9970868,0.08731371,0.11599123,0.08857379
800,0.035247322,0.013473422,0.013495487,0.009874274,0.019354196,3.9099278,0.022440018,1.8686434,0.062816024,2.3744333,1.2889663,0.03855086,0.079846635
801,0.051708914,0.014507581,0.020553716,0.009820487,0.028981222,0.10740157,0.029695898,2.6901045,0.051748894,6.910469,0.116106756,0.01881619,0.023753226
802,0.027078541,0.0039022625,0.016889805,0.0072737783,0.011488814,2.797128,0.017474761,3.3245554,0.012621394,0.51791155,0.039456643,0.017536076,0.01649405
803,0.043839134,0.021645503,0.01704682,0.011181126,0.021791855,0.049123798,0.02878718,5.523443,0.037185047,2.0971093,0.028505929,0.03608175,0.05838993
804,0.02462562,0.0070572873,1.4305584,0.014261148,0.022316564,2.7106152,0.029200323,1.1417289,0.00811241,0.009618016,0.027979136,0.5046349,0.37054327
805,0.06680331,0.017155824,0.026168445,0.016618397,0.048273288,0.037333544,0.046004742,0.06204303,0.07585594,9.567143,0.08461692,0.06431049,0.06420634
806,0.072313346,0.014514209,0.5681309,0.030003743,0.061515115,0.04556747,0.058637552,0.1096951,0.019446597,5.0898333,0.029164044,0.15280612,0.13282892
807,0.042369734,0.1894698,0.038434755,0.022103442,0.06646874,7.067656,0.065063626,2.3168216,0.022691134,0.08058266,1.753736,0.10420491,0.24421163
808,0.031344086,0.010207833,1.9747347,0.0099328915,0.013788293,3.4129577,0.019378688,0.024535932,0.016643403,2.2096252,0.030550387,0.04722872,0.07313526
809,0.052341413,0.010781105,0.07069135,0.020937853,0.029652847,9.954827,0.041273378,0.11582963,0.034176715,1.9715309,0.29806727,0.031979404,0.027089624
810,0.021438034,0.009215474,0.010825747,0.004332684,0.006976014,0.037793834,0.015948938,2.057669,0.023634056,1.504262,2.400009,0.015103322,0.019840555
811,0.05324883,0.066179365,0.012559961,0.01899643,0.059929356,0.019496573,0.039198834,3.4545844,0.016127322,0.76630056,0.011628237,0.1025827,0.12317564
812,0.09551676,0.07163234,0.04225765,0.03704116,0.064014584,1.9214464,0.036919426,4.7581673,0.023346435,2.7488809,0.037640937,0.08376324,0.086254045
813,0.027600782,0.022423483,1.0769551,0.017670587,0.011904427,0.0060164356,0.014494441,1.901482,0.009187326,1.0323745,0.012822957,1.0662631,1.3288269
814,0.028282704,0.02798402,2.4886107,0.009702854,0.017067976,0.080234155,0.025682436,0.12872495,0.018318567,3.5393593,0.46186763,0.05785856,0.23482725
815,0.035064757,0.010262791,0.013963116,0.010209602,0.022224642,2.1600533,0.047995817,0.17628613,0.01637266,2.4376895,0.031074937,1.458892,0.0519904
816,0.05767717,0.010799895,0.23787273,0.014613419,0.028095357,0.6843641,0.041710723,1.566928,0.01485217,2.6210406,0.07737369,0.501345,1.7332308
817,0.018265452,0.010720759,0.01350878,0.00728439,0.010269735,0.54832697,0.014534383,0.94093,0.013234746,2.0388095,1.1461102,0.018946733,0.03647112
818,0.016733041,0.018641159,0.010226908,0.004520836,0.008286261,2.3342488,0.010977428,4.8633265,0.019879438,1.1283591,0.04112208,0.01530049,0.025070522
819,0.01262382,0.0037307388,0.0109571535,0.0051177624,0.008543561,2.8634741,0.011776714,1.5098305,0.007163754,0.008265505,0.7013557,0.012615905,0.013486367
820,0.031900264,0.09882215,0.061935898,0.010074118,0.04328548,1.4521371,0.06710925,0.36001155,0.008765455,0.33373818,0.01158959,0.4360008,0.05822422
821,0.027240198,0.0070406646,0.023454761,0.012154348,0.023753062,2.097101,0.022385621,3.4962683,0.022190677,2.496352,0.060824674,0.0508814,0.039115183
822,0.033124756,0.012177217,0.011290755,0.010636271,0.0113137,3.2280507,0.014965359,4.0215435,0.02434928,0.010283115,0.051995058,0.016916685,0.017810201
823,0.025398483,0.71929103,2.9859738,0.009682032,0.01208285,0.024437185,0.018550022,4.3117933,0.4802717,1.9590791,0.055767864,0.013599039,0.021538304
824,0.03598513,0.027459266,0.018853426,0.015497924,0.016692825,2.6774793,0.021222921,2.0578032,0.028538063,1.9822093,0.03234909,0.40684944,0.042068634
825,0.011620258,0.007338583,0.11390439,0.0059107062,0.0052516307,3.3085358,0.007028531,0.87938976,0.023778504,0.13236472,1.5527797,0.009677106,0.012141531
826,0.029853253,0.008508851,0.017109104,0.0065654367,0.013580518,0.080700435,0.014930111,2.0480876,0.025416533,2.6340365,1.0296227,0.020587916,0.029267509
827,0.033774354,0.008155482,0.39657164,0.020280724,0.030313862,0.017920386,0.030904911,0.98830175,0.024266765,3.5873568,0.13954891,0.06080867,0.060942546
828,0.031181924,0.008313868,0.019588968,0.009263137,0.017800188,2.0903718,0.023848647,3.5769262,0.022205662,2.6506069,0.038178883,0.050228536,0.037031658
829,0.025420694,0.009300139,0.02544984,0.008287863,0.013884226,4.1509686,0.016253648,0.016105512,0.036121078,2.8176258,0.08432975,0.011536913,0.010594579
830,0.13993654,0.38839647,0.035248827,0.05167509,0.092856705,2.772756,0.077221796,3.0436547,0.4910247,7.3783164,0.17569332,0.05748702,0.09190849
831,0.09430422,0.040954635,0.034755122,0.025347454,0.039588574,0.023226947,0.060319368,2.516564,0.038296044,6.7593846,0.052816216,0.050903466,0.06769624
832,0.031183058,0.010686354,0.019427536,0.00826817,0.016219947,2.238143,0.016193047,5.748528,0.045818035,1.8986429,0.07770438,0.0136417765,0.01785944
833,0.03452943,0.2769317,0.042971727,0.014020984,0.019311791,8.473351,0.024614507,1.238372,0.040027596,1.9103739,1.2879097,0.02200698,0.034958974
834,0.019621532,0.008431736,0.010463238,0.010301272,0.011514229,0.42312825,0.01816055,0.5837089,0.0151296295,2.8383217,1.1966982,0.0450462,0.06088703
835,0.053702515,0.016236655,0.06862476,0.01678992,0.022136422,6.301805,0.027915224,3.3317935,0.034115274,2.7543983,0.32414204,0.020115124,0.028660627
836,0.041050665,0.17541134,0.012477886,0.019770667,0.030124016,0.009630459,0.03977826,0.7233792,0.007191356,1.2747309,0.014073776,0.2056817,1.2414879
837,0.014916627,0.0033539964,0.022611933,0.0041681537,0.006804164,4.1047344,0.009235858,0.020804813,0.0049469355,0.047123875,0.013647765,0.029735144,0.027052043
838,0.059900034,0.013760901,0.021420246,0.017597228,0.035691846,5.1159644,0.03780771,2.8836813,0.02866821,3.2336233,0.060697056,0.05227163,0.06616861
839,0.05035701,0.12930986,0.02605096,0.017061448,0.05504319,4.311696,0.04349702,0.0699859,0.060484294,3.52737,0.090489246,0.056061402,0.087232344
840,0.09548719,0.05005999,0.1215098,0.033871084,0.049351163,0.009913482,0.08269831,2.0372205,0.021225609,4.0111165,0.020005627,0.101257525,0.96331215
841,0.021192336,0.0060391864,0.01588793,0.008633703,0.009823454,4.9967413,0.013486588,0.1799536,0.021450732,0.032077454,0.068556644,0.045921095,0.55376405
842,0.022024034,0.009357452,0.008004027,0.0057561807,0.009204173,0.017930832,0.013698335,1.3801624,0.025816506,2.2590535,1.4115664,0.012518825,0.016029693
843,0.058833934,0.0082825925,0.03313426,0.01411029,0.03831118,0.16889721,0.04330219,2.7027428,0.018501932,5.7357364,0.024900824,0.06987711,0.048384123
844,0.030684799,0.013689555,0.015077059,0.01747107,0.025635578,3.6017594,0.03946304,0.09389454,0.01652484,0.593504,0.029911635,0.19109055,0.047260385
845,0.050159305,0.12972137,0.028546166,0.01336907,0.018195929,0.9839401,0.030891037,2.0152545,0.046840664,2.2975783,0.08321746,0.06913211,0.39798778
846,0.035102174,0.009335396,0.013202893,0.008748519,0.017492235,2.5857317,0.026376212,3.8494198,0.01899691,3.8868725,0.035783377,0.03943335,0.037201073
847,0.09912025,0.010141203,0.019313907,0.021707984,0.058044836,4.061254,0.048113775,22.403023,0.049676105,0.9123996,0.05818606,0.026133299,0.030785354
848,0.107831016,0.023082662,0.6478045,0.14582013,0.07425599,0.012841664,0.13012637,0.17128196,0.016798021,6.369784,0.027645413,0.13655397,0.12811182
849,0.021451361,0.002456306,0.014263279,0.009423905,0.011209433,9.473794,0.013904991,0.55196667,0.0065399376,0.006784551,0.023837203,0.4826807,0.030575743
850,0.042101152,1.1495562,0.015234777,0.008189376,0.7762126,1.1978964,0.06658013,3.3299882,0.015003688,0.2371877,0.021339253,0.11917801,0.03813949
851,0.045115344,0.008940192,0.058261544,0.010892016,0.02716314,0.05983771,0.058266036,2.3242376,0.016901508,4.8141613,0.024013612,1.5035878,0.24504226
852,0.05585522,0.012259793,0.028060535,0.024896929,0.040477518,0.97891665,0.07363084,0.052406922,0.024866888,5.3929186,0.04003939,0.41772595,0.14180604
853,0.030714141,0.020114746,0.038173527,0.01277304,0.024105534,4.8156867,0.023794621,3.0603642,0.028163306,0.38310832,0.7207152,0.024260579,0.031638872
854,0.016007774,0.002612824,0.007763916,0.006371255,0.007817833,4.3268604,0.010308044,1.1962708,0.008441176,0.0040985253,0.96610284,0.0074433964,0.008955292
855,0.026085824,0.024020517,0.013955429,0.010059635,0.02796375,0.61246485,0.02128055,4.3139,0.027834916,0.026336491,0.05391465,0.109286964,0.95164484
856,0.059245963,0.014178267,0.07828529,0.01724034,0.026512835,4.3411207,0.044665776,0.5871674,0.026440887,4.369582,0.8302346,0.03310458,0.0526153
857,0.03953201,0.009370403,0.010724578,0.015336559,0.01588164,3.215666,0.020645233,4.462393,0.027660768,1.8905877,0.7531302,0.025673522,0.038225114
858,0.02516319,0.0031065026,0.009317452,0.0099538565,0.010381637,5.5198283,0.022726692,0.26119053,0.008458016,0.005629504,0.05025578,0.03172105,0.026293404
859,0.022157203,0.005079651,0.010389836,0.0129256,0.011187429,0.4928905,0.01725791,5.1268516,0.010080303,0.0132085,0.010038127,0.15174563,0.05444987
860,0.03615895,0.015357731,0.018434463,0.010655101,0.015039575,3.3666222,0.021099895,1.3208913,0.026956784,1.9308329,0.054407615,0.32572964,0.9326306
861,0.027976518,0.005749781,0.012657627,0.011937917,0.018035306,2.1142583,0.0141256945,3.8365474,0.008687774,0.012235638,0.01905584,0.48575568,0.14232217
862,0.043418616,0.14748119,0.02238726,0.023705462,0.02985746,1.3406005,0.04232179,0.08996374,0.02905957,3.1795123,0.049674578,0.092108384,0.29930148
863,0.020954179,0.005193085,0.009067676,0.010153524,0.021618273,2.2475984,0.02517585,2.2609694,0.0067609623,0.011520266,0.015721202,1.0109466,0.18313785
864,0.065191165,0.027325017,0.08499703,0.24662755,0.034066785,1.5858974,0.032853566,5.94299,0.03033246,1.6488073,0.06925462,0.04414088,0.08485218
865,0.019993119,0.0250405,0.019476522,0.008118802,0.008410404,0.61776936,0.014127179,0.41906372,0.0274759,1.7072365,0.6102279,0.019027794,0.02329623
866,0.083379544,0.0526852,0.411727,0.045635317,0.03082062,5.1101975,0.04739948,1.9357779,0.12906227,1.896424,1.9645581,0.18328634,0.39474976
867,0.051789865,0.012004578,0.23943144,0.024846466,0.029743096,1.2700723,0.026433075,1.5166409,0.020225607,2.591827,0.038331844,0.1479365,0.11140632
868,0.050372887,0.023869889,0.015210254,0.015251068,0.057340212,0.04073313,0.054083277,1.4977539,0.116606176,6.6337066,0.055075552,0.30420396,0.4269373
869,0.052459966,0.017085006,0.018476754,0.017413469,0.03759889,1.4393027,0.053224828,0.04265044,0.08422817,7.0387354,0.15728045,0.03802845,0.053256214
870,0.010536167,0.0029752576,0.015941128,0.0036055914,0.004870765,3.329523,0.008413042,0.10727143,0.0074217087,0.5427487,1.4247464,0.0063903523,0.0069789574
871,0.057377573,0.1564592,0.02243106,0.06724697,0.4240596,0.011923792,0.3711825,2.5986323,0.009633381,2.0223508,0.010679189,0.63092405,0.6320139
872,0.099558234,0.12734078,0.028469935,0.033738643,0.07117664,0.011489872,0.114313595,0.4912366,0.017450714,7.16898,0.04077764,0.1225163,0.6713249
873,0.036482237,0.013237626,0.021825047,0.009601427,0.015987916,1.6285119,0.019572517,0.02256587,0.09407609,7.042448,0.07555971,0.015055131,0.027614526
874,0.16231957,0.039869044,0.07916851,0.021438666,0.14938873,0.19948955,0.14523283,1.0088104,0.0277047,5.1715546,0.11062793,0.7836381,1.8343024
875,0.15954824,0.011226781,0.07211687,0.12411212,0.057305884,3.5069604,0.13620353,4.870527,0.024959678,0.22603653,1.4640964,0.039660204,0.043913364
876,0.1981977,0.04540852,0.09885185,0.30876067,0.12128015,6.613146,0.13772064,0.045935776,0.045719884,5.855677,0.09543513,0.16905862,0.19589242
877,0.054019846,0.008613476,0.024279278,0.011107406,0.03142695,3.1107328,0.035801742,0.08435093,0.017927747,3.3074942,0.04005506,0.16936661,0.050101496
878,0.140992,0.015362863,1.2339187,0.297286,0.21363412,6.7755103,0.17172015,0.5841252,0.023340844,1.4912705,0.513376,0.05514715,0.038758576
879,0.070624925,0.024396587,0.02823907,0.030161351,0.027139293,4.036774,0.044287525,0.029143369,0.048474513,7.6239176,1.6198008,0.021869374,0.037393145
880,0.019992536,0.0062387497,0.015947567,0.005083005,0.010539394,2.2988806,0.01220168,2.3841093,0.021108028,2.2225907,0.0790715,0.031197809,0.026014592
881,0.07396329,0.016757084,0.046810966,0.089253984,0.02712301,4.1222534,0.051822778,0.034458224,0.021188,5.330148,0.04395919,0.18696313,0.081566796
882,0.029896045,0.04374846,0.016158655,0.008500077,0.019525193,2.0950882,0.03118647,2.9637723,0.027063644,1.3000772,0.035714667,0.02406535,0.028366594
883,0.021494707,0.012422903,0.010569729,0.01024223,0.013117164,0.16550204,0.018048482,3.1745157,0.03802609,1.2323657,0.39463374,0.057938986,0.04156952
884,0.049939595,0.004835681,0.010054268,0.01865753,0.026125757,6.6316133,0.028255248,3.9846523,0.008212664,0.0056363735,0.031083995,0.03808435,0.02142582
885,0.10611216,0.02986396,0.76269436,0.0393077,0.0672641,1.3598217,0.40127125,0.58680046,0.031010775,6.333678,0.07596496,0.3865193,0.2885368
886,0.04868204,0.012756261,0.022261636,0.010551626,0.031981893,2.460927,0.03443208,0.33252668,0.015894108,4.2485375,0.057289705,0.23860846,0.08118844
887,0.051737748,0.12250601,0.017282235,0.018406814,0.0978802,0.4154419,0.032243896,0.06669811,0.026852403,3.8402817,0.06485826,0.06276092,0.11502293
888,0.06993294,0.0789099,0.072808884,0.056626655,0.09332334,11.957001,0.044738475,1.9490612,0.024341717,0.72139657,0.35687467,0.070784606,0.21622182
889,0.060170267,0.01259777,0.025240568,0.025759814,0.02086159,0.14982457,0.034438655,4.1006045,0.026009392,2.3472602,0.022420624,0.061747618,0.09522696
890,0.051200517,0.027753985,0.041310586,0.014416488,0.025186568,5.5538497,0.026133511,0.038010623,0.02213957,1.9273127,0.09164753,0.03466437,0.04166238
891,0.023572316,0.002504445,0.004267815,0.0056267506,0.009701552,1.0230991,0.012931,10.471875,0.014494382,0.0033794537,0.02819037,0.012542417,0.013197263
892,0.03717614,0.011707264,0.019638576,0.014250565,0.019456573,1.9116524,0.028443752,1.7567089,0.012009385,0.9421352,0.026849385,1.6018775,0.7727551
893,0.03587319,0.018094212,0.0324816,0.010073545,0.022106651,3.4114995,0.034307446,2.147632,0.04377141,3.1812193,0.57723975,0.03057073,0.03665777
894,0.025849242,0.019999838,0.014651223,0.010581799,0.01457524,0.009027257,0.016712667,2.8525386,0.022554785,4.2279844,0.022756029,0.06689572,0.31082284
895,0.07360871,0.07364109,2.7000594,2.0884118,0.037595477,1.7056321,0.07812664,0.9435197,0.02134644,2.0805624,0.03404537,0.65500945,0.9684672
896,0.0322383,0.0047296863,0.046763334,0.009054821,0.019377854,8.3308,0.019962579,8.855925,0.032771237,0.62705547,0.124368094,0.012873619,0.014417285
897,0.017643502,0.00441059,0.0077855713,0.0055169794,0.00674888,0.3844836,0.013017446,3.133406,0.010668391,0.053936765,0.008402305,0.351674,0.06975695
898,0.017222542,0.0032706757,0.035952803,0.005653196,0.0107262535,4.0238333,0.017212916,0.27755573,0.009111873,0.0086535765,0.025128916,0.12180083,0.04293116
899,0.032827098,0.0048451433,0.017316887,0.010021092,0.014396685,6.832349,0.016078858,2.9576783,0.011651583,0.0060661817,0.03405137,0.020212343,0.021827253
900,0.06541064,0.18003997,0.061526433,0.022877308,0.021466756,0.03959182,0.030095385,7.6649256,0.03168215,1.3758465,0.035290543,0.033712864,0.043688267
901,0.027307404,0.011002977,0.007576969,0.0079414565,0.010907203,0.0069869007,0.015314208,0.81716573,0.0043032295,0.07189214,0.004944485,0.37819234,0.6184425
902,0.043415837,0.021348,0.022739515,0.009705667,0.024412747,0.7389246,0.037089888,0.3434628,0.060338218,3.9294164,0.5921566,0.028185029,0.030227292
903,0.04173311,0.016672568,0.020831566,0.01329992,0.019787645,0.018502645,0.029461535,0.70581186,0.035581816,6.152743,0.13873284,0.029518267,0.04483388
904,0.009002478,0.0035155462,0.01140012,0.003542829,0.0066823517,0.09168777,0.011825804,3.0136003,0.05165594,0.4351922,0.023264248,0.0126662785,0.013345091
905,0.10301303,0.033191778,0.031095779,0.027849281,0.16532876,1.4235405,0.20976025,4.1230025,0.036207214,4.015162,0.04101104,0.04399539,0.05156402
906,0.04283063,0.087090306,0.03019086,0.019471817,0.042207133,1.2692343,0.03506864,5.246422,0.019074468,3.4364085,0.028742505,0.10932499,0.14954938
907,0.043060552,0.1196087,0.011664481,0.019663328,0.024331857,0.020772869,0.03613004,4.0173287,0.044438433,3.7478814,0.03253446,0.054270446,0.06129509
908,0.02087449,0.006148488,0.005540707,0.0062076855,0.017262623,0.2602011,0.024027038,7.793791,0.021535838,0.0072719203,0.19557957,0.014063142,0.017076582
909,0.049188916,0.87645125,1.1203905,0.026146725,0.020896884,0.8270883,0.032192722,4.938865,0.0103370305,0.02119494,0.011529441,1.0469836,0.115623154
910,0.03639759,0.008125144,0.029541843,0.010570681,0.013839429,1.9810435,0.017719252,0.6401856,0.018820412,2.3403165,0.055583917,0.045373,0.034696292
911,0.06604736,0.03362379,0.020447772,0.016241714,0.027881995,2.5067117,0.031047896,0.05864529,0.049792603,4.374902,0.2213141,0.069239974,0.05040778
912,0.01624288,0.008972296,0.04278321,0.008892724,0.007645899,2.2311797,0.00992727,0.5255595,0.013607406,1.1224531,0.04255496,0.057537623,0.50466406
913,0.02261648,0.0051297965,0.0066289203,0.005885866,0.011058193,2.4184597,0.012360387,7.371831,0.011348563,0.0045762197,0.045148402,0.014576583,0.013240994
914,0.033926923,0.015892986,0.059092447,0.023158005,0.022013066,5.117742,0.03274032,0.039792508,0.02049598,1.8308825,1.6397747,0.030168723,0.048872385
915,0.034505047,0.008748704,0.014955235,0.008473458,0.009866707,1.1444945,0.012773398,0.3248573,0.03514012,2.9510252,0.69082886,0.014920729,0.013772924
916,0.05705391,0.031103097,0.0223609,0.015488035,0.059315342,3.1390777,0.19316924,1.9810189,0.020007629,2.3801105,0.035323054,0.18903854,0.12710866
917,0.15343355,0.41727647,0.07142926,0.066984594,0.1252459,0.03045594,0.1454197,0.16857521,0.08852341,10.0542345,0.16771759,0.15173477,0.25971508
918,0.14572744,0.22485147,0.036681604,0.052979108,0.08665953,0.037107114,0.07121083,0.78356314,0.05256307,5.1041923,0.13616817,0.16372788,0.3062318
919,0.16792312,0.22993249,0.03195385,0.06520283,0.055108026,0.69948447,0.0868487,3.1392238,0.04385669,5.145858,0.059098262,0.38128135,0.25527224
920,0.0636106,0.24757016,0.03387692,0.02151194,0.22113672,2.1649532,0.07213112,2.1939697,0.60253125,2.9300957,1.2933651,0.1234461,0.2688015
921,0.10401909,0.031494517,0.043801393,0.03774143,0.068227254,2.7067637,0.07138029,0.07154843,0.055805773,9.000196,0.09457806,0.051269162,0.07447971
922,0.033085622,0.007246819,0.038667932,0.006806649,0.0117370915,0.047944292,0.021562565,3.3481128,0.01927246,2.5472014,0.026461791,0.060084067,0.051445372
923,0.088333294,0.016250245,0.09317471,0.019842917,0.06431978,1.1075023,0.066205226,1.4128714,0.027905919,5.707506,0.046455894,0.47764602,0.09528256
924,0.061886657,0.016648013,0.022743504,0.012899699,0.03159255,5.217205,0.042192508,7.7350264,0.07077088,4.5374517,0.8943537,0.022902746,0.03470886
925,0.018967014,0.0021046107,0.0076583773,0.005806625,0.009812987,5.4669166,0.011490625,3.0585244,0.005521285,0.0049373815,0.023550749,0.018564591,0.018025529
926,0.050400324,0.4553405,0.04248761,0.013804075,0.025511285,1.2422991,0.043994013,4.0830374,0.035811897,4.0330577,0.04063124,0.07898977,0.11043546
927,0.018861521,0.14262101,0.014442707,0.0060476707,0.014622789,0.029146008,0.020762227,1.7544899,0.01128283,0.870853,0.13307104,0.024630943,0.026680887
928,0.025842538,0.011865758,0.014975668,0.0065172277,0.014371331,1.3398837,0.022104263,1.1510744,0.015399284,1.9308774,0.03224752,0.04416305,0.032933068
929,0.058864374,0.014046758,0.032612097,0.013465118,0.020020364,6.5630546,0.025479656,2.7848492,0.042000998,4.6718063,0.28541595,0.01980086,0.029925197
930,0.058924668,0.023869174,0.030701894,0.01597005,0.0195596,2.5848908,0.022527572,4.1157722,0.03787394,2.973857,0.05299934,0.053848356,0.05105117
931,0.055726994,0.010149314,0.009402104,0.0073961136,0.03128913,2.5837255,0.029327689,5.4849324,0.01130447,0.012571654,0.017206052,0.081689954,0.048997857
932,0.060390484,0.013263617,0.019143358,0.011300132,0.019338772,0.22725555,0.03557502,2.8269563,0.04156815,3.6510358,0.21689841,0.03863059,0.04188854
933,0.036297895,0.0066153435,0.031703956,0.024799164,0.02157675,3.6831675,0.031576727,1.0823754,0.007780428,0.0144054,0.028323855,1.3331362,0.22657229
934,0.03491941,0.002999657,0.009915074,0.005767291,0.015900351,6.5104036,0.026155049,2.059727,0.008041079,0.0045875763,0.025991574,0.016825063,0.017663376
935,0.033953663,0.014110323,0.01785266,0.008493579,0.0118992375,2.1079266,0.031320512,2.075466,0.014514203,2.1153545,0.041300766,0.043320313,0.06470127
936,0.06831679,0.055241656,0.0146018565,0.02649162,0.07355803,0.54658455,0.036262322,4.109359,0.013881496,0.12947412,0.015532191,0.35527378,0.77767104
937,0.03188103,0.20974647,0.21953078,0.1443985,0.018392483,1.4526981,0.017488739,0.25211945,0.0064422404,0.28076753,0.016780816,0.3546766,0.05474771
938,0.06119479,0.18535528,0.015890786,0.017241195,0.03297806,4.875822,0.042380463,0.99941474,2.5304496,0.02471485,0.034630436,0.6844869,0.75437045
939,0.13094991,0.08611812,0.052917294,0.044940278,0.042713612,9.662591,0.101930015,0.030644482,2.294293,2.2059925,2.1617873,0.021099944,0.028121088
940,0.028757496,0.16641739,0.05248492,0.025880951,0.02339083,1.2397927,0.03155532,4.7830305,0.017474273,0.12036809,0.024881773,0.8028756,0.41980115
941,0.07385415,0.18735255,0.014706303,0.014620024,0.035871897,2.549541,0.07891426,11.0074215,0.02656904,0.016789295,0.026007319,0.24529883,0.09311343
942,0.047686566,0.020598892,0.022438467,0.025590518,0.022681823,6.489532,0.03077844,0.01755422,0.027889736,2.3184006,0.06580038,0.016450262,0.02243514
943,0.074005544,0.011035455,0.60041624,0.024885966,0.029566627,0.019036531,0.061547365,1.4645509,0.017061943,5.9569054,0.02566385,0.058362573,0.07853061
944,0.021694623,0.09629974,0.006325124,0.012162878,0.009572048,0.015066495,0.012492925,7.2766204,0.013096733,0.022028988,0.009574925,0.026304087,0.03207995
945,0.024522098,0.0066128806,0.013763546,0.0059291045,0.014628393,0.12287467,0.018832974,3.0366077,0.008608667,0.9923556,0.011563355,1.1902146,0.29686883
946,0.030641664,0.004303769,0.36409363,1.8680295,0.013170322,0.9084458,0.02084542,1.8861436,0.013143422,0.92534477,0.03011844,0.027850626,0.04561715
947,0.024528036,0.0049719703,0.02753511,0.011310891,0.013025108,1.8164089,0.015356513,3.9278877,0.01289453,0.33583167,0.028868595,0.02049971,0.019021187
948,0.036210656,0.010999036,0.021918718,0.009815089,0.017293977,0.9766509,0.026919171,0.024114896,0.12530953,6.515449,0.26654145,0.010823259,0.015539937
949,0.025284579,0.013417089,2.0540307,0.04898506,0.010996285,3.3771794,0.01809597,0.061693214,0.011426868,1.2994608,0.033034753,0.029478615,0.030430807
950,0.022899013,0.010143463,1.4718131,0.006979395,0.009597231,2.3897853,0.011982151,0.016559176,0.03773327,3.4815145,0.1172297,0.0072820527,0.010366879
951,0.019149266,0.046253666,0.046638403,0.060880724,0.009466793,0.01842279,0.013340695,0.422594,0.024720049,0.67203027,0.014086154,0.040533982,0.7829291
952,0.028465189,0.016121168,0.02221898,0.012449756,0.015417598,0.014974008,0.014950119,3.686598,0.01365505,3.021941,0.016376426,0.29694867,0.16214716
953,0.031059429,0.006599252,0.013433297,0.0126272375,0.016140465,2.6915329,0.017801566,4.9735985,0.0113157295,1.3218559,0.02108921,0.20181175,0.07491672
954,0.054495692,0.00898933,0.030367626,0.05490786,0.023971425,4.0858493,0.034181572,0.0767671,0.014874437,1.6742077,0.035630386,0.051088434,0.18065149
955,0.038666185,0.0074914154,0.007438944,0.02089613,0.016627368,0.05008754,0.024866948,6.8285193,0.008070662,0.014929765,0.010367455,0.89791757,0.2843173
956,0.04687098,0.021318138,0.011984075,0.007991632,0.01893784,0.026252165,0.025264263,2.4305212,0.06907398,3.8546371,0.958589,0.028614888,0.030290306
957,0.044908796,0.027114004,0.045353446,0.015989976,0.019998338,0.75955206,0.04338223,2.5504544,0.02038662,3.4498236,0.370937,0.072927415,0.29164785
958,0.025204554,0.2695816,0.01517831,0.006142103,0.013356085,0.016785245,0.020134665,0.084139355,0.045698583,3.3992887,0.040251903,0.032559592,0.03803154
959,0.02035649,0.0048960634,0.009242937,0.6887266,0.010827425,1.575263,0.016550895,3.03059,0.0055126515,0.0086056525,0.013797103,0.97354287,0.041147377
960,0.029511813,0.035586078,0.0110199675,0.013279007,0.019840198,0.022468932,0.014418514,2.7315118,0.016912919,0.51297796,0.05665442,0.024814308,0.027349727
