,meanscell_abundance_w_sf_endothelial cell,meanscell_abundance_w_sf_astrocyte,meanscell_abundance_w_sf_oligodendrocyte,meanscell_abundance_w_sf_microglial cell,meanscell_abundance_w_sf_vascular associated smooth muscle cell,meanscell_abundance_w_sf_inhibitory interneuron,meanscell_abundance_w_sf_pericyte,meanscell_abundance_w_sf_glutamatergic neuron,meanscell_abundance_w_sf_radial glial cell,meanscell_abundance_w_sf_oligodendrocyte precursor cell,meanscell_abundance_w_sf_neural progenitor cell,meanscell_abundance_w_sf_medial ganglionic eminence derived interneuron,meanscell_abundance_w_sf_caudal ganglionic eminence derived interneuron
0,0.0022240349,0.003182344,0.0031848112,0.54973716,0.012828345,0.01638358,0.16152504,0.74259233,0.24865514,0.4044085,0.073025964,0.16441701,0.2506913
1,0.0031003878,0.22547594,0.007345461,0.2992939,0.6330431,0.36411458,0.0056010676,0.010045045,0.18415894,0.005537327,0.32517773,0.12916362,0.39848593
2,0.013908852,0.0038783576,0.018679883,0.69129956,0.49680305,0.46260118,0.18828821,0.5706239,0.16160877,0.15896863,0.16015765,0.014271505,0.11890579
3,0.0015470828,0.19406106,0.028295424,0.6627149,0.28421617,0.1989751,0.8224646,0.030920293,0.14033428,0.40425694,0.276564,0.045435786,0.015181384
4,0.0014372189,0.11656552,0.002347845,0.645253,0.00747131,0.09761961,0.007487982,0.17457415,0.33262986,0.124495566,1.0004228,0.02379478,0.39462912
5,0.0016513079,0.0022278419,0.030017285,0.17809571,0.49920708,0.5028647,0.19069332,0.020709932,0.19282274,0.63647026,0.30693808,0.47936463,0.01548146
6,0.0023398674,0.0042426186,0.05365132,0.22432034,0.66017485,0.5202308,0.011403693,0.4425711,0.05935222,0.2491697,0.535222,0.31405193,0.514365
7,0.0026500283,0.0145867085,0.2967229,0.004250678,0.6258645,0.074266024,0.58124816,0.1987713,0.44000235,0.280773,0.1471511,0.22449918,0.01869289
8,0.0022711202,0.052667566,0.0064839656,0.17931761,0.010943638,0.46582958,0.33178204,0.30827847,0.25905603,0.16660649,0.3365182,0.08228525,0.705551
9,0.022392422,0.005463342,0.0031073692,0.0017753554,0.66614157,0.5659911,0.40256834,0.18100128,0.14123848,0.5539093,0.3089676,0.01742591,0.054267157
10,0.0028938532,0.048990168,0.006592855,0.23293258,0.48981273,0.6147476,0.00715824,0.028058644,0.26635116,0.5918219,0.038295526,0.02161936,0.15896444
11,0.002627125,0.005311642,0.013116126,0.03747816,0.002694446,0.029123431,0.14821102,0.18549404,0.84158623,0.083149955,0.20475714,0.036713846,0.85732305
12,0.0017764012,0.023115557,0.020079011,0.0013751443,0.42090863,0.3115871,0.35183918,0.07907242,0.46507895,0.2597367,0.57446,0.15189008,0.21466878
13,0.011789456,0.006957204,0.0047070417,0.5430092,0.22523972,0.09561806,0.08748713,0.5623791,0.09374759,0.10003287,0.23807883,0.45545533,0.69551075
14,0.0049515693,0.037249815,0.02754197,0.00036237872,0.005678065,0.45862886,0.5501186,0.3199244,0.016914641,0.15199709,0.14304453,0.20327954,0.44766778
15,0.0032454408,0.010166639,0.0045194873,0.4499119,0.0077582826,0.2127236,0.5027306,0.12559098,0.29594886,0.29745403,0.5490115,0.014479324,0.3551932
16,0.008862291,0.054366153,0.01631764,0.0015038846,0.1869782,0.4501436,0.011154566,0.19582121,0.02606446,0.8382162,0.22498626,0.31635445,0.0138296075
17,0.014208703,0.002959643,0.0022324314,0.38784036,0.25242826,0.64955753,0.0026957155,0.13172291,0.026348086,0.2069485,0.6020166,0.35428467,0.40255386
18,0.011455686,0.013229067,0.021516291,0.33779156,0.27388278,0.10654718,0.2672531,0.50422853,0.059846967,0.030804705,0.77597797,0.089019,0.008831028
19,0.010092105,0.007199683,0.0038279062,0.1489008,0.9704602,0.046659667,0.31381387,0.1477161,0.13816306,0.55173796,0.120751895,0.2630696,0.35237104
20,0.18289551,0.0025063462,0.0049892454,0.36083338,0.11473777,0.019704612,0.42215228,0.38887984,0.030176511,0.2857535,0.17759848,0.026896814,0.39819965
21,0.0011787368,0.005988495,0.18816379,0.119553365,0.20672922,0.62323093,0.25926542,0.031175457,0.011933167,0.2513985,0.7054316,0.21934126,0.35082105
22,0.0037927004,0.02411569,0.05579534,0.020966826,0.015629401,0.26543382,0.35851935,0.3932886,0.15595558,0.62440497,0.043129347,0.19675958,0.36180717
23,0.0033128979,0.04944198,0.0029465237,0.64670664,0.30867574,0.13407826,0.3939601,0.33155835,0.15544692,0.33332855,0.034088936,0.45976126,0.28550357
24,0.02803813,0.13343747,0.024693433,0.12295522,0.13447052,0.22846738,0.11293119,0.120460294,0.3983663,0.29605085,0.08247988,0.36649215,0.9656237
25,0.0006441037,0.2353038,0.020882253,0.00066552893,0.12944618,0.271147,0.19706288,0.16297981,0.84115714,0.022881394,0.39792958,0.49118647,0.28636307
26,0.02800786,0.15885025,0.009960712,0.7692578,0.41417247,0.14317392,0.2059133,0.34754306,0.02342702,0.11886441,0.4607293,0.023181096,0.39668417
27,0.0020782265,0.012679511,0.0012594074,0.2129046,0.0069865366,0.110788375,0.61196584,0.7594333,0.2629121,0.37963814,0.19743277,0.20708023,0.013615067
28,0.0025807028,0.05651964,0.0459481,0.29195225,0.3559708,0.025582517,0.29015386,0.021424074,0.5319014,0.6717885,0.369522,0.03517064,0.32494697
29,0.027337624,0.0139089255,0.038320336,0.0027689007,0.17241752,0.12011184,0.45851952,0.32270858,0.5438201,0.006657075,0.09936274,0.4445644,0.3974995
30,0.000633776,0.020959148,0.0013581277,0.0019663572,0.13805558,0.8809743,0.03043247,0.13006938,0.37571245,0.1739714,0.71761185,0.008910763,0.003986227
31,0.007121202,0.10712207,0.001910738,0.3982455,0.4048758,0.096374206,0.01056775,0.017222643,0.31034505,0.78438807,0.1894803,0.57053375,0.07596638
32,0.005088519,0.003015375,0.019536747,0.00078659534,0.10021647,0.084591575,0.4470942,0.17497481,0.3969118,0.28484818,0.32137975,0.11304558,0.8324529
33,0.0016119734,0.02519754,0.0025256865,0.08378663,0.29715022,0.033339724,0.003081127,0.081690826,0.06323962,0.6573266,0.44611555,0.78464115,0.011451539
34,0.025726957,0.1994677,0.0013586046,0.2781397,0.0025084196,0.1355784,0.27262,0.35136285,0.12605153,0.80388653,0.15777974,0.0031477201,0.002957604
35,0.0015900261,0.007090801,0.07183432,0.1834255,0.026210925,0.21016523,0.7556842,0.12107653,0.37157422,0.21664363,0.19601725,0.10977153,0.5639859
36,0.004765274,0.004029393,0.0044556055,0.23047447,0.56660295,0.23071499,0.5191605,0.33276942,0.0192351,0.5772232,0.5504522,0.008514069,0.0062559196
37,0.0017550889,0.005296349,0.0051677544,0.49084783,0.53540605,0.01222218,0.19986175,0.70983964,0.025918853,0.15014021,0.16937104,0.36654124,0.00935788
38,0.005247767,0.08614633,0.01096803,0.808627,0.12474511,0.23423958,0.006818142,0.10082891,0.21698622,0.08280795,0.46078235,0.31765515,0.7322362
39,0.001977213,0.013622247,0.009939201,0.00050354796,0.20807047,0.007074754,0.20041254,0.052955173,0.88970137,0.6007885,0.01804874,0.4786177,0.005349342
40,0.0074996343,0.020815203,0.005317183,0.25705144,0.34967068,0.110905886,0.0097619975,0.39971387,0.60750306,0.2559964,0.26872176,0.22253425,0.66363865
41,0.0015030681,0.06581512,0.0122942515,0.67253786,0.0060471375,0.017023517,0.44700506,0.4693218,0.32530615,0.11216779,0.4956749,0.024129577,0.055313602
42,0.00625036,0.0064390353,0.0043775216,0.52101463,0.5008603,0.49865896,0.33185562,0.15610774,0.12167985,0.21689448,0.073543906,0.40050265,0.29672924
43,0.003440545,0.051449243,0.20184138,0.429994,0.018869909,0.017592128,0.0155552635,0.019767713,0.47992158,0.23850071,0.25593895,0.35904038,0.58795935
44,0.0014009676,0.06768876,0.0019553083,0.36215955,0.37421632,0.04505455,0.3110642,0.18205568,0.5407186,0.0071275258,0.20529181,0.24227266,0.5844894
45,0.0010254052,0.0108802505,0.0028567447,0.0795944,0.21858598,0.07358073,0.24330515,0.2599032,0.011790856,0.4508066,0.39143372,0.4247461,0.60616076
46,0.0022927949,0.0047996016,0.001645819,0.45612243,0.24803351,0.29360417,0.17156908,0.43075868,0.037797235,0.5708871,0.43109897,0.18921882,0.31269178
47,0.069574,0.04709299,0.21962942,0.06120381,0.11854402,0.14397939,0.4724025,0.028667197,0.014056014,0.10954696,0.18222357,1.0417678,0.2955098
48,0.013983478,0.013409838,0.008927605,0.2620171,0.10953528,0.20703281,0.28100726,0.36173308,0.12643395,0.69240713,0.34394106,0.19440411,0.20383213
49,0.0017731006,0.011815023,0.0031741594,0.14970316,0.39867115,0.33580762,0.24026409,0.01403758,0.29024804,0.0065520937,0.5526424,0.60234547,0.14582148
50,0.0027658308,0.00253731,0.07539552,0.5931192,0.38138074,0.26891527,0.00683057,0.30365106,0.35866836,0.21032035,0.066421166,0.4581582,0.102757156
51,0.0013460548,0.010630222,0.0052992026,0.0013289431,0.16087972,0.61052656,0.004899002,0.036949687,0.3428045,0.26815185,0.36635083,0.27459347,0.39052787
52,0.0027129487,0.02049447,0.0035299074,0.27124736,0.007779951,0.68957835,0.2640232,0.4885121,0.18593597,0.23608293,0.49173746,0.49169815,0.16864836
53,0.001244535,0.0027608848,0.006074223,0.0155862365,0.27339542,0.7403947,0.5233665,0.010458605,0.23221974,0.0058971904,0.033844028,0.30203146,0.19978309
54,0.0014779479,0.032639537,0.014642456,0.12977497,0.036412653,0.08937181,0.23201616,0.29969475,0.18018611,0.24959001,0.8643418,0.31239554,0.50843203
55,0.009569039,0.0143188005,0.0010527583,0.4325915,0.0034532684,0.009823772,0.6385302,0.41880834,0.14628229,0.26589918,0.36313793,0.3821382,0.015878776
56,0.06720652,0.038064856,0.0020308462,0.29600853,0.008266885,0.29916304,0.4966646,0.18329102,0.15856376,0.8868504,0.38652828,0.36367494,0.16939422
57,0.010428521,0.002484497,0.016256625,0.23663007,0.3986756,0.049637485,0.11746833,0.587049,0.25054234,0.06825824,0.19958971,0.08123786,0.7347313
58,0.0017230466,0.27035102,0.0019272511,0.39153937,0.0050784918,0.018172223,0.77371615,0.15126991,0.20975155,0.35843807,0.14561923,0.38849303,0.33921516
59,0.001696179,0.0044515533,0.0035968355,0.45514044,0.004244746,0.023103988,0.21921515,0.35414702,0.52001595,0.23569363,0.025469057,0.42258674,0.18388417
60,0.008901818,0.0646261,0.0031856648,0.38355255,0.37576982,0.38452864,0.21366906,0.0900717,0.67554206,0.47682247,0.53701615,0.16360244,0.2478897
61,0.018081946,0.031169187,0.02790134,0.66806674,0.3240124,0.35784113,0.45220765,0.41213405,0.25292808,0.29052374,0.14597146,0.14255321,0.047279168
62,0.0018766664,0.019416565,0.0032460692,0.23056173,0.7270432,0.602728,0.26175708,0.1729126,0.288111,0.0070254216,0.30805126,0.014880624,0.3912431
63,0.00096814,0.0038951929,0.0032259694,0.13545537,0.001950846,0.40155834,0.0011868642,0.3175728,0.39003932,0.3889359,0.21199954,0.3786308,0.65316635
64,0.002389698,0.06196379,0.036128,0.42235538,0.4111834,0.060246427,0.337269,0.60590374,0.015162097,0.3172701,0.025194125,0.15399317,0.38622588
65,0.00044500647,0.0027202724,0.0023881432,0.010994541,0.48005453,0.15746418,0.002440198,0.3432786,0.49638128,0.49297357,0.5181543,0.0050096656,0.0053983787
66,0.030214187,0.106874056,0.0021727458,0.0005345069,0.1063047,0.17776789,0.7835265,0.20525321,0.41132215,0.017680993,0.009830743,0.42166877,0.34875196
67,0.0018594923,0.13316438,0.008769091,0.4714912,0.8687931,0.25334698,0.008603625,0.5141593,0.15361935,0.1922493,0.067614295,0.4029875,0.14196223
68,0.00074539735,0.04744796,0.0011690172,0.0010333586,0.12846772,0.013566382,0.0051903273,0.3426754,0.0146926055,0.011491425,0.75003755,0.82144636,0.28810373
69,0.03741528,0.012171043,0.026054777,0.3327433,0.17076561,0.28444248,0.1459557,0.1967076,0.5890297,0.013286971,0.44604075,0.20283079,0.6521542
70,0.0014330185,0.0043350924,0.01993049,0.51058835,0.2579851,0.022250714,0.35329705,0.40269145,0.6430481,0.26351836,0.36481258,0.040522102,0.054245558
71,0.008446863,0.17535283,0.015230395,0.17887987,0.5586366,0.047576223,0.017700233,0.017010022,0.28106636,0.45446032,0.4167596,0.13475055,0.6480116
72,0.015806554,0.11813528,0.0725178,0.20529598,0.20409703,0.07791062,0.004002036,0.6739075,0.5060528,0.34244713,0.10712922,0.46504837,0.0911154
73,0.0030968755,0.01253296,0.017116236,0.10049131,0.08040407,0.264696,0.51174206,0.34038168,0.022344518,0.20740901,0.35634273,0.12512478,0.7301017
74,0.0011016254,0.0073790886,0.04990717,0.2776932,0.2700644,0.17183213,0.2007178,0.85876936,0.084964074,0.302988,0.30783352,0.31176287,0.06740165
75,0.0031376777,0.53750205,0.0067717964,0.31382504,0.1274294,0.25728357,0.20480257,0.38961294,0.26240236,0.25197235,0.44881776,0.38055924,0.19944178
76,0.00055272336,0.021835092,0.00106393,0.24551621,0.0030710115,0.5017148,0.14926359,0.17950402,0.1684815,1.0254924,0.029719034,0.023126932,0.20050468
77,0.0049826424,0.027003875,0.014463983,0.0018277656,0.043307472,0.51785994,0.27005348,0.48805928,0.250563,0.523006,0.38982904,0.19317657,0.057723485
78,0.0026456935,0.09453133,0.0040695476,0.18322012,0.19048463,0.0528165,0.40572,0.22336994,0.60670173,0.45857388,0.027791088,0.15712875,0.28506833
79,0.024333239,0.005143992,0.0049267095,0.06662446,0.15965588,0.024507197,0.6259027,0.44720146,0.5773962,0.4306666,0.19023089,0.22704405,0.023572428
80,0.0038710749,0.009875713,0.0030215776,0.07683659,0.13471784,0.4380491,0.23776317,0.027443662,0.03295468,0.8167073,0.73514616,0.04184239,0.16650933
81,0.0010939424,0.0028367725,0.0032783914,0.44221124,0.5396972,0.05513024,0.26036972,0.4245496,0.17745282,0.0051635103,0.015592961,0.30875796,0.3234181
82,0.09667766,0.002291625,0.07070996,0.6544014,0.23368546,0.46115988,0.32109898,0.17015018,0.015343218,0.2631404,0.37632027,0.57542527,0.010938475
83,0.0009613512,0.06782918,0.14838855,0.5986768,0.15897606,0.021677524,0.02275929,0.44875076,0.3748535,0.28027904,0.063776635,0.37223786,0.15855668
84,0.00088604423,0.008411846,0.0033848356,0.7150949,0.5666385,0.13882579,0.037297867,0.015057998,0.22342154,0.003823761,0.033745084,0.6764204,0.008876254
85,0.003326534,0.0019351799,0.0016691481,0.36554703,0.47822365,0.055983074,0.22343208,0.74971527,0.00754588,0.2042756,0.17844543,0.1041974,0.007664403
86,0.0016827523,0.121580854,0.0019915868,0.41980705,0.00709388,0.02168606,0.21567322,0.32807487,0.53068984,0.6083733,0.11992705,0.28148067,0.2398444
87,0.0066443984,0.20513415,0.002564784,0.3931161,0.41619244,0.7041095,0.14259902,0.01357883,0.25142884,0.003962619,0.37382874,0.23520906,0.020793524
88,0.008429687,0.028170314,0.032146186,0.0009920686,0.65104204,0.28259152,0.55452144,0.22073895,0.35163456,0.3123081,0.023611372,0.018421946,0.40146196
89,0.0012119164,0.20108657,0.006456629,0.6469115,0.18560418,0.025570098,0.07860704,0.07954214,1.0716861,0.11844813,0.02605366,0.019479029,0.29449952
90,0.0019142117,0.002228311,0.0025486713,0.22716981,0.012726065,0.33954075,0.2928597,0.0693735,0.2265963,0.9648391,0.1342418,0.41818565,0.21191938
91,0.026399711,0.039766625,0.0039178194,0.0008054921,0.7122302,0.012938157,0.06074698,0.76448643,0.57087815,0.36236736,0.017001728,0.054056287,0.36833283
92,0.04109051,0.0916306,0.002359339,0.37498164,0.003948913,0.25160378,0.66828084,0.13233934,0.0031458633,0.0030228896,0.0066536404,0.59822875,0.3864783
93,0.0038253209,0.02275267,0.0021997993,0.028319377,0.2307475,0.38746536,0.7118497,0.36185113,0.12869819,0.48734543,0.059309643,0.051097568,0.4412014
94,0.01151395,0.002460086,0.002739601,0.3277499,0.17387187,0.5296169,0.25019068,0.4474987,0.1797314,0.009421927,0.6735085,0.37593699,0.050487813
95,0.010152048,0.017886298,0.026072213,0.2064502,0.15180358,0.99023366,0.048540283,0.1313787,0.07901536,0.5561475,0.28769717,0.54933625,0.029826334
96,0.017790783,0.030099403,0.0014844255,0.13949116,0.0043221004,0.36639947,0.009883223,0.21550938,0.6060153,0.23671067,0.7164875,0.2950626,0.047670253
97,0.0015911668,0.015846891,0.08279994,0.2287881,0.27781066,0.05919533,0.31325883,0.094924144,0.7044958,0.36721385,0.5713378,0.4742918,0.014866957
98,0.0030332436,0.06881515,0.0027583812,0.23335533,0.671098,0.057332713,0.69151384,0.12362344,0.25068155,0.22489384,0.44803813,0.03286172,0.3469111
99,0.02137968,0.008170807,0.16189781,0.0011147588,0.35315764,0.45160225,0.5293311,0.738798,0.010273954,0.19634399,0.048356842,0.059866,0.028351309
100,0.20433356,0.07529747,0.002114666,0.0768858,0.008198118,0.34360936,0.34104085,0.30998737,0.5085942,0.0062872437,0.30431834,0.47627112,0.19452557
101,0.0006203755,0.0069744247,0.036382053,0.00062252145,0.0033784013,0.03013069,0.02415561,0.51160395,0.10850124,0.09687761,0.31030726,0.6380826,0.76440865
102,0.004103,0.0126045,0.030339299,0.25983867,0.27801004,0.5862585,0.7076862,0.09180925,0.11422345,0.3703905,0.12648426,0.09912741,0.3639267
103,0.0050671767,0.015730426,0.010850029,0.009477844,0.6578202,0.37667182,0.08738001,0.17302309,0.0035478752,0.7142331,0.005225025,0.11643438,0.45204344
104,0.0016577152,0.05628136,0.0038061307,0.0011383543,0.5232568,0.29510313,0.1920876,0.106413394,0.11367187,0.68585545,0.019974003,0.46182376,0.24490577
105,0.0020398097,0.12804653,0.30582824,0.46290585,0.010101507,0.042177483,0.7862389,0.022411836,0.27727997,0.23745158,0.18709607,0.37248313,0.033330977
106,0.0076872674,0.0052259797,0.05996134,0.536295,0.28364745,0.015257968,0.54366237,0.2773107,0.7849218,0.2139153,0.046478212,0.161799,0.05681059
107,0.0013014077,0.0018346251,0.02138103,0.6445424,0.22436146,0.4608319,0.27209485,0.1443624,0.008219056,0.007348343,0.30866382,0.19716184,0.687229
108,0.0046319487,0.010474745,0.11614233,0.09700418,0.38974363,0.5526672,0.5791767,0.07577975,0.4415953,0.21176858,0.10534129,0.4216445,0.40776327
109,0.07290789,0.2234316,0.0043603834,0.19185896,0.3031813,0.18698415,0.52439874,0.2895613,0.3917559,0.5511939,0.20001182,0.37817687,0.021431295
110,0.0017245736,0.0039002725,0.0012209344,0.5951581,0.0038639868,0.018503131,0.1871712,0.5964399,0.04433845,0.16257158,0.46929497,0.6595854,0.018881066
111,0.0046681287,0.12588562,0.002255068,0.0010721977,0.30152124,0.03679989,0.39726996,0.4982701,0.48921588,0.097269714,0.013983171,0.8263393,0.14687793
112,0.0021815016,0.06835314,0.0017666606,0.00080878625,0.06455414,0.046551585,0.5278893,0.60685945,0.010285372,0.027918492,0.26922372,0.62061375,0.12907681
113,0.0046537183,0.01774698,0.22377138,0.31992325,0.2771108,0.030600458,0.17625463,0.39640105,0.014435381,0.5907379,0.06535433,0.28267717,0.57291055
114,0.0014423905,0.026570506,0.005466361,0.19280429,0.05877051,0.016135788,0.28529978,0.12783922,0.23321494,0.75912297,0.01695721,0.2793773,0.54085374
115,0.020064805,0.019244714,0.050817218,0.28435063,0.6266884,0.023094185,0.15950996,0.21746165,0.44379374,0.628595,0.16550678,0.15109484,0.20273523
116,0.0045395703,0.065732814,0.003927174,0.4778505,0.52937704,0.39083752,0.40843406,0.008658967,0.4582964,0.003045729,0.11916566,0.02015957,0.19899702
117,0.0026295362,0.07226689,0.20657213,0.22389275,0.012439359,0.027452312,0.6339101,0.14861819,0.007794239,1.0174646,0.14162527,0.20852153,0.008122241
118,0.0017365362,0.012917713,0.006829454,0.27884308,0.47128445,0.010364777,0.59661114,0.7629143,0.039064527,0.14123134,0.27895275,0.016866874,0.14371146
119,0.0008064804,0.064814955,0.0020180235,0.12906255,0.5924895,0.43267754,0.0085804695,0.1866609,0.01165725,0.5659734,0.19292843,0.31230947,0.011483024
120,0.0019440046,0.0025458534,0.0015002487,0.0006364519,0.6312251,0.12064578,0.6346554,0.28223267,0.033766273,0.45019925,0.70411587,0.054996207,0.014611919
121,0.009978669,0.0060698427,0.001737046,0.73043364,0.010650684,0.69875664,0.7176164,0.26053745,0.12735102,0.29163575,0.33924457,0.10223516,0.015375702
122,0.0036567266,0.0064594606,0.009998454,0.78189945,0.11035717,0.036187388,0.003125704,0.1396349,1.0172712,0.3369819,0.570257,0.077395745,0.16063783
123,0.00052530086,0.009812753,0.006763263,0.24241634,0.57799345,0.25491917,0.0029664382,0.6698776,0.5869807,0.18617298,0.07904219,0.0060903155,0.005332948
124,0.0019414851,0.0014297355,0.13957414,0.42141426,0.35428196,0.62449366,0.0024916248,0.012267247,0.009169154,0.006662754,0.7661223,0.2971524,0.022187589
125,0.0014819998,0.24417736,0.0758172,0.26443905,0.18321623,0.28875646,0.16899714,0.11870927,0.22641063,0.6679897,0.105682395,0.12136891,0.63007176
126,0.012298914,0.05072447,0.008850666,0.00084344787,0.26783067,0.1654193,0.42227185,0.29135725,0.20263064,0.21682048,0.9747218,0.54059327,0.14147733
127,0.0012988171,0.022001998,0.0052756504,0.0012003134,0.0071832845,0.08054721,0.2325113,0.17261235,0.6184815,0.5360003,0.4050702,0.51030517,0.20802926
128,0.0011829527,0.016744824,0.09638683,0.36475882,0.61372906,0.5097068,0.15469731,0.15506876,0.39209345,0.13927446,0.4137005,0.01226825,0.100004956
129,0.000864412,0.1081845,0.006495728,0.44322446,0.006020017,0.70590997,0.14302923,0.10606062,0.16061583,0.008091497,0.09517671,0.40674576,0.5884554
130,0.00072960655,0.033209715,0.03316111,0.092796616,0.0017257961,0.17968816,0.0009932967,0.604898,0.6980353,0.061802752,0.27054608,0.2272017,0.48079395
131,0.011761476,0.04188513,0.0024140617,0.00091475894,0.35499957,0.025384566,0.0037207413,0.7719332,0.07538015,0.32719338,0.38938802,0.3083271,0.19900869
132,0.0017206401,0.002413501,0.03312633,0.33672512,0.04958284,0.11430046,0.0039762026,0.19965896,0.5118262,0.35379386,0.50758296,0.25265273,0.41084275
133,0.021419,0.008236643,0.036458734,0.004042334,0.4606323,0.17132235,0.16333467,0.28969085,0.504537,0.44413537,0.63327146,0.08046424,0.6244759
134,0.005789911,0.0063969,0.004448506,0.3841863,0.32583877,0.09093385,0.009784818,0.2412431,0.48948675,0.38917828,0.05574176,0.38732803,0.59998053
135,0.01654854,0.06330386,0.039239883,0.0008000135,0.07316488,0.07105573,0.49169934,0.5475567,0.32664216,0.4705498,0.56951576,0.64790744,0.09450306
136,0.025077816,0.007644641,0.004405711,0.45541453,0.42463574,0.3563656,0.15661904,0.17262907,0.18274257,0.19195437,0.60401726,0.7172905,0.2537057
137,0.005293057,0.029908866,0.0066198786,0.0012815314,0.31626204,0.13952056,0.23064798,0.5750027,1.1405622,0.17610456,0.15507622,0.014939557,0.12504719
138,0.008267424,0.0073723234,0.0011448123,0.5814675,0.43952867,0.22713272,0.38062257,0.58603567,0.023393959,0.23604067,0.19661042,0.018646883,0.017022545
139,0.0026884587,0.16378596,0.009035171,0.2344337,0.36425737,0.017856143,0.013967348,0.41159526,0.4769947,0.39288044,0.2022435,0.4138651,0.44932774
140,0.0017784155,0.08896959,0.0034405163,0.00094015355,0.07259656,0.04855322,0.0045326157,0.3774359,0.6460255,0.07804461,0.25665447,0.15695845,0.7402823
141,0.00406685,0.04466758,0.07004455,0.0018425873,0.36537397,0.7089594,0.18180914,0.014276321,0.28400388,0.45298025,0.11808978,0.42665106,0.3711367
142,0.011206946,0.005244296,0.0047627864,0.0004935205,0.2868681,0.6276534,0.0067391642,0.036246683,0.5865268,0.238018,0.40510577,0.37222123,0.3302882
143,0.013286581,0.18084414,0.0022690597,0.5290579,0.13009086,0.046277665,0.9429184,0.03462629,0.047467012,0.21263781,0.38634098,0.39968088,0.08951083
144,0.11225934,0.003106153,0.061288927,0.0005288452,0.39744645,0.36427534,0.091655076,0.020838587,0.058787867,0.661844,0.0070648016,0.61418116,0.012432229
145,0.0022851157,0.16277955,0.0015517495,0.2083378,0.16960332,0.43965545,0.32192358,0.24267349,0.0052360822,0.002829366,0.13992311,0.28571415,0.0076469644
146,0.002497282,0.03488336,0.007869122,0.22305976,0.2755953,0.11070577,0.0062566935,0.12814446,0.018103201,0.9479584,0.47449097,0.31558156,0.121418394
147,0.0008074869,0.0042147026,0.0018737314,0.7178385,0.0009820668,0.3287948,0.0010944479,0.12467348,0.1072338,0.7273,0.8220799,0.010734505,0.1024134
148,0.043273453,0.056004655,0.003728212,0.5265076,0.38384202,0.25808123,0.15609251,0.5155199,0.2872771,0.0909551,0.6876712,0.28759158,0.01780917
149,0.000603823,0.010472587,0.0011807525,0.00044810888,0.46392652,0.12457157,0.10748171,0.43205258,0.68436605,0.26453555,0.014905933,0.27068338,0.68766016
150,0.002136792,0.2604687,0.006558165,0.14158553,0.31939596,0.038184803,0.18960777,0.2092816,0.2689782,0.2846407,0.88258475,0.320887,0.41219562
151,0.0045001907,0.006705491,0.002883816,0.7397904,0.33364815,0.82427955,0.002844987,0.078259684,0.2806452,0.2319681,0.56142634,0.16171612,0.17916231
152,0.0031580175,0.0049695508,0.0023322827,0.37671083,0.15666503,0.44219735,0.0031829444,0.1707194,0.09302983,0.5320594,0.051250488,0.45322552,0.017623547
153,0.0036997853,0.0036032354,0.002052972,0.6481,0.5162727,0.32345858,0.005165081,0.055008255,0.29506323,0.30694237,0.08560761,0.022238065,0.33408484
154,0.008458935,0.11166772,0.0069061704,0.87429136,0.61512005,0.17821588,0.003925116,0.12106187,0.49432018,0.17080697,0.5145014,0.20521912,0.1567964
155,0.015547082,0.11477735,0.005382694,0.3736868,0.26046917,0.07072601,0.2247054,0.5376271,0.5126244,0.004481964,0.312632,0.18743286,0.015193567
156,0.023723505,0.15542713,0.04499918,0.33100933,0.009298928,0.19551554,0.21769828,0.5407537,0.023988273,0.23266765,0.028047703,0.6591077,0.24258935
157,0.012676722,0.020184137,0.0022588365,0.00081568205,0.2260514,0.28876713,0.15599012,0.01948455,0.40888238,0.37772596,0.48217344,0.14575258,0.4305221
158,0.0026409158,0.15834323,0.06835021,0.40041342,0.45808873,0.033683736,0.07193644,0.49496377,0.018737758,0.66940475,0.16346729,0.11168303,0.34500015
159,0.015187347,0.003316824,0.0049477625,0.31749436,0.007084443,0.27830228,0.35590088,0.35123363,0.4854198,0.15935937,0.025422383,0.5468643,0.042245902
160,0.012485537,0.007900365,0.0018008314,0.073032305,0.8960983,0.021103531,0.3501564,0.41741186,0.47043577,0.0037259674,0.18762536,0.28303105,0.0063353297
161,0.002311448,0.08393919,0.14600514,0.054626483,0.40340212,0.046215426,0.1579758,0.22322907,0.365768,0.7122397,0.12712535,0.044050146,0.40836394
162,0.0031584385,0.20073016,0.04216021,0.51003754,0.15897423,0.03112099,0.42180204,0.091375865,0.50880116,0.5968207,0.090530984,0.21242215,0.2314115
163,0.03743349,0.050890625,0.15166007,0.51780885,0.22297847,0.23725991,0.15854894,0.49866727,0.16980146,0.3694865,0.9319088,0.6109524,0.04391961
164,0.001801205,0.022645023,0.07792487,0.6327012,0.08471744,0.23913254,0.0044603925,0.32280737,0.2373564,0.51236004,0.6459196,0.2700835,0.40398607
165,0.007124092,0.011932477,0.0045457655,0.018677322,0.66635495,0.02734891,0.0057846964,0.06909193,0.05391494,0.41496637,0.56310487,0.020229537,0.53883857
166,0.0012981064,0.0014948042,0.0027502095,0.7600965,0.16371743,0.13941379,0.0018342691,0.6180884,0.10821754,0.30615354,0.020830039,0.03895705,0.3570209
167,0.07160986,0.0033861191,0.0573156,0.42333424,0.005010563,0.413695,0.18619223,0.06571022,0.0106811235,0.59295493,0.48082185,0.40976897,0.14355527
168,0.0015548836,0.0033825908,0.0031033813,1.30609,0.27260756,0.23854211,0.006233914,0.01054758,0.28415635,0.23225531,0.3300652,0.30432415,0.100322045
169,0.0022170884,0.09970213,0.0021651764,0.24484748,0.7468504,0.058410086,0.22679372,0.03831323,0.4267923,0.040518407,0.36778617,0.18271291,0.22993816
170,0.0010274962,0.018728297,0.0033719207,0.116288744,0.00521642,0.40187123,0.34905192,0.2524909,0.40323788,0.6104693,0.59485626,0.099775694,0.009852035
171,0.011517605,0.0055078417,0.011941109,0.124795735,0.09758585,0.45975214,0.27451092,0.17231864,0.18363616,0.14167921,0.15464525,0.77716756,0.56049645
172,0.0019204322,0.0019343256,0.0026387812,0.56002414,0.0017247556,0.13426788,0.0012559895,0.48149157,0.32404563,0.47569486,0.57644355,0.2969734,0.40248308
173,0.004348646,0.17719139,0.002566342,0.0010130601,0.5418967,0.40103966,0.18957596,0.34269196,0.6749302,0.01697713,0.22482643,0.274787,0.28241837
174,0.004139681,0.09795788,0.07473089,0.14353156,0.24770905,0.3431495,0.25625655,0.42908353,0.035325035,0.803242,0.09764688,0.511047,0.025717542
175,0.004431399,0.060878612,0.0913873,0.23470634,0.04513671,0.07083081,0.4535973,0.30156487,0.35333946,0.32976067,0.21096124,0.18456239,0.46432847
176,0.00058995903,0.0011791766,0.0009726265,0.1860522,0.00076269615,0.54058236,0.00068235246,0.354639,0.0032272958,0.0025280786,0.30229136,0.020721756,0.86196935
177,0.00023230426,0.003070022,0.00095776236,0.30447048,0.0009960724,0.02054817,0.0007947248,0.009797832,1.0025893,0.08563545,0.6574899,0.26741874,0.16995059
178,0.0013899663,0.0068714055,0.022224126,0.42488614,0.6610071,0.059764516,0.38167378,0.10848568,0.018292684,0.029747587,0.73289937,0.23676826,0.016843375
179,0.002880354,0.06279174,0.047850475,0.31665444,0.3825837,0.4045835,0.23417667,0.7358032,0.013898522,0.011289921,0.69172704,0.05780035,0.26137277
180,0.0017222175,0.0033482322,0.0027440086,0.42123237,0.026837733,0.59101,0.18587315,0.47643796,0.016380895,0.4289273,0.78043276,0.19822736,0.14683524
181,0.001675382,0.2531131,0.001465949,0.58633876,0.0029376843,0.1757217,0.59009033,0.37455168,0.014920614,0.3090439,0.12862085,0.008088245,0.0053825043
182,0.0033409696,0.0031970069,0.05773929,0.32749158,0.12881556,0.58456683,0.64579594,0.07593371,0.023713825,0.4026029,0.56526846,0.019412618,0.015624222
183,0.0077224644,0.054708827,0.020190714,0.0012195578,0.12775625,0.19612412,0.21985756,0.13034783,0.54754287,0.8631842,0.35186133,0.039511107,0.35988244
184,0.0012451984,0.004630714,0.04835692,0.7680516,0.0055138227,0.02472334,0.07968174,0.1568856,0.010256243,0.46670803,0.65153146,0.013599518,0.23792596
185,0.0027083668,0.0064261626,0.12040401,0.048478782,0.17017633,0.45567524,0.34017134,0.020900434,0.006606379,0.17924908,0.55131537,0.4430744,0.24235356
186,0.0018270407,0.037393432,0.0064769373,0.00083856005,0.3380139,0.26970765,0.0035616565,1.029355,0.18146943,0.1672981,0.09545476,0.16172773,0.33812967
187,0.007744125,0.017452527,0.005750738,0.24010028,0.20940931,0.13061601,0.53330755,0.31296656,0.27094954,0.42605036,0.54495454,0.1923183,0.45397538
188,0.0031772598,0.013057169,0.048244033,0.33784005,0.7285909,0.043917652,0.29296926,0.08275563,0.019985849,0.54607594,0.09587939,0.3508551,0.41084617
189,0.0008173513,0.025349252,0.0021524127,0.15195404,0.0012818777,0.7521713,0.0015077502,0.24841088,0.88647765,0.0043769,0.20879431,0.07406243,0.12390808
190,0.0013719427,0.049448345,0.0007937953,0.05376896,0.0045761787,0.5204985,0.08203703,0.48489547,0.2185384,0.004086565,0.12491656,0.241162,0.68775475
191,0.0018265963,0.08436374,0.03394097,0.10402382,0.13955513,0.4459694,0.2392319,0.5193567,0.23562759,0.33607388,0.059779983,0.10799771,0.29733422
192,0.0005905673,0.005415567,0.013075753,0.08617842,0.30533296,0.025331972,0.0036013431,0.1542318,0.4690836,0.31139895,0.66388917,0.15678617,0.5405019
193,0.017354975,0.006882746,0.003527286,0.5363189,0.30477503,0.19292395,0.21554947,0.040024854,0.0645482,0.6008286,0.57310206,0.060142674,0.569766
194,0.010478044,0.024392534,0.007487092,0.117968075,0.5640438,0.5713976,0.27863234,0.24349922,0.11766004,0.5253446,0.26034248,0.35956174,0.1259597
195,0.007343873,0.027527323,0.0021118734,0.00066756364,0.19082418,0.23345728,0.6703029,0.08029956,0.6749477,0.21119498,0.2419408,0.01817018,0.48313633
196,0.0072050933,0.006244664,0.003821652,0.4394183,0.12183912,0.5302864,0.19456065,0.1333235,0.32176104,0.010631745,0.6778636,0.7080239,0.16808297
197,0.003885252,0.0028879042,0.0024098896,0.788874,0.009119021,0.30312794,0.34016818,0.096489005,0.01129925,0.40314156,0.2080499,0.04905251,0.6983357
198,0.0028263277,0.3568815,0.009782157,0.08233363,0.24238034,0.30719402,0.123433106,0.60926384,0.14227489,0.5024605,0.2335962,0.07205665,0.37007007
199,0.0022114385,0.088034585,0.24783115,0.020345068,0.69142634,0.04970454,0.27755243,0.45012712,0.18661925,0.36769933,0.24257918,0.43834478,0.16532522
200,0.0013016008,0.069210544,0.023751471,0.0008794208,0.14497213,0.31991163,0.491484,0.017289655,0.014798215,0.7661283,0.30440497,0.019635446,0.30531612
201,0.004583651,0.0059038512,0.014634661,0.53283036,0.40342796,0.34098914,0.1604134,0.49618587,0.37237918,0.16464116,0.31115216,0.059921112,0.55548066
202,0.00042103278,0.0035535381,0.056968972,0.093972646,0.0040651755,0.52282554,0.39740682,0.006661973,0.0125482185,0.37991217,1.0127357,0.0020590029,0.0019886666
203,0.0029004954,0.04424956,0.054611113,0.1280461,0.42520943,0.0823471,0.28821042,0.4663974,0.2526785,0.6832309,0.56546795,0.058791604,0.021913663
204,0.0009951429,0.00792596,0.053495277,0.20655417,0.22475363,0.40009087,0.4939312,0.24938925,0.7619173,0.37113452,0.24829741,0.15001327,0.040159546
205,0.0044458183,0.024804369,0.0034287076,0.10186356,0.20275964,0.32189232,0.01018548,0.39564362,0.5297643,0.6715986,0.20536062,0.19399771,0.39230242
206,0.013233084,0.008940946,0.015034701,0.3905352,0.019445892,0.45914173,0.29548818,0.3823181,0.07360264,0.1883758,0.6326678,0.12131576,0.60427827
207,0.0020486536,0.041352935,0.1629515,0.0011736439,0.08162291,0.2530883,0.59266573,1.037343,0.114187784,0.13235319,0.108907774,0.12121326,0.18019989
208,0.1000943,0.049686838,0.008318286,0.2584019,0.13479789,0.4917587,0.005209955,0.058087822,0.88056,0.12930776,0.29899246,0.1428632,0.4235701
209,0.017609928,0.05071025,0.0065296167,0.054438025,0.07361253,0.093999825,0.22204934,0.7877991,0.3133526,0.011763734,0.43356603,0.26035893,0.44465223
210,0.004487101,0.005742349,0.006396381,0.117106356,0.0054526865,0.06046687,0.47076023,0.021123871,0.012729992,0.8079922,0.88792074,0.22390625,0.021806015
211,0.005821804,0.0018122196,0.16502145,0.15994473,0.41745707,0.48688108,0.00352879,0.69339085,0.009210042,0.006421419,0.49429226,0.065742366,0.17031401
212,0.00824151,0.117793515,0.023388343,0.21556646,0.008922325,0.21707971,0.51384705,0.5417116,0.3202221,0.012605912,0.09904011,0.25295892,0.52500856
213,0.007411966,0.005202075,0.0029767423,0.18833017,0.11058738,0.12142087,0.44279248,0.2447857,0.00717878,0.29679027,0.34542525,0.47397658,0.31940582
214,0.009427092,0.025682792,0.0053440477,0.0076847263,0.2844756,0.6143717,0.010451539,0.061391175,0.12038544,0.78329206,0.348896,0.039739076,0.5460099
215,0.0067049675,0.0037964114,0.0045515783,0.9567173,0.2338468,0.49163792,0.11055733,0.093040116,0.3330271,0.038526535,0.6102073,0.53292817,0.23836002
216,0.0012027505,0.12928008,0.08562367,0.00063713116,0.21624182,0.36058772,0.3942584,0.23281123,0.25587603,0.64702684,0.025116023,0.02734647,0.27745283
217,0.0067188432,0.031917393,0.005430248,0.16291226,0.0034662413,0.03986333,0.1840186,0.3093626,0.4684493,0.012306105,0.47723627,0.13543713,0.66999584
218,0.0029475805,0.0029096287,0.00446221,0.8780848,0.5376546,0.12540588,0.41934797,0.16463475,0.013729044,0.31191546,0.2717727,0.27784804,0.01077317
219,0.0050846892,0.0030039314,0.039325513,0.16857097,0.67616004,0.1265696,0.013179748,0.33926606,0.29877913,0.48605594,0.5863023,0.005439822,0.0086390115
220,0.0009751783,0.015853265,0.012532457,0.16841389,0.24701151,0.28384036,0.0058194073,0.51262397,0.48719284,0.26885918,0.4104486,0.37494573,0.26076537
221,0.0025880751,0.002421812,0.0035947196,0.6638632,0.3124986,0.46635565,0.23057713,0.009416125,0.15757373,0.00619836,0.04909923,0.02475616,0.51567686
222,0.009518474,0.0023129268,0.0051916447,0.26920182,0.5198413,0.4504007,0.23220871,0.24585365,0.026094303,0.020506838,0.79922754,0.28970218,0.2682651
223,0.011733537,0.003913555,0.0044694073,0.4705869,0.0115638785,0.36317468,0.14649345,0.28268054,0.19815394,0.04103302,0.05947163,0.6417221,0.3879711
224,0.0032114994,0.0053724344,0.021342726,0.0009154649,0.11855509,0.11790775,0.57686424,0.4918231,0.20737755,0.30986762,0.23846324,0.5319568,0.026232017
225,0.0010850336,0.018276567,0.005668836,0.22633365,0.11516391,0.013478302,0.4614521,0.30631012,0.5814325,0.22902972,0.016199343,0.48884913,0.14291897
226,0.15415514,0.0067615556,0.0819099,0.082937695,0.3191207,0.012863445,0.40026858,0.3298295,0.008121091,0.76756436,0.13590764,0.317625,0.016042363
227,0.009039614,0.012254175,0.0053989724,0.31173253,0.42095134,0.73481023,0.096529245,0.3160057,0.18025927,0.29558343,0.31783074,0.13402425,0.26772818
228,0.0058869794,0.00593555,0.004534617,0.66519916,0.5378192,0.7766845,0.0154104885,0.21371344,0.30191597,0.37640196,0.39211684,0.1497732,0.024241956
229,0.0016396875,0.20047833,0.0020582133,0.47904104,0.02764327,0.22182855,0.3261232,0.72149056,0.011596248,0.3034856,0.31213504,0.058303073,0.032887
230,0.0013748744,0.012063413,0.01010968,0.0005655603,0.5593329,0.13098288,0.14567062,0.5245872,0.23499265,0.3611503,0.56204337,0.017824369,0.28646877
231,0.022860903,0.010343165,0.030287363,0.09564931,0.27554935,0.25199506,0.5711031,0.46599823,0.2173033,0.2825042,0.23917602,0.13199505,0.3418468
232,0.0016791662,0.01734487,0.04133658,0.061642453,0.013628385,0.1992674,0.59489745,0.02226793,0.1541176,0.41154993,0.030406652,0.4350283,0.600452
233,0.0028840783,0.021996893,0.00364184,0.26167905,0.0081702,0.022348063,0.27813476,0.5195722,0.15510283,0.30258352,0.23558103,0.68287283,0.20474379
234,0.010018773,0.024214644,0.0020912355,0.11210514,0.922405,0.08910759,0.004752119,0.7438713,0.17621513,0.22593407,0.07302935,0.095231265,0.011913151
235,0.005299175,0.0656061,0.023366353,0.29931474,0.17208067,0.1018038,0.10703089,0.0939758,0.47307113,0.48324683,0.73302996,0.2167134,0.44015232
236,0.0036463998,0.00088052417,0.007678461,0.0003351682,0.0008575089,0.3104677,0.00067130383,0.46322963,0.0061965743,0.743839,0.16780244,0.20330982,0.4074429
237,0.015229974,0.003919283,0.023281638,0.025051791,0.61503506,0.48363662,0.39709482,0.48134112,0.5060582,0.2766202,0.26292047,0.016209869,0.014437132
238,0.001568823,0.0043530175,0.002048817,1.2256019,0.0015430705,0.2109451,0.0017135695,0.5393741,0.2878064,0.1289435,0.12726103,0.38435447,0.191149
239,0.0038081594,0.0025007431,0.0044630338,0.58833164,0.068044685,0.23101166,0.006552027,0.034556653,0.21862745,0.18269047,0.7420654,0.48421618,0.41819823
240,0.0066336524,0.0037529913,0.0054316744,0.60584116,0.13332504,0.25577128,0.0049587884,0.34385142,0.06418541,0.46739748,0.5744202,0.5409146,0.2657669
241,0.0807832,0.0056382273,0.002355194,0.14415438,0.00729499,0.07740548,0.2541737,0.037614282,0.19816464,0.8306932,0.24370928,0.35233393,0.14240822
242,0.024029547,0.0151462825,0.008206442,0.20853539,0.24170913,0.026349116,0.53609145,0.41467237,0.46144503,0.6261834,0.022222703,0.03334213,0.24805088
243,0.010450579,0.025727995,0.0055511952,0.53126264,0.25361976,0.35309768,0.32094654,0.20851348,0.0095347725,0.52549213,0.020699596,0.40200752,0.21786653
244,0.00500493,0.0049692225,0.00184845,0.42642397,0.7949965,0.19186129,0.34073895,0.15133218,0.06043975,0.09847305,0.32832992,0.46388933,0.2778582
245,0.000993226,0.02056315,0.0017830993,0.0007657018,0.115071945,0.34778863,0.17434189,0.2242286,0.41500014,0.0051878165,0.4719783,0.6055588,0.37205473
246,0.005516721,0.028817726,0.003169625,0.099004745,0.56583184,0.7017475,0.1952947,0.4058796,0.016781105,0.18591088,0.20491128,0.20405358,0.39128852
247,0.0055361316,0.0071016243,0.002755378,0.24190314,0.004721426,0.1456858,0.18938904,0.63954735,0.010277515,0.57098067,0.4317495,0.31433842,0.024431216
248,0.0030296445,0.030885909,0.0026793764,0.0014785297,0.43820646,0.39751616,0.32079494,0.18716173,0.21848923,0.28059503,0.019958144,0.75805867,0.013130323
249,0.0029546022,0.18112585,0.0036579138,0.5728963,0.21987458,0.05029864,0.13208222,0.28538287,0.02509573,0.28345475,0.2878976,0.32153055,0.86549264
250,0.0037286363,0.003899973,0.0027772153,0.44800645,0.07606199,0.029591996,0.42274785,0.5518879,0.44037446,0.5608594,0.10004106,0.014606519,0.14515722
251,0.0038967896,0.1786217,0.0042789797,0.5316512,0.4345192,0.35018504,0.0050456217,0.20276985,0.18301156,0.028906077,0.2180714,0.31975225,0.78512913
252,0.0030036555,0.0028487248,0.0035179039,0.3450635,0.5015761,0.41501594,0.41121182,0.17545421,0.1151854,0.18658356,0.018206207,0.44608313,0.15926662
253,0.0042159646,0.0046074274,0.0047248607,0.0006743336,0.19644637,0.5063004,0.21471047,0.13689731,0.32207277,0.016497953,0.99293363,0.5594298,0.14082412
254,0.0013982458,0.017546948,0.007809087,0.004972315,0.06421941,0.07886387,0.13246751,0.61579716,0.21966474,0.39010942,0.948978,0.17928742,0.009248898
255,0.006180917,0.0027273786,0.0029092666,0.9488504,0.20579588,0.1983952,0.3439834,0.49729434,0.010153597,0.29007012,0.3674864,0.01157467,0.030158319
256,0.0013004934,0.0112407245,0.0051065227,0.15835388,0.29327506,0.5193809,0.08304648,0.5321738,0.26769537,0.7140814,0.40074643,0.017991774,0.010847165
257,0.00078268355,0.09932736,0.03809063,0.0008920113,0.06639176,0.010400622,0.2715677,0.012504532,0.5950925,0.5459629,0.19083443,0.025554592,0.7615328
258,0.009636171,0.08581149,0.0019339492,0.37697235,0.58514136,0.047141828,0.00618931,0.17899232,0.31873026,0.16759415,0.27595517,0.40538713,0.57079905
259,0.1818442,0.004492458,0.002054258,0.58827835,0.024871374,0.23366019,0.19860566,0.5018626,0.48029184,0.16793811,0.60895437,0.02142515,0.0085984245
260,0.14116116,0.020202134,0.01114457,0.23653136,0.06268338,0.24828771,0.5964742,0.030466484,0.026148329,0.17376971,0.4481967,0.2419659,0.48199284
261,0.0016144627,0.0922373,0.0052133445,0.0037346885,0.007650536,0.07033433,0.36300886,0.8151706,0.17915623,0.23227327,0.19154207,0.49905992,0.50247425
262,0.0005389535,0.025494197,0.0016696466,0.0008110406,0.43360952,0.97058433,0.18359478,0.2874593,0.40986675,0.057944186,0.1877317,0.1273949,0.4855932
263,0.0087988805,0.0076620984,0.0031519814,0.21193942,0.49573502,0.20893589,0.014200065,0.1709179,0.45915297,0.49033207,0.07900731,0.46274146,0.10073407
264,0.0002929654,0.005971594,0.002597857,0.00043185122,0.0021658808,0.5656799,0.0011496007,0.15767883,0.39904764,0.5271776,0.4287001,0.56725866,0.1631294
265,0.002761021,0.052967846,0.005435024,0.19887993,0.6300848,0.2710821,0.006368081,0.7684239,0.061048556,0.23596933,0.153441,0.08399763,0.7569662
266,0.0003227852,0.008882949,0.10865318,0.00088733964,0.0018035125,0.029624823,0.0013335955,0.04235271,0.33384377,0.79633063,0.6061229,0.6453626,0.08703019
267,0.001517519,0.0025297794,0.0038859206,0.5772859,0.3772537,0.37381178,0.35366806,0.62972426,0.050610315,0.070047475,0.13595074,0.061164487,0.23017885
268,0.0012998095,0.07067084,0.018327279,0.31010494,0.34684485,0.30888706,0.52062184,0.03282134,0.008815926,0.2642358,0.016725073,0.6934614,0.21678244
269,0.019789223,0.00254268,0.0027420907,0.22419195,0.6006618,0.14519629,0.22696997,0.37798944,0.076693326,0.028958412,0.30658513,0.38365594,0.009427731
270,0.040275212,0.0239352,0.007267093,0.2495353,0.45383447,0.05473991,0.21198413,0.4510322,0.5986703,0.54057425,0.21880743,0.024489854,0.13097873
271,0.0010981215,0.0041648936,0.002270827,0.2093372,0.11183429,0.31771263,0.52176195,0.31122562,0.017822875,0.13729249,0.6279528,0.54285645,0.015176068
272,0.0014688277,0.006753906,0.0040250923,0.17071997,0.14457266,0.29716823,0.016719354,0.030119522,0.5550767,0.6064065,0.3304584,0.42488602,0.19681656
273,0.0049367934,0.0068608387,0.02538003,0.3240195,0.43748417,0.22780491,0.29865542,0.4409298,0.48498225,0.193237,0.082427576,0.09454091,0.5054508
274,0.009108073,0.019711405,0.04066357,0.2581425,0.23563957,0.5449663,0.221185,0.5729472,0.61685807,0.1809174,0.024399886,0.18665361,0.16585828
275,0.0146030225,0.22345293,0.0026991523,0.7166747,0.27930292,0.08662219,0.50932837,0.25080433,0.034318466,0.14304726,0.52185196,0.014296581,0.12983252
276,0.00084652257,0.006910461,0.0014582233,0.00037764228,0.015286124,0.035476267,0.112988144,0.20701118,1.2193736,0.30760667,0.02155671,0.54839164,0.1353616
277,0.0014955114,0.010475047,0.0013977538,0.15890181,0.0030728986,0.18081117,0.0015161461,0.23503499,1.328667,0.0049070185,0.4677859,0.12701297,0.04107095
278,0.0728221,0.0072691273,0.002987134,0.2037086,0.11978675,0.16090217,0.06911817,0.072134376,0.34714457,0.34683564,0.24744114,0.9410261,0.24632874
279,0.0020463092,0.033384528,0.0047860024,0.057600375,0.19548489,0.12777926,0.49437043,0.017712008,0.60945994,0.462652,0.017915174,0.4142043,0.2997389
280,0.00063495635,0.0033505342,0.10149839,0.00041715225,0.418649,0.7059506,0.002817592,0.017266791,0.107447274,0.0028379224,0.286401,0.029616907,0.65942955
281,0.0074800807,0.0068980455,0.02357653,0.0038558962,0.794576,0.0747124,0.51267564,0.013444526,0.013174199,0.23619026,0.37461165,0.12037371,0.29981974
282,0.001530894,0.004259501,0.0017929688,0.0023574522,0.004796108,0.016227065,0.18872605,0.23564722,0.44957533,0.35065183,0.48830837,0.14717409,0.5367217
283,0.0043228725,0.009060152,0.06641659,0.36730137,0.48718348,0.3030991,0.5639194,0.065051466,0.12242721,0.22485289,0.24873844,0.41751087,0.07885312
284,0.0019220232,0.1423325,0.31128052,0.42496794,0.31368667,0.52307415,0.49277213,0.032580696,0.13588715,0.018484378,0.08462196,0.24782145,0.40639764
285,0.0011937007,0.008114523,0.013247134,0.106436536,0.21682489,0.12863663,0.22725224,0.70669097,0.22681098,0.08014526,0.51888514,0.5557104,0.14204383
286,0.018958148,0.035501007,0.0020370535,0.00061494514,0.7615107,0.2212257,0.014243864,0.19774388,0.24372856,0.3247096,0.26617846,0.5909656,0.34854215
287,0.0022059057,0.08618857,0.010848267,0.45075876,0.052990247,0.5930861,0.009404089,0.19543219,0.39460224,0.3149139,0.5611523,0.02152346,0.3820258
288,0.010376461,0.005526982,0.003171217,0.00074260915,0.087455444,0.21997409,0.0050391154,0.15890117,0.37964827,0.49538755,0.9201145,0.015661823,0.22316352
289,0.0009828305,0.0030642769,0.0013812239,0.0017210825,0.3551976,0.32950947,0.42716542,0.0043235784,0.5690873,0.3429651,0.32444948,0.0020249297,0.0021505535
290,0.0012538439,0.0034526165,0.0038273977,0.0005950693,0.010958456,0.229191,0.5028781,0.6468726,0.20168443,0.39137805,0.09490801,0.21109249,0.34148318
291,0.009930354,0.0029867159,0.0014262447,0.25551257,0.7398182,0.30063298,0.06831913,0.28378755,0.7408548,0.009081386,0.1682134,0.091874994,0.1862986
292,0.00067272363,0.03403257,0.001874097,0.00031779762,0.97631323,0.11380685,0.16823664,0.29911423,0.0066912225,0.0027502358,0.051753566,0.012816009,0.7693542
293,0.04486621,0.030714761,0.14736202,0.24614802,0.54006225,0.029721139,0.6320002,0.12854852,0.19241104,0.017609105,0.017391223,0.33654144,0.4775926
294,0.004707495,0.022880599,0.0024721522,0.3130954,0.008393385,0.43978155,0.11349613,0.2832316,0.18179892,0.58223504,0.18335274,0.38586408,0.4684702
295,0.0020141483,0.0111249145,0.0024331503,0.47009867,0.0049715997,0.027822671,0.24533908,0.2556165,0.6287381,0.27308112,0.19023074,0.15177901,0.43732998
296,0.0014540897,0.008360502,0.013791823,0.89957285,0.19403902,0.1823331,0.3670985,0.31263113,0.07503095,0.07435384,0.4693083,0.33598652,0.17149517
297,0.015315061,0.018029476,0.022220807,0.22680548,0.13324401,0.610486,0.18682519,0.03590499,0.0352701,0.2055515,0.26676422,0.44951794,0.82715434
298,0.0029656885,0.002253463,0.20013374,0.41569835,0.0027230973,0.0072358795,0.470905,0.47727093,0.047847066,0.17674017,0.60013765,0.024586698,0.011188828
299,0.087008454,0.07644053,0.016130952,0.28534093,0.42344636,0.32815486,0.46264812,0.24757187,0.31866035,0.007731448,0.2626659,0.2094089,0.014325685
300,0.0011860081,0.029221069,0.0029296333,0.001021968,0.17409712,0.031196916,0.0026951267,0.20806146,0.23847854,0.7369925,0.15922973,0.25886124,0.8227215
301,0.003797625,0.0031368553,0.0016244353,0.20788383,0.17051119,0.34388793,0.691359,0.5389322,0.27299005,0.3127946,0.13809295,0.15455374,0.03516196
302,0.004119094,0.0074528796,0.0026861688,0.0004676157,0.0049394714,0.4105187,0.4087868,0.14951377,0.019687803,0.31429532,0.51539046,0.028213734,0.59847325
303,0.01216634,0.11952244,0.0005921181,0.54121107,0.6412519,0.0030823038,0.62188065,0.014988439,0.02759798,0.1621921,0.7340901,0.0024026784,0.0014133707
304,0.001441577,0.04455875,0.0960285,0.00080156117,0.2525929,0.4202571,0.07736574,0.41529712,0.07857215,0.21925041,0.11518098,0.73498803,0.23797233
305,0.005192187,0.0049661095,0.0040020146,0.31340408,0.56222224,0.043348327,0.23617387,0.7411454,0.20902574,0.008842979,0.44081157,0.075107574,0.43040353
306,0.0019567155,0.0033832656,0.0023313172,0.3585377,0.21654943,0.4996444,0.25389433,0.024018517,0.023861531,0.6216285,0.31075147,0.2278469,0.014230282
307,0.0024331615,0.003331979,0.004491725,0.56991076,0.18622807,0.5205627,0.0025853154,0.40788674,0.025596062,0.4150507,0.5064621,0.16473947,0.27234638
308,0.006121342,0.001502528,0.0017195015,0.28198037,0.34574932,0.040717863,0.20823549,0.10078575,0.011219092,0.43244946,0.12890258,0.051000416,0.86423546
309,0.004848491,0.10131105,0.0019934555,0.9584953,0.121208556,0.6467844,0.3142018,0.3308813,0.011216185,0.1676445,0.14188007,0.21883373,0.19727024
310,0.0041653244,0.026263194,0.01005334,0.0023955617,0.19983935,0.554188,0.40184876,0.31987295,0.7395273,0.45126855,0.06962612,0.020928739,0.010294294
311,0.0031259037,0.0116886515,0.02457991,0.3276744,0.55011207,0.16007382,0.3325172,0.03283339,0.049082566,0.51874536,0.050993886,0.6438225,0.08224163
312,0.0032674684,0.033264067,0.0034546652,0.5476604,0.42764702,0.20588669,0.10117637,0.31151754,0.16325174,0.41502497,0.59459877,0.04719006,0.37673786
313,0.010227632,0.1991123,0.061837357,0.16567463,0.67059225,0.515479,0.38012558,0.32553896,0.13543321,0.046725225,0.4391652,0.2217181,0.20695901
314,0.003551422,0.013531355,0.005330977,0.42224386,0.34423304,0.08374905,0.5965554,0.04171754,0.047213487,0.0067120106,0.026173936,0.13697883,0.5328844
315,0.005006543,0.00266882,0.0030356038,0.48690695,0.36075792,0.027559126,0.0036155474,0.03240956,0.42522514,0.26175037,0.024584357,0.17772861,0.8739201
316,0.0018763415,0.073425435,0.027295467,0.00053926726,0.004922626,0.024890121,0.34128875,0.22469847,0.337237,0.50979316,0.23715779,0.019749055,0.5206878
317,0.20970418,0.008512928,0.0032038267,0.25497028,0.011057648,0.24286374,0.47612566,0.14402911,0.29364866,0.26551077,0.42067304,0.3852502,0.46984825
318,0.002536869,0.0019237432,0.0009791214,0.48836148,0.14871682,0.90819967,0.12646647,0.05063743,0.08892039,0.44992217,0.47408324,0.00615551,0.006053673
319,0.0022711721,0.008312229,0.0056951665,0.49944538,0.4643102,0.025389474,0.18212396,0.5786533,0.24451318,0.10370675,0.5727496,0.058000706,0.4777857
320,0.006378291,0.09350997,0.002476825,0.15588063,0.0061009577,0.21688785,0.2900685,0.21344404,0.07429862,0.40421265,0.51432294,0.7298859,0.38383886
321,0.0014246025,0.016970824,0.007389604,0.6624171,0.0059951805,0.028007438,0.6155934,0.4354269,0.35606563,0.28908044,0.25225288,0.08902471,0.29306003
322,0.0012941101,0.056015883,0.025927303,0.0011162973,0.14221022,0.7464805,0.16081174,0.37863526,0.13784906,0.248523,0.30871361,0.50096965,0.23336741
323,0.24596584,0.07381112,0.08779105,0.33715254,0.43564022,0.048215784,0.26301336,0.03310193,0.36168635,0.21993165,0.38718218,0.26150966,0.26331797
324,0.0012705832,0.0056115794,0.006273749,0.60086787,0.0068886816,0.28324613,0.39076596,0.026611658,0.2514216,0.80420506,0.35460347,0.27202514,0.18014695
325,0.0024861423,0.10697715,0.19114836,0.3154811,0.16642341,0.80004853,0.22021955,0.13792585,0.041661516,0.4454794,0.39408633,0.38291904,0.19227788
326,0.0019058639,0.009626681,0.005148418,0.4664942,0.30277237,0.18214299,0.17932373,0.10329303,0.26663163,0.6202331,0.027017139,0.041786533,0.6626165
327,0.0011940424,0.0027065168,0.0023619977,0.68935287,0.0012753516,0.20643328,0.0013530866,0.38713363,0.32703415,0.09852781,0.73690367,0.058415744,0.38233107
328,0.0045425086,0.0013426183,0.25958532,0.4208945,0.0013861294,0.762072,0.0010551172,0.22210574,0.004779673,0.30972221,0.20839044,0.13533124,0.24707942
329,0.012792552,0.0019830943,0.12396099,0.2973148,0.16870874,0.015933724,0.2956167,0.5077579,0.012351234,0.48562872,0.4094941,0.1317795,0.014312748
330,0.0016762433,0.02297935,0.013887171,0.21109386,0.16870034,0.52961284,0.6318015,0.03066738,0.007589198,0.6107883,0.021815553,0.22742286,0.00607309
331,0.0016747727,0.0033421572,0.0013006352,0.3861458,0.5691097,0.24446061,0.5170007,0.16367958,0.005183944,0.07290471,0.005680724,0.010032459,0.27956143
332,0.0013428581,0.01029996,0.0041397293,0.21977128,0.0077619776,0.082921416,0.2298635,0.27190065,0.51000255,0.40543458,0.025093297,0.48063532,0.52927345
333,0.003470583,0.00396969,0.00854659,0.00067440316,0.577025,0.1854699,0.24580218,0.1575372,0.40123987,0.009340395,0.5814299,0.02474967,0.4363744
334,0.0016755594,0.021962719,0.07929165,0.289625,0.1550547,0.32333842,0.30994,0.0107473275,0.5636995,0.5209542,0.017070169,0.5467529,0.0124697825
335,0.00776839,0.12255082,0.0017446585,0.0059788674,0.20153166,0.16855735,0.57806087,0.57745177,0.33705348,0.55017287,0.39819822,0.014974374,0.017060464
336,0.015845822,0.00190982,0.0040961094,0.3222664,0.003331084,0.54653823,0.19985366,0.5397759,0.022119505,0.0069649233,0.7412709,0.21453248,0.10414128
337,0.008030683,0.053293303,0.071486354,0.38214654,0.3267894,0.2981884,0.009849314,0.01645781,0.55316496,0.004327561,0.13721646,0.019738698,0.49249813
338,0.002148191,0.015341146,0.0028232713,0.030555783,0.44020677,0.044772346,0.34041592,0.280145,0.16193843,0.13303152,0.2196668,0.6884316,0.60313404
339,0.0031365317,0.26698744,0.0021347625,0.10261381,0.19304647,0.8580734,0.6703389,0.3645243,0.009060105,0.0056398246,0.10888556,0.019478474,0.27800614
340,0.0052433456,0.14960837,0.0027388358,0.5776489,0.18740824,0.53816813,0.19768447,0.012174531,0.5785681,0.005874639,0.2115302,0.1365073,0.18288198
341,0.0007051632,0.0019058391,0.001731345,0.2482164,0.0060489825,0.025839083,0.2951868,0.7158286,0.36190513,0.019757763,0.59040767,0.47029054,0.18694241
342,0.006406482,0.13446388,0.032360177,0.34167176,0.6975289,0.025068052,0.43554384,0.17778565,0.50682527,0.6429217,0.16477188,0.18472603,0.079228014
343,0.008383962,0.011967477,0.04716875,0.19002302,0.007048788,0.45705074,0.083162814,0.1911263,0.57112896,0.4018476,0.6059379,0.07240194,0.020536177
344,0.0018663044,0.14058866,0.031837326,0.43999586,0.59967345,0.4101612,0.24138431,0.109135605,0.4083836,0.25588423,0.3487476,0.0131850215,0.019151732
345,0.020002628,0.00981424,0.04158777,0.0008880438,1.0727701,0.16769297,0.052477226,0.23357244,0.5132781,0.18585163,0.103485756,0.27156934,0.3469678
346,0.0032761067,0.5050728,0.10287278,0.3381619,0.083439045,0.4583299,0.16032386,0.12637067,0.34112772,0.32683814,0.5400844,0.07483145,0.25886914
347,0.002208643,0.0074081086,0.0035278965,0.52475184,0.27879316,0.30522957,0.47193354,0.25656584,0.27601582,0.16463263,0.20902205,0.53808063,0.14955592
348,0.047644034,0.3675912,0.034720067,0.17472827,0.058063027,0.023273028,0.087557964,0.63975793,0.46940178,0.32409382,0.094571434,0.2762708,0.03158139
349,0.008791907,0.0020371005,0.11981618,0.00048811678,0.0074518733,0.04017409,0.4966593,0.24239781,0.8118618,0.13365105,0.10823457,0.0919896,0.6583228
350,0.0014471562,0.029789433,0.022303605,0.0014397994,0.40910357,0.40173885,0.66821516,0.059545204,0.13457532,0.29264188,0.6289264,0.303684,0.15105063
351,0.0018757812,0.031854603,0.06670357,0.16348812,0.18093258,0.31862977,0.242481,0.47096524,0.5690929,0.23846295,0.2924705,0.24744324,0.11942065
352,0.0034213106,0.0027822051,0.0017887461,0.26129222,0.01735268,0.43663466,0.2372007,0.7874222,0.015687078,0.18344533,0.2232427,0.33255944,0.18853635
353,0.0027208978,0.009012227,0.0035834673,0.53059053,0.19379874,0.30783063,0.29002425,0.58161074,0.008845294,0.46002707,0.016192574,0.030704273,0.18590191
354,0.003195245,0.0023096986,0.0030377465,0.49846497,0.0014983595,0.1455028,0.0012461039,0.32441342,0.56833947,0.00656428,0.12964909,0.5101871,0.41007426
355,0.012046569,0.04641586,0.012939228,0.25360894,0.526415,0.21322048,0.10606303,0.69094235,0.3341396,0.04319598,0.053992413,0.070968695,0.17684132
356,0.0023946033,0.015771823,0.0058585587,0.27965713,0.2977752,0.356197,0.010539493,0.20422134,0.5472228,0.20601322,0.3203675,0.6120159,0.23001976
357,0.0005164484,0.028394561,0.012275627,0.0017736265,0.15824361,0.4869448,0.0069954973,0.32723024,0.38479275,0.19277282,0.2596669,0.6053572,0.041080587
358,0.0037467186,0.036810026,0.002103642,0.26494887,0.5136785,0.21932243,0.45293444,0.3779664,0.015220752,0.33808652,0.0749052,0.41718006,0.48332092
359,0.006136931,0.116871834,0.08867644,0.1942846,0.15332888,0.7251142,0.3408855,0.096062265,0.07130461,0.27325526,0.641824,0.43327332,0.24692592
360,0.0028149951,0.001379144,0.04894317,0.49842575,0.03423889,0.169944,0.0017198055,0.17990822,0.05472872,0.3626384,0.020271366,0.83488786,0.15716234
361,0.0016014455,0.1726591,0.013574082,0.00047757823,0.86591345,0.5459723,0.34935364,0.19515541,0.07665584,0.11570454,0.19988623,0.26988173,0.010709168
362,0.0011484072,0.018148351,0.00091858883,0.27500093,0.0031653512,0.7935598,0.07355166,0.03356547,0.4289149,0.48203966,0.23017381,0.21305364,0.043215137
363,0.0103859315,0.25019976,0.005120131,0.11668747,0.265179,0.1820243,0.62289804,0.015201634,0.1790634,0.1535728,0.03638735,0.7155786,0.49182853
364,0.005682248,0.023851207,0.008165401,0.1470648,0.18633,0.25667492,0.007927585,0.057527676,0.20791852,0.47331142,0.42985544,0.39950594,0.60924
365,0.017516248,0.004032996,0.08877332,0.25185546,0.3543527,0.04553925,0.13153921,0.5316552,0.01576248,0.3025136,0.6019191,0.29104072,0.54374987
366,0.0044496846,0.016438266,0.00943334,0.2744269,0.5150482,0.5600396,0.54630774,0.055607785,0.11022249,0.00627757,0.2341909,0.07082293,0.45474666
367,0.0035261456,0.06213575,0.05986705,0.5577725,0.31933326,0.083828785,0.4479125,0.48575357,0.1096242,0.3423345,0.32321978,0.031953577,0.1290767
368,0.004362539,0.067462236,0.12263836,0.55127984,0.3142397,0.43064976,0.005056088,0.028416082,0.3875483,0.40914047,0.26083797,0.033562344,0.7715402
369,0.0020995475,0.0028611382,0.0033151521,0.9177846,0.3146783,0.17292571,0.34574175,0.16857739,0.021161735,0.020846201,0.4476463,0.6341221,0.1083709
370,0.0011082233,0.039973952,0.0022482802,0.34723082,0.2656144,0.19017833,0.38424587,0.014652513,0.66240156,0.23395935,0.500567,0.20849058,0.02724264
371,0.00069001823,0.12671171,0.013822216,0.29970968,0.1753016,0.12529258,0.0019703426,0.04236292,0.65633744,0.7026132,0.42099294,0.018465824,0.35682613
372,0.0027182694,0.039040882,0.0025478166,0.59470123,0.11637794,0.42396545,0.003862838,0.17965925,0.028165754,0.13406363,0.4412128,0.6072289,0.38401216
373,0.013426743,0.2319257,0.0011173956,0.3816014,0.5052584,0.029190032,0.02741661,0.28512278,0.23603259,0.15026145,0.015236898,0.051948614,0.7734292
374,0.0042287484,0.007476064,0.0046652695,0.0014479859,0.5218288,0.28278035,0.3182624,0.047991782,0.7566407,0.006362308,0.27373868,0.26894113,0.41050875
375,0.0143254185,0.0035666963,0.0023254454,0.45709473,0.3028554,0.63124096,0.55300164,0.035796065,0.27875084,0.010102757,0.06871142,0.20381816,0.23179998
376,0.001528531,0.016778564,0.002076223,0.24878864,0.82055146,0.028151838,0.28081325,0.26561183,0.040760305,0.24644972,0.33059382,0.067563325,0.16587625
377,0.0014675702,0.008798516,0.0066385185,0.32473406,0.07341177,0.49556592,0.65344286,0.10719891,0.3384949,0.2004239,0.02691411,0.23450257,0.16225557
378,0.029562352,0.011244475,0.117902935,0.32190618,0.014884042,0.19335382,0.3188507,0.38279644,0.17919244,0.15308133,0.6793825,0.3436125,0.285627
379,0.0028532946,0.0011963199,0.0015346775,0.77196217,0.0019837325,0.17515275,0.15752064,0.34298104,0.011206509,0.004205841,0.24985504,0.15392809,0.7909589
380,0.0005315038,0.0040724818,0.0011285362,0.0004398925,0.20242408,0.5538578,0.0058585037,0.4192053,0.27523896,0.0039803367,0.29453096,0.62117994,0.16738924
381,0.0035941608,0.009801994,0.15251942,0.003021274,0.20071861,0.31147775,0.26837632,0.25661454,0.30741432,0.4302395,0.80102175,0.22643499,0.38135764
382,0.01797523,0.004294917,0.004267417,0.32335323,0.41203827,0.06372858,0.4550613,0.18562104,0.042398,0.21838924,0.263191,0.58245915,0.4040751
383,0.0036358768,0.036749814,0.0041427063,0.001499013,0.5024764,0.082401045,0.54051465,0.337326,0.6245127,0.44754955,0.20001495,0.28019813,0.15957794
384,0.0013542866,0.013536089,0.016630454,0.0004953489,0.5625002,0.48806235,0.020708052,0.028677197,0.0065043876,0.14128342,0.36532763,0.37001586,0.391341
385,0.0010348692,0.008659157,0.0020870524,0.0010539221,0.82750267,0.44978508,0.22099574,0.0132404035,0.2701361,0.17279822,0.3168206,0.5410119,0.12485665
386,0.0069614514,0.1726134,0.0054466077,0.4311688,0.3114302,0.4411583,0.19303857,0.62831986,0.253205,0.24093802,0.3515912,0.4402526,0.26573056
387,0.0018732888,0.0074422536,0.0043538166,0.48520172,0.084571324,0.07067988,0.51469177,0.024697846,0.1595468,0.22435161,1.0007473,0.43339002,0.09551736
388,0.00095837517,0.007964736,0.0020817784,0.0005341606,0.0034155562,0.6678647,0.25821647,0.2493179,0.29474303,0.19593248,0.021229077,0.46241704,0.4660899
389,0.0011736538,0.016009135,0.00097511703,0.2762391,0.22586635,0.61281294,0.12139791,0.7823435,0.39013746,0.00272251,0.0371459,0.013448333,0.024005385
390,0.007790869,0.08785169,0.0047989613,0.0012910246,0.16497713,0.0324473,0.77781624,0.53222966,0.24704884,0.70564795,0.013169085,0.27897346,0.028032802
391,0.01874833,0.002936366,0.002143523,0.27262008,0.0055440054,0.47513062,0.50842154,0.010531869,0.43864676,0.34361082,0.5200703,0.13992332,0.013246269
392,0.0117936395,0.13304137,0.1087081,0.026403207,0.12145652,0.4587263,0.53915364,0.3585752,0.040023483,0.54216874,0.021608505,0.032455407,0.36362502
393,0.0038485394,0.24049647,0.011257831,0.33073974,0.3659401,0.19506948,0.51725745,0.32885444,0.34696737,0.21044531,0.05479528,0.02506315,0.25536188
394,0.0015753665,0.00509195,0.0040847235,0.50197875,0.004558081,0.44617593,0.59032327,0.048557486,0.07977999,0.30106848,0.08122646,0.20603503,0.32188395
395,0.00238663,0.001174998,0.18862827,0.6624025,0.0019853,0.0065085148,0.20571057,0.40564802,0.4285262,0.0035147269,0.029754171,0.10853829,0.13938469
396,0.037460215,0.0026776392,0.0012317381,0.27730134,0.3140335,0.14771949,0.061452456,0.43290794,0.48981056,0.00553458,0.13440587,0.45797515,0.014440041
397,0.006987511,0.016604738,0.06950102,0.41621193,0.14571202,0.006201135,0.17739043,0.6231711,0.11113292,0.41822043,0.43446776,0.0058735493,0.0035034267
398,0.0038036262,0.007723738,0.0018006556,0.4766803,0.2103888,0.3318303,0.5269225,0.017135084,0.22269937,0.00703506,0.73953927,0.0056310776,0.03208908
399,0.003565435,0.06943273,0.0024668134,0.8431301,0.62736857,0.20896205,0.21693489,0.07681781,0.019030552,0.19788015,0.5090991,0.190621,0.27464744
400,0.0022749845,0.0046168305,0.0022030114,0.2372766,0.011355256,0.22858101,0.17837289,0.15012304,0.30677113,0.6094915,0.060466226,0.09024361,0.7409849
401,0.0012486893,0.006160112,0.013788197,0.32791653,0.06699969,0.035735272,0.56485325,0.45859155,0.02663973,0.011425677,0.22526304,0.28118056,0.42859513
402,0.002193957,0.048274968,0.0059169857,0.25539592,0.11932696,0.24366693,0.23107365,0.6175504,0.55118257,0.13532825,0.034654655,0.058154304,0.56028694
403,0.0019370818,0.017518098,0.004420596,0.27031973,0.61936736,0.030154988,0.04160928,0.33051586,0.03001748,0.42823154,0.50314915,0.102744035,0.3478535
404,0.00087152526,0.23675534,0.009407719,0.20479544,0.05447398,0.55580235,0.008718542,0.104254946,0.7635835,0.21657458,0.29996818,0.18095821,0.012495243
405,0.0022022144,0.086202644,0.020703025,0.32206285,0.26785058,0.14786223,0.19946429,0.43678483,0.45354682,0.6673921,0.032918487,0.0487183,0.33416626
406,0.0091315815,0.21565486,0.0021457227,0.47038612,0.32404318,0.051265992,0.0030525327,0.019298693,0.41612223,0.7572913,0.12764886,0.083088376,0.6112029
407,0.001512929,0.10891607,0.027050018,0.9877712,0.49552637,0.42150217,0.0040759384,0.42781097,0.03127039,0.52734816,0.2913312,0.009919622,0.010089013
408,0.0033997186,0.028374799,0.0037962804,0.3584565,0.10298195,0.009255984,0.43382552,0.2914074,0.0047202585,0.24273565,0.0066074026,0.7780564,0.3110542
409,0.00069579744,0.0023207176,0.0011349884,0.78407073,0.052716482,0.020473732,0.44373524,0.17488241,0.12561885,0.4212791,0.16607389,0.42133346,0.009415147
410,0.013247436,0.0041772015,0.0037279753,0.110089056,0.31988367,0.23411736,0.7754181,0.35259548,0.18446606,0.07387746,0.12584978,0.25428557,0.5145435
411,0.0012273089,0.0155884065,0.19301295,0.22669837,0.03356802,0.27172458,0.2804693,0.20500062,0.7426473,0.35395294,0.030626673,0.3281136,0.15659638
412,0.07742614,0.0036185104,0.008473949,0.25510585,0.0072000404,0.61765474,0.37835655,0.31759155,0.38777697,0.1899067,0.7233988,0.17009498,0.18765995
413,0.006269891,0.0060744947,0.010165278,0.003765596,0.01984824,0.3812131,0.19221824,0.042524885,0.41683978,0.5888883,0.061577324,0.23548867,0.33363542
414,0.027011488,0.00434596,0.004775344,0.06662399,0.6659835,0.5337825,0.56003547,0.04601568,0.09358954,0.21085104,0.13871388,0.46764684,0.059035394
415,0.002409183,0.05982199,0.03992741,0.0015623939,0.43077436,0.21432422,0.4616629,0.11589565,0.2601832,0.7910596,0.06521432,0.28306827,0.022315266
416,0.0017911703,0.020304875,0.005787472,0.00040249678,0.3310677,0.016508117,0.35270032,0.8724439,0.010316508,0.21957195,0.18736929,0.402585,0.010540058
417,0.0025938025,0.010123405,0.0057410304,0.19624263,0.15204018,0.4904538,0.22678824,0.6810935,0.4593277,0.15798837,0.15405798,0.26755,0.3045403
418,0.0032989292,0.001590365,0.01899611,0.7192334,0.3078236,0.012332822,0.003120671,0.2792227,0.008161963,0.006496714,1.0621942,0.14826019,0.10282257
419,0.0008576557,0.06014036,0.0040411525,0.35288844,0.012296632,0.5402144,0.5022326,0.75113666,0.006318384,0.0052975863,0.14723799,0.111445144,0.19798839
420,0.0061066654,0.0032305128,0.0048974073,0.875171,0.1340978,0.04195437,0.25396052,0.048383307,0.26528385,0.5969407,0.38960427,0.27463287,0.19640101
421,0.0040152534,0.0031591807,0.0044551864,0.38765028,0.11309453,0.046793427,0.0021813745,0.18571678,0.13155851,0.48448503,0.29385743,0.28590253,0.8939262
422,0.005086262,0.09373048,0.008555936,0.3118529,0.27094316,0.25808808,0.26298118,0.15391116,0.46804255,0.007150318,0.9262435,0.22053435,0.028353294
423,0.003697495,0.22818041,0.003900874,0.2206122,0.36551017,0.19425604,0.20559976,0.23484696,0.5503779,0.17925945,0.15130599,0.03008485,0.557691
424,0.0025481875,0.31443235,0.002547065,0.33808163,0.011557731,0.2893148,0.26255018,0.46202198,0.36143944,0.2547816,0.57372075,0.012979087,0.0847225
425,0.03354755,0.0025341169,0.0034315747,0.27485746,0.29495588,0.35199463,0.32303968,0.17463538,0.016477518,0.100623064,0.50134856,0.45715222,0.37277752
426,0.0029266567,0.016567422,0.0023181103,0.0036563734,0.2057657,0.024420334,0.006073752,0.043253757,0.1313414,0.9795469,0.5149008,0.3986965,0.40891898
427,0.0019325593,0.1675129,0.0021766303,0.1722808,0.006249101,0.2450266,0.8539824,0.16480695,0.3526587,0.1425769,0.3998001,0.15675673,0.23447654
428,0.01609057,0.0051486124,0.0150451325,0.22060694,0.046061695,0.11189189,0.4919658,0.2938161,0.61582536,0.13708486,0.1421791,0.59491295,0.15108675
429,0.0017230861,0.2641378,0.03618924,0.11621066,0.39998254,0.0099698575,0.56326205,0.34618002,0.08779719,0.62261665,0.040801626,0.0065927585,0.01681583
430,0.0009865471,0.09577423,0.0011234555,0.27197778,0.05547064,0.3276776,0.0014882619,0.022460533,0.2960328,1.0158991,0.05538281,0.20019111,0.010276446
431,0.001056782,0.062172614,0.0036416922,0.00043128376,0.0072412957,0.4643442,0.4165856,0.28355074,0.23474762,0.27368987,0.23130505,0.45491654,0.1884229
432,0.00059350027,0.06825073,0.0018574952,0.00056285644,0.7619807,0.014011734,0.7715808,0.207545,0.051335253,0.195536,0.42371425,0.041500174,0.16591556
433,0.0032918795,0.12482935,0.13700828,0.0033324296,0.52126396,0.007155566,0.26074454,0.12627064,0.78883034,0.6602779,0.009110379,0.2662925,0.024827655
434,0.0033127186,0.0061794636,0.017890029,0.24203603,0.16713823,0.2802287,0.0104639465,0.44671378,0.61477053,0.70704,0.25361714,0.282101,0.30800766
435,0.026028106,0.0017455353,0.00437749,1.4289953,0.07569371,0.726542,0.11172338,0.24359994,0.0103942985,0.29186085,0.4179737,0.03805869,0.13642351
436,0.0030441766,0.0037132818,0.0020124463,0.77775973,0.2603698,0.027510807,0.23544708,0.28443342,0.15222664,0.09427983,0.48708078,0.6615708,0.019223107
437,0.0039686356,0.10583272,0.088096686,0.0015833346,0.073405944,0.06979599,0.3607829,0.16583931,0.071816415,0.5433567,0.7696221,0.655549,0.39809933
438,0.004739393,0.15179388,0.028880427,0.0010526489,0.4145123,0.032526206,0.27588975,0.29753986,0.013757951,0.39322,0.21063174,0.34757468,0.8168865
439,0.00540514,0.059998807,0.0027969726,0.56774336,0.49015605,0.016856791,0.5337344,0.009573729,0.16462566,0.0038408025,0.3754989,0.3219782,0.25736123
440,0.009220886,0.0023976648,0.079007395,0.5194701,0.32386225,0.4323696,0.005910852,0.30538052,0.19185677,0.47868937,0.11704681,0.40086424,0.3139315
441,0.003516084,0.015668355,0.0026751682,0.36756802,0.24130179,0.051876817,0.5222225,0.45523944,0.014205761,0.49794218,0.37753153,0.2337649,0.1409606
442,0.0013024897,0.0014905948,0.00055562786,0.7175898,0.0023123685,0.04800188,0.15039714,0.011218036,0.6219568,0.0030240826,0.058320295,0.47136965,0.44315043
443,0.0014876832,0.0062620114,0.0022383179,0.26191244,0.0043827915,0.14522764,0.1475057,0.9011718,0.27925906,0.6105984,0.033072207,0.18940409,0.0334902
444,0.013497156,0.05414924,0.0075625223,0.3842097,0.28230935,0.28837863,0.49661243,0.36946803,0.28972924,0.012687288,0.15019587,0.271385,0.49269038
445,0.004507652,0.040122174,0.0725488,0.16137607,0.17995459,0.05329848,0.22904247,0.5287601,0.018449094,0.26098105,0.33226916,0.60836416,0.5671234
446,0.11536236,0.0022026782,0.0011569695,0.3982517,0.00316475,0.03615756,0.16085568,0.16420473,0.008398837,0.9836741,0.21538289,0.013699356,0.38817272
447,0.029631315,0.010400299,0.008128595,0.052599784,0.030363949,0.2572263,0.5452776,0.40869552,0.009544849,0.004480765,0.8572939,0.10736833,0.19527996
448,0.07009605,0.19584122,0.21799433,0.86450493,0.007716023,0.4028347,0.3480362,0.33180985,0.031136183,0.18199092,0.606161,0.06650647,0.03321484
449,0.0021322935,0.13846576,0.0014325624,0.24185392,0.17263347,0.37589484,0.005907133,0.4271327,0.07452714,0.2063605,0.5814664,0.6494966,0.1547259
450,0.0009883314,0.0032310116,0.0009545932,0.7973334,0.6098592,0.3771998,0.30566886,0.0112361275,0.31401488,0.31436667,0.035397943,0.010033023,0.0120347915
451,0.0066456315,0.095702864,0.019677285,0.34208694,0.31707737,0.16761859,0.3012773,0.07438656,0.04527373,0.35592467,0.19126754,0.04284044,0.54038984
452,0.018373262,0.046990626,0.04139108,0.20762,0.27982125,0.21640421,0.22409903,0.75755006,0.0058101877,0.3398128,0.007656829,0.16833138,0.032029603
453,0.0062842993,0.0010689134,0.0225215,0.70734584,0.4583951,0.22546923,0.004423896,0.75891876,0.0058508264,0.34214506,0.08004212,0.16444953,0.02207438
454,0.0061766426,0.012044249,0.027739238,0.2441069,0.006778201,0.36528885,0.60577244,0.42896172,0.33420205,0.377683,0.33362648,0.0054517966,0.0070093474
455,0.0013394547,0.015746785,0.030464225,0.086867064,0.103333674,0.40467563,0.88531804,0.4716972,0.018801572,0.28614953,0.43395796,0.011814887,0.035244677
456,0.0014701546,0.005328511,0.007666318,0.0006333253,0.8904116,0.5855147,0.29566023,0.33967364,0.03218291,0.36679196,0.31603938,0.07388548,0.1763272
457,0.00082791236,0.008575174,0.0021219386,0.17697226,0.30617517,0.4314201,0.5833671,0.083599895,0.55431217,0.51364183,0.35720128,0.30650872,0.018867705
458,0.021655641,0.044408813,0.03650181,0.46203652,0.40374494,0.032198433,0.023691554,0.54216343,0.18737629,0.86576056,0.02321805,0.081293985,0.31552008
459,0.001280081,0.0014248065,0.016476678,0.14930788,0.001174609,0.25359297,0.000663807,0.074480094,0.14600362,0.72409505,0.28458035,0.38085395,0.39583036
460,0.024930494,0.0063826917,0.0390019,0.38066107,0.10665705,0.3525136,0.32731253,0.47892612,0.118382685,0.0063860742,0.2688263,0.3695801,0.6761848
461,0.009098337,0.0138744945,0.0246604,0.0035101972,0.36409172,0.4513996,0.28323242,0.52058095,0.3190965,0.099393204,0.19617435,0.75489616,0.06773762
462,0.008580385,0.03785666,0.11508486,0.3643005,0.18514532,0.073485486,0.68366426,0.6191889,0.01688293,0.56663126,0.1377568,0.20782492,0.22008096
463,0.011552995,0.009771075,0.008260613,0.7403006,0.117377326,0.023460753,0.31516802,0.30327025,0.061831903,0.61779386,0.54338294,0.09419374,0.3292666
464,0.0014825272,0.007075418,0.001572134,0.081328735,0.45691428,1.0851796,0.17887406,0.028673202,0.48566777,0.13250396,0.062147997,0.39698792,0.17027259
465,0.0023639724,0.007667032,0.1995369,0.4555393,0.31983948,0.034365814,0.42870432,0.09472285,0.5951079,0.20798038,0.22226124,0.37714744,0.22054814
466,0.0027530075,0.02834482,0.009012463,0.00095106364,0.5116621,0.45715782,0.2869822,0.6156766,0.033440866,0.3340762,0.14595523,0.3536901,0.13131039
467,0.0018611841,0.009628845,0.0031769231,0.29593655,0.193028,0.37597686,0.24602711,0.5439601,0.44037917,0.16447413,0.03481552,0.24792562,0.29220152
468,0.00052240427,0.002282372,0.007942253,0.29185572,0.0013144017,0.028350018,0.0006365735,0.49670595,0.45318052,0.5129618,0.013004424,0.34614182,0.15613441
469,0.00080207275,0.05619446,0.043642152,0.2383736,0.21111767,0.46388063,0.0021756396,0.65962553,0.00960628,0.29477468,0.07690916,0.3397203,0.37229645
470,0.0037252577,0.0015899367,0.059880074,0.89229614,0.15383963,0.3228862,0.7534718,0.19235983,0.014985655,0.15085608,0.017516393,0.37801188,0.15174946
471,0.010026844,0.036011137,0.0019297276,0.1700841,0.006211465,0.08201288,0.13758805,0.46550897,0.15625063,0.38983017,0.2550867,1.0863979,0.1501763
472,0.03807701,0.0008218163,0.00073581625,0.6984021,0.7299379,0.0061234273,0.37523997,0.18508814,0.003138544,0.0019341582,0.3266108,0.24320014,0.0076111737
473,0.002362376,0.008951475,0.0083717555,0.4868299,0.19346382,0.5205733,0.012122032,0.22075763,0.13635845,0.7287674,0.35503235,0.49250123,0.015006604
474,0.0009765804,0.0017625922,0.0008685017,0.6315446,0.7294785,0.400047,0.0038472447,0.022238163,0.6163977,0.0045440923,0.03548678,0.12953922,0.32261544
475,0.009275084,0.21530631,0.17695017,0.17477389,0.5558509,0.04536524,0.18793713,0.72849417,0.37020206,0.21636654,0.3400594,0.21481465,0.10187098
476,0.0020490126,0.07002803,0.001636249,0.0020000706,0.5786383,0.3200967,0.0030253662,0.38508308,0.4042574,0.013454165,0.010122425,0.43330523,0.5299541
477,0.004280362,0.030793741,0.004834955,0.7383938,0.6632505,0.17628281,0.0025686328,0.3846883,0.008614179,0.005286972,0.16860116,0.38740045,0.116943605
478,0.005576961,0.011668686,0.097374834,0.21314049,0.31811225,0.31545106,0.3214669,0.2854648,0.31081554,0.22258277,0.09761799,0.6742968,0.58387667
479,0.0037023735,0.04953835,0.0044291746,0.17362763,0.018394385,0.06593743,0.17864345,0.8929222,0.56522375,0.24560282,0.20221387,0.24051207,0.22856641
480,0.0022398767,0.044404447,0.011990399,0.5489674,0.43525532,0.008116508,0.49304712,0.3703984,0.5175818,0.105385885,0.019191718,0.04628266,0.006463676
481,0.00081082317,0.036494296,0.025573013,0.010520582,0.18230627,0.3216762,0.0031728486,0.49091446,0.006107844,0.20094794,0.12183867,0.29515275,0.83269066
482,0.001153171,0.0024280555,0.0010619232,0.00064157706,0.0066609327,0.46018577,0.17134523,0.734756,0.049762912,0.20483717,0.14658765,0.33850193,0.10667847
483,0.004064797,0.007341093,0.002522793,0.36132073,0.47583055,0.052702323,0.24078234,0.026202044,0.37845057,0.58664334,0.3543691,0.13360581,0.36631346
484,0.0008415265,0.003124736,0.0019876785,0.70662034,0.00697159,0.4794183,0.51542497,0.074695304,0.25888282,0.1545891,0.3279494,0.013179761,0.39204925
485,0.0011589564,0.02088861,0.002511678,0.5889363,0.32879442,0.06284257,0.0059926473,0.02558051,0.39040866,0.56154907,0.21651742,0.30337945,0.5339053
486,0.0011608305,0.13802923,0.0025296435,0.8859912,0.12910031,0.5829364,0.23360299,0.04712196,0.11789278,0.31596637,0.2557076,0.014455175,0.27852577
487,0.00355416,0.00517953,0.007971296,0.2206665,0.13977353,0.4925143,0.32574308,0.6950352,0.21926421,0.009359944,0.22161603,0.1523125,0.2744467
488,0.011960195,0.043573856,0.0069419905,0.10222116,0.3151274,0.20885661,0.29160887,0.367328,0.7127313,0.11450334,0.53136533,0.04729259,0.2124746
489,0.0128126005,0.0150495,0.0038203143,0.03028216,0.29618594,0.70382905,0.18604617,0.14425287,0.21625324,0.3575351,0.44463935,0.4955344,0.023480264
490,0.014454523,0.008923748,0.046476714,0.00061617256,0.5759123,0.4851259,0.14217639,0.3247544,0.5191319,0.1705991,0.2545191,0.18186657,0.19977531
491,0.0005564438,0.0119646555,0.0015669115,0.48856315,0.3961014,0.20589404,0.005024337,0.0142302215,0.23326819,0.24116087,0.021820335,0.58665115,0.428975
492,0.031272233,0.05935689,0.030885132,0.0011850432,0.028349454,0.16098864,0.16463485,0.34246233,0.41727632,0.8456541,0.4066764,0.21683583,0.38489845
493,0.0010145672,0.002795097,0.0012078396,0.54020274,0.0060848775,0.022676803,0.4713162,0.50264317,0.012158757,0.18252426,0.65294594,0.2595805,0.1198471
494,0.0020049685,0.032394033,0.003036315,0.0012111705,0.52025014,0.0460337,0.32656616,0.6186529,0.41126055,0.20846348,0.16844049,0.07889691,0.5202575
495,0.017278302,0.0051770736,0.06976159,0.5108139,0.010087112,0.067540936,0.41021013,0.20757653,0.1561285,0.27721435,0.68183625,0.55730784,0.16292894
496,0.010729285,0.022243991,0.0035187004,0.31807443,0.5335081,0.22954857,0.0037340785,0.15357351,0.3002338,0.5651466,0.7423812,0.11286069,0.039410755
497,0.001377508,0.14511919,0.0017241989,0.5924741,0.42970628,0.12671599,0.21026717,0.10667206,0.49235722,0.0057671294,0.1451921,0.19353303,0.31654114
498,0.0018816944,0.0025180276,0.0007268051,0.13562757,0.049279943,0.03140392,0.002341894,0.8494746,0.025667172,0.33281305,0.5004859,0.48028108,0.37648153
499,0.0058453674,0.013743976,0.0038825374,0.12154185,0.46225914,0.22077838,0.62880766,0.25888655,0.046368852,0.31060082,0.50459266,0.40845948,0.20821336
500,0.006855203,0.0034385067,0.015863081,0.000725,0.36329234,0.39529335,0.071362376,0.3861773,0.08747069,0.21508557,0.28828016,0.5282665,0.5629875
501,0.021315712,0.0027063244,0.0015690792,0.20463067,0.28837755,0.54268473,0.004566052,0.49859676,0.16100135,0.015095001,0.31135076,0.82178354,0.1616403
502,0.0006688667,0.009452718,0.002934344,0.42655355,0.0026690003,0.71349055,0.0011936122,0.11598686,0.3777976,0.23384765,0.42152828,0.28731662,0.13145646
503,0.0013421647,0.03719878,0.0011590694,0.029927406,0.009114469,0.26339126,0.37821275,0.040189605,0.49493036,0.111211166,0.92146856,0.3432028,0.2110258
504,0.00457899,0.00285995,0.01350172,0.4878113,0.6763439,0.1518496,0.36853072,0.41705334,0.008885695,0.007189071,0.24304016,0.008202723,0.25999004
505,0.0019478209,0.08631481,0.00927848,0.5971084,0.43563372,0.24490722,0.1792708,0.0700638,0.5495409,0.116881065,0.02156013,0.37723753,0.167924
506,0.0020654139,0.11583973,0.0053364523,0.9160058,0.07332716,0.016228706,0.38301304,0.13424018,0.5806953,0.50341946,0.03350856,0.0129128825,0.07031621
507,0.003377909,0.013843429,0.0020721687,0.00071223854,0.23224029,0.3606949,0.42960584,0.32656017,0.015889106,0.534696,0.32345805,0.2612117,0.28228065
508,0.002772235,0.0015058891,0.22343999,0.23970523,0.009895136,0.40520707,0.3323354,0.011158669,0.23869339,0.16518089,0.8175876,0.0274582,0.16681726
509,0.014528364,0.00406258,0.0018563713,0.21519564,0.28058195,0.41507056,0.7346784,0.260168,0.39026645,0.05250913,0.24488199,0.09233725,0.41311926
510,0.0030848873,0.044908885,0.0034613763,0.092724085,0.0053215083,0.4799744,0.43993402,0.42080554,0.057575706,0.15442763,0.21252243,0.01598006,0.39427656
511,0.00081871805,0.02840711,0.07920893,0.00045658936,0.08435188,0.26971686,0.5282949,0.37422144,0.00878242,0.76687926,0.010577861,0.3425745,0.010810254
512,0.0012686757,0.006431079,0.0026400394,0.010328634,0.38986608,0.043146368,0.26012537,0.031654704,0.030431649,0.45974302,0.37842453,0.41767687,0.7902969
513,0.0017173039,0.015208272,0.056051712,0.52436143,0.06453682,0.038435936,0.30598757,0.75381917,0.37626082,0.03408464,0.60947526,0.23509692,0.2769624
514,0.002881155,0.09546653,0.0020646544,0.10310997,0.0027440074,0.15403518,0.0026950063,0.10829524,0.084513545,0.5614603,0.51945853,0.3126981,0.63467944
515,0.0027039826,0.0064914874,0.017391983,0.47434384,0.0022018815,0.17551032,0.0020322704,0.41716444,0.15109946,0.80174154,0.2213597,0.33581,0.2797682
516,0.0046528606,0.031781092,0.0012575666,0.46998426,0.17683169,0.42102346,0.4723167,0.06820289,0.010360013,0.003689479,0.15239912,0.31657133,0.59336466
517,0.0014989729,0.047445312,0.0036414843,0.5872959,0.44918936,0.028491035,0.7001816,0.2401792,0.08007163,0.120594546,0.033273898,0.26970065,0.29649374
518,0.0025568737,0.10260609,0.11390869,0.9919937,0.002175778,0.4414218,0.0013845569,0.43152308,0.18114115,0.090521365,0.21468319,0.015298598,0.38466352
519,0.0014239231,0.0039173616,0.002257929,0.43293133,0.00879571,0.36204332,0.23453845,0.39466962,0.07132647,0.77451974,0.12636694,0.19351812,0.28813973
520,0.008021107,0.0021102068,0.0018512422,0.000726542,0.61970466,0.026282454,0.0050743707,0.7506514,0.34391433,0.00599113,0.24171886,0.24806,0.12259746
521,0.0011684787,0.015706455,0.008157363,0.16408719,0.31685933,0.035840712,0.005975692,0.7010801,0.45144987,0.23820245,0.46901459,0.20017219,0.3549232
522,0.0015926504,0.0024029524,0.2690445,0.573976,0.0023940238,0.14799793,0.52296054,0.40540737,0.44578522,0.161655,0.30552164,0.006307989,0.0073200213
523,0.007310892,0.12111909,0.0073754587,0.2722993,0.15602753,0.29911768,0.47591802,0.023637926,0.25684762,0.61841553,0.32674932,0.5381303,0.034447514
524,0.0033199682,0.029835325,0.04865664,0.0017144065,0.1399214,0.049611844,0.38588384,0.46866506,0.09540606,0.5961086,0.5552044,0.5009693,0.20063815
525,0.018033711,0.03691916,0.010306939,0.40302867,0.32114324,0.041011233,0.0080362335,0.36035112,0.21235414,0.9673585,0.3306952,0.2752477,0.50629014
526,0.007930657,0.006591265,0.0024260222,0.0015197942,0.19404912,0.08080605,0.24113652,0.15837109,0.05189203,0.4276871,0.5930402,0.52630615,0.009481397
527,0.0036460324,0.042220436,0.00167866,0.7213598,0.6109383,0.027553838,0.24233648,0.09423675,0.23380335,0.28540167,0.023006104,0.6396129,0.064976566
528,0.0017608793,0.0812291,0.008466766,0.4384891,0.2606867,0.22967303,0.58261585,0.25888684,0.45749262,0.37794465,0.35978663,0.013120205,0.013684847
529,0.047932323,0.009097423,0.0018491363,0.001288683,0.004745616,0.42048195,0.4026242,0.7085848,0.040339403,0.50886077,0.325597,0.020342292,0.15811823
530,0.0050245924,0.0040889145,0.0477609,0.65027875,0.27354628,0.20161712,0.0028796713,0.21957858,0.05706774,0.87284297,0.42585137,0.14305931,0.2900251
531,0.0008607972,0.02134087,0.022453513,0.0006048065,0.13558355,0.100732096,0.0045848703,0.79593414,0.008615759,0.4633893,0.013041907,0.28963593,0.09584458
532,0.0029666265,0.20004745,0.0032464045,0.65834016,0.9625176,0.35033038,0.22984056,0.038819518,0.07992573,0.14404994,0.14016888,0.009887595,0.20810345
533,0.0035457911,0.28403255,0.008155726,0.57650685,0.19176568,0.06762863,0.6548356,0.18889645,0.12316918,0.23582204,0.27578485,0.32848358,0.35711077
534,0.0032425758,0.1514431,0.013696766,0.0006084244,0.40455747,0.102824815,0.5437299,0.039391425,0.28489792,0.017801303,0.60973847,0.16747129,0.5320573
535,0.0018390383,0.0044155046,0.15973756,0.09973763,0.31221244,0.23976293,0.3654719,0.016489428,0.015059766,0.28385034,0.18253462,0.59447324,0.43321463
536,0.013659419,0.06407022,0.011007375,0.002112534,0.29321525,0.6666396,0.659119,0.048584927,0.16824955,0.2311447,0.45774594,0.020520147,0.22728577
537,0.0007009338,0.047745377,0.0026935858,0.00048879354,0.0056173047,0.58735734,0.14557397,0.320087,0.88189274,0.13795534,0.0071692686,0.14002582,0.015323997
538,0.014715873,0.15493661,0.0028484953,0.34071204,0.5097407,0.13653731,0.23316623,0.4310581,0.45269635,0.008911837,0.11758522,0.40752372,0.34671676
539,0.003413214,0.078331314,0.00447481,0.0011520825,0.15666072,0.37758878,0.3052833,0.5407667,0.3720563,0.4325766,0.15008219,0.25711817,0.4292088
540,0.01627693,0.14430745,0.0014783763,0.5743684,0.45415235,0.016066877,0.39068177,0.006657786,0.003609128,0.0032659548,0.004197685,0.3593808,0.68511695
541,0.013878308,0.017045463,0.012284966,0.40622637,0.0061814953,0.46150327,0.3624048,0.034682605,0.6726012,0.08683476,0.278633,0.18836215,0.012716373
542,0.0032211705,0.23324922,0.0039819228,0.56589717,0.005295424,0.41543856,0.27084044,0.16837624,0.27983603,0.0060132956,0.11779251,0.6437923,0.2325432
543,0.0027486093,0.0051736045,0.005724383,0.595866,0.08698521,0.18709771,0.30334267,0.41335824,0.22554038,0.3743088,0.4032514,0.17406553,0.32363608
544,0.0039843777,0.05185604,0.00859348,0.0015630097,0.51322997,0.09984428,0.1741554,0.13423352,0.66887987,0.15534663,0.013003026,0.33646786,0.49207002
545,0.0036501954,0.08792229,0.0074702683,0.14905924,0.28032082,0.36313117,0.35826686,0.11808326,0.9255926,0.2980079,0.33974847,0.04265152,0.31414625
546,0.090904675,0.044263035,0.001729907,0.0028488513,0.23493749,0.36982045,0.44957155,0.5730507,0.20416176,0.18537968,0.44413158,0.44146505,0.1813657
547,0.0038431527,0.013439515,0.002644311,0.083331004,0.008372948,0.15055215,0.990605,0.20818084,0.29625952,0.21434113,0.63938606,0.15184359,0.083951674
548,0.1377351,0.008688874,0.029797208,1.0591604,0.31113365,0.19090661,0.21552762,0.25602725,0.11799109,0.33277434,0.4179029,0.11694913,0.5577947
549,0.0015193293,0.010355816,0.033208832,0.23763196,0.23587629,0.44529927,0.63232857,0.3048301,0.28125295,0.026158663,0.57903683,0.24486245,0.11804574
550,0.00204193,0.003811408,0.0013885553,0.40336126,0.7067686,0.46291637,0.0057220794,0.13670437,0.67697394,0.09609401,0.10377235,0.08511002,0.38885254
551,0.033851806,0.047227446,0.0035666837,0.24550718,0.08332734,0.629174,0.8254856,0.18170722,0.16634075,0.3481743,0.03380339,0.42593488,0.013396132
552,0.0058121174,0.005940806,0.011280559,0.38977304,0.55341995,0.40724728,0.50229424,0.18631889,0.23560242,0.13539961,0.08190633,0.0349278,0.57800865
553,0.0034461282,0.0020735934,0.048199885,0.7677395,0.24988428,0.36491793,0.016578699,0.75261945,0.04819395,0.4229038,0.37631273,0.03756039,0.043648276
554,0.005539094,0.0238724,0.010354951,0.31263742,0.075285085,0.15719438,0.27162704,0.4391475,0.5669228,0.317134,0.45096084,0.06479892,0.28508082
555,0.001921892,0.0025685895,0.002473741,0.51028955,0.0039557796,0.39540228,0.15123937,0.4756855,0.19319682,0.18745637,0.62726456,0.5592239,0.06694673
556,0.0013377878,0.076606005,0.023073498,0.34888873,0.43723825,0.16017555,0.4118197,0.15011095,0.04895999,0.0065515675,0.60178685,0.50460595,0.2739958
557,0.0010639585,0.0015907991,0.0023848573,0.67863154,0.17497706,0.091475025,0.5502989,0.031265132,0.38918382,0.19212347,0.4449328,0.0035198387,0.0043857475
558,0.0013153648,0.07032558,0.0022656731,0.017743183,0.469785,0.20053369,0.004943261,0.11964832,0.4474672,0.59825575,0.58892816,0.03936211,0.013504706
559,0.0013736433,0.0042343615,0.017100979,0.27500716,0.13244498,0.6219188,0.30088684,0.55756766,0.103436835,0.02163604,0.26712948,0.5942451,0.11514253
560,0.0029385122,0.012696886,0.00458428,0.018433062,0.35473102,0.3322889,0.41804978,0.5634734,0.23567113,0.15522072,0.5370392,0.5412925,0.011182737
561,0.0011926331,0.0015909246,0.0014078105,0.40438494,0.89505845,0.14464174,0.005814563,0.23215894,0.01882356,0.38904724,0.5899418,0.018525094,0.008203201
562,0.0062014647,0.012315934,0.025325924,0.46486005,0.11021961,0.016629966,0.0037763272,0.66807204,0.19266239,0.30151793,0.020659013,0.25337893,0.015622299
563,0.0013024304,0.0075960057,0.006614114,0.040274482,0.36857432,0.22511515,0.3515204,0.10251663,0.124908775,0.5098202,1.0679044,0.16096686,0.017452408
564,0.0038939032,0.038386762,0.0031499425,0.0069778645,0.19881146,0.044947296,0.14497812,0.4524125,0.41805887,0.6136604,0.047627397,0.14570889,0.5689207
565,0.041468028,0.0518096,0.015084588,0.243924,0.36375976,0.24410959,0.6577804,0.022405518,0.35191962,0.36150104,0.35608053,0.32089686,0.24907236
566,0.023652542,0.0032139039,0.0014634939,0.34015027,0.013323276,0.19365813,0.5550963,0.05781967,0.35444823,0.3257443,0.9945991,0.0059733456,0.0033252903
567,0.0011562376,0.0043682107,0.003501022,0.26052737,0.009864967,0.21738853,0.68318254,0.6014668,0.011911988,0.007266354,0.48105955,0.013672338,0.5195126
568,0.003620115,0.005902984,0.0052271276,0.27473745,0.43432367,0.52690417,0.1920519,0.5633043,0.0059368494,0.188917,0.008552908,0.03357286,0.33633417
569,0.004881823,0.023398168,0.001537658,0.019971445,0.73505294,0.22959952,0.27951318,0.28021333,0.5941697,0.0055457423,0.07006579,0.35718492,0.013514611
570,0.003516614,0.034755018,0.0032750214,0.0012018447,0.30132496,0.46991673,0.3351538,0.3281335,0.5171894,0.35761487,0.3864336,0.20611064,0.23463841
571,0.026877029,0.13373522,0.001779133,0.22780186,0.58436215,0.026034819,0.074996114,0.14267313,0.23697169,0.5859357,0.027909921,0.5772834,0.2558082
572,0.061875705,0.15877038,0.19925971,0.3830521,0.3147807,0.02317208,0.20483458,0.088143714,0.19336206,0.009073721,0.40873405,0.65558505,0.008113131
573,0.002886154,0.006820627,0.0023010194,0.24428113,0.18387727,0.35548675,0.0066082,0.5671397,0.030547779,0.0070430026,0.25368518,0.50194657,0.21509564
574,0.0010805336,0.0042490936,0.0019140808,1.00839,0.13681239,0.32665977,0.002516269,0.2726952,0.042195577,0.41534582,0.43649682,0.23565668,0.18358727
575,0.0017534903,0.010052123,0.002403247,0.61628205,0.005481784,0.2602466,0.34813654,0.015502895,0.18520178,0.4758258,0.035229154,0.46527085,0.4238599
576,0.00095852284,0.3264381,0.025949873,0.4519284,0.16958506,0.024901157,0.0053349975,0.79030025,0.007689661,0.32357815,0.14227124,0.23509115,0.11254789
577,0.0014427411,0.011637161,0.22846949,0.0012622571,0.009542685,0.21835852,0.18608561,0.29519045,0.568265,0.5300678,0.14466208,0.17841947,0.5102216
578,0.004131493,0.0023975864,0.005762916,0.66153395,0.52648616,0.123462394,0.35693258,0.08096764,0.05752226,0.0068319566,0.1155108,0.4942951,0.45119753
579,0.00057365734,0.055765517,0.0026443875,0.00049133,0.13898364,0.060804546,0.013480418,0.018895661,0.4009166,0.23045649,0.6686143,0.36370668,0.6225198
580,0.034015246,0.0035100225,0.0012343936,0.38504246,0.14974815,0.23057528,0.14335611,0.019304596,0.38912585,0.54496723,0.70707345,0.0046205977,0.0046364483
581,0.002485421,0.13718289,0.042505637,0.28610262,0.73677146,0.53911513,0.5107291,0.23212102,0.12757036,0.24979037,0.2614539,0.06879067,0.5121366
582,0.0043098405,0.07058743,0.0107796285,0.33677545,0.13494907,0.3212093,0.47994548,0.092877015,0.1709927,0.16157204,0.43425316,0.6907837,0.018289652
583,0.024321018,0.0012189846,0.0012820156,0.33331975,0.67340595,0.1875296,0.016032122,0.7917689,0.0076702093,0.0065666377,0.25407493,0.23962158,0.05629671
584,0.00259909,0.30041498,0.098128684,0.067549646,0.16187656,0.24985695,0.20254745,0.1667265,0.3246088,0.46135926,0.5160522,0.20857279,0.012822747
585,0.0018999142,0.014230075,0.0019056883,0.10002304,0.53979576,0.4486561,0.4882909,0.13859805,0.43577343,0.13978057,0.5401821,0.03479294,0.0054860376
586,0.003976525,0.009425633,0.093143664,0.13334455,0.26964298,0.4066319,0.48868963,0.012664134,0.3894659,0.35626674,0.019281732,0.41653058,0.011248611
587,0.00086399267,0.0010494739,0.0020327675,0.47300893,0.009807281,0.55154186,0.10679467,0.009786937,0.076116264,0.008932663,0.20551737,0.87616014,0.012757056
588,0.011334082,0.004311772,0.007784702,0.030006982,0.4182232,0.026112065,0.4488507,0.4490937,0.111192435,0.009801132,0.5109632,0.36376542,0.40179116
589,0.001594653,0.00205746,0.0021505973,0.24197757,0.3367185,0.36208802,0.0019608024,0.16818482,0.0055457316,0.81057554,0.007674281,0.15100898,0.29539537
590,0.0029758706,0.0026464497,0.0041597895,0.41332576,0.7107872,0.15682971,0.0058115097,0.10206384,0.1708261,0.22151783,0.100356616,0.5972426,0.34717783
591,0.006726705,0.02269203,0.017305529,0.0005665129,0.62160075,0.25050947,0.2615437,0.66059643,0.30630466,0.010700248,0.61446244,0.026228048,0.039413776
592,0.00076625426,0.0025010807,0.0027181278,0.89719254,0.22158208,0.119341664,0.003506836,0.1358416,0.009155014,0.3470258,0.31982425,0.211496,0.53783494
593,0.00078846235,0.0016616446,0.040028296,0.26260743,0.0052125533,0.048891824,0.6121058,0.96898687,0.01642884,0.21288897,0.29973117,0.19983386,0.12929812
594,0.13573478,0.2866473,0.053926267,0.07627724,0.30411518,0.8671767,0.2009825,0.009725784,0.3174607,0.28440657,0.44400138,0.009344844,0.009166068
595,0.003758134,0.009479867,0.0032367234,0.25518066,0.28014156,0.4754262,0.0045294273,0.5372275,0.42166397,0.020306762,0.41647625,0.21640371,0.14638063
596,0.0013490496,0.0030904245,0.0018080886,0.35969394,0.5140544,0.7584242,0.002080405,0.0951175,0.010041824,0.004434449,0.2870625,0.3843613,0.029501658
597,0.009269671,0.014832539,0.036714338,0.54242206,0.4401414,0.40418646,0.0029748867,0.08135289,0.5709099,0.3697954,0.034529917,0.13335016,0.0065480485
598,0.032244537,0.0066857357,0.022625847,0.47890165,0.40728107,0.5956851,0.1033628,0.3268803,0.24886626,0.36269572,0.13556558,0.59323955,0.15226622
599,0.031219255,0.0018618952,0.0068329964,0.49028084,0.33805,0.24112569,0.6377231,0.78093565,0.14591888,0.1567008,0.029584186,0.010194031,0.07520999
600,0.03420354,0.035984885,0.0023386744,0.015854085,0.6575794,0.011721974,0.06426912,0.29336008,0.01264071,0.44776845,0.008426028,0.6251876,0.23771247
601,0.003649286,0.006705207,0.005797309,0.17302847,0.57161427,0.031153768,0.010957402,0.22715968,0.59602004,0.48450658,0.13883388,0.23852353,0.15224406
602,0.001891552,0.19318962,0.14806077,0.35248372,0.23380914,0.3314694,0.091100365,0.050295305,0.15850124,0.40695894,0.842869,0.23550165,0.028997974
603,0.0018884675,0.027412903,0.00411146,0.0033149803,0.20863973,0.021046994,0.03090226,0.76418126,0.06448319,0.673875,0.38151267,0.4726867,0.026528344
604,0.0006743037,0.010410138,0.0070107975,0.1807791,0.0055248225,0.25403124,0.20693696,0.3432943,0.061437346,0.16129616,0.013053724,0.3934263,0.77316135
605,0.0026723368,0.23066327,0.027189573,0.28392208,0.47567347,0.03407224,0.14128952,0.40031072,0.08466169,0.26869565,0.17308307,0.3784416,0.6110477
606,0.0023815446,0.008280959,0.0011607994,0.31380466,0.42973498,0.11027249,0.00332841,0.34172338,0.4772738,0.40501237,0.041372325,0.5505359,0.012358871
607,0.048715703,0.066600606,0.010678533,0.5054037,0.31954506,0.105373144,0.48860592,0.040526148,0.382825,0.4568267,0.06492818,0.026764724,0.4447602
608,0.010568566,0.04965966,0.026313284,0.00076794025,0.3914508,0.49109817,0.73806494,0.37042785,0.12635694,0.23204127,0.35466093,0.23607863,0.06198395
609,0.0020917521,0.001734549,0.0014990815,0.6375441,0.48938152,0.25851005,0.41965353,0.011699153,0.0038753792,0.34905174,0.015671464,0.32295984,0.2061459
610,0.001575422,0.08153587,0.014962057,0.29204613,0.6716257,0.027007867,0.46207795,0.16467117,0.5931958,0.19428614,0.01420087,0.38480982,0.023902481
611,0.008150627,0.0065421187,0.04289414,0.58701074,0.016127443,0.56685555,0.8072668,0.1414039,0.2191219,0.6307855,0.16018116,0.025849411,0.225028
612,0.002517106,0.09413462,0.0029451349,0.22758017,0.017810382,0.21948518,0.5170503,0.0445568,0.17290008,0.24611205,0.35553122,0.5207885,0.3711932
613,0.002661449,0.02106285,0.005486917,0.097260445,0.27925467,0.011026963,0.6510604,0.66850746,0.0073258323,0.17208943,0.0080931755,0.030314013,0.4975547
614,0.00403117,0.010991869,0.018292753,0.74548227,0.46212596,0.38000038,0.5105918,0.040884666,0.016763734,0.32036623,0.17718886,0.22150065,0.18447848
615,0.0052186027,0.059249688,0.116791554,0.07524529,0.12626791,0.2696843,0.0069326335,0.022817787,0.45014623,0.09043765,0.5277422,0.42813626,0.33988386
616,0.11867555,0.07129569,0.021098409,0.0005965578,0.28230566,0.019296706,0.5729125,0.008869893,0.54267454,0.0044123894,0.012439757,0.5031381,0.20279396
617,0.003088469,0.21607995,0.0024013002,0.40466806,0.3807955,0.45124587,0.0055671153,0.17010455,0.32752544,0.030483866,0.5550808,0.2807566,0.017971551
618,0.023027176,0.0024836028,0.002743419,0.0006902447,0.21098404,0.334132,0.218447,0.011807781,0.18839383,0.8239207,0.6801505,0.24379037,0.005952657
619,0.0011995326,0.034173418,0.0018282909,0.00050574495,0.0049646976,0.31912047,0.36886325,0.65055215,0.2029764,0.4945463,0.32845083,0.1587504,0.08737166
620,0.0036044244,0.05902183,0.007195556,0.24428184,0.5174241,0.02257067,0.7228836,0.017775698,0.0181041,0.55880475,0.024521643,0.08034308,0.50548905
621,0.0045009386,0.032629855,0.002688807,0.14539245,0.14567775,0.29865766,0.28639764,0.3683153,0.6213247,0.41753352,0.11867543,0.5060056,0.68099636
622,0.004886097,0.0766702,0.008530157,0.003195436,0.019752923,0.20667443,0.3867698,0.47643209,0.5549182,0.36090016,0.16894683,0.05406312,0.2787843
623,0.0012332157,0.007509955,0.0020718754,0.13417938,0.5064918,0.3409651,0.33054477,0.30409402,0.031188149,0.67441064,0.14024569,0.07045174,0.3165145
624,0.0013029921,0.0026013749,0.0340147,0.30260745,0.025318969,0.40461066,0.40840256,0.6483186,0.08453574,0.039560214,0.43583658,0.11673729,0.5353699
625,0.010655126,0.0041674096,0.008769101,0.0004945556,0.1828735,0.013803714,0.34182665,0.24570943,0.39525443,0.0080798045,0.63462865,0.3945166,0.20729515
626,0.0012479314,0.061868932,0.0050509614,0.0012277114,0.54183435,0.5534713,0.22811796,0.14359137,0.317378,0.024065875,0.14555424,0.48260933,0.3137066
627,0.0028693657,0.0023823925,0.00835574,0.7112527,0.0052245436,0.24696127,0.26652107,0.46971393,0.234881,0.19291767,1.0398223,0.19168459,0.2964532
628,0.0016261329,0.16140601,0.004767681,0.512422,0.30976707,0.22838722,0.051852185,0.48961887,0.54081285,0.24092598,0.39389744,0.15479894,0.23613997
629,0.0041308273,0.012992194,0.0031976693,0.00085174566,0.18942808,0.6195985,0.021567808,0.9172755,0.39047518,0.0152027905,0.23130551,0.009019317,0.045979507
630,0.0011992614,0.18699922,0.2666043,0.30738372,0.008510736,0.04298329,0.21911816,0.15437758,0.2050116,0.27790183,0.1588765,0.35622963,0.5814066
631,0.013956411,0.1486975,0.0071626073,0.23945132,0.73910534,0.45950285,0.22290578,0.15182285,0.22024305,0.035664055,0.14183341,0.5602558,0.20176958
632,0.010864912,0.001690484,0.0008029981,0.84518176,0.51048464,0.14132863,0.0029123656,0.008220626,0.5311131,0.0740143,0.03061422,0.50848097,0.006530708
633,0.0023753925,0.24613583,0.013987622,0.50577074,0.0022641697,0.12538403,0.004427737,0.143191,0.46212095,0.72211564,0.08554971,0.4431603,0.008510517
634,0.049615588,0.007116425,0.0018156028,0.4152441,0.650815,0.38563293,0.0039171423,0.1399723,0.016999982,0.3092262,0.55187756,0.33653393,0.031206425
635,0.0044895895,0.0025787572,0.0013029408,0.8259566,0.3492068,0.59614736,0.002551869,0.083050035,0.048948325,0.05690682,0.68302864,0.27460104,0.2546968
636,0.0019760414,0.0036099956,0.0057243924,0.010458743,0.6436856,0.23068039,0.0053871074,0.24087135,0.18120937,0.005168487,0.62533665,0.08723086,0.644104
637,0.005807356,0.212781,0.022325175,0.18096505,0.13471085,0.2335913,0.3516965,0.87895185,0.08505144,0.5249534,0.20847777,0.19424514,0.018618202
638,0.01544299,0.008357964,0.0038093594,0.70749867,0.18751143,0.36024603,0.22279774,0.5843806,0.035059907,0.2135468,0.33752853,0.18698436,0.2729394
639,0.001123023,0.04865275,0.041759692,0.052970476,0.019868324,0.6524576,0.18322012,0.44754213,0.041635282,0.2397896,0.2873047,0.38162535,0.3659222
640,0.0048166323,0.0045397244,0.0021901394,0.50508654,0.5333702,0.16634065,0.30839226,0.5804968,0.0182437,0.14404517,0.20970565,0.3617025,0.31625354
641,0.0026681758,0.04732595,0.0022485377,0.0007009111,0.003484232,0.041149735,0.19901438,0.49307021,0.62674826,0.17121364,0.37142426,0.38723528,0.005305834
642,0.003101685,0.008712197,0.0029847152,0.4749805,0.5163444,0.15512417,0.0034689151,0.46395695,0.69047886,0.24441639,0.25937098,0.035249185,0.28312284
643,0.0075694937,0.07902757,0.03750434,0.20315768,0.08619786,0.06403489,0.47151095,0.13664296,0.31436938,0.43476328,0.62496614,0.3985324,0.21570244
644,0.0025976156,0.13367969,0.03538745,0.001175033,0.3936193,0.15500438,0.8087514,0.376511,0.026131736,0.22736627,0.08853153,0.3989814,0.32914
645,0.023905404,0.17781232,0.042325977,0.019945374,0.108493425,0.50937736,0.70766824,0.43798912,0.21820022,0.20366596,0.24392752,0.2838187,0.3224521
646,0.0031264334,0.0037850568,0.001376622,0.094353154,0.16656418,0.7309767,0.10183536,0.28830245,0.010704668,0.011774339,0.84809893,0.08622839,0.2696319
647,0.002123555,0.14820506,0.04958678,0.40546697,0.77561754,0.11502764,0.05775289,0.3032615,0.23416734,0.013472082,0.30695054,0.5426487,0.010706188
648,0.001168321,0.011396017,0.026715267,0.0020034676,0.0753187,0.23926525,0.56882703,0.2355936,0.43524426,0.17411007,0.33754992,0.39116517,0.34464356
649,0.0016512786,0.21328612,0.059751097,0.1930415,0.31876066,0.15435006,0.25899088,0.2438055,0.25084117,0.29280648,0.051504266,0.22162656,0.66278225
650,0.047500715,0.0021816266,0.0027533185,0.5668478,0.08067507,0.0701287,0.41802162,0.05781513,0.008398616,0.36093694,0.07769636,0.47442752,0.2280582
651,0.001920805,0.089167155,0.002435791,0.031352486,0.34047413,0.12564443,0.0055820234,0.59022635,0.18396482,0.22711292,0.19056435,0.6869512,0.55736196
652,0.00078083086,0.3113756,0.0027537756,0.055302236,0.002719349,0.24982971,0.01311657,0.14121242,0.06479389,0.17600013,0.33454624,0.3616803,0.99333805
653,0.004028106,0.060286935,0.0039493865,0.46061236,0.33688533,0.04290016,0.30966008,0.3403178,0.5377334,0.0049230256,0.38093278,0.37673792,0.14352147
654,0.002720114,0.15462331,0.02174671,0.13140856,0.15483199,0.3246989,0.23331733,0.9325267,0.15367225,0.006030209,0.27087173,0.023098333,0.40428826
655,0.0097606,0.017972132,0.0058630602,0.29910055,0.2618558,0.036707453,0.29992625,0.39206535,0.0128658675,0.20150192,0.114211574,0.053752854,0.95711374
656,0.0022943723,0.0706785,0.0028217218,0.001245476,0.89127654,0.08951749,0.0073368773,0.34987348,0.438662,0.3534873,0.04043586,0.31731862,0.0072707804
657,0.0008171139,0.013927684,0.0024804962,0.0004997953,0.0067275367,0.16289662,0.58123773,0.35311353,0.006943825,0.4463812,0.12960245,0.4752451,0.2743147
658,0.0049765105,0.06649479,0.0012508673,0.00076509005,0.22679356,0.068172045,0.6382883,0.107231535,0.82052547,0.016389772,0.028507447,0.22873046,0.6455884
659,0.0012284261,0.0015236267,0.0434687,0.81075144,0.0014923908,0.4426779,0.00081674673,0.24635515,0.3073544,0.4184193,0.26759198,0.024931444,0.1671635
660,0.0011731582,0.049845524,0.004001756,0.5361484,0.12299677,0.44808173,0.20256974,0.022393879,0.44492194,0.21265556,0.35711813,0.0042568003,0.0031854587
661,0.005641412,0.0703154,0.041045543,0.45888638,0.476045,0.22537693,0.26931167,0.06410623,0.4155014,0.0096155815,0.36001366,0.5407424,0.19325177
662,0.0009462227,0.016449204,0.027933901,0.20281935,0.28964746,0.24130236,0.012793509,0.26521716,0.4913735,0.0186151,0.36141902,0.25098473,0.6522927
663,0.0013384105,0.017600436,0.0016646265,0.00070212776,0.0056598703,0.116325766,0.54508716,0.23224455,0.36511615,0.6098516,0.32338515,0.17961112,0.45914677
664,0.009043428,0.0041822195,0.007264508,0.5414518,0.22050136,0.14973697,0.20709755,0.14114441,0.117858976,0.59586704,0.82076,0.34046957,0.011985349
665,0.022105193,0.019724747,0.051998664,0.32637626,0.28076586,0.4324403,0.29063076,0.4124231,0.03752156,0.60497886,0.39883587,0.3417211,0.1490282
666,0.0010940246,0.03461963,0.013768795,0.0010073588,0.25910842,0.50016314,0.15245399,0.61808497,0.78132266,0.28503007,0.08194254,0.14590034,0.021953618
667,0.0014334627,0.006094489,0.0031945575,0.195812,0.6537601,0.30228212,0.2779375,0.18649381,0.04082027,0.012729929,0.6160097,0.10614927,0.42086405
668,0.0005500359,0.15294057,0.0027045896,0.23318404,0.15170342,0.29210845,0.0036002914,0.06478168,0.7589326,0.5190502,0.030637283,0.01705475,0.26962504
669,0.0038750605,0.008817008,0.11317909,0.0007177129,0.007681354,0.25836822,0.3999992,0.4550878,0.36502823,0.92498946,0.023210535,0.10057938,0.042234268
670,0.0011537009,0.00204073,0.000616856,0.34485927,0.0045420234,0.35549465,0.3747869,0.11317839,1.0527079,0.0029939092,0.34062505,0.0024584003,0.002349465
671,0.0052351123,0.03158067,0.002706505,0.0007933458,0.1016357,0.22373836,0.170972,0.3304366,0.40509522,0.0937968,0.5530109,0.88482,0.1497676
672,0.006742947,0.016059307,0.001220654,0.10708166,0.0062134047,0.2668018,0.15980367,0.42635998,0.62862813,0.0064906185,0.21736084,0.5044478,0.18621078
673,0.0004564531,0.001943749,0.0017265511,0.036254954,0.0018270693,0.29410177,0.0012512099,0.23208821,0.04410164,0.82434833,0.6245304,0.48435178,0.18474947
674,0.019405568,0.009708187,0.014166714,0.633295,0.36545488,0.18789744,0.13335714,0.17669347,1.1932924,0.087692775,0.24673055,0.02611607,0.30456832
675,0.009958002,0.16696244,0.009826972,0.3459875,0.008126698,0.10203373,0.54952276,0.17531906,0.14097214,0.2878635,0.35825184,0.02271758,0.48505622
676,0.0013282932,0.009129524,0.028367708,0.019560978,0.46179426,0.21982177,0.52861685,0.35469165,0.21394365,0.40524513,0.21398115,0.28997222,0.30297092
677,0.0028693415,0.0020350337,0.0017900809,0.56409097,0.18010938,0.67960703,0.32058474,0.046494637,0.0045275576,0.25079662,0.055253647,0.0369928,0.22994064
678,0.002168027,0.031057443,0.0137389675,0.0006546125,0.47625077,0.010330683,0.32714108,0.7226393,0.10598191,0.40957657,0.54547447,0.12913509,0.009124082
679,0.0041050445,0.0036508753,0.06633285,0.13180448,0.6388704,0.21286988,0.14874166,0.4509045,0.005602238,0.30630103,0.014498566,0.038050935,0.3961843
680,0.0025462145,0.111005835,0.0066035064,0.0003107672,0.59441286,0.023380337,0.01452629,0.37300497,0.10123017,0.91130435,0.20282453,0.3502199,0.06834019
681,0.14366145,0.004374406,0.0034903826,0.25837258,0.12538822,0.5505107,0.49133465,0.031527095,0.34168604,0.22763601,0.16601706,0.34730437,0.08723195
682,0.0040760376,0.0043464643,0.0016099128,0.16427302,0.18670292,0.017696466,0.39522249,0.07016636,0.9219883,0.1610337,0.42277122,0.4051089,0.01745417
683,0.001195199,0.008131372,0.029925598,0.24209474,0.11617803,0.03121304,0.0021253503,0.3455824,0.52380633,0.436084,0.4701673,0.02370278,0.3804032
684,0.013436598,0.0538953,0.0034660082,0.0007981816,0.44743466,0.34675553,0.20286354,0.34735155,0.1593006,0.65207654,0.34340963,0.4165056,0.008949011
685,0.0053176493,0.018967899,0.004028786,0.00081123505,0.3641135,0.28422138,0.24286482,0.18482362,0.66386724,0.4190029,0.102668785,0.08826252,0.0103548495
686,0.0006036959,0.027275184,0.019997131,0.0006691745,0.13150063,0.6415317,0.0021942516,0.029466912,0.3145842,0.7142401,0.32311726,0.26380244,0.2955437
687,0.0015058888,0.004752101,0.004445469,0.43872482,0.14060521,0.066310644,0.6972409,0.45316425,0.21231984,0.38432112,0.19110888,0.16985773,0.2287296
688,0.009002812,0.00246909,0.22279926,0.39990753,0.30876213,0.10823952,0.16796356,0.27597776,0.012778099,0.0060877115,0.5693656,0.17184043,0.7378053
689,0.028202884,0.081906684,0.10817031,0.29991776,0.5079549,0.26335865,0.22981575,0.18929392,0.0043461905,0.33109987,0.0060060057,0.32428387,0.009558204
690,0.004043054,0.0058074105,0.15935849,0.2381451,0.14908354,0.47279894,0.16109869,0.23269488,0.021783972,0.09301278,0.746983,0.30262783,0.20062304
691,0.021034915,0.026238406,0.015281106,0.0029889974,0.5228512,0.2752005,0.080437034,0.2142099,0.26467186,0.006294318,0.5736857,0.016403582,0.3191139
692,0.0015199912,0.002991598,0.0043023992,0.0007267633,0.0040429584,0.08537543,0.22531249,0.68116707,0.083294764,0.5016382,0.4052573,0.57441574,0.14607449
693,0.000955469,0.022820897,0.0021577014,0.0007601064,0.06672949,0.07813488,0.2018451,0.6054179,0.15420432,0.073269024,0.5101537,0.5796998,0.22225325
694,0.0036864278,0.16879709,0.0036022288,0.22719443,0.57357,0.047123864,0.16306196,0.12795073,0.42137375,0.18065926,0.37737447,0.54293394,0.03520753
695,0.002906432,0.012659504,0.004547973,0.00077582325,0.7885883,0.19711211,0.21207207,0.22287172,0.36237848,0.15259847,0.48886466,0.60637814,0.013054196
696,0.002643569,0.015152194,0.013376944,0.0005977952,0.35153377,0.021320133,0.4014989,0.022908498,0.283893,0.18051347,0.5663576,0.51895374,0.367645
697,0.001633242,0.10069104,0.19527984,0.4828285,0.5658757,0.08970831,0.0028999092,0.48402584,0.013721188,0.49855652,0.27501777,0.13335852,0.3007277
698,0.008758613,0.00330668,0.058913987,0.59526926,0.4087181,0.17826569,0.3786737,0.019262845,0.07979632,0.113955356,0.17335439,0.3244592,0.4828855
699,0.0022636238,0.16875005,0.0018451572,0.3032853,0.19418974,0.5599261,0.0025226928,0.4991585,0.42626786,0.17037836,0.27463752,0.3340614,0.16710223
700,0.017883413,0.1905696,0.057295945,0.004801294,0.35893878,0.17931215,0.50269693,0.22687496,0.17546374,0.07187702,0.06617326,1.0064151,0.17775741
701,0.0057395063,0.004684924,0.0062577543,0.8907254,0.29341596,0.015420535,0.49813345,0.017406765,0.17261967,0.15509513,0.3997547,0.456205,0.07273751
702,0.0016915663,0.003944308,0.02513553,0.4638166,0.16229573,0.31114888,0.51358545,0.70323336,0.058093842,0.21465507,0.42038247,0.06515979,0.036596533
703,0.002070979,0.0028427218,0.0023630178,0.6912207,0.18506151,0.5584589,0.3906634,0.017291581,0.2939065,0.20210002,0.17543149,0.45464233,0.14073507
704,0.0014143832,0.013069848,0.0031145446,0.49268126,0.40905598,0.056859527,0.3043697,0.020160638,0.64573264,0.064611055,0.34232208,0.13765047,0.46508667
705,0.016029846,0.0017688393,0.11211325,0.519826,0.15983294,0.24663186,0.0024442074,0.39399302,0.01074681,0.44659823,0.47982416,0.06749356,0.7825291
706,0.010177522,0.16463424,0.22675504,0.07663061,0.74985665,0.034482,0.17007242,0.5303119,0.019710338,0.67675066,0.049599383,0.074818864,0.2114139
707,0.02867517,0.017286865,0.032226443,0.03898622,0.51080644,0.4876836,0.39975908,0.12655072,0.1246224,0.10771339,0.29447913,0.09720423,0.5074965
708,0.004814205,0.0048477533,0.0110906195,0.00094929535,0.24515745,0.40765637,0.70959437,0.16663511,0.74471706,0.009697225,0.21244021,0.15796594,0.15661731
709,0.0021841156,0.05245046,0.011662728,0.0341313,0.36523682,0.16520277,0.47585002,0.4864913,0.5142137,0.4086814,0.10829225,0.04513638,0.44901866
710,0.001007672,0.0031438277,0.12725863,0.2257856,0.44897,0.46152395,0.79390234,0.016888268,0.04795857,0.002767521,0.07100623,0.136421,0.17117399
711,0.0026092897,0.12432282,0.0031801632,0.58766544,0.0054248488,0.117786124,0.21554361,0.32956642,0.22462267,0.71476316,0.26305085,0.30025473,0.02328321
712,0.0014632443,0.008766074,0.0025438857,0.16190785,0.28624466,0.28908625,0.003004075,0.14929752,0.19421722,0.6640241,0.5488222,0.50212824,0.14492795
713,0.0020946974,0.24589486,0.061858665,0.048640694,0.037836332,0.08391065,0.0019293876,0.43383402,0.37843406,0.05393794,0.6166554,0.6959235,0.32393798
714,0.010354151,0.063275635,0.017460605,0.048057653,0.12625277,0.45214832,0.21151777,0.04145371,0.620672,0.013712156,0.0251609,0.35281995,0.46905205
715,0.0002991005,0.0023255385,0.0009065416,0.00047130228,0.0016675728,0.23182335,0.0012270896,0.3611555,0.6621249,0.22495557,0.08828813,0.60767174,0.008466359
716,0.023758678,0.024362305,0.037368577,0.44870943,0.12548384,0.4229898,0.43996397,0.17087871,0.3067743,0.7229941,0.18063253,0.22092232,0.17180632
717,0.0036736387,0.0019009449,0.0017852369,0.48761353,0.5525733,0.13370433,0.4524035,0.008181125,0.20664403,0.002263954,0.010165263,0.21788636,0.062304597
718,0.0018987323,0.0016832659,0.0028349892,0.43538466,0.0022012605,0.50952643,0.54238224,0.13805424,0.017765846,0.54604405,0.43865752,0.028191218,0.0049259043
719,0.008363361,0.0033726075,0.0023594399,0.22826959,0.6343802,0.06023572,0.0041904333,0.27168354,0.02782806,0.21287864,0.34270847,0.6644686,0.082919955
720,0.005822342,0.08597411,0.12756531,0.47327888,0.18001902,0.015838837,0.63557565,0.42281297,0.123339236,0.1706781,0.096877016,0.3188988,0.30998302
721,0.0059396448,0.2620255,0.0022274398,0.7041534,0.58114195,0.09633359,0.13584036,0.35506043,0.022962375,0.12926678,0.43732646,0.22471313,0.035185963
722,0.013622972,0.012474107,0.012713809,0.45912027,0.9450238,0.057275463,0.01377526,0.34928748,0.39846113,0.21048178,0.24637221,0.016410032,0.43270883
723,0.0028591005,0.0146701755,0.009194479,0.052028496,0.33711758,0.22339612,0.0073772524,0.7950067,0.2829652,0.5279117,0.03771283,0.14787582,0.032417666
724,0.0005226114,0.00810366,0.005403183,0.096031815,0.0022379088,0.8663919,0.001288111,0.3243569,0.3282008,0.24046114,0.32814196,0.27868828,0.0788659
725,0.0048696003,0.15841936,0.20835418,0.11843585,0.24036789,0.65793204,0.26937693,0.22305909,0.052946035,0.22835594,0.66965044,0.14984123,0.19336805
726,0.012623671,0.009299921,0.030977223,0.0017973798,0.2189361,0.035014607,0.29962963,0.5766587,0.12136543,0.4531572,0.2175737,0.48614573,0.09752594
727,0.034819312,0.19962418,0.086675204,0.24469991,0.040804435,0.076684736,0.39562228,0.30017668,0.034162797,0.3474096,0.04533185,0.41561523,0.29316664
728,0.0022582898,0.04060415,0.13206501,0.208036,0.1925366,0.1718137,0.46844405,0.4687293,0.425164,0.24379905,0.019269565,0.03600988,0.016124919
729,0.0013016808,0.08386999,0.02587039,0.0013632298,0.524266,0.44628268,0.41955134,0.02324493,0.22615702,0.20832437,0.52565855,0.15551414,0.45534
730,0.001655766,0.0066710724,0.005406143,0.9652633,0.23706505,0.040199164,0.2889801,0.056264494,0.20149523,0.019921554,0.49317503,0.46605554,0.035583586
731,0.0003789489,0.0016607911,0.0013268334,0.0005012478,0.012981211,0.5143117,0.45113885,0.24433134,0.008669558,0.1935343,0.8732811,0.0034634084,0.004205229
732,0.004034091,0.12028484,0.0031451504,0.28803965,0.558833,0.034947455,0.0086039845,0.14482579,0.42912158,0.26535064,0.5904318,0.34616265,0.41243118
733,0.16957688,0.0038308767,0.0072732433,0.80196977,0.44339928,0.007739726,0.28591546,0.4252856,0.21420771,0.24987572,0.024448205,0.009019216,0.008023594
734,0.00077677355,0.12830824,0.0063403905,0.19030802,0.25509393,0.640918,0.0018974303,0.2057593,0.034468144,0.49277115,0.6160232,0.18278196,0.13868423
735,0.0014597338,0.078217104,0.008545333,0.17453903,0.090667725,0.7948806,0.00416472,0.39243257,0.49164718,0.009103256,0.17480445,0.40077806,0.31641102
736,0.0024590115,0.13920058,0.013868565,0.2500862,0.004631646,0.9474594,0.15883042,0.5531152,0.13078201,0.0076112077,0.5617905,0.11970343,0.011544074
737,0.024534952,0.19893865,0.0049967375,0.24077238,0.29178357,0.28523952,0.010764825,0.26820827,0.88677776,0.2246654,0.21027413,0.17787893,0.2620218
738,0.0041010203,0.010190474,0.059893608,0.19220117,0.5637863,0.3847889,0.25181842,0.10580395,0.03128294,0.6357349,0.5777636,0.15051351,0.5812388
739,0.031135373,0.017794276,0.12441461,0.18047194,0.43026417,0.012228606,0.85581136,0.011754406,0.12610112,0.6953656,0.0118706515,0.45913333,0.080656655
740,0.009996157,0.0022437198,0.049747977,0.32624677,0.060759444,0.34603035,0.4767476,0.108552575,0.014664591,0.6863254,0.26551887,0.12434535,0.5263128
741,0.0021903636,0.005005883,0.0030816176,0.65771997,0.0123291295,0.3813925,0.2019584,0.057879113,0.40066388,0.555662,0.88152814,0.01733488,0.09058721
742,0.0010174167,0.055170093,0.0065120324,0.6634291,0.07728281,0.5070618,0.46994698,0.07544846,0.22938296,0.00477453,0.63495094,0.15514562,0.008269819
743,0.005084136,0.045441277,0.013327788,0.00064915937,0.26862794,0.13934396,0.33209196,0.23784477,0.19595334,0.017056458,0.5362229,0.3050705,0.33658212
744,0.0042291097,0.015913172,0.13870783,0.3428714,0.12769997,0.6561792,0.20778205,0.017987102,0.09273247,0.6593354,0.16781087,0.02547817,0.34702513
745,0.029696679,0.21383296,0.0022013711,0.563732,0.007896328,0.175311,0.3416826,0.21695516,0.023207102,0.052984122,0.15349478,0.017075723,0.78115183
746,0.0012781082,0.13244608,0.006208204,0.47655928,0.40607285,0.016301483,0.2238445,0.18912864,0.9117297,0.38131046,0.25232038,0.01565352,0.006403539
747,0.0014378686,0.074950896,0.0018183923,0.43665516,0.0027547607,0.3003322,0.0011716739,0.023410102,0.6369875,0.43255416,0.4438647,0.3469094,0.021491252
748,0.00078166527,0.33133978,0.0029916868,0.629259,0.40672094,0.023916436,0.10227827,0.54401976,0.014625598,0.32245678,0.065184005,0.1723612,0.01795714
749,0.0008863176,0.008725435,0.021476801,0.00066142116,0.07445384,0.02232896,0.3457632,0.6133166,0.014108033,0.41127953,0.3714219,0.44113582,0.21738687
750,0.0021940484,0.043745115,0.0075741843,0.2684871,0.6570396,0.07341461,0.15666135,0.030643294,0.510154,0.16224344,0.27469546,0.018330779,0.7698881
751,0.0013553791,0.002841088,0.0016264989,0.4112793,0.00661024,0.4022813,0.30926996,0.19358301,0.004794346,0.22271025,0.014238754,0.18426287,0.8507441
752,0.003065167,0.025655543,0.108644485,0.42466134,0.57966757,0.08476666,0.615554,0.17000867,0.6945672,0.22438897,0.22805063,0.473687,0.29211834
753,0.001282428,0.010500369,0.017580958,0.009632195,0.25097376,0.20516278,0.18841557,0.23136996,0.3439007,0.09103398,0.5332521,0.54686916,0.030174194
754,0.23383985,0.0044934936,0.15882571,0.40955386,0.1776848,0.28353396,0.009632961,0.5907586,0.35559747,0.2769486,0.49472275,0.2967012,0.24615914
755,0.0022026515,0.13984406,0.11460497,0.4223618,0.37090933,0.4439147,0.44302753,0.21131368,0.064841375,0.18487218,0.6399661,0.5020773,0.26407984
756,0.005246082,0.057473168,0.054086987,0.32011837,0.13278212,0.14157434,0.39060542,0.2491554,0.027989509,0.1888969,0.35457477,0.29002547,0.64928526
757,0.0035842287,0.004395593,0.016523689,0.12063442,0.015351428,0.2973122,0.83143985,0.030449891,0.3577519,0.49141836,0.37187266,0.096261725,0.016542977
758,0.0027693638,0.0050347038,0.0028955021,0.0015925032,0.9398285,0.054540634,0.32863915,0.34176657,0.11881254,0.27156603,0.0224506,0.5094525,0.32308578
759,0.0013001052,0.0014649652,0.2457522,0.565613,0.019043904,0.03086629,0.5046819,0.7676598,0.047981568,0.15251215,0.4056959,0.18812038,0.1634282
760,0.015424133,0.0029619301,0.0026929907,0.048651975,0.4435841,0.36726123,0.33885542,0.13685672,0.016244773,0.1884595,0.0644373,0.40565488,0.80289924
761,0.0013519002,0.001286471,0.19474646,0.5666251,0.13520777,0.19070795,0.013488511,0.4597941,0.005453663,0.038950704,0.05381133,0.547927,0.30501655
762,0.011158339,0.0073710848,0.0029876197,0.5117067,0.0052212817,0.04896456,0.5459369,0.49292064,0.02542239,0.11239213,0.9405326,0.018060105,0.2886089
763,0.006611144,0.0409109,0.0077088396,0.0015957968,0.36532205,0.16933751,0.56163955,0.015336053,0.27349493,0.490648,0.20200223,0.47477365,0.40301466
764,0.0025537782,0.049572323,0.0066749672,0.0015237902,0.24544542,0.17169152,0.24022293,0.22698827,1.0107425,0.6329609,0.14821392,0.46852466,0.0662871
765,0.0014923761,0.25174844,0.07174136,0.37289214,0.0038870345,0.5554504,0.29847366,0.28497538,0.31404972,0.0069038095,0.51129264,0.031872697,0.083303206
766,0.002470545,0.11966379,0.0055357045,0.086232536,0.47159734,0.5412543,0.01410295,0.5488709,0.38849455,0.28456643,0.1148415,0.31592765,0.015302906
767,0.0013612965,0.0022450942,0.0012145158,0.18061413,0.1924822,0.23908211,0.75079423,0.054018248,0.031981632,0.007562101,0.33285528,0.033857036,0.8027831
768,0.0068943445,0.008064576,0.0018690913,0.49067768,0.4061977,0.29431236,0.0056241476,0.034480073,0.24775036,0.18963428,0.90517586,0.53229666,0.22056812
769,0.0038180843,0.0028252748,0.014172204,0.0007356547,0.45638773,0.19882993,0.19571377,0.96442235,0.015890544,0.124603786,0.37798035,0.4171252,0.24672982
770,0.0066397246,0.013262074,0.003160404,0.0007936547,0.23530897,0.1523825,0.51848656,0.16614304,0.019263249,0.64702725,0.42519057,0.121776275,0.35469663
771,0.021846453,0.078544326,0.048805002,0.0015130736,0.9076504,0.15393405,0.41896954,0.37618798,0.49435553,0.06565932,0.014923716,0.029477984,0.27578485
772,0.010053436,0.011920261,0.0030223175,0.11515484,0.15838204,0.2688879,0.49627736,0.3593556,0.8702326,0.004353045,0.22479641,0.15527298,0.008971237
773,0.0015467838,0.041758657,0.0036046603,0.58295786,0.004890811,0.5370299,0.13397062,0.19628407,0.31123015,0.2382082,0.43270022,0.28684255,0.026962522
774,0.00036201408,0.0010427164,0.0020362737,0.5972673,0.0006290572,0.31441265,0.0005825763,0.00484015,0.4630537,0.7785923,0.10118939,0.0024497495,0.002242533
775,0.018169677,0.0034421203,0.008287736,0.4197825,0.24197456,0.1560384,0.033349164,0.5630925,0.0058552017,0.3228989,0.0093773035,0.42544168,0.18837753
776,0.003698445,0.009167984,0.017232245,0.56815696,0.21396218,0.544111,0.6763492,0.40628803,0.1574694,0.35038683,0.076828256,0.031254914,0.18595406
777,0.00049630157,0.006044756,0.0016994657,0.20581032,0.15923215,0.3885798,0.0015716269,0.1874662,0.004623841,0.27920705,0.013966074,0.23170999,0.8124399
778,0.0032578032,0.015668463,0.011094744,0.1978588,0.18391027,0.030060325,0.23420456,0.60550404,0.55675524,0.1588215,0.22941877,0.6626174,0.114915505
779,0.0035963282,0.080089144,0.010090639,0.30897895,0.024899716,0.7673332,0.2618728,0.37545142,0.14065433,0.18804994,0.32398528,0.41934037,0.32513252
780,0.00625722,0.23459734,0.018176666,0.44177026,0.00351092,0.052801993,0.14895552,0.373596,0.4489045,0.017345348,0.72192264,0.545304,0.011270275
781,0.0019390258,0.008377327,0.015524979,0.0009658564,0.19089048,0.13990726,0.5730648,0.46088022,0.37091047,0.367546,0.4781246,0.28498402,0.027819669
782,0.0022550558,0.036636952,0.001015286,0.00073821784,0.32373267,0.023787921,0.28298005,0.31171563,0.17917024,0.0067944983,0.008573468,0.90736306,0.5405662
783,0.002318239,0.0059080627,0.0017576793,0.0015744459,0.00529021,0.331763,0.6293661,0.35984558,0.38980722,0.17299995,0.48177785,0.10675013,0.0072842035
784,0.0023099098,0.0043350826,0.011262125,0.27993008,0.28166232,0.17094952,0.18224767,0.6259996,0.058817144,0.25093618,0.12831718,0.58783275,0.084901765
785,0.0022769605,0.050264392,0.0184741,0.0045833653,0.21832633,0.50480795,0.58964795,0.293463,0.027189929,0.47937313,0.26465663,0.19878209,0.20594214
786,0.012735042,0.040207226,0.19931118,0.096695915,0.5793798,0.69278073,0.29530135,0.1614282,0.12769112,0.05385179,0.3652369,0.38707212,0.10615562
787,0.004163155,0.05753047,0.003924034,0.28169152,0.15238863,0.21967636,0.51223296,0.03014012,0.41825044,0.37125129,0.42531952,0.4435542,0.13330865
788,0.050505318,0.0042380975,0.02980557,0.27170208,0.9023477,0.025963077,0.45913735,0.11372664,0.41963473,0.25536227,0.07504088,0.23922133,0.17634572
789,0.007187887,0.007107798,0.002502087,0.53014445,0.5886517,0.054411117,0.4689599,0.37835902,0.31089294,0.34365627,0.041266397,0.22148904,0.023544205
790,0.0015476191,0.0041304785,0.003133663,0.76807773,0.007208971,0.06840522,0.3858535,0.3087587,0.3441195,0.15371571,0.49574575,0.0144586,0.33537322
791,0.012016513,0.003950644,0.002476529,0.7436059,0.2197623,0.3811371,0.15029137,0.32021326,0.118841246,0.006040663,0.4235526,0.5525882,0.011939059
792,0.0038804195,0.009190679,0.30092412,0.5464539,0.5192938,0.26011103,0.25437838,0.33637375,0.4794283,0.2131943,0.23175924,0.48407516,0.27710995
793,0.031249965,0.053203005,0.0041231625,0.0007312065,0.4899042,0.14534862,0.24204807,0.82151604,0.25614727,0.55080044,0.058475304,0.060739435,0.10440456
794,0.0025636833,0.026463378,0.20388545,0.09181792,0.28397968,0.20320266,0.004137676,0.84653294,0.031534567,0.48621663,0.44739473,0.29627553,0.017489595
795,0.0023507527,0.1246307,0.20339727,0.9380777,0.16526511,0.36073604,0.3074283,0.514269,0.031853955,0.085931696,0.36401212,0.29967228,0.23171656
796,0.0037670739,0.22710763,0.021184396,0.14753263,0.2718369,0.30565384,0.43984807,0.17823254,0.17692289,0.021379247,0.019315377,0.019538248,0.8677386
797,0.0021236425,0.09151146,0.01675136,0.28977555,0.09861749,0.20973717,0.2795992,0.7160131,0.6603776,0.22208928,0.057234593,0.014577222,0.2307116
798,0.007085833,0.11080668,0.0015431308,0.19393066,0.045609374,0.41185513,0.002011357,0.16783762,0.78606266,0.21811618,0.069855124,0.25383836,0.006236277
799,0.0027520626,0.0033327974,0.0014602677,0.1871184,0.57175034,0.05718654,0.3253912,0.18270148,0.6774817,0.1630915,0.6191593,0.023747275,0.14163832
800,0.0009893542,0.003476807,0.0018506267,0.48597568,0.20543952,0.32686114,0.002195873,0.7482992,0.0076748356,0.19867222,0.12330658,0.74205804,0.17618091
801,0.018837871,0.0076229325,0.009472402,0.21980354,0.95396054,0.03392685,0.405753,0.3071059,0.1701631,0.27599815,0.3471669,0.23617812,0.119123094
802,0.00079194456,0.0045849355,0.003290088,0.6046113,0.024506474,0.54971033,0.15330714,0.051391885,0.007430241,0.16506511,0.27648214,0.66772145,0.31048185
803,0.0022410906,0.03370105,0.14606069,0.44434854,0.36162692,0.27831727,0.320795,0.240336,0.3516226,0.38952047,0.13964354,0.27173236,0.01994801
804,0.0044868267,0.0070874905,0.00503916,0.24611105,0.5376221,0.18749039,0.31899685,0.44363162,0.033975426,0.0059622414,0.42620564,0.28539994,0.37971845
805,0.0013352775,0.006535087,0.0029782006,0.4671288,0.09748253,0.39167368,0.42233685,0.63456607,0.16182859,0.32748207,0.016071457,0.22585031,0.024750847
806,0.0011965206,0.13823344,0.0018663286,0.08879125,0.6238724,0.24995077,0.558528,0.016816674,0.026118798,0.23942356,0.021348238,0.41853333,0.46965685
807,0.003318954,0.028481333,0.013102506,0.0046967454,0.2441426,0.048134536,0.5587496,0.27171817,0.111756034,0.0060273004,1.0982007,0.18514088,0.015299024
808,0.0012863092,0.0016410218,0.00061732956,0.70959765,0.0053188056,0.19770436,0.39623478,0.015704975,0.57061535,0.0037121354,0.43456256,0.279432,0.17367435
809,0.001551491,0.054765783,0.004092315,0.0023188486,0.19546455,0.026207363,0.23590259,0.62994033,0.64865,0.0076019447,0.07712498,0.21027225,0.5578445
810,0.013354374,0.0017233952,0.0021359958,0.40895838,0.0014989085,0.07528207,0.0009032256,0.42253482,0.2715372,0.24299258,0.48004997,0.3816655,0.5759667
811,0.010680017,0.059658453,0.014603486,0.0014537158,0.21061598,0.49956036,0.6039168,0.24651504,0.19804402,0.26522934,0.5294495,0.0704852,0.5167661
812,0.0055434895,0.19806634,0.20092764,0.95646816,0.00595337,0.09851616,0.21888694,0.040040884,0.34167627,0.6749462,0.16571237,0.016712803,0.05665076
813,0.0023985507,0.0063475794,0.0025767072,0.6155243,0.23491605,0.15618855,0.40352303,0.11663845,0.71195734,0.57396036,0.054110568,0.056068633,0.27741838
814,0.0009543948,0.03117902,0.030224953,0.0007752283,0.054776575,0.033959027,0.038814537,0.49708104,0.41382334,0.4855623,0.67947423,0.2643655,0.29980674
815,0.0017474922,0.0035008618,0.0154902395,0.006189635,0.0065151313,0.028192768,0.52313465,0.13256611,0.21082775,0.5221126,0.5386584,0.12251077,0.49789265
816,0.0037594943,0.00064639177,0.0034670597,0.53452927,0.0015613987,0.036278643,0.0007397268,1.1106918,0.2595906,0.00251868,0.3156636,0.0046025664,0.22989944
817,0.00348621,0.18285358,0.10544236,0.38604856,0.42817208,0.41575295,0.19859785,0.2144569,0.033566512,0.340837,0.66623175,0.20994708,0.3306133
818,0.0065494366,0.065858014,0.28533843,0.13625911,0.41189665,0.013672359,0.46186364,0.068371154,0.30458665,0.36399853,0.027295148,0.37869552,0.2306736
819,0.0029056629,0.0027503613,0.0028294357,0.24822107,0.3177706,0.42996347,0.25150597,0.19036494,0.0207005,0.16826895,0.5037279,0.7686615,0.099257134
820,0.06347767,0.00322496,0.0025364822,0.7128005,0.10457491,0.13250805,0.3609461,0.40883327,0.5355259,0.0049455175,0.16815493,0.0116030155,0.20799881
821,0.0009525362,0.17825072,0.0014064083,0.0004746069,0.09483236,0.01774349,0.429144,0.020084636,0.14402056,0.003427644,0.7300147,0.6697568,0.14056951
822,0.0016682204,0.0044551915,0.049413245,0.26127565,0.010045669,0.07651486,1.1192254,0.013653806,0.06414154,0.633499,0.19543555,0.40468842,0.25688043
823,0.011303273,0.034229394,0.004112974,0.30238932,0.11295968,0.051956814,0.21438013,0.22769278,0.19494762,0.0048169624,0.013332698,0.95428497,0.34524968
824,0.018910462,0.005868527,0.0016950454,0.20896693,0.009942478,0.012472197,0.23128702,0.64915323,0.018940147,0.569131,0.13216817,0.3404672,0.14844328
825,0.19722697,0.049661227,0.025718596,0.1217136,0.9094434,0.17160787,0.0040083723,0.008324219,0.070175655,1.0609603,0.009205917,0.16203958,0.27100214
826,0.0015415173,0.36753306,0.0038014182,0.40928727,0.009201532,0.44898897,0.16849823,0.12560341,0.18244283,0.3372441,0.710751,0.13865893,0.26319736
827,0.028554851,0.08408448,0.01722704,0.026752468,0.45377308,0.40483138,0.015158429,0.06820836,0.1929913,0.099099696,0.5139853,0.47935775,0.30928916
828,0.0028245826,0.04666752,0.0024978416,0.050629366,0.007911063,0.416457,0.16934945,0.3023365,0.016816728,0.36285788,0.025660273,0.38712552,0.42141587
829,0.0022792509,0.0030209362,0.001033432,0.3972572,0.062462162,0.04430469,0.24840763,0.010115927,1.2054894,0.0039599836,0.03766302,0.45198143,0.3485149
830,0.0036431525,0.02623621,0.006781533,0.16078614,0.251315,0.20931815,0.47186512,0.98974687,0.22541508,0.63618016,0.09232915,0.07005209,0.10553944
831,0.0046051187,0.15116507,0.0037724634,0.1803843,0.2437107,0.3947014,0.5346041,0.097174734,0.31965908,0.3095259,0.66046435,0.23349673,0.01638927
832,0.0013335444,0.004266849,0.019587053,0.0018662898,0.27706107,0.1666166,0.29825962,0.103639826,0.46877638,0.49336797,0.4435143,0.7084295,0.019788358
833,0.012013801,0.005157842,0.0029105365,0.00036540467,0.0053918753,0.11881123,0.59300303,0.36716107,0.11468288,0.004352919,0.22486968,0.42055735,0.4589719
834,0.0017463189,0.001707714,0.0027375792,0.0007680963,0.10005855,0.6905449,0.667457,0.013720762,0.48846748,0.00293069,0.035550114,0.15127888,0.25018522
835,0.0021386794,0.0049362024,0.0025260272,0.35078585,0.33344162,0.041768987,0.28283054,0.8512173,0.02067388,0.14610802,0.011569676,0.23695464,0.4328008
836,0.0050792075,0.06453467,0.09477402,0.21057245,0.5837952,0.23907687,0.3201749,0.4695112,0.30552694,0.41258785,0.41551498,0.40335813,0.40508157
837,0.002522143,0.008827521,0.0018490116,0.102174066,0.5475245,0.02204994,0.66675884,0.14211842,0.44491926,0.331085,0.017997459,0.37874717,0.38220978
838,0.0025144762,0.11569811,0.03687612,0.38251033,0.19783926,0.01772468,0.28810444,0.7702607,0.012311525,0.25792578,0.26416653,0.021727065,0.20550734
839,0.020467492,0.029462727,0.008502959,0.00073024834,0.46989712,0.24850301,0.10128827,0.5929427,0.55193114,0.4398152,0.29472885,0.14086796,0.12283384
840,0.1596668,0.0032474673,0.010392935,0.76417935,0.21464787,0.031647537,0.36910272,0.36389193,0.5636577,0.40563405,0.44322106,0.021368522,0.22339135
841,0.0035079978,0.17890108,0.07042158,0.0008422894,0.3426151,0.6355397,0.2519787,0.03343436,0.2866808,0.38279268,0.4381228,0.27980778,0.0140554
842,0.015775554,0.0016238274,0.21258152,0.2808544,0.13266219,0.34447208,0.58434564,0.55984,0.0057534734,0.0038537267,0.09038977,0.091245025,0.18552795
843,0.0019657556,0.0715515,0.0040060445,0.41241616,0.2638192,0.522916,0.0023573784,0.22897539,0.987252,0.20891415,0.086541526,0.05866278,0.014159275
844,0.0011340742,0.0065848264,0.0041316245,0.096112505,0.006911784,0.2525864,0.34266138,0.31498495,0.096426606,1.0006604,0.24810764,0.10070953,0.17888871
845,0.0016019021,0.03477062,0.002109986,0.0006683132,0.08630327,0.4953861,0.22631717,0.47144693,0.03196083,0.009469199,0.7064181,0.55602443,0.05683795
846,0.076590225,0.22781812,0.0063615544,0.39114922,0.14802057,0.37891862,0.20381385,0.23271728,0.05486643,0.589782,0.6118524,0.51539886,0.06758342
847,0.009850437,0.09552344,0.0017699046,0.23619233,0.6115364,0.03298173,0.10788114,0.22900982,0.86141026,0.009355361,0.015729804,0.26132947,0.46125606
848,0.003978023,0.004829005,0.028345993,0.43060037,0.03704676,0.20574418,0.13589545,0.24340488,0.22123888,0.941868,0.11374958,0.1924572,0.42023844
849,0.0021051762,0.04120053,0.04109112,0.19208348,0.31370398,0.07708484,0.09826051,0.97191787,0.013860924,0.21084316,0.047951605,0.17997861,0.34672353
850,0.015480465,0.26357254,0.0021331694,0.42178938,0.1989416,0.024806807,0.15661561,0.016816007,0.26555488,0.11505759,0.31534567,0.44529805,0.6047481
851,0.00744881,0.011891031,0.05070278,0.9377567,0.40791348,0.2538987,0.006362473,0.35505468,0.021814536,0.57154095,0.575953,0.31053612,0.3228826
852,0.010107093,0.14837055,0.087413356,0.56900716,0.40181023,0.029440269,0.38776785,0.32429224,0.015583565,0.007027793,0.2667873,0.3300528,0.3864798
853,0.0016777549,0.003671226,0.28030118,0.08571621,0.45060596,0.31463844,0.011156265,0.26502216,0.24597694,0.468521,0.108624704,0.5880631,0.22357106
854,0.0029056103,0.23697437,0.0026357013,0.81353843,0.01678714,0.37867078,0.6425765,0.32427844,0.44638214,0.0074251937,0.09461223,0.22987723,0.07472558
855,0.0088962875,0.028317971,0.00245178,0.7227334,0.056705527,0.041920453,0.21674933,0.33047518,0.29718786,0.17908862,0.16707824,0.29311338,0.45529673
856,0.0006738836,0.006208398,0.0042120735,0.23868723,0.20727158,0.784834,0.002400141,0.017035212,0.42161855,0.0059440127,0.22894362,0.5517126,0.031666376
857,0.00087183283,0.003924684,0.0031979673,0.5371837,0.2925855,0.4033306,0.43813637,0.18458411,0.5733891,0.12805341,0.10700149,0.007549834,0.00529583
858,0.0028991653,0.029694606,0.004129632,0.0029385595,0.24791782,0.461706,0.6018274,0.8201623,0.0412924,0.21719016,0.032297947,0.3151978,0.14005549
859,0.0029456872,0.0035771474,0.010533747,0.20716181,0.6924032,0.28522497,0.109213226,0.1294576,0.024213737,0.62945557,0.122126535,0.15405633,0.8441008
860,0.0029301324,0.06219778,0.0026269464,0.06682092,0.5980454,0.26354435,0.015930139,0.6639673,0.39236864,0.26042178,0.2751955,0.044092063,0.21543027
861,0.0041235476,0.04741782,0.011989517,0.001464408,0.40660653,0.76951873,0.27436188,0.22161435,0.14900343,0.012746108,0.34794796,0.3955498,0.027503699
862,0.0069885817,0.0029057353,0.012733119,0.6424128,0.16983542,0.058767416,0.15429835,0.0214216,0.029283883,0.8717159,0.6059711,0.082562104,0.0068012527
863,0.0052935984,0.0063280445,0.02331317,0.4871401,0.2733372,0.3645944,0.003280959,0.30752817,0.2533008,0.65903205,0.1308423,0.15650421,0.014309396
864,0.0015212862,0.06731208,0.011139383,0.17194666,0.6913355,0.23410375,0.2404364,0.47204468,0.23403394,0.53239864,0.0741045,0.04561858,0.3750264
865,0.002667532,0.0040953564,0.0029654962,0.30072147,0.0061452077,0.7403331,0.86723894,0.014856704,0.007383171,0.50131553,0.06280256,0.21920298,0.108896784
866,0.0017591272,0.004637406,0.0010766691,0.52258474,0.61040515,0.026021507,0.004373139,0.13618319,0.7738922,0.086607754,0.8138943,0.0037099847,0.0035296085
867,0.00114264,0.05614152,0.0019482272,0.30765873,0.006694792,0.20181672,0.38036558,0.44826207,0.37127423,0.0068586925,0.17711912,0.4992149,0.36570704
868,0.0022703991,0.004874068,0.0031371843,0.8210717,0.40824687,0.054792322,0.20703366,0.13369626,0.3125288,0.44148207,0.1266326,0.13160956,0.6583074
869,0.0018583762,0.08265884,0.029955873,0.18807006,0.17669925,0.4896257,0.15799592,0.46738183,0.46764925,0.4775906,0.37513882,0.071508,0.035538353
870,0.0018325635,0.022317575,0.0019115327,0.00092536607,0.54466593,0.20529307,0.4863211,0.18979712,0.27481422,0.26450554,0.7704707,0.10524139,0.18285128
871,0.0025637196,0.0077212267,0.23608136,0.8731541,0.47739953,0.08960671,0.5721707,0.046359994,0.11007556,0.2649484,0.018210853,0.040182892,0.22752881
872,0.008286519,0.005934185,0.0018026328,0.5770334,0.32808632,0.010805242,0.5742506,0.0067664036,0.081413165,0.1400215,0.41027093,0.0102448445,0.61799437
873,0.003406882,0.017062753,0.0056751673,0.6004778,0.20725486,0.66795737,0.13117458,0.35546544,0.1465806,0.24600784,0.3231726,0.2555298,0.50202864
874,0.0069698314,0.004823097,0.03268866,0.40362746,0.35550603,0.39738157,0.4597778,0.27173045,0.33612964,0.28200266,0.17811087,0.17880443,0.32244873
875,0.005729694,0.03428755,0.0040915213,0.23997065,0.30696782,0.40797898,0.26779315,0.6290285,0.2697997,0.47756585,0.11062644,0.05330891,0.18386602
876,0.0043403567,0.0066005164,0.0015888907,0.49161333,0.51952094,0.3234454,0.10668472,0.14636444,0.42176205,0.21449555,0.7192668,0.035928838,0.24457766
877,0.0008009295,0.025829248,0.0016778426,0.001282313,0.017200252,0.022233436,0.11075111,0.52286977,0.4550692,0.65446144,0.06051372,0.054773547,0.40849844
878,0.0008687047,0.002458042,0.005305941,0.18290733,0.0014609852,0.05131606,0.001649562,0.8456248,0.0822606,0.41576573,0.13379043,0.24451461,0.6798683
879,0.0018688285,0.0066698138,0.0056745796,0.53793406,0.17821267,0.24759233,0.0033838109,0.082157254,0.25263008,0.09351572,0.28111506,0.6036078,0.5882723
880,0.030051704,0.087512605,0.0054272814,0.27106118,0.30456638,0.020714272,0.013507419,0.18075164,0.08697858,1.0166069,0.014698227,0.22947367,0.35648432
881,0.002074368,0.006311373,0.006908916,0.49435726,0.15755138,0.20048907,0.44139835,0.26852664,0.5554638,0.1814095,0.19989683,0.44445148,0.018032363
882,0.0044715423,0.0019489517,0.02698758,0.00095902116,0.0025131817,0.19364808,0.0011152964,0.4401112,0.5190075,0.0071324524,0.19895194,0.6304945,0.5441938
883,0.024331395,0.0068585835,0.002088117,0.05526417,0.4255206,0.3229447,0.2104696,0.010423892,0.67942375,0.5192796,0.047963943,0.32050216,0.30841172
884,0.0009556554,0.05953138,0.0022062066,0.2323375,0.3224996,0.2016823,0.015976567,0.21486269,0.38015565,0.39730543,0.032673635,0.6891965,0.02399182
885,0.00388411,0.05928007,0.003505229,0.28190684,0.0812716,0.4019638,0.6484241,0.39372224,0.020768538,0.21197936,0.1295818,0.39014658,0.0124054905
886,0.00066318957,0.0031545986,0.0010370007,0.460855,0.6037437,0.49093142,0.38439435,0.018998735,0.3337874,0.0062091355,0.19844432,0.1122944,0.009463611
887,0.0020927603,0.0337973,0.016279152,0.00094403356,0.18653885,0.38403973,0.21391988,0.76856714,0.11023086,0.70435137,0.028385354,0.20608062,0.09725974
888,0.0017233975,0.0035513337,0.003214928,0.61042935,0.9561904,0.10926863,0.20874904,0.24727759,0.14157404,0.17404722,0.089538924,0.21341157,0.4183123
889,0.02744142,0.033708867,0.0027829914,0.3003857,0.3188208,0.1692396,0.4932943,0.12919055,0.3118971,0.44150716,0.06421978,0.04082071,0.42306846
890,0.0036015897,0.09928844,0.100284524,0.48206726,0.27049404,0.28008068,0.17936999,0.5090482,0.65512824,0.050217006,0.17479096,0.22165222,0.16110761
891,0.0031674576,0.002786906,0.0012358758,0.5050312,0.21502191,0.38035664,0.002464022,0.5507451,0.39180988,0.07381555,0.56690633,0.023363432,0.41960767
892,0.0056297802,0.00291905,0.0021832362,0.3940547,0.25525218,0.15926099,0.5594808,0.31057692,0.01683296,0.0064155133,0.5605918,0.31289756,0.16252385
893,0.014241582,0.028333396,0.023899678,0.3750919,0.27468798,0.34455532,0.27168038,0.30932885,0.502492,0.008213577,0.098851055,0.45035356,0.527619
894,0.0044036345,0.0088292565,0.019475255,0.3269356,0.36672366,0.1337956,0.36796317,0.63834965,0.099125125,0.15450282,0.6165275,0.29027885,0.023215545
895,0.01793204,0.04164282,0.0074475543,0.7551423,0.8693461,0.14853728,0.009121541,0.18316755,0.14253417,0.020536708,0.1280969,0.2019939,0.33009613
896,0.008592353,0.003323979,0.00851099,0.60585713,0.575025,0.040718406,0.23831962,0.3822201,0.0149714155,0.35351303,0.5219351,0.32832345,0.1515243
897,0.0012980562,0.0030625768,0.018280108,0.4217113,0.24145347,0.7926705,0.2739753,0.020709386,0.03439497,0.005717835,0.016686225,0.253867,0.12800501
898,0.0012344789,0.016550682,0.002850032,0.59444696,0.12816077,0.23965576,0.4462118,0.8825364,0.21524036,0.46442068,0.08608227,0.11211865,0.044624686
899,0.0030409496,0.112773955,0.017938705,0.26951852,0.144639,0.09023608,0.40580615,0.12852876,0.21124215,0.011364822,0.09377874,0.5271061,0.48883578
900,0.011385765,0.08090414,0.05664046,0.07697488,0.2415334,0.048123702,0.3737754,0.5049112,0.16359557,0.2697298,0.5325433,0.67994845,0.0812573
901,0.040588442,0.08528027,0.0031435566,0.12242608,0.0043895957,0.45636138,0.076282255,0.09825758,0.73903525,0.14584596,0.16166662,0.1195963,0.6641296
902,0.00079692365,0.0075991834,0.0021500394,0.00093858154,0.08662674,0.109198496,0.28019324,0.31441498,0.8411832,0.76695865,0.060544,0.012066121,0.17421018
903,0.0006415668,0.0030061984,0.21852908,0.4721746,0.08695304,0.13166204,0.001595239,0.012045457,0.8782167,0.1860897,0.2907212,0.006410245,0.1406274
904,0.0016037228,0.003991519,0.0038897786,0.31648177,0.008837965,0.13001803,0.25047892,0.02383597,0.07768901,0.49290615,0.63336384,0.105783634,0.7950967
905,0.0012985796,0.0045511117,0.0016370212,0.5142906,0.80464983,0.020769496,0.26845515,0.015183645,0.4387204,0.1135624,0.24662375,0.44387883,0.028183954
906,0.021866638,0.018933715,0.00783338,0.37237453,0.30449072,0.28874388,0.00894304,0.972891,0.13128354,0.09988062,0.27932343,0.34775382,0.23276328
907,0.00595783,0.009845725,0.055814687,0.0016308292,0.48276427,0.5195752,0.0759276,0.5097134,0.14026408,0.21829802,0.21355808,0.4996165,0.42327955
908,0.0039715623,0.042671952,0.004030053,0.1153513,0.5882392,0.30616277,0.60045123,0.39093918,0.28131706,0.013345348,0.07251432,0.1483346,0.27573165
909,0.0018338168,0.34561828,0.018299604,0.00095954305,0.44483158,0.016926968,0.2006877,0.43273783,0.74608874,0.122026876,0.06527932,0.38913277,0.19530079
910,0.003131462,0.008583464,0.010825006,0.22188914,0.46052977,0.060300656,0.32674256,0.11800099,0.021132398,0.5118408,0.2933172,0.6320791,0.19400367
911,0.0022713426,0.048858557,0.069805935,0.12750344,0.28302765,0.17331113,0.52426,0.058391027,0.35185033,0.41146836,0.07717774,0.7221356,0.1328564
912,0.003440882,0.1580848,0.012006755,0.00085465086,0.241737,0.58202153,0.27590826,0.03191905,0.26608804,0.19717073,0.7980579,0.28120804,0.14414024
913,0.002792829,0.0038092413,0.007651422,0.56924677,0.2475029,0.33839676,0.33803186,0.21640153,0.10294711,0.27921507,0.5376389,0.5349586,0.27465224
914,0.0015491794,0.484156,0.16834155,0.30045724,0.1360659,0.5525365,0.0034810437,0.48979643,0.16376941,0.40197343,0.14292902,0.14528559,0.33774775
915,0.0032319997,0.10129981,0.041278724,0.57829154,0.26388428,0.025645914,0.38216737,0.5361549,0.32092813,0.0055417456,0.18698235,0.13467883,0.014909458
916,0.0018020469,0.0028496156,0.010344997,0.4298131,0.3267287,0.45167238,0.28959113,0.42933977,0.051786285,0.31316423,0.12303798,0.45233113,0.33859682
917,0.0029160173,0.00444179,0.0049076313,0.0003412783,0.16014579,0.31555566,0.22459218,0.6480834,0.94929147,0.0050869943,0.033932365,0.0068697385,0.1656915
918,0.09550879,0.09158885,0.0021361439,0.27132526,0.36978725,0.012607486,0.039805315,0.16021173,0.52855843,0.5629424,0.017568037,0.08535512,0.5973527
919,0.0039889365,0.088180885,0.002400096,0.6837438,0.4850936,0.02043054,0.20626906,0.113869034,0.18945672,0.13930371,0.7122332,0.023616085,0.329831
920,0.0018332431,0.16660832,0.010198956,0.18842843,0.006945702,0.6672973,0.3168934,0.26722643,0.3086394,0.0064134146,0.16345285,0.5930418,0.0126578305
921,0.0031475988,0.10435998,0.026945673,0.00061776856,0.3698184,0.32018766,0.28705698,0.48671708,0.3213968,0.3590928,0.42661953,0.33420253,0.2975418
922,0.00064274267,0.0032319028,0.042024612,0.48251316,0.09120359,0.4313205,0.003353157,0.15239602,0.28015846,0.21943098,1.0597228,0.16043788,0.010209086
923,0.0027256256,0.0018076235,0.0012239612,0.81899655,0.0713436,0.100262284,0.0033829974,0.6136814,0.60645264,0.006703281,0.07469774,0.2758758,0.2235175
924,0.002522089,0.01443082,0.0035291368,0.00049654284,0.2231473,0.21409982,0.98737705,0.6944239,0.20131454,0.0060515194,0.4040134,0.026196068,0.07633808
925,0.0007070171,0.040750112,0.0039135483,0.20704366,0.13524093,0.2429279,0.006663785,0.17441644,0.25132474,0.8287155,0.21821646,0.08633806,0.60209537
926,0.0018144709,0.0024879377,0.0022907623,0.6104234,0.24892214,0.26572606,0.30244634,0.27062958,0.01316259,0.22940533,0.5456709,0.36841372,0.014706007
927,0.0053704237,0.0038338786,0.0016478783,0.6714193,0.3822453,0.20514226,0.11984965,0.31906256,0.031354994,0.38005587,0.19199172,0.47016466,0.014797322
928,0.0012088466,0.037865873,0.011978356,0.0014153855,0.040625066,0.10651348,0.18520553,0.39651757,0.22271936,0.64124227,0.21323349,0.19365062,0.60137993
929,0.0011250384,0.0013370438,0.04310865,0.2724597,0.0014843333,0.81624216,0.0009106817,0.152779,0.19290121,0.28172332,0.8884891,0.020913752,0.530957
930,0.009853029,0.014335695,0.1486146,0.38434023,0.2451751,0.02728487,0.15615575,0.64197534,0.17454024,0.007533229,0.59494346,0.17283484,0.09228373
931,0.038243674,0.0021582881,0.0013649615,0.5139176,0.12336463,0.09621008,1.0062448,0.16204138,0.037313625,0.0061972197,0.2978022,0.20684187,0.3165992
932,0.0025487149,0.0020055661,0.003909152,1.1172122,0.2529814,0.39210126,0.16937235,0.3635801,0.54881155,0.042139526,0.5005151,0.04075121,0.017453363
933,0.0015896406,0.0023246144,0.0021885887,0.183741,0.13495183,0.061112348,0.45216262,0.16799371,0.41924065,0.19975445,0.5434971,0.016567836,0.61387473
934,0.07351069,0.0088389255,0.007213312,0.32273895,0.46348774,0.028961787,0.15184195,0.70392996,0.14178284,0.13531424,0.03543792,0.3324267,0.56958395
935,0.0037056084,0.0061753406,0.0016760348,0.6634591,0.0058134124,0.09203761,0.08886594,0.12224593,0.8776379,0.50445753,0.04790112,0.32740942,0.021210136
936,0.0025551245,0.010900988,0.04610524,0.060238577,0.33290222,0.36217532,0.008070229,0.3475953,0.27506512,0.30217916,0.60529673,0.41244283,0.3273594
937,0.0024023294,0.04352923,0.0069033746,0.15641041,0.35695362,0.37441495,0.56055415,0.95936126,0.017740149,0.030207235,0.02265614,0.023169592,0.050680086
938,0.008673609,0.0047519435,0.024073984,0.15776311,0.2297176,0.2698911,0.47078887,0.38466468,0.3397838,0.30819353,0.34074774,0.41049725,0.023933744
939,0.0017844288,0.028055247,0.0041389307,0.331978,0.3779285,0.27043164,0.6659419,0.23208629,0.15708062,0.078635454,0.521655,0.31417048,0.019979103
940,0.018884989,0.11257269,0.028910268,0.27243558,0.51611936,0.7082245,0.4260658,0.15508384,0.12291908,0.19527982,0.096975096,0.09901017,0.36168453
941,0.0023551641,0.03210878,0.011775944,0.0010854822,0.15247951,0.14897661,0.1305932,0.562985,0.2879859,0.8174472,0.1953749,0.15630703,0.17925048
942,0.001004193,0.234762,0.006657436,0.14413776,0.020915555,0.21574107,0.17403251,0.04691838,0.4240844,0.25305396,0.73860145,0.10213792,0.68442196
943,0.0058405665,0.0021664912,0.0013765633,0.61714864,0.0038828407,0.058015063,0.36995864,0.63340443,0.027736852,0.12717237,0.12007578,0.506428,0.63067204
944,0.012802481,0.02720298,0.0036884365,0.0011857924,0.37783235,0.8414669,0.4688507,0.2357841,0.247549,0.43384585,0.21697816,0.029234668,0.27962095
945,0.01693556,0.10821524,0.22589622,0.26701015,0.2673413,0.31702,0.6325314,0.11559591,0.18248679,0.2922655,0.56657475,0.50013417,0.20726869
946,0.0024675557,0.0011195709,0.014516005,1.1560572,0.105700955,0.022028904,0.0043975394,0.022784548,0.03730031,0.098629035,0.86287487,0.22421913,0.0064923763
947,0.004385391,0.013938509,0.36777073,0.2834274,0.47927237,0.031794894,0.15644465,0.22113517,0.21552525,0.5531109,0.44298407,0.37256217,0.22553438
948,0.0022116227,0.021297207,0.17899765,0.0005726873,0.5849711,0.10862837,0.4200407,0.033829443,0.17683682,0.513877,0.5171616,0.09699485,0.2244158
949,0.0011300554,0.22295512,0.0026520363,0.18555698,0.24156967,0.17445228,0.006032659,0.56064266,0.01278354,0.008848103,0.9107607,0.17600772,0.17487358
950,0.0009418771,0.08927851,0.013955706,0.007433112,0.121298835,0.6865835,0.2421873,0.022272198,0.58037627,0.45452824,0.23044063,0.41677192,0.02969433
951,0.0035918998,0.050786126,0.0037512858,0.99576104,0.4197695,0.014668669,0.21099229,0.11795792,0.56520027,0.017388936,0.019733962,0.113517724,0.34872505
952,0.0014646875,0.0018350906,0.10348756,0.19207332,0.006023495,0.029108534,0.18271898,0.20491982,0.064121924,0.63419914,0.40246233,0.026523264,0.55882937
953,0.008467583,0.14231184,0.0114029655,0.0026521324,0.53371024,0.13131075,0.10010287,0.43186846,0.28155604,0.86256236,0.02271977,0.34550613,0.14947969
954,0.011892322,0.17204742,0.01545096,0.1625131,0.28724304,0.23405278,0.25721395,0.87795967,0.38493365,0.17883343,0.065559134,0.06328613,0.08648614
955,0.001455433,0.06400457,0.003092889,0.0011630417,0.34994966,0.2319874,0.0032453965,0.31164843,0.29888332,0.16963029,0.9009182,0.27168894,0.23858859
956,0.0034093752,0.034607723,0.011719696,0.11550609,0.27906048,0.19982372,0.17549053,0.77913094,0.14661099,0.4575697,0.046714198,0.24435024,0.34953526
957,0.001016896,0.31859097,0.024978869,0.19566438,0.09799252,0.27637887,0.04854086,0.22315092,0.26752377,0.45859408,0.5534155,0.20432144,0.01393784
958,0.008579481,0.022113705,0.008399809,0.27826756,0.114427194,0.048352588,0.74007374,0.59959453,0.35532483,0.3730086,0.09222592,0.15744525,0.37719238
959,0.003152068,0.0017331984,0.15340693,0.69501966,0.0109243,0.036066256,0.16432521,0.18978803,0.016592002,0.28409696,0.20056462,0.5564344,0.11023159
960,0.016701562,0.004345618,0.0034217448,1.1756026,0.010103475,0.30943364,0.40092543,0.31591186,0.4226882,0.33090243,0.4262895,0.3041353,0.03246237
